ts_recv,ts_event,rtype,publisher_id,instrument_id,ts_ref,price,quantity,sequence,ts_in_delta,stat_type,channel_id,update_action,stat_flags,symbol
2026-07-01 00:15:29.876535980+00:00,2026-07-01 00:15:29.876238193+00:00,24,1,42244728,,0.6901,2147483647,35337495,10476,4,4,1,0,M6AU6
2026-07-01 00:15:31.131384671+00:00,2026-07-01 00:15:31.131093333+00:00,24,1,42244728,,0.6902,2147483647,35337559,12840,7,4,1,0,M6AU6
2026-07-01 00:15:59.828817828+00:00,2026-07-01 00:15:59.828415007+00:00,24,1,42054026,,0.6894,2147483647,35344488,11417,7,4,1,0,M6AZ6
2026-07-01 00:16:00.009142397+00:00,2026-07-01 00:16:00.008870275+00:00,24,1,42244728,,0.6901,2147483647,35345220,11969,7,4,1,0,M6AU6
2026-07-01 00:16:38.929615939+00:00,2026-07-01 00:16:38.929280255+00:00,24,1,42244728,,0.69,2147483647,35358164,11846,4,4,1,0,M6AU6
2026-07-01 00:18:08.755477261+00:00,2026-07-01 00:18:08.755317817+00:00,24,1,42054026,,0.6893,2147483647,35375933,11908,7,4,1,0,M6AZ6
2026-07-01 00:18:55.003559773+00:00,2026-07-01 00:18:55.003243901+00:00,24,1,42244728,,0.69,2147483647,35383609,11656,7,4,1,0,M6AU6
2026-07-01 00:22:04.903298977+00:00,2026-07-01 00:22:04.902812525+00:00,24,1,42054026,,0.6892,2147483647,35407901,13366,7,4,1,0,M6AZ6
2026-07-01 00:22:16.282639013+00:00,2026-07-01 00:22:16.282309990+00:00,24,1,42244728,,0.6899,2147483647,35410703,13697,4,4,1,0,M6AU6
2026-07-01 00:22:16.282639013+00:00,2026-07-01 00:22:16.282309990+00:00,24,1,42244728,,0.6899,2147483647,35410703,13697,7,4,1,0,M6AU6
2026-07-01 00:22:16.290258559+00:00,2026-07-01 00:22:16.290001080+00:00,24,1,42244728,,0.6898,2147483647,35410824,11889,4,4,1,0,M6AU6
2026-07-01 00:22:42.163986894+00:00,2026-07-01 00:22:42.163325915+00:00,24,1,42054026,,0.6891,2147483647,35414533,11461,7,4,1,0,M6AZ6
2026-07-01 00:23:17.765233557+00:00,2026-07-01 00:23:17.764883395+00:00,24,1,42244728,,0.6898,2147483647,35421066,14112,7,4,1,0,M6AU6
2026-07-01 00:26:42.438144331+00:00,2026-07-01 00:26:42.437523285+00:00,24,1,42054026,,0.689,2147483647,35454108,11566,7,4,1,0,M6AZ6
2026-07-01 00:26:52.421280755+00:00,2026-07-01 00:26:52.420646485+00:00,24,1,42244728,,0.6897,2147483647,35455348,15609,4,4,1,0,M6AU6
2026-07-01 00:26:52.421280755+00:00,2026-07-01 00:26:52.420646485+00:00,24,1,42244728,,0.6897,2147483647,35455348,15609,7,4,1,0,M6AU6
2026-07-01 00:26:52.497266811+00:00,2026-07-01 00:26:52.496914709+00:00,24,1,42244728,,0.6896,2147483647,35455690,11874,4,4,1,0,M6AU6
2026-07-01 00:41:16.827160054+00:00,2026-07-01 00:41:16.826791915+00:00,24,1,42054026,,0.6889,2147483647,35573911,11769,7,4,1,0,M6AZ6
2026-07-01 00:41:55.385242429+00:00,2026-07-01 00:41:55.385128213+00:00,24,1,42244728,,0.6896,2147483647,35579007,13638,7,4,1,0,M6AU6
2026-07-01 00:42:24.781755470+00:00,2026-07-01 00:42:24.781486943+00:00,24,1,42054026,,0.6888,2147483647,35582928,11897,7,4,1,0,M6AZ6
2026-07-01 00:43:48.316893030+00:00,2026-07-01 00:43:48.316795221+00:00,24,1,42244728,,0.6895,2147483647,35592043,11537,7,4,1,0,M6AU6
2026-07-01 00:44:54.914461964+00:00,2026-07-01 00:44:54.914183275+00:00,24,1,42244728,,0.6894,2147483647,35596929,11651,4,4,1,0,M6AU6
2026-07-01 00:45:08.479323598+00:00,2026-07-01 00:45:08.479169686+00:00,24,1,42054026,,0.6887,2147483647,35600009,11467,7,4,1,0,M6AZ6
2026-07-01 00:45:43.982299028+00:00,2026-07-01 00:45:43.981843827+00:00,24,1,42244728,,0.6894,2147483647,35603500,12784,7,4,1,0,M6AU6
2026-07-01 00:47:15.594824510+00:00,2026-07-01 00:47:15.594527353+00:00,24,1,42054026,,0.6886,2147483647,35616577,12465,7,4,1,0,M6AZ6
2026-07-01 00:47:42.020792122+00:00,2026-07-01 00:47:42.020296201+00:00,24,1,42244728,,0.6893,2147483647,35621662,20447,4,4,1,0,M6AU6
2026-07-01 00:48:25.046838613+00:00,2026-07-01 00:48:25.046692735+00:00,24,1,42244728,,0.6893,2147483647,35626839,11868,7,4,1,0,M6AU6
2026-07-01 00:48:29.398569241+00:00,2026-07-01 00:48:29.398347053+00:00,24,1,42054026,,0.6885,2147483647,35627773,12316,7,4,1,0,M6AZ6
2026-07-01 00:48:30.157281374+00:00,2026-07-01 00:48:30.156965893+00:00,24,1,42244728,,0.6892,2147483647,35627924,11531,4,4,1,0,M6AU6
2026-07-01 00:55:27.189061059+00:00,2026-07-01 00:55:27.188416861+00:00,24,1,42244728,,0.6892,2147483647,35721945,11682,7,4,1,0,M6AU6
2026-07-01 01:02:30.694365505+00:00,2026-07-01 01:02:30.694266545+00:00,24,1,42054026,,0.6884,2147483647,35800184,11581,7,4,1,0,M6AZ6
2026-07-01 01:03:08.054239127+00:00,2026-07-01 01:03:08.053677035+00:00,24,1,42244728,,0.6891,2147483647,35806748,13910,4,4,1,0,M6AU6
2026-07-01 01:03:08.054830611+00:00,2026-07-01 01:03:08.054646267+00:00,24,1,42244728,,0.6891,2147483647,35806767,12255,7,4,1,0,M6AU6
2026-07-01 01:03:23.922162806+00:00,2026-07-01 01:03:23.921864089+00:00,24,1,42244728,,0.689,2147483647,35809524,14566,4,4,1,0,M6AU6
2026-07-01 01:04:02.656399057+00:00,2026-07-01 01:04:02.655962947+00:00,24,1,42054026,,0.6883,2147483647,35814315,12445,7,4,1,0,M6AZ6
2026-07-01 01:06:15.971988041+00:00,2026-07-01 01:06:15.971650163+00:00,24,1,42244728,,0.689,2147483647,35842727,11879,7,4,1,0,M6AU6
2026-07-01 01:06:27.077811814+00:00,2026-07-01 01:06:27.077644011+00:00,24,1,42054026,,0.6882,2147483647,35845569,12124,7,4,1,0,M6AZ6
2026-07-01 01:08:16.330763259+00:00,2026-07-01 01:08:16.330315947+00:00,24,1,42244728,,0.6889,2147483647,35862522,16269,4,4,1,0,M6AU6
2026-07-01 01:08:16.420468513+00:00,2026-07-01 01:08:16.420369439+00:00,24,1,42244728,,0.6889,2147483647,35862828,12607,7,4,1,0,M6AU6
2026-07-01 01:09:34.888529115+00:00,2026-07-01 01:09:34.887341963+00:00,24,1,42054026,,0.6881,2147483647,35875935,12580,7,4,1,0,M6AZ6
2026-07-01 01:09:56.129911414+00:00,2026-07-01 01:09:56.129485749+00:00,24,1,42244728,,0.6888,2147483647,35881456,13309,4,4,1,0,M6AU6
2026-07-01 01:10:02.682181294+00:00,2026-07-01 01:10:02.681659497+00:00,24,1,42244728,,0.6888,2147483647,35882577,12028,7,4,1,0,M6AU6
2026-07-01 01:10:22.493515275+00:00,2026-07-01 01:10:22.493256581+00:00,24,1,42054026,,0.688,2147483647,35887453,12030,7,4,1,0,M6AZ6
2026-07-01 01:12:56.780189660+00:00,2026-07-01 01:12:56.779593281+00:00,24,1,42244728,,0.6887,2147483647,35908943,15625,4,4,1,0,M6AU6
2026-07-01 01:12:56.780189660+00:00,2026-07-01 01:12:56.779598983+00:00,24,1,42244728,,0.6887,2147483647,35908943,15625,7,4,1,0,M6AU6
2026-07-01 01:13:10.925234262+00:00,2026-07-01 01:13:10.924878575+00:00,24,1,42054026,,0.6877,2147483647,35911494,15467,5,4,1,0,M6AZ6
2026-07-01 01:13:10.925234262+00:00,2026-07-01 01:13:10.924878575+00:00,24,1,42054026,,0.6877,2147483647,35911494,15467,4,4,1,0,M6AZ6
2026-07-01 01:13:10.925234262+00:00,2026-07-01 01:13:10.924878575+00:00,24,1,42054026,,0.6877,2147483647,35911494,15467,1,4,1,0,M6AZ6
2026-07-01 01:13:10.925655986+00:00,2026-07-01 01:13:10.925481071+00:00,24,1,42054026,,0.6879,2147483647,35911517,11563,7,4,1,0,M6AZ6
2026-07-01 01:13:26.772626787+00:00,2026-07-01 01:13:26.772338685+00:00,24,1,42244728,,0.6886,2147483647,35918745,11713,4,4,1,0,M6AU6
2026-07-01 01:17:35.830686931+00:00,2026-07-01 01:17:35.830420287+00:00,24,1,42244728,,0.6886,2147483647,35972255,12227,7,4,1,0,M6AU6
2026-07-01 01:17:49.043394439+00:00,2026-07-01 01:17:49.042739373+00:00,24,1,42054026,,0.6878,2147483647,35973917,13271,7,4,1,0,M6AZ6
2026-07-01 01:17:49.389480141+00:00,2026-07-01 01:17:49.388760835+00:00,24,1,42244728,,0.6885,2147483647,35974389,13843,4,4,1,0,M6AU6
2026-07-01 01:17:49.390864569+00:00,2026-07-01 01:17:49.389962029+00:00,24,1,42244728,,0.6885,2147483647,35974440,11716,7,4,1,0,M6AU6
2026-07-01 01:26:01.283771399+00:00,2026-07-01 01:26:01.283673951+00:00,24,1,42054026,2026-06-30 00:00:00+00:00,,116,36064196,12256,9,4,1,0,M6AZ6
2026-07-01 01:26:01.283771399+00:00,2026-07-01 01:26:01.283673951+00:00,24,1,42054026,2026-06-30 00:00:00+00:00,,17,36064196,12256,6,4,1,0,M6AZ6
2026-07-01 01:26:01.283771399+00:00,2026-07-01 01:26:01.283673951+00:00,24,1,42244728,2026-06-30 00:00:00+00:00,,3341,36064196,12256,9,4,1,0,M6AU6
2026-07-01 01:26:01.283771399+00:00,2026-07-01 01:26:01.283673951+00:00,24,1,42244728,2026-06-30 00:00:00+00:00,,5628,36064196,12256,6,4,1,0,M6AU6
2026-07-01 01:41:19.077755999+00:00,2026-07-01 01:41:19.077597393+00:00,24,1,42054026,,0.6877,2147483647,36209244,12274,7,4,1,0,M6AZ6
2026-07-01 01:42:59.539443251+00:00,2026-07-01 01:42:59.539073957+00:00,24,1,42244728,,0.6884,2147483647,36219356,15537,4,4,1,0,M6AU6
2026-07-01 01:42:59.539443251+00:00,2026-07-01 01:42:59.539073957+00:00,24,1,42244728,,0.6884,2147483647,36219356,15537,7,4,1,0,M6AU6
2026-07-01 01:42:59.612683590+00:00,2026-07-01 01:42:59.612365059+00:00,24,1,42244728,,0.6883,2147483647,36219443,11670,4,4,1,0,M6AU6
2026-07-01 01:47:53.200111837+00:00,2026-07-01 01:47:53.199275335+00:00,24,1,42054026,,0.6876,2147483647,36259879,14170,7,4,1,0,M6AZ6
2026-07-01 01:48:01.652671859+00:00,2026-07-01 01:48:01.652370987+00:00,24,1,42244728,,0.6883,2147483647,36261927,13278,7,4,1,0,M6AU6
2026-07-01 01:48:01.719922369+00:00,2026-07-01 01:48:01.719783271+00:00,24,1,42054026,,0.6875,2147483647,36262424,12463,7,4,1,0,M6AZ6
2026-07-01 01:48:13.115288657+00:00,2026-07-01 01:48:13.115014681+00:00,24,1,42244728,,0.6882,2147483647,36267955,12043,4,4,1,0,M6AU6
2026-07-01 01:48:13.582630762+00:00,2026-07-01 01:48:13.582316427+00:00,24,1,42244728,,0.6882,2147483647,36268179,11347,7,4,1,0,M6AU6
2026-07-01 01:48:22.073972575+00:00,2026-07-01 01:48:22.073826781+00:00,24,1,42054026,,0.6874,2147483647,36271386,12521,7,4,1,0,M6AZ6
2026-07-01 01:48:34.124429998+00:00,2026-07-01 01:48:34.124149587+00:00,24,1,42244728,,0.6881,2147483647,36276429,13492,4,4,1,0,M6AU6
2026-07-01 01:49:01.662676267+00:00,2026-07-01 01:49:01.662557939+00:00,24,1,42244728,,0.6881,2147483647,36279930,16561,7,4,1,0,M6AU6
2026-07-01 01:53:02.325107595+00:00,2026-07-01 01:53:02.324786743+00:00,24,1,42054026,,0.6873,2147483647,36318218,13078,7,4,1,0,M6AZ6
2026-07-01 01:54:12.183644687+00:00,2026-07-01 01:54:12.183332733+00:00,24,1,42244728,,0.688,2147483647,36328307,15957,4,4,1,0,M6AU6
2026-07-01 01:54:12.183644687+00:00,2026-07-01 01:54:12.183332733+00:00,24,1,42244728,,0.688,2147483647,36328307,15957,7,4,1,0,M6AU6
2026-07-01 01:54:12.612500782+00:00,2026-07-01 01:54:12.612159191+00:00,24,1,42244728,,0.6879,2147483647,36328542,12337,4,4,1,0,M6AU6
2026-07-01 01:54:19.413404910+00:00,2026-07-01 01:54:19.413189103+00:00,24,1,42054026,,0.6872,2147483647,36328976,12206,7,4,1,0,M6AZ6
2026-07-01 02:04:29.689379434+00:00,2026-07-01 02:04:29.689094297+00:00,24,1,42054026,,0.687,2147483647,36429603,11514,4,4,1,0,M6AZ6
2026-07-01 02:05:00.341917845+00:00,2026-07-01 02:05:00.341804109+00:00,24,1,42244728,,0.6879,2147483647,36433387,11633,7,4,1,0,M6AU6
2026-07-01 02:05:41.001659227+00:00,2026-07-01 02:05:41.001306755+00:00,24,1,42054026,,0.6871,2147483647,36439452,11921,7,4,1,0,M6AZ6
2026-07-01 02:05:43.524295831+00:00,2026-07-01 02:05:43.523612701+00:00,24,1,42244728,,0.6877,2147483647,36440886,13022,4,4,1,0,M6AU6
2026-07-01 02:05:43.540357255+00:00,2026-07-01 02:05:43.540234681+00:00,24,1,42244728,,0.6878,2147483647,36441136,11949,7,4,1,0,M6AU6
2026-07-01 02:06:00.314491075+00:00,2026-07-01 02:06:00.314212343+00:00,24,1,42054026,,0.687,2147483647,36443856,12433,7,4,1,0,M6AZ6
2026-07-01 02:06:13.565530855+00:00,2026-07-01 02:06:13.565268313+00:00,24,1,42244728,,0.6877,2147483647,36446664,13124,7,4,1,0,M6AU6
2026-07-01 02:07:37.248191375+00:00,2026-07-01 02:07:37.246786626+00:00,24,1,42054026,,0.6869,2147483647,36459428,11985,7,4,1,0,M6AZ6
2026-07-01 02:09:00.854733166+00:00,2026-07-01 02:09:00.854457557+00:00,24,1,42244728,,0.6876,2147483647,36470790,11897,4,4,1,0,M6AU6
2026-07-01 02:09:17.143997036+00:00,2026-07-01 02:09:17.143566575+00:00,24,1,42244728,,0.6876,2147483647,36474126,12690,7,4,1,0,M6AU6
2026-07-01 02:09:20.142111743+00:00,2026-07-01 02:09:20.141883817+00:00,24,1,42054026,,0.6868,2147483647,36474567,12997,7,4,1,0,M6AZ6
2026-07-01 02:09:40.507586474+00:00,2026-07-01 02:09:40.507319077+00:00,24,1,42244728,,0.6875,2147483647,36478894,11585,4,4,1,0,M6AU6
2026-07-01 02:10:29.256080519+00:00,2026-07-01 02:10:29.255926889+00:00,24,1,42244728,,0.6875,2147483647,36487533,10512,7,4,1,0,M6AU6
2026-07-01 02:11:28.089403102+00:00,2026-07-01 02:11:28.089210989+00:00,24,1,42054026,,0.6867,2147483647,36497972,12103,7,4,1,0,M6AZ6
2026-07-01 02:12:02.854070089+00:00,2026-07-01 02:12:02.853621083+00:00,24,1,42244728,,0.6873,2147483647,36503537,14260,4,4,1,0,M6AU6
2026-07-01 02:12:09.144377558+00:00,2026-07-01 02:12:09.144196829+00:00,24,1,42244728,,0.6874,2147483647,36504397,12543,7,4,1,0,M6AU6
2026-07-01 11:13:35.058818284+00:00,2026-07-01 11:13:35.058552641+00:00,24,1,42054026,,0.688,2147483647,41797897,11685,5,4,1,0,M6AZ6
2026-07-01 14:03:24.699649890+00:00,2026-07-01 14:03:24.699568759+00:00,24,1,42054026,2026-06-30 00:00:00+00:00,,116,46812654,13439,9,4,1,0,M6AZ6
2026-07-01 14:03:24.699649890+00:00,2026-07-01 14:03:24.699568759+00:00,24,1,42054026,2026-06-30 00:00:00+00:00,,17,46812654,13439,6,4,1,0,M6AZ6
2026-07-01 14:03:31.100461337+00:00,2026-07-01 14:03:31.100359781+00:00,24,1,42244728,2026-06-30 00:00:00+00:00,,3341,46816780,11620,9,4,1,0,M6AU6
2026-07-01 14:03:31.100461337+00:00,2026-07-01 14:03:31.100359781+00:00,24,1,42244728,2026-06-30 00:00:00+00:00,,5628,46816780,11620,6,4,1,0,M6AU6
2026-07-01 19:02:59.948245659+00:00,2026-07-01 19:02:59.948145313+00:00,24,1,42244728,2026-07-01 00:00:00+00:00,0.6887,2147483647,53527615,15991,3,4,1,6,M6AU6
2026-07-01 19:02:59.948255604+00:00,2026-07-01 19:02:59.948145313+00:00,24,1,42244728,2026-07-01 00:00:00+00:00,0.68865,2147483647,53527616,13507,3,4,1,2,M6AU6
2026-07-01 19:02:59.948255604+00:00,2026-07-01 19:02:59.948145313+00:00,24,1,42054026,2026-07-01 00:00:00+00:00,0.6877,2147483647,53527616,13507,3,4,1,6,M6AZ6
2026-07-01 19:02:59.948261748+00:00,2026-07-01 19:02:59.948145313+00:00,24,1,42054026,2026-07-01 00:00:00+00:00,0.68765,2147483647,53527617,13479,3,4,1,2,M6AZ6
2026-07-01 21:38:18.209725482+00:00,2026-07-01 21:38:18.208313649+00:00,24,1,42054026,2026-07-01 00:00:00+00:00,0.6877,2147483647,54434283,15756,3,4,1,6,M6AZ6
2026-07-01 21:39:05.675310667+00:00,2026-07-01 21:39:05.673949333+00:00,24,1,42141216,2026-07-01 00:00:00+00:00,-0.001,2147483647,54434991,15331,3,4,1,2,M6AZ6-M6AU6
2026-07-01 21:40:18.441599614+00:00,2026-07-01 21:40:18.440183233+00:00,24,1,42244728,2026-07-01 00:00:00+00:00,0.6887,2147483647,54436442,14943,3,4,1,6,M6AU6
2026-07-01 22:00:00.015350544+00:00,2026-07-01 22:00:00.000640027+00:00,24,1,42244728,,0.6875,2147483647,54441801,13449,8,4,1,0,M6AU6
2026-07-01 22:00:00.015350544+00:00,2026-07-01 22:00:00.000640027+00:00,24,1,42244728,,0.6908,2147483647,54441801,13449,7,4,1,0,M6AU6
2026-07-01 22:00:00.015957886+00:00,2026-07-01 22:00:00.000748523+00:00,24,1,42244728,,0.6882,2147483647,54441857,11888,8,4,1,0,M6AU6
2026-07-01 22:00:00.015982229+00:00,2026-07-01 22:00:00.000757815+00:00,24,1,42244728,,0.6889,2147483647,54441859,16743,7,4,1,0,M6AU6
2026-07-01 22:00:00.019563497+00:00,2026-07-01 22:00:00.015968507+00:00,24,1,42244728,,0.6883,2147483647,54442236,11790,8,4,1,0,M6AU6
2026-07-01 22:00:00.064436863+00:00,2026-07-01 22:00:00.063961579+00:00,24,1,42141216,,-0.01,2147483647,54442831,12088,8,4,1,0,M6AZ6-M6AU6
2026-07-01 22:00:00.064436863+00:00,2026-07-01 22:00:00.063961579+00:00,24,1,42141216,,-0.0009,2147483647,54442831,12088,7,4,1,0,M6AZ6-M6AU6
2026-07-01 22:00:00.064455140+00:00,2026-07-01 22:00:00.064354588+00:00,24,1,42141216,,-0.0011,2147483647,54442833,12254,8,4,1,0,M6AZ6-M6AU6
2026-07-01 22:00:00.476919318+00:00,2026-07-01 22:00:00.476817257+00:00,24,1,42244728,,0.6888,2147483647,54444424,12032,7,4,1,0,M6AU6
2026-07-01 22:00:00.477141143+00:00,2026-07-01 22:00:00.477028712+00:00,24,1,42054026,,0.686,2147483647,54444435,11627,8,4,1,0,M6AZ6
2026-07-01 22:00:00.477141143+00:00,2026-07-01 22:00:00.477028712+00:00,24,1,42054026,,0.6883,2147483647,54444435,11627,7,4,1,0,M6AZ6
2026-07-01 22:00:00.477306830+00:00,2026-07-01 22:00:00.477147907+00:00,24,1,42054026,,0.6868,2147483647,54444450,12114,8,4,1,0,M6AZ6
2026-07-01 22:00:00.674941998+00:00,2026-07-01 22:00:00.674853843+00:00,24,1,42244728,,0.6884,2147483647,54445097,11867,8,4,1,0,M6AU6
2026-07-01 22:00:01.028476297+00:00,2026-07-01 22:00:01.028372985+00:00,24,1,42244728,,0.6887,2147483647,54446300,12195,7,4,1,0,M6AU6
2026-07-01 22:00:01.975560850+00:00,2026-07-01 22:00:01.975452381+00:00,24,1,42244728,,0.6886,2147483647,54447320,14893,7,4,1,0,M6AU6
2026-07-01 22:00:08.400587564+00:00,2026-07-01 22:00:08.400481241+00:00,24,1,42244728,,0.6885,2147483647,54452383,14596,7,4,1,0,M6AU6
2026-07-01 22:00:08.400900566+00:00,2026-07-01 22:00:08.400602713+00:00,24,1,42244728,,0.6885,2147483647,54452387,12865,5,4,1,0,M6AU6
2026-07-01 22:00:08.400900566+00:00,2026-07-01 22:00:08.400602713+00:00,24,1,42244728,,0.6885,2147483647,54452387,12865,4,4,1,0,M6AU6
2026-07-01 22:00:08.400900566+00:00,2026-07-01 22:00:08.400602713+00:00,24,1,42244728,,0.6885,2147483647,54452387,12865,1,4,1,0,M6AU6
2026-07-01 22:00:32.266101094+00:00,2026-07-01 22:00:32.265919887+00:00,24,1,42054026,,0.688,2147483647,54461951,12177,7,4,1,0,M6AZ6
2026-07-01 22:01:03.332788527+00:00,2026-07-01 22:01:03.332657571+00:00,24,1,42244728,,0.6884,2147483647,54464387,11907,7,4,1,0,M6AU6
2026-07-01 22:01:15.378948079+00:00,2026-07-01 22:01:15.378814429+00:00,24,1,42054026,,0.6869,2147483647,54465274,11613,8,4,1,0,M6AZ6
2026-07-01 22:01:15.379122560+00:00,2026-07-01 22:01:15.378935673+00:00,24,1,42054026,,0.6879,2147483647,54465286,12250,7,4,1,0,M6AZ6
2026-07-01 22:01:20.928961527+00:00,2026-07-01 22:01:20.928581361+00:00,24,1,42244728,,0.6884,2147483647,54465581,15284,4,4,1,0,M6AU6
2026-07-01 22:08:13.206323933+00:00,2026-07-01 22:08:13.206175947+00:00,24,1,42244728,,0.6885,2147483647,54478620,13228,8,4,1,0,M6AU6
2026-07-01 22:10:55.923557479+00:00,2026-07-01 22:10:55.923268619+00:00,24,1,42244728,,0.6886,2147483647,54484826,11562,5,4,1,0,M6AU6
2026-07-01 22:36:48.012526905+00:00,2026-07-01 22:36:48.012111557+00:00,24,1,42244728,,0.6883,2147483647,54520886,10642,4,4,1,0,M6AU6
2026-07-01 23:03:07.724046281+00:00,2026-07-01 23:03:07.723680849+00:00,24,1,42054026,2026-07-01 00:00:00+00:00,0.6877,2147483647,54555176,15596,3,4,1,7,M6AZ6
2026-07-01 23:03:40.748696324+00:00,2026-07-01 23:03:40.748366667+00:00,24,1,42141216,2026-07-01 00:00:00+00:00,-0.001,2147483647,54556681,14960,3,4,1,3,M6AZ6-M6AU6
2026-07-01 23:06:17.762101232+00:00,2026-07-01 23:06:17.761770675+00:00,24,1,42244728,2026-07-01 00:00:00+00:00,0.6887,2147483647,54561458,15846,3,4,1,7,M6AU6
2026-07-01 23:17:04.932700196+00:00,2026-07-01 23:17:04.932332087+00:00,24,1,42244728,,0.6883,2147483647,54598773,16153,7,4,1,0,M6AU6
2026-07-01 23:37:19.725505940+00:00,2026-07-01 23:37:19.725239331+00:00,24,1,42244728,,0.6882,2147483647,54664305,13718,4,4,1,0,M6AU6
2026-07-01 23:46:35.025841878+00:00,2026-07-01 23:46:35.024984185+00:00,24,1,42244728,,0.6882,2147483647,54678553,15503,7,4,1,0,M6AU6
2026-07-01 23:47:17.811361113+00:00,2026-07-01 23:47:17.810972285+00:00,24,1,42244728,,0.6881,2147483647,54680230,12668,4,4,1,0,M6AU6
2026-07-01 23:51:59.560535954+00:00,2026-07-01 23:51:59.560330609+00:00,24,1,42244728,,0.6881,2147483647,54697892,11758,7,4,1,0,M6AU6
2026-07-01 23:52:00.392677033+00:00,2026-07-01 23:52:00.392127667+00:00,24,1,42054026,,0.6876,2147483647,54698068,11615,7,4,1,0,M6AZ6
2026-07-01 23:52:00.393229561+00:00,2026-07-01 23:52:00.392685781+00:00,24,1,42054026,,0.6875,2147483647,54698101,11960,7,4,1,0,M6AZ6
2026-07-02 00:00:33.880274615+00:00,2026-07-02 00:00:33.879975267+00:00,24,1,42244728,,0.688,2147483647,54747572,16048,4,4,1,0,M6AU6
2026-07-02 00:00:34.591383225+00:00,2026-07-02 00:00:34.591269989+00:00,24,1,42244728,,0.688,2147483647,54747996,11467,7,4,1,0,M6AU6
2026-07-02 00:00:57.015991604+00:00,2026-07-02 00:00:57.015675747+00:00,24,1,42244728,,0.6878,2147483647,54755295,12818,4,4,1,0,M6AU6
2026-07-02 00:00:57.079180607+00:00,2026-07-02 00:00:57.079078765+00:00,24,1,42244728,,0.6879,2147483647,54755357,15137,7,4,1,0,M6AU6
2026-07-02 00:01:44.141423331+00:00,2026-07-02 00:01:44.140587479+00:00,24,1,42244728,,0.6878,2147483647,54770141,14875,7,4,1,0,M6AU6
2026-07-02 00:02:03.092065878+00:00,2026-07-02 00:02:03.091652587+00:00,24,1,42054026,,0.6873,2147483647,54775749,11843,7,4,1,0,M6AZ6
2026-07-02 00:02:03.092357587+00:00,2026-07-02 00:02:03.092236528+00:00,24,1,42054026,,0.6872,2147483647,54775766,12301,7,4,1,0,M6AZ6
2026-07-02 00:02:17.300348371+00:00,2026-07-02 00:02:17.300087345+00:00,24,1,42244728,,0.6877,2147483647,54778865,11723,4,4,1,0,M6AU6
2026-07-02 00:02:18.551152393+00:00,2026-07-02 00:02:18.551043293+00:00,24,1,42244728,,0.6877,2147483647,54779027,16762,7,4,1,0,M6AU6
2026-07-02 00:02:29.525365646+00:00,2026-07-02 00:02:29.525030809+00:00,24,1,42244728,,0.6875,2147483647,54782686,15672,4,4,1,0,M6AU6
2026-07-02 00:02:29.525365646+00:00,2026-07-02 00:02:29.525030809+00:00,24,1,42244728,,0.6876,2147483647,54782686,15672,7,4,1,0,M6AU6
2026-07-02 00:13:15.955653022+00:00,2026-07-02 00:13:15.955544901+00:00,24,1,42054026,,0.6871,2147483647,54918581,11754,7,4,1,0,M6AZ6
2026-07-02 00:50:49.653560219+00:00,2026-07-02 00:50:49.653362956+00:00,24,1,42054026,,0.687,2147483647,55217868,12063,7,4,1,0,M6AZ6
2026-07-02 01:01:01.019820356+00:00,2026-07-02 01:01:01.019350811+00:00,24,1,42054026,,0.687,2147483647,55369325,11847,8,4,1,0,M6AZ6
2026-07-02 01:02:39.423623529+00:00,2026-07-02 01:02:39.423121829+00:00,24,1,42054026,,0.6871,2147483647,55398166,13247,8,4,1,0,M6AZ6
2026-07-02 01:06:56.659356037+00:00,2026-07-02 01:06:56.658734215+00:00,24,1,42054026,,0.6872,2147483647,55438308,11784,8,4,1,0,M6AZ6
2026-07-02 01:09:00.570105693+00:00,2026-07-02 01:09:00.569893087+00:00,24,1,42054026,,0.6873,2147483647,55456881,11456,8,4,1,0,M6AZ6
2026-07-02 01:09:16.127886478+00:00,2026-07-02 01:09:16.127731323+00:00,24,1,42244728,,0.6886,2147483647,55458936,11234,8,4,1,0,M6AU6
2026-07-02 01:10:15.010443150+00:00,2026-07-02 01:10:15.009960103+00:00,24,1,42054026,,0.6874,2147483647,55469730,15710,8,4,1,0,M6AZ6
2026-07-02 01:10:41.257915038+00:00,2026-07-02 01:10:41.257225609+00:00,24,1,42244728,,0.6888,2147483647,55472497,11725,5,4,1,0,M6AU6
2026-07-02 01:10:42.124280996+00:00,2026-07-02 01:10:42.124076973+00:00,24,1,42244728,,0.6887,2147483647,55472694,11565,8,4,1,0,M6AU6
2026-07-02 01:21:13.559768062+00:00,2026-07-02 01:21:13.559480733+00:00,24,1,42054026,,0.6878,2147483647,55578069,11627,5,4,1,0,M6AZ6
2026-07-02 01:21:13.559768062+00:00,2026-07-02 01:21:13.559480733+00:00,24,1,42054026,,0.6878,2147483647,55578069,11627,4,4,1,0,M6AZ6
2026-07-02 01:21:13.559768062+00:00,2026-07-02 01:21:13.559480733+00:00,24,1,42054026,,0.6878,2147483647,55578069,11627,1,4,1,0,M6AZ6
2026-07-02 01:25:10.215351798+00:00,2026-07-02 01:25:10.215255311+00:00,24,1,42244728,2026-07-01 00:00:00+00:00,,3454,55611784,14040,9,4,1,0,M6AU6
2026-07-02 01:25:10.215351798+00:00,2026-07-02 01:25:10.215255311+00:00,24,1,42244728,2026-07-01 00:00:00+00:00,,4323,55611784,14040,6,4,1,0,M6AU6
2026-07-02 01:25:10.215351798+00:00,2026-07-02 01:25:10.215255311+00:00,24,1,42054026,2026-07-01 00:00:00+00:00,,113,55611784,14040,9,4,1,0,M6AZ6
2026-07-02 01:25:10.215351798+00:00,2026-07-02 01:25:10.215255311+00:00,24,1,42054026,2026-07-01 00:00:00+00:00,,9,55611784,14040,6,4,1,0,M6AZ6
2026-07-02 01:47:03.637801024+00:00,2026-07-02 01:47:03.637147053+00:00,24,1,42054026,,0.6875,2147483647,55818941,11872,8,4,1,0,M6AZ6
2026-07-02 01:48:37.268875171+00:00,2026-07-02 01:48:37.268725697+00:00,24,1,42244728,,0.6888,2147483647,55838471,11583,8,4,1,0,M6AU6
2026-07-02 02:12:44.646976313+00:00,2026-07-02 02:12:44.646688019+00:00,24,1,42054026,,0.6876,2147483647,56059298,11705,8,4,1,0,M6AZ6
2026-07-02 02:12:48.577554897+00:00,2026-07-02 02:12:48.577091909+00:00,24,1,42244728,,0.6889,2147483647,56060131,16527,5,4,1,0,M6AU6
2026-07-02 02:12:48.591488111+00:00,2026-07-02 02:12:48.591244663+00:00,24,1,42244728,,0.6889,2147483647,56060208,12150,8,4,1,0,M6AU6
2026-07-02 02:14:07.663856537+00:00,2026-07-02 02:14:07.663635943+00:00,24,1,42054026,,0.6877,2147483647,56069761,11524,8,4,1,0,M6AZ6
2026-07-02 02:14:17.543813281+00:00,2026-07-02 02:14:17.543439071+00:00,24,1,42244728,,0.689,2147483647,56071554,15639,5,4,1,0,M6AU6
2026-07-02 02:14:17.543813281+00:00,2026-07-02 02:14:17.543439071+00:00,24,1,42244728,,0.689,2147483647,56071554,15639,8,4,1,0,M6AU6
2026-07-02 02:14:57.601473358+00:00,2026-07-02 02:14:57.600768349+00:00,24,1,42054026,,0.6878,2147483647,56079043,12330,8,4,1,0,M6AZ6
2026-07-02 02:15:41.022338910+00:00,2026-07-02 02:15:41.021322144+00:00,24,1,42244728,,0.6891,2147483647,56086930,13243,5,4,1,0,M6AU6
2026-07-02 02:15:41.022464299+00:00,2026-07-02 02:15:41.021322144+00:00,24,1,42244728,,0.6891,2147483647,56086932,15150,8,4,1,0,M6AU6
2026-07-02 02:15:54.912805708+00:00,2026-07-02 02:15:54.912541693+00:00,24,1,42054026,,0.6879,2147483647,56089470,11325,8,4,1,0,M6AZ6
2026-07-02 02:16:20.935816806+00:00,2026-07-02 02:16:20.935178327+00:00,24,1,42244728,,0.6893,2147483647,56093377,16170,5,4,1,0,M6AU6
2026-07-02 02:16:20.935816806+00:00,2026-07-02 02:16:20.935178327+00:00,24,1,42244728,,0.6892,2147483647,56093377,16170,8,4,1,0,M6AU6
2026-07-02 02:16:40.036574166+00:00,2026-07-02 02:16:40.036474159+00:00,24,1,42054026,,0.688,2147483647,56097666,11567,8,4,1,0,M6AZ6
2026-07-02 03:18:53.009594951+00:00,2026-07-02 03:18:53.009225544+00:00,24,1,42054026,,0.6869,2147483647,56544295,12613,7,4,1,0,M6AZ6
2026-07-02 06:50:06.784608033+00:00,2026-07-02 06:50:06.783673915+00:00,24,1,42244728,,0.6893,2147483647,58727416,11896,8,4,1,0,M6AU6
2026-07-02 08:19:27.108663873+00:00,2026-07-02 08:19:27.108408187+00:00,24,1,42054026,,0.6881,2147483647,61344766,14732,8,4,1,0,M6AZ6
2026-07-02 08:19:33.211735131+00:00,2026-07-02 08:19:33.211498401+00:00,24,1,42244728,,0.6894,2147483647,61348374,11630,5,4,1,0,M6AU6
2026-07-02 08:19:37.828813939+00:00,2026-07-02 08:19:37.828705731+00:00,24,1,42244728,,0.6894,2147483647,61349911,14889,8,4,1,0,M6AU6
2026-07-02 08:19:47.076910981+00:00,2026-07-02 08:19:47.076605915+00:00,24,1,42054026,,0.6882,2147483647,61353199,12353,8,4,1,0,M6AZ6
2026-07-02 08:20:01.315398942+00:00,2026-07-02 08:20:01.314333935+00:00,24,1,42244728,,0.6895,2147483647,61360997,18055,5,4,1,0,M6AU6
2026-07-02 08:20:01.316313582+00:00,2026-07-02 08:20:01.316065019+00:00,24,1,42244728,,0.6895,2147483647,61361044,13374,8,4,1,0,M6AU6
2026-07-02 08:20:01.519030166+00:00,2026-07-02 08:20:01.518632795+00:00,24,1,42244728,,0.6896,2147483647,61361275,13711,5,4,1,0,M6AU6
2026-07-02 08:20:06.858385929+00:00,2026-07-02 08:20:06.857416443+00:00,24,1,42054026,,0.6883,2147483647,61366115,16139,8,4,1,0,M6AZ6
2026-07-02 08:20:10.714788956+00:00,2026-07-02 08:20:10.714244873+00:00,24,1,42244728,,0.6896,2147483647,61369516,13692,8,4,1,0,M6AU6
2026-07-02 08:21:18.355232180+00:00,2026-07-02 08:21:18.354896001+00:00,24,1,42054026,,0.6884,2147483647,61397163,11680,8,4,1,0,M6AZ6
2026-07-02 08:21:46.825422805+00:00,2026-07-02 08:21:46.825089047+00:00,24,1,42244728,,0.6897,2147483647,61408875,12044,8,4,1,0,M6AU6
2026-07-02 08:21:54.341474801+00:00,2026-07-02 08:21:54.341192343+00:00,24,1,42244728,,0.6897,2147483647,61412831,15581,5,4,1,0,M6AU6
2026-07-02 08:21:59.975324067+00:00,2026-07-02 08:21:59.974498207+00:00,24,1,42054026,,0.6885,2147483647,61415522,12345,8,4,1,0,M6AZ6
2026-07-02 08:22:00.089620758+00:00,2026-07-02 08:22:00.089228623+00:00,24,1,42244728,,0.6898,2147483647,61416614,15475,5,4,1,0,M6AU6
2026-07-02 08:22:00.089915577+00:00,2026-07-02 08:22:00.089546351+00:00,24,1,42244728,,0.6898,2147483647,61416633,14875,8,4,1,0,M6AU6
2026-07-02 08:22:00.379777387+00:00,2026-07-02 08:22:00.379436241+00:00,24,1,42244728,,0.6899,2147483647,61417024,12951,5,4,1,0,M6AU6
2026-07-02 08:36:37.947446871+00:00,2026-07-02 08:36:37.947280713+00:00,24,1,42054026,,0.6886,2147483647,61869582,11793,8,4,1,0,M6AZ6
2026-07-02 08:36:49.201359439+00:00,2026-07-02 08:36:49.201236783+00:00,24,1,42244728,,0.6899,2147483647,61877629,11857,8,4,1,0,M6AU6
2026-07-02 08:42:33.023255923+00:00,2026-07-02 08:42:33.022938611+00:00,24,1,42054026,,0.6887,2147483647,62057553,12322,8,4,1,0,M6AZ6
2026-07-02 08:42:50.032731654+00:00,2026-07-02 08:42:50.032467677+00:00,24,1,42244728,,0.69,2147483647,62063622,11428,5,4,1,0,M6AU6
2026-07-02 08:43:01.016064251+00:00,2026-07-02 08:43:01.015951655+00:00,24,1,42244728,,0.69,2147483647,62068995,12776,8,4,1,0,M6AU6
2026-07-02 08:49:12.601011563+00:00,2026-07-02 08:49:12.599359235+00:00,24,1,42054026,,0.6888,2147483647,62283586,11652,8,4,1,0,M6AZ6
2026-07-02 08:49:13.827195663+00:00,2026-07-02 08:49:13.826284817+00:00,24,1,42244728,,0.6901,2147483647,62284807,22676,5,4,1,0,M6AU6
2026-07-02 08:49:13.828540438+00:00,2026-07-02 08:49:13.828275074+00:00,24,1,42244728,,0.6901,2147483647,62284875,12921,8,4,1,0,M6AU6
2026-07-02 08:50:15.409292329+00:00,2026-07-02 08:50:15.409197900+00:00,24,1,42054026,,0.6889,2147483647,62318520,11486,8,4,1,0,M6AZ6
2026-07-02 08:50:24.075501745+00:00,2026-07-02 08:50:24.075073097+00:00,24,1,42244728,,0.6902,2147483647,62323632,15313,5,4,1,0,M6AU6
2026-07-02 10:26:26.872224158+00:00,2026-07-02 10:26:26.871931585+00:00,24,1,42054026,,0.6884,2147483647,64120648,11459,5,4,1,0,M6AZ6
2026-07-02 12:30:06.567764246+00:00,2026-07-02 12:30:06.567432425+00:00,24,1,42244728,,0.6903,2147483647,66122619,13441,5,4,1,0,M6AU6
2026-07-02 12:30:07.147141675+00:00,2026-07-02 12:30:07.146826037+00:00,24,1,42244728,,0.6904,2147483647,66126024,11488,5,4,1,0,M6AU6
2026-07-02 12:30:07.166673953+00:00,2026-07-02 12:30:07.166386727+00:00,24,1,42054026,,0.6894,2147483647,66126355,15598,5,4,1,0,M6AZ6
2026-07-02 12:30:07.294516177+00:00,2026-07-02 12:30:07.292298235+00:00,24,1,42244728,,0.6905,2147483647,66127453,11846,5,4,1,0,M6AU6
2026-07-02 12:30:07.562165075+00:00,2026-07-02 12:30:07.562056241+00:00,24,1,42054026,,0.689,2147483647,66130395,11686,8,4,1,0,M6AZ6
2026-07-02 12:30:07.661697788+00:00,2026-07-02 12:30:07.661337619+00:00,24,1,42244728,,0.6906,2147483647,66131109,15475,5,4,1,0,M6AU6
2026-07-02 12:30:07.908343883+00:00,2026-07-02 12:30:07.908242985+00:00,24,1,42054026,,0.6891,2147483647,66132209,11851,8,4,1,0,M6AZ6
2026-07-02 12:30:07.910965007+00:00,2026-07-02 12:30:07.910850209+00:00,24,1,42244728,,0.6902,2147483647,66132236,15734,8,4,1,0,M6AU6
2026-07-02 12:30:08.688137763+00:00,2026-07-02 12:30:08.687391231+00:00,24,1,42244728,,0.6907,2147483647,66136265,13065,5,4,1,0,M6AU6
2026-07-02 12:30:10.009276939+00:00,2026-07-02 12:30:10.008124045+00:00,24,1,42244728,,0.6903,2147483647,66143361,13501,8,4,1,0,M6AU6
2026-07-02 12:30:10.009276939+00:00,2026-07-02 12:30:10.008124045+00:00,24,1,42054026,,0.6893,2147483647,66143361,13501,8,4,1,0,M6AZ6
2026-07-02 12:30:10.010259524+00:00,2026-07-02 12:30:10.009821705+00:00,24,1,42244728,,0.6904,2147483647,66143423,11346,8,4,1,0,M6AU6
2026-07-02 12:30:10.019226743+00:00,2026-07-02 12:30:10.018645345+00:00,24,1,42244728,,0.6909,2147483647,66143751,14613,5,4,1,0,M6AU6
2026-07-02 12:30:10.025826860+00:00,2026-07-02 12:30:10.025732015+00:00,24,1,42244728,,0.6905,2147483647,66143951,11543,8,4,1,0,M6AU6
2026-07-02 12:30:10.067309546+00:00,2026-07-02 12:30:10.067206515+00:00,24,1,42244728,,0.6906,2147483647,66144529,15316,8,4,1,0,M6AU6
2026-07-02 12:30:10.177835254+00:00,2026-07-02 12:30:10.177608381+00:00,24,1,42244728,,0.691,2147483647,66145406,11616,5,4,1,0,M6AU6
2026-07-02 12:30:10.341966303+00:00,2026-07-02 12:30:10.341860091+00:00,24,1,42244728,,0.6907,2147483647,66146477,16822,8,4,1,0,M6AU6
2026-07-02 12:30:12.690318876+00:00,2026-07-02 12:30:12.689574945+00:00,24,1,42244728,,0.6908,2147483647,66155939,13359,8,4,1,0,M6AU6
2026-07-02 12:30:13.882038689+00:00,2026-07-02 12:30:13.881908315+00:00,24,1,42141216,,-0.001,2147483647,66160966,14801,7,4,1,0,M6AZ6-M6AU6
2026-07-02 12:30:31.999662358+00:00,2026-07-02 12:30:31.999216973+00:00,24,1,42244728,,0.6909,2147483647,66238906,11680,8,4,1,0,M6AU6
2026-07-02 12:30:32.065715174+00:00,2026-07-02 12:30:32.065607021+00:00,24,1,42244728,,0.691,2147483647,66239483,11613,8,4,1,0,M6AU6
2026-07-02 12:30:32.291289657+00:00,2026-07-02 12:30:32.290814365+00:00,24,1,42244728,,0.6911,2147483647,66240624,14929,5,4,1,0,M6AU6
2026-07-02 12:30:32.301786039+00:00,2026-07-02 12:30:32.301667371+00:00,24,1,42244728,,0.6911,2147483647,66240813,11535,8,4,1,0,M6AU6
2026-07-02 12:30:32.436359451+00:00,2026-07-02 12:30:32.435927759+00:00,24,1,42244728,,0.6912,2147483647,66241687,13399,5,4,1,0,M6AU6
2026-07-02 12:30:32.436359451+00:00,2026-07-02 12:30:32.435929753+00:00,24,1,42244728,,0.6912,2147483647,66241687,13399,8,4,1,0,M6AU6
2026-07-02 12:30:34.377555105+00:00,2026-07-02 12:30:34.376561425+00:00,24,1,42054026,,0.6894,2147483647,66247332,12824,8,4,1,0,M6AZ6
2026-07-02 12:30:35.252785787+00:00,2026-07-02 12:30:35.252318325+00:00,24,1,42244728,,0.6913,2147483647,66251027,13760,8,4,1,0,M6AU6
2026-07-02 12:30:37.932843156+00:00,2026-07-02 12:30:37.932577411+00:00,24,1,42244728,,0.6913,2147483647,66258044,11432,5,4,1,0,M6AU6
2026-07-02 12:30:38.578396806+00:00,2026-07-02 12:30:38.578078965+00:00,24,1,42244728,,0.6914,2147483647,66261419,15490,8,4,1,0,M6AU6
2026-07-02 12:30:42.628658569+00:00,2026-07-02 12:30:42.628190731+00:00,24,1,42244728,,0.6916,2147483647,66274233,17286,5,4,1,0,M6AU6
2026-07-02 12:30:42.631779577+00:00,2026-07-02 12:30:42.631612305+00:00,24,1,42244728,,0.6915,2147483647,66274314,11433,8,4,1,0,M6AU6
2026-07-02 12:30:42.638471369+00:00,2026-07-02 12:30:42.638139612+00:00,24,1,42054026,,0.6896,2147483647,66274393,13165,8,4,1,0,M6AZ6
2026-07-02 12:30:42.638702141+00:00,2026-07-02 12:30:42.638480241+00:00,24,1,42054026,,0.6897,2147483647,66274405,12018,8,4,1,0,M6AZ6
2026-07-02 12:30:43.127653835+00:00,2026-07-02 12:30:43.127558153+00:00,24,1,42244728,,0.6916,2147483647,66277074,11776,8,4,1,0,M6AU6
2026-07-02 12:32:37.632037612+00:00,2026-07-02 12:32:37.631592626+00:00,24,1,42054026,,0.6898,2147483647,66506792,13801,8,4,1,0,M6AZ6
2026-07-02 12:32:37.632654323+00:00,2026-07-02 12:32:37.632481177+00:00,24,1,42054026,,0.6899,2147483647,66506820,13144,8,4,1,0,M6AZ6
2026-07-02 12:33:50.562398783+00:00,2026-07-02 12:33:50.562152201+00:00,24,1,42054026,,0.69,2147483647,66677917,11571,8,4,1,0,M6AZ6
2026-07-02 12:33:50.562547231+00:00,2026-07-02 12:33:50.562408093+00:00,24,1,42054026,,0.6901,2147483647,66677926,10933,8,4,1,0,M6AZ6
2026-07-02 12:33:53.810076804+00:00,2026-07-02 12:33:53.809501785+00:00,24,1,42244728,,0.6917,2147483647,66686485,15137,5,4,1,0,M6AU6
2026-07-02 12:33:53.810076804+00:00,2026-07-02 12:33:53.809504089+00:00,24,1,42244728,,0.6917,2147483647,66686485,15137,8,4,1,0,M6AU6
2026-07-02 12:33:54.535648156+00:00,2026-07-02 12:33:54.535108362+00:00,24,1,42244728,,0.6919,2147483647,66688800,15228,5,4,1,0,M6AU6
2026-07-02 12:33:54.535648156+00:00,2026-07-02 12:33:54.535108362+00:00,24,1,42244728,,0.6918,2147483647,66688800,15228,8,4,1,0,M6AU6
2026-07-02 12:34:30.343702768+00:00,2026-07-02 12:34:30.343588929+00:00,24,1,42054026,,0.6902,2147483647,66763596,13525,8,4,1,0,M6AZ6
2026-07-02 12:34:40.036410399+00:00,2026-07-02 12:34:40.036299979+00:00,24,1,42244728,,0.6919,2147483647,66790924,11357,8,4,1,0,M6AU6
2026-07-02 12:34:42.225434628+00:00,2026-07-02 12:34:42.224626175+00:00,24,1,42054026,,0.6904,2147483647,66800858,10850,8,4,1,0,M6AZ6
2026-07-02 12:34:42.226225340+00:00,2026-07-02 12:34:42.225615085+00:00,24,1,42054026,,0.6905,2147483647,66800905,11749,8,4,1,0,M6AZ6
2026-07-02 12:34:42.346221780+00:00,2026-07-02 12:34:42.345869969+00:00,24,1,42244728,,0.692,2147483647,66801982,14426,5,4,1,0,M6AU6
2026-07-02 12:34:42.350913038+00:00,2026-07-02 12:34:42.350817973+00:00,24,1,42244728,,0.692,2147483647,66802019,11525,8,4,1,0,M6AU6
2026-07-02 12:35:01.100140315+00:00,2026-07-02 12:35:01.099841807+00:00,24,1,42244728,,0.6921,2147483647,66856943,12357,5,4,1,0,M6AU6
2026-07-02 12:35:02.921112787+00:00,2026-07-02 12:35:02.921007810+00:00,24,1,42244728,,0.6921,2147483647,66862662,12457,8,4,1,0,M6AU6
2026-07-02 12:35:12.357530795+00:00,2026-07-02 12:35:12.357123135+00:00,24,1,42244728,,0.6922,2147483647,66885222,15395,5,4,1,0,M6AU6
2026-07-02 12:35:12.436770523+00:00,2026-07-02 12:35:12.436423252+00:00,24,1,42244728,,0.6922,2147483647,66886360,12960,8,4,1,0,M6AU6
2026-07-02 12:35:13.275412831+00:00,2026-07-02 12:35:13.273089210+00:00,24,1,42244728,,0.6924,2147483647,66889515,13106,5,4,1,0,M6AU6
2026-07-02 12:35:13.275626126+00:00,2026-07-02 12:35:13.273089210+00:00,24,1,42054026,,0.6907,2147483647,66889527,13091,8,4,1,0,M6AZ6
2026-07-02 12:35:13.277314607+00:00,2026-07-02 12:35:13.276991182+00:00,24,1,42054026,,0.6908,2147483647,66889607,13109,8,4,1,0,M6AZ6
2026-07-02 12:35:13.278373605+00:00,2026-07-02 12:35:13.277813534+00:00,24,1,42244728,,0.6923,2147483647,66889649,14900,8,4,1,0,M6AU6
2026-07-02 12:36:10.050256918+00:00,2026-07-02 12:36:10.050062469+00:00,24,1,42244728,,0.6924,2147483647,67022578,11737,8,4,1,0,M6AU6
2026-07-02 12:36:19.036963199+00:00,2026-07-02 12:36:19.035257202+00:00,24,1,42244728,,0.6925,2147483647,67041134,18696,5,4,1,0,M6AU6
2026-07-02 12:36:19.039315769+00:00,2026-07-02 12:36:19.037474864+00:00,24,1,42244728,,0.6925,2147483647,67041205,12796,8,4,1,0,M6AU6
2026-07-02 12:37:49.012033427+00:00,2026-07-02 12:37:49.011915877+00:00,24,1,42244728,,0.6926,2147483647,67227859,11553,8,4,1,0,M6AU6
2026-07-02 12:37:50.448578951+00:00,2026-07-02 12:37:50.448222687+00:00,24,1,42244728,,0.6927,2147483647,67231103,11689,5,4,1,0,M6AU6
2026-07-02 12:37:50.510884276+00:00,2026-07-02 12:37:50.510412175+00:00,24,1,42244728,,0.6927,2147483647,67231775,12155,8,4,1,0,M6AU6
2026-07-02 12:37:50.510999836+00:00,2026-07-02 12:37:50.510538043+00:00,24,1,42054026,,0.6911,2147483647,67231783,13530,8,4,1,0,M6AZ6
2026-07-02 12:37:50.511214806+00:00,2026-07-02 12:37:50.511019502+00:00,24,1,42054026,,0.6912,2147483647,67231801,11601,8,4,1,0,M6AZ6
2026-07-02 12:37:54.337856289+00:00,2026-07-02 12:37:54.337073062+00:00,24,1,42244728,,0.6928,2147483647,67241593,18158,5,4,1,0,M6AU6
2026-07-02 12:37:54.337856289+00:00,2026-07-02 12:37:54.337073062+00:00,24,1,42244728,,0.6928,2147483647,67241593,18158,8,4,1,0,M6AU6
2026-07-02 12:37:54.642827241+00:00,2026-07-02 12:37:54.640755267+00:00,24,1,42054026,,0.6918,2147483647,67242735,14039,5,4,1,0,M6AZ6
2026-07-02 12:37:56.754969501+00:00,2026-07-02 12:37:56.754653651+00:00,24,1,42244728,,0.6929,2147483647,67248307,15788,5,4,1,0,M6AU6
2026-07-02 12:39:13.070276485+00:00,2026-07-02 12:39:13.069009025+00:00,24,1,42244728,,0.6929,2147483647,67391492,11789,8,4,1,0,M6AU6
2026-07-02 12:39:58.744996537+00:00,2026-07-02 12:39:58.744628580+00:00,24,1,42054026,,0.6914,2147483647,67466875,12751,8,4,1,0,M6AZ6
2026-07-02 12:39:58.745351756+00:00,2026-07-02 12:39:58.745248895+00:00,24,1,42054026,,0.6915,2147483647,67466899,11509,8,4,1,0,M6AZ6
2026-07-02 12:39:59.021650084+00:00,2026-07-02 12:39:59.021113335+00:00,24,1,42244728,,0.693,2147483647,67467565,15390,5,4,1,0,M6AU6
2026-07-02 12:39:59.022907036+00:00,2026-07-02 12:39:59.022688941+00:00,24,1,42244728,,0.693,2147483647,67467626,12825,8,4,1,0,M6AU6
2026-07-02 12:39:59.481515443+00:00,2026-07-02 12:39:59.481237579+00:00,24,1,42244728,,0.6931,2147483647,67469832,11646,5,4,1,0,M6AU6
2026-07-02 12:40:04.751045076+00:00,2026-07-02 12:40:04.750807260+00:00,24,1,42244728,,0.6931,2147483647,67481901,15851,8,4,1,0,M6AU6
2026-07-02 12:40:54.116927857+00:00,2026-07-02 12:40:54.116673441+00:00,24,1,42244728,,0.6932,2147483647,67571763,13459,5,4,1,0,M6AU6
2026-07-02 12:40:54.117157707+00:00,2026-07-02 12:40:54.116930421+00:00,24,1,42054026,,0.6916,2147483647,67571767,14590,8,4,1,0,M6AZ6
2026-07-02 12:40:54.117344878+00:00,2026-07-02 12:40:54.117169353+00:00,24,1,42054026,,0.6917,2147483647,67571777,11935,8,4,1,0,M6AZ6
2026-07-02 12:40:54.132891538+00:00,2026-07-02 12:40:54.132770517+00:00,24,1,42244728,,0.6932,2147483647,67571901,11317,8,4,1,0,M6AU6
2026-07-02 13:43:40.347301004+00:00,2026-07-02 13:43:40.346640877+00:00,24,1,42054026,,0.692,2147483647,71505036,13002,5,4,1,0,M6AZ6
2026-07-02 13:47:40.153869572+00:00,2026-07-02 13:47:40.153508173+00:00,24,1,42244728,,0.6934,2147483647,71704435,13279,5,4,1,0,M6AU6
2026-07-02 13:47:40.261176377+00:00,2026-07-02 13:47:40.261055157+00:00,24,1,42244728,,0.6933,2147483647,71704669,11384,8,4,1,0,M6AU6
2026-07-02 13:47:41.989593073+00:00,2026-07-02 13:47:41.989157419+00:00,24,1,42054026,,0.692,2147483647,71706560,11967,8,4,1,0,M6AZ6
2026-07-02 13:48:29.702194998+00:00,2026-07-02 13:48:29.701894449+00:00,24,1,42054026,,0.6921,2147483647,71751217,11973,8,4,1,0,M6AZ6
2026-07-02 13:52:59.158394660+00:00,2026-07-02 13:52:59.158122305+00:00,24,1,42054026,,0.6924,2147483647,71972433,11368,5,4,1,0,M6AZ6
2026-07-02 14:16:47.394456907+00:00,2026-07-02 14:16:47.394368003+00:00,24,1,42054026,2026-07-01 00:00:00+00:00,,113,72991997,14695,9,4,1,0,M6AZ6
2026-07-02 14:16:47.394456907+00:00,2026-07-02 14:16:47.394368003+00:00,24,1,42054026,2026-07-01 00:00:00+00:00,,9,72991997,14695,6,4,1,0,M6AZ6
2026-07-02 14:16:51.744792767+00:00,2026-07-02 14:16:51.744675357+00:00,24,1,42244728,2026-07-01 00:00:00+00:00,,3454,72996884,11341,9,4,1,0,M6AU6
2026-07-02 14:16:51.744792767+00:00,2026-07-02 14:16:51.744675357+00:00,24,1,42244728,2026-07-01 00:00:00+00:00,,4323,72996884,11341,6,4,1,0,M6AU6
2026-07-02 19:04:07.741304467+00:00,2026-07-02 19:04:07.741193979+00:00,24,1,42244728,2026-07-02 00:00:00+00:00,0.6911,2147483647,80614422,16005,3,4,1,6,M6AU6
2026-07-02 19:04:07.741314180+00:00,2026-07-02 19:04:07.741193979+00:00,24,1,42244728,2026-07-02 00:00:00+00:00,0.69105,2147483647,80614423,11854,3,4,1,2,M6AU6
2026-07-02 19:04:07.741314180+00:00,2026-07-02 19:04:07.741193979+00:00,24,1,42054026,2026-07-02 00:00:00+00:00,0.69,2147483647,80614423,11854,3,4,1,6,M6AZ6
2026-07-02 19:04:07.741314180+00:00,2026-07-02 19:04:07.741193979+00:00,24,1,42054026,2026-07-02 00:00:00+00:00,0.69,2147483647,80614423,11854,3,4,1,2,M6AZ6
2026-07-02 21:38:19.485482990+00:00,2026-07-02 21:38:19.483895395+00:00,24,1,42054026,2026-07-02 00:00:00+00:00,0.69,2147483647,81597833,14728,3,4,1,6,M6AZ6
2026-07-02 21:39:06.097108755+00:00,2026-07-02 21:39:06.095573065+00:00,24,1,42141216,2026-07-02 00:00:00+00:00,-0.0011,2147483647,81598530,16137,3,4,1,2,M6AZ6-M6AU6
2026-07-02 21:40:19.004326827+00:00,2026-07-02 21:40:19.002778079+00:00,24,1,42244728,2026-07-02 00:00:00+00:00,0.6911,2147483647,81599975,15212,3,4,1,6,M6AU6
2026-07-02 22:00:00.015379702+00:00,2026-07-02 22:00:00.000313287+00:00,24,1,42244728,,0.6909,2147483647,81604949,12551,8,4,1,0,M6AU6
2026-07-02 22:00:00.015379702+00:00,2026-07-02 22:00:00.000313287+00:00,24,1,42244728,,0.6914,2147483647,81604949,12551,7,4,1,0,M6AU6
2026-07-02 22:00:00.064374723+00:00,2026-07-02 22:00:00.064194499+00:00,24,1,42141216,,-0.0011,2147483647,81605650,12130,8,4,1,0,M6AZ6-M6AU6
2026-07-02 22:00:00.064374723+00:00,2026-07-02 22:00:00.064194499+00:00,24,1,42141216,,0.01,2147483647,81605650,12130,7,4,1,0,M6AZ6-M6AU6
2026-07-02 22:00:00.064474193+00:00,2026-07-02 22:00:00.064231591+00:00,24,1,42141216,,-0.001,2147483647,81605657,12431,7,4,1,0,M6AZ6-M6AU6
2026-07-02 22:00:00.182641963+00:00,2026-07-02 22:00:00.182534037+00:00,24,1,42054026,,0.6893,2147483647,81606942,11558,8,4,1,0,M6AZ6
2026-07-02 22:00:00.182641963+00:00,2026-07-02 22:00:00.182534037+00:00,24,1,42054026,,0.6921,2147483647,81606942,11558,7,4,1,0,M6AZ6
2026-07-02 22:00:00.703540407+00:00,2026-07-02 22:00:00.703415129+00:00,24,1,42054026,,0.6908,2147483647,81608169,11901,7,4,1,0,M6AZ6
2026-07-02 22:00:00.730835881+00:00,2026-07-02 22:00:00.730655219+00:00,24,1,42054026,,0.6896,2147483647,81608277,12720,8,4,1,0,M6AZ6
2026-07-02 22:00:00.751798244+00:00,2026-07-02 22:00:00.751603747+00:00,24,1,42244728,,0.691,2147483647,81608375,15887,8,4,1,0,M6AU6
2026-07-02 22:00:00.752127103+00:00,2026-07-02 22:00:00.751927293+00:00,24,1,42244728,,0.6911,2147483647,81608395,11421,8,4,1,0,M6AU6
2026-07-02 22:00:04.428776897+00:00,2026-07-02 22:00:04.428661803+00:00,24,1,42244728,,0.6912,2147483647,81611847,15393,8,4,1,0,M6AU6
2026-07-02 22:00:04.572912932+00:00,2026-07-02 22:00:04.572778347+00:00,24,1,42244728,,0.6913,2147483647,81611900,11655,7,4,1,0,M6AU6
2026-07-02 22:00:50.388985303+00:00,2026-07-02 22:00:50.388654237+00:00,24,1,42244728,,0.6913,2147483647,81623300,11367,5,4,1,0,M6AU6
2026-07-02 22:00:50.388985303+00:00,2026-07-02 22:00:50.388654237+00:00,24,1,42244728,,0.6913,2147483647,81623300,11367,4,4,1,0,M6AU6
2026-07-02 22:00:50.388985303+00:00,2026-07-02 22:00:50.388654237+00:00,24,1,42244728,,0.6913,2147483647,81623300,11367,1,4,1,0,M6AU6
2026-07-02 22:03:09.217515011+00:00,2026-07-02 22:03:09.217207531+00:00,24,1,42244728,,0.6911,2147483647,81628511,11657,4,4,1,0,M6AU6
2026-07-02 22:05:00.042300668+00:00,2026-07-02 22:05:00.041833997+00:00,24,1,42244728,,0.6912,2147483647,81630487,15802,7,4,1,0,M6AU6
2026-07-02 22:10:42.231368503+00:00,2026-07-02 22:10:42.231222927+00:00,24,1,42054026,,0.6907,2147483647,81636775,11818,7,4,1,0,M6AZ6
2026-07-02 22:26:41.619304927+00:00,2026-07-02 22:26:41.619009495+00:00,24,1,42244728,,0.691,2147483647,81675610,11509,4,4,1,0,M6AU6
2026-07-02 22:27:02.063036801+00:00,2026-07-02 22:27:02.062925323+00:00,24,1,42244728,,0.6911,2147483647,81676587,11952,7,4,1,0,M6AU6
2026-07-02 23:11:47.241653508+00:00,2026-07-02 23:11:47.241526557+00:00,24,1,42244728,,0.691,2147483647,81781685,15040,7,4,1,0,M6AU6
2026-07-02 23:16:01.561676041+00:00,2026-07-02 23:16:01.561317287+00:00,24,1,42054026,2026-07-02 00:00:00+00:00,0.69,2147483647,81794141,15497,3,4,1,7,M6AZ6
2026-07-02 23:16:34.522485462+00:00,2026-07-02 23:16:34.522150479+00:00,24,1,42141216,2026-07-02 00:00:00+00:00,-0.0011,2147483647,81796151,15817,3,4,1,3,M6AZ6-M6AU6
2026-07-02 23:19:10.483091804+00:00,2026-07-02 23:19:10.482759391+00:00,24,1,42244728,2026-07-02 00:00:00+00:00,0.6911,2147483647,81803161,15308,3,4,1,7,M6AU6
2026-07-02 23:24:32.003816640+00:00,2026-07-02 23:24:32.003401813+00:00,24,1,42054026,,0.6906,2147483647,81820632,12568,7,4,1,0,M6AZ6
2026-07-02 23:38:33.924172792+00:00,2026-07-02 23:38:33.923902031+00:00,24,1,42244728,,0.6909,2147483647,81860230,11660,4,4,1,0,M6AU6
2026-07-02 23:38:33.924290252+00:00,2026-07-02 23:38:33.924175023+00:00,24,1,42244728,,0.6909,2147483647,81860231,14602,7,4,1,0,M6AU6
2026-07-02 23:38:49.240810354+00:00,2026-07-02 23:38:49.240615099+00:00,24,1,42054026,,0.6905,2147483647,81860804,14957,7,4,1,0,M6AZ6
2026-07-02 23:39:22.721350332+00:00,2026-07-02 23:39:22.720980397+00:00,24,1,42054026,,0.6903,2147483647,81862618,13304,7,4,1,0,M6AZ6
2026-07-02 23:39:22.721619444+00:00,2026-07-02 23:39:22.721359581+00:00,24,1,42054026,,0.6902,2147483647,81862631,12346,7,4,1,0,M6AZ6
2026-07-02 23:39:22.813997284+00:00,2026-07-02 23:39:22.813681227+00:00,24,1,42244728,,0.6908,2147483647,81862718,12724,4,4,1,0,M6AU6
2026-07-02 23:39:38.811380974+00:00,2026-07-02 23:39:38.811200305+00:00,24,1,42244728,,0.6908,2147483647,81863808,18709,7,4,1,0,M6AU6
2026-07-02 23:53:21.574661463+00:00,2026-07-02 23:53:21.574351881+00:00,24,1,42244728,,0.6907,2147483647,81913073,11705,4,4,1,0,M6AU6
2026-07-02 23:53:21.574824520+00:00,2026-07-02 23:53:21.574409381+00:00,24,1,42244728,,0.6907,2147483647,81913082,11574,7,4,1,0,M6AU6
2026-07-02 23:56:22.084254401+00:00,2026-07-02 23:56:22.083988593+00:00,24,1,42244728,,0.6906,2147483647,81933893,13419,4,4,1,0,M6AU6
2026-07-02 23:56:50.011499718+00:00,2026-07-02 23:56:50.011256139+00:00,24,1,42244728,,0.6906,2147483647,81936411,12294,7,4,1,0,M6AU6
2026-07-03 00:06:06.061986054+00:00,2026-07-03 00:06:06.061643523+00:00,24,1,42054026,,0.69,2147483647,82096776,13589,7,4,1,0,M6AZ6
2026-07-03 00:06:06.062132292+00:00,2026-07-03 00:06:06.062033561+00:00,24,1,42054026,,0.6899,2147483647,82096784,11818,7,4,1,0,M6AZ6
2026-07-03 00:06:07.072692078+00:00,2026-07-03 00:06:07.072368597+00:00,24,1,42244728,,0.6905,2147483647,82097659,12727,4,4,1,0,M6AU6
2026-07-03 00:06:07.084766675+00:00,2026-07-03 00:06:07.084650785+00:00,24,1,42244728,,0.6905,2147483647,82097728,11731,7,4,1,0,M6AU6
2026-07-03 00:06:08.761463259+00:00,2026-07-03 00:06:08.761114277+00:00,24,1,42244728,,0.6904,2147483647,82098541,12374,4,4,1,0,M6AU6
2026-07-03 00:09:14.975842107+00:00,2026-07-03 00:09:14.975618385+00:00,24,1,42244728,,0.6904,2147483647,82140958,11667,7,4,1,0,M6AU6
2026-07-03 00:33:12.309230177+00:00,2026-07-03 00:33:12.308904413+00:00,24,1,42244728,,0.6903,2147483647,82418389,13538,4,4,1,0,M6AU6
2026-07-03 00:33:15.350267078+00:00,2026-07-03 00:33:15.350084757+00:00,24,1,42244728,,0.6903,2147483647,82419000,11805,7,4,1,0,M6AU6
2026-07-03 00:33:25.971352793+00:00,2026-07-03 00:33:25.970722119+00:00,24,1,42054026,,0.6897,2147483647,82420935,12298,7,4,1,0,M6AZ6
2026-07-03 00:33:25.971536047+00:00,2026-07-03 00:33:25.971361929+00:00,24,1,42054026,,0.6896,2147483647,82420945,12885,7,4,1,0,M6AZ6
2026-07-03 01:00:00.133227273+00:00,2026-07-03 01:00:00.132776397+00:00,24,1,42054026,,0.6897,2147483647,82760852,11801,8,4,1,0,M6AZ6
2026-07-03 01:00:00.133688969+00:00,2026-07-03 01:00:00.133448514+00:00,24,1,42054026,,0.6898,2147483647,82760883,12017,8,4,1,0,M6AZ6
2026-07-03 01:03:36.187009531+00:00,2026-07-03 01:03:36.186509175+00:00,24,1,42054026,,0.6899,2147483647,82835377,11992,8,4,1,0,M6AZ6
2026-07-03 01:03:36.187581086+00:00,2026-07-03 01:03:36.187350985+00:00,24,1,42054026,,0.69,2147483647,82835403,12317,8,4,1,0,M6AZ6
2026-07-03 01:03:46.999036758+00:00,2026-07-03 01:03:46.998751933+00:00,24,1,42244728,,0.6913,2147483647,82838808,13611,8,4,1,0,M6AU6
2026-07-03 01:03:47.003814987+00:00,2026-07-03 01:03:47.003552011+00:00,24,1,42054026,,0.6901,2147483647,82838902,12402,8,4,1,0,M6AZ6
2026-07-03 01:03:53.410082159+00:00,2026-07-03 01:03:53.409746677+00:00,24,1,42244728,,0.6914,2147483647,82842655,15690,5,4,1,0,M6AU6
2026-07-03 01:04:11.164099867+00:00,2026-07-03 01:04:11.163982739+00:00,24,1,42244728,,0.6914,2147483647,82847991,15874,8,4,1,0,M6AU6
2026-07-03 01:04:31.174765174+00:00,2026-07-03 01:04:31.174488243+00:00,24,1,42244728,,0.6915,2147483647,82851948,11517,5,4,1,0,M6AU6
2026-07-03 01:05:51.348643809+00:00,2026-07-03 01:05:51.348534987+00:00,24,1,42244728,,0.6915,2147483647,82876397,15850,8,4,1,0,M6AU6
2026-07-03 01:05:52.043762006+00:00,2026-07-03 01:05:52.043362291+00:00,24,1,42054026,,0.6902,2147483647,82876676,14000,8,4,1,0,M6AZ6
2026-07-03 01:05:52.044133603+00:00,2026-07-03 01:05:52.043770601+00:00,24,1,42054026,,0.6903,2147483647,82876695,13548,8,4,1,0,M6AZ6
2026-07-03 01:06:08.410651695+00:00,2026-07-03 01:06:08.410292173+00:00,24,1,42244728,,0.6917,2147483647,82881608,12591,5,4,1,0,M6AU6
2026-07-03 01:06:08.466361645+00:00,2026-07-03 01:06:08.466258789+00:00,24,1,42244728,,0.6916,2147483647,82881716,11430,8,4,1,0,M6AU6
2026-07-03 01:08:09.153177892+00:00,2026-07-03 01:08:09.152969391+00:00,24,1,42054026,,0.6904,2147483647,82921087,11978,8,4,1,0,M6AZ6
2026-07-03 01:09:39.662498595+00:00,2026-07-03 01:09:39.662187315+00:00,24,1,42244728,,0.6917,2147483647,82946614,11383,8,4,1,0,M6AU6
2026-07-03 01:11:30.089409108+00:00,2026-07-03 01:11:30.089184043+00:00,24,1,42244728,,0.6918,2147483647,82978009,12802,5,4,1,0,M6AU6
2026-07-03 01:13:32.179719147+00:00,2026-07-03 01:13:32.179243589+00:00,24,1,42244728,,0.6918,2147483647,83008606,13040,8,4,1,0,M6AU6
2026-07-03 01:13:32.182731892+00:00,2026-07-03 01:13:32.182074230+00:00,24,1,42054026,,0.6905,2147483647,83008783,11761,8,4,1,0,M6AZ6
2026-07-03 01:13:32.183940698+00:00,2026-07-03 01:13:32.183279791+00:00,24,1,42054026,,0.6906,2147483647,83008849,12546,8,4,1,0,M6AZ6
2026-07-03 01:14:56.702605827+00:00,2026-07-03 01:14:56.702498611+00:00,24,1,42244728,,0.6919,2147483647,83041704,15387,8,4,1,0,M6AU6
2026-07-03 01:14:57.336821722+00:00,2026-07-03 01:14:57.336543835+00:00,24,1,42244728,,0.6919,2147483647,83042514,11473,5,4,1,0,M6AU6
2026-07-03 01:15:33.156996686+00:00,2026-07-03 01:15:33.156652691+00:00,24,1,42244728,,0.692,2147483647,83059921,16029,5,4,1,0,M6AU6
2026-07-03 01:15:33.157225518+00:00,2026-07-03 01:15:33.156667217+00:00,24,1,42244728,,0.692,2147483647,83059935,11467,8,4,1,0,M6AU6
2026-07-03 01:15:33.229164441+00:00,2026-07-03 01:15:33.229062244+00:00,24,1,42054026,,0.6907,2147483647,83060247,13345,8,4,1,0,M6AZ6
2026-07-03 01:15:33.229280825+00:00,2026-07-03 01:15:33.229172449+00:00,24,1,42054026,,0.6908,2147483647,83060255,15298,8,4,1,0,M6AZ6
2026-07-03 01:18:14.769115423+00:00,2026-07-03 01:18:14.768756975+00:00,24,1,42244728,,0.6921,2147483647,83107872,12096,5,4,1,0,M6AU6
2026-07-03 01:18:14.769115423+00:00,2026-07-03 01:18:14.768756975+00:00,24,1,42244728,,0.6921,2147483647,83107872,12096,8,4,1,0,M6AU6
2026-07-03 01:18:14.774084279+00:00,2026-07-03 01:18:14.773483513+00:00,24,1,42054026,,0.6909,2147483647,83107994,11630,8,4,1,0,M6AZ6
2026-07-03 01:18:45.203267505+00:00,2026-07-03 01:18:45.202929699+00:00,24,1,42244728,,0.6922,2147483647,83116187,12137,8,4,1,0,M6AU6
2026-07-03 01:18:45.222229096+00:00,2026-07-03 01:18:45.222099961+00:00,24,1,42054026,,0.691,2147483647,83116486,11481,8,4,1,0,M6AZ6
2026-07-03 01:19:10.324307542+00:00,2026-07-03 01:19:10.324001567+00:00,24,1,42244728,,0.6923,2147483647,83124625,15008,5,4,1,0,M6AU6
2026-07-03 01:19:10.324552271+00:00,2026-07-03 01:19:10.324021797+00:00,24,1,42244728,,0.6923,2147483647,83124641,11979,8,4,1,0,M6AU6
2026-07-03 01:19:10.396992403+00:00,2026-07-03 01:19:10.396722727+00:00,24,1,42244728,,0.6924,2147483647,83124895,11376,5,4,1,0,M6AU6
2026-07-03 01:20:37.654446163+00:00,2026-07-03 01:20:37.654337265+00:00,24,1,42244728,,0.6924,2147483647,83159370,16701,8,4,1,0,M6AU6
2026-07-03 01:20:39.013818807+00:00,2026-07-03 01:20:39.013279129+00:00,24,1,42054026,,0.6911,2147483647,83161133,12002,8,4,1,0,M6AZ6
2026-07-03 01:20:39.014039788+00:00,2026-07-03 01:20:39.013827167+00:00,24,1,42054026,,0.6912,2147483647,83161150,12319,8,4,1,0,M6AZ6
2026-07-03 01:20:57.846881852+00:00,2026-07-03 01:20:57.846530365+00:00,24,1,42244728,,0.6925,2147483647,83170285,15099,5,4,1,0,M6AU6
2026-07-03 01:20:57.846940793+00:00,2026-07-03 01:20:57.846543151+00:00,24,1,42244728,,0.6925,2147483647,83170288,11366,8,4,1,0,M6AU6
2026-07-03 01:21:09.286556839+00:00,2026-07-03 01:21:09.286190173+00:00,24,1,42244728,,0.6926,2147483647,83174570,15702,5,4,1,0,M6AU6
2026-07-03 01:21:09.286556839+00:00,2026-07-03 01:21:09.286190173+00:00,24,1,42244728,,0.6926,2147483647,83174570,15702,8,4,1,0,M6AU6
2026-07-03 01:21:09.287668884+00:00,2026-07-03 01:21:09.287488206+00:00,24,1,42054026,,0.6913,2147483647,83174640,11790,8,4,1,0,M6AZ6
2026-07-03 01:21:09.288047239+00:00,2026-07-03 01:21:09.287676841+00:00,24,1,42054026,,0.6914,2147483647,83174666,11646,8,4,1,0,M6AZ6
2026-07-03 01:36:53.755513686+00:00,2026-07-03 01:36:53.755229537+00:00,24,1,42054026,,0.6909,2147483647,83439233,13939,5,4,1,0,M6AZ6
2026-07-03 01:36:53.755513686+00:00,2026-07-03 01:36:53.755229537+00:00,24,1,42054026,,0.6909,2147483647,83439233,13939,4,4,1,0,M6AZ6
2026-07-03 01:36:53.755513686+00:00,2026-07-03 01:36:53.755229537+00:00,24,1,42054026,,0.6909,2147483647,83439233,13939,1,4,1,0,M6AZ6
2026-07-03 01:54:13.857211652+00:00,2026-07-03 01:54:13.857069211+00:00,24,1,42054026,2026-07-02 00:00:00+00:00,,113,83647457,12851,9,4,1,0,M6AZ6
2026-07-03 01:54:13.857211652+00:00,2026-07-03 01:54:13.857069211+00:00,24,1,42054026,2026-07-02 00:00:00+00:00,,22,83647457,12851,6,4,1,0,M6AZ6
2026-07-03 01:54:13.857211652+00:00,2026-07-03 01:54:13.857069211+00:00,24,1,42244728,2026-07-02 00:00:00+00:00,,3095,83647457,12851,9,4,1,0,M6AU6
2026-07-03 01:54:13.857211652+00:00,2026-07-03 01:54:13.857069211+00:00,24,1,42244728,2026-07-02 00:00:00+00:00,,5672,83647457,12851,6,4,1,0,M6AU6
2026-07-03 02:29:04.480629059+00:00,2026-07-03 02:29:04.480185497+00:00,24,1,42244728,,0.6927,2147483647,83966853,13163,5,4,1,0,M6AU6
2026-07-03 02:29:04.480629059+00:00,2026-07-03 02:29:04.480185497+00:00,24,1,42244728,,0.6927,2147483647,83966853,13163,8,4,1,0,M6AU6
2026-07-03 02:29:04.481826001+00:00,2026-07-03 02:29:04.481562431+00:00,24,1,42054026,,0.6915,2147483647,83966917,12905,8,4,1,0,M6AZ6
2026-07-03 02:31:55.856777929+00:00,2026-07-03 02:31:55.856444211+00:00,24,1,42244728,,0.6928,2147483647,83991489,11374,5,4,1,0,M6AU6
2026-07-03 02:39:44.394151403+00:00,2026-07-03 02:39:44.394040505+00:00,24,1,42244728,,0.6928,2147483647,84047899,15519,8,4,1,0,M6AU6
2026-07-03 02:41:47.283273062+00:00,2026-07-03 02:41:47.282948569+00:00,24,1,42244728,,0.6929,2147483647,84065042,11689,5,4,1,0,M6AU6
2026-07-03 02:45:01.679279603+00:00,2026-07-03 02:45:01.678792721+00:00,24,1,42054026,,0.6916,2147483647,84092734,12659,8,4,1,0,M6AZ6
2026-07-03 02:45:03.108117744+00:00,2026-07-03 02:45:03.107876399+00:00,24,1,42244728,,0.6929,2147483647,84093045,13118,8,4,1,0,M6AU6
2026-07-03 02:45:52.404065198+00:00,2026-07-03 02:45:52.403642333+00:00,24,1,42244728,,0.693,2147483647,84097737,14173,5,4,1,0,M6AU6
2026-07-03 02:53:02.437331948+00:00,2026-07-03 02:53:02.436608965+00:00,24,1,42244728,,0.693,2147483647,84144477,15948,8,4,1,0,M6AU6
2026-07-03 02:53:02.437663035+00:00,2026-07-03 02:53:02.437378851+00:00,24,1,42054026,,0.6917,2147483647,84144500,11997,8,4,1,0,M6AZ6
2026-07-03 02:53:02.438655892+00:00,2026-07-03 02:53:02.437671253+00:00,24,1,42054026,,0.6918,2147483647,84144550,12035,8,4,1,0,M6AZ6
2026-07-03 04:36:29.063342203+00:00,2026-07-03 04:36:29.063018719+00:00,24,1,42054026,,0.692,2147483647,84783903,14896,5,4,1,0,M6AZ6
2026-07-03 04:36:39.414269235+00:00,2026-07-03 04:36:39.413895173+00:00,24,1,42244728,,0.6931,2147483647,84785389,16235,5,4,1,0,M6AU6
2026-07-03 04:36:50.216996105+00:00,2026-07-03 04:36:50.216683013+00:00,24,1,42244728,,0.6931,2147483647,84786776,12631,8,4,1,0,M6AU6
2026-07-03 04:37:22.400630723+00:00,2026-07-03 04:37:22.400204033+00:00,24,1,42244728,,0.6932,2147483647,84792669,15525,5,4,1,0,M6AU6
2026-07-03 04:43:26.201283790+00:00,2026-07-03 04:43:26.200933205+00:00,24,1,42054026,,0.6921,2147483647,84825561,12823,5,4,1,0,M6AZ6
2026-07-03 05:06:11.301927644+00:00,2026-07-03 05:06:11.301815239+00:00,24,1,42054026,,0.6919,2147483647,84991364,15499,8,4,1,0,M6AZ6
2026-07-03 05:07:11.882439171+00:00,2026-07-03 05:07:11.881719019+00:00,24,1,42244728,,0.6932,2147483647,85002832,12871,8,4,1,0,M6AU6
2026-07-03 05:07:45.935953220+00:00,2026-07-03 05:07:45.935421241+00:00,24,1,42244728,,0.6933,2147483647,85012839,13937,5,4,1,0,M6AU6
2026-07-03 05:07:45.937245102+00:00,2026-07-03 05:07:45.936779246+00:00,24,1,42054026,,0.692,2147483647,85012908,15610,8,4,1,0,M6AZ6
2026-07-03 05:07:59.242665962+00:00,2026-07-03 05:07:59.242344313+00:00,24,1,42244728,,0.6933,2147483647,85015852,13472,8,4,1,0,M6AU6
2026-07-03 05:15:21.663205497+00:00,2026-07-03 05:15:21.662909605+00:00,24,1,42054026,,0.6921,2147483647,85102148,13131,8,4,1,0,M6AZ6
2026-07-03 05:15:21.667145612+00:00,2026-07-03 05:15:21.666624235+00:00,24,1,42244728,,0.6934,2147483647,85102204,12978,5,4,1,0,M6AU6
2026-07-03 05:15:21.667145612+00:00,2026-07-03 05:15:21.666624235+00:00,24,1,42244728,,0.6934,2147483647,85102204,12978,8,4,1,0,M6AU6
2026-07-03 05:15:21.672174175+00:00,2026-07-03 05:15:21.671876891+00:00,24,1,42244728,,0.6935,2147483647,85102315,11504,5,4,1,0,M6AU6
2026-07-03 05:34:10.508110700+00:00,2026-07-03 05:34:10.507667713+00:00,24,1,42054026,,0.6922,2147483647,85243440,10659,8,4,1,0,M6AZ6
2026-07-03 06:05:19.190987547+00:00,2026-07-03 06:05:19.190851191+00:00,24,1,42244728,,0.6935,2147483647,85575914,11721,8,4,1,0,M6AU6
2026-07-03 06:05:19.192924246+00:00,2026-07-03 06:05:19.192730734+00:00,24,1,42054026,,0.6923,2147483647,85576043,11828,8,4,1,0,M6AZ6
2026-07-03 06:06:28.324204910+00:00,2026-07-03 06:06:28.323810775+00:00,24,1,42244728,,0.6937,2147483647,85600111,14139,5,4,1,0,M6AU6
2026-07-03 06:06:28.324204910+00:00,2026-07-03 06:06:28.323810775+00:00,24,1,42244728,,0.6936,2147483647,85600111,14139,8,4,1,0,M6AU6
2026-07-03 06:06:28.324983315+00:00,2026-07-03 06:06:28.324447939+00:00,24,1,42054026,,0.6924,2147483647,85600148,14091,8,4,1,0,M6AZ6
2026-07-03 06:15:27.049992327+00:00,2026-07-03 06:15:27.049757319+00:00,24,1,42244728,,0.6937,2147483647,85731934,11748,8,4,1,0,M6AU6
2026-07-03 06:16:25.047910654+00:00,2026-07-03 06:16:25.047606911+00:00,24,1,42244728,,0.6938,2147483647,85747547,11983,5,4,1,0,M6AU6
2026-07-03 06:17:05.584552163+00:00,2026-07-03 06:17:05.584386445+00:00,24,1,42054026,,0.6925,2147483647,85759081,11575,8,4,1,0,M6AZ6
2026-07-03 06:17:05.618230721+00:00,2026-07-03 06:17:05.617598239+00:00,24,1,42244728,,0.6938,2147483647,85759244,15187,8,4,1,0,M6AU6
2026-07-03 06:34:13.644131225+00:00,2026-07-03 06:34:13.643736640+00:00,24,1,42244728,,0.694,2147483647,86047567,14382,5,4,1,0,M6AU6
2026-07-03 06:34:13.644131225+00:00,2026-07-03 06:34:13.643736640+00:00,24,1,42244728,,0.6939,2147483647,86047567,14382,8,4,1,0,M6AU6
2026-07-03 06:34:17.395325835+00:00,2026-07-03 06:34:17.395183004+00:00,24,1,42054026,,0.6926,2147483647,86060462,11827,8,4,1,0,M6AZ6
2026-07-03 06:34:40.791584758+00:00,2026-07-03 06:34:40.791190663+00:00,24,1,42244728,,0.694,2147483647,86117026,14612,8,4,1,0,M6AU6
2026-07-03 06:34:41.742289284+00:00,2026-07-03 06:34:41.741237299+00:00,24,1,42054026,,0.6927,2147483647,86118315,11632,8,4,1,0,M6AZ6
2026-07-03 07:10:41.208945430+00:00,2026-07-03 07:10:41.208631533+00:00,24,1,42054026,,0.6928,2147483647,86772148,13727,5,4,1,0,M6AZ6
2026-07-05 12:00:05.757365537+00:00,2026-07-05 12:00:05.646228145+00:00,24,1,42244728,,0.694,2147483647,2978,16616,5,4,1,0,M6AU6
2026-07-05 12:00:05.757365537+00:00,2026-07-05 12:00:05.646228145+00:00,24,1,42244728,,0.6903,2147483647,2978,16616,4,4,1,0,M6AU6
2026-07-05 12:00:05.757819017+00:00,2026-07-05 12:00:05.646228145+00:00,24,1,42054026,,0.6928,2147483647,2979,16003,5,4,1,0,M6AZ6
2026-07-05 12:00:05.757819017+00:00,2026-07-05 12:00:05.646228145+00:00,24,1,42054026,,0.6909,2147483647,2979,16003,4,4,1,0,M6AZ6
2026-07-05 13:03:30.461802279+00:00,2026-07-05 13:03:30.460311963+00:00,24,1,42054026,2026-07-02 00:00:00+00:00,0.69,2147483647,3583,14813,3,4,1,7,M6AZ6
2026-07-05 13:04:02.265982855+00:00,2026-07-05 13:04:02.265399765+00:00,24,1,42141216,2026-07-02 00:00:00+00:00,-0.0011,2147483647,4042,14247,3,4,1,3,M6AZ6-M6AU6
2026-07-05 13:06:26.325458881+00:00,2026-07-05 13:06:26.324960435+00:00,24,1,42244728,2026-07-02 00:00:00+00:00,0.6911,2147483647,6395,13115,3,4,1,7,M6AU6
2026-07-05 17:30:39.703518457+00:00,2026-07-05 17:30:39.703333173+00:00,24,1,42244728,2026-07-03 00:00:00+00:00,,3095,7285,11562,9,4,1,0,M6AU6
2026-07-05 17:30:39.703518457+00:00,2026-07-05 17:30:39.703333173+00:00,24,1,42244728,2026-07-03 00:00:00+00:00,,0,7285,11562,6,4,1,0,M6AU6
2026-07-05 17:30:39.703518457+00:00,2026-07-05 17:30:39.703333173+00:00,24,1,42054026,2026-07-03 00:00:00+00:00,,113,7285,11562,9,4,1,0,M6AZ6
2026-07-05 17:30:39.703518457+00:00,2026-07-05 17:30:39.703333173+00:00,24,1,42054026,2026-07-03 00:00:00+00:00,,0,7285,11562,6,4,1,0,M6AZ6
2026-07-05 21:50:56.202701588+00:00,2026-07-05 21:50:56.202328809+00:00,24,1,42244728,,0.6924,1,9623,16709,2,4,1,0,M6AU6
2026-07-05 22:00:00.065930244+00:00,2026-07-05 22:00:00.005693757+00:00,24,1,42244728,,0.6924,2147483647,14735,12063,8,4,1,0,M6AU6
2026-07-05 22:00:00.065930244+00:00,2026-07-05 22:00:00.005693757+00:00,24,1,42244728,,0.6939,2147483647,14735,12063,7,4,1,0,M6AU6
2026-07-05 22:00:00.066513241+00:00,2026-07-05 22:00:00.005693757+00:00,24,1,42244728,,0.693,2147483647,14758,11996,8,4,1,0,M6AU6
2026-07-05 22:00:00.066730900+00:00,2026-07-05 22:00:00.005693757+00:00,24,1,42244728,,0.6937,2147483647,14767,11885,7,4,1,0,M6AU6
2026-07-05 22:00:00.112785823+00:00,2026-07-05 22:00:00.106643421+00:00,24,1,42141216,,-0.0011,2147483647,15511,11771,8,4,1,0,M6AZ6-M6AU6
2026-07-05 22:00:00.112785823+00:00,2026-07-05 22:00:00.106643421+00:00,24,1,42141216,,0.01,2147483647,15511,11771,7,4,1,0,M6AZ6-M6AU6
2026-07-05 22:00:00.115375364+00:00,2026-07-05 22:00:00.109262891+00:00,24,1,42141216,,-0.0009,2147483647,15580,14834,7,4,1,0,M6AZ6-M6AU6
2026-07-05 22:00:00.223585185+00:00,2026-07-05 22:00:00.223362281+00:00,24,1,42054026,,0.686,2147483647,16422,14734,8,4,1,0,M6AZ6
2026-07-05 22:00:00.223585185+00:00,2026-07-05 22:00:00.223362281+00:00,24,1,42054026,,0.6927,2147483647,16422,14734,7,4,1,0,M6AZ6
2026-07-05 22:00:00.233144059+00:00,2026-07-05 22:00:00.232980529+00:00,24,1,42054026,,0.6913,2147483647,16464,15276,8,4,1,0,M6AZ6
2026-07-05 22:00:00.539022129+00:00,2026-07-05 22:00:00.538832973+00:00,24,1,42244728,,0.693,2147483647,17072,14822,7,4,1,0,M6AU6
2026-07-05 22:00:03.702973431+00:00,2026-07-05 22:00:03.701562405+00:00,24,1,42054026,,0.6916,2147483647,20766,13828,8,4,1,0,M6AZ6
2026-07-05 22:00:48.460547036+00:00,2026-07-05 22:00:48.459617545+00:00,24,1,42054026,,0.6926,2147483647,34131,11735,7,4,1,0,M6AZ6
2026-07-05 22:01:15.308135427+00:00,2026-07-05 22:01:15.307953011+00:00,24,1,42054026,,0.6925,2147483647,37595,11826,7,4,1,0,M6AZ6
2026-07-05 22:05:21.361830302+00:00,2026-07-05 22:05:21.361679633+00:00,24,1,42244728,,0.6931,2147483647,50249,15041,8,4,1,0,M6AU6
2026-07-05 22:07:31.092277726+00:00,2026-07-05 22:07:31.092038699+00:00,24,1,42244728,,0.6929,2147483647,56897,15477,7,4,1,0,M6AU6
2026-07-05 22:16:29.305764652+00:00,2026-07-05 22:16:29.305034309+00:00,24,1,42054026,,0.6921,2147483647,79252,12166,7,4,1,0,M6AZ6
2026-07-05 22:16:29.307621041+00:00,2026-07-05 22:16:29.305775513+00:00,24,1,42054026,,0.692,2147483647,79337,15178,7,4,1,0,M6AZ6
2026-07-05 22:20:22.305530303+00:00,2026-07-05 22:20:22.305267559+00:00,24,1,42244728,,0.6928,2147483647,88785,12403,7,4,1,0,M6AU6
2026-07-05 23:05:16.190119665+00:00,2026-07-05 23:05:16.189577671+00:00,24,1,42054026,,0.6919,2147483647,310501,12073,7,4,1,0,M6AZ6
2026-07-05 23:10:00.454823793+00:00,2026-07-05 23:10:00.454689463+00:00,24,1,42244728,,0.6927,2147483647,334384,15795,7,4,1,0,M6AU6
2026-07-05 23:46:07.023398329+00:00,2026-07-05 23:46:07.023208555+00:00,24,1,42054026,,0.6917,2147483647,425670,11794,8,4,1,0,M6AZ6
2026-07-06 00:00:22.381395732+00:00,2026-07-06 00:00:22.381244631+00:00,24,1,42054026,,0.6918,2147483647,527961,11824,7,4,1,0,M6AZ6
2026-07-06 00:00:37.053480643+00:00,2026-07-06 00:00:37.052626579+00:00,24,1,42244728,,0.6926,2147483647,532607,14929,7,4,1,0,M6AU6
2026-07-06 00:00:52.668482961+00:00,2026-07-06 00:00:52.667590721+00:00,24,1,42054026,,0.6917,2147483647,539027,11556,7,4,1,0,M6AZ6
2026-07-06 00:00:52.670084446+00:00,2026-07-06 00:00:52.669914275+00:00,24,1,42244728,,0.6925,2147483647,539091,11337,7,4,1,0,M6AU6
2026-07-06 00:01:32.006845308+00:00,2026-07-06 00:01:32.006275023+00:00,24,1,42054026,,0.6916,2147483647,553273,14906,7,4,1,0,M6AZ6
2026-07-06 00:01:39.981896912+00:00,2026-07-06 00:01:39.981555911+00:00,24,1,42244728,,0.6924,2147483647,555265,15544,7,4,1,0,M6AU6
2026-07-06 00:02:15.280462164+00:00,2026-07-06 00:02:15.279665065+00:00,24,1,42054026,,0.6915,2147483647,567342,12077,7,4,1,0,M6AZ6
2026-07-06 00:07:09.633775471+00:00,2026-07-06 00:07:09.633493521+00:00,24,1,42244728,,0.6923,2147483647,634551,14718,7,4,1,0,M6AU6
2026-07-06 00:07:38.044100369+00:00,2026-07-06 00:07:38.043864605+00:00,24,1,42054026,,0.6914,2147483647,642261,11043,7,4,1,0,M6AZ6
2026-07-06 00:07:38.852358803+00:00,2026-07-06 00:07:38.852193797+00:00,24,1,42244728,,0.6922,2147483647,642485,11289,7,4,1,0,M6AU6
2026-07-06 00:45:14.320807285+00:00,2026-07-06 00:45:14.320567319+00:00,24,1,42054026,,0.6918,2147483647,1060619,12363,8,4,1,0,M6AZ6
2026-07-06 01:52:28.850085398+00:00,2026-07-06 01:52:28.849830667+00:00,24,1,42054026,,0.6913,2147483647,1844326,11762,7,4,1,0,M6AZ6
2026-07-06 01:58:27.547447722+00:00,2026-07-06 01:58:27.547119301+00:00,24,1,42244728,,0.6921,2147483647,1906260,16240,7,4,1,0,M6AU6
2026-07-06 01:58:52.506267831+00:00,2026-07-06 01:58:52.505589262+00:00,24,1,42054026,,0.6912,2147483647,1914765,12097,7,4,1,0,M6AZ6
2026-07-06 02:31:15.049285695+00:00,2026-07-06 02:31:15.048964805+00:00,24,1,42244728,,0.692,2147483647,2200123,11593,7,4,1,0,M6AU6
2026-07-06 02:36:24.805615084+00:00,2026-07-06 02:36:24.804944701+00:00,24,1,42244728,,0.6919,2147483647,2236932,11753,7,4,1,0,M6AU6
2026-07-06 02:36:24.805809110+00:00,2026-07-06 02:36:24.805705444+00:00,24,1,42054026,,0.6911,2147483647,2236942,11840,7,4,1,0,M6AZ6
2026-07-06 02:36:24.806409155+00:00,2026-07-06 02:36:24.805816613+00:00,24,1,42054026,,0.691,2147483647,2236975,12155,7,4,1,0,M6AZ6
2026-07-06 03:13:37.290209143+00:00,2026-07-06 03:13:37.289844819+00:00,24,1,42054026,,0.6908,2147483647,2508616,13122,4,4,1,0,M6AZ6
2026-07-06 03:14:05.664998505+00:00,2026-07-06 03:14:05.664562467+00:00,24,1,42244728,,0.6918,2147483647,2512011,11773,7,4,1,0,M6AU6
2026-07-06 03:15:12.295571854+00:00,2026-07-06 03:15:12.294727171+00:00,24,1,42054026,,0.6909,2147483647,2518624,12474,7,4,1,0,M6AZ6
2026-07-06 03:15:39.458111017+00:00,2026-07-06 03:15:39.457714053+00:00,24,1,42244728,,0.6917,2147483647,2521491,12408,7,4,1,0,M6AU6
2026-07-06 03:20:32.799238552+00:00,2026-07-06 03:20:32.798505195+00:00,24,1,42054026,,0.6908,2147483647,2554505,11616,7,4,1,0,M6AZ6
2026-07-06 03:20:32.884009894+00:00,2026-07-06 03:20:32.883903521+00:00,24,1,42244728,,0.6916,2147483647,2554660,15077,7,4,1,0,M6AU6
2026-07-06 03:22:13.742178996+00:00,2026-07-06 03:22:13.740967103+00:00,24,1,42054026,,0.6907,2147483647,2567354,12269,7,4,1,0,M6AZ6
2026-07-06 03:22:13.793429362+00:00,2026-07-06 03:22:13.793256571+00:00,24,1,42244728,,0.6915,2147483647,2567781,12945,7,4,1,0,M6AU6
2026-07-06 03:22:13.845991846+00:00,2026-07-06 03:22:13.844868521+00:00,24,1,42054026,,0.6906,2147483647,2568068,12851,7,4,1,0,M6AZ6
2026-07-06 03:22:13.847144228+00:00,2026-07-06 03:22:13.845977650+00:00,24,1,42244728,,0.6914,2147483647,2568106,12023,7,4,1,0,M6AU6
2026-07-06 03:24:34.602747359+00:00,2026-07-06 03:24:34.602588877+00:00,24,1,42054026,,0.6905,2147483647,2587773,11699,7,4,1,0,M6AZ6
2026-07-06 13:08:14.412710046+00:00,2026-07-06 13:08:14.412425203+00:00,24,1,42054026,,0.6906,2147483647,9005630,11788,4,4,1,0,M6AZ6
2026-07-06 14:04:04.678861031+00:00,2026-07-06 14:04:04.678748149+00:00,24,1,42244728,2026-07-02 00:00:00+00:00,,3096,10150435,15170,9,4,1,0,M6AU6
2026-07-06 14:04:04.678861031+00:00,2026-07-06 14:04:04.678748149+00:00,24,1,42244728,2026-07-02 00:00:00+00:00,,5672,10150435,15170,6,4,1,0,M6AU6
2026-07-06 14:04:08.517421204+00:00,2026-07-06 14:04:08.517318713+00:00,24,1,42054026,2026-07-02 00:00:00+00:00,,113,10151750,15935,9,4,1,0,M6AZ6
2026-07-06 14:04:08.517421204+00:00,2026-07-06 14:04:08.517318713+00:00,24,1,42054026,2026-07-02 00:00:00+00:00,,22,10151750,15935,6,4,1,0,M6AZ6
2026-07-06 15:30:06.154293582+00:00,2026-07-06 15:30:06.154110851+00:00,24,1,42244728,,0.6932,2147483647,11739942,11726,8,4,1,0,M6AU6
2026-07-06 15:38:50.362572878+00:00,2026-07-06 15:38:50.362421261+00:00,24,1,42244728,,0.6933,2147483647,11842112,11719,8,4,1,0,M6AU6
2026-07-06 15:41:00.375227932+00:00,2026-07-06 15:41:00.374897611+00:00,24,1,42244728,,0.6934,2147483647,11871077,13592,8,4,1,0,M6AU6
2026-07-06 15:44:39.574096567+00:00,2026-07-06 15:44:39.573987141+00:00,24,1,42244728,,0.6935,2147483647,11923301,14756,8,4,1,0,M6AU6
2026-07-06 15:44:41.604808881+00:00,2026-07-06 15:44:41.604697843+00:00,24,1,42054026,,0.692,2147483647,11925079,11806,8,4,1,0,M6AZ6
2026-07-06 15:44:41.604919871+00:00,2026-07-06 15:44:41.604820277+00:00,24,1,42054026,,0.6921,2147483647,11925081,13658,8,4,1,0,M6AZ6
2026-07-06 15:49:56.545903259+00:00,2026-07-06 15:49:56.545398403+00:00,24,1,42054026,,0.6922,2147483647,11987091,11802,8,4,1,0,M6AZ6
2026-07-06 15:49:56.547008987+00:00,2026-07-06 15:49:56.545913285+00:00,24,1,42054026,,0.6923,2147483647,11987170,12254,8,4,1,0,M6AZ6
2026-07-06 16:10:45.033338938+00:00,2026-07-06 16:10:45.033227135+00:00,24,1,42244728,,0.6936,2147483647,12259279,15712,8,4,1,0,M6AU6
2026-07-06 16:10:48.059157466+00:00,2026-07-06 16:10:48.057510862+00:00,24,1,42054026,,0.6924,2147483647,12260243,11540,8,4,1,0,M6AZ6
2026-07-06 16:21:35.439448342+00:00,2026-07-06 16:21:35.439326243+00:00,24,1,42244728,,0.6937,2147483647,12372878,12075,8,4,1,0,M6AU6
2026-07-06 16:23:57.419492774+00:00,2026-07-06 16:23:57.419195117+00:00,24,1,42054026,,0.6929,2147483647,12396669,11673,5,4,1,0,M6AZ6
2026-07-06 16:51:03.775640376+00:00,2026-07-06 16:51:03.775409233+00:00,24,1,42054026,,0.6925,2147483647,12649562,12251,8,4,1,0,M6AZ6
2026-07-06 16:51:13.982049881+00:00,2026-07-06 16:51:13.981785151+00:00,24,1,42244728,,0.6938,2147483647,12652464,13774,8,4,1,0,M6AU6
2026-07-06 17:03:07.112009681+00:00,2026-07-06 17:03:07.111763659+00:00,24,1,42054026,,0.6926,2147483647,12782684,12558,8,4,1,0,M6AZ6
2026-07-06 17:03:59.044898426+00:00,2026-07-06 17:03:59.044152809+00:00,24,1,42244728,,0.6939,2147483647,12792613,13005,8,4,1,0,M6AU6
2026-07-06 17:06:47.434120831+00:00,2026-07-06 17:06:47.433432560+00:00,24,1,42054026,,0.6927,2147483647,12815272,15416,8,4,1,0,M6AZ6
2026-07-06 17:07:50.025957045+00:00,2026-07-06 17:07:50.025811685+00:00,24,1,42244728,,0.694,2147483647,12826349,11569,8,4,1,0,M6AU6
2026-07-06 17:07:54.223972183+00:00,2026-07-06 17:07:54.223673591+00:00,24,1,42054026,,0.693,2147483647,12827360,12960,5,4,1,0,M6AZ6
2026-07-06 17:07:55.860911273+00:00,2026-07-06 17:07:55.859738917+00:00,24,1,42054026,,0.6928,2147483647,12828324,13917,8,4,1,0,M6AZ6
2026-07-06 17:13:26.429020151+00:00,2026-07-06 17:13:26.428689893+00:00,24,1,42244728,,0.6941,2147483647,12879747,13704,5,4,1,0,M6AU6
2026-07-06 17:13:30.714274980+00:00,2026-07-06 17:13:30.713890959+00:00,24,1,42244728,,0.6941,2147483647,12880700,15258,8,4,1,0,M6AU6
2026-07-06 17:13:35.164371766+00:00,2026-07-06 17:13:35.164069089+00:00,24,1,42244728,,0.6942,2147483647,12881731,11796,5,4,1,0,M6AU6
2026-07-06 17:14:05.145207903+00:00,2026-07-06 17:14:05.142523101+00:00,24,1,42244728,,0.6942,2147483647,12886604,15464,8,4,1,0,M6AU6
2026-07-06 17:14:05.145735932+00:00,2026-07-06 17:14:05.145248269+00:00,24,1,42054026,,0.6929,2147483647,12886618,13847,8,4,1,0,M6AZ6
2026-07-06 17:14:05.148739924+00:00,2026-07-06 17:14:05.148189228+00:00,24,1,42054026,,0.693,2147483647,12886751,16252,8,4,1,0,M6AZ6
2026-07-06 17:16:10.114773284+00:00,2026-07-06 17:16:10.114442321+00:00,24,1,42244728,,0.6943,2147483647,12906024,12693,5,4,1,0,M6AU6
2026-07-06 17:26:00.789583996+00:00,2026-07-06 17:26:00.789300069+00:00,24,1,42054026,,0.6933,2147483647,13000125,12840,5,4,1,0,M6AZ6
2026-07-06 17:26:00.789704508+00:00,2026-07-06 17:26:00.789592817+00:00,24,1,42244728,,0.6943,2147483647,13000126,14826,8,4,1,0,M6AU6
2026-07-06 17:26:19.677896243+00:00,2026-07-06 17:26:19.677480963+00:00,24,1,42054026,,0.6931,2147483647,13003424,13009,8,4,1,0,M6AZ6
2026-07-06 17:26:40.022960127+00:00,2026-07-06 17:26:40.022598433+00:00,24,1,42244728,,0.6944,2147483647,13008745,11895,5,4,1,0,M6AU6
2026-07-06 17:31:51.207453034+00:00,2026-07-06 17:31:51.207347257+00:00,24,1,42244728,,0.6944,2147483647,13065524,11521,8,4,1,0,M6AU6
2026-07-06 17:31:53.882885692+00:00,2026-07-06 17:31:53.882656793+00:00,24,1,42244728,,0.6945,2147483647,13067203,11627,5,4,1,0,M6AU6
2026-07-06 17:31:59.767177775+00:00,2026-07-06 17:31:59.766159601+00:00,24,1,42054026,,0.6932,2147483647,13068060,13196,8,4,1,0,M6AZ6
2026-07-06 18:27:06.100092654+00:00,2026-07-06 18:27:06.099745627+00:00,24,1,42244728,,0.6945,2147483647,13532351,13562,8,4,1,0,M6AU6
2026-07-06 18:29:39.197825337+00:00,2026-07-06 18:29:39.197454139+00:00,24,1,42244728,,0.6946,2147483647,13549627,12051,5,4,1,0,M6AU6
2026-07-06 18:32:07.737179543+00:00,2026-07-06 18:32:07.736921807+00:00,24,1,42054026,,0.6933,2147483647,13569641,13466,8,4,1,0,M6AZ6
2026-07-06 18:33:07.902788723+00:00,2026-07-06 18:33:07.902376787+00:00,24,1,42244728,,0.6946,2147483647,13580006,13578,8,4,1,0,M6AU6
2026-07-06 18:33:07.903338620+00:00,2026-07-06 18:33:07.902481921+00:00,24,1,42054026,,0.6934,2147483647,13580042,11713,8,4,1,0,M6AZ6
2026-07-06 18:33:11.778119360+00:00,2026-07-06 18:33:11.777532938+00:00,24,1,42244728,,0.6947,2147483647,13582268,15742,5,4,1,0,M6AU6
2026-07-06 18:33:11.778119360+00:00,2026-07-06 18:33:11.777532938+00:00,24,1,42244728,,0.6947,2147483647,13582268,15742,8,4,1,0,M6AU6
2026-07-06 18:33:18.030524723+00:00,2026-07-06 18:33:18.030107727+00:00,24,1,42054026,,0.6935,2147483647,13586152,13063,8,4,1,0,M6AZ6
2026-07-06 18:34:12.179468148+00:00,2026-07-06 18:34:12.179203659+00:00,24,1,42054026,,0.6938,2147483647,13599167,11816,5,4,1,0,M6AZ6
2026-07-06 18:34:12.488054110+00:00,2026-07-06 18:34:12.487760315+00:00,24,1,42054026,,0.6939,2147483647,13599428,11710,5,4,1,0,M6AZ6
2026-07-06 18:34:12.488264435+00:00,2026-07-06 18:34:12.488025437+00:00,24,1,42244728,,0.6948,2147483647,13599430,11448,5,4,1,0,M6AU6
2026-07-06 18:36:02.401233780+00:00,2026-07-06 18:36:02.401111497+00:00,24,1,42244728,,0.6948,2147483647,13617777,15553,8,4,1,0,M6AU6
2026-07-06 18:36:13.863929062+00:00,2026-07-06 18:36:13.863156805+00:00,24,1,42054026,,0.6936,2147483647,13619143,12419,8,4,1,0,M6AZ6
2026-07-06 18:39:29.580061709+00:00,2026-07-06 18:39:29.579694585+00:00,24,1,42244728,,0.695,2147483647,13655520,13875,5,4,1,0,M6AU6
2026-07-06 18:39:29.734263643+00:00,2026-07-06 18:39:29.734154217+00:00,24,1,42244728,,0.6949,2147483647,13655679,11926,8,4,1,0,M6AU6
2026-07-06 18:40:56.873036847+00:00,2026-07-06 18:40:56.872267719+00:00,24,1,42054026,,0.6937,2147483647,13667940,11915,8,4,1,0,M6AZ6
2026-07-06 18:50:45.074696519+00:00,2026-07-06 18:50:45.074518338+00:00,24,1,42244728,,0.695,2147483647,13742518,12231,8,4,1,0,M6AU6
2026-07-06 18:57:47.964563725+00:00,2026-07-06 18:57:47.964278897+00:00,24,1,42244728,,0.6951,2147483647,13811557,11945,5,4,1,0,M6AU6
2026-07-06 19:05:17.044307583+00:00,2026-07-06 19:05:17.044209181+00:00,24,1,42244728,2026-07-06 00:00:00+00:00,0.6949,2147483647,13920988,15302,3,4,1,6,M6AU6
2026-07-06 19:05:17.044315223+00:00,2026-07-06 19:05:17.044209181+00:00,24,1,42244728,2026-07-06 00:00:00+00:00,0.6949,2147483647,13920989,11558,3,4,1,2,M6AU6
2026-07-06 19:05:17.044323921+00:00,2026-07-06 19:05:17.044209181+00:00,24,1,42054026,2026-07-06 00:00:00+00:00,0.6939,2147483647,13920990,11675,3,4,1,6,M6AZ6
2026-07-06 19:05:17.044323921+00:00,2026-07-06 19:05:17.044209181+00:00,24,1,42054026,2026-07-06 00:00:00+00:00,0.6939,2147483647,13920990,11675,3,4,1,2,M6AZ6
2026-07-06 21:38:05.131864236+00:00,2026-07-06 21:38:05.130531347+00:00,24,1,42054026,2026-07-06 00:00:00+00:00,0.6939,2147483647,14633059,15092,3,4,1,6,M6AZ6
2026-07-06 21:38:52.041089921+00:00,2026-07-06 21:38:52.039984167+00:00,24,1,42141216,2026-07-06 00:00:00+00:00,-0.001,2147483647,14633743,15634,3,4,1,2,M6AZ6-M6AU6
2026-07-06 21:40:04.211026695+00:00,2026-07-06 21:40:04.209919241+00:00,24,1,42244728,2026-07-06 00:00:00+00:00,0.6949,2147483647,14635168,16569,3,4,1,6,M6AU6
2026-07-06 22:00:00.020554547+00:00,2026-07-06 22:00:00.000759907+00:00,24,1,42244728,,0.6946,2147483647,14642215,11578,8,4,1,0,M6AU6
2026-07-06 22:00:00.020554547+00:00,2026-07-06 22:00:00.000759907+00:00,24,1,42244728,,0.6951,2147483647,14642215,11578,7,4,1,0,M6AU6
2026-07-06 22:00:00.020564665+00:00,2026-07-06 22:00:00.000760253+00:00,24,1,42244728,,0.6949,2147483647,14642216,12332,7,4,1,0,M6AU6
2026-07-06 22:00:00.070612655+00:00,2026-07-06 22:00:00.070493739+00:00,24,1,42141216,,-0.0011,2147483647,14643078,11561,8,4,1,0,M6AZ6-M6AU6
2026-07-06 22:00:00.070612655+00:00,2026-07-06 22:00:00.070493739+00:00,24,1,42141216,,0.01,2147483647,14643078,11561,7,4,1,0,M6AZ6-M6AU6
2026-07-06 22:00:00.079180630+00:00,2026-07-06 22:00:00.079068881+00:00,24,1,42141216,,-0.0009,2147483647,14643156,11760,7,4,1,0,M6AZ6-M6AU6
2026-07-06 22:00:00.158125806+00:00,2026-07-06 22:00:00.158019971+00:00,24,1,42244728,,0.6947,2147483647,14643910,15022,8,4,1,0,M6AU6
2026-07-06 22:00:00.158362875+00:00,2026-07-06 22:00:00.158259077+00:00,24,1,42244728,,0.6948,2147483647,14643916,11668,8,4,1,0,M6AU6
2026-07-06 22:00:00.158820983+00:00,2026-07-06 22:00:00.158482633+00:00,24,1,42244728,,0.6949,2147483647,14643919,11669,5,4,1,0,M6AU6
2026-07-06 22:00:00.158820983+00:00,2026-07-06 22:00:00.158482633+00:00,24,1,42244728,,0.6949,2147483647,14643919,11669,4,4,1,0,M6AU6
2026-07-06 22:00:00.158820983+00:00,2026-07-06 22:00:00.158482633+00:00,24,1,42244728,,0.6949,2147483647,14643919,11669,1,4,1,0,M6AU6
2026-07-06 22:00:00.350813862+00:00,2026-07-06 22:00:00.350699819+00:00,24,1,42054026,,0.6933,2147483647,14644596,12059,8,4,1,0,M6AZ6
2026-07-06 22:00:00.350813862+00:00,2026-07-06 22:00:00.350699819+00:00,24,1,42054026,,0.6945,2147483647,14644596,12059,7,4,1,0,M6AZ6
2026-07-06 22:00:21.660015587+00:00,2026-07-06 22:00:21.659685673+00:00,24,1,42244728,,0.6948,2147483647,14652308,11522,4,4,1,0,M6AU6
2026-07-06 22:00:45.763296554+00:00,2026-07-06 22:00:45.763050839+00:00,24,1,42244728,,0.6949,2147483647,14657672,12756,8,4,1,0,M6AU6
2026-07-06 22:00:50.656571015+00:00,2026-07-06 22:00:50.656252731+00:00,24,1,42244728,,0.695,2147483647,14658402,11724,5,4,1,0,M6AU6
2026-07-06 22:01:15.378639672+00:00,2026-07-06 22:01:15.378526561+00:00,24,1,42054026,,0.6934,2147483647,14660132,13771,8,4,1,0,M6AZ6
2026-07-06 22:01:15.378833928+00:00,2026-07-06 22:01:15.378647899+00:00,24,1,42054026,,0.6944,2147483647,14660144,11975,7,4,1,0,M6AZ6
2026-07-06 22:05:49.047264804+00:00,2026-07-06 22:05:49.047104975+00:00,24,1,42244728,,0.6948,2147483647,14668887,17768,7,4,1,0,M6AU6
2026-07-06 22:09:52.248635996+00:00,2026-07-06 22:09:52.248331301+00:00,24,1,42244728,,0.6947,2147483647,14674251,11395,4,4,1,0,M6AU6
2026-07-06 22:18:21.709398139+00:00,2026-07-06 22:18:21.709220033+00:00,24,1,42054026,,0.6943,2147483647,14692487,18030,7,4,1,0,M6AZ6
2026-07-06 22:18:21.709529537+00:00,2026-07-06 22:18:21.709409473+00:00,24,1,42054026,,0.6942,2147483647,14692488,17755,7,4,1,0,M6AZ6
2026-07-06 22:18:33.528141240+00:00,2026-07-06 22:18:33.527984561+00:00,24,1,42054026,,0.6941,2147483647,14692740,16464,7,4,1,0,M6AZ6
2026-07-06 22:18:33.528261349+00:00,2026-07-06 22:18:33.528149711+00:00,24,1,42054026,,0.694,2147483647,14692741,15285,7,4,1,0,M6AZ6
2026-07-06 22:18:55.349090985+00:00,2026-07-06 22:18:55.348927971+00:00,24,1,42054026,,0.6939,2147483647,14693269,15748,7,4,1,0,M6AZ6
2026-07-06 22:19:06.580102305+00:00,2026-07-06 22:19:06.579833409+00:00,24,1,42054026,,0.6935,2147483647,14693652,12297,8,4,1,0,M6AZ6
2026-07-06 22:19:06.580549643+00:00,2026-07-06 22:19:06.580439582+00:00,24,1,42054026,,0.6936,2147483647,14693684,16150,8,4,1,0,M6AZ6
2026-07-06 22:19:14.475820964+00:00,2026-07-06 22:19:14.475660671+00:00,24,1,42054026,,0.6938,2147483647,14694271,19329,7,4,1,0,M6AZ6
2026-07-06 22:19:16.494907708+00:00,2026-07-06 22:19:16.494747447+00:00,24,1,42054026,,0.6937,2147483647,14694369,17060,7,4,1,0,M6AZ6
2026-07-06 22:19:16.495235838+00:00,2026-07-06 22:19:16.494911003+00:00,24,1,42054026,,0.6937,2147483647,14694371,11857,5,4,1,0,M6AZ6
2026-07-06 22:19:16.495235838+00:00,2026-07-06 22:19:16.494911003+00:00,24,1,42054026,,0.6937,2147483647,14694371,11857,4,4,1,0,M6AZ6
2026-07-06 22:19:16.495235838+00:00,2026-07-06 22:19:16.494911003+00:00,24,1,42054026,,0.6937,2147483647,14694371,11857,1,4,1,0,M6AZ6
2026-07-06 23:01:09.152308947+00:00,2026-07-06 23:01:09.152051908+00:00,24,1,42054026,,0.6937,2147483647,14743270,11946,8,4,1,0,M6AZ6
2026-07-06 23:02:35.061143756+00:00,2026-07-06 23:02:35.060821101+00:00,24,1,42054026,,0.694,2147483647,14750365,15890,5,4,1,0,M6AZ6
2026-07-06 23:02:35.061155026+00:00,2026-07-06 23:02:35.060828473+00:00,24,1,42244728,,0.695,2147483647,14750366,12776,8,4,1,0,M6AU6
2026-07-06 23:02:40.428128711+00:00,2026-07-06 23:02:40.427775737+00:00,24,1,42244728,,0.6951,2147483647,14750705,11659,5,4,1,0,M6AU6
2026-07-06 23:02:59.988833932+00:00,2026-07-06 23:02:59.988335781+00:00,24,1,42054026,,0.6938,2147483647,14751602,11824,8,4,1,0,M6AZ6
2026-07-06 23:04:23.024579990+00:00,2026-07-06 23:04:23.024291657+00:00,24,1,42244728,,0.6951,2147483647,14754628,11664,8,4,1,0,M6AU6
2026-07-06 23:04:23.025039480+00:00,2026-07-06 23:04:23.024622285+00:00,24,1,42054026,,0.6939,2147483647,14754654,11605,8,4,1,0,M6AZ6
2026-07-06 23:04:23.032656530+00:00,2026-07-06 23:04:23.031912929+00:00,24,1,42244728,,0.6952,2147483647,14754778,16484,5,4,1,0,M6AU6
2026-07-06 23:05:53.109463435+00:00,2026-07-06 23:05:53.109076167+00:00,24,1,42054026,2026-07-06 00:00:00+00:00,0.6939,2147483647,14757820,15378,3,4,1,7,M6AZ6
2026-07-06 23:06:26.705912247+00:00,2026-07-06 23:06:26.705593675+00:00,24,1,42141216,2026-07-06 00:00:00+00:00,-0.001,2147483647,14759152,15957,3,4,1,3,M6AZ6-M6AU6
2026-07-06 23:07:02.615734697+00:00,2026-07-06 23:07:02.615327959+00:00,24,1,42054026,,0.6942,2147483647,14761725,12685,5,4,1,0,M6AZ6
2026-07-06 23:08:56.411184374+00:00,2026-07-06 23:08:56.410867587+00:00,24,1,42244728,2026-07-06 00:00:00+00:00,0.6949,2147483647,14765998,16088,3,4,1,7,M6AU6
2026-07-06 23:56:07.069207217+00:00,2026-07-06 23:56:07.069102923+00:00,24,1,42244728,,0.6947,2147483647,14855736,11665,7,4,1,0,M6AU6
2026-07-06 23:56:10.417638491+00:00,2026-07-06 23:56:10.417273181+00:00,24,1,42244728,,0.6946,2147483647,14856004,11810,4,4,1,0,M6AU6
2026-07-07 00:00:00.106447790+00:00,2026-07-07 00:00:00.106144277+00:00,24,1,42244728,,0.6946,2147483647,14874914,14321,7,4,1,0,M6AU6
2026-07-07 00:02:03.145877620+00:00,2026-07-07 00:02:03.145476031+00:00,24,1,42244728,,0.6945,2147483647,14911419,15876,4,4,1,0,M6AU6
2026-07-07 00:02:03.145877620+00:00,2026-07-07 00:02:03.145476031+00:00,24,1,42244728,,0.6945,2147483647,14911419,15876,7,4,1,0,M6AU6
2026-07-07 00:02:03.177458844+00:00,2026-07-07 00:02:03.177307955+00:00,24,1,42054026,,0.6936,2147483647,14911594,12006,7,4,1,0,M6AZ6
2026-07-07 00:02:03.230544542+00:00,2026-07-07 00:02:03.230102195+00:00,24,1,42244728,,0.6944,2147483647,14911666,13600,4,4,1,0,M6AU6
2026-07-07 00:27:33.408784678+00:00,2026-07-07 00:27:33.408321741+00:00,24,1,42244728,,0.6944,2147483647,15127625,12731,7,4,1,0,M6AU6
2026-07-07 00:27:33.409305873+00:00,2026-07-07 00:27:33.408791007+00:00,24,1,42054026,,0.6934,2147483647,15127646,15639,4,4,1,0,M6AZ6
2026-07-07 00:34:46.085283241+00:00,2026-07-07 00:34:46.085178349+00:00,24,1,42054026,,0.6935,2147483647,15180489,14811,7,4,1,0,M6AZ6
2026-07-07 00:37:48.069589215+00:00,2026-07-07 00:37:48.069215959+00:00,24,1,42244728,,0.6942,2147483647,15202003,10694,4,4,1,0,M6AU6
2026-07-07 00:37:48.443213849+00:00,2026-07-07 00:37:48.442688253+00:00,24,1,42244728,,0.6943,2147483647,15202831,18618,7,4,1,0,M6AU6
2026-07-07 00:37:48.675190318+00:00,2026-07-07 00:37:48.675087101+00:00,24,1,42054026,,0.6934,2147483647,15203057,10768,7,4,1,0,M6AZ6
2026-07-07 00:38:03.194198833+00:00,2026-07-07 00:38:03.193872553+00:00,24,1,42054026,,0.6933,2147483647,15205471,16154,4,4,1,0,M6AZ6
2026-07-07 00:58:14.709002180+00:00,2026-07-07 00:58:14.708372683+00:00,24,1,42244728,,0.6942,2147483647,15422553,17839,7,4,1,0,M6AU6
2026-07-07 00:58:14.710238729+00:00,2026-07-07 00:58:14.709923875+00:00,24,1,42054026,,0.6933,2147483647,15422625,12042,7,4,1,0,M6AZ6
2026-07-07 00:58:34.804222563+00:00,2026-07-07 00:58:34.803924781+00:00,24,1,42244728,,0.6941,2147483647,15427658,11912,4,4,1,0,M6AU6
2026-07-07 00:59:35.724571609+00:00,2026-07-07 00:59:35.723963233+00:00,24,1,42244728,,0.6941,2147483647,15441438,11630,7,4,1,0,M6AU6
2026-07-07 00:59:35.725053063+00:00,2026-07-07 00:59:35.724611147+00:00,24,1,42054026,,0.6932,2147483647,15441469,12137,7,4,1,0,M6AZ6
2026-07-07 00:59:52.591432303+00:00,2026-07-07 00:59:52.591082308+00:00,24,1,42244728,,0.694,2147483647,15445794,15617,4,4,1,0,M6AU6
2026-07-07 00:59:52.592021579+00:00,2026-07-07 00:59:52.591427043+00:00,24,1,42244728,,0.694,2147483647,15445818,15460,7,4,1,0,M6AU6
2026-07-07 01:01:29.616598614+00:00,2026-07-07 01:01:29.616212135+00:00,24,1,42054026,,0.6931,2147483647,15473354,12015,7,4,1,0,M6AZ6
2026-07-07 01:01:29.639765393+00:00,2026-07-07 01:01:29.639475753+00:00,24,1,42244728,,0.6939,2147483647,15473388,11719,4,4,1,0,M6AU6
2026-07-07 01:01:29.645941478+00:00,2026-07-07 01:01:29.645831803+00:00,24,1,42244728,,0.6939,2147483647,15473403,11812,7,4,1,0,M6AU6
2026-07-07 01:01:29.710114479+00:00,2026-07-07 01:01:29.709717941+00:00,24,1,42244728,,0.6938,2147483647,15473509,12153,4,4,1,0,M6AU6
2026-07-07 01:24:14.871084703+00:00,2026-07-07 01:24:14.869909795+00:00,24,1,42244728,,0.6938,2147483647,15688671,11491,7,4,1,0,M6AU6
2026-07-07 01:24:14.871256053+00:00,2026-07-07 01:24:14.870989493+00:00,24,1,42054026,,0.693,2147483647,15688682,12147,7,4,1,0,M6AZ6
2026-07-07 01:24:14.872771125+00:00,2026-07-07 01:24:14.872420509+00:00,24,1,42054026,,0.6929,2147483647,15688771,14973,7,4,1,0,M6AZ6
2026-07-07 01:36:09.810823230+00:00,2026-07-07 01:36:09.810719793+00:00,24,1,42244728,2026-07-06 00:00:00+00:00,,3207,15919777,13810,9,4,1,0,M6AU6
2026-07-07 01:36:09.810823230+00:00,2026-07-07 01:36:09.810719793+00:00,24,1,42244728,2026-07-06 00:00:00+00:00,,6042,15919777,13810,6,4,1,0,M6AU6
2026-07-07 01:36:09.810823230+00:00,2026-07-07 01:36:09.810719793+00:00,24,1,42054026,2026-07-06 00:00:00+00:00,,109,15919777,13810,9,4,1,0,M6AZ6
2026-07-07 01:36:09.810823230+00:00,2026-07-07 01:36:09.810719793+00:00,24,1,42054026,2026-07-06 00:00:00+00:00,,24,15919777,13810,6,4,1,0,M6AZ6
2026-07-07 03:30:19.320821502+00:00,2026-07-07 03:30:19.320471071+00:00,24,1,42244728,,0.6937,2147483647,16913892,12184,4,4,1,0,M6AU6
2026-07-07 03:43:36.065076598+00:00,2026-07-07 03:43:36.064679519+00:00,24,1,42244728,,0.6937,2147483647,17010853,15599,7,4,1,0,M6AU6
2026-07-07 03:43:36.065561660+00:00,2026-07-07 03:43:36.065224303+00:00,24,1,42054026,,0.6928,2147483647,17010881,12253,7,4,1,0,M6AZ6
2026-07-07 03:45:58.133708873+00:00,2026-07-07 03:45:58.132961317+00:00,24,1,42244728,,0.6935,2147483647,17025537,14386,4,4,1,0,M6AU6
2026-07-07 03:45:58.133708873+00:00,2026-07-07 03:45:58.132964159+00:00,24,1,42244728,,0.6936,2147483647,17025537,14386,7,4,1,0,M6AU6
2026-07-07 03:48:55.170580108+00:00,2026-07-07 03:48:55.170123896+00:00,24,1,42054026,,0.6927,2147483647,17050093,12389,7,4,1,0,M6AZ6
2026-07-07 03:48:55.170689907+00:00,2026-07-07 03:48:55.170175103+00:00,24,1,42244728,,0.6935,2147483647,17050101,12988,7,4,1,0,M6AU6
2026-07-07 03:48:55.253960521+00:00,2026-07-07 03:48:55.253662403+00:00,24,1,42244728,,0.6934,2147483647,17050737,16774,4,4,1,0,M6AU6
2026-07-07 03:48:55.254039543+00:00,2026-07-07 03:48:55.253709749+00:00,24,1,42054026,,0.6926,2147483647,17050742,13873,7,4,1,0,M6AZ6
2026-07-07 03:48:55.255724236+00:00,2026-07-07 03:48:55.255411541+00:00,24,1,42244728,,0.6934,2147483647,17050821,11351,7,4,1,0,M6AU6
2026-07-07 04:59:37.174525679+00:00,2026-07-07 04:59:37.174321661+00:00,24,1,42054026,,0.6925,2147483647,17482617,14485,7,4,1,0,M6AZ6
2026-07-07 05:00:04.286573306+00:00,2026-07-07 05:00:04.286299149+00:00,24,1,42244728,,0.6933,2147483647,17489440,11629,4,4,1,0,M6AU6
2026-07-07 05:00:04.558907233+00:00,2026-07-07 05:00:04.558792495+00:00,24,1,42244728,,0.6933,2147483647,17489515,15048,7,4,1,0,M6AU6
2026-07-07 05:01:09.690972289+00:00,2026-07-07 05:01:09.690414923+00:00,24,1,42244728,,0.6932,2147483647,17505991,14739,4,4,1,0,M6AU6
2026-07-07 05:01:56.700240939+00:00,2026-07-07 05:01:56.699789613+00:00,24,1,42054026,,0.6924,2147483647,17509577,11476,7,4,1,0,M6AZ6
2026-07-07 05:08:37.046516923+00:00,2026-07-07 05:08:37.046283437+00:00,24,1,42244728,,0.6932,2147483647,17553080,13874,7,4,1,0,M6AU6
2026-07-07 05:08:37.047308651+00:00,2026-07-07 05:08:37.046826735+00:00,24,1,42054026,,0.6923,2147483647,17553127,11952,7,4,1,0,M6AZ6
2026-07-07 05:09:10.050509567+00:00,2026-07-07 05:09:10.050078105+00:00,24,1,42244728,,0.6931,2147483647,17557983,14706,4,4,1,0,M6AU6
2026-07-07 05:09:11.166191851+00:00,2026-07-07 05:09:11.165745397+00:00,24,1,42244728,,0.6931,2147483647,17558196,12228,7,4,1,0,M6AU6
2026-07-07 05:11:11.861676836+00:00,2026-07-07 05:11:11.861055585+00:00,24,1,42244728,,0.693,2147483647,17580138,17159,4,4,1,0,M6AU6
2026-07-07 05:11:11.861676836+00:00,2026-07-07 05:11:11.861059117+00:00,24,1,42244728,,0.693,2147483647,17580138,17159,7,4,1,0,M6AU6
2026-07-07 05:11:11.861722261+00:00,2026-07-07 05:11:11.861117807+00:00,24,1,42054026,,0.6922,2147483647,17580140,17045,7,4,1,0,M6AZ6
2026-07-07 05:11:11.862323823+00:00,2026-07-07 05:11:11.861732411+00:00,24,1,42054026,,0.6921,2147483647,17580179,11892,7,4,1,0,M6AZ6
2026-07-07 05:11:58.695682903+00:00,2026-07-07 05:11:58.694980843+00:00,24,1,42244728,,0.6928,2147483647,17587991,13339,4,4,1,0,M6AU6
2026-07-07 05:11:58.700678406+00:00,2026-07-07 05:11:58.700564299+00:00,24,1,42244728,,0.6929,2147483647,17588176,15697,7,4,1,0,M6AU6
2026-07-07 05:13:39.914898542+00:00,2026-07-07 05:13:39.914598003+00:00,24,1,42054026,,0.692,2147483647,17606444,11699,7,4,1,0,M6AZ6
2026-07-07 05:13:41.900920603+00:00,2026-07-07 05:13:41.900334517+00:00,24,1,42244728,,0.6928,2147483647,17606975,16180,7,4,1,0,M6AU6
2026-07-07 05:20:28.582799082+00:00,2026-07-07 05:20:28.582194277+00:00,24,1,42054026,,0.6917,2147483647,17669090,15024,4,4,1,0,M6AZ6
2026-07-07 05:20:28.583330337+00:00,2026-07-07 05:20:28.582897003+00:00,24,1,42054026,,0.6919,2147483647,17669121,11722,7,4,1,0,M6AZ6
2026-07-07 05:20:35.295562519+00:00,2026-07-07 05:20:35.294552383+00:00,24,1,42244728,,0.6927,2147483647,17670194,13693,4,4,1,0,M6AU6
2026-07-07 05:20:35.776259395+00:00,2026-07-07 05:20:35.776147987+00:00,24,1,42244728,,0.6927,2147483647,17670784,11375,7,4,1,0,M6AU6
2026-07-07 05:25:39.921185186+00:00,2026-07-07 05:25:39.920949303+00:00,24,1,42054026,,0.6918,2147483647,17731200,11367,7,4,1,0,M6AZ6
2026-07-07 14:03:34.230276452+00:00,2026-07-07 14:03:34.230194909+00:00,24,1,42244728,2026-07-06 00:00:00+00:00,,3207,24695068,11761,9,4,1,0,M6AU6
2026-07-07 14:03:34.230276452+00:00,2026-07-07 14:03:34.230194909+00:00,24,1,42244728,2026-07-06 00:00:00+00:00,,6042,24695068,11761,6,4,1,0,M6AU6
2026-07-07 14:03:42.305859673+00:00,2026-07-07 14:03:42.305773593+00:00,24,1,42054026,2026-07-06 00:00:00+00:00,,109,24707357,15657,9,4,1,0,M6AZ6
2026-07-07 14:03:42.305859673+00:00,2026-07-07 14:03:42.305773593+00:00,24,1,42054026,2026-07-06 00:00:00+00:00,,24,24707357,15657,6,4,1,0,M6AZ6
2026-07-07 14:07:40.532090612+00:00,2026-07-07 14:07:40.531820677+00:00,24,1,42244728,,0.6926,2147483647,24908989,11569,4,4,1,0,M6AU6
2026-07-07 15:18:21.098709259+00:00,2026-07-07 15:18:21.098599095+00:00,24,1,42244728,,0.6926,2147483647,26722003,15958,7,4,1,0,M6AU6
2026-07-07 15:57:13.315258406+00:00,2026-07-07 15:57:13.314848329+00:00,24,1,42244728,,0.6925,2147483647,27322059,12520,4,4,1,0,M6AU6
2026-07-07 16:41:39.170792630+00:00,2026-07-07 16:41:39.170446711+00:00,24,1,42244728,,0.6925,2147483647,27911780,11977,7,4,1,0,M6AU6
2026-07-07 18:54:40.486987038+00:00,2026-07-07 18:54:40.486640385+00:00,24,1,42244728,,0.6924,2147483647,29406390,12285,4,4,1,0,M6AU6
2026-07-07 18:55:43.458869326+00:00,2026-07-07 18:55:43.458403433+00:00,24,1,42054026,,0.6914,2147483647,29442409,15545,4,4,1,0,M6AZ6
2026-07-07 18:55:46.601314958+00:00,2026-07-07 18:55:46.601172297+00:00,24,1,42244728,,0.6924,2147483647,29443450,12103,7,4,1,0,M6AU6
2026-07-07 19:00:43.929593247+00:00,2026-07-07 19:00:43.929317035+00:00,24,1,42244728,,0.6923,2147483647,29600609,11539,4,4,1,0,M6AU6
2026-07-07 19:00:43.946701973+00:00,2026-07-07 19:00:43.946321389+00:00,24,1,42244728,,0.6923,2147483647,29600636,16302,7,4,1,0,M6AU6
2026-07-07 19:00:44.031534977+00:00,2026-07-07 19:00:44.031260403+00:00,24,1,42244728,,0.6922,2147483647,29601079,11404,4,4,1,0,M6AU6
2026-07-07 19:01:01.141829763+00:00,2026-07-07 19:01:01.141680271+00:00,24,1,42054026,,0.6917,2147483647,29614418,12095,7,4,1,0,M6AZ6
2026-07-07 19:01:06.114007665+00:00,2026-07-07 19:01:06.113498247+00:00,24,1,42244728,,0.6922,2147483647,29621680,16639,7,4,1,0,M6AU6
2026-07-07 19:05:16.232227879+00:00,2026-07-07 19:05:16.232110915+00:00,24,1,42244728,2026-07-07 00:00:00+00:00,0.6925,2147483647,29729491,14484,3,4,1,6,M6AU6
2026-07-07 19:05:16.232236556+00:00,2026-07-07 19:05:16.232110915+00:00,24,1,42244728,2026-07-07 00:00:00+00:00,0.6925,2147483647,29729492,11730,3,4,1,2,M6AU6
2026-07-07 19:05:16.232236556+00:00,2026-07-07 19:05:16.232110915+00:00,24,1,42054026,2026-07-07 00:00:00+00:00,0.6915,2147483647,29729492,11730,3,4,1,6,M6AZ6
2026-07-07 19:05:16.232243603+00:00,2026-07-07 19:05:16.232110915+00:00,24,1,42054026,2026-07-07 00:00:00+00:00,0.6915,2147483647,29729493,11434,3,4,1,2,M6AZ6
2026-07-07 19:06:55.523434907+00:00,2026-07-07 19:06:55.523093039+00:00,24,1,42244728,,0.6921,2147483647,29768285,14105,4,4,1,0,M6AU6
2026-07-07 19:06:55.523805063+00:00,2026-07-07 19:06:55.523357759+00:00,24,1,42244728,,0.6921,2147483647,29768304,11156,7,4,1,0,M6AU6
2026-07-07 19:07:15.076092775+00:00,2026-07-07 19:07:15.075322263+00:00,24,1,42244728,,0.692,2147483647,29776080,12602,4,4,1,0,M6AU6
2026-07-07 19:07:15.077658338+00:00,2026-07-07 19:07:15.077363422+00:00,24,1,42244728,,0.692,2147483647,29776141,15990,7,4,1,0,M6AU6
2026-07-07 19:07:28.902609819+00:00,2026-07-07 19:07:28.900108323+00:00,24,1,42244728,,0.6919,2147483647,29785085,12532,4,4,1,0,M6AU6
2026-07-07 19:07:28.904232748+00:00,2026-07-07 19:07:28.900839721+00:00,24,1,42244728,,0.6919,2147483647,29785118,12880,7,4,1,0,M6AU6
2026-07-07 19:07:28.909523339+00:00,2026-07-07 19:07:28.906695765+00:00,24,1,42054026,,0.6915,2147483647,29785338,14303,7,4,1,0,M6AZ6
2026-07-07 19:07:28.912081029+00:00,2026-07-07 19:07:28.910721068+00:00,24,1,42054026,,0.6914,2147483647,29785437,12058,7,4,1,0,M6AZ6
2026-07-07 19:11:25.728283348+00:00,2026-07-07 19:11:25.727431949+00:00,24,1,42244728,,0.6918,2147483647,29873001,15189,4,4,1,0,M6AU6
2026-07-07 19:11:25.728283348+00:00,2026-07-07 19:11:25.727436653+00:00,24,1,42244728,,0.6918,2147483647,29873001,15189,7,4,1,0,M6AU6
2026-07-07 19:11:25.734043835+00:00,2026-07-07 19:11:25.733739615+00:00,24,1,42244728,,0.6917,2147483647,29873037,12147,4,4,1,0,M6AU6
2026-07-07 19:12:04.119600398+00:00,2026-07-07 19:12:04.119001710+00:00,24,1,42244728,,0.6917,2147483647,29888400,15724,7,4,1,0,M6AU6
2026-07-07 19:15:00.064524668+00:00,2026-07-07 19:15:00.064146115+00:00,24,1,42244728,,0.6916,2147483647,29943813,19089,4,4,1,0,M6AU6
2026-07-07 19:15:00.064651843+00:00,2026-07-07 19:15:00.064207167+00:00,24,1,42244728,,0.6916,2147483647,29943820,11911,7,4,1,0,M6AU6
2026-07-07 19:15:00.064813804+00:00,2026-07-07 19:15:00.064406683+00:00,24,1,42054026,,0.6912,2147483647,29943829,11576,7,4,1,0,M6AZ6
2026-07-07 19:15:00.065196479+00:00,2026-07-07 19:15:00.064822077+00:00,24,1,42054026,,0.6911,2147483647,29943857,13735,7,4,1,0,M6AZ6
2026-07-07 19:15:31.861078271+00:00,2026-07-07 19:15:31.860757311+00:00,24,1,42054026,,0.6909,2147483647,29956649,14727,7,4,1,0,M6AZ6
2026-07-07 19:15:31.862290515+00:00,2026-07-07 19:15:31.862161719+00:00,24,1,42054026,,0.6908,2147483647,29956739,14989,7,4,1,0,M6AZ6
2026-07-07 19:15:40.844429286+00:00,2026-07-07 19:15:40.844002911+00:00,24,1,42244728,,0.6914,2147483647,29961171,13175,4,4,1,0,M6AU6
2026-07-07 19:15:40.844619759+00:00,2026-07-07 19:15:40.844463555+00:00,24,1,42244728,,0.6915,2147483647,29961184,11896,7,4,1,0,M6AU6
2026-07-07 19:15:48.986326869+00:00,2026-07-07 19:15:48.985926385+00:00,24,1,42054026,,0.6907,2147483647,29966565,12246,7,4,1,0,M6AZ6
2026-07-07 19:16:28.187238934+00:00,2026-07-07 19:16:28.187137869+00:00,24,1,42244728,,0.6914,2147483647,29989601,14659,7,4,1,0,M6AU6
2026-07-07 19:16:31.440549068+00:00,2026-07-07 19:16:31.440140681+00:00,24,1,42244728,,0.6913,2147483647,29991167,12526,4,4,1,0,M6AU6
2026-07-07 19:16:45.134704179+00:00,2026-07-07 19:16:45.134322325+00:00,24,1,42054026,,0.6906,2147483647,29996785,15837,7,4,1,0,M6AZ6
2026-07-07 19:18:27.882272369+00:00,2026-07-07 19:18:27.856681592+00:00,24,1,42244728,,0.6913,2147483647,30042765,18193,7,4,1,0,M6AU6
2026-07-07 19:18:27.903570511+00:00,2026-07-07 19:18:27.888844698+00:00,24,1,42244728,,0.6912,2147483647,30043035,18735,4,4,1,0,M6AU6
2026-07-07 19:18:27.915509159+00:00,2026-07-07 19:18:27.908026551+00:00,24,1,42054026,,0.6905,2147483647,30043597,17148,7,4,1,0,M6AZ6
2026-07-07 21:37:59.212694756+00:00,2026-07-07 21:37:59.210673563+00:00,24,1,42054026,2026-07-07 00:00:00+00:00,0.6915,2147483647,31084881,15394,3,4,1,6,M6AZ6
2026-07-07 21:38:46.310945206+00:00,2026-07-07 21:38:46.309735159+00:00,24,1,42141216,2026-07-07 00:00:00+00:00,-0.001,2147483647,31085590,16273,3,4,1,2,M6AZ6-M6AU6
2026-07-07 21:39:58.210181929+00:00,2026-07-07 21:39:58.208887467+00:00,24,1,42244728,2026-07-07 00:00:00+00:00,0.6925,2147483647,31087036,15452,3,4,1,6,M6AU6
2026-07-07 21:55:06.535465947+00:00,2026-07-07 21:55:06.535288897+00:00,24,1,42244728,,0.692,1,31089857,15870,2,4,1,0,M6AU6
2026-07-07 22:00:00.013883283+00:00,2026-07-07 22:00:00+00:00,24,1,42244728,,0.692,2147483647,31091964,13831,5,4,1,0,M6AU6
2026-07-07 22:00:00.013883283+00:00,2026-07-07 22:00:00+00:00,24,1,42244728,,0.692,2147483647,31091964,13831,4,4,1,0,M6AU6
2026-07-07 22:00:00.013883283+00:00,2026-07-07 22:00:00+00:00,24,1,42244728,,0.692,2147483647,31091964,13831,1,4,1,0,M6AU6
2026-07-07 22:00:00.017425594+00:00,2026-07-07 22:00:00.000538367+00:00,24,1,42244728,,0.6913,2147483647,31092148,11601,8,4,1,0,M6AU6
2026-07-07 22:00:00.017425594+00:00,2026-07-07 22:00:00.000538367+00:00,24,1,42244728,,0.692,2147483647,31092148,11601,7,4,1,0,M6AU6
2026-07-07 22:00:00.017435961+00:00,2026-07-07 22:00:00.000538541+00:00,24,1,42244728,,0.6919,2147483647,31092149,12413,7,4,1,0,M6AU6
2026-07-07 22:00:00.060126338+00:00,2026-07-07 22:00:00.059991085+00:00,24,1,42244728,,0.6915,2147483647,31092982,15112,8,4,1,0,M6AU6
2026-07-07 22:00:00.084595079+00:00,2026-07-07 22:00:00.083814585+00:00,24,1,42141216,,-0.01,2147483647,31093403,12441,8,4,1,0,M6AZ6-M6AU6
2026-07-07 22:00:00.084595079+00:00,2026-07-07 22:00:00.083814585+00:00,24,1,42141216,,-0.0009,2147483647,31093403,12441,7,4,1,0,M6AZ6-M6AU6
2026-07-07 22:00:00.084613145+00:00,2026-07-07 22:00:00.083839967+00:00,24,1,42141216,,-0.0011,2147483647,31093405,11865,8,4,1,0,M6AZ6-M6AU6
2026-07-07 22:00:00.141051330+00:00,2026-07-07 22:00:00.140779651+00:00,24,1,42244728,,0.6915,2147483647,31093648,11872,4,4,1,0,M6AU6
2026-07-07 22:00:00.363587969+00:00,2026-07-07 22:00:00.363454355+00:00,24,1,42054026,,0.6899,2147483647,31094337,12061,8,4,1,0,M6AZ6
2026-07-07 22:00:00.363587969+00:00,2026-07-07 22:00:00.363454355+00:00,24,1,42054026,,0.6941,2147483647,31094337,12061,7,4,1,0,M6AZ6
2026-07-07 22:00:00.364120511+00:00,2026-07-07 22:00:00.364012685+00:00,24,1,42054026,,0.6914,2147483647,31094360,11976,7,4,1,0,M6AZ6
2026-07-07 22:00:01.526621423+00:00,2026-07-07 22:00:01.526515219+00:00,24,1,42244728,,0.6916,2147483647,31097237,12070,8,4,1,0,M6AU6
2026-07-07 22:00:01.526953721+00:00,2026-07-07 22:00:01.526829183+00:00,24,1,42244728,,0.6917,2147483647,31097257,11728,8,4,1,0,M6AU6
2026-07-07 22:00:01.528638587+00:00,2026-07-07 22:00:01.528535317+00:00,24,1,42054026,,0.6902,2147483647,31097302,11571,8,4,1,0,M6AZ6
2026-07-07 22:00:02.615360782+00:00,2026-07-07 22:00:02.615201517+00:00,24,1,42244728,,0.6918,2147483647,31098258,15052,7,4,1,0,M6AU6
2026-07-07 22:00:02.639966719+00:00,2026-07-07 22:00:02.639876997+00:00,24,1,42244728,,0.6917,2147483647,31098469,11618,7,4,1,0,M6AU6
2026-07-07 22:00:46.274749475+00:00,2026-07-07 22:00:46.274527917+00:00,24,1,42244728,,0.6916,2147483647,31108522,11520,7,4,1,0,M6AU6
2026-07-07 22:00:49.137921513+00:00,2026-07-07 22:00:49.137669043+00:00,24,1,42054026,,0.6911,2147483647,31110022,12171,7,4,1,0,M6AZ6
2026-07-07 22:00:57.067002484+00:00,2026-07-07 22:00:57.066890891+00:00,24,1,42244728,,0.6915,2147483647,31111080,14557,7,4,1,0,M6AU6
2026-07-07 22:01:15.356460243+00:00,2026-07-07 22:01:15.356253879+00:00,24,1,42054026,,0.691,2147483647,31114319,12441,7,4,1,0,M6AZ6
2026-07-07 22:01:16.170680356+00:00,2026-07-07 22:01:16.170304825+00:00,24,1,42244728,,0.6914,2147483647,31114550,15175,4,4,1,0,M6AU6
2026-07-07 22:16:08.832388734+00:00,2026-07-07 22:16:08.832065897+00:00,24,1,42054026,,0.6909,2147483647,31149331,12406,7,4,1,0,M6AZ6
2026-07-07 22:16:08.832581222+00:00,2026-07-07 22:16:08.832093161+00:00,24,1,42054026,,0.6904,2147483647,31149346,12225,8,4,1,0,M6AZ6
2026-07-07 22:16:08.833270697+00:00,2026-07-07 22:16:08.832588881+00:00,24,1,42054026,,0.6905,2147483647,31149398,11876,8,4,1,0,M6AZ6
2026-07-07 22:54:44.232793155+00:00,2026-07-07 22:54:44.232443545+00:00,24,1,42054026,2026-07-07 00:00:00+00:00,0.6915,2147483647,31225056,15339,3,4,1,7,M6AZ6
2026-07-07 22:55:10.565881222+00:00,2026-07-07 22:55:10.565628537+00:00,24,1,42244728,,0.6918,2147483647,31227177,11834,8,4,1,0,M6AU6
2026-07-07 22:55:10.565995188+00:00,2026-07-07 22:55:10.565683409+00:00,24,1,42054026,,0.6906,2147483647,31227184,11646,8,4,1,0,M6AZ6
2026-07-07 22:55:10.566328579+00:00,2026-07-07 22:55:10.566220918+00:00,24,1,42054026,,0.6907,2147483647,31227204,12075,8,4,1,0,M6AZ6
2026-07-07 22:55:18.552191899+00:00,2026-07-07 22:55:18.551838329+00:00,24,1,42141216,2026-07-07 00:00:00+00:00,-0.001,2147483647,31227719,14555,3,4,1,3,M6AZ6-M6AU6
2026-07-07 22:57:52.209509347+00:00,2026-07-07 22:57:52.209158449+00:00,24,1,42244728,2026-07-07 00:00:00+00:00,0.6925,2147483647,31232571,16261,3,4,1,7,M6AU6
2026-07-07 23:01:51.051366577+00:00,2026-07-07 23:01:51.051221573+00:00,24,1,42054026,,0.691,2147483647,31239480,15749,8,4,1,0,M6AZ6
2026-07-07 23:01:51.051695764+00:00,2026-07-07 23:01:51.051369869+00:00,24,1,42054026,,0.691,2147483647,31239482,12321,5,4,1,0,M6AZ6
2026-07-07 23:01:51.051695764+00:00,2026-07-07 23:01:51.051369869+00:00,24,1,42054026,,0.691,2147483647,31239482,12321,4,4,1,0,M6AZ6
2026-07-07 23:01:51.051695764+00:00,2026-07-07 23:01:51.051369869+00:00,24,1,42054026,,0.691,2147483647,31239482,12321,1,4,1,0,M6AZ6
2026-07-07 23:04:42.022138758+00:00,2026-07-07 23:04:42.022015355+00:00,24,1,42244728,,0.6919,2147483647,31248043,15435,8,4,1,0,M6AU6
2026-07-07 23:18:49.004820065+00:00,2026-07-07 23:18:49.004223749+00:00,24,1,42244728,,0.6921,2147483647,31289997,13411,5,4,1,0,M6AU6
2026-07-07 23:18:49.005300846+00:00,2026-07-07 23:18:49.004564833+00:00,24,1,42244728,,0.692,2147483647,31290029,14111,8,4,1,0,M6AU6
2026-07-07 23:57:30.297741151+00:00,2026-07-07 23:57:30.297548201+00:00,24,1,42054026,,0.6908,2147483647,31393124,11905,7,4,1,0,M6AZ6
2026-07-07 23:57:36.675349004+00:00,2026-07-07 23:57:36.675177155+00:00,24,1,42054026,,0.6907,2147483647,31396051,11545,7,4,1,0,M6AZ6
2026-07-07 23:58:41.075480335+00:00,2026-07-07 23:58:41.075360927+00:00,24,1,42244728,,0.6914,2147483647,31410876,16141,7,4,1,0,M6AU6
2026-07-07 23:58:52.437799588+00:00,2026-07-07 23:58:52.437439727+00:00,24,1,42054026,,0.6906,2147483647,31412098,12431,7,4,1,0,M6AZ6
2026-07-08 00:00:42.951541119+00:00,2026-07-08 00:00:42.951198045+00:00,24,1,42244728,,0.6913,2147483647,31443883,13497,4,4,1,0,M6AU6
2026-07-08 00:00:42.951652954+00:00,2026-07-08 00:00:42.951500431+00:00,24,1,42244728,,0.6913,2147483647,31443885,14707,7,4,1,0,M6AU6
2026-07-08 00:00:51.950826303+00:00,2026-07-08 00:00:51.950608648+00:00,24,1,42054026,,0.6905,2147483647,31447902,13070,7,4,1,0,M6AZ6
2026-07-08 00:24:47.782931813+00:00,2026-07-08 00:24:47.782554689+00:00,24,1,42244728,,0.6922,2147483647,31802639,13298,5,4,1,0,M6AU6
2026-07-08 00:24:50.130262811+00:00,2026-07-08 00:24:50.130150323+00:00,24,1,42244728,,0.6921,2147483647,31803115,16074,8,4,1,0,M6AU6
2026-07-08 00:27:34.791809041+00:00,2026-07-08 00:27:34.791647699+00:00,24,1,42244728,,0.6922,2147483647,31833437,11894,8,4,1,0,M6AU6
2026-07-08 00:31:55.124017642+00:00,2026-07-08 00:31:55.123831105+00:00,24,1,42054026,,0.6911,2147483647,31901680,11631,8,4,1,0,M6AZ6
2026-07-08 00:37:49.682999628+00:00,2026-07-08 00:37:49.682628111+00:00,24,1,42244728,,0.6923,2147483647,31964452,15508,5,4,1,0,M6AU6
2026-07-08 00:37:49.729226636+00:00,2026-07-08 00:37:49.728929477+00:00,24,1,42244728,,0.6923,2147483647,31964675,12232,8,4,1,0,M6AU6
2026-07-08 00:37:51.535179515+00:00,2026-07-08 00:37:51.535073155+00:00,24,1,42054026,,0.6912,2147483647,31965180,13321,8,4,1,0,M6AZ6
2026-07-08 00:38:48.772911326+00:00,2026-07-08 00:38:48.772583159+00:00,24,1,42244728,,0.6924,2147483647,31975615,11508,5,4,1,0,M6AU6
2026-07-08 00:39:07.512334835+00:00,2026-07-08 00:39:07.512210785+00:00,24,1,42244728,,0.6924,2147483647,31978889,15267,8,4,1,0,M6AU6
2026-07-08 00:40:46.440554372+00:00,2026-07-08 00:40:46.440122511+00:00,24,1,42244728,,0.6925,2147483647,31993803,12739,5,4,1,0,M6AU6
2026-07-08 00:40:47.569460108+00:00,2026-07-08 00:40:47.568966125+00:00,24,1,42244728,,0.6925,2147483647,31993895,17622,8,4,1,0,M6AU6
2026-07-08 00:40:47.570213879+00:00,2026-07-08 00:40:47.569957703+00:00,24,1,42054026,,0.6913,2147483647,31993933,11652,8,4,1,0,M6AZ6
2026-07-08 00:40:47.570480957+00:00,2026-07-08 00:40:47.570276462+00:00,24,1,42054026,,0.6914,2147483647,31993948,11775,8,4,1,0,M6AZ6
2026-07-08 00:47:26.602144972+00:00,2026-07-08 00:47:26.601400847+00:00,24,1,42244728,,0.6926,2147483647,32061263,11819,5,4,1,0,M6AU6
2026-07-08 00:47:26.602172504+00:00,2026-07-08 00:47:26.601422483+00:00,24,1,42244728,,0.6926,2147483647,32061264,12204,8,4,1,0,M6AU6
2026-07-08 00:48:42.409202194+00:00,2026-07-08 00:48:42.408903039+00:00,24,1,42244728,,0.6927,2147483647,32075584,11912,5,4,1,0,M6AU6
2026-07-08 00:52:59.658928936+00:00,2026-07-08 00:52:59.658592117+00:00,24,1,42054026,,0.6915,2147483647,32117888,12006,8,4,1,0,M6AZ6
2026-07-08 00:53:00.623427276+00:00,2026-07-08 00:53:00.623318597+00:00,24,1,42244728,,0.6927,2147483647,32118347,11710,8,4,1,0,M6AU6
2026-07-08 01:00:59.004428913+00:00,2026-07-08 01:00:59.004215711+00:00,24,1,42054026,,0.6916,2147483647,32237072,11651,8,4,1,0,M6AZ6
2026-07-08 01:01:01.062469076+00:00,2026-07-08 01:01:01.062216643+00:00,24,1,42244728,,0.6928,2147483647,32239978,11435,5,4,1,0,M6AU6
2026-07-08 01:01:19.889819141+00:00,2026-07-08 01:01:19.889701217+00:00,24,1,42244728,,0.6928,2147483647,32245653,15367,8,4,1,0,M6AU6
2026-07-08 01:03:02.755646843+00:00,2026-07-08 01:03:02.755324179+00:00,24,1,42244728,,0.6929,2147483647,32268991,12332,5,4,1,0,M6AU6
2026-07-08 01:24:53.476276876+00:00,2026-07-08 01:24:53.476186735+00:00,24,1,42054026,2026-07-07 00:00:00+00:00,,112,32478525,12035,9,4,1,0,M6AZ6
2026-07-08 01:24:53.476276876+00:00,2026-07-08 01:24:53.476186735+00:00,24,1,42054026,2026-07-07 00:00:00+00:00,,13,32478525,12035,6,4,1,0,M6AZ6
2026-07-08 01:24:53.476276876+00:00,2026-07-08 01:24:53.476186735+00:00,24,1,42244728,2026-07-07 00:00:00+00:00,,3259,32478525,12035,9,4,1,0,M6AU6
2026-07-08 01:24:53.476276876+00:00,2026-07-08 01:24:53.476186735+00:00,24,1,42244728,2026-07-07 00:00:00+00:00,,3764,32478525,12035,6,4,1,0,M6AU6
2026-07-08 01:50:02.752685012+00:00,2026-07-08 01:50:02.751834801+00:00,24,1,42244728,,0.6929,2147483647,32781938,11648,8,4,1,0,M6AU6
2026-07-08 01:50:06.049710055+00:00,2026-07-08 01:50:06.049599657+00:00,24,1,42244728,,0.693,2147483647,32785479,11510,8,4,1,0,M6AU6
2026-07-08 02:00:06.116784646+00:00,2026-07-08 02:00:06.113908865+00:00,24,1,42244728,,0.693,2147483647,32895947,15072,5,4,1,0,M6AU6
2026-07-08 02:06:13.289125292+00:00,2026-07-08 02:06:13.289013779+00:00,24,1,42244728,,0.6931,2147483647,32987838,15746,8,4,1,0,M6AU6
2026-07-08 02:06:18.029455126+00:00,2026-07-08 02:06:18.029205915+00:00,24,1,42054026,,0.6917,2147483647,32988746,16375,8,4,1,0,M6AZ6
2026-07-08 02:08:14.388474859+00:00,2026-07-08 02:08:14.388188751+00:00,24,1,42244728,,0.6931,2147483647,33019912,11627,5,4,1,0,M6AU6
2026-07-08 02:16:25.977160707+00:00,2026-07-08 02:16:25.976646147+00:00,24,1,42244728,,0.6932,2147483647,33129356,14194,5,4,1,0,M6AU6
2026-07-08 02:16:33.592101342+00:00,2026-07-08 02:16:33.591931175+00:00,24,1,42244728,,0.6932,2147483647,33130871,15641,8,4,1,0,M6AU6
2026-07-08 02:18:33.992775264+00:00,2026-07-08 02:18:33.992202499+00:00,24,1,42244728,,0.6933,2147483647,33151889,11836,5,4,1,0,M6AU6
2026-07-08 02:23:06.502125718+00:00,2026-07-08 02:23:06.501929571+00:00,24,1,42244728,,0.6933,2147483647,33191322,11663,8,4,1,0,M6AU6
2026-07-08 02:23:43.748593921+00:00,2026-07-08 02:23:43.748283781+00:00,24,1,42244728,,0.6934,2147483647,33199178,15690,5,4,1,0,M6AU6
2026-07-08 02:23:43.748593921+00:00,2026-07-08 02:23:43.748313579+00:00,24,1,42244728,,0.6934,2147483647,33199178,15690,8,4,1,0,M6AU6
2026-07-08 02:24:07.249301027+00:00,2026-07-08 02:24:07.249206536+00:00,24,1,42054026,,0.6919,2147483647,33202791,11895,8,4,1,0,M6AZ6
2026-07-08 02:24:07.249534718+00:00,2026-07-08 02:24:07.249310333+00:00,24,1,42054026,,0.692,2147483647,33202805,12130,8,4,1,0,M6AZ6
2026-07-08 02:25:52.136037705+00:00,2026-07-08 02:25:52.135666443+00:00,24,1,42244728,,0.6936,2147483647,33227700,13902,5,4,1,0,M6AU6
2026-07-08 02:25:52.136261009+00:00,2026-07-08 02:25:52.136083581+00:00,24,1,42244728,,0.6935,2147483647,33227709,11366,8,4,1,0,M6AU6
2026-07-08 03:12:29.659819919+00:00,2026-07-08 03:12:29.659442901+00:00,24,1,42054026,,0.6926,2147483647,33657670,16247,5,4,1,0,M6AZ6
2026-07-08 03:12:51.485840759+00:00,2026-07-08 03:12:51.485706843+00:00,24,1,42244728,,0.6936,2147483647,33662616,11687,8,4,1,0,M6AU6
2026-07-08 03:12:52.159697320+00:00,2026-07-08 03:12:52.159320745+00:00,24,1,42054026,,0.6921,2147483647,33662840,12002,8,4,1,0,M6AZ6
2026-07-08 03:12:52.160400905+00:00,2026-07-08 03:12:52.159707187+00:00,24,1,42054026,,0.6922,2147483647,33662873,14041,8,4,1,0,M6AZ6
2026-07-08 03:13:50.774735304+00:00,2026-07-08 03:13:50.774268403+00:00,24,1,42244728,,0.6937,2147483647,33675596,12771,5,4,1,0,M6AU6
2026-07-08 03:14:49.981072027+00:00,2026-07-08 03:14:49.980944521+00:00,24,1,42244728,,0.6937,2147483647,33682048,14394,8,4,1,0,M6AU6
2026-07-08 03:15:33.315540203+00:00,2026-07-08 03:15:33.315262687+00:00,24,1,42244728,,0.6938,2147483647,33690207,11460,5,4,1,0,M6AU6
2026-07-08 03:22:54.799742172+00:00,2026-07-08 03:22:54.799440595+00:00,24,1,42244728,,0.6938,2147483647,33746817,12368,8,4,1,0,M6AU6
2026-07-08 05:03:49.277093820+00:00,2026-07-08 05:03:49.276535051+00:00,24,1,42054026,,0.6923,2147483647,34491593,16667,8,4,1,0,M6AZ6
2026-07-08 05:06:00.367314355+00:00,2026-07-08 05:06:00.366661797+00:00,24,1,42054026,,0.6924,2147483647,34517979,12038,8,4,1,0,M6AZ6
2026-07-08 05:06:00.367718743+00:00,2026-07-08 05:06:00.367529369+00:00,24,1,42054026,,0.6925,2147483647,34518003,12656,8,4,1,0,M6AZ6
2026-07-08 05:06:46.134980843+00:00,2026-07-08 05:06:46.134549765+00:00,24,1,42054026,,0.6926,2147483647,34529753,11634,8,4,1,0,M6AZ6
2026-07-08 07:07:12.588589335+00:00,2026-07-08 07:07:12.588475675+00:00,24,1,42141216,,-0.001,2147483647,36130968,14518,8,4,1,0,M6AZ6-M6AU6
2026-07-08 08:16:57.913566281+00:00,2026-07-08 08:16:57.912644257+00:00,24,1,42244728,,0.6911,2147483647,37303352,12369,4,4,1,0,M6AU6
2026-07-08 08:16:57.914896574+00:00,2026-07-08 08:16:57.913551853+00:00,24,1,42244728,,0.6912,2147483647,37303430,16459,7,4,1,0,M6AU6
2026-07-08 08:16:58.002690420+00:00,2026-07-08 08:16:58.002222198+00:00,24,1,42054026,,0.6904,2147483647,37303815,11454,7,4,1,0,M6AZ6
2026-07-08 08:16:58.008936180+00:00,2026-07-08 08:16:58.008452892+00:00,24,1,42244728,,0.6911,2147483647,37304113,14170,7,4,1,0,M6AU6
2026-07-08 08:16:58.013470639+00:00,2026-07-08 08:16:58.012091785+00:00,24,1,42054026,,0.6903,2147483647,37304301,12139,7,4,1,0,M6AZ6
2026-07-08 08:16:58.014807946+00:00,2026-07-08 08:16:58.013659771+00:00,24,1,42054026,,0.6901,2147483647,37304377,13836,4,4,1,0,M6AZ6
2026-07-08 08:16:58.018672513+00:00,2026-07-08 08:16:58.018116541+00:00,24,1,42244728,,0.691,2147483647,37304496,15092,4,4,1,0,M6AU6
2026-07-08 08:16:58.685192694+00:00,2026-07-08 08:16:58.685102217+00:00,24,1,42244728,,0.691,2147483647,37307475,11780,7,4,1,0,M6AU6
2026-07-08 08:17:02.030505636+00:00,2026-07-08 08:17:02.030227997+00:00,24,1,42054026,,0.69,2147483647,37321052,13479,4,4,1,0,M6AZ6
2026-07-08 08:17:09.831574750+00:00,2026-07-08 08:17:09.831429551+00:00,24,1,42054026,,0.6902,2147483647,37342469,12295,7,4,1,0,M6AZ6
2026-07-08 08:17:10.132792839+00:00,2026-07-08 08:17:10.131059969+00:00,24,1,42244728,,0.6908,2147483647,37343562,13716,4,4,1,0,M6AU6
2026-07-08 08:17:10.133018235+00:00,2026-07-08 08:17:10.131059969+00:00,24,1,42244728,,0.6909,2147483647,37343576,12046,7,4,1,0,M6AU6
2026-07-08 08:17:22.374768856+00:00,2026-07-08 08:17:22.374631699+00:00,24,1,42054026,,0.6901,2147483647,37374895,11768,7,4,1,0,M6AZ6
2026-07-08 08:17:22.864973062+00:00,2026-07-08 08:17:22.864743915+00:00,24,1,42244728,,0.6908,2147483647,37376739,13744,7,4,1,0,M6AU6
2026-07-08 08:17:23.321275544+00:00,2026-07-08 08:17:23.319708631+00:00,24,1,42244728,,0.6907,2147483647,37378616,17161,4,4,1,0,M6AU6
2026-07-08 08:17:23.323522326+00:00,2026-07-08 08:17:23.323182427+00:00,24,1,42244728,,0.6907,2147483647,37378710,13885,7,4,1,0,M6AU6
2026-07-08 08:17:24.151439903+00:00,2026-07-08 08:17:24.151237643+00:00,24,1,42054026,,0.69,2147483647,37380867,11603,7,4,1,0,M6AZ6
2026-07-08 08:17:26.810036350+00:00,2026-07-08 08:17:26.808824823+00:00,24,1,42244728,,0.6906,2147483647,37388260,16067,4,4,1,0,M6AU6
2026-07-08 08:17:26.820364587+00:00,2026-07-08 08:17:26.820189483+00:00,24,1,42244728,,0.6906,2147483647,37388467,12417,7,4,1,0,M6AU6
2026-07-08 08:17:26.834853343+00:00,2026-07-08 08:17:26.834495067+00:00,24,1,42244728,,0.6905,2147483647,37388572,12019,4,4,1,0,M6AU6
2026-07-08 08:17:27.426433964+00:00,2026-07-08 08:17:27.425682517+00:00,24,1,42054026,,0.6898,2147483647,37389500,12192,7,4,1,0,M6AZ6
2026-07-08 08:17:27.767723987+00:00,2026-07-08 08:17:27.767276059+00:00,24,1,42244728,,0.6905,2147483647,37391175,14420,7,4,1,0,M6AU6
2026-07-08 08:17:28.463839711+00:00,2026-07-08 08:17:28.463578975+00:00,24,1,42244728,,0.6904,2147483647,37393630,15207,4,4,1,0,M6AU6
2026-07-08 08:17:28.463839711+00:00,2026-07-08 08:17:28.463581663+00:00,24,1,42244728,,0.6904,2147483647,37393630,15207,7,4,1,0,M6AU6
2026-07-08 08:17:28.796163940+00:00,2026-07-08 08:17:28.795956757+00:00,24,1,42054026,,0.6897,2147483647,37394766,11810,7,4,1,0,M6AZ6
2026-07-08 08:17:56.650575628+00:00,2026-07-08 08:17:56.650376445+00:00,24,1,42054026,,0.6896,2147483647,37464283,11803,7,4,1,0,M6AZ6
2026-07-08 08:17:57.656915257+00:00,2026-07-08 08:17:57.656238695+00:00,24,1,42244728,,0.6903,2147483647,37467358,16495,4,4,1,0,M6AU6
2026-07-08 08:17:57.656915257+00:00,2026-07-08 08:17:57.656238695+00:00,24,1,42244728,,0.6903,2147483647,37467358,16495,7,4,1,0,M6AU6
2026-07-08 08:42:48.313749581+00:00,2026-07-08 08:42:48.313477837+00:00,24,1,42054026,,0.6899,2147483647,38541761,12339,4,4,1,0,M6AZ6
2026-07-08 09:04:03.378889166+00:00,2026-07-08 09:04:03.378573645+00:00,24,1,42244728,,0.6902,2147483647,39230196,11537,4,4,1,0,M6AU6
2026-07-08 09:04:08.191640124+00:00,2026-07-08 09:04:08.190425959+00:00,24,1,42054026,,0.6895,2147483647,39233156,13448,7,4,1,0,M6AZ6
2026-07-08 09:08:55.089200778+00:00,2026-07-08 09:08:55.088083941+00:00,24,1,42244728,,0.6902,2147483647,39426608,15846,7,4,1,0,M6AU6
2026-07-08 09:09:14.178928809+00:00,2026-07-08 09:09:14.177712437+00:00,24,1,42244728,,0.6901,2147483647,39438369,14459,4,4,1,0,M6AU6
2026-07-08 09:09:14.179547478+00:00,2026-07-08 09:09:14.178848297+00:00,24,1,42054026,,0.6894,2147483647,39438402,11830,7,4,1,0,M6AZ6
2026-07-08 09:09:14.181296583+00:00,2026-07-08 09:09:14.178848297+00:00,24,1,42244728,,0.6901,2147483647,39438468,15797,7,4,1,0,M6AU6
2026-07-08 09:09:14.197918519+00:00,2026-07-08 09:09:14.196736457+00:00,24,1,42244728,,0.69,2147483647,39439059,18097,4,4,1,0,M6AU6
2026-07-08 09:09:14.199501707+00:00,2026-07-08 09:09:14.198260735+00:00,24,1,42244728,,0.69,2147483647,39439115,12002,7,4,1,0,M6AU6
2026-07-08 09:09:14.254623278+00:00,2026-07-08 09:09:14.254361597+00:00,24,1,42244728,,0.6899,2147483647,39439793,11623,4,4,1,0,M6AU6
2026-07-08 09:09:16.706106235+00:00,2026-07-08 09:09:16.705755375+00:00,24,1,42054026,,0.6893,2147483647,39444952,10826,7,4,1,0,M6AZ6
2026-07-08 09:09:26.960336779+00:00,2026-07-08 09:09:26.959987394+00:00,24,1,42054026,,0.6892,2147483647,39451223,11676,7,4,1,0,M6AZ6
2026-07-08 09:12:08.431038359+00:00,2026-07-08 09:12:08.430516659+00:00,24,1,42244728,,0.6899,2147483647,39534917,14293,7,4,1,0,M6AU6
2026-07-08 09:12:08.434775841+00:00,2026-07-08 09:12:08.433132948+00:00,24,1,42054026,,0.6891,2147483647,39535104,11829,7,4,1,0,M6AZ6
2026-07-08 09:14:50.345534283+00:00,2026-07-08 09:14:50.345248483+00:00,24,1,42244728,,0.6898,2147483647,39617176,10794,4,4,1,0,M6AU6
2026-07-08 11:41:39.536490002+00:00,2026-07-08 11:41:39.536065489+00:00,24,1,42054026,,0.6892,2147483647,42239712,16016,4,4,1,0,M6AZ6
2026-07-08 14:03:41.490841025+00:00,2026-07-08 14:03:41.490747439+00:00,24,1,42054026,2026-07-07 00:00:00+00:00,,112,46419299,15436,9,4,1,0,M6AZ6
2026-07-08 14:03:41.490841025+00:00,2026-07-08 14:03:41.490747439+00:00,24,1,42054026,2026-07-07 00:00:00+00:00,,13,46419299,15436,6,4,1,0,M6AZ6
2026-07-08 14:03:50.723766532+00:00,2026-07-08 14:03:50.723662517+00:00,24,1,42244728,2026-07-07 00:00:00+00:00,,3259,46422540,11980,9,4,1,0,M6AU6
2026-07-08 14:03:50.723766532+00:00,2026-07-08 14:03:50.723662517+00:00,24,1,42244728,2026-07-07 00:00:00+00:00,,3764,46422540,11980,6,4,1,0,M6AU6
2026-07-08 19:05:16.297725428+00:00,2026-07-08 19:05:16.297617541+00:00,24,1,42244728,2026-07-08 00:00:00+00:00,0.6928,2147483647,53026212,15507,3,4,1,6,M6AU6
2026-07-08 19:05:16.297735411+00:00,2026-07-08 19:05:16.297617541+00:00,24,1,42244728,2026-07-08 00:00:00+00:00,0.69275,2147483647,53026213,12518,3,4,1,2,M6AU6
2026-07-08 19:05:16.297735411+00:00,2026-07-08 19:05:16.297617541+00:00,24,1,42054026,2026-07-08 00:00:00+00:00,0.6918,2147483647,53026213,12518,3,4,1,6,M6AZ6
2026-07-08 19:05:16.297745754+00:00,2026-07-08 19:05:16.297617541+00:00,24,1,42054026,2026-07-08 00:00:00+00:00,0.69175,2147483647,53026214,14675,3,4,1,2,M6AZ6
2026-07-08 21:38:04.176306099+00:00,2026-07-08 21:38:04.174835909+00:00,24,1,42054026,2026-07-08 00:00:00+00:00,0.6918,2147483647,54051983,16168,3,4,1,6,M6AZ6
2026-07-08 21:38:51.355594547+00:00,2026-07-08 21:38:51.354248023+00:00,24,1,42141216,2026-07-08 00:00:00+00:00,-0.001,2147483647,54052675,15072,3,4,1,2,M6AZ6-M6AU6
2026-07-08 21:40:03.014612446+00:00,2026-07-08 21:40:03.013260909+00:00,24,1,42244728,2026-07-08 00:00:00+00:00,0.6928,2147483647,54054122,15209,3,4,1,6,M6AU6
2026-07-08 21:57:54.961781618+00:00,2026-07-08 21:57:54.961399529+00:00,24,1,42244728,,0.692,1,54058121,17050,2,4,1,0,M6AU6
2026-07-08 22:00:00.013150569+00:00,2026-07-08 22:00:00+00:00,24,1,42244728,,0.692,2147483647,54058818,12669,5,4,1,0,M6AU6
2026-07-08 22:00:00.013150569+00:00,2026-07-08 22:00:00+00:00,24,1,42244728,,0.692,2147483647,54058818,12669,4,4,1,0,M6AU6
2026-07-08 22:00:00.013150569+00:00,2026-07-08 22:00:00+00:00,24,1,42244728,,0.692,2147483647,54058818,12669,1,4,1,0,M6AU6
2026-07-08 22:00:00.016804541+00:00,2026-07-08 22:00:00.000427213+00:00,24,1,42244728,,0.692,2147483647,54058999,15307,8,4,1,0,M6AU6
2026-07-08 22:00:00.016804541+00:00,2026-07-08 22:00:00.000427213+00:00,24,1,42244728,,0.6923,2147483647,54058999,15307,7,4,1,0,M6AU6
2026-07-08 22:00:00.020866494+00:00,2026-07-08 22:00:00.014891883+00:00,24,1,42244728,,0.6922,2147483647,54059405,11858,7,4,1,0,M6AU6
2026-07-08 22:00:00.064382564+00:00,2026-07-08 22:00:00.064229539+00:00,24,1,42141216,,-0.01,2147483647,54060110,14954,8,4,1,0,M6AZ6-M6AU6
2026-07-08 22:00:00.064382564+00:00,2026-07-08 22:00:00.064229539+00:00,24,1,42141216,,-0.0009,2147483647,54060110,14954,7,4,1,0,M6AZ6-M6AU6
2026-07-08 22:00:00.064522948+00:00,2026-07-08 22:00:00.064387759+00:00,24,1,42141216,,-0.0011,2147483647,54060119,14591,8,4,1,0,M6AZ6-M6AU6
2026-07-08 22:00:00.158125308+00:00,2026-07-08 22:00:00.158020573+00:00,24,1,42244728,,0.6921,2147483647,54061121,14407,8,4,1,0,M6AU6
2026-07-08 22:00:00.158411284+00:00,2026-07-08 22:00:00.158138189+00:00,24,1,42244728,,0.6921,2147483647,54061127,12188,5,4,1,0,M6AU6
2026-07-08 22:00:00.188402599+00:00,2026-07-08 22:00:00.188293103+00:00,24,1,42054026,,0.6884,2147483647,54061552,11908,8,4,1,0,M6AZ6
2026-07-08 22:00:00.188402599+00:00,2026-07-08 22:00:00.188293103+00:00,24,1,42054026,,0.6919,2147483647,54061552,11908,7,4,1,0,M6AZ6
2026-07-08 22:00:00.252392312+00:00,2026-07-08 22:00:00.252273749+00:00,24,1,42054026,,0.6906,2147483647,54061797,11737,8,4,1,0,M6AZ6
2026-07-08 22:00:00.735541217+00:00,2026-07-08 22:00:00.735211575+00:00,24,1,42244728,,0.6922,2147483647,54063281,13731,5,4,1,0,M6AU6
2026-07-08 22:00:00.773540495+00:00,2026-07-08 22:00:00.773423371+00:00,24,1,42244728,,0.6922,2147483647,54063487,11883,8,4,1,0,M6AU6
2026-07-08 22:00:19.075048329+00:00,2026-07-08 22:00:19.074669521+00:00,24,1,42054026,,0.6907,2147483647,54073322,14708,8,4,1,0,M6AZ6
2026-07-08 22:00:19.832959087+00:00,2026-07-08 22:00:19.832571923+00:00,24,1,42244728,,0.6923,2147483647,54073723,13398,5,4,1,0,M6AU6
2026-07-08 22:00:19.833149830+00:00,2026-07-08 22:00:19.832871927+00:00,24,1,42244728,,0.6923,2147483647,54073725,15070,8,4,1,0,M6AU6
2026-07-08 22:02:40.782662135+00:00,2026-07-08 22:02:40.782545389+00:00,24,1,42141216,,-0.001,2147483647,54089149,15036,8,4,1,0,M6AZ6-M6AU6
2026-07-08 22:13:06.827887132+00:00,2026-07-08 22:13:06.827560197+00:00,24,1,42054026,,0.6916,2147483647,54111387,11980,7,4,1,0,M6AZ6
2026-07-08 22:13:06.828097303+00:00,2026-07-08 22:13:06.827581949+00:00,24,1,42054026,,0.691,2147483647,54111402,11922,8,4,1,0,M6AZ6
2026-07-08 22:17:01.124783352+00:00,2026-07-08 22:17:01.124650437+00:00,24,1,42054026,,0.6911,2147483647,54118304,16181,8,4,1,0,M6AZ6
2026-07-08 22:29:14.004611415+00:00,2026-07-08 22:29:14.004442131+00:00,24,1,42054026,,0.6915,2147483647,54139421,11613,7,4,1,0,M6AZ6
2026-07-08 22:56:52.360526634+00:00,2026-07-08 22:56:52.360162183+00:00,24,1,42054026,2026-07-08 00:00:00+00:00,0.6918,2147483647,54186810,17172,3,4,1,7,M6AZ6
2026-07-08 22:57:26.728426190+00:00,2026-07-08 22:57:26.728098545+00:00,24,1,42141216,2026-07-08 00:00:00+00:00,-0.001,2147483647,54188185,15640,3,4,1,3,M6AZ6-M6AU6
2026-07-08 23:00:01.109082745+00:00,2026-07-08 23:00:01.108719911+00:00,24,1,42244728,2026-07-08 00:00:00+00:00,0.6928,2147483647,54195158,15982,3,4,1,7,M6AU6
2026-07-08 23:00:19.027206036+00:00,2026-07-08 23:00:19.026213113+00:00,24,1,42054026,,0.6914,2147483647,54196483,11687,7,4,1,0,M6AZ6
2026-07-08 23:15:08.114626739+00:00,2026-07-08 23:15:08.114304353+00:00,24,1,42244728,,0.6924,2147483647,54224884,11509,5,4,1,0,M6AU6
2026-07-08 23:32:58.827186540+00:00,2026-07-08 23:32:58.826763779+00:00,24,1,42244728,,0.6924,2147483647,54262170,15444,8,4,1,0,M6AU6
2026-07-08 23:32:58.828322167+00:00,2026-07-08 23:32:58.827398849+00:00,24,1,42054026,,0.6912,2147483647,54262224,12733,8,4,1,0,M6AZ6
2026-07-08 23:35:31.964795908+00:00,2026-07-08 23:35:31.964195712+00:00,24,1,42244728,,0.6925,2147483647,54270257,15709,5,4,1,0,M6AU6
2026-07-08 23:35:32.228477932+00:00,2026-07-08 23:35:32.227628867+00:00,24,1,42244728,,0.6925,2147483647,54270803,11651,8,4,1,0,M6AU6
2026-07-08 23:35:32.229532585+00:00,2026-07-08 23:35:32.227892933+00:00,24,1,42054026,,0.6913,2147483647,54270842,13339,8,4,1,0,M6AZ6
2026-07-08 23:40:45.553869668+00:00,2026-07-08 23:40:45.553746389+00:00,24,1,42244728,,0.6926,2147483647,54288614,15587,8,4,1,0,M6AU6
2026-07-08 23:41:43.293540279+00:00,2026-07-08 23:41:43.293294415+00:00,24,1,42054026,,0.6914,2147483647,54290320,14183,8,4,1,0,M6AZ6
2026-07-08 23:41:55.540978956+00:00,2026-07-08 23:41:55.540620057+00:00,24,1,42244728,,0.6926,2147483647,54290516,11687,5,4,1,0,M6AU6
2026-07-08 23:44:02.647654487+00:00,2026-07-08 23:44:02.647292441+00:00,24,1,42244728,,0.6927,2147483647,54293024,12644,5,4,1,0,M6AU6
2026-07-08 23:44:02.647654487+00:00,2026-07-08 23:44:02.647292441+00:00,24,1,42244728,,0.6927,2147483647,54293024,12644,8,4,1,0,M6AU6
2026-07-08 23:44:06.550830870+00:00,2026-07-08 23:44:06.550437681+00:00,24,1,42054026,,0.6915,2147483647,54293324,14485,8,4,1,0,M6AZ6
2026-07-08 23:45:06.348768153+00:00,2026-07-08 23:45:06.348488173+00:00,24,1,42244728,,0.6928,2147483647,54297599,12185,5,4,1,0,M6AU6
2026-07-08 23:45:06.348768153+00:00,2026-07-08 23:45:06.348488173+00:00,24,1,42244728,,0.6928,2147483647,54297599,12185,8,4,1,0,M6AU6
2026-07-08 23:45:07.131721235+00:00,2026-07-08 23:45:07.131406389+00:00,24,1,42054026,,0.6916,2147483647,54298063,12502,8,4,1,0,M6AZ6
2026-07-08 23:49:29.032505330+00:00,2026-07-08 23:49:29.031993075+00:00,24,1,42244728,,0.6929,2147483647,54310335,12649,5,4,1,0,M6AU6
2026-07-09 00:01:06.051368970+00:00,2026-07-09 00:01:06.051221869+00:00,24,1,42054026,,0.6917,2147483647,54378017,12840,8,4,1,0,M6AZ6
2026-07-09 00:01:06.051999791+00:00,2026-07-09 00:01:06.051881495+00:00,24,1,42244728,,0.6929,2147483647,54378043,15119,8,4,1,0,M6AU6
2026-07-09 00:02:02.595586353+00:00,2026-07-09 00:02:02.595328155+00:00,24,1,42054026,,0.6918,2147483647,54390164,13211,8,4,1,0,M6AZ6
2026-07-09 00:02:02.605131961+00:00,2026-07-09 00:02:02.604810311+00:00,24,1,42244728,,0.693,2147483647,54390350,14472,5,4,1,0,M6AU6
2026-07-09 00:02:02.928614260+00:00,2026-07-09 00:02:02.928108277+00:00,24,1,42244728,,0.693,2147483647,54391024,11730,8,4,1,0,M6AU6
2026-07-09 00:11:34.663842777+00:00,2026-07-09 00:11:34.663397516+00:00,24,1,42054026,,0.6919,2147483647,54489145,11496,8,4,1,0,M6AZ6
2026-07-09 00:11:34.664714892+00:00,2026-07-09 00:11:34.663807227+00:00,24,1,42244728,,0.6931,2147483647,54489189,15962,5,4,1,0,M6AU6
2026-07-09 00:11:34.664714892+00:00,2026-07-09 00:11:34.663813485+00:00,24,1,42244728,,0.6931,2147483647,54489189,15962,8,4,1,0,M6AU6
2026-07-09 00:15:02.392372772+00:00,2026-07-09 00:15:02.391933847+00:00,24,1,42244728,,0.6932,2147483647,54529267,11914,5,4,1,0,M6AU6
2026-07-09 00:15:02.392372772+00:00,2026-07-09 00:15:02.391933847+00:00,24,1,42244728,,0.6932,2147483647,54529267,11914,8,4,1,0,M6AU6
2026-07-09 00:15:02.392844510+00:00,2026-07-09 00:15:02.392545567+00:00,24,1,42054026,,0.692,2147483647,54529291,11794,8,4,1,0,M6AZ6
2026-07-09 01:25:04.376062219+00:00,2026-07-09 01:25:04.375967937+00:00,24,1,42244728,2026-07-08 00:00:00+00:00,,3215,55287804,12451,9,4,1,0,M6AU6
2026-07-09 01:25:04.376062219+00:00,2026-07-09 01:25:04.375967937+00:00,24,1,42244728,2026-07-08 00:00:00+00:00,,6357,55287804,12451,6,4,1,0,M6AU6
2026-07-09 01:25:04.376062219+00:00,2026-07-09 01:25:04.375967937+00:00,24,1,42054026,2026-07-08 00:00:00+00:00,,114,55287804,12451,9,4,1,0,M6AZ6
2026-07-09 01:25:04.376062219+00:00,2026-07-09 01:25:04.375967937+00:00,24,1,42054026,2026-07-08 00:00:00+00:00,,7,55287804,12451,6,4,1,0,M6AZ6
2026-07-09 01:27:15.087878583+00:00,2026-07-09 01:27:15.087721155+00:00,24,1,42244728,,0.6921,2147483647,55307376,11707,7,4,1,0,M6AU6
2026-07-09 01:28:22.177778847+00:00,2026-07-09 01:28:22.177388423+00:00,24,1,42054026,,0.6913,2147483647,55316487,15825,7,4,1,0,M6AZ6
2026-07-09 01:28:26.016510908+00:00,2026-07-09 01:28:26.016374559+00:00,24,1,42244728,,0.692,2147483647,55317323,11366,7,4,1,0,M6AU6
2026-07-09 01:30:25.902976561+00:00,2026-07-09 01:30:25.902556835+00:00,24,1,42244728,,0.6919,2147483647,55334225,16083,4,4,1,0,M6AU6
2026-07-09 01:30:25.903175924+00:00,2026-07-09 01:30:25.903075461+00:00,24,1,42054026,,0.6912,2147483647,55334231,12050,7,4,1,0,M6AZ6
2026-07-09 01:30:25.914653643+00:00,2026-07-09 01:30:25.914389209+00:00,24,1,42244728,,0.6919,2147483647,55334261,12094,7,4,1,0,M6AU6
2026-07-09 01:31:06.757077494+00:00,2026-07-09 01:31:06.756810481+00:00,24,1,42244728,,0.6918,2147483647,55342103,11785,4,4,1,0,M6AU6
2026-07-09 01:31:18.597667615+00:00,2026-07-09 01:31:18.597424779+00:00,24,1,42054026,,0.6911,2147483647,55344746,11813,7,4,1,0,M6AZ6
2026-07-09 01:31:18.610274121+00:00,2026-07-09 01:31:18.610168441+00:00,24,1,42244728,,0.6918,2147483647,55344789,15222,7,4,1,0,M6AU6
2026-07-09 01:31:28.867805025+00:00,2026-07-09 01:31:28.867473971+00:00,24,1,42054026,,0.691,2147483647,55347829,14904,7,4,1,0,M6AZ6
2026-07-09 01:31:29.569959622+00:00,2026-07-09 01:31:29.569690107+00:00,24,1,42244728,,0.6917,2147483647,55347970,11307,4,4,1,0,M6AU6
2026-07-09 01:31:33.212714564+00:00,2026-07-09 01:31:33.212574743+00:00,24,1,42244728,,0.6917,2147483647,55348356,16700,7,4,1,0,M6AU6
2026-07-09 06:02:34.157575333+00:00,2026-07-09 06:02:34.156609733+00:00,24,1,42244728,,0.6934,2147483647,57575256,14416,5,4,1,0,M6AU6
2026-07-09 06:02:34.157605571+00:00,2026-07-09 06:02:34.156612115+00:00,24,1,42244728,,0.6933,2147483647,57575259,12252,8,4,1,0,M6AU6
2026-07-09 06:02:34.158519771+00:00,2026-07-09 06:02:34.158024767+00:00,24,1,42054026,,0.6921,2147483647,57575318,13135,8,4,1,0,M6AZ6
2026-07-09 06:22:55.650212028+00:00,2026-07-09 06:22:55.649793949+00:00,24,1,42054026,,0.6922,2147483647,57852757,12822,8,4,1,0,M6AZ6
2026-07-09 06:22:55.650771404+00:00,2026-07-09 06:22:55.650660195+00:00,24,1,42244728,,0.6934,2147483647,57852777,14593,8,4,1,0,M6AU6
2026-07-09 06:23:42.185398935+00:00,2026-07-09 06:23:42.185114857+00:00,24,1,42244728,,0.6935,2147483647,57875691,14092,5,4,1,0,M6AU6
2026-07-09 06:23:42.185398935+00:00,2026-07-09 06:23:42.185114857+00:00,24,1,42244728,,0.6935,2147483647,57875691,14092,8,4,1,0,M6AU6
2026-07-09 06:23:42.263588856+00:00,2026-07-09 06:23:42.263196635+00:00,24,1,42244728,,0.6936,2147483647,57875973,14052,5,4,1,0,M6AU6
2026-07-09 06:23:45.276441273+00:00,2026-07-09 06:23:45.275265649+00:00,24,1,42054026,,0.6923,2147483647,57877800,11263,8,4,1,0,M6AZ6
2026-07-09 06:24:16.484652089+00:00,2026-07-09 06:24:16.483861542+00:00,24,1,42054026,,0.6924,2147483647,57892265,13023,8,4,1,0,M6AZ6
2026-07-09 06:24:17.832779939+00:00,2026-07-09 06:24:17.832651103+00:00,24,1,42244728,,0.6936,2147483647,57894065,11523,8,4,1,0,M6AU6
2026-07-09 06:26:01.610129454+00:00,2026-07-09 06:26:01.609499115+00:00,24,1,42244728,,0.6938,2147483647,57934016,14187,5,4,1,0,M6AU6
2026-07-09 06:26:01.610150360+00:00,2026-07-09 06:26:01.609503687+00:00,24,1,42244728,,0.6937,2147483647,57934017,12671,8,4,1,0,M6AU6
2026-07-09 06:26:01.611083702+00:00,2026-07-09 06:26:01.610666827+00:00,24,1,42054026,,0.6925,2147483647,57934085,10832,8,4,1,0,M6AZ6
2026-07-09 06:26:09.878250599+00:00,2026-07-09 06:26:09.875430402+00:00,24,1,42244728,,0.6938,2147483647,57938175,13234,8,4,1,0,M6AU6
2026-07-09 06:26:09.880408761+00:00,2026-07-09 06:26:09.875430402+00:00,24,1,42054026,,0.6926,2147483647,57938282,12611,8,4,1,0,M6AZ6
2026-07-09 14:04:17.086993452+00:00,2026-07-09 14:04:17.086922393+00:00,24,1,42054026,2026-07-08 00:00:00+00:00,,114,64154539,15372,9,4,1,0,M6AZ6
2026-07-09 14:04:17.086993452+00:00,2026-07-09 14:04:17.086922393+00:00,24,1,42054026,2026-07-08 00:00:00+00:00,,7,64154539,15372,6,4,1,0,M6AZ6
2026-07-09 14:04:24.523324046+00:00,2026-07-09 14:04:24.523241709+00:00,24,1,42244728,2026-07-08 00:00:00+00:00,,3215,64156623,11420,9,4,1,0,M6AU6
2026-07-09 14:04:24.523324046+00:00,2026-07-09 14:04:24.523241709+00:00,24,1,42244728,2026-07-08 00:00:00+00:00,,6357,64156623,11420,6,4,1,0,M6AU6
2026-07-09 16:15:38.454943266+00:00,2026-07-09 16:15:38.454579927+00:00,24,1,42244728,,0.6939,2147483647,66705731,11792,5,4,1,0,M6AU6
2026-07-09 16:15:38.500650438+00:00,2026-07-09 16:15:38.500261334+00:00,24,1,42054026,,0.6927,2147483647,66705829,11572,8,4,1,0,M6AZ6
2026-07-09 16:15:38.556945092+00:00,2026-07-09 16:15:38.556718917+00:00,24,1,42244728,,0.694,2147483647,66705921,11829,5,4,1,0,M6AU6
2026-07-09 16:15:40.817967222+00:00,2026-07-09 16:15:40.817690257+00:00,24,1,42244728,,0.6939,2147483647,66706788,11587,8,4,1,0,M6AU6
2026-07-09 19:05:16.113620856+00:00,2026-07-09 19:05:16.113525137+00:00,24,1,42244728,2026-07-09 00:00:00+00:00,0.6935,2147483647,68381013,15979,3,4,1,6,M6AU6
2026-07-09 19:05:16.113630032+00:00,2026-07-09 19:05:16.113525137+00:00,24,1,42244728,2026-07-09 00:00:00+00:00,0.69345,2147483647,68381014,12172,3,4,1,2,M6AU6
2026-07-09 19:05:16.113630032+00:00,2026-07-09 19:05:16.113525137+00:00,24,1,42054026,2026-07-09 00:00:00+00:00,0.6925,2147483647,68381014,12172,3,4,1,6,M6AZ6
2026-07-09 19:05:16.113637482+00:00,2026-07-09 19:05:16.113525137+00:00,24,1,42054026,2026-07-09 00:00:00+00:00,0.69245,2147483647,68381015,11492,3,4,1,2,M6AZ6
2026-07-09 19:13:21.046614915+00:00,2026-07-09 19:13:21.046209623+00:00,24,1,42054026,,0.6921,2147483647,68440064,14381,5,4,1,0,M6AZ6
2026-07-09 19:13:21.046614915+00:00,2026-07-09 19:13:21.046209623+00:00,24,1,42054026,,0.6921,2147483647,68440064,14381,4,4,1,0,M6AZ6
2026-07-09 19:13:21.046614915+00:00,2026-07-09 19:13:21.046209623+00:00,24,1,42054026,,0.6921,2147483647,68440064,14381,1,4,1,0,M6AZ6
2026-07-09 19:22:13.458946726+00:00,2026-07-09 19:22:13.458559259+00:00,24,1,42054026,,0.6923,2147483647,68499899,11618,5,4,1,0,M6AZ6
2026-07-09 21:38:08.080224964+00:00,2026-07-09 21:38:08.078719083+00:00,24,1,42054026,2026-07-09 00:00:00+00:00,0.6925,2147483647,69089176,15235,3,4,1,6,M6AZ6
2026-07-09 21:38:55.520546043+00:00,2026-07-09 21:38:55.519081913+00:00,24,1,42141216,2026-07-09 00:00:00+00:00,-0.001,2147483647,69089841,15232,3,4,1,2,M6AZ6-M6AU6
2026-07-09 21:40:07.622321366+00:00,2026-07-09 21:40:07.620867347+00:00,24,1,42244728,2026-07-09 00:00:00+00:00,0.6935,2147483647,69091242,14896,3,4,1,6,M6AU6
2026-07-09 22:00:00.016055039+00:00,2026-07-09 22:00:00.000572205+00:00,24,1,42244728,,0.6927,2147483647,69095309,12205,8,4,1,0,M6AU6
2026-07-09 22:00:00.016055039+00:00,2026-07-09 22:00:00.000572205+00:00,24,1,42244728,,0.694,2147483647,69095309,12205,7,4,1,0,M6AU6
2026-07-09 22:00:00.016064851+00:00,2026-07-09 22:00:00.000573299+00:00,24,1,42244728,,0.6936,2147483647,69095310,11856,7,4,1,0,M6AU6
2026-07-09 22:00:00.057358503+00:00,2026-07-09 22:00:00.057266341+00:00,24,1,42244728,,0.6928,2147483647,69095826,11974,8,4,1,0,M6AU6
2026-07-09 22:00:00.065137419+00:00,2026-07-09 22:00:00.064415509+00:00,24,1,42141216,,-0.0011,2147483647,69095965,12284,8,4,1,0,M6AZ6-M6AU6
2026-07-09 22:00:00.065137419+00:00,2026-07-09 22:00:00.064415509+00:00,24,1,42141216,,0.01,2147483647,69095965,12284,7,4,1,0,M6AZ6-M6AU6
2026-07-09 22:00:00.065173590+00:00,2026-07-09 22:00:00.064415509+00:00,24,1,42141216,,-0.0009,2147483647,69095967,12253,7,4,1,0,M6AZ6-M6AU6
2026-07-09 22:00:00.142841919+00:00,2026-07-09 22:00:00.142749873+00:00,24,1,42244728,,0.6935,2147483647,69096482,11718,7,4,1,0,M6AU6
2026-07-09 22:00:00.191530834+00:00,2026-07-09 22:00:00.191421841+00:00,24,1,42054026,,0.6915,2147483647,69096819,15391,8,4,1,0,M6AZ6
2026-07-09 22:00:00.191530834+00:00,2026-07-09 22:00:00.191421841+00:00,24,1,42054026,,0.6942,2147483647,69096819,15391,7,4,1,0,M6AZ6
2026-07-09 22:00:00.376422679+00:00,2026-07-09 22:00:00.376329227+00:00,24,1,42244728,,0.6929,2147483647,69097230,14931,8,4,1,0,M6AU6
2026-07-09 22:00:00.484629937+00:00,2026-07-09 22:00:00.484516089+00:00,24,1,42054026,,0.6929,2147483647,69097503,12205,7,4,1,0,M6AZ6
2026-07-09 22:00:00.542002819+00:00,2026-07-09 22:00:00.541631549+00:00,24,1,42244728,,0.693,2147483647,69097805,12288,8,4,1,0,M6AU6
2026-07-09 22:00:00.625444081+00:00,2026-07-09 22:00:00.625352367+00:00,24,1,42244728,,0.6931,2147483647,69098175,11931,8,4,1,0,M6AU6
2026-07-09 22:00:01.080015908+00:00,2026-07-09 22:00:01.079909185+00:00,24,1,42244728,,0.6932,2147483647,69099778,15391,8,4,1,0,M6AU6
2026-07-09 22:00:01.138010573+00:00,2026-07-09 22:00:01.137908691+00:00,24,1,42244728,,0.6933,2147483647,69099851,14924,8,4,1,0,M6AU6
2026-07-09 22:00:06.020173556+00:00,2026-07-09 22:00:06.020035933+00:00,24,1,42244728,,0.6934,2147483647,69102880,11981,7,4,1,0,M6AU6
2026-07-09 22:00:06.362179065+00:00,2026-07-09 22:00:06.362064779+00:00,24,1,42054026,,0.6918,2147483647,69103089,11555,8,4,1,0,M6AZ6
2026-07-09 22:01:15.383422201+00:00,2026-07-09 22:01:15.383306631+00:00,24,1,42054026,,0.6919,2147483647,69115743,12243,8,4,1,0,M6AZ6
2026-07-09 22:01:15.383617225+00:00,2026-07-09 22:01:15.383428065+00:00,24,1,42054026,,0.6928,2147483647,69115755,15285,7,4,1,0,M6AZ6
2026-07-09 22:01:36.804701443+00:00,2026-07-09 22:01:36.804561527+00:00,24,1,42244728,,0.6933,2147483647,69116668,17003,7,4,1,0,M6AU6
2026-07-09 22:02:13.170567038+00:00,2026-07-09 22:02:13.170207159+00:00,24,1,42244728,,0.6933,2147483647,69117663,11793,5,4,1,0,M6AU6
2026-07-09 22:02:13.170567038+00:00,2026-07-09 22:02:13.170207159+00:00,24,1,42244728,,0.6933,2147483647,69117663,11793,4,4,1,0,M6AU6
2026-07-09 22:02:13.170567038+00:00,2026-07-09 22:02:13.170207159+00:00,24,1,42244728,,0.6933,2147483647,69117663,11793,1,4,1,0,M6AU6
2026-07-09 22:08:52.967893647+00:00,2026-07-09 22:08:52.967389927+00:00,24,1,42244728,,0.6935,2147483647,69134166,12355,5,4,1,0,M6AU6
2026-07-09 22:13:06.686942385+00:00,2026-07-09 22:13:06.686582545+00:00,24,1,42054026,,0.6926,2147483647,69141537,11109,7,4,1,0,M6AZ6
2026-07-09 22:13:06.687169510+00:00,2026-07-09 22:13:06.686901423+00:00,24,1,42054026,,0.692,2147483647,69141553,14931,8,4,1,0,M6AZ6
2026-07-09 22:13:06.687522675+00:00,2026-07-09 22:13:06.687427983+00:00,24,1,42054026,,0.6921,2147483647,69141575,14549,8,4,1,0,M6AZ6
2026-07-09 22:58:58.343941663+00:00,2026-07-09 22:58:58.343602403+00:00,24,1,42054026,2026-07-09 00:00:00+00:00,0.6925,2147483647,69195772,15539,3,4,1,7,M6AZ6
2026-07-09 22:59:32.039872207+00:00,2026-07-09 22:59:32.039551429+00:00,24,1,42141216,2026-07-09 00:00:00+00:00,-0.001,2147483647,69196756,15550,3,4,1,3,M6AZ6-M6AU6
2026-07-09 23:00:32.103252477+00:00,2026-07-09 23:00:32.102940803+00:00,24,1,42244728,,0.6934,2147483647,69199277,11840,8,4,1,0,M6AU6
2026-07-09 23:02:07.375818942+00:00,2026-07-09 23:02:07.375437053+00:00,24,1,42244728,2026-07-09 00:00:00+00:00,0.6935,2147483647,69203049,15117,3,4,1,7,M6AU6
2026-07-09 23:39:04.434196977+00:00,2026-07-09 23:39:04.433724549+00:00,24,1,42054026,,0.6922,2147483647,69238955,14427,8,4,1,0,M6AZ6
2026-07-09 23:59:56.052815827+00:00,2026-07-09 23:59:56.052569115+00:00,24,1,42244728,,0.6935,2147483647,69270541,11298,8,4,1,0,M6AU6
2026-07-10 00:00:00.205040318+00:00,2026-07-10 00:00:00.204779915+00:00,24,1,42054026,,0.6923,2147483647,69272019,14652,8,4,1,0,M6AZ6
2026-07-10 00:00:04.234359326+00:00,2026-07-10 00:00:04.234031719+00:00,24,1,42244728,,0.6936,2147483647,69275477,13401,5,4,1,0,M6AU6
2026-07-10 00:00:05.038910323+00:00,2026-07-10 00:00:05.038807585+00:00,24,1,42244728,,0.6936,2147483647,69276086,13234,8,4,1,0,M6AU6
2026-07-10 00:00:06.055373639+00:00,2026-07-10 00:00:06.054862469+00:00,24,1,42054026,,0.6924,2147483647,69276841,11886,8,4,1,0,M6AZ6
2026-07-10 00:07:57.785803467+00:00,2026-07-10 00:07:57.785532039+00:00,24,1,42054026,,0.6925,2147483647,69358528,11931,7,4,1,0,M6AZ6
2026-07-10 00:09:39.774163331+00:00,2026-07-10 00:09:39.773795851+00:00,24,1,42244728,,0.6932,2147483647,69370567,13230,4,4,1,0,M6AU6
2026-07-10 00:09:39.774163331+00:00,2026-07-10 00:09:39.773795851+00:00,24,1,42244728,,0.6932,2147483647,69370567,13230,7,4,1,0,M6AU6
2026-07-10 00:11:51.656087728+00:00,2026-07-10 00:11:51.655330497+00:00,24,1,42054026,,0.6924,2147483647,69383424,16804,7,4,1,0,M6AZ6
2026-07-10 00:11:56.458457787+00:00,2026-07-10 00:11:56.457934743+00:00,24,1,42244728,,0.6931,2147483647,69384791,16108,4,4,1,0,M6AU6
2026-07-10 00:11:56.458457787+00:00,2026-07-10 00:11:56.457934743+00:00,24,1,42244728,,0.6931,2147483647,69384791,16108,7,4,1,0,M6AU6
2026-07-10 00:17:13.841178542+00:00,2026-07-10 00:17:13.840782481+00:00,24,1,42054026,,0.6923,2147483647,69431114,11745,7,4,1,0,M6AZ6
2026-07-10 00:23:52.799641118+00:00,2026-07-10 00:23:52.799275929+00:00,24,1,42244728,,0.693,2147483647,69467640,16743,4,4,1,0,M6AU6
2026-07-10 00:23:52.800319323+00:00,2026-07-10 00:23:52.800198064+00:00,24,1,42244728,,0.693,2147483647,69467676,14383,7,4,1,0,M6AU6
2026-07-10 00:24:39.511327975+00:00,2026-07-10 00:24:39.511054785+00:00,24,1,42054026,,0.6922,2147483647,69474837,11666,7,4,1,0,M6AZ6
2026-07-10 00:24:47.991321599+00:00,2026-07-10 00:24:47.990891719+00:00,24,1,42244728,,0.6929,2147483647,69475719,12183,4,4,1,0,M6AU6
2026-07-10 00:25:57.374104301+00:00,2026-07-10 00:25:57.373755693+00:00,24,1,42244728,,0.6929,2147483647,69480413,15789,7,4,1,0,M6AU6
2026-07-10 00:26:23.624116873+00:00,2026-07-10 00:26:23.623309471+00:00,24,1,42244728,,0.6928,2147483647,69484299,13018,4,4,1,0,M6AU6
2026-07-10 00:31:41.042872239+00:00,2026-07-10 00:31:41.042356021+00:00,24,1,42054026,,0.6921,2147483647,69509157,15602,7,4,1,0,M6AZ6
2026-07-10 00:33:17.339562196+00:00,2026-07-10 00:33:17.339157441+00:00,24,1,42244728,,0.6928,2147483647,69517205,11685,7,4,1,0,M6AU6
2026-07-10 00:33:25.703865728+00:00,2026-07-10 00:33:25.703595830+00:00,24,1,42054026,,0.692,2147483647,69518186,12730,7,4,1,0,M6AZ6
2026-07-10 00:33:39.445188524+00:00,2026-07-10 00:33:39.444453881+00:00,24,1,42244728,,0.6927,2147483647,69519892,15458,4,4,1,0,M6AU6
2026-07-10 00:33:39.445678100+00:00,2026-07-10 00:33:39.445068349+00:00,24,1,42244728,,0.6927,2147483647,69519907,15554,7,4,1,0,M6AU6
2026-07-10 00:33:43.069408861+00:00,2026-07-10 00:33:43.068890205+00:00,24,1,42054026,,0.6919,2147483647,69520920,11739,7,4,1,0,M6AZ6
2026-07-10 00:33:46.878795254+00:00,2026-07-10 00:33:46.878259367+00:00,24,1,42244728,,0.6926,2147483647,69522079,14493,4,4,1,0,M6AU6
2026-07-10 00:33:47.033410377+00:00,2026-07-10 00:33:47.033267561+00:00,24,1,42244728,,0.6926,2147483647,69522469,11380,7,4,1,0,M6AU6
2026-07-10 00:56:11.086106796+00:00,2026-07-10 00:56:11.085787131+00:00,24,1,42244728,,0.6938,2147483647,69874965,14277,5,4,1,0,M6AU6
2026-07-10 00:57:15.019853787+00:00,2026-07-10 00:57:15.019584977+00:00,24,1,42244728,,0.6937,2147483647,69900639,15008,8,4,1,0,M6AU6
2026-07-10 00:57:30.513503553+00:00,2026-07-10 00:57:30.512799289+00:00,24,1,42054026,,0.6925,2147483647,69905986,12871,8,4,1,0,M6AZ6
2026-07-10 00:57:39.361483476+00:00,2026-07-10 00:57:39.361323093+00:00,24,1,42244728,,0.6938,2147483647,69909310,11793,8,4,1,0,M6AU6
2026-07-10 00:57:58.841711406+00:00,2026-07-10 00:57:58.840944489+00:00,24,1,42054026,,0.6926,2147483647,69912837,12108,8,4,1,0,M6AZ6
2026-07-10 01:09:26.085757553+00:00,2026-07-10 01:09:26.085386997+00:00,24,1,42244728,,0.6939,2147483647,70151763,16233,5,4,1,0,M6AU6
2026-07-10 01:09:26.086322081+00:00,2026-07-10 01:09:26.085903051+00:00,24,1,42244728,,0.6939,2147483647,70151800,11723,8,4,1,0,M6AU6
2026-07-10 01:09:39.030000678+00:00,2026-07-10 01:09:39.029343285+00:00,24,1,42054026,,0.6927,2147483647,70155090,12115,8,4,1,0,M6AZ6
2026-07-10 01:15:10.963126329+00:00,2026-07-10 01:15:10.962783779+00:00,24,1,42244728,,0.694,2147483647,70262259,12320,5,4,1,0,M6AU6
2026-07-10 01:15:10.963937660+00:00,2026-07-10 01:15:10.963814043+00:00,24,1,42244728,,0.694,2147483647,70262292,11619,8,4,1,0,M6AU6
2026-07-10 01:15:10.980308993+00:00,2026-07-10 01:15:10.979994867+00:00,24,1,42054026,,0.6928,2147483647,70262465,14025,8,4,1,0,M6AZ6
2026-07-10 01:15:22.418709631+00:00,2026-07-10 01:15:22.418364519+00:00,24,1,42244728,,0.6941,2147483647,70270895,12246,5,4,1,0,M6AU6
2026-07-10 01:15:22.654914478+00:00,2026-07-10 01:15:22.654660131+00:00,24,1,42244728,,0.6942,2147483647,70270980,11973,5,4,1,0,M6AU6
2026-07-10 01:15:37.274262658+00:00,2026-07-10 01:15:37.274017021+00:00,24,1,42244728,,0.6941,2147483647,70278198,13803,8,4,1,0,M6AU6
2026-07-10 01:15:42.886932004+00:00,2026-07-10 01:15:42.886538987+00:00,24,1,42054026,,0.6929,2147483647,70283037,11681,8,4,1,0,M6AZ6
2026-07-10 01:16:17.640590305+00:00,2026-07-10 01:16:17.640335091+00:00,24,1,42244728,,0.6943,2147483647,70307854,11482,5,4,1,0,M6AU6
2026-07-10 01:16:18.329010235+00:00,2026-07-10 01:16:18.328862113+00:00,24,1,42244728,,0.6942,2147483647,70308203,11749,8,4,1,0,M6AU6
2026-07-10 01:16:18.715756969+00:00,2026-07-10 01:16:18.715337807+00:00,24,1,42054026,,0.693,2147483647,70308557,11819,8,4,1,0,M6AZ6
2026-07-10 01:31:04.627740987+00:00,2026-07-10 01:31:04.627652367+00:00,24,1,42054026,2026-07-09 00:00:00+00:00,,112,70560939,12418,9,4,1,0,M6AZ6
2026-07-10 01:31:04.627740987+00:00,2026-07-10 01:31:04.627652367+00:00,24,1,42054026,2026-07-09 00:00:00+00:00,,3,70560939,12418,6,4,1,0,M6AZ6
2026-07-10 01:31:04.627740987+00:00,2026-07-10 01:31:04.627652367+00:00,24,1,42244728,2026-07-09 00:00:00+00:00,,3258,70560939,12418,9,4,1,0,M6AU6
2026-07-10 01:31:04.627740987+00:00,2026-07-10 01:31:04.627652367+00:00,24,1,42244728,2026-07-09 00:00:00+00:00,,3349,70560939,12418,6,4,1,0,M6AU6
2026-07-10 01:56:09.074874239+00:00,2026-07-10 01:56:09.074757685+00:00,24,1,42244728,,0.6943,2147483647,70969265,17887,8,4,1,0,M6AU6
2026-07-10 01:56:11.393910910+00:00,2026-07-10 01:56:11.393418801+00:00,24,1,42054026,,0.6931,2147483647,70970847,11995,8,4,1,0,M6AZ6
2026-07-10 01:56:47.101748508+00:00,2026-07-10 01:56:47.101196763+00:00,24,1,42244728,,0.6944,2147483647,70980553,15581,5,4,1,0,M6AU6
2026-07-10 01:56:47.102256515+00:00,2026-07-10 01:56:47.101695691+00:00,24,1,42244728,,0.6944,2147483647,70980589,11859,8,4,1,0,M6AU6
2026-07-10 01:56:58.320097561+00:00,2026-07-10 01:56:58.319721479+00:00,24,1,42054026,,0.6932,2147483647,70984721,11948,8,4,1,0,M6AZ6
2026-07-10 01:57:13.012694172+00:00,2026-07-10 01:57:13.012209247+00:00,24,1,42244728,,0.6946,2147483647,70993124,12783,5,4,1,0,M6AU6
2026-07-10 01:57:13.012703067+00:00,2026-07-10 01:57:13.012215505+00:00,24,1,42244728,,0.6945,2147483647,70993125,11878,8,4,1,0,M6AU6
2026-07-10 01:57:14.074518247+00:00,2026-07-10 01:57:14.074349607+00:00,24,1,42054026,,0.6933,2147483647,70994755,11536,8,4,1,0,M6AZ6
2026-07-10 02:08:30.052301325+00:00,2026-07-10 02:08:30.052126021+00:00,24,1,42244728,,0.6946,2147483647,71205606,11570,8,4,1,0,M6AU6
2026-07-10 02:08:32.097545782+00:00,2026-07-10 02:08:32.096679955+00:00,24,1,42054026,,0.6934,2147483647,71208062,11661,8,4,1,0,M6AZ6
2026-07-10 02:08:32.292309937+00:00,2026-07-10 02:08:32.291986015+00:00,24,1,42244728,,0.6947,2147483647,71209934,13621,8,4,1,0,M6AU6
2026-07-10 02:08:35.256847801+00:00,2026-07-10 02:08:35.256555957+00:00,24,1,42054026,,0.6935,2147483647,71214016,12241,8,4,1,0,M6AZ6
2026-07-10 02:10:26.688766494+00:00,2026-07-10 02:10:26.688458123+00:00,24,1,42244728,,0.6947,2147483647,71256540,12002,5,4,1,0,M6AU6
2026-07-10 02:13:02.588104377+00:00,2026-07-10 02:13:02.586780077+00:00,24,1,42244728,,0.6948,2147483647,71307595,12630,8,4,1,0,M6AU6
2026-07-10 02:14:12.199468110+00:00,2026-07-10 02:14:12.199177195+00:00,24,1,42244728,,0.6948,2147483647,71327584,11381,5,4,1,0,M6AU6
2026-07-10 02:14:35.323850604+00:00,2026-07-10 02:14:35.323384557+00:00,24,1,42054026,,0.6936,2147483647,71333248,12029,8,4,1,0,M6AZ6
2026-07-10 02:14:35.912722273+00:00,2026-07-10 02:14:35.912332059+00:00,24,1,42244728,,0.6949,2147483647,71333888,13164,5,4,1,0,M6AU6
2026-07-10 02:14:39.115617615+00:00,2026-07-10 02:14:39.115027117+00:00,24,1,42244728,,0.6949,2147483647,71335866,16421,8,4,1,0,M6AU6
2026-07-10 02:15:15.550282708+00:00,2026-07-10 02:15:15.550105861+00:00,24,1,42054026,,0.6937,2147483647,71349958,12019,8,4,1,0,M6AZ6
2026-07-10 02:16:20.386477884+00:00,2026-07-10 02:16:20.385266735+00:00,24,1,42244728,,0.6951,2147483647,71374887,13162,5,4,1,0,M6AU6
2026-07-10 02:16:20.462449590+00:00,2026-07-10 02:16:20.462347741+00:00,24,1,42244728,,0.695,2147483647,71375340,13247,8,4,1,0,M6AU6
2026-07-10 02:17:15.265647878+00:00,2026-07-10 02:17:15.263427610+00:00,24,1,42244728,,0.6951,2147483647,71394031,16684,8,4,1,0,M6AU6
2026-07-10 02:17:15.267495820+00:00,2026-07-10 02:17:15.263427610+00:00,24,1,42054026,,0.6938,2147483647,71394057,15645,8,4,1,0,M6AZ6
2026-07-10 02:17:15.270528590+00:00,2026-07-10 02:17:15.267750461+00:00,24,1,42054026,,0.6939,2147483647,71394159,18456,8,4,1,0,M6AZ6
2026-07-10 02:18:40.510812527+00:00,2026-07-10 02:18:40.478985853+00:00,24,1,42244728,,0.6953,2147483647,71420364,12741,5,4,1,0,M6AU6
2026-07-10 02:18:40.510842862+00:00,2026-07-10 02:18:40.478997105+00:00,24,1,42054026,,0.6942,2147483647,71420366,11695,5,4,1,0,M6AZ6
2026-07-10 02:18:40.510842862+00:00,2026-07-10 02:18:40.478997105+00:00,24,1,42054026,,0.6942,2147483647,71420366,11695,4,4,1,0,M6AZ6
2026-07-10 02:18:40.510842862+00:00,2026-07-10 02:18:40.478997105+00:00,24,1,42054026,,0.6942,2147483647,71420366,11695,1,4,1,0,M6AZ6
2026-07-10 02:18:40.512832723+00:00,2026-07-10 02:18:40.495506641+00:00,24,1,42244728,,0.6952,2147483647,71420485,12114,8,4,1,0,M6AU6
2026-07-10 02:18:40.515902527+00:00,2026-07-10 02:18:40.512641665+00:00,24,1,42054026,,0.694,2147483647,71420711,11852,8,4,1,0,M6AZ6
2026-07-10 02:19:10.726654654+00:00,2026-07-10 02:19:10.726340057+00:00,24,1,42244728,,0.6953,2147483647,71433534,11703,8,4,1,0,M6AU6
2026-07-10 02:19:19.856317113+00:00,2026-07-10 02:19:19.855490464+00:00,24,1,42054026,,0.6941,2147483647,71436419,11964,8,4,1,0,M6AZ6
2026-07-10 02:27:14.842357791+00:00,2026-07-10 02:27:14.842049519+00:00,24,1,42244728,,0.6954,2147483647,71584076,11793,5,4,1,0,M6AU6
2026-07-10 02:44:18.739209727+00:00,2026-07-10 02:44:18.738905779+00:00,24,1,42244728,,0.6954,2147483647,71866338,12282,8,4,1,0,M6AU6
2026-07-10 02:45:27.859290204+00:00,2026-07-10 02:45:27.859050993+00:00,24,1,42054026,,0.6942,2147483647,71892758,11595,8,4,1,0,M6AZ6
2026-07-10 02:45:30.318707446+00:00,2026-07-10 02:45:30.318312219+00:00,24,1,42244728,,0.6955,2147483647,71893815,15502,5,4,1,0,M6AU6
2026-07-10 02:45:30.382346779+00:00,2026-07-10 02:45:30.382232289+00:00,24,1,42244728,,0.6955,2147483647,71894056,11941,8,4,1,0,M6AU6
2026-07-10 02:45:43.130618564+00:00,2026-07-10 02:45:43.130174361+00:00,24,1,42054026,,0.6943,2147483647,71897698,13866,8,4,1,0,M6AZ6
2026-07-10 02:45:43.417814852+00:00,2026-07-10 02:45:43.417565979+00:00,24,1,42244728,,0.6956,2147483647,71899695,11407,8,4,1,0,M6AU6
2026-07-10 02:46:03.284073001+00:00,2026-07-10 02:46:03.283758511+00:00,24,1,42244728,,0.6956,2147483647,71906075,11968,5,4,1,0,M6AU6
2026-07-10 02:49:59.844071609+00:00,2026-07-10 02:49:59.843878175+00:00,24,1,42054026,,0.6944,2147483647,71961585,11597,8,4,1,0,M6AZ6
2026-07-10 02:50:14.634729587+00:00,2026-07-10 02:50:14.634473523+00:00,24,1,42244728,,0.6957,2147483647,71963831,12723,5,4,1,0,M6AU6
2026-07-10 02:50:14.637286202+00:00,2026-07-10 02:50:14.637189549+00:00,24,1,42244728,,0.6957,2147483647,71963850,11792,8,4,1,0,M6AU6
2026-07-10 02:50:44.674308159+00:00,2026-07-10 02:50:44.673948141+00:00,24,1,42054026,,0.6945,2147483647,71969249,12723,8,4,1,0,M6AZ6
2026-07-10 02:50:54.070328180+00:00,2026-07-10 02:50:54.069650706+00:00,24,1,42244728,,0.6958,2147483647,71973278,12254,8,4,1,0,M6AU6
2026-07-10 02:51:00.278054401+00:00,2026-07-10 02:51:00.277339747+00:00,24,1,42054026,,0.6946,2147483647,71976666,16923,8,4,1,0,M6AZ6
2026-07-10 02:51:00.415263315+00:00,2026-07-10 02:51:00.414984983+00:00,24,1,42244728,,0.6959,2147483647,71977592,11915,5,4,1,0,M6AU6
2026-07-10 02:51:00.489303989+00:00,2026-07-10 02:51:00.488986329+00:00,24,1,42244728,,0.696,2147483647,71977829,13415,5,4,1,0,M6AU6
2026-07-10 02:51:00.879472878+00:00,2026-07-10 02:51:00.879321825+00:00,24,1,42244728,,0.6959,2147483647,71978717,11567,8,4,1,0,M6AU6
2026-07-10 02:51:04.229689292+00:00,2026-07-10 02:51:04.229415003+00:00,24,1,42054026,,0.6947,2147483647,71981056,12123,8,4,1,0,M6AZ6
2026-07-10 02:51:06.964612343+00:00,2026-07-10 02:51:06.964050015+00:00,24,1,42244728,,0.696,2147483647,71982256,15269,8,4,1,0,M6AU6
2026-07-10 02:51:06.965766049+00:00,2026-07-10 02:51:06.964172251+00:00,24,1,42054026,,0.6948,2147483647,71982301,13698,8,4,1,0,M6AZ6
2026-07-10 02:51:13.345442015+00:00,2026-07-10 02:51:13.344449903+00:00,24,1,42244728,,0.6961,2147483647,71985393,15382,5,4,1,0,M6AU6
2026-07-10 02:51:13.345621679+00:00,2026-07-10 02:51:13.344492239+00:00,24,1,42054026,,0.6951,2147483647,71985397,15618,5,4,1,0,M6AZ6
2026-07-10 02:51:21.399025724+00:00,2026-07-10 02:51:21.398796327+00:00,24,1,42244728,,0.6961,2147483647,71988233,11820,8,4,1,0,M6AU6
2026-07-10 02:53:15.006698351+00:00,2026-07-10 02:53:15.006397651+00:00,24,1,42054026,,0.6949,2147483647,72018729,14141,8,4,1,0,M6AZ6
2026-07-10 02:53:15.610746497+00:00,2026-07-10 02:53:15.610461981+00:00,24,1,42244728,,0.6962,2147483647,72018865,11681,5,4,1,0,M6AU6
2026-07-10 06:20:06.485041951+00:00,2026-07-10 06:20:06.484744189+00:00,24,1,42054026,,0.6939,2147483647,73923027,12021,4,4,1,0,M6AZ6
2026-07-10 10:06:11.996658487+00:00,2026-07-10 10:06:11.996058305+00:00,24,1,42141216,,-0.0009,2147483647,76841786,11416,5,4,1,0,M6AZ6-M6AU6
2026-07-10 10:06:11.996658487+00:00,2026-07-10 10:06:11.996058305+00:00,24,1,42141216,,-0.0009,2147483647,76841786,11416,4,4,1,0,M6AZ6-M6AU6
2026-07-10 10:06:11.996658487+00:00,2026-07-10 10:06:11.996058305+00:00,24,1,42141216,,-0.0009,2147483647,76841786,11416,1,4,1,0,M6AZ6-M6AU6
2026-07-10 13:15:54.933665787+00:00,2026-07-10 13:15:54.933347041+00:00,24,1,42054026,,0.6935,2147483647,79740054,11611,4,4,1,0,M6AZ6
2026-07-10 14:04:20.698790660+00:00,2026-07-10 14:04:20.698691285+00:00,24,1,42244728,2026-07-09 00:00:00+00:00,,3258,80820114,14739,9,4,1,0,M6AU6
2026-07-10 14:04:20.698790660+00:00,2026-07-10 14:04:20.698691285+00:00,24,1,42244728,2026-07-09 00:00:00+00:00,,3349,80820114,14739,6,4,1,0,M6AU6
2026-07-10 14:04:29.834920702+00:00,2026-07-10 14:04:29.834842413+00:00,24,1,42054026,2026-07-09 00:00:00+00:00,,112,80824346,12019,9,4,1,0,M6AZ6
2026-07-10 14:04:29.834920702+00:00,2026-07-10 14:04:29.834842413+00:00,24,1,42054026,2026-07-09 00:00:00+00:00,,3,80824346,12019,6,4,1,0,M6AZ6
2026-07-10 16:58:11.067325263+00:00,2026-07-10 16:58:11.067208045+00:00,24,1,42141216,,-0.001,2147483647,85118769,15251,8,4,1,0,M6AZ6-M6AU6
2026-07-10 19:04:28.022918097+00:00,2026-07-10 19:04:28.022809753+00:00,24,1,42244728,2026-07-10 00:00:00+00:00,0.6945,2147483647,86678029,15298,3,4,1,6,M6AU6
2026-07-10 19:04:28.022927140+00:00,2026-07-10 19:04:28.022809753+00:00,24,1,42244728,2026-07-10 00:00:00+00:00,0.69445,2147483647,86678030,11939,3,4,1,2,M6AU6
2026-07-10 19:04:28.022927140+00:00,2026-07-10 19:04:28.022809753+00:00,24,1,42054026,2026-07-10 00:00:00+00:00,0.6935,2147483647,86678030,11939,3,4,1,6,M6AZ6
2026-07-10 19:04:28.022933763+00:00,2026-07-10 19:04:28.022809753+00:00,24,1,42054026,2026-07-10 00:00:00+00:00,0.6935,2147483647,86678031,11462,3,4,1,2,M6AZ6
2026-07-10 21:38:08.076623567+00:00,2026-07-10 21:38:08.074947433+00:00,24,1,42054026,2026-07-10 00:00:00+00:00,0.6935,2147483647,87478740,15493,3,4,1,6,M6AZ6
2026-07-10 21:38:56.710887575+00:00,2026-07-10 21:38:56.709224041+00:00,24,1,42141216,2026-07-10 00:00:00+00:00,-0.001,2147483647,87479460,15754,3,4,1,2,M6AZ6-M6AU6
2026-07-10 21:40:11.207905497+00:00,2026-07-10 21:40:11.206227233+00:00,24,1,42244728,2026-07-10 00:00:00+00:00,0.6945,2147483647,87480938,15923,3,4,1,6,M6AU6
2026-07-12 13:03:39.716877815+00:00,2026-07-12 13:03:39.713894781+00:00,24,1,42054026,2026-07-10 00:00:00+00:00,0.6935,2147483647,3606,14976,3,4,1,7,M6AZ6
2026-07-12 13:04:13.513175825+00:00,2026-07-12 13:04:13.512143993+00:00,24,1,42141216,2026-07-10 00:00:00+00:00,-0.001,2147483647,4083,15016,3,4,1,3,M6AZ6-M6AU6
2026-07-12 13:06:42.348053703+00:00,2026-07-12 13:06:42.347060011+00:00,24,1,42244728,2026-07-10 00:00:00+00:00,0.6945,2147483647,6665,13838,3,4,1,7,M6AU6
2026-07-12 17:30:49.725727172+00:00,2026-07-12 17:30:49.725536813+00:00,24,1,42054026,2026-07-10 00:00:00+00:00,,112,7558,11161,9,4,1,0,M6AZ6
2026-07-12 17:30:49.725727172+00:00,2026-07-12 17:30:49.725536813+00:00,24,1,42054026,2026-07-10 00:00:00+00:00,,12,7558,11161,6,4,1,0,M6AZ6
2026-07-12 17:30:49.725727172+00:00,2026-07-12 17:30:49.725536813+00:00,24,1,42244728,2026-07-10 00:00:00+00:00,,3070,7558,11161,9,4,1,0,M6AU6
2026-07-12 17:30:49.725727172+00:00,2026-07-12 17:30:49.725536813+00:00,24,1,42244728,2026-07-10 00:00:00+00:00,,5052,7558,11161,6,4,1,0,M6AU6
2026-07-12 21:24:22.883116259+00:00,2026-07-12 21:24:22.881948491+00:00,24,1,42244728,,0.6955,2,8343,21747,2,4,1,0,M6AU6
2026-07-12 21:58:05.771590559+00:00,2026-07-12 21:58:05.771041125+00:00,24,1,42244728,,0.693,4,12757,19951,2,4,1,0,M6AU6
2026-07-12 21:58:59.100578934+00:00,2026-07-12 21:58:59.100274253+00:00,24,1,42244728,,0.693,5,14457,13624,2,4,1,0,M6AU6
2026-07-12 21:59:59.992383904+00:00,2026-07-12 21:59:59.992180459+00:00,24,1,42244728,,0.693,15,15694,12956,2,4,1,0,M6AU6
2026-07-12 22:00:00.055552803+00:00,2026-07-12 22:00:00+00:00,24,1,42244728,,0.693,2147483647,15702,16853,5,4,1,0,M6AU6
2026-07-12 22:00:00.055552803+00:00,2026-07-12 22:00:00+00:00,24,1,42244728,,0.693,2147483647,15702,16853,4,4,1,0,M6AU6
2026-07-12 22:00:00.055552803+00:00,2026-07-12 22:00:00+00:00,24,1,42244728,,0.693,2147483647,15702,16853,1,4,1,0,M6AU6
2026-07-12 22:00:00.071274692+00:00,2026-07-12 22:00:00.003408785+00:00,24,1,42244728,,0.6932,2147483647,15924,14380,8,4,1,0,M6AU6
2026-07-12 22:00:00.071274692+00:00,2026-07-12 22:00:00.003408785+00:00,24,1,42244728,,0.6959,2147483647,15924,14380,7,4,1,0,M6AU6
2026-07-12 22:00:00.071316948+00:00,2026-07-12 22:00:00.003409553+00:00,24,1,42244728,,0.6943,2147483647,15925,11396,7,4,1,0,M6AU6
2026-07-12 22:00:00.074104202+00:00,2026-07-12 22:00:00.020470117+00:00,24,1,42244728,,0.6942,2147483647,15997,12619,7,4,1,0,M6AU6
2026-07-12 22:00:00.074905011+00:00,2026-07-12 22:00:00.039289821+00:00,24,1,42244728,,0.6933,2147483647,16020,13990,8,4,1,0,M6AU6
2026-07-12 22:00:00.118798670+00:00,2026-07-12 22:00:00.112587914+00:00,24,1,42141216,,-0.01,2147483647,16465,13863,8,4,1,0,M6AZ6-M6AU6
2026-07-12 22:00:00.118798670+00:00,2026-07-12 22:00:00.112587914+00:00,24,1,42141216,,-0.0009,2147483647,16465,13863,7,4,1,0,M6AZ6-M6AU6
2026-07-12 22:00:00.119470462+00:00,2026-07-12 22:00:00.112587914+00:00,24,1,42141216,,-0.0011,2147483647,16509,11437,8,4,1,0,M6AZ6-M6AU6
2026-07-12 22:00:00.131466689+00:00,2026-07-12 22:00:00.131266993+00:00,24,1,42244728,,0.6941,2147483647,16676,12767,7,4,1,0,M6AU6
2026-07-12 22:00:00.156767766+00:00,2026-07-12 22:00:00.156562373+00:00,24,1,42244728,,0.694,2147483647,16950,14066,7,4,1,0,M6AU6
2026-07-12 22:00:00.158253596+00:00,2026-07-12 22:00:00.158018361+00:00,24,1,42244728,,0.6939,2147483647,16957,13397,7,4,1,0,M6AU6
2026-07-12 22:00:00.192032107+00:00,2026-07-12 22:00:00.191870527+00:00,24,1,42244728,,0.6934,2147483647,17053,13516,8,4,1,0,M6AU6
2026-07-12 22:00:00.214264568+00:00,2026-07-12 22:00:00.214110269+00:00,24,1,42054026,,0.6922,2147483647,17206,12009,8,4,1,0,M6AZ6
2026-07-12 22:00:00.214264568+00:00,2026-07-12 22:00:00.214110269+00:00,24,1,42054026,,0.6959,2147483647,17206,12009,7,4,1,0,M6AZ6
2026-07-12 22:00:00.225398300+00:00,2026-07-12 22:00:00.225264009+00:00,24,1,42054026,,0.6935,2147483647,17334,11355,7,4,1,0,M6AZ6
2026-07-12 22:00:00.279798323+00:00,2026-07-12 22:00:00.279024205+00:00,24,1,42244728,,0.6933,2147483647,17487,12206,5,4,1,0,M6AU6
2026-07-12 22:00:00.949609838+00:00,2026-07-12 22:00:00.949442247+00:00,24,1,42244728,,0.6935,2147483647,19633,12672,8,4,1,0,M6AU6
2026-07-12 22:00:01.311507402+00:00,2026-07-12 22:00:01.311362603+00:00,24,1,42244728,,0.6936,2147483647,20765,13044,8,4,1,0,M6AU6
2026-07-12 22:00:01.458787148+00:00,2026-07-12 22:00:01.458411307+00:00,24,1,42054026,,0.6934,2147483647,21166,11425,7,4,1,0,M6AZ6
2026-07-12 22:00:01.556539231+00:00,2026-07-12 22:00:01.555779385+00:00,24,1,42244728,,0.6936,2147483647,21344,11475,5,4,1,0,M6AU6
2026-07-12 22:00:02.413974671+00:00,2026-07-12 22:00:02.413850923+00:00,24,1,42244728,,0.6938,2147483647,22206,12902,7,4,1,0,M6AU6
2026-07-12 22:00:03.619852897+00:00,2026-07-12 22:00:03.619740051+00:00,24,1,42244728,,0.6937,2147483647,23601,13064,7,4,1,0,M6AU6
2026-07-12 22:00:06.005819326+00:00,2026-07-12 22:00:06.005703519+00:00,24,1,42244728,,0.6936,2147483647,25223,11527,7,4,1,0,M6AU6
2026-07-12 22:00:41.473633878+00:00,2026-07-12 22:00:41.473361965+00:00,24,1,42054026,,0.6931,2147483647,35007,10785,7,4,1,0,M6AZ6
2026-07-12 22:01:15.387536706+00:00,2026-07-12 22:01:15.387352627+00:00,24,1,42054026,,0.693,2147483647,42025,12012,7,4,1,0,M6AZ6
2026-07-12 22:01:45.136298092+00:00,2026-07-12 22:01:45.136117507+00:00,24,1,42244728,,0.6935,2147483647,47385,11737,7,4,1,0,M6AU6
2026-07-12 22:01:52.584770406+00:00,2026-07-12 22:01:52.584407667+00:00,24,1,42244728,,0.6934,2147483647,48729,15493,7,4,1,0,M6AU6
2026-07-12 22:02:01.733872588+00:00,2026-07-12 22:02:01.733734095+00:00,24,1,42244728,,0.6933,2147483647,51265,13535,7,4,1,0,M6AU6
2026-07-12 22:02:06.687710879+00:00,2026-07-12 22:02:06.687564831+00:00,24,1,42244728,,0.6932,2147483647,53187,11836,7,4,1,0,M6AU6
2026-07-12 22:02:21.587810475+00:00,2026-07-12 22:02:21.587498695+00:00,24,1,42054026,,0.6928,2147483647,56339,12046,7,4,1,0,M6AZ6
2026-07-12 22:02:21.588267087+00:00,2026-07-12 22:02:21.587818725+00:00,24,1,42054026,,0.6927,2147483647,56364,11878,7,4,1,0,M6AZ6
2026-07-12 22:02:35.611170265+00:00,2026-07-12 22:02:35.610718489+00:00,24,1,42244728,,0.6931,2147483647,59362,12445,7,4,1,0,M6AU6
2026-07-12 22:02:35.621354452+00:00,2026-07-12 22:02:35.620750635+00:00,24,1,42244728,,0.693,2147483647,59515,13030,7,4,1,0,M6AU6
2026-07-12 22:03:22.064189625+00:00,2026-07-12 22:03:22.063927239+00:00,24,1,42244728,,0.6929,2147483647,69664,11342,7,4,1,0,M6AU6
2026-07-12 22:03:22.065161748+00:00,2026-07-12 22:03:22.064699298+00:00,24,1,42244728,,0.6928,2147483647,69681,11508,7,4,1,0,M6AU6
2026-07-12 22:03:22.066357289+00:00,2026-07-12 22:03:22.064699298+00:00,24,1,42054026,,0.6925,2147483647,69702,12292,7,4,1,0,M6AZ6
2026-07-12 22:03:22.068352391+00:00,2026-07-12 22:03:22.066165341+00:00,24,1,42244728,,0.6928,2147483647,69756,12305,4,4,1,0,M6AU6
2026-07-12 22:03:22.068746777+00:00,2026-07-12 22:03:22.066806406+00:00,24,1,42054026,,0.6924,2147483647,69771,12350,7,4,1,0,M6AZ6
2026-07-12 22:05:41.409868313+00:00,2026-07-12 22:05:41.409437749+00:00,24,1,42054026,,0.6923,2147483647,91701,11420,7,4,1,0,M6AZ6
2026-07-12 22:07:15.768145407+00:00,2026-07-12 22:07:15.767504347+00:00,24,1,42244728,,0.6927,2147483647,103169,15010,4,4,1,0,M6AU6
2026-07-12 22:07:15.773831498+00:00,2026-07-12 22:07:15.773707319+00:00,24,1,42244728,,0.6927,2147483647,103224,11458,7,4,1,0,M6AU6
2026-07-12 22:07:18.435983529+00:00,2026-07-12 22:07:18.434614255+00:00,24,1,42244728,,0.6922,2147483647,103827,16100,4,4,1,0,M6AU6
2026-07-12 22:07:18.436036595+00:00,2026-07-12 22:07:18.435696971+00:00,24,1,42244728,,0.6926,2147483647,103832,11699,7,4,1,0,M6AU6
2026-07-12 22:07:18.513517729+00:00,2026-07-12 22:07:18.513400487+00:00,24,1,42244728,,0.6925,2147483647,103869,13196,7,4,1,0,M6AU6
2026-07-12 22:11:53.934647840+00:00,2026-07-12 22:11:53.934087545+00:00,24,1,42054026,,0.6922,2147483647,136041,11431,7,4,1,0,M6AZ6
2026-07-12 22:11:53.935870050+00:00,2026-07-12 22:11:53.934657201+00:00,24,1,42054026,,0.6921,2147483647,136094,11681,7,4,1,0,M6AZ6
2026-07-12 22:13:06.500049772+00:00,2026-07-12 22:13:06.499822887+00:00,24,1,42054026,,0.692,2147483647,145861,13541,7,4,1,0,M6AZ6
2026-07-12 22:13:10.424539381+00:00,2026-07-12 22:13:10.423393025+00:00,24,1,42054026,,0.6919,2147483647,150374,15235,7,4,1,0,M6AZ6
2026-07-12 22:13:10.424981534+00:00,2026-07-12 22:13:10.424610992+00:00,24,1,42054026,,0.6918,2147483647,150401,11379,7,4,1,0,M6AZ6
2026-07-12 22:15:06.195642793+00:00,2026-07-12 22:15:06.195170360+00:00,24,1,42054026,,0.6917,2147483647,170174,11860,7,4,1,0,M6AZ6
2026-07-12 22:45:02.863524745+00:00,2026-07-12 22:45:02.863414823+00:00,24,1,42141216,,-0.001,2147483647,298619,13760,8,4,1,0,M6AZ6-M6AU6
2026-07-13 00:03:01.718652926+00:00,2026-07-13 00:03:01.717939591+00:00,24,1,42054026,,0.6923,2147483647,765133,12177,8,4,1,0,M6AZ6
2026-07-13 00:06:17.479749139+00:00,2026-07-13 00:06:17.479646790+00:00,24,1,42054026,,0.6924,2147483647,842829,13631,8,4,1,0,M6AZ6
2026-07-13 00:10:42.189540079+00:00,2026-07-13 00:10:42.189094231+00:00,24,1,42244728,,0.6937,2147483647,926624,11531,5,4,1,0,M6AU6
2026-07-13 01:01:07.241794271+00:00,2026-07-13 01:01:07.241687115+00:00,24,1,42244728,,0.6924,2147483647,1783561,12874,7,4,1,0,M6AU6
2026-07-13 01:01:08.993943803+00:00,2026-07-13 01:01:08.992708490+00:00,24,1,42054026,,0.6916,2147483647,1785534,11566,7,4,1,0,M6AZ6
2026-07-13 01:04:30.402816620+00:00,2026-07-13 01:04:30.401598719+00:00,24,1,42244728,,0.6923,2147483647,1860833,11215,7,4,1,0,M6AU6
2026-07-13 01:09:36.239146236+00:00,2026-07-13 01:09:36.238821523+00:00,24,1,42054026,,0.6915,2147483647,1933773,12985,7,4,1,0,M6AZ6
2026-07-13 01:09:56.932775454+00:00,2026-07-13 01:09:56.932534647+00:00,24,1,42244728,,0.6922,2147483647,1940623,12237,7,4,1,0,M6AU6
2026-07-13 01:09:56.933493267+00:00,2026-07-13 01:09:56.933250276+00:00,24,1,42054026,,0.6914,2147483647,1940658,11303,7,4,1,0,M6AZ6
2026-07-13 01:10:07.111825171+00:00,2026-07-13 01:10:07.111478939+00:00,24,1,42244728,,0.6921,2147483647,1944453,11318,4,4,1,0,M6AU6
2026-07-13 03:05:19.567936683+00:00,2026-07-13 03:05:19.567776025+00:00,24,1,42244728,,0.6921,2147483647,3618661,11491,7,4,1,0,M6AU6
2026-07-13 03:05:22.309705107+00:00,2026-07-13 03:05:22.309273917+00:00,24,1,42054026,,0.6913,2147483647,3620007,13817,7,4,1,0,M6AZ6
2026-07-13 03:05:30.236355867+00:00,2026-07-13 03:05:30.235912909+00:00,24,1,42244728,,0.692,2147483647,3621857,14168,4,4,1,0,M6AU6
2026-07-13 03:07:28.492266401+00:00,2026-07-13 03:07:28.491891389+00:00,24,1,42244728,,0.692,2147483647,3643402,13740,7,4,1,0,M6AU6
2026-07-13 03:09:28.208424817+00:00,2026-07-13 03:09:28.207974321+00:00,24,1,42244728,,0.6918,2147483647,3662970,12622,4,4,1,0,M6AU6
2026-07-13 03:10:06.910189591+00:00,2026-07-13 03:10:06.910065713+00:00,24,1,42244728,,0.6919,2147483647,3669184,15839,7,4,1,0,M6AU6
2026-07-13 03:10:09.097308233+00:00,2026-07-13 03:10:09.096801833+00:00,24,1,42054026,,0.6912,2147483647,3670706,11387,7,4,1,0,M6AZ6
2026-07-13 03:10:17.805754089+00:00,2026-07-13 03:10:17.805596947+00:00,24,1,42244728,,0.6918,2147483647,3672325,11300,7,4,1,0,M6AU6
2026-07-13 03:10:27.320740014+00:00,2026-07-13 03:10:27.319650579+00:00,24,1,42054026,,0.6911,2147483647,3674476,11727,7,4,1,0,M6AZ6
2026-07-13 03:10:27.961024270+00:00,2026-07-13 03:10:27.960601809+00:00,24,1,42244728,,0.6917,2147483647,3675104,13425,4,4,1,0,M6AU6
2026-07-13 03:10:30.399386911+00:00,2026-07-13 03:10:30.399262883+00:00,24,1,42244728,,0.6917,2147483647,3676112,11561,7,4,1,0,M6AU6
2026-07-13 06:12:33.840257095+00:00,2026-07-13 06:12:33.839857397+00:00,24,1,42054026,,0.691,2147483647,5908921,13444,7,4,1,0,M6AZ6
2026-07-13 08:11:06.974044084+00:00,2026-07-13 08:11:06.973271719+00:00,24,1,42054026,,0.6925,2147483647,8636234,12694,8,4,1,0,M6AZ6
2026-07-13 08:11:56.478678846+00:00,2026-07-13 08:11:56.477200733+00:00,24,1,42244728,,0.6937,2147483647,8663902,11564,8,4,1,0,M6AU6
2026-07-13 08:12:43.355510910+00:00,2026-07-13 08:12:43.354511827+00:00,24,1,42054026,,0.6926,2147483647,8696706,11775,8,4,1,0,M6AZ6
2026-07-13 08:13:00.245704555+00:00,2026-07-13 08:13:00.245362505+00:00,24,1,42244728,,0.6938,2147483647,8708569,11322,5,4,1,0,M6AU6
2026-07-13 08:17:01.720174815+00:00,2026-07-13 08:17:01.719891291+00:00,24,1,42244728,,0.6938,2147483647,8848410,13594,8,4,1,0,M6AU6
2026-07-13 08:17:05.823971137+00:00,2026-07-13 08:17:05.823737557+00:00,24,1,42054026,,0.6927,2147483647,8854345,11374,8,4,1,0,M6AZ6
2026-07-13 08:17:15.467814034+00:00,2026-07-13 08:17:15.467225275+00:00,24,1,42244728,,0.6939,2147483647,8863256,15194,5,4,1,0,M6AU6
2026-07-13 08:17:15.467814034+00:00,2026-07-13 08:17:15.467225275+00:00,24,1,42244728,,0.6939,2147483647,8863256,15194,8,4,1,0,M6AU6
2026-07-13 08:17:15.474126780+00:00,2026-07-13 08:17:15.473757803+00:00,24,1,42244728,,0.694,2147483647,8863380,11796,5,4,1,0,M6AU6
2026-07-13 08:17:17.388482884+00:00,2026-07-13 08:17:17.387735347+00:00,24,1,42054026,,0.6928,2147483647,8865100,15104,8,4,1,0,M6AZ6
2026-07-13 11:05:53.552409945+00:00,2026-07-13 11:05:53.550878331+00:00,24,1,42244728,,0.694,2147483647,11449150,11472,8,4,1,0,M6AU6
2026-07-13 11:06:01.333025436+00:00,2026-07-13 11:06:01.332560805+00:00,24,1,42244728,,0.6941,2147483647,11465688,15380,5,4,1,0,M6AU6
2026-07-13 11:06:01.333232798+00:00,2026-07-13 11:06:01.333122955+00:00,24,1,42244728,,0.6941,2147483647,11465694,14144,8,4,1,0,M6AU6
2026-07-13 11:06:01.342417741+00:00,2026-07-13 11:06:01.341697619+00:00,24,1,42054026,,0.6929,2147483647,11465826,11879,8,4,1,0,M6AZ6
2026-07-13 11:06:01.342722103+00:00,2026-07-13 11:06:01.342537485+00:00,24,1,42054026,,0.693,2147483647,11465844,11756,8,4,1,0,M6AZ6
2026-07-13 11:34:09.857976702+00:00,2026-07-13 11:34:09.857670803+00:00,24,1,42244728,,0.6942,2147483647,11969026,11405,5,4,1,0,M6AU6
2026-07-13 11:34:40.412511942+00:00,2026-07-13 11:34:40.412358941+00:00,24,1,42244728,,0.6942,2147483647,11976979,12006,8,4,1,0,M6AU6
2026-07-13 14:05:38.610082148+00:00,2026-07-13 14:05:38.609967439+00:00,24,1,42244728,2026-07-10 00:00:00+00:00,,3070,15589299,11168,9,4,1,0,M6AU6
2026-07-13 14:05:38.610082148+00:00,2026-07-13 14:05:38.609967439+00:00,24,1,42244728,2026-07-10 00:00:00+00:00,,5052,15589299,11168,6,4,1,0,M6AU6
2026-07-13 14:05:39.402618062+00:00,2026-07-13 14:05:39.402528579+00:00,24,1,42054026,2026-07-10 00:00:00+00:00,,112,15589604,15185,9,4,1,0,M6AZ6
2026-07-13 14:05:39.402618062+00:00,2026-07-13 14:05:39.402528579+00:00,24,1,42054026,2026-07-10 00:00:00+00:00,,12,15589604,15185,6,4,1,0,M6AZ6
2026-07-13 14:16:45.450849716+00:00,2026-07-13 14:16:45.445106289+00:00,24,1,42054026,,0.6913,2147483647,15895695,18213,5,4,1,0,M6AZ6
2026-07-13 14:16:45.450849716+00:00,2026-07-13 14:16:45.445106289+00:00,24,1,42054026,,0.6913,2147483647,15895695,18213,4,4,1,0,M6AZ6
2026-07-13 14:16:45.450849716+00:00,2026-07-13 14:16:45.445106289+00:00,24,1,42054026,,0.6913,2147483647,15895695,18213,1,4,1,0,M6AZ6
2026-07-13 16:30:42.555043067+00:00,2026-07-13 16:30:42.554639547+00:00,24,1,42244728,,0.6916,2147483647,19493500,13841,4,4,1,0,M6AU6
2026-07-13 16:33:57.106131337+00:00,2026-07-13 16:33:57.105333115+00:00,24,1,42244728,,0.6916,2147483647,19658611,13534,7,4,1,0,M6AU6
2026-07-13 16:34:07.539838657+00:00,2026-07-13 16:34:07.539467591+00:00,24,1,42244728,,0.6915,2147483647,19668897,24166,4,4,1,0,M6AU6
2026-07-13 16:34:08.044388366+00:00,2026-07-13 16:34:08.043893337+00:00,24,1,42244728,,0.6915,2147483647,19669702,13305,7,4,1,0,M6AU6
2026-07-13 16:34:11.998043252+00:00,2026-07-13 16:34:11.997561697+00:00,24,1,42054026,,0.6905,2147483647,19677956,14664,4,4,1,0,M6AZ6
2026-07-13 16:34:28.474446414+00:00,2026-07-13 16:34:28.474120043+00:00,24,1,42244728,,0.6914,2147483647,19690306,11949,4,4,1,0,M6AU6
2026-07-13 16:34:30.901902969+00:00,2026-07-13 16:34:30.901802425+00:00,24,1,42244728,,0.6914,2147483647,19692619,14583,7,4,1,0,M6AU6
2026-07-13 16:35:28.620576060+00:00,2026-07-13 16:35:28.620343733+00:00,24,1,42244728,,0.6913,2147483647,19737386,14531,7,4,1,0,M6AU6
2026-07-13 16:35:30.391623843+00:00,2026-07-13 16:35:30.391280971+00:00,24,1,42244728,,0.6912,2147483647,19741101,15315,4,4,1,0,M6AU6
2026-07-13 16:35:30.391843594+00:00,2026-07-13 16:35:30.391402347+00:00,24,1,42244728,,0.6912,2147483647,19741107,13468,7,4,1,0,M6AU6
2026-07-13 16:35:30.405295547+00:00,2026-07-13 16:35:30.404951387+00:00,24,1,42244728,,0.6911,2147483647,19741295,12302,4,4,1,0,M6AU6
2026-07-13 16:35:32.745174043+00:00,2026-07-13 16:35:32.744920535+00:00,24,1,42054026,,0.6908,2147483647,19745368,13319,7,4,1,0,M6AZ6
2026-07-13 16:35:32.745513059+00:00,2026-07-13 16:35:32.745186615+00:00,24,1,42054026,,0.6907,2147483647,19745391,15074,7,4,1,0,M6AZ6
2026-07-13 16:37:42.394581511+00:00,2026-07-13 16:37:42.394453615+00:00,24,1,42244728,,0.6911,2147483647,19836943,12015,7,4,1,0,M6AU6
2026-07-13 18:03:46.101245630+00:00,2026-07-13 18:03:46.100610013+00:00,24,1,42054026,,0.6906,2147483647,21488213,12562,7,4,1,0,M6AZ6
2026-07-13 18:18:27.297916374+00:00,2026-07-13 18:18:27.296928089+00:00,24,1,42054026,,0.6905,2147483647,21709666,11191,7,4,1,0,M6AZ6
2026-07-13 18:19:26.406941446+00:00,2026-07-13 18:19:26.406557811+00:00,24,1,42054026,,0.6904,2147483647,21729854,13326,7,4,1,0,M6AZ6
2026-07-13 19:05:16.658789194+00:00,2026-07-13 19:05:16.658711411+00:00,24,1,42244728,2026-07-13 00:00:00+00:00,0.6915,2147483647,22418640,15467,3,4,1,6,M6AU6
2026-07-13 19:05:16.658796425+00:00,2026-07-13 19:05:16.658711411+00:00,24,1,42244728,2026-07-13 00:00:00+00:00,0.6915,2147483647,22418641,11762,3,4,1,2,M6AU6
2026-07-13 19:05:16.658803433+00:00,2026-07-13 19:05:16.658711411+00:00,24,1,42054026,2026-07-13 00:00:00+00:00,0.6906,2147483647,22418642,11590,3,4,1,6,M6AZ6
2026-07-13 19:05:16.658809980+00:00,2026-07-13 19:05:16.658711411+00:00,24,1,42054026,2026-07-13 00:00:00+00:00,0.6906,2147483647,22418643,11123,3,4,1,2,M6AZ6
2026-07-13 19:11:27.614697398+00:00,2026-07-13 19:11:27.614400859+00:00,24,1,42244728,,0.691,2147483647,22499653,11530,4,4,1,0,M6AU6
2026-07-13 19:15:10.426273931+00:00,2026-07-13 19:15:10.423986910+00:00,24,1,42244728,,0.691,2147483647,22551232,15210,7,4,1,0,M6AU6
2026-07-13 19:15:10.429304914+00:00,2026-07-13 19:15:10.428970491+00:00,24,1,42054026,,0.6901,2147483647,22551396,15204,4,4,1,0,M6AZ6
2026-07-13 19:15:39.657193631+00:00,2026-07-13 19:15:39.656706139+00:00,24,1,42054026,,0.6903,2147483647,22558787,14198,7,4,1,0,M6AZ6
2026-07-13 19:29:38.213448039+00:00,2026-07-13 19:29:38.213049085+00:00,24,1,42244728,,0.6909,2147483647,22728894,16149,4,4,1,0,M6AU6
2026-07-13 19:36:24.619325750+00:00,2026-07-13 19:36:24.619210475+00:00,24,1,42244728,,0.6909,2147483647,22819926,14484,7,4,1,0,M6AU6
2026-07-13 19:36:25.186836011+00:00,2026-07-13 19:36:25.186491147+00:00,24,1,42054026,,0.6902,2147483647,22820763,13452,7,4,1,0,M6AZ6
2026-07-13 19:37:19.410812467+00:00,2026-07-13 19:37:19.410498469+00:00,24,1,42244728,,0.6908,2147483647,22832652,11448,4,4,1,0,M6AU6
2026-07-13 19:37:19.431748612+00:00,2026-07-13 19:37:19.431430623+00:00,24,1,42244728,,0.6907,2147483647,22832668,11637,4,4,1,0,M6AU6
2026-07-13 19:37:24.636363812+00:00,2026-07-13 19:37:24.636234077+00:00,24,1,42244728,,0.6908,2147483647,22833513,10929,7,4,1,0,M6AU6
2026-07-13 20:15:13.906104093+00:00,2026-07-13 20:15:13.903914607+00:00,24,1,42054026,,0.6901,2147483647,23159530,11577,7,4,1,0,M6AZ6
2026-07-13 20:16:31.952693532+00:00,2026-07-13 20:16:31.952475509+00:00,24,1,42244728,,0.6907,2147483647,23168948,13281,7,4,1,0,M6AU6
2026-07-13 20:17:00.144053957+00:00,2026-07-13 20:17:00.128228743+00:00,24,1,42244728,,0.6906,2147483647,23172154,16304,4,4,1,0,M6AU6
2026-07-13 20:17:00.150424139+00:00,2026-07-13 20:17:00.137670379+00:00,24,1,42244728,,0.6906,2147483647,23172290,20588,7,4,1,0,M6AU6
2026-07-13 20:17:00.153287593+00:00,2026-07-13 20:17:00.142028335+00:00,24,1,42054026,,0.69,2147483647,23172332,15311,7,4,1,0,M6AZ6
2026-07-13 20:17:00.158150621+00:00,2026-07-13 20:17:00.153301013+00:00,24,1,42054026,,0.6899,2147483647,23172413,15192,7,4,1,0,M6AZ6
2026-07-13 21:38:11.827732040+00:00,2026-07-13 21:38:11.826369511+00:00,24,1,42054026,2026-07-13 00:00:00+00:00,0.6906,2147483647,23381956,15284,3,4,1,6,M6AZ6
2026-07-13 21:38:41.883548273+00:00,2026-07-13 21:38:41.882412221+00:00,24,1,42141216,2026-07-13 00:00:00+00:00,-0.0009,2147483647,23382333,14917,3,4,1,2,M6AZ6-M6AU6
2026-07-13 21:41:05.275678182+00:00,2026-07-13 21:41:05.274518311+00:00,24,1,42244728,2026-07-13 00:00:00+00:00,0.6915,2147483647,23384290,15729,3,4,1,6,M6AU6
2026-07-13 21:55:26.337894183+00:00,2026-07-13 21:55:26.337537645+00:00,24,1,42244728,,0.6911,10,23386134,15408,2,4,1,0,M6AU6
2026-07-13 22:00:00.016876396+00:00,2026-07-13 22:00:00+00:00,24,1,42244728,,0.6911,2147483647,23387994,16506,5,4,1,0,M6AU6
2026-07-13 22:00:00.016876396+00:00,2026-07-13 22:00:00+00:00,24,1,42244728,,0.6911,2147483647,23387994,16506,4,4,1,0,M6AU6
2026-07-13 22:00:00.016876396+00:00,2026-07-13 22:00:00+00:00,24,1,42244728,,0.6911,2147483647,23387994,16506,1,4,1,0,M6AU6
2026-07-13 22:00:00.020817950+00:00,2026-07-13 22:00:00.002072606+00:00,24,1,42244728,,0.6907,2147483647,23388219,11718,8,4,1,0,M6AU6
2026-07-13 22:00:00.020817950+00:00,2026-07-13 22:00:00.002072606+00:00,24,1,42244728,,0.6914,2147483647,23388219,11718,7,4,1,0,M6AU6
2026-07-13 22:00:00.020827953+00:00,2026-07-13 22:00:00.002072606+00:00,24,1,42244728,,0.6908,2147483647,23388220,11702,8,4,1,0,M6AU6
2026-07-13 22:00:00.086586376+00:00,2026-07-13 22:00:00.086477251+00:00,24,1,42141216,,-0.001,2147483647,23389366,11191,8,4,1,0,M6AZ6-M6AU6
2026-07-13 22:00:00.086586376+00:00,2026-07-13 22:00:00.086477251+00:00,24,1,42141216,,0.01,2147483647,23389366,11191,7,4,1,0,M6AZ6-M6AU6
2026-07-13 22:00:00.086855732+00:00,2026-07-13 22:00:00.086751049+00:00,24,1,42141216,,-0.0008,2147483647,23389370,14557,7,4,1,0,M6AZ6-M6AU6
2026-07-13 22:00:00.122179319+00:00,2026-07-13 22:00:00.122082943+00:00,24,1,42244728,,0.6909,2147483647,23389502,11579,8,4,1,0,M6AU6
2026-07-13 22:00:00.158131443+00:00,2026-07-13 22:00:00.158024429+00:00,24,1,42244728,,0.691,2147483647,23389600,15487,8,4,1,0,M6AU6
2026-07-13 22:00:00.158368455+00:00,2026-07-13 22:00:00.158263093+00:00,24,1,42244728,,0.6911,2147483647,23389604,14530,8,4,1,0,M6AU6
2026-07-13 22:00:00.278153722+00:00,2026-07-13 22:00:00.278033105+00:00,24,1,42054026,,0.6892,2147483647,23390077,11354,8,4,1,0,M6AZ6
2026-07-13 22:00:00.278153722+00:00,2026-07-13 22:00:00.278033105+00:00,24,1,42054026,,0.691,2147483647,23390077,11354,7,4,1,0,M6AZ6
2026-07-13 22:00:00.452965996+00:00,2026-07-13 22:00:00.452818103+00:00,24,1,42244728,,0.6913,2147483647,23390407,14852,7,4,1,0,M6AU6
2026-07-13 22:00:00.665294207+00:00,2026-07-13 22:00:00.665192049+00:00,24,1,42054026,,0.6896,2147483647,23390890,14763,8,4,1,0,M6AZ6
2026-07-13 22:00:01.138458619+00:00,2026-07-13 22:00:01.138355201+00:00,24,1,42244728,,0.6912,2147483647,23392253,10434,7,4,1,0,M6AU6
2026-07-13 22:00:06.016696598+00:00,2026-07-13 22:00:06.016597953+00:00,24,1,42244728,,0.6911,2147483647,23395043,11135,7,4,1,0,M6AU6
2026-07-13 22:00:13.852681940+00:00,2026-07-13 22:00:13.852388739+00:00,24,1,42244728,,0.6912,2147483647,23396877,12624,5,4,1,0,M6AU6
2026-07-13 22:00:13.852893571+00:00,2026-07-13 22:00:13.852795357+00:00,24,1,42244728,,0.6912,2147483647,23396884,11676,8,4,1,0,M6AU6
2026-07-13 22:01:15.340164956+00:00,2026-07-13 22:01:15.340037067+00:00,24,1,42054026,,0.6897,2147483647,23408683,11674,8,4,1,0,M6AZ6
2026-07-13 22:01:15.340340589+00:00,2026-07-13 22:01:15.340158331+00:00,24,1,42054026,,0.6909,2147483647,23408695,11152,7,4,1,0,M6AZ6
2026-07-13 22:02:11.874428969+00:00,2026-07-13 22:02:11.874113363+00:00,24,1,42244728,,0.6913,2147483647,23410789,13691,5,4,1,0,M6AU6
2026-07-13 22:03:13.253935335+00:00,2026-07-13 22:03:13.253811555+00:00,24,1,42244728,,0.6913,2147483647,23413806,11594,8,4,1,0,M6AU6
2026-07-13 22:03:13.616378164+00:00,2026-07-13 22:03:13.613588549+00:00,24,1,42244728,,0.6914,2147483647,23414069,16528,5,4,1,0,M6AU6
2026-07-13 22:05:09.743416423+00:00,2026-07-13 22:05:09.742954953+00:00,24,1,42244728,,0.6914,2147483647,23419909,12704,8,4,1,0,M6AU6
2026-07-13 22:05:58.122094063+00:00,2026-07-13 22:05:58.121569249+00:00,24,1,42054026,,0.6898,2147483647,23421567,11736,8,4,1,0,M6AZ6
2026-07-13 22:05:58.123006361+00:00,2026-07-13 22:05:58.122691068+00:00,24,1,42054026,,0.6899,2147483647,23421608,11626,8,4,1,0,M6AZ6
2026-07-13 22:08:21.421178836+00:00,2026-07-13 22:08:21.420832445+00:00,24,1,42054026,,0.6907,2147483647,23427282,11816,7,4,1,0,M6AZ6
2026-07-13 22:08:21.421392060+00:00,2026-07-13 22:08:21.420854025+00:00,24,1,42054026,,0.69,2147483647,23427297,11537,8,4,1,0,M6AZ6
2026-07-13 22:08:21.422085932+00:00,2026-07-13 22:08:21.421951273+00:00,24,1,42054026,,0.6906,2147483647,23427345,13237,7,4,1,0,M6AZ6
2026-07-13 22:08:21.422589483+00:00,2026-07-13 22:08:21.421951273+00:00,24,1,42054026,,0.6901,2147483647,23427379,11914,8,4,1,0,M6AZ6
2026-07-13 22:34:04.325951015+00:00,2026-07-13 22:34:04.325680055+00:00,24,1,42054026,,0.6905,2147483647,23482976,11609,7,4,1,0,M6AZ6
2026-07-13 22:39:23.847678740+00:00,2026-07-13 22:39:23.847177203+00:00,24,1,42054026,,0.6904,2147483647,23491950,12056,7,4,1,0,M6AZ6
2026-07-13 22:56:17.275705715+00:00,2026-07-13 22:56:17.275387373+00:00,24,1,42244728,,0.691,2147483647,23527992,14844,4,4,1,0,M6AU6
2026-07-13 22:56:17.275705715+00:00,2026-07-13 22:56:17.275387373+00:00,24,1,42244728,,0.691,2147483647,23527992,14844,7,4,1,0,M6AU6
2026-07-13 22:57:12.831076943+00:00,2026-07-13 22:57:12.830862345+00:00,24,1,42054026,,0.6903,2147483647,23529699,11478,7,4,1,0,M6AZ6
2026-07-13 22:59:26.588931813+00:00,2026-07-13 22:59:26.588556551+00:00,24,1,42244728,,0.6909,2147483647,23534222,13627,4,4,1,0,M6AU6
2026-07-13 23:06:01.104633047+00:00,2026-07-13 23:06:01.104256499+00:00,24,1,42054026,2026-07-13 00:00:00+00:00,0.6906,2147483647,23551733,14933,3,4,1,7,M6AZ6
2026-07-13 23:06:35.936564241+00:00,2026-07-13 23:06:35.936212331+00:00,24,1,42141216,2026-07-13 00:00:00+00:00,-0.0009,2147483647,23553183,14731,3,4,1,3,M6AZ6-M6AU6
2026-07-13 23:09:10.750200759+00:00,2026-07-13 23:09:10.749858927+00:00,24,1,42244728,2026-07-13 00:00:00+00:00,0.6915,2147483647,23559271,15551,3,4,1,7,M6AU6
2026-07-13 23:19:11.396380886+00:00,2026-07-13 23:19:11.396216271+00:00,24,1,42244728,,0.6909,2147483647,23574125,13011,7,4,1,0,M6AU6
2026-07-13 23:19:41.369213779+00:00,2026-07-13 23:19:41.368854797+00:00,24,1,42054026,,0.6902,2147483647,23574959,14172,7,4,1,0,M6AZ6
2026-07-14 00:03:53.479676964+00:00,2026-07-14 00:03:53.479320931+00:00,24,1,42244728,,0.6908,2147483647,23876332,15231,4,4,1,0,M6AU6
2026-07-14 00:03:53.479676964+00:00,2026-07-14 00:03:53.479320931+00:00,24,1,42244728,,0.6908,2147483647,23876332,15231,7,4,1,0,M6AU6
2026-07-14 00:03:56.045927428+00:00,2026-07-14 00:03:56.045596557+00:00,24,1,42054026,,0.6899,2147483647,23877178,14122,5,4,1,0,M6AZ6
2026-07-14 00:03:56.045927428+00:00,2026-07-14 00:03:56.045596557+00:00,24,1,42054026,,0.6899,2147483647,23877178,14122,4,4,1,0,M6AZ6
2026-07-14 00:03:56.045927428+00:00,2026-07-14 00:03:56.045596557+00:00,24,1,42054026,,0.6899,2147483647,23877178,14122,1,4,1,0,M6AZ6
2026-07-14 00:04:26.717537141+00:00,2026-07-14 00:04:26.717257273+00:00,24,1,42054026,,0.6901,2147483647,23888736,13340,7,4,1,0,M6AZ6
2026-07-14 00:06:01.159399879+00:00,2026-07-14 00:06:01.158641760+00:00,24,1,42244728,,0.6907,2147483647,23923287,15577,4,4,1,0,M6AU6
2026-07-14 00:06:01.161231311+00:00,2026-07-14 00:06:01.160281173+00:00,24,1,42244728,,0.6907,2147483647,23923380,11706,7,4,1,0,M6AU6
2026-07-14 00:07:32.862234945+00:00,2026-07-14 00:07:32.860638091+00:00,24,1,42054026,,0.69,2147483647,23962947,11172,7,4,1,0,M6AZ6
2026-07-14 00:20:04.543758195+00:00,2026-07-14 00:20:04.543446617+00:00,24,1,42244728,,0.6906,2147483647,24256759,15200,4,4,1,0,M6AU6
2026-07-14 00:20:04.543758195+00:00,2026-07-14 00:20:04.543454337+00:00,24,1,42244728,,0.6906,2147483647,24256759,15200,7,4,1,0,M6AU6
2026-07-14 00:45:17.794373915+00:00,2026-07-14 00:45:17.793692255+00:00,24,1,42054026,,0.6902,2147483647,24779991,12021,8,4,1,0,M6AZ6
2026-07-14 00:51:52.630505371+00:00,2026-07-14 00:51:52.630204545+00:00,24,1,42054026,,0.6903,2147483647,24953093,11464,8,4,1,0,M6AZ6
2026-07-14 00:52:15.835958228+00:00,2026-07-14 00:52:15.835704071+00:00,24,1,42244728,,0.6915,2147483647,24966771,11827,5,4,1,0,M6AU6
2026-07-14 01:19:07.846880996+00:00,2026-07-14 01:19:07.846725939+00:00,24,1,42244728,,0.6915,2147483647,25506506,11097,8,4,1,0,M6AU6
2026-07-14 01:19:15.834104163+00:00,2026-07-14 01:19:15.833941199+00:00,24,1,42054026,,0.6904,2147483647,25509951,11778,8,4,1,0,M6AZ6
2026-07-14 01:20:10.461132763+00:00,2026-07-14 01:20:10.460725555+00:00,24,1,42244728,,0.6916,2147483647,25526643,15593,5,4,1,0,M6AU6
2026-07-14 01:20:10.461132763+00:00,2026-07-14 01:20:10.460733869+00:00,24,1,42244728,,0.6916,2147483647,25526643,15593,8,4,1,0,M6AU6
2026-07-14 01:20:17.812440361+00:00,2026-07-14 01:20:17.811918195+00:00,24,1,42054026,,0.6905,2147483647,25530240,11130,8,4,1,0,M6AZ6
2026-07-14 01:24:45.448932132+00:00,2026-07-14 01:24:45.448816149+00:00,24,1,42054026,2026-07-13 00:00:00+00:00,,93,25601179,11731,9,4,1,0,M6AZ6
2026-07-14 01:24:45.448932132+00:00,2026-07-14 01:24:45.448816149+00:00,24,1,42054026,2026-07-13 00:00:00+00:00,,22,25601179,11731,6,4,1,0,M6AZ6
2026-07-14 01:24:45.448932132+00:00,2026-07-14 01:24:45.448816149+00:00,24,1,42244728,2026-07-13 00:00:00+00:00,,3192,25601179,11731,9,4,1,0,M6AU6
2026-07-14 01:24:45.448932132+00:00,2026-07-14 01:24:45.448816149+00:00,24,1,42244728,2026-07-13 00:00:00+00:00,,4558,25601179,11731,6,4,1,0,M6AU6
2026-07-14 02:20:53.434740746+00:00,2026-07-14 02:20:53.433895051+00:00,24,1,42244728,,0.6917,2147483647,26500465,18750,5,4,1,0,M6AU6
2026-07-14 02:21:52.313906559+00:00,2026-07-14 02:21:52.313792627+00:00,24,1,42244728,,0.6917,2147483647,26517209,14343,8,4,1,0,M6AU6
2026-07-14 02:29:49.079423425+00:00,2026-07-14 02:29:49.079232149+00:00,24,1,42054026,,0.6906,2147483647,26611666,11769,8,4,1,0,M6AZ6
2026-07-14 02:29:58.334086246+00:00,2026-07-14 02:29:58.333690291+00:00,24,1,42244728,,0.6918,2147483647,26613495,11484,8,4,1,0,M6AU6
2026-07-14 02:30:02.079761910+00:00,2026-07-14 02:30:02.079454263+00:00,24,1,42054026,,0.6907,2147483647,26615439,11229,8,4,1,0,M6AZ6
2026-07-14 02:30:22.608841468+00:00,2026-07-14 02:30:22.608515085+00:00,24,1,42244728,,0.6918,2147483647,26622560,13449,5,4,1,0,M6AU6
2026-07-14 02:39:39.818370806+00:00,2026-07-14 02:39:39.818101647+00:00,24,1,42244728,,0.6919,2147483647,26735460,11450,5,4,1,0,M6AU6
2026-07-14 02:40:38.675699655+00:00,2026-07-14 02:40:38.675409675+00:00,24,1,42244728,,0.6919,2147483647,26749366,11634,8,4,1,0,M6AU6
2026-07-14 02:40:45.717295716+00:00,2026-07-14 02:40:45.716788099+00:00,24,1,42054026,,0.6908,2147483647,26751104,15586,8,4,1,0,M6AZ6
2026-07-14 02:41:01.082215998+00:00,2026-07-14 02:41:01.081836345+00:00,24,1,42244728,,0.692,2147483647,26754611,11986,5,4,1,0,M6AU6
2026-07-14 02:41:01.246156943+00:00,2026-07-14 02:41:01.245474435+00:00,24,1,42244728,,0.692,2147483647,26754785,16181,8,4,1,0,M6AU6
2026-07-14 02:41:01.678178676+00:00,2026-07-14 02:41:01.677083059+00:00,24,1,42054026,,0.6909,2147483647,26755261,11941,8,4,1,0,M6AZ6
2026-07-14 03:30:59.663659508+00:00,2026-07-14 03:30:59.663278753+00:00,24,1,42244728,,0.6921,2147483647,27346259,14946,5,4,1,0,M6AU6
2026-07-14 03:30:59.665075417+00:00,2026-07-14 03:30:59.663833559+00:00,24,1,42244728,,0.6921,2147483647,27346348,11945,8,4,1,0,M6AU6
2026-07-14 03:30:59.734481515+00:00,2026-07-14 03:30:59.734194747+00:00,24,1,42244728,,0.6922,2147483647,27346742,11277,5,4,1,0,M6AU6
2026-07-14 03:31:43.443001214+00:00,2026-07-14 03:31:43.442714455+00:00,24,1,42054026,,0.691,2147483647,27360884,11671,8,4,1,0,M6AZ6
2026-07-14 03:32:04.995670637+00:00,2026-07-14 03:32:04.995368257+00:00,24,1,42244728,,0.6922,2147483647,27365701,13413,8,4,1,0,M6AU6
2026-07-14 03:37:47.723599812+00:00,2026-07-14 03:37:47.723288357+00:00,24,1,42054026,,0.6911,2147483647,27450904,11534,8,4,1,0,M6AZ6
2026-07-14 03:38:22.754079578+00:00,2026-07-14 03:38:22.753740929+00:00,24,1,42244728,,0.6923,2147483647,27461903,12687,5,4,1,0,M6AU6
2026-07-14 03:38:22.925191667+00:00,2026-07-14 03:38:22.924836155+00:00,24,1,42244728,,0.6924,2147483647,27461945,12538,5,4,1,0,M6AU6
2026-07-14 03:38:23.195649646+00:00,2026-07-14 03:38:23.195288207+00:00,24,1,42244728,,0.6923,2147483647,27462059,15659,8,4,1,0,M6AU6
2026-07-14 03:38:27.912434049+00:00,2026-07-14 03:38:27.912235217+00:00,24,1,42054026,,0.6912,2147483647,27463999,10862,8,4,1,0,M6AZ6
2026-07-14 03:38:28.112016371+00:00,2026-07-14 03:38:28.111429867+00:00,24,1,42244728,,0.6924,2147483647,27465333,11663,8,4,1,0,M6AU6
2026-07-14 03:51:22.875082182+00:00,2026-07-14 03:51:22.874853341+00:00,24,1,42054026,,0.6913,2147483647,27627695,11534,8,4,1,0,M6AZ6
2026-07-14 03:53:15.639091881+00:00,2026-07-14 03:53:15.638245055+00:00,24,1,42244728,,0.6925,2147483647,27645802,12469,5,4,1,0,M6AU6
2026-07-14 03:53:15.639117780+00:00,2026-07-14 03:53:15.638416061+00:00,24,1,42244728,,0.6925,2147483647,27645803,15445,8,4,1,0,M6AU6
2026-07-14 03:53:15.659754902+00:00,2026-07-14 03:53:15.658825381+00:00,24,1,42054026,,0.6914,2147483647,27645986,12774,8,4,1,0,M6AZ6
2026-07-14 04:03:42.456438110+00:00,2026-07-14 04:03:42.455313587+00:00,24,1,42244728,,0.6927,2147483647,27734011,14688,5,4,1,0,M6AU6
2026-07-14 04:03:42.457068355+00:00,2026-07-14 04:03:42.456734527+00:00,24,1,42244728,,0.6926,2147483647,27734053,11328,8,4,1,0,M6AU6
2026-07-14 05:02:39.826644060+00:00,2026-07-14 05:02:39.826402347+00:00,24,1,42054026,,0.6915,2147483647,28296463,11358,8,4,1,0,M6AZ6
2026-07-14 05:03:41.418451681+00:00,2026-07-14 05:03:41.418227827+00:00,24,1,42244728,,0.6927,2147483647,28305960,14746,8,4,1,0,M6AU6
2026-07-14 05:11:02.190664831+00:00,2026-07-14 05:11:02.190397120+00:00,24,1,42054026,,0.6916,2147483647,28359736,11535,8,4,1,0,M6AZ6
2026-07-14 05:22:24.409247177+00:00,2026-07-14 05:22:24.408976909+00:00,24,1,42244728,,0.6928,2147483647,28448857,11167,5,4,1,0,M6AU6
2026-07-14 05:28:44.210705443+00:00,2026-07-14 05:28:44.210452367+00:00,24,1,42244728,,0.6928,2147483647,28509876,11756,8,4,1,0,M6AU6
2026-07-14 05:28:46.424715947+00:00,2026-07-14 05:28:46.424163485+00:00,24,1,42054026,,0.6917,2147483647,28511112,11875,8,4,1,0,M6AZ6
2026-07-14 05:30:24.738822625+00:00,2026-07-14 05:30:24.738233025+00:00,24,1,42244728,,0.6929,2147483647,28533071,15544,5,4,1,0,M6AU6
2026-07-14 05:31:00.629472055+00:00,2026-07-14 05:31:00.629315049+00:00,24,1,42244728,,0.6929,2147483647,28545484,11673,8,4,1,0,M6AU6
2026-07-14 05:31:02.266363207+00:00,2026-07-14 05:31:02.266197207+00:00,24,1,42054026,,0.6918,2147483647,28546170,11902,8,4,1,0,M6AZ6
2026-07-14 05:31:21.072814123+00:00,2026-07-14 05:31:21.072327769+00:00,24,1,42244728,,0.6931,2147483647,28550274,12720,5,4,1,0,M6AU6
2026-07-14 05:31:21.073066474+00:00,2026-07-14 05:31:21.072815235+00:00,24,1,42244728,,0.693,2147483647,28550281,11615,8,4,1,0,M6AU6
2026-07-14 05:31:52.068558795+00:00,2026-07-14 05:31:52.068339759+00:00,24,1,42054026,,0.6919,2147483647,28559491,12192,8,4,1,0,M6AZ6
2026-07-14 05:32:37.899735935+00:00,2026-07-14 05:32:37.899578103+00:00,24,1,42244728,,0.6931,2147483647,28575216,10284,8,4,1,0,M6AU6
2026-07-14 07:25:11.466935196+00:00,2026-07-14 07:25:11.466613779+00:00,24,1,42244728,,0.6932,2147483647,30302264,11483,5,4,1,0,M6AU6
2026-07-14 07:26:33.875758790+00:00,2026-07-14 07:26:33.875377073+00:00,24,1,42054026,,0.692,2147483647,30325581,11668,8,4,1,0,M6AZ6
2026-07-14 07:29:15.331230950+00:00,2026-07-14 07:29:15.331115815+00:00,24,1,42244728,,0.6932,2147483647,30385472,13165,8,4,1,0,M6AU6
2026-07-14 07:38:11.839484043+00:00,2026-07-14 07:38:11.839088419+00:00,24,1,42054026,,0.6921,2147483647,30564139,11919,8,4,1,0,M6AZ6
2026-07-14 07:38:29.176795927+00:00,2026-07-14 07:38:29.176331317+00:00,24,1,42244728,,0.6933,2147483647,30571231,15302,5,4,1,0,M6AU6
2026-07-14 07:38:29.224216191+00:00,2026-07-14 07:38:29.224067425+00:00,24,1,42244728,,0.6933,2147483647,30571349,11306,8,4,1,0,M6AU6
2026-07-14 07:38:29.280788331+00:00,2026-07-14 07:38:29.280463365+00:00,24,1,42244728,,0.6934,2147483647,30571611,11413,5,4,1,0,M6AU6
2026-07-14 07:46:26.731131126+00:00,2026-07-14 07:46:26.729490231+00:00,24,1,42054026,,0.6922,2147483647,30714501,12299,8,4,1,0,M6AZ6
2026-07-14 07:47:17.119612127+00:00,2026-07-14 07:47:17.118919191+00:00,24,1,42244728,,0.6934,2147483647,30732365,12193,8,4,1,0,M6AU6
2026-07-14 07:47:33.198999798+00:00,2026-07-14 07:47:33.198827485+00:00,24,1,42054026,,0.6923,2147483647,30739879,12419,8,4,1,0,M6AZ6
2026-07-14 07:49:16.633753320+00:00,2026-07-14 07:49:16.633370743+00:00,24,1,42244728,,0.6935,2147483647,30775874,14572,5,4,1,0,M6AU6
2026-07-14 07:49:16.633753320+00:00,2026-07-14 07:49:16.633370743+00:00,24,1,42244728,,0.6935,2147483647,30775874,14572,8,4,1,0,M6AU6
2026-07-14 07:49:17.332159075+00:00,2026-07-14 07:49:17.331869789+00:00,24,1,42244728,,0.6936,2147483647,30776720,11279,5,4,1,0,M6AU6
2026-07-14 07:54:16.869599457+00:00,2026-07-14 07:54:16.869343233+00:00,24,1,42054026,,0.6924,2147483647,30882467,11410,8,4,1,0,M6AZ6
2026-07-14 07:57:26.854382070+00:00,2026-07-14 07:57:26.854066563+00:00,24,1,42054026,,0.6928,2147483647,30943587,13347,5,4,1,0,M6AZ6
2026-07-14 08:40:28.403451526+00:00,2026-07-14 08:40:28.403293221+00:00,24,1,42244728,,0.6936,2147483647,31733223,11078,8,4,1,0,M6AU6
2026-07-14 08:40:35.049807983+00:00,2026-07-14 08:40:35.049542807+00:00,24,1,42054026,,0.6925,2147483647,31758512,11225,8,4,1,0,M6AZ6
2026-07-14 08:45:29.127812278+00:00,2026-07-14 08:45:29.127702471+00:00,24,1,42244728,,0.6937,2147483647,31893788,13047,8,4,1,0,M6AU6
2026-07-14 08:46:05.600582902+00:00,2026-07-14 08:46:05.599645235+00:00,24,1,42054026,,0.6926,2147483647,31908519,11577,8,4,1,0,M6AZ6
2026-07-14 08:49:18.352029920+00:00,2026-07-14 08:49:18.351661107+00:00,24,1,42244728,,0.6937,2147483647,31969679,11648,5,4,1,0,M6AU6
2026-07-14 09:01:11.043347689+00:00,2026-07-14 09:01:11.042868591+00:00,24,1,42244728,,0.6938,2147483647,32183016,15189,5,4,1,0,M6AU6
2026-07-14 09:01:11.147532765+00:00,2026-07-14 09:01:11.147251323+00:00,24,1,42244728,,0.6939,2147483647,32183199,10245,5,4,1,0,M6AU6
2026-07-14 09:01:16.608638443+00:00,2026-07-14 09:01:16.608526799+00:00,24,1,42244728,,0.6938,2147483647,32184788,13134,8,4,1,0,M6AU6
2026-07-14 09:01:35.517711423+00:00,2026-07-14 09:01:35.517441529+00:00,24,1,42054026,,0.6927,2147483647,32191975,11372,8,4,1,0,M6AZ6
2026-07-14 09:02:54.820321991+00:00,2026-07-14 09:02:54.820055803+00:00,24,1,42054026,,0.6928,2147483647,32215794,11558,8,4,1,0,M6AZ6
2026-07-14 09:02:54.903540359+00:00,2026-07-14 09:02:54.903424333+00:00,24,1,42244728,,0.6939,2147483647,32216013,13674,8,4,1,0,M6AU6
2026-07-14 09:04:59.535412083+00:00,2026-07-14 09:04:59.535117217+00:00,24,1,42244728,,0.694,2147483647,32247941,11437,5,4,1,0,M6AU6
2026-07-14 09:05:00.214919423+00:00,2026-07-14 09:05:00.214810541+00:00,24,1,42244728,,0.694,2147483647,32248736,11288,8,4,1,0,M6AU6
2026-07-14 09:05:05.071338417+00:00,2026-07-14 09:05:05.071072399+00:00,24,1,42054026,,0.6929,2147483647,32251558,12883,8,4,1,0,M6AZ6
2026-07-14 09:07:23.709840367+00:00,2026-07-14 09:07:23.709245633+00:00,24,1,42244728,,0.6941,2147483647,32292645,12437,5,4,1,0,M6AU6
2026-07-14 09:10:00.736774243+00:00,2026-07-14 09:10:00.736145135+00:00,24,1,42244728,,0.6941,2147483647,32332168,12014,8,4,1,0,M6AU6
2026-07-14 09:10:49.575318569+00:00,2026-07-14 09:10:49.574688208+00:00,24,1,42054026,,0.693,2147483647,32340681,13675,8,4,1,0,M6AZ6
2026-07-14 09:10:59.163529676+00:00,2026-07-14 09:10:59.162359799+00:00,24,1,42244728,,0.6943,2147483647,32343770,12882,5,4,1,0,M6AU6
2026-07-14 09:10:59.163732609+00:00,2026-07-14 09:10:59.162372471+00:00,24,1,42244728,,0.6942,2147483647,32343777,15422,8,4,1,0,M6AU6
2026-07-14 09:11:30.693580956+00:00,2026-07-14 09:11:30.692556948+00:00,24,1,42054026,,0.6931,2147483647,32353529,12779,8,4,1,0,M6AZ6
2026-07-14 09:12:06.439450954+00:00,2026-07-14 09:12:06.439333733+00:00,24,1,42244728,,0.6943,2147483647,32366437,12765,8,4,1,0,M6AU6
2026-07-14 09:13:54.480145033+00:00,2026-07-14 09:13:54.479486255+00:00,24,1,42054026,,0.6932,2147483647,32399132,13470,8,4,1,0,M6AZ6
2026-07-14 09:13:57.896903329+00:00,2026-07-14 09:13:57.896429309+00:00,24,1,42244728,,0.6945,2147483647,32400381,12212,5,4,1,0,M6AU6
2026-07-14 09:13:57.897205982+00:00,2026-07-14 09:13:57.897068871+00:00,24,1,42244728,,0.6944,2147483647,32400390,11222,8,4,1,0,M6AU6
2026-07-14 09:14:34.545374136+00:00,2026-07-14 09:14:34.545121313+00:00,24,1,42054026,,0.6933,2147483647,32408497,11937,8,4,1,0,M6AZ6
2026-07-14 09:14:38.060117515+00:00,2026-07-14 09:14:38.059736835+00:00,24,1,42244728,,0.6945,2147483647,32409820,11988,8,4,1,0,M6AU6
2026-07-14 09:51:19.655445628+00:00,2026-07-14 09:51:19.654663175+00:00,24,1,42054026,,0.6934,2147483647,32957084,11520,8,4,1,0,M6AZ6
2026-07-14 09:55:05.063886670+00:00,2026-07-14 09:55:05.063240549+00:00,24,1,42244728,,0.6947,2147483647,33020283,12572,5,4,1,0,M6AU6
2026-07-14 09:55:05.157313262+00:00,2026-07-14 09:55:05.157213049+00:00,24,1,42244728,,0.6946,2147483647,33020764,13392,8,4,1,0,M6AU6
2026-07-14 11:58:20.227340367+00:00,2026-07-14 11:58:20.227185975+00:00,24,1,42141216,,-0.0009,2147483647,35017229,12138,7,4,1,0,M6AZ6-M6AU6
2026-07-14 12:30:01.188358771+00:00,2026-07-14 12:30:01.183352333+00:00,24,1,42244728,,0.697,2147483647,35807744,15342,5,4,1,0,M6AU6
2026-07-14 12:30:01.188358771+00:00,2026-07-14 12:30:01.183352333+00:00,24,1,42244728,,0.6953,2147483647,35807744,15342,8,4,1,0,M6AU6
2026-07-14 12:30:01.284317267+00:00,2026-07-14 12:30:01.283569145+00:00,24,1,42054026,,0.6959,2147483647,35809041,13066,5,4,1,0,M6AZ6
2026-07-14 12:30:01.398455567+00:00,2026-07-14 12:30:01.397449449+00:00,24,1,42244728,,0.6975,2147483647,35811299,11850,5,4,1,0,M6AU6
2026-07-14 12:30:01.412367427+00:00,2026-07-14 12:30:01.412265407+00:00,24,1,42244728,,0.6954,2147483647,35811435,15467,8,4,1,0,M6AU6
2026-07-14 12:30:01.421042386+00:00,2026-07-14 12:30:01.420828647+00:00,24,1,42244728,,0.6977,2147483647,35811559,13151,5,4,1,0,M6AU6
2026-07-14 12:30:01.423330198+00:00,2026-07-14 12:30:01.423117185+00:00,24,1,42244728,,0.6978,2147483647,35811584,11489,5,4,1,0,M6AU6
2026-07-14 12:30:01.462077257+00:00,2026-07-14 12:30:01.461760563+00:00,24,1,42244728,,0.6983,2147483647,35812214,13070,5,4,1,0,M6AU6
2026-07-14 12:30:01.462077257+00:00,2026-07-14 12:30:01.461760563+00:00,24,1,42244728,,0.698,2147483647,35812214,13070,8,4,1,0,M6AU6
2026-07-14 12:30:01.469205713+00:00,2026-07-14 12:30:01.468945939+00:00,24,1,42244728,,0.6986,2147483647,35812301,14693,5,4,1,0,M6AU6
2026-07-14 12:30:01.628290926+00:00,2026-07-14 12:30:01.627944859+00:00,24,1,42244728,,0.699,2147483647,35813797,13889,5,4,1,0,M6AU6
2026-07-14 12:30:04.828204529+00:00,2026-07-14 12:30:04.827978289+00:00,24,1,42054026,,0.6948,2147483647,35847466,11037,8,4,1,0,M6AZ6
2026-07-14 12:30:05.648763953+00:00,2026-07-14 12:30:05.648154740+00:00,24,1,42054026,,0.6949,2147483647,35855193,13847,8,4,1,0,M6AZ6
2026-07-14 12:30:06.240101164+00:00,2026-07-14 12:30:06.239745855+00:00,24,1,42054026,,0.695,2147483647,35859498,15200,8,4,1,0,M6AZ6
2026-07-14 12:30:07.554535369+00:00,2026-07-14 12:30:07.554418957+00:00,24,1,42054026,,0.6951,2147483647,35871270,12916,8,4,1,0,M6AZ6
2026-07-14 12:30:08.327411983+00:00,2026-07-14 12:30:08.327258887+00:00,24,1,42054026,,0.6952,2147483647,35877202,12275,8,4,1,0,M6AZ6
2026-07-14 12:40:37.168186466+00:00,2026-07-14 12:40:37.168068699+00:00,24,1,42141216,,-0.001,2147483647,37080294,16199,7,4,1,0,M6AZ6-M6AU6
2026-07-14 12:41:30.549594252+00:00,2026-07-14 12:41:30.549312403+00:00,24,1,42054026,,0.6953,2147483647,37145425,11592,8,4,1,0,M6AZ6
2026-07-14 12:41:30.549828249+00:00,2026-07-14 12:41:30.549607361+00:00,24,1,42054026,,0.6954,2147483647,37145439,12301,8,4,1,0,M6AZ6
2026-07-14 12:42:42.490945734+00:00,2026-07-14 12:42:42.490418819+00:00,24,1,42054026,,0.6956,2147483647,37226346,11692,8,4,1,0,M6AZ6
2026-07-14 12:42:42.491190523+00:00,2026-07-14 12:42:42.490954495+00:00,24,1,42054026,,0.6957,2147483647,37226363,12312,8,4,1,0,M6AZ6
2026-07-14 12:43:03.784687540+00:00,2026-07-14 12:43:03.784506183+00:00,24,1,42054026,,0.6959,2147483647,37259716,11340,8,4,1,0,M6AZ6
2026-07-14 12:43:03.784805307+00:00,2026-07-14 12:43:03.784696023+00:00,24,1,42054026,,0.696,2147483647,37259721,11222,8,4,1,0,M6AZ6
2026-07-14 12:47:36.707560979+00:00,2026-07-14 12:47:36.707269105+00:00,24,1,42054026,,0.6961,2147483647,37579067,13857,5,4,1,0,M6AZ6
2026-07-14 12:47:36.707560979+00:00,2026-07-14 12:47:36.707274309+00:00,24,1,42054026,,0.6961,2147483647,37579067,13857,8,4,1,0,M6AZ6
2026-07-14 13:54:24.240340734+00:00,2026-07-14 13:54:24.239799661+00:00,24,1,42054026,,0.6962,2147483647,41082225,11357,8,4,1,0,M6AZ6
2026-07-14 14:01:10.638730175+00:00,2026-07-14 14:01:10.638438128+00:00,24,1,42054026,,0.6963,2147483647,41280574,12173,8,4,1,0,M6AZ6
2026-07-14 14:01:35.378437288+00:00,2026-07-14 14:01:35.377823041+00:00,24,1,42054026,,0.6964,2147483647,41300207,12051,8,4,1,0,M6AZ6
2026-07-14 14:03:42.219185545+00:00,2026-07-14 14:03:42.218840813+00:00,24,1,42054026,,0.6965,2147483647,41378603,11962,8,4,1,0,M6AZ6
2026-07-14 14:03:46.822752890+00:00,2026-07-14 14:03:46.822506450+00:00,24,1,42054026,,0.6966,2147483647,41382718,15113,8,4,1,0,M6AZ6
2026-07-14 14:04:56.900585841+00:00,2026-07-14 14:04:56.900496833+00:00,24,1,42244728,2026-07-13 00:00:00+00:00,,3192,41410616,14922,9,4,1,0,M6AU6
2026-07-14 14:04:56.900585841+00:00,2026-07-14 14:04:56.900496833+00:00,24,1,42244728,2026-07-13 00:00:00+00:00,,4558,41410616,14922,6,4,1,0,M6AU6
2026-07-14 14:05:12.462195202+00:00,2026-07-14 14:05:12.462117101+00:00,24,1,42054026,2026-07-13 00:00:00+00:00,,93,41426037,15412,9,4,1,0,M6AZ6
2026-07-14 14:05:12.462195202+00:00,2026-07-14 14:05:12.462117101+00:00,24,1,42054026,2026-07-13 00:00:00+00:00,,22,41426037,15412,6,4,1,0,M6AZ6
2026-07-14 14:07:51.916024572+00:00,2026-07-14 14:07:51.915281095+00:00,24,1,42054026,,0.6967,2147483647,41545844,13917,8,4,1,0,M6AZ6
2026-07-14 14:22:58.404437828+00:00,2026-07-14 14:22:58.402905587+00:00,24,1,42054026,,0.6968,2147483647,42220406,13442,8,4,1,0,M6AZ6
2026-07-14 14:22:58.413995015+00:00,2026-07-14 14:22:58.413838295+00:00,24,1,42244728,,0.6981,2147483647,42220488,11536,8,4,1,0,M6AU6
2026-07-14 14:32:38.162518345+00:00,2026-07-14 14:32:38.162213267+00:00,24,1,42054026,,0.6963,2147483647,42706876,13445,5,4,1,0,M6AZ6
2026-07-14 14:34:12.084675616+00:00,2026-07-14 14:34:12.081097955+00:00,24,1,42244728,,0.6982,2147483647,42778102,17052,8,4,1,0,M6AU6
2026-07-14 14:34:12.105759697+00:00,2026-07-14 14:34:12.103297155+00:00,24,1,42244728,,0.6983,2147483647,42779139,13476,8,4,1,0,M6AU6
2026-07-14 14:34:12.285316604+00:00,2026-07-14 14:34:12.284787761+00:00,24,1,42244728,,0.6984,2147483647,42782479,16749,8,4,1,0,M6AU6
2026-07-14 14:34:13.072259628+00:00,2026-07-14 14:34:13.069643396+00:00,24,1,42244728,,0.6985,2147483647,42791134,15720,8,4,1,0,M6AU6
2026-07-14 14:34:13.078544211+00:00,2026-07-14 14:34:13.076263113+00:00,24,1,42054026,,0.697,2147483647,42791289,18787,8,4,1,0,M6AZ6
2026-07-14 14:34:13.081538276+00:00,2026-07-14 14:34:13.079154203+00:00,24,1,42054026,,0.6971,2147483647,42791423,15072,8,4,1,0,M6AZ6
2026-07-14 14:34:13.084886908+00:00,2026-07-14 14:34:13.083677888+00:00,24,1,42244728,,0.6986,2147483647,42791513,15412,8,4,1,0,M6AU6
2026-07-14 19:05:16.485311711+00:00,2026-07-14 19:05:16.485228037+00:00,24,1,42244728,2026-07-14 00:00:00+00:00,0.6967,2147483647,49221181,14839,3,4,1,6,M6AU6
2026-07-14 19:05:16.485320139+00:00,2026-07-14 19:05:16.485228037+00:00,24,1,42244728,2026-07-14 00:00:00+00:00,0.6967,2147483647,49221182,11927,3,4,1,2,M6AU6
2026-07-14 19:05:16.485328894+00:00,2026-07-14 19:05:16.485228037+00:00,24,1,42054026,2026-07-14 00:00:00+00:00,0.6957,2147483647,49221183,11740,3,4,1,6,M6AZ6
2026-07-14 19:05:16.485328894+00:00,2026-07-14 19:05:16.485228037+00:00,24,1,42054026,2026-07-14 00:00:00+00:00,0.6957,2147483647,49221183,11740,3,4,1,2,M6AZ6
2026-07-14 21:38:06.451349081+00:00,2026-07-14 21:38:06.449985325+00:00,24,1,42054026,2026-07-14 00:00:00+00:00,0.6957,2147483647,50312452,22672,3,4,1,6,M6AZ6
2026-07-14 21:38:52.917546695+00:00,2026-07-14 21:38:52.916331901+00:00,24,1,42141216,2026-07-14 00:00:00+00:00,-0.001,2147483647,50313116,16559,3,4,1,2,M6AZ6-M6AU6
2026-07-14 21:40:03.962755515+00:00,2026-07-14 21:40:03.961510255+00:00,24,1,42244728,2026-07-14 00:00:00+00:00,0.6967,2147483647,50314532,15197,3,4,1,6,M6AU6
2026-07-14 21:58:20.257146764+00:00,2026-07-14 21:58:20.256899005+00:00,24,1,42244728,,0.6967,1,50318368,15504,2,4,1,0,M6AU6
2026-07-14 22:00:00.016354985+00:00,2026-07-14 22:00:00+00:00,24,1,42244728,,0.6967,2147483647,50319890,12864,5,4,1,0,M6AU6
2026-07-14 22:00:00.016354985+00:00,2026-07-14 22:00:00+00:00,24,1,42244728,,0.6967,2147483647,50319890,12864,4,4,1,0,M6AU6
2026-07-14 22:00:00.016354985+00:00,2026-07-14 22:00:00+00:00,24,1,42244728,,0.6967,2147483647,50319890,12864,1,4,1,0,M6AU6
2026-07-14 22:00:00.020468447+00:00,2026-07-14 22:00:00.002993889+00:00,24,1,42244728,,0.6964,2147483647,50320132,12377,8,4,1,0,M6AU6
2026-07-14 22:00:00.020468447+00:00,2026-07-14 22:00:00.002993889+00:00,24,1,42244728,,0.6967,2147483647,50320132,12377,7,4,1,0,M6AU6
2026-07-14 22:00:00.069603543+00:00,2026-07-14 22:00:00.069211308+00:00,24,1,42141216,,-0.0011,2147483647,50320767,10875,8,4,1,0,M6AZ6-M6AU6
2026-07-14 22:00:00.069603543+00:00,2026-07-14 22:00:00.069211308+00:00,24,1,42141216,,0.01,2147483647,50320767,10875,7,4,1,0,M6AZ6-M6AU6
2026-07-14 22:00:00.069635337+00:00,2026-07-14 22:00:00.069211308+00:00,24,1,42141216,,-0.0009,2147483647,50320769,11747,7,4,1,0,M6AZ6-M6AU6
2026-07-14 22:00:00.201141055+00:00,2026-07-14 22:00:00.201038607+00:00,24,1,42054026,,0.6909,2147483647,50321787,11927,8,4,1,0,M6AZ6
2026-07-14 22:00:00.201141055+00:00,2026-07-14 22:00:00.201038607+00:00,24,1,42054026,,0.6964,2147483647,50321787,11927,7,4,1,0,M6AZ6
2026-07-14 22:00:00.394467155+00:00,2026-07-14 22:00:00.394360431+00:00,24,1,42054026,,0.6948,2147483647,50322313,11615,8,4,1,0,M6AZ6
2026-07-14 22:00:00.703720591+00:00,2026-07-14 22:00:00.703608001+00:00,24,1,42244728,,0.6965,2147483647,50322988,13031,8,4,1,0,M6AU6
2026-07-14 22:00:00.752492795+00:00,2026-07-14 22:00:00.752216599+00:00,24,1,42244728,,0.6967,2147483647,50323186,13064,8,4,1,0,M6AU6
2026-07-14 22:00:01.078424174+00:00,2026-07-14 22:00:01.078313663+00:00,24,1,42054026,,0.6951,2147483647,50324186,11636,8,4,1,0,M6AZ6
2026-07-14 22:01:15.377529547+00:00,2026-07-14 22:01:15.377408169+00:00,24,1,42054026,,0.6952,2147483647,50341598,11693,8,4,1,0,M6AZ6
2026-07-14 22:01:15.377709365+00:00,2026-07-14 22:01:15.377529507+00:00,24,1,42054026,,0.6963,2147483647,50341610,11757,7,4,1,0,M6AZ6
2026-07-14 22:02:15.003127342+00:00,2026-07-14 22:02:15.003001352+00:00,24,1,42244728,,0.6966,2147483647,50343444,14938,7,4,1,0,M6AU6
2026-07-14 22:02:18.815977145+00:00,2026-07-14 22:02:18.815714983+00:00,24,1,42054026,,0.6961,2147483647,50343920,11524,7,4,1,0,M6AZ6
2026-07-14 22:02:18.816184724+00:00,2026-07-14 22:02:18.816034042+00:00,24,1,42054026,,0.696,2147483647,50343931,11873,7,4,1,0,M6AZ6
2026-07-14 22:02:24.861216892+00:00,2026-07-14 22:02:24.860851077+00:00,24,1,42244728,,0.6966,2147483647,50344412,15396,4,4,1,0,M6AU6
2026-07-14 22:04:41.588439151+00:00,2026-07-14 22:04:41.587962961+00:00,24,1,42244728,,0.6965,2147483647,50349215,14510,4,4,1,0,M6AU6
2026-07-14 22:08:15.651920819+00:00,2026-07-14 22:08:15.651562419+00:00,24,1,42054026,,0.6959,2147483647,50356364,12152,7,4,1,0,M6AZ6
2026-07-14 22:08:15.652860611+00:00,2026-07-14 22:08:15.651931581+00:00,24,1,42054026,,0.6958,2147483647,50356434,15211,7,4,1,0,M6AZ6
2026-07-14 22:08:33.700049694+00:00,2026-07-14 22:08:33.697512469+00:00,24,1,42054026,,0.6953,2147483647,50357724,14824,8,4,1,0,M6AZ6
2026-07-14 22:11:15.006441472+00:00,2026-07-14 22:11:15.006123913+00:00,24,1,42054026,,0.6957,2147483647,50370922,12340,7,4,1,0,M6AZ6
2026-07-14 22:13:02.139632619+00:00,2026-07-14 22:13:02.139294027+00:00,24,1,42244728,,0.6965,2147483647,50377279,14053,7,4,1,0,M6AU6
2026-07-14 22:24:08.621495417+00:00,2026-07-14 22:24:08.621258711+00:00,24,1,42054026,,0.6954,2147483647,50401064,15557,8,4,1,0,M6AZ6
2026-07-14 22:31:29.695494380+00:00,2026-07-14 22:31:29.695378777+00:00,24,1,42141216,,-0.001,2147483647,50422247,15070,7,4,1,0,M6AZ6-M6AU6
2026-07-14 22:55:50.722640392+00:00,2026-07-14 22:55:50.722310717+00:00,24,1,42054026,2026-07-14 00:00:00+00:00,0.6957,2147483647,50474695,15379,3,4,1,7,M6AZ6
2026-07-14 22:56:25.987063655+00:00,2026-07-14 22:56:25.986736619+00:00,24,1,42141216,2026-07-14 00:00:00+00:00,-0.001,2147483647,50475569,15673,3,4,1,3,M6AZ6-M6AU6
2026-07-14 22:59:02.505182913+00:00,2026-07-14 22:59:02.504858903+00:00,24,1,42244728,2026-07-14 00:00:00+00:00,0.6967,2147483647,50483176,15164,3,4,1,7,M6AU6
2026-07-14 23:25:45.977585419+00:00,2026-07-14 23:25:45.977473299+00:00,24,1,42054026,,0.6955,2147483647,50530283,11975,8,4,1,0,M6AZ6
2026-07-14 23:26:11.277713671+00:00,2026-07-14 23:26:11.277369377+00:00,24,1,42244728,,0.6968,2147483647,50532245,16759,5,4,1,0,M6AU6
2026-07-14 23:30:04.452147078+00:00,2026-07-14 23:30:04.452005957+00:00,24,1,42244728,,0.6968,2147483647,50546317,11682,8,4,1,0,M6AU6
2026-07-14 23:30:04.452569512+00:00,2026-07-14 23:30:04.452288723+00:00,24,1,42054026,,0.6956,2147483647,50546343,11644,8,4,1,0,M6AZ6
2026-07-14 23:38:44.582369361+00:00,2026-07-14 23:38:44.581934167+00:00,24,1,42244728,,0.6969,2147483647,50577687,12659,5,4,1,0,M6AU6
2026-07-14 23:40:51.110896211+00:00,2026-07-14 23:40:51.110584173+00:00,24,1,42244728,,0.6969,2147483647,50584910,12516,8,4,1,0,M6AU6
2026-07-14 23:42:08.996751819+00:00,2026-07-14 23:42:08.996629827+00:00,24,1,42054026,,0.6957,2147483647,50587814,11435,8,4,1,0,M6AZ6
2026-07-15 00:02:11.226398457+00:00,2026-07-15 00:02:11.226094105+00:00,24,1,42244728,,0.697,2147483647,50702397,13432,5,4,1,0,M6AU6
2026-07-15 00:02:11.241892953+00:00,2026-07-15 00:02:11.241757611+00:00,24,1,42244728,,0.697,2147483647,50702511,12392,8,4,1,0,M6AU6
2026-07-15 00:02:11.729951979+00:00,2026-07-15 00:02:11.729649743+00:00,24,1,42244728,,0.6971,2147483647,50702873,11533,5,4,1,0,M6AU6
2026-07-15 00:02:15.603351644+00:00,2026-07-15 00:02:15.603248063+00:00,24,1,42054026,,0.6958,2147483647,50703451,12746,8,4,1,0,M6AZ6
2026-07-15 00:03:27.451615956+00:00,2026-07-15 00:03:27.451130613+00:00,24,1,42244728,,0.6971,2147483647,50720468,13522,8,4,1,0,M6AU6
2026-07-15 00:03:27.452677220+00:00,2026-07-15 00:03:27.452445772+00:00,24,1,42054026,,0.6959,2147483647,50720529,14007,8,4,1,0,M6AZ6
2026-07-15 00:04:34.423170803+00:00,2026-07-15 00:04:34.422815379+00:00,24,1,42244728,,0.6972,2147483647,50732837,14380,5,4,1,0,M6AU6
2026-07-15 00:17:46.665645409+00:00,2026-07-15 00:17:46.665365303+00:00,24,1,42244728,,0.6972,2147483647,50887054,13593,8,4,1,0,M6AU6
2026-07-15 00:18:32.872285795+00:00,2026-07-15 00:18:32.871968431+00:00,24,1,42244728,,0.6973,2147483647,50896401,14124,5,4,1,0,M6AU6
2026-07-15 00:18:32.872640958+00:00,2026-07-15 00:18:32.872260681+00:00,24,1,42244728,,0.6973,2147483647,50896408,11989,8,4,1,0,M6AU6
2026-07-15 00:18:32.873323194+00:00,2026-07-15 00:18:32.872824061+00:00,24,1,42054026,,0.696,2147483647,50896453,13920,8,4,1,0,M6AZ6
2026-07-15 00:18:32.873605919+00:00,2026-07-15 00:18:32.873380703+00:00,24,1,42054026,,0.6961,2147483647,50896471,11740,8,4,1,0,M6AZ6
2026-07-15 00:20:37.124946996+00:00,2026-07-15 00:20:37.124686467+00:00,24,1,42244728,,0.6974,2147483647,50917528,12098,5,4,1,0,M6AU6
2026-07-15 00:21:33.169396739+00:00,2026-07-15 00:21:33.168892445+00:00,24,1,42244728,,0.6974,2147483647,50923870,12939,8,4,1,0,M6AU6
2026-07-15 00:21:33.943717788+00:00,2026-07-15 00:21:33.943575051+00:00,24,1,42054026,,0.6962,2147483647,50924356,11683,8,4,1,0,M6AZ6
2026-07-15 00:27:32.675528684+00:00,2026-07-15 00:27:32.675234077+00:00,24,1,42244728,,0.6975,2147483647,50977831,17669,5,4,1,0,M6AU6
2026-07-15 00:27:32.675528684+00:00,2026-07-15 00:27:32.675234077+00:00,24,1,42244728,,0.6975,2147483647,50977831,17669,8,4,1,0,M6AU6
2026-07-15 00:27:42.486744433+00:00,2026-07-15 00:27:42.486396785+00:00,24,1,42244728,,0.6976,2147483647,50981205,11803,5,4,1,0,M6AU6
2026-07-15 00:55:22.146137809+00:00,2026-07-15 00:55:22.145736193+00:00,24,1,42054026,,0.6963,2147483647,51272756,12125,8,4,1,0,M6AZ6
2026-07-15 00:55:22.430269150+00:00,2026-07-15 00:55:22.430026368+00:00,24,1,42244728,,0.6976,2147483647,51273732,11756,8,4,1,0,M6AU6
2026-07-15 00:57:58.727755699+00:00,2026-07-15 00:57:58.727437877+00:00,24,1,42244728,,0.6977,2147483647,51311133,11932,5,4,1,0,M6AU6
2026-07-15 00:57:58.966030934+00:00,2026-07-15 00:57:58.965904161+00:00,24,1,42244728,,0.6977,2147483647,51311220,11334,8,4,1,0,M6AU6
2026-07-15 00:57:58.966402780+00:00,2026-07-15 00:57:58.966075129+00:00,24,1,42054026,,0.6964,2147483647,51311242,11755,8,4,1,0,M6AZ6
2026-07-15 00:57:58.966745060+00:00,2026-07-15 00:57:58.966410231+00:00,24,1,42054026,,0.6965,2147483647,51311264,11957,8,4,1,0,M6AZ6
2026-07-15 00:59:13.214050011+00:00,2026-07-15 00:59:13.213740997+00:00,24,1,42244728,,0.6978,2147483647,51333391,11761,5,4,1,0,M6AU6
2026-07-15 01:00:02.301248317+00:00,2026-07-15 01:00:02.300878359+00:00,24,1,42244728,,0.6978,2147483647,51348559,13730,8,4,1,0,M6AU6
2026-07-15 01:00:02.302810405+00:00,2026-07-15 01:00:02.301820683+00:00,24,1,42054026,,0.6966,2147483647,51348623,12321,8,4,1,0,M6AZ6
2026-07-15 01:17:50.540616694+00:00,2026-07-15 01:17:50.540512583+00:00,24,1,42244728,,0.6979,2147483647,51636676,15404,8,4,1,0,M6AU6
2026-07-15 01:17:53.281538071+00:00,2026-07-15 01:17:53.281432093+00:00,24,1,42054026,,0.6967,2147483647,51637377,11802,8,4,1,0,M6AZ6
2026-07-15 01:29:07.312518849+00:00,2026-07-15 01:29:07.312402067+00:00,24,1,42054026,2026-07-14 00:00:00+00:00,,99,51758456,11208,9,4,1,0,M6AZ6
2026-07-15 01:29:07.312518849+00:00,2026-07-15 01:29:07.312402067+00:00,24,1,42054026,2026-07-14 00:00:00+00:00,,15,51758456,11208,6,4,1,0,M6AZ6
2026-07-15 01:29:07.312518849+00:00,2026-07-15 01:29:07.312402067+00:00,24,1,42244728,2026-07-14 00:00:00+00:00,,2970,51758456,11208,9,4,1,0,M6AU6
2026-07-15 01:29:07.312518849+00:00,2026-07-15 01:29:07.312402067+00:00,24,1,42244728,2026-07-14 00:00:00+00:00,,5394,51758456,11208,6,4,1,0,M6AU6
2026-07-15 01:59:35.748933598+00:00,2026-07-15 01:59:35.748532063+00:00,24,1,42244728,,0.6979,2147483647,52102085,13014,5,4,1,0,M6AU6
2026-07-15 02:05:42.731404811+00:00,2026-07-15 02:05:42.730859773+00:00,24,1,42244728,,0.698,2147483647,52169710,16089,5,4,1,0,M6AU6
2026-07-15 02:05:42.731404811+00:00,2026-07-15 02:05:42.730867777+00:00,24,1,42244728,,0.698,2147483647,52169710,16089,8,4,1,0,M6AU6
2026-07-15 02:07:03.801480364+00:00,2026-07-15 02:07:03.801041417+00:00,24,1,42244728,,0.6981,2147483647,52180391,12851,5,4,1,0,M6AU6
2026-07-15 02:09:05.843597055+00:00,2026-07-15 02:09:05.843488469+00:00,24,1,42244728,,0.6981,2147483647,52203537,12644,8,4,1,0,M6AU6
2026-07-15 02:09:07.078966740+00:00,2026-07-15 02:09:07.078809333+00:00,24,1,42054026,,0.6968,2147483647,52203830,11206,8,4,1,0,M6AZ6
2026-07-15 02:09:07.080087310+00:00,2026-07-15 02:09:07.079839536+00:00,24,1,42054026,,0.6969,2147483647,52203878,16440,8,4,1,0,M6AZ6
2026-07-15 02:13:52.185956889+00:00,2026-07-15 02:13:52.185593271+00:00,24,1,42054026,,0.6965,2147483647,52257620,11374,5,4,1,0,M6AZ6
2026-07-15 02:13:52.185956889+00:00,2026-07-15 02:13:52.185593271+00:00,24,1,42054026,,0.6965,2147483647,52257620,11374,4,4,1,0,M6AZ6
2026-07-15 02:13:52.185956889+00:00,2026-07-15 02:13:52.185593271+00:00,24,1,42054026,,0.6965,2147483647,52257620,11374,1,4,1,0,M6AZ6
2026-07-15 02:42:55.114064569+00:00,2026-07-15 02:42:55.113755273+00:00,24,1,42244728,,0.6982,2147483647,52495206,15174,5,4,1,0,M6AU6
2026-07-15 02:42:55.114064569+00:00,2026-07-15 02:42:55.113755273+00:00,24,1,42244728,,0.6982,2147483647,52495206,15174,8,4,1,0,M6AU6
2026-07-15 02:43:03.124226963+00:00,2026-07-15 02:43:03.123935853+00:00,24,1,42244728,,0.6983,2147483647,52499662,11336,5,4,1,0,M6AU6
2026-07-15 02:43:03.159879889+00:00,2026-07-15 02:43:03.159730939+00:00,24,1,42244728,,0.6983,2147483647,52499854,11557,8,4,1,0,M6AU6
2026-07-15 02:43:03.159975672+00:00,2026-07-15 02:43:03.159790553+00:00,24,1,42054026,,0.697,2147483647,52499861,11343,8,4,1,0,M6AZ6
2026-07-15 02:43:03.160271011+00:00,2026-07-15 02:43:03.159984865+00:00,24,1,42054026,,0.6971,2147483647,52499882,11215,8,4,1,0,M6AZ6
2026-07-15 02:50:30.261753011+00:00,2026-07-15 02:50:30.261428281+00:00,24,1,42244728,,0.6984,2147483647,52574839,11596,5,4,1,0,M6AU6
2026-07-15 03:02:45.124825795+00:00,2026-07-15 03:02:45.124575137+00:00,24,1,42244728,,0.6984,2147483647,52691045,12693,8,4,1,0,M6AU6
2026-07-15 08:30:42.262948982+00:00,2026-07-15 08:30:42.262614859+00:00,24,1,42054026,,0.6973,2147483647,56228543,11274,5,4,1,0,M6AZ6
2026-07-15 12:32:28.900472509+00:00,2026-07-15 12:32:28.900229769+00:00,24,1,42244728,,0.6985,2147483647,59815630,11766,5,4,1,0,M6AU6
2026-07-15 12:43:03.454288156+00:00,2026-07-15 12:43:03.454136319+00:00,24,1,42244728,,0.6985,2147483647,60163852,12611,8,4,1,0,M6AU6
2026-07-15 12:45:00.562255040+00:00,2026-07-15 12:45:00.561991379+00:00,24,1,42054026,,0.6972,2147483647,60223932,13889,8,4,1,0,M6AZ6
2026-07-15 12:48:58.606790748+00:00,2026-07-15 12:48:58.606475081+00:00,24,1,42244728,,0.6986,2147483647,60323069,13287,5,4,1,0,M6AU6
2026-07-15 12:48:59.250805580+00:00,2026-07-15 12:48:59.250545353+00:00,24,1,42244728,,0.6986,2147483647,60323581,12611,8,4,1,0,M6AU6
2026-07-15 12:57:45.882387588+00:00,2026-07-15 12:57:45.881816007+00:00,24,1,42054026,,0.6973,2147483647,60529527,11610,8,4,1,0,M6AZ6
2026-07-15 12:58:05.126426822+00:00,2026-07-15 12:58:05.126125140+00:00,24,1,42244728,,0.6987,2147483647,60540789,11221,8,4,1,0,M6AU6
2026-07-15 12:58:12.633561796+00:00,2026-07-15 12:58:12.633219611+00:00,24,1,42054026,,0.6976,2147483647,60546474,16053,5,4,1,0,M6AZ6
2026-07-15 12:58:13.257618732+00:00,2026-07-15 12:58:13.257146931+00:00,24,1,42054026,,0.6974,2147483647,60547005,12708,8,4,1,0,M6AZ6
2026-07-15 12:58:19.474336882+00:00,2026-07-15 12:58:19.473897271+00:00,24,1,42244728,,0.6989,2147483647,60554365,14411,5,4,1,0,M6AU6
2026-07-15 12:58:19.474526414+00:00,2026-07-15 12:58:19.474330135+00:00,24,1,42244728,,0.6988,2147483647,60554376,16695,8,4,1,0,M6AU6
2026-07-15 12:58:41.839379675+00:00,2026-07-15 12:58:41.839156437+00:00,24,1,42054026,,0.6975,2147483647,60573207,11782,8,4,1,0,M6AZ6
2026-07-15 12:59:02.684178148+00:00,2026-07-15 12:59:02.684034571+00:00,24,1,42244728,,0.6989,2147483647,60590024,15497,8,4,1,0,M6AU6
2026-07-15 13:02:22.610389896+00:00,2026-07-15 13:02:22.609964275+00:00,24,1,42054026,,0.6976,2147483647,60699756,11858,8,4,1,0,M6AZ6
2026-07-15 13:04:36.660070683+00:00,2026-07-15 13:04:36.659481022+00:00,24,1,42244728,,0.699,2147483647,60775722,15023,5,4,1,0,M6AU6
2026-07-15 13:04:37.211299771+00:00,2026-07-15 13:04:37.211156405+00:00,24,1,42244728,,0.699,2147483647,60776843,11450,8,4,1,0,M6AU6
2026-07-15 13:05:22.103978823+00:00,2026-07-15 13:05:22.103231969+00:00,24,1,42054026,,0.6977,2147483647,60801592,13448,8,4,1,0,M6AZ6
2026-07-15 13:06:21.340100583+00:00,2026-07-15 13:06:21.339713771+00:00,24,1,42244728,,0.6991,2147483647,60831557,11688,5,4,1,0,M6AU6
2026-07-15 14:06:01.358897147+00:00,2026-07-15 14:06:01.358811933+00:00,24,1,42244728,2026-07-14 00:00:00+00:00,,2970,62360269,16068,9,4,1,0,M6AU6
2026-07-15 14:06:01.358897147+00:00,2026-07-15 14:06:01.358811933+00:00,24,1,42244728,2026-07-14 00:00:00+00:00,,5394,62360269,16068,6,4,1,0,M6AU6
2026-07-15 14:06:03.820608164+00:00,2026-07-15 14:06:03.820525067+00:00,24,1,42054026,2026-07-14 00:00:00+00:00,,99,62360716,16753,9,4,1,0,M6AZ6
2026-07-15 14:06:03.820608164+00:00,2026-07-15 14:06:03.820525067+00:00,24,1,42054026,2026-07-14 00:00:00+00:00,,15,62360716,16753,6,4,1,0,M6AZ6
2026-07-15 14:49:36.447780389+00:00,2026-07-15 14:49:36.447676807+00:00,24,1,42244728,,0.6991,2147483647,63631353,15305,8,4,1,0,M6AU6
2026-07-15 14:49:52.540165918+00:00,2026-07-15 14:49:52.539912511+00:00,24,1,42054026,,0.6978,2147483647,63640191,11706,8,4,1,0,M6AZ6
2026-07-15 15:02:41.567554812+00:00,2026-07-15 15:02:41.567083839+00:00,24,1,42244728,,0.6993,2147483647,64260584,13476,5,4,1,0,M6AU6
2026-07-15 15:02:41.567862132+00:00,2026-07-15 15:02:41.567737013+00:00,24,1,42244728,,0.6992,2147483647,64260601,12008,8,4,1,0,M6AU6
2026-07-15 15:07:54.462034089+00:00,2026-07-15 15:07:54.461080389+00:00,24,1,42054026,,0.6979,2147483647,64407891,14291,8,4,1,0,M6AZ6
2026-07-15 15:27:59.051963495+00:00,2026-07-15 15:27:59.051856363+00:00,24,1,42244728,,0.6993,2147483647,64899539,14886,8,4,1,0,M6AU6
2026-07-15 15:29:20.607090358+00:00,2026-07-15 15:29:20.606753241+00:00,24,1,42054026,,0.698,2147483647,64933340,12991,8,4,1,0,M6AZ6
2026-07-15 15:29:26.161411465+00:00,2026-07-15 15:29:26.161135595+00:00,24,1,42244728,,0.6994,2147483647,64936719,11607,5,4,1,0,M6AU6
2026-07-15 15:29:26.263583731+00:00,2026-07-15 15:29:26.263290149+00:00,24,1,42244728,,0.6995,2147483647,64936759,11308,5,4,1,0,M6AU6
2026-07-15 15:29:29.900210841+00:00,2026-07-15 15:29:29.900105679+00:00,24,1,42244728,,0.6994,2147483647,64937840,15569,8,4,1,0,M6AU6
2026-07-15 15:29:46.057483568+00:00,2026-07-15 15:29:46.056960747+00:00,24,1,42054026,,0.6981,2147483647,64943775,12011,8,4,1,0,M6AZ6
2026-07-15 17:30:01.506331428+00:00,2026-07-15 17:30:01.506149095+00:00,24,1,42244728,,0.6995,2147483647,67613759,12154,8,4,1,0,M6AU6
2026-07-15 17:30:05.545102646+00:00,2026-07-15 17:30:05.544589053+00:00,24,1,42054026,,0.6982,2147483647,67618683,16511,8,4,1,0,M6AZ6
2026-07-15 17:30:05.695021661+00:00,2026-07-15 17:30:05.694739623+00:00,24,1,42244728,,0.6996,2147483647,67619386,13207,8,4,1,0,M6AU6
2026-07-15 17:30:07.045074831+00:00,2026-07-15 17:30:07.044504155+00:00,24,1,42244728,,0.6997,2147483647,67620892,17023,5,4,1,0,M6AU6
2026-07-15 17:30:08.308993495+00:00,2026-07-15 17:30:08.308657853+00:00,24,1,42054026,,0.6983,2147483647,67623295,11905,8,4,1,0,M6AZ6
2026-07-15 17:30:22.797396740+00:00,2026-07-15 17:30:22.796660765+00:00,24,1,42244728,,0.6997,2147483647,67639303,15501,8,4,1,0,M6AU6
2026-07-15 17:30:39.354339628+00:00,2026-07-15 17:30:39.354204195+00:00,24,1,42054026,,0.6984,2147483647,67650063,13395,8,4,1,0,M6AZ6
2026-07-15 17:32:55.751461438+00:00,2026-07-15 17:32:55.750814595+00:00,24,1,42244728,,0.6998,2147483647,67730065,18366,5,4,1,0,M6AU6
2026-07-15 17:32:55.751461438+00:00,2026-07-15 17:32:55.750815129+00:00,24,1,42244728,,0.6998,2147483647,67730065,18366,8,4,1,0,M6AU6
2026-07-15 17:32:56.955742695+00:00,2026-07-15 17:32:56.955104199+00:00,24,1,42054026,,0.6985,2147483647,67731670,11876,8,4,1,0,M6AZ6
2026-07-15 17:32:56.967853174+00:00,2026-07-15 17:32:56.962200835+00:00,24,1,42244728,,0.7,2147483647,67732088,13409,5,4,1,0,M6AU6
2026-07-15 17:32:56.981883471+00:00,2026-07-15 17:32:56.973879124+00:00,24,1,42244728,,0.6999,2147483647,67732433,12510,8,4,1,0,M6AU6
2026-07-15 17:33:26.601894985+00:00,2026-07-15 17:33:26.601513471+00:00,24,1,42054026,,0.6986,2147483647,67753975,14776,8,4,1,0,M6AZ6
2026-07-15 17:33:28.043734158+00:00,2026-07-15 17:33:28.042161868+00:00,24,1,42244728,,0.7,2147483647,67756701,14453,8,4,1,0,M6AU6
2026-07-15 17:33:32.743456016+00:00,2026-07-15 17:33:32.742505867+00:00,24,1,42054026,,0.6987,2147483647,67762501,10705,8,4,1,0,M6AZ6
2026-07-15 17:33:39.127258348+00:00,2026-07-15 17:33:39.126957033+00:00,24,1,42244728,,0.7001,2147483647,67770394,11437,5,4,1,0,M6AU6
2026-07-15 17:36:34.404055051+00:00,2026-07-15 17:36:34.403753413+00:00,24,1,42244728,,0.7001,2147483647,67856537,15794,8,4,1,0,M6AU6
2026-07-15 17:36:36.205592821+00:00,2026-07-15 17:36:36.205112015+00:00,24,1,42054026,,0.6988,2147483647,67857318,11484,8,4,1,0,M6AZ6
2026-07-15 17:40:38.383357502+00:00,2026-07-15 17:40:38.383029935+00:00,24,1,42244728,,0.7002,2147483647,67951949,13351,5,4,1,0,M6AU6
2026-07-15 17:40:38.724690954+00:00,2026-07-15 17:40:38.724341603+00:00,24,1,42244728,,0.7002,2147483647,67952196,11402,8,4,1,0,M6AU6
2026-07-15 17:40:46.132843315+00:00,2026-07-15 17:40:46.132446879+00:00,24,1,42054026,,0.6989,2147483647,67957593,15470,8,4,1,0,M6AZ6
2026-07-15 17:40:57.644104713+00:00,2026-07-15 17:40:57.643778143+00:00,24,1,42244728,,0.7003,2147483647,67963870,12851,5,4,1,0,M6AU6
2026-07-15 17:41:06.701098531+00:00,2026-07-15 17:41:06.700981903+00:00,24,1,42244728,,0.7003,2147483647,67970157,15851,8,4,1,0,M6AU6
2026-07-15 17:41:09.588658325+00:00,2026-07-15 17:41:09.588252905+00:00,24,1,42054026,,0.6992,2147483647,67970986,13301,5,4,1,0,M6AZ6
2026-07-15 17:41:16.175765703+00:00,2026-07-15 17:41:16.175129097+00:00,24,1,42054026,,0.699,2147483647,67974332,11831,8,4,1,0,M6AZ6
2026-07-15 17:41:37.409545420+00:00,2026-07-15 17:41:37.409171137+00:00,24,1,42244728,,0.7004,2147483647,67982007,11694,5,4,1,0,M6AU6
2026-07-15 17:41:53.870219713+00:00,2026-07-15 17:41:53.870097971+00:00,24,1,42244728,,0.7004,2147483647,67989952,11150,8,4,1,0,M6AU6
2026-07-15 17:42:50.047432159+00:00,2026-07-15 17:42:50.047025247+00:00,24,1,42054026,,0.6991,2147483647,68010747,11900,8,4,1,0,M6AZ6
2026-07-15 17:42:52.794706220+00:00,2026-07-15 17:42:52.794421333+00:00,24,1,42244728,,0.7005,2147483647,68012383,11546,5,4,1,0,M6AU6
2026-07-15 17:42:52.857996364+00:00,2026-07-15 17:42:52.857547919+00:00,24,1,42244728,,0.7005,2147483647,68012514,13216,8,4,1,0,M6AU6
2026-07-15 17:43:05.044561212+00:00,2026-07-15 17:43:05.043939059+00:00,24,1,42054026,,0.6992,2147483647,68018775,11161,8,4,1,0,M6AZ6
2026-07-15 17:43:08.733559660+00:00,2026-07-15 17:43:08.732879513+00:00,24,1,42244728,,0.7006,2147483647,68023888,15873,5,4,1,0,M6AU6
2026-07-15 17:46:36.312328295+00:00,2026-07-15 17:46:36.311712363+00:00,24,1,42244728,,0.7006,2147483647,68108760,11401,8,4,1,0,M6AU6
2026-07-15 17:46:41.305434782+00:00,2026-07-15 17:46:41.304508513+00:00,24,1,42054026,,0.6993,2147483647,68110863,14990,8,4,1,0,M6AZ6
2026-07-15 17:47:08.041872899+00:00,2026-07-15 17:47:08.041453017+00:00,24,1,42244728,,0.7008,2147483647,68118088,13708,5,4,1,0,M6AU6
2026-07-15 17:47:08.268876310+00:00,2026-07-15 17:47:08.268403849+00:00,24,1,42244728,,0.7007,2147483647,68119095,13158,8,4,1,0,M6AU6
2026-07-15 17:47:10.312473411+00:00,2026-07-15 17:47:10.311799509+00:00,24,1,42054026,,0.6994,2147483647,68120574,11570,8,4,1,0,M6AZ6
2026-07-15 17:47:14.906341786+00:00,2026-07-15 17:47:14.905591617+00:00,24,1,42244728,,0.7008,2147483647,68125023,12512,8,4,1,0,M6AU6
2026-07-15 18:01:48.692634019+00:00,2026-07-15 18:01:48.692341165+00:00,24,1,42054026,,0.6994,2147483647,68393032,11402,5,4,1,0,M6AZ6
2026-07-15 18:03:13.352109110+00:00,2026-07-15 18:03:13.351541587+00:00,24,1,42244728,,0.7009,2147483647,68412047,14821,5,4,1,0,M6AU6
2026-07-15 18:03:13.352575243+00:00,2026-07-15 18:03:13.351866495+00:00,24,1,42244728,,0.7009,2147483647,68412070,11828,8,4,1,0,M6AU6
2026-07-15 18:03:13.352805075+00:00,2026-07-15 18:03:13.351947189+00:00,24,1,42054026,,0.6995,2147483647,68412084,11685,8,4,1,0,M6AZ6
2026-07-15 18:04:37.395672427+00:00,2026-07-15 18:04:37.395358053+00:00,24,1,42054026,,0.6995,2147483647,68440628,11688,5,4,1,0,M6AZ6
2026-07-15 18:10:16.966214718+00:00,2026-07-15 18:10:16.965787919+00:00,24,1,42244728,,0.701,2147483647,68541215,12171,5,4,1,0,M6AU6
2026-07-15 18:17:46.744291971+00:00,2026-07-15 18:17:46.743700147+00:00,24,1,42054026,,0.6996,2147483647,68667240,14839,8,4,1,0,M6AZ6
2026-07-15 18:17:47.090146310+00:00,2026-07-15 18:17:47.090011215+00:00,24,1,42244728,,0.701,2147483647,68668190,11330,8,4,1,0,M6AU6
2026-07-15 18:19:50.270857204+00:00,2026-07-15 18:19:50.269740175+00:00,24,1,42054026,,0.6997,2147483647,68704540,12090,8,4,1,0,M6AZ6
2026-07-15 18:19:50.289230263+00:00,2026-07-15 18:19:50.287746944+00:00,24,1,42244728,,0.7011,2147483647,68704936,15121,5,4,1,0,M6AU6
2026-07-15 18:19:50.301016510+00:00,2026-07-15 18:19:50.300804329+00:00,24,1,42244728,,0.7011,2147483647,68705255,10976,8,4,1,0,M6AU6
2026-07-15 18:22:14.739331267+00:00,2026-07-15 18:22:14.739079013+00:00,24,1,42244728,,0.7012,2147483647,68749316,11421,5,4,1,0,M6AU6
2026-07-15 18:30:14.446511907+00:00,2026-07-15 18:30:14.445663752+00:00,24,1,42054026,,0.6998,2147483647,68845454,12203,8,4,1,0,M6AZ6
2026-07-15 18:30:14.447273070+00:00,2026-07-15 18:30:14.447141386+00:00,24,1,42244728,,0.7012,2147483647,68845482,11740,8,4,1,0,M6AU6
2026-07-15 18:30:23.611900335+00:00,2026-07-15 18:30:23.609638393+00:00,24,1,42054026,,0.6999,2147483647,68851111,11628,8,4,1,0,M6AZ6
2026-07-15 18:31:52.866593870+00:00,2026-07-15 18:31:52.866320771+00:00,24,1,42244728,,0.7013,2147483647,68870790,11816,5,4,1,0,M6AU6
2026-07-15 18:31:52.880941532+00:00,2026-07-15 18:31:52.880815547+00:00,24,1,42244728,,0.7013,2147483647,68870871,11153,8,4,1,0,M6AU6
2026-07-15 18:31:53.247464894+00:00,2026-07-15 18:31:53.247080199+00:00,24,1,42244728,,0.7014,2147483647,68871283,11313,5,4,1,0,M6AU6
2026-07-15 19:04:43.926433091+00:00,2026-07-15 19:04:43.926318613+00:00,24,1,42244728,2026-07-15 00:00:00+00:00,0.7001,2147483647,69566488,15816,3,4,1,6,M6AU6
2026-07-15 19:04:43.926443574+00:00,2026-07-15 19:04:43.926318613+00:00,24,1,42244728,2026-07-15 00:00:00+00:00,0.7001,2147483647,69566489,12273,3,4,1,2,M6AU6
2026-07-15 19:04:43.926443574+00:00,2026-07-15 19:04:43.926318613+00:00,24,1,42054026,2026-07-15 00:00:00+00:00,0.699,2147483647,69566489,12273,3,4,1,6,M6AZ6
2026-07-15 19:04:43.926443574+00:00,2026-07-15 19:04:43.926318613+00:00,24,1,42054026,2026-07-15 00:00:00+00:00,0.699,2147483647,69566489,12273,3,4,1,2,M6AZ6
2026-07-15 21:38:09.956477355+00:00,2026-07-15 21:38:09.955028389+00:00,24,1,42054026,2026-07-15 00:00:00+00:00,0.699,2147483647,70896488,15711,3,4,1,6,M6AZ6
2026-07-15 21:38:55.999760460+00:00,2026-07-15 21:38:55.998373429+00:00,24,1,42141216,2026-07-15 00:00:00+00:00,-0.0011,2147483647,70897176,15522,3,4,1,2,M6AZ6-M6AU6
2026-07-15 21:40:06.701769764+00:00,2026-07-15 21:40:06.700396615+00:00,24,1,42244728,2026-07-15 00:00:00+00:00,0.7001,2147483647,70898600,16592,3,4,1,6,M6AU6
2026-07-15 21:45:02.006037718+00:00,2026-07-15 21:45:02.005737777+00:00,24,1,42244728,,0.6983,3,70899112,16675,2,4,1,0,M6AU6
2026-07-15 22:00:00.019923455+00:00,2026-07-15 22:00:00.002962438+00:00,24,1,42244728,,0.6997,2147483647,70903438,12158,8,4,1,0,M6AU6
2026-07-15 22:00:00.019923455+00:00,2026-07-15 22:00:00.002962438+00:00,24,1,42244728,,0.7014,2147483647,70903438,12158,7,4,1,0,M6AU6
2026-07-15 22:00:00.019933438+00:00,2026-07-15 22:00:00.002962438+00:00,24,1,42244728,,0.7,2147483647,70903439,12117,7,4,1,0,M6AU6
2026-07-15 22:00:00.022231020+00:00,2026-07-15 22:00:00.016980669+00:00,24,1,42244728,,0.6997,2147483647,70903678,15759,5,4,1,0,M6AU6
2026-07-15 22:00:00.022231020+00:00,2026-07-15 22:00:00.016980669+00:00,24,1,42244728,,0.6997,2147483647,70903678,15759,4,4,1,0,M6AU6
2026-07-15 22:00:00.022231020+00:00,2026-07-15 22:00:00.016980669+00:00,24,1,42244728,,0.6997,2147483647,70903678,15759,1,4,1,0,M6AU6
2026-07-15 22:00:00.066599180+00:00,2026-07-15 22:00:00.066470111+00:00,24,1,42141216,,-0.0012,2147483647,70904323,12087,8,4,1,0,M6AZ6-M6AU6
2026-07-15 22:00:00.066599180+00:00,2026-07-15 22:00:00.066470111+00:00,24,1,42141216,,0.01,2147483647,70904323,12087,7,4,1,0,M6AZ6-M6AU6
2026-07-15 22:00:00.066716159+00:00,2026-07-15 22:00:00.066619787+00:00,24,1,42141216,,-0.001,2147483647,70904331,11545,7,4,1,0,M6AZ6-M6AU6
2026-07-15 22:00:00.178136441+00:00,2026-07-15 22:00:00.178013137+00:00,24,1,42054026,,0.6979,2147483647,70905266,11629,8,4,1,0,M6AZ6
2026-07-15 22:00:00.178136441+00:00,2026-07-15 22:00:00.178013137+00:00,24,1,42054026,,0.7009,2147483647,70905266,11629,7,4,1,0,M6AZ6
2026-07-15 22:00:00.560361102+00:00,2026-07-15 22:00:00.559965795+00:00,24,1,42054026,,0.6993,2147483647,70906357,12802,7,4,1,0,M6AZ6
2026-07-15 22:00:00.573928439+00:00,2026-07-15 22:00:00.573467973+00:00,24,1,42054026,,0.6982,2147483647,70906735,15009,8,4,1,0,M6AZ6
2026-07-15 22:00:00.804811510+00:00,2026-07-15 22:00:00.804707867+00:00,24,1,42244728,,0.6998,2147483647,70907787,14641,8,4,1,0,M6AU6
2026-07-15 22:00:02.130838343+00:00,2026-07-15 22:00:02.130549395+00:00,24,1,42244728,,0.7,2147483647,70910240,11944,5,4,1,0,M6AU6
2026-07-15 22:00:03.004666507+00:00,2026-07-15 22:00:03.004323383+00:00,24,1,42244728,,0.7001,2147483647,70911086,14309,5,4,1,0,M6AU6
2026-07-15 22:00:06.020936535+00:00,2026-07-15 22:00:06.020794533+00:00,24,1,42244728,,0.6999,2147483647,70913037,12402,8,4,1,0,M6AU6
2026-07-15 22:05:19.603639991+00:00,2026-07-15 22:05:19.603493737+00:00,24,1,42244728,,0.6999,2147483647,70933399,16236,7,4,1,0,M6AU6
2026-07-15 22:10:36.487069134+00:00,2026-07-15 22:10:36.486718149+00:00,24,1,42054026,,0.6991,2147483647,70943212,10740,7,4,1,0,M6AZ6
2026-07-15 22:10:36.487252678+00:00,2026-07-15 22:10:36.486737195+00:00,24,1,42054026,,0.6984,2147483647,70943225,11921,8,4,1,0,M6AZ6
2026-07-15 22:10:36.488019734+00:00,2026-07-15 22:10:36.487539386+00:00,24,1,42054026,,0.6985,2147483647,70943276,12398,8,4,1,0,M6AZ6
2026-07-15 22:16:48.623277819+00:00,2026-07-15 22:16:48.623047070+00:00,24,1,42054026,,0.699,2147483647,70956076,13333,7,4,1,0,M6AZ6
2026-07-15 22:54:07.679081664+00:00,2026-07-15 22:54:07.678757991+00:00,24,1,42054026,,0.6986,2147483647,71018810,11745,8,4,1,0,M6AZ6
2026-07-15 22:54:24.952751521+00:00,2026-07-15 22:54:24.950962932+00:00,24,1,42244728,,0.6998,2147483647,71024299,12362,7,4,1,0,M6AU6
2026-07-15 22:54:35.841277594+00:00,2026-07-15 22:54:35.838841163+00:00,24,1,42054026,,0.6989,2147483647,71028053,13346,7,4,1,0,M6AZ6
2026-07-15 23:05:08.806051388+00:00,2026-07-15 23:05:08.805697125+00:00,24,1,42054026,2026-07-15 00:00:00+00:00,0.699,2147483647,71056601,14274,3,4,1,7,M6AZ6
2026-07-15 23:05:42.753125697+00:00,2026-07-15 23:05:42.752807425+00:00,24,1,42141216,2026-07-15 00:00:00+00:00,-0.0011,2147483647,71057816,15523,3,4,1,3,M6AZ6-M6AU6
2026-07-15 23:08:17.135533382+00:00,2026-07-15 23:08:17.135188091+00:00,24,1,42244728,2026-07-15 00:00:00+00:00,0.7001,2147483647,71065312,15331,3,4,1,7,M6AU6
2026-07-15 23:27:12.572255403+00:00,2026-07-15 23:27:12.572148811+00:00,24,1,42244728,,0.7,2147483647,71102296,14206,8,4,1,0,M6AU6
2026-07-15 23:27:47.372859617+00:00,2026-07-15 23:27:47.372334510+00:00,24,1,42054026,,0.6987,2147483647,71104107,12405,8,4,1,0,M6AZ6
2026-07-15 23:27:55.408847257+00:00,2026-07-15 23:27:55.408729355+00:00,24,1,42244728,,0.7001,2147483647,71104656,15260,8,4,1,0,M6AU6
2026-07-15 23:28:08.994035899+00:00,2026-07-15 23:28:08.993618551+00:00,24,1,42244728,,0.7003,2147483647,71106298,15571,5,4,1,0,M6AU6
2026-07-15 23:28:08.994192390+00:00,2026-07-15 23:28:08.993792245+00:00,24,1,42054026,,0.6988,2147483647,71106301,14123,8,4,1,0,M6AZ6
2026-07-15 23:28:08.994280839+00:00,2026-07-15 23:28:08.994030944+00:00,24,1,42244728,,0.7002,2147483647,71106306,13278,8,4,1,0,M6AU6
2026-07-15 23:34:01.126397228+00:00,2026-07-15 23:34:01.126164809+00:00,24,1,42054026,,0.6989,2147483647,71122317,11819,8,4,1,0,M6AZ6
2026-07-16 00:12:23.380005905+00:00,2026-07-16 00:12:23.379557297+00:00,24,1,42244728,,0.7003,2147483647,71376356,11328,8,4,1,0,M6AU6
2026-07-16 00:12:23.381625475+00:00,2026-07-16 00:12:23.381078006+00:00,24,1,42054026,,0.699,2147483647,71376443,11688,8,4,1,0,M6AZ6
2026-07-16 00:31:28.242866618+00:00,2026-07-16 00:31:28.242440955+00:00,24,1,42244728,,0.6997,2147483647,71559311,11912,7,4,1,0,M6AU6
2026-07-16 00:31:28.242986906+00:00,2026-07-16 00:31:28.242491621+00:00,24,1,42054026,,0.6988,2147483647,71559319,13305,7,4,1,0,M6AZ6
2026-07-16 00:31:28.243225295+00:00,2026-07-16 00:31:28.243102118+00:00,24,1,42054026,,0.6987,2147483647,71559334,11283,7,4,1,0,M6AZ6
2026-07-16 00:31:49.563141052+00:00,2026-07-16 00:31:49.562816015+00:00,24,1,42244728,,0.6996,2147483647,71564608,11719,7,4,1,0,M6AU6
2026-07-16 00:33:52.564026900+00:00,2026-07-16 00:33:52.563352473+00:00,24,1,42054026,,0.6986,2147483647,71581963,11141,7,4,1,0,M6AZ6
2026-07-16 00:33:52.577717325+00:00,2026-07-16 00:33:52.577560205+00:00,24,1,42244728,,0.6995,2147483647,71582075,11177,7,4,1,0,M6AU6
2026-07-16 00:33:56.200781188+00:00,2026-07-16 00:33:56.200387113+00:00,24,1,42244728,,0.6994,2147483647,71584326,11956,4,4,1,0,M6AU6
2026-07-16 00:35:25.415222443+00:00,2026-07-16 00:35:25.414863545+00:00,24,1,42054026,,0.6985,2147483647,71606943,13083,7,4,1,0,M6AZ6
2026-07-16 00:35:25.590809497+00:00,2026-07-16 00:35:25.590693507+00:00,24,1,42244728,,0.6994,2147483647,71607344,15595,7,4,1,0,M6AU6
2026-07-16 00:35:41.646808634+00:00,2026-07-16 00:35:41.646504023+00:00,24,1,42244728,,0.6993,2147483647,71608870,12013,4,4,1,0,M6AU6
2026-07-16 00:37:41.732887039+00:00,2026-07-16 00:37:41.732640169+00:00,24,1,42244728,,0.6993,2147483647,71629364,15220,7,4,1,0,M6AU6
2026-07-16 00:37:41.733777623+00:00,2026-07-16 00:37:41.733234651+00:00,24,1,42054026,,0.6984,2147483647,71629414,12863,7,4,1,0,M6AZ6
2026-07-16 00:38:59.846271132+00:00,2026-07-16 00:38:59.846139105+00:00,24,1,42244728,,0.6992,2147483647,71646026,11341,7,4,1,0,M6AU6
2026-07-16 00:40:08.899723571+00:00,2026-07-16 00:40:08.899305848+00:00,24,1,42054026,,0.6983,2147483647,71655771,13398,7,4,1,0,M6AZ6
2026-07-16 00:40:08.900663612+00:00,2026-07-16 00:40:08.899733415+00:00,24,1,42054026,,0.6982,2147483647,71655817,16112,7,4,1,0,M6AZ6
2026-07-16 00:40:14.087643172+00:00,2026-07-16 00:40:14.087279905+00:00,24,1,42244728,,0.6991,2147483647,71657056,11687,4,4,1,0,M6AU6
2026-07-16 00:48:34.199807253+00:00,2026-07-16 00:48:34.199698511+00:00,24,1,42244728,,0.6991,2147483647,71736309,16095,7,4,1,0,M6AU6
2026-07-16 00:53:34.905967945+00:00,2026-07-16 00:53:34.905815107+00:00,24,1,42054026,,0.6981,2147483647,71822736,12037,7,4,1,0,M6AZ6
2026-07-16 00:54:16.833907047+00:00,2026-07-16 00:54:16.833550591+00:00,24,1,42244728,,0.699,2147483647,71850311,14434,4,4,1,0,M6AU6
2026-07-16 00:54:31.443136714+00:00,2026-07-16 00:54:31.442865199+00:00,24,1,42244728,,0.699,2147483647,71856960,11267,7,4,1,0,M6AU6
2026-07-16 00:54:31.559994987+00:00,2026-07-16 00:54:31.559697313+00:00,24,1,42054026,,0.698,2147483647,71857193,11138,7,4,1,0,M6AZ6
2026-07-16 00:54:59.046595273+00:00,2026-07-16 00:54:59.046250433+00:00,24,1,42244728,,0.6989,2147483647,71871381,13167,4,4,1,0,M6AU6
2026-07-16 00:54:59.046964892+00:00,2026-07-16 00:54:59.046321241+00:00,24,1,42244728,,0.6989,2147483647,71871401,11905,7,4,1,0,M6AU6
2026-07-16 01:07:00.003342564+00:00,2026-07-16 01:07:00.003025068+00:00,24,1,42244728,,0.6988,2147483647,72064376,12281,4,4,1,0,M6AU6
2026-07-16 01:07:00.003342564+00:00,2026-07-16 01:07:00.003025068+00:00,24,1,42244728,,0.6988,2147483647,72064376,12281,7,4,1,0,M6AU6
2026-07-16 01:07:07.314672820+00:00,2026-07-16 01:07:07.314396937+00:00,24,1,42244728,,0.6987,2147483647,72067661,11490,4,4,1,0,M6AU6
2026-07-16 01:07:14.972917522+00:00,2026-07-16 01:07:14.972326579+00:00,24,1,42244728,,0.6987,2147483647,72069647,11230,7,4,1,0,M6AU6
2026-07-16 01:13:29.994240529+00:00,2026-07-16 01:13:29.993798181+00:00,24,1,42244728,,0.6986,2147483647,72124347,14432,4,4,1,0,M6AU6
2026-07-16 01:13:29.994240529+00:00,2026-07-16 01:13:29.993798181+00:00,24,1,42244728,,0.6986,2147483647,72124347,14432,7,4,1,0,M6AU6
2026-07-16 01:17:52.360839106+00:00,2026-07-16 01:17:52.360545497+00:00,24,1,42054026,,0.6979,2147483647,72196711,11814,7,4,1,0,M6AZ6
2026-07-16 01:18:12.045444212+00:00,2026-07-16 01:18:12.044649275+00:00,24,1,42244728,,0.6985,2147483647,72201890,14131,4,4,1,0,M6AU6
2026-07-16 01:18:12.045540553+00:00,2026-07-16 01:18:12.044737361+00:00,24,1,42244728,,0.6985,2147483647,72201892,13365,7,4,1,0,M6AU6
2026-07-16 01:18:35.943783591+00:00,2026-07-16 01:18:35.943521810+00:00,24,1,42244728,,0.6984,2147483647,72208780,11794,7,4,1,0,M6AU6
2026-07-16 01:20:37.297057443+00:00,2026-07-16 01:20:37.296736701+00:00,24,1,42244728,,0.6984,2147483647,72227843,11489,4,4,1,0,M6AU6
2026-07-16 01:24:09.697431294+00:00,2026-07-16 01:24:09.697129739+00:00,24,1,42054026,,0.6978,2147483647,72281945,11860,7,4,1,0,M6AZ6
2026-07-16 01:27:23.853476583+00:00,2026-07-16 01:27:23.853341783+00:00,24,1,42054026,,0.6977,2147483647,72319681,11680,7,4,1,0,M6AZ6
2026-07-16 01:29:32.718573502+00:00,2026-07-16 01:29:32.718275705+00:00,24,1,42054026,,0.6976,2147483647,72341257,12233,7,4,1,0,M6AZ6
2026-07-16 01:30:22.645755481+00:00,2026-07-16 01:30:22.645655123+00:00,24,1,42244728,2026-07-15 00:00:00+00:00,,2969,72361376,14949,9,4,1,0,M6AU6
2026-07-16 01:30:22.645755481+00:00,2026-07-16 01:30:22.645655123+00:00,24,1,42244728,2026-07-15 00:00:00+00:00,,3346,72361376,14949,6,4,1,0,M6AU6
2026-07-16 01:30:22.645755481+00:00,2026-07-16 01:30:22.645655123+00:00,24,1,42054026,2026-07-15 00:00:00+00:00,,109,72361376,14949,9,4,1,0,M6AZ6
2026-07-16 01:30:22.645755481+00:00,2026-07-16 01:30:22.645655123+00:00,24,1,42054026,2026-07-15 00:00:00+00:00,,25,72361376,14949,6,4,1,0,M6AZ6
2026-07-16 01:33:00.032185295+00:00,2026-07-16 01:33:00.031668119+00:00,24,1,42054026,,0.6975,2147483647,72397618,11468,7,4,1,0,M6AZ6
2026-07-16 01:33:23.324498241+00:00,2026-07-16 01:33:23.324161717+00:00,24,1,42244728,,0.6983,2147483647,72403089,13227,4,4,1,0,M6AU6
2026-07-16 01:33:23.324669939+00:00,2026-07-16 01:33:23.324439203+00:00,24,1,42244728,,0.6983,2147483647,72403095,12967,7,4,1,0,M6AU6
2026-07-16 01:42:52.503479447+00:00,2026-07-16 01:42:52.503115563+00:00,24,1,42054026,,0.6975,2147483647,72506773,12236,5,4,1,0,M6AZ6
2026-07-16 01:42:52.503479447+00:00,2026-07-16 01:42:52.503115563+00:00,24,1,42054026,,0.6975,2147483647,72506773,12236,4,4,1,0,M6AZ6
2026-07-16 01:42:52.503479447+00:00,2026-07-16 01:42:52.503115563+00:00,24,1,42054026,,0.6975,2147483647,72506773,12236,1,4,1,0,M6AZ6
2026-07-16 02:02:19.154794622+00:00,2026-07-16 02:02:19.154290623+00:00,24,1,42054026,,0.6974,2147483647,72694080,12631,7,4,1,0,M6AZ6
2026-07-16 02:05:39.063475735+00:00,2026-07-16 02:05:39.063073875+00:00,24,1,42244728,,0.6982,2147483647,72717935,15594,4,4,1,0,M6AU6
2026-07-16 02:05:39.063475735+00:00,2026-07-16 02:05:39.063095839+00:00,24,1,42244728,,0.6982,2147483647,72717935,15594,7,4,1,0,M6AU6
2026-07-16 02:06:09.837914067+00:00,2026-07-16 02:06:09.837586841+00:00,24,1,42054026,,0.6973,2147483647,72723415,11724,7,4,1,0,M6AZ6
2026-07-16 02:07:12.237362918+00:00,2026-07-16 02:07:12.237002019+00:00,24,1,42244728,,0.6981,2147483647,72734148,16431,4,4,1,0,M6AU6
2026-07-16 02:07:12.237484831+00:00,2026-07-16 02:07:12.237175713+00:00,24,1,42244728,,0.6981,2147483647,72734150,15131,7,4,1,0,M6AU6
2026-07-16 02:07:40.717972843+00:00,2026-07-16 02:07:40.717732735+00:00,24,1,42054026,,0.6972,2147483647,72737346,11749,7,4,1,0,M6AZ6
2026-07-16 02:12:25.706006714+00:00,2026-07-16 02:12:25.705471447+00:00,24,1,42244728,,0.698,2147483647,72788951,15945,4,4,1,0,M6AU6
2026-07-16 02:12:33.645972348+00:00,2026-07-16 02:12:33.645593803+00:00,24,1,42244728,,0.698,2147483647,72790161,12559,7,4,1,0,M6AU6
2026-07-16 02:13:14.098920811+00:00,2026-07-16 02:13:14.098283014+00:00,24,1,42054026,,0.6971,2147483647,72797385,11711,7,4,1,0,M6AZ6
2026-07-16 02:13:14.152518969+00:00,2026-07-16 02:13:14.151272757+00:00,24,1,42244728,,0.6979,2147483647,72797719,16029,4,4,1,0,M6AU6
2026-07-16 02:13:14.152518969+00:00,2026-07-16 02:13:14.151314035+00:00,24,1,42244728,,0.6979,2147483647,72797719,16029,7,4,1,0,M6AU6
2026-07-16 02:13:14.160264192+00:00,2026-07-16 02:13:14.159957931+00:00,24,1,42244728,,0.6978,2147483647,72797828,13585,4,4,1,0,M6AU6
2026-07-16 12:01:28.657625359+00:00,2026-07-16 12:01:28.657218459+00:00,24,1,42244728,,0.7004,2147483647,79464269,11687,5,4,1,0,M6AU6
2026-07-16 14:02:56.262574209+00:00,2026-07-16 14:02:56.262500847+00:00,24,1,42244728,2026-07-15 00:00:00+00:00,,2969,82512785,14899,9,4,1,0,M6AU6
2026-07-16 14:02:56.262574209+00:00,2026-07-16 14:02:56.262500847+00:00,24,1,42244728,2026-07-15 00:00:00+00:00,,3346,82512785,14899,6,4,1,0,M6AU6
2026-07-16 14:03:16.749013687+00:00,2026-07-16 14:03:16.748946687+00:00,24,1,42054026,2026-07-15 00:00:00+00:00,,109,82520509,15894,9,4,1,0,M6AZ6
2026-07-16 14:03:16.749013687+00:00,2026-07-16 14:03:16.748946687+00:00,24,1,42054026,2026-07-15 00:00:00+00:00,,25,82520509,15894,6,4,1,0,M6AZ6
2026-07-16 14:28:55.217862231+00:00,2026-07-16 14:28:55.217507437+00:00,24,1,42244728,,0.7004,2147483647,83117184,11239,8,4,1,0,M6AU6
2026-07-16 14:29:21.095559574+00:00,2026-07-16 14:29:21.095304703+00:00,24,1,42244728,,0.7005,2147483647,83127049,11767,5,4,1,0,M6AU6
2026-07-16 14:31:57.013058467+00:00,2026-07-16 14:31:57.012488363+00:00,24,1,42054026,,0.6991,2147483647,83189418,13560,8,4,1,0,M6AZ6
2026-07-16 14:32:12.903039798+00:00,2026-07-16 14:32:12.902766697+00:00,24,1,42054026,,0.6996,2147483647,83197253,11356,5,4,1,0,M6AZ6
2026-07-16 14:34:01.628374524+00:00,2026-07-16 14:34:01.627780477+00:00,24,1,42244728,,0.7005,2147483647,83232849,17687,8,4,1,0,M6AU6
2026-07-16 19:02:57.326795143+00:00,2026-07-16 19:02:57.326671707+00:00,24,1,42244728,2026-07-16 00:00:00+00:00,0.6988,2147483647,87514294,12487,3,4,1,6,M6AU6
2026-07-16 19:02:57.326802668+00:00,2026-07-16 19:02:57.326671707+00:00,24,1,42244728,2026-07-16 00:00:00+00:00,0.69875,2147483647,87514295,11690,3,4,1,2,M6AU6
2026-07-16 19:02:57.326811347+00:00,2026-07-16 19:02:57.326671707+00:00,24,1,42054026,2026-07-16 00:00:00+00:00,0.6977,2147483647,87514296,11514,3,4,1,6,M6AZ6
2026-07-16 19:02:57.326811347+00:00,2026-07-16 19:02:57.326671707+00:00,24,1,42054026,2026-07-16 00:00:00+00:00,0.69765,2147483647,87514296,11514,3,4,1,2,M6AZ6
2026-07-16 21:38:09.666737108+00:00,2026-07-16 21:38:09.665227965+00:00,24,1,42054026,2026-07-16 00:00:00+00:00,0.6977,2147483647,88359414,15100,3,4,1,6,M6AZ6
2026-07-16 21:38:55.012002911+00:00,2026-07-16 21:38:55.009724987+00:00,24,1,42141216,2026-07-16 00:00:00+00:00,-0.0011,2147483647,88360070,15823,3,4,1,2,M6AZ6-M6AU6
2026-07-16 21:40:05.779820119+00:00,2026-07-16 21:40:05.778267591+00:00,24,1,42244728,2026-07-16 00:00:00+00:00,0.6988,2147483647,88361491,16166,3,4,1,6,M6AU6
2026-07-16 21:56:14.527996155+00:00,2026-07-16 21:56:14.527755631+00:00,24,1,42244728,,0.699,1,88364371,16172,2,4,1,0,M6AU6
2026-07-16 22:00:00.014811807+00:00,2026-07-16 22:00:00+00:00,24,1,42244728,,0.699,2147483647,88365430,13892,5,4,1,0,M6AU6
2026-07-16 22:00:00.014811807+00:00,2026-07-16 22:00:00+00:00,24,1,42244728,,0.699,2147483647,88365430,13892,4,4,1,0,M6AU6
2026-07-16 22:00:00.014811807+00:00,2026-07-16 22:00:00+00:00,24,1,42244728,,0.699,2147483647,88365430,13892,1,4,1,0,M6AU6
2026-07-16 22:00:00.018176086+00:00,2026-07-16 22:00:00.000668047+00:00,24,1,42244728,,0.699,2147483647,88365577,12932,8,4,1,0,M6AU6
2026-07-16 22:00:00.018176086+00:00,2026-07-16 22:00:00.000668047+00:00,24,1,42244728,,0.6994,2147483647,88365577,12932,7,4,1,0,M6AU6
2026-07-16 22:00:00.018223028+00:00,2026-07-16 22:00:00.000682427+00:00,24,1,42244728,,0.6991,2147483647,88365580,16556,7,4,1,0,M6AU6
2026-07-16 22:00:00.020905091+00:00,2026-07-16 22:00:00.020360913+00:00,24,1,42244728,,0.699,2147483647,88365849,11813,7,4,1,0,M6AU6
2026-07-16 22:00:00.065889285+00:00,2026-07-16 22:00:00.065741021+00:00,24,1,42141216,,-0.0012,2147483647,88366357,12210,8,4,1,0,M6AZ6-M6AU6
2026-07-16 22:00:00.065889285+00:00,2026-07-16 22:00:00.065741021+00:00,24,1,42141216,,0.01,2147483647,88366357,12210,7,4,1,0,M6AZ6-M6AU6
2026-07-16 22:00:00.066057833+00:00,2026-07-16 22:00:00.065961063+00:00,24,1,42141216,,-0.001,2147483647,88366362,14160,7,4,1,0,M6AZ6-M6AU6
2026-07-16 22:00:00.209076129+00:00,2026-07-16 22:00:00.208964431+00:00,24,1,42054026,,0.6969,2147483647,88367474,13881,8,4,1,0,M6AZ6
2026-07-16 22:00:00.209076129+00:00,2026-07-16 22:00:00.208964431+00:00,24,1,42054026,,0.7009,2147483647,88367474,13881,7,4,1,0,M6AZ6
2026-07-16 22:00:00.318134295+00:00,2026-07-16 22:00:00.317825619+00:00,24,1,42054026,,0.6984,2147483647,88367666,14324,7,4,1,0,M6AZ6
2026-07-16 22:00:00.331214919+00:00,2026-07-16 22:00:00.331045551+00:00,24,1,42054026,,0.6972,2147483647,88367786,11850,8,4,1,0,M6AZ6
2026-07-16 22:00:02.998767158+00:00,2026-07-16 22:00:02.998501745+00:00,24,1,42244728,,0.6991,2147483647,88371949,11668,5,4,1,0,M6AU6
2026-07-16 22:00:15.059257623+00:00,2026-07-16 22:00:15.059152449+00:00,24,1,42244728,,0.6991,2147483647,88375677,11785,8,4,1,0,M6AU6
2026-07-16 22:01:15.325198599+00:00,2026-07-16 22:01:15.325081457+00:00,24,1,42054026,,0.6973,2147483647,88383154,11227,8,4,1,0,M6AZ6
2026-07-16 22:01:15.325385387+00:00,2026-07-16 22:01:15.325202679+00:00,24,1,42054026,,0.6983,2147483647,88383165,11816,7,4,1,0,M6AZ6
2026-07-16 22:12:25.105635804+00:00,2026-07-16 22:12:25.105136743+00:00,24,1,42054026,,0.6976,2147483647,88404783,14404,8,4,1,0,M6AZ6
2026-07-16 22:12:25.106474493+00:00,2026-07-16 22:12:25.105644407+00:00,24,1,42054026,,0.6977,2147483647,88404840,15245,8,4,1,0,M6AZ6
2026-07-16 22:13:00.104704107+00:00,2026-07-16 22:13:00.104582121+00:00,24,1,42054026,,0.6982,2147483647,88405741,11407,7,4,1,0,M6AZ6
2026-07-16 22:23:58.476529603+00:00,2026-07-16 22:23:58.476185015+00:00,24,1,42244728,,0.6989,2147483647,88417854,11542,4,4,1,0,M6AU6
2026-07-16 22:25:24.986692907+00:00,2026-07-16 22:25:24.986547499+00:00,24,1,42054026,,0.6981,2147483647,88419099,11482,7,4,1,0,M6AZ6
2026-07-16 22:39:16.482556942+00:00,2026-07-16 22:39:16.482430229+00:00,24,1,42244728,,0.6989,2147483647,88435750,14988,7,4,1,0,M6AU6
2026-07-16 22:45:11.771037295+00:00,2026-07-16 22:45:11.770863149+00:00,24,1,42054026,,0.698,2147483647,88443353,11217,7,4,1,0,M6AZ6
2026-07-16 23:07:59.192227620+00:00,2026-07-16 23:07:59.191842043+00:00,24,1,42054026,2026-07-16 00:00:00+00:00,0.6977,2147483647,88484424,15128,3,4,1,7,M6AZ6
2026-07-16 23:08:32.634214219+00:00,2026-07-16 23:08:32.633874369+00:00,24,1,42141216,2026-07-16 00:00:00+00:00,-0.0011,2147483647,88485913,16309,3,4,1,3,M6AZ6-M6AU6
2026-07-16 23:11:05.707153951+00:00,2026-07-16 23:11:05.706804507+00:00,24,1,42244728,2026-07-16 00:00:00+00:00,0.6988,2147483647,88493204,17253,3,4,1,7,M6AU6
2026-07-16 23:40:22.918223598+00:00,2026-07-16 23:40:22.918093951+00:00,24,1,42054026,,0.6978,2147483647,88551494,11963,8,4,1,0,M6AZ6
2026-07-16 23:40:35.044667590+00:00,2026-07-16 23:40:35.044308625+00:00,24,1,42244728,,0.6992,2147483647,88551960,11503,5,4,1,0,M6AU6
2026-07-16 23:58:12.764706543+00:00,2026-07-16 23:58:12.764600513+00:00,24,1,42244728,,0.6992,2147483647,88619042,13310,8,4,1,0,M6AU6
2026-07-16 23:59:17.756668163+00:00,2026-07-16 23:59:17.756328211+00:00,24,1,42054026,,0.6979,2147483647,88627705,13537,8,4,1,0,M6AZ6
2026-07-16 23:59:44.753935633+00:00,2026-07-16 23:59:44.753651861+00:00,24,1,42244728,,0.6993,2147483647,88631719,11662,5,4,1,0,M6AU6
2026-07-16 23:59:44.755086267+00:00,2026-07-16 23:59:44.754957383+00:00,24,1,42244728,,0.6993,2147483647,88631731,11863,8,4,1,0,M6AU6
2026-07-17 00:03:01.909954299+00:00,2026-07-17 00:03:01.908702935+00:00,24,1,42054026,,0.698,2147483647,88687283,12101,8,4,1,0,M6AZ6
2026-07-17 00:03:32.804051691+00:00,2026-07-17 00:03:32.803738739+00:00,24,1,42244728,,0.6994,2147483647,88695512,11981,5,4,1,0,M6AU6
2026-07-17 00:03:32.804051691+00:00,2026-07-17 00:03:32.803738739+00:00,24,1,42244728,,0.6994,2147483647,88695512,11981,8,4,1,0,M6AU6
2026-07-17 00:13:55.129725540+00:00,2026-07-17 00:13:55.128971953+00:00,24,1,42054026,,0.6979,2147483647,88793204,11568,7,4,1,0,M6AZ6
2026-07-17 00:24:24.384480683+00:00,2026-07-17 00:24:24.384034274+00:00,24,1,42244728,,0.6988,2147483647,88905516,15286,4,4,1,0,M6AU6
2026-07-17 00:24:24.465605174+00:00,2026-07-17 00:24:24.465386295+00:00,24,1,42244728,,0.6988,2147483647,88905747,11324,7,4,1,0,M6AU6
2026-07-17 00:29:32.504597441+00:00,2026-07-17 00:29:32.504327587+00:00,24,1,42054026,,0.6978,2147483647,88953717,11506,7,4,1,0,M6AZ6
2026-07-17 00:29:32.875132891+00:00,2026-07-17 00:29:32.874882775+00:00,24,1,42244728,,0.6987,2147483647,88953881,11860,4,4,1,0,M6AU6
2026-07-17 00:29:32.875132891+00:00,2026-07-17 00:29:32.874887671+00:00,24,1,42244728,,0.6987,2147483647,88953881,11860,7,4,1,0,M6AU6
2026-07-17 00:29:33.076030411+00:00,2026-07-17 00:29:33.075759763+00:00,24,1,42244728,,0.6986,2147483647,88953903,12056,4,4,1,0,M6AU6
2026-07-17 00:30:56.132308374+00:00,2026-07-17 00:30:56.132071401+00:00,24,1,42054026,,0.6977,2147483647,88965043,11855,7,4,1,0,M6AZ6
2026-07-17 00:30:56.297295641+00:00,2026-07-17 00:30:56.296984565+00:00,24,1,42244728,,0.6986,2147483647,88965304,11474,7,4,1,0,M6AU6
2026-07-17 00:43:48.058603435+00:00,2026-07-17 00:43:48.058114567+00:00,24,1,42244728,,0.6985,2147483647,89085932,15797,4,4,1,0,M6AU6
2026-07-17 00:43:48.058603435+00:00,2026-07-17 00:43:48.058114567+00:00,24,1,42244728,,0.6985,2147483647,89085932,15797,7,4,1,0,M6AU6
2026-07-17 00:43:48.058896086+00:00,2026-07-17 00:43:48.058706279+00:00,24,1,42054026,,0.6976,2147483647,89085956,11714,7,4,1,0,M6AZ6
2026-07-17 00:45:10.867923391+00:00,2026-07-17 00:45:10.867635763+00:00,24,1,42244728,,0.6984,2147483647,89103023,11581,4,4,1,0,M6AU6
2026-07-17 01:22:53.732996085+00:00,2026-07-17 01:22:53.732897369+00:00,24,1,42054026,2026-07-16 00:00:00+00:00,,111,89597078,12204,9,4,1,0,M6AZ6
2026-07-17 01:22:53.732996085+00:00,2026-07-17 01:22:53.732897369+00:00,24,1,42054026,2026-07-16 00:00:00+00:00,,5,89597078,12204,6,4,1,0,M6AZ6
2026-07-17 01:22:53.732996085+00:00,2026-07-17 01:22:53.732897369+00:00,24,1,42244728,2026-07-16 00:00:00+00:00,,3082,89597078,12204,9,4,1,0,M6AU6
2026-07-17 01:22:53.732996085+00:00,2026-07-17 01:22:53.732897369+00:00,24,1,42244728,2026-07-16 00:00:00+00:00,,3987,89597078,12204,6,4,1,0,M6AU6
2026-07-17 01:45:41.366482623+00:00,2026-07-17 01:45:41.365307550+00:00,24,1,42054026,,0.6975,2147483647,89844753,12353,7,4,1,0,M6AZ6
2026-07-17 01:46:45.135147495+00:00,2026-07-17 01:46:45.134788855+00:00,24,1,42244728,,0.6984,2147483647,89857657,16593,7,4,1,0,M6AU6
2026-07-17 01:46:45.136270828+00:00,2026-07-17 01:46:45.135516753+00:00,24,1,42054026,,0.6974,2147483647,89857710,16181,7,4,1,0,M6AZ6
2026-07-17 01:47:10.304241545+00:00,2026-07-17 01:47:10.303790803+00:00,24,1,42244728,,0.6982,2147483647,89863825,11849,4,4,1,0,M6AU6
2026-07-17 01:47:10.304251835+00:00,2026-07-17 01:47:10.303791141+00:00,24,1,42244728,,0.6983,2147483647,89863826,11381,7,4,1,0,M6AU6
2026-07-17 01:47:28.001669886+00:00,2026-07-17 01:47:28.001468121+00:00,24,1,42054026,,0.6973,2147483647,89869660,11338,7,4,1,0,M6AZ6
2026-07-17 01:47:40.864166655+00:00,2026-07-17 01:47:40.863860449+00:00,24,1,42244728,,0.6982,2147483647,89872401,11768,7,4,1,0,M6AU6
2026-07-17 01:49:04.619143841+00:00,2026-07-17 01:49:04.618854413+00:00,24,1,42054026,,0.697,2147483647,89890228,15005,5,4,1,0,M6AZ6
2026-07-17 01:49:04.619143841+00:00,2026-07-17 01:49:04.618854413+00:00,24,1,42054026,,0.697,2147483647,89890228,15005,4,4,1,0,M6AZ6
2026-07-17 01:49:04.619143841+00:00,2026-07-17 01:49:04.618854413+00:00,24,1,42054026,,0.697,2147483647,89890228,15005,1,4,1,0,M6AZ6
2026-07-17 01:49:04.785233745+00:00,2026-07-17 01:49:04.784957769+00:00,24,1,42244728,,0.6981,2147483647,89890490,11525,4,4,1,0,M6AU6
2026-07-17 01:49:06.798892193+00:00,2026-07-17 01:49:06.798569581+00:00,24,1,42054026,,0.6972,2147483647,89891418,12409,7,4,1,0,M6AZ6
2026-07-17 01:49:06.798990856+00:00,2026-07-17 01:49:06.798646149+00:00,24,1,42244728,,0.6981,2147483647,89891425,11136,7,4,1,0,M6AU6
2026-07-17 01:49:21.107419885+00:00,2026-07-17 01:49:21.106582737+00:00,24,1,42244728,,0.698,2147483647,89894729,13400,4,4,1,0,M6AU6
2026-07-17 01:49:21.107746979+00:00,2026-07-17 01:49:21.107448137+00:00,24,1,42244728,,0.698,2147483647,89894746,10323,7,4,1,0,M6AU6
2026-07-17 01:49:21.108486716+00:00,2026-07-17 01:49:21.107792091+00:00,24,1,42054026,,0.6971,2147483647,89894768,11911,7,4,1,0,M6AZ6
2026-07-17 01:49:21.109327191+00:00,2026-07-17 01:49:21.108494259+00:00,24,1,42054026,,0.697,2147483647,89894823,11903,7,4,1,0,M6AZ6
2026-07-17 01:49:21.636446737+00:00,2026-07-17 01:49:21.636119095+00:00,24,1,42244728,,0.6979,2147483647,89895641,12314,4,4,1,0,M6AU6
2026-07-17 01:50:02.802357766+00:00,2026-07-17 01:50:02.802026806+00:00,24,1,42244728,,0.6979,2147483647,89905668,16260,7,4,1,0,M6AU6
2026-07-17 01:51:26.839835892+00:00,2026-07-17 01:51:26.839333243+00:00,24,1,42244728,,0.6977,2147483647,89927692,14207,4,4,1,0,M6AU6
2026-07-17 01:51:28.179546991+00:00,2026-07-17 01:51:28.178285593+00:00,24,1,42244728,,0.6978,2147483647,89928622,19321,7,4,1,0,M6AU6
2026-07-17 01:51:28.179597702+00:00,2026-07-17 01:51:28.178285593+00:00,24,1,42054026,,0.6969,2147483647,89928624,14884,7,4,1,0,M6AZ6
2026-07-17 01:51:28.181430514+00:00,2026-07-17 01:51:28.180030185+00:00,24,1,42054026,,0.6968,2147483647,89928680,15209,7,4,1,0,M6AZ6
2026-07-17 01:51:28.239349387+00:00,2026-07-17 01:51:28.239069674+00:00,24,1,42244728,,0.6977,2147483647,89929315,12506,7,4,1,0,M6AU6
2026-07-17 01:51:28.710753721+00:00,2026-07-17 01:51:28.710499741+00:00,24,1,42054026,,0.6967,2147483647,89931021,11790,7,4,1,0,M6AZ6
2026-07-17 01:51:28.724222894+00:00,2026-07-17 01:51:28.724116965+00:00,24,1,42244728,,0.6976,2147483647,89931089,15115,7,4,1,0,M6AU6
2026-07-17 01:51:29.142400449+00:00,2026-07-17 01:51:29.141941567+00:00,24,1,42244728,,0.6975,2147483647,89931539,13431,4,4,1,0,M6AU6
2026-07-17 01:53:04.546482241+00:00,2026-07-17 01:53:04.546293357+00:00,24,1,42054026,,0.6966,2147483647,89955192,11762,7,4,1,0,M6AZ6
2026-07-17 01:54:34.218828454+00:00,2026-07-17 01:54:34.218357353+00:00,24,1,42244728,,0.6975,2147483647,89978840,11601,7,4,1,0,M6AU6
2026-07-17 01:54:34.220811556+00:00,2026-07-17 01:54:34.220155245+00:00,24,1,42054026,,0.6965,2147483647,89978920,12408,7,4,1,0,M6AZ6
2026-07-17 01:54:41.619865619+00:00,2026-07-17 01:54:41.619252333+00:00,24,1,42244728,,0.6974,2147483647,89984788,12933,7,4,1,0,M6AU6
2026-07-17 01:55:10.936801863+00:00,2026-07-17 01:55:10.936493431+00:00,24,1,42244728,,0.6974,2147483647,89990732,11463,4,4,1,0,M6AU6
2026-07-17 02:37:37.191745432+00:00,2026-07-17 02:37:37.191294977+00:00,24,1,42054026,,0.6964,2147483647,90385068,11604,7,4,1,0,M6AZ6
2026-07-17 02:37:45.449844228+00:00,2026-07-17 02:37:45.449426519+00:00,24,1,42244728,,0.6973,2147483647,90386985,15278,4,4,1,0,M6AU6
2026-07-17 02:37:49.435117652+00:00,2026-07-17 02:37:49.434960945+00:00,24,1,42244728,,0.6973,2147483647,90388197,15517,7,4,1,0,M6AU6
2026-07-17 02:37:49.653739799+00:00,2026-07-17 02:37:49.653254821+00:00,24,1,42244728,,0.6972,2147483647,90388435,15751,4,4,1,0,M6AU6
2026-07-17 02:37:49.659455783+00:00,2026-07-17 02:37:49.657664095+00:00,24,1,42054026,,0.6963,2147483647,90388536,11760,7,4,1,0,M6AZ6
2026-07-17 02:37:49.660565006+00:00,2026-07-17 02:37:49.658613321+00:00,24,1,42244728,,0.6972,2147483647,90388594,11857,7,4,1,0,M6AU6
2026-07-17 02:37:49.726809543+00:00,2026-07-17 02:37:49.726546047+00:00,24,1,42244728,,0.6971,2147483647,90389126,11502,4,4,1,0,M6AU6
2026-07-17 02:38:05.511227164+00:00,2026-07-17 02:38:05.510468521+00:00,24,1,42054026,,0.696,2147483647,90393767,13563,4,4,1,0,M6AZ6
2026-07-17 02:38:05.512055927+00:00,2026-07-17 02:38:05.511447347+00:00,24,1,42244728,,0.6971,2147483647,90393795,13314,7,4,1,0,M6AU6
2026-07-17 02:38:05.512121588+00:00,2026-07-17 02:38:05.511447347+00:00,24,1,42054026,,0.6962,2147483647,90393800,13756,7,4,1,0,M6AZ6
2026-07-17 02:38:05.513589889+00:00,2026-07-17 02:38:05.512945398+00:00,24,1,42054026,,0.6961,2147483647,90393864,16936,7,4,1,0,M6AZ6
2026-07-17 04:27:30.629372584+00:00,2026-07-17 04:27:30.629021091+00:00,24,1,42244728,,0.697,2147483647,91265976,11534,4,4,1,0,M6AU6
2026-07-17 04:28:48.907800334+00:00,2026-07-17 04:28:48.907686347+00:00,24,1,42244728,,0.697,2147483647,91279852,15484,7,4,1,0,M6AU6
2026-07-17 04:30:28.943161459+00:00,2026-07-17 04:30:28.942761281+00:00,24,1,42054026,,0.696,2147483647,91290851,15447,7,4,1,0,M6AZ6
2026-07-17 08:18:16.138152308+00:00,2026-07-17 08:18:16.137545691+00:00,24,1,42244728,,0.6969,2147483647,94253111,12713,4,4,1,0,M6AU6
2026-07-17 08:18:16.217356078+00:00,2026-07-17 08:18:16.217237263+00:00,24,1,42244728,,0.6969,2147483647,94253284,15019,7,4,1,0,M6AU6
2026-07-17 08:18:18.601347828+00:00,2026-07-17 08:18:18.600876571+00:00,24,1,42244728,,0.6967,2147483647,94254548,15030,4,4,1,0,M6AU6
2026-07-17 08:18:18.602479495+00:00,2026-07-17 08:18:18.602193209+00:00,24,1,42054026,,0.6959,2147483647,94254577,11801,7,4,1,0,M6AZ6
2026-07-17 08:18:18.608265326+00:00,2026-07-17 08:18:18.607679539+00:00,24,1,42244728,,0.6968,2147483647,94254666,16476,7,4,1,0,M6AU6
2026-07-17 08:39:08.447330459+00:00,2026-07-17 08:39:08.446433907+00:00,24,1,42054026,,0.6958,2147483647,94660828,11328,7,4,1,0,M6AZ6
2026-07-17 08:39:17.471158710+00:00,2026-07-17 08:39:17.470980027+00:00,24,1,42244728,,0.6967,2147483647,94662684,12055,7,4,1,0,M6AU6
2026-07-17 08:42:02.744210295+00:00,2026-07-17 08:42:02.743882889+00:00,24,1,42244728,,0.6966,2147483647,94701316,12880,4,4,1,0,M6AU6
2026-07-17 08:42:07.789342713+00:00,2026-07-17 08:42:07.788988601+00:00,24,1,42054026,,0.6957,2147483647,94702995,11972,7,4,1,0,M6AZ6
2026-07-17 08:42:07.789565863+00:00,2026-07-17 08:42:07.789295337+00:00,24,1,42244728,,0.6966,2147483647,94703008,11751,7,4,1,0,M6AU6
2026-07-17 08:55:12.528640945+00:00,2026-07-17 08:55:12.528183811+00:00,24,1,42054026,,0.6956,2147483647,94903116,13552,7,4,1,0,M6AZ6
2026-07-17 08:55:12.667097071+00:00,2026-07-17 08:55:12.666813111+00:00,24,1,42244728,,0.6965,2147483647,94903373,11596,4,4,1,0,M6AU6
2026-07-17 08:55:12.667161253+00:00,2026-07-17 08:55:12.667057075+00:00,24,1,42244728,,0.6965,2147483647,94903374,11720,7,4,1,0,M6AU6
2026-07-17 09:01:11.525464383+00:00,2026-07-17 09:01:11.524743995+00:00,24,1,42054026,,0.6955,2147483647,94978968,14257,7,4,1,0,M6AZ6
2026-07-17 09:01:17.834930047+00:00,2026-07-17 09:01:17.834332541+00:00,24,1,42244728,,0.6963,2147483647,94981586,13751,4,4,1,0,M6AU6
2026-07-17 09:01:20.529553119+00:00,2026-07-17 09:01:20.529393741+00:00,24,1,42244728,,0.6964,2147483647,94982303,12471,7,4,1,0,M6AU6
2026-07-17 09:02:19.268041346+00:00,2026-07-17 09:02:19.267797629+00:00,24,1,42054026,,0.6954,2147483647,94999262,11847,7,4,1,0,M6AZ6
2026-07-17 09:02:20.145080310+00:00,2026-07-17 09:02:20.144962123+00:00,24,1,42244728,,0.6963,2147483647,94999606,11895,7,4,1,0,M6AU6
2026-07-17 09:02:49.037984005+00:00,2026-07-17 09:02:49.037628761+00:00,24,1,42244728,,0.6962,2147483647,95006623,13765,4,4,1,0,M6AU6
2026-07-17 09:02:49.038617899+00:00,2026-07-17 09:02:49.037930071+00:00,24,1,42054026,,0.6953,2147483647,95006646,13615,7,4,1,0,M6AZ6
2026-07-17 09:02:50.696390647+00:00,2026-07-17 09:02:50.696235633+00:00,24,1,42244728,,0.6962,2147483647,95007242,12395,7,4,1,0,M6AU6
2026-07-17 09:03:42.043382705+00:00,2026-07-17 09:03:42.042795185+00:00,24,1,42054026,,0.6952,2147483647,95021980,14169,7,4,1,0,M6AZ6
2026-07-17 09:03:42.157278881+00:00,2026-07-17 09:03:42.156963075+00:00,24,1,42244728,,0.6961,2147483647,95022257,11569,4,4,1,0,M6AU6
2026-07-17 09:03:44.124570162+00:00,2026-07-17 09:03:44.124452871+00:00,24,1,42244728,,0.6961,2147483647,95022901,15407,7,4,1,0,M6AU6
2026-07-17 09:04:10.704761462+00:00,2026-07-17 09:04:10.704288797+00:00,24,1,42054026,,0.6951,2147483647,95036260,11549,7,4,1,0,M6AZ6
2026-07-17 09:04:10.721327147+00:00,2026-07-17 09:04:10.720902577+00:00,24,1,42244728,,0.6959,2147483647,95036434,15410,4,4,1,0,M6AU6
2026-07-17 09:04:10.725450516+00:00,2026-07-17 09:04:10.725287699+00:00,24,1,42244728,,0.696,2147483647,95036497,11505,7,4,1,0,M6AU6
2026-07-17 09:04:20.044348556+00:00,2026-07-17 09:04:20.044090961+00:00,24,1,42054026,,0.695,2147483647,95041747,14607,7,4,1,0,M6AZ6
2026-07-17 10:38:07.286678734+00:00,2026-07-17 10:38:07.286364741+00:00,24,1,42054026,,0.6955,2147483647,96253801,12847,4,4,1,0,M6AZ6
2026-07-17 11:17:08.464448006+00:00,2026-07-17 11:17:08.464172079+00:00,24,1,42054026,,0.695,2147483647,96795735,15572,4,4,1,0,M6AZ6
2026-07-17 14:06:21.659726550+00:00,2026-07-17 14:06:21.659625553+00:00,24,1,42244728,2026-07-16 00:00:00+00:00,,3082,100335531,11942,9,4,1,0,M6AU6
2026-07-17 14:06:21.659726550+00:00,2026-07-17 14:06:21.659625553+00:00,24,1,42244728,2026-07-16 00:00:00+00:00,,3987,100335531,11942,6,4,1,0,M6AU6
2026-07-17 14:06:22.958166491+00:00,2026-07-17 14:06:22.958089299+00:00,24,1,42054026,2026-07-16 00:00:00+00:00,,111,100335925,15225,9,4,1,0,M6AZ6
2026-07-17 14:06:22.958166491+00:00,2026-07-17 14:06:22.958089299+00:00,24,1,42054026,2026-07-16 00:00:00+00:00,,5,100335925,15225,6,4,1,0,M6AZ6
2026-07-17 19:02:24.775644283+00:00,2026-07-17 19:02:24.775538591+00:00,24,1,42244728,2026-07-17 00:00:00+00:00,0.6976,2147483647,105375826,16658,3,4,1,6,M6AU6
2026-07-17 19:02:24.775654612+00:00,2026-07-17 19:02:24.775538591+00:00,24,1,42244728,2026-07-17 00:00:00+00:00,0.69755,2147483647,105375827,11639,3,4,1,2,M6AU6
2026-07-17 19:02:24.775654612+00:00,2026-07-17 19:02:24.775538591+00:00,24,1,42054026,2026-07-17 00:00:00+00:00,0.6965,2147483647,105375827,11639,3,4,1,6,M6AZ6
2026-07-17 19:02:24.775654612+00:00,2026-07-17 19:02:24.775538591+00:00,24,1,42054026,2026-07-17 00:00:00+00:00,0.69645,2147483647,105375827,11639,3,4,1,2,M6AZ6
2026-07-17 19:16:12.981185652+00:00,2026-07-17 19:16:12.981065215+00:00,24,1,42141216,,-0.0011,2147483647,105489558,15061,8,4,1,0,M6AZ6-M6AU6
2026-07-17 21:38:05.238289510+00:00,2026-07-17 21:38:05.236585569+00:00,24,1,42054026,2026-07-17 00:00:00+00:00,0.6965,2147483647,106518237,15266,3,4,1,6,M6AZ6
2026-07-17 21:38:49.722337532+00:00,2026-07-17 21:38:49.720686855+00:00,24,1,42141216,2026-07-17 00:00:00+00:00,-0.0011,2147483647,106518903,15628,3,4,1,2,M6AZ6-M6AU6
2026-07-17 21:40:00.678307276+00:00,2026-07-17 21:40:00.676623185+00:00,24,1,42244728,2026-07-17 00:00:00+00:00,0.6976,2147483647,106520352,16650,3,4,1,6,M6AU6
2026-07-19 13:03:43.990873230+00:00,2026-07-19 13:03:43.988572329+00:00,24,1,42054026,2026-07-17 00:00:00+00:00,0.6965,2147483647,3521,14256,3,4,1,7,M6AZ6
2026-07-19 13:04:15.994656707+00:00,2026-07-19 13:04:15.993505909+00:00,24,1,42141216,2026-07-17 00:00:00+00:00,-0.0011,2147483647,3986,14319,3,4,1,3,M6AZ6-M6AU6
2026-07-19 13:06:45.592483739+00:00,2026-07-19 13:06:45.591335659+00:00,24,1,42244728,2026-07-17 00:00:00+00:00,0.6976,2147483647,6486,14119,3,4,1,7,M6AU6
2026-07-19 17:31:21.677008990+00:00,2026-07-19 17:31:21.676381503+00:00,24,1,42244728,2026-07-17 00:00:00+00:00,,2919,7361,11687,9,4,1,0,M6AU6
2026-07-19 17:31:21.677008990+00:00,2026-07-19 17:31:21.676381503+00:00,24,1,42244728,2026-07-17 00:00:00+00:00,,3031,7361,11687,6,4,1,0,M6AU6
2026-07-19 17:31:21.677008990+00:00,2026-07-19 17:31:21.676381503+00:00,24,1,42054026,2026-07-17 00:00:00+00:00,,110,7361,11687,9,4,1,0,M6AZ6
2026-07-19 17:31:21.677008990+00:00,2026-07-19 17:31:21.676381503+00:00,24,1,42054026,2026-07-17 00:00:00+00:00,,9,7361,11687,6,4,1,0,M6AZ6
2026-07-19 21:59:18.191021964+00:00,2026-07-19 21:59:18.190815741+00:00,24,1,42244728,,0.6965,2,13968,16258,2,4,1,0,M6AU6
2026-07-19 22:00:00.057198371+00:00,2026-07-19 22:00:00+00:00,24,1,42244728,,0.6965,2147483647,14410,15183,5,4,1,0,M6AU6
2026-07-19 22:00:00.057198371+00:00,2026-07-19 22:00:00+00:00,24,1,42244728,,0.6965,2147483647,14410,15183,4,4,1,0,M6AU6
2026-07-19 22:00:00.057198371+00:00,2026-07-19 22:00:00+00:00,24,1,42244728,,0.6965,2147483647,14410,15183,1,4,1,0,M6AU6
2026-07-19 22:00:00.070281337+00:00,2026-07-19 22:00:00.004287180+00:00,24,1,42244728,,0.696,2147483647,14685,12517,8,4,1,0,M6AU6
2026-07-19 22:00:00.070281337+00:00,2026-07-19 22:00:00.004287180+00:00,24,1,42244728,,0.6965,2147483647,14685,12517,7,4,1,0,M6AU6
2026-07-19 22:00:00.070376315+00:00,2026-07-19 22:00:00.004287180+00:00,24,1,42244728,,0.6963,2147483647,14687,14000,7,4,1,0,M6AU6
2026-07-19 22:00:00.118667675+00:00,2026-07-19 22:00:00.113769547+00:00,24,1,42141216,,-0.0012,2147483647,15380,14578,8,4,1,0,M6AZ6-M6AU6
2026-07-19 22:00:00.118667675+00:00,2026-07-19 22:00:00.113769547+00:00,24,1,42141216,,0.01,2147483647,15380,14578,7,4,1,0,M6AZ6-M6AU6
2026-07-19 22:00:00.119606199+00:00,2026-07-19 22:00:00.113922175+00:00,24,1,42141216,,-0.001,2147483647,15404,14650,7,4,1,0,M6AZ6-M6AU6
2026-07-19 22:00:00.143828483+00:00,2026-07-19 22:00:00.141001231+00:00,24,1,42244728,,0.696,2147483647,15678,14851,4,4,1,0,M6AU6
2026-07-19 22:00:00.177184462+00:00,2026-07-19 22:00:00.158017903+00:00,24,1,42244728,,0.6962,2147483647,15772,15570,7,4,1,0,M6AU6
2026-07-19 22:00:00.493621038+00:00,2026-07-19 22:00:00.493346069+00:00,24,1,42054026,,0.6943,2147483647,17185,12323,8,4,1,0,M6AZ6
2026-07-19 22:00:00.493621038+00:00,2026-07-19 22:00:00.493346069+00:00,24,1,42054026,,0.7009,2147483647,17185,12323,7,4,1,0,M6AZ6
2026-07-19 22:00:00.612549213+00:00,2026-07-19 22:00:00.612366213+00:00,24,1,42054026,,0.6957,2147483647,17575,14552,7,4,1,0,M6AZ6
2026-07-19 22:00:00.814980083+00:00,2026-07-19 22:00:00.814819083+00:00,24,1,42054026,,0.6946,2147483647,18139,11762,8,4,1,0,M6AZ6
2026-07-19 22:00:01.658091011+00:00,2026-07-19 22:00:01.657966421+00:00,24,1,42244728,,0.6961,2147483647,20795,13914,8,4,1,0,M6AU6
2026-07-19 22:00:24.667019534+00:00,2026-07-19 22:00:24.666857985+00:00,24,1,42244728,,0.6962,2147483647,29174,11432,8,4,1,0,M6AU6
2026-07-19 22:01:09.514751166+00:00,2026-07-19 22:01:09.514597119+00:00,24,1,42244728,,0.6963,2147483647,45841,15524,8,4,1,0,M6AU6
2026-07-19 22:02:00.959724074+00:00,2026-07-19 22:02:00.959612727+00:00,24,1,42244728,,0.6964,2147483647,56100,14876,8,4,1,0,M6AU6
2026-07-19 22:02:07.609825217+00:00,2026-07-19 22:02:07.609612691+00:00,24,1,42244728,,0.6965,2147483647,57220,14980,8,4,1,0,M6AU6
2026-07-19 22:02:22.400399868+00:00,2026-07-19 22:02:22.399882407+00:00,24,1,42244728,,0.6966,2147483647,58856,12891,5,4,1,0,M6AU6
2026-07-19 22:03:48.597248090+00:00,2026-07-19 22:03:48.597128063+00:00,24,1,42054026,,0.6947,2147483647,68636,15074,8,4,1,0,M6AZ6
2026-07-19 22:13:00.153304926+00:00,2026-07-19 22:13:00.153096983+00:00,24,1,42244728,,0.6966,2147483647,113658,11856,8,4,1,0,M6AU6
2026-07-19 22:13:43.386341479+00:00,2026-07-19 22:13:43.385342033+00:00,24,1,42054026,,0.6952,2147483647,118090,15216,8,4,1,0,M6AZ6
2026-07-19 22:14:03.944775039+00:00,2026-07-19 22:14:03.944653669+00:00,24,1,42054026,,0.6953,2147483647,119911,11566,8,4,1,0,M6AZ6
2026-07-19 22:15:06.529674676+00:00,2026-07-19 22:15:06.529187007+00:00,24,1,42244728,,0.6967,2147483647,127806,13796,5,4,1,0,M6AU6
2026-07-19 22:15:12.220686177+00:00,2026-07-19 22:15:12.220351461+00:00,24,1,42054026,,0.6954,2147483647,129111,12264,8,4,1,0,M6AZ6
2026-07-19 22:16:31.553899700+00:00,2026-07-19 22:16:31.553617395+00:00,24,1,42244728,,0.6967,2147483647,140636,13662,8,4,1,0,M6AU6
2026-07-19 22:17:56.571228195+00:00,2026-07-19 22:17:56.571089931+00:00,24,1,42054026,,0.6956,2147483647,152937,11618,7,4,1,0,M6AZ6
2026-07-19 22:18:27.869649235+00:00,2026-07-19 22:18:27.869348717+00:00,24,1,42054026,,0.6955,2147483647,156286,12339,7,4,1,0,M6AZ6
2026-07-19 22:21:02.982926759+00:00,2026-07-19 22:21:02.982381787+00:00,24,1,42244728,,0.6968,2147483647,176645,11399,5,4,1,0,M6AU6
2026-07-19 22:33:18.371358863+00:00,2026-07-19 22:33:18.371178111+00:00,24,1,42244728,,0.6968,2147483647,251811,18741,8,4,1,0,M6AU6
2026-07-19 22:33:18.371599446+00:00,2026-07-19 22:33:18.371382677+00:00,24,1,42054026,,0.6955,2147483647,251820,18217,8,4,1,0,M6AZ6
2026-07-19 22:34:07.157282549+00:00,2026-07-19 22:34:07.156964797+00:00,24,1,42244728,,0.6969,2147483647,255943,12672,5,4,1,0,M6AU6
2026-07-19 22:34:07.157282549+00:00,2026-07-19 22:34:07.156964797+00:00,24,1,42244728,,0.6969,2147483647,255943,12672,8,4,1,0,M6AU6
2026-07-19 22:34:07.157667623+00:00,2026-07-19 22:34:07.157526623+00:00,24,1,42054026,,0.6956,2147483647,255956,11848,8,4,1,0,M6AZ6
2026-07-19 22:44:01.452189716+00:00,2026-07-19 22:44:01.451820631+00:00,24,1,42244728,,0.697,2147483647,280553,12155,5,4,1,0,M6AU6
2026-07-19 22:44:01.452221260+00:00,2026-07-19 22:44:01.451820809+00:00,24,1,42244728,,0.697,2147483647,280554,16129,8,4,1,0,M6AU6
2026-07-19 22:48:00.003631009+00:00,2026-07-19 22:48:00.003485675+00:00,24,1,42141216,,-0.0011,2147483647,288534,15284,8,4,1,0,M6AZ6-M6AU6
2026-07-19 23:11:29.436105281+00:00,2026-07-19 23:11:29.435479643+00:00,24,1,42054026,,0.6957,2147483647,336110,11709,8,4,1,0,M6AZ6
2026-07-19 23:17:42.770188799+00:00,2026-07-19 23:17:42.769803755+00:00,24,1,42244728,,0.6971,2147483647,350281,11617,5,4,1,0,M6AU6
2026-07-19 23:44:02.439800387+00:00,2026-07-19 23:44:02.439658063+00:00,24,1,42244728,,0.6971,2147483647,419743,16712,8,4,1,0,M6AU6
2026-07-19 23:44:02.440656188+00:00,2026-07-19 23:44:02.440356105+00:00,24,1,42054026,,0.6958,2147483647,419757,13805,8,4,1,0,M6AZ6
2026-07-20 00:00:00.063502351+00:00,2026-07-20 00:00:00.062463561+00:00,24,1,42244728,,0.6972,2147483647,542826,11884,5,4,1,0,M6AU6
2026-07-20 00:00:00.063858799+00:00,2026-07-20 00:00:00.062533043+00:00,24,1,42054026,,0.6959,2147483647,542833,12954,8,4,1,0,M6AZ6
2026-07-20 00:00:00.064424594+00:00,2026-07-20 00:00:00.063835273+00:00,24,1,42244728,,0.6972,2147483647,542855,11552,8,4,1,0,M6AU6
2026-07-20 00:06:08.263221239+00:00,2026-07-20 00:06:08.262905833+00:00,24,1,42244728,,0.6973,2147483647,649148,11205,5,4,1,0,M6AU6
2026-07-20 00:06:11.507718444+00:00,2026-07-20 00:06:11.507329051+00:00,24,1,42244728,,0.6973,2147483647,650260,11781,8,4,1,0,M6AU6
2026-07-20 00:06:11.508428443+00:00,2026-07-20 00:06:11.507486351+00:00,24,1,42054026,,0.696,2147483647,650284,15453,8,4,1,0,M6AZ6
2026-07-20 00:08:35.670953719+00:00,2026-07-20 00:08:35.670668435+00:00,24,1,42244728,,0.6974,2147483647,681210,12847,5,4,1,0,M6AU6
2026-07-20 00:08:50.548849646+00:00,2026-07-20 00:08:50.548735571+00:00,24,1,42054026,,0.6961,2147483647,684942,11999,8,4,1,0,M6AZ6
2026-07-20 00:08:50.624656415+00:00,2026-07-20 00:08:50.624538621+00:00,24,1,42244728,,0.6974,2147483647,685113,14440,8,4,1,0,M6AU6
2026-07-20 00:10:26.763964285+00:00,2026-07-20 00:10:26.763644135+00:00,24,1,42244728,,0.6975,2147483647,702621,11239,5,4,1,0,M6AU6
2026-07-20 00:11:32.880517464+00:00,2026-07-20 00:11:32.880315597+00:00,24,1,42054026,,0.6962,2147483647,712271,11770,8,4,1,0,M6AZ6
2026-07-20 00:11:34.513854083+00:00,2026-07-20 00:11:34.513711547+00:00,24,1,42244728,,0.6975,2147483647,712659,11231,8,4,1,0,M6AU6
2026-07-20 00:11:46.186577423+00:00,2026-07-20 00:11:46.186159627+00:00,24,1,42054026,,0.6963,2147483647,716459,11737,8,4,1,0,M6AZ6
2026-07-20 00:13:06.225582182+00:00,2026-07-20 00:13:06.225278175+00:00,24,1,42244728,,0.6976,2147483647,733890,11567,5,4,1,0,M6AU6
2026-07-20 00:15:27.004502758+00:00,2026-07-20 00:15:27.004381147+00:00,24,1,42244728,,0.6976,2147483647,766925,16716,8,4,1,0,M6AU6
2026-07-20 00:16:08.000810046+00:00,2026-07-20 00:16:08.000216225+00:00,24,1,42244728,,0.6977,2147483647,779322,11567,5,4,1,0,M6AU6
2026-07-20 00:16:14.096464127+00:00,2026-07-20 00:16:14.096270153+00:00,24,1,42054026,,0.6964,2147483647,780292,11626,8,4,1,0,M6AZ6
2026-07-20 00:16:14.309133377+00:00,2026-07-20 00:16:14.308818793+00:00,24,1,42244728,,0.6977,2147483647,780404,14169,8,4,1,0,M6AU6
2026-07-20 00:16:31.275624659+00:00,2026-07-20 00:16:31.275251291+00:00,24,1,42244728,,0.6978,2147483647,784205,11573,5,4,1,0,M6AU6
2026-07-20 00:17:18.824158979+00:00,2026-07-20 00:17:18.823847489+00:00,24,1,42054026,,0.6965,2147483647,795018,12843,8,4,1,0,M6AZ6
2026-07-20 00:17:28.706758276+00:00,2026-07-20 00:17:28.706624891+00:00,24,1,42244728,,0.6978,2147483647,798358,15946,8,4,1,0,M6AU6
2026-07-20 00:26:03.589825969+00:00,2026-07-20 00:26:03.589467683+00:00,24,1,42244728,,0.6979,2147483647,892431,11451,5,4,1,0,M6AU6
2026-07-20 01:00:17.462042771+00:00,2026-07-20 01:00:17.461856617+00:00,24,1,42054026,,0.6966,2147483647,1240962,11982,8,4,1,0,M6AZ6
2026-07-20 01:00:18.298321105+00:00,2026-07-20 01:00:18.297757417+00:00,24,1,42244728,,0.698,2147483647,1241470,14449,5,4,1,0,M6AU6
2026-07-20 01:00:54.737562895+00:00,2026-07-20 01:00:54.737447459+00:00,24,1,42244728,,0.6979,2147483647,1258709,14471,8,4,1,0,M6AU6
2026-07-20 01:04:15.588052057+00:00,2026-07-20 01:04:15.586943829+00:00,24,1,42054026,,0.6967,2147483647,1312698,14994,8,4,1,0,M6AZ6
2026-07-20 01:05:25.657542334+00:00,2026-07-20 01:05:25.657328957+00:00,24,1,42244728,,0.698,2147483647,1327918,12258,8,4,1,0,M6AU6
2026-07-20 01:06:58.516989363+00:00,2026-07-20 01:06:58.516645487+00:00,24,1,42054026,,0.6968,2147483647,1348695,13301,8,4,1,0,M6AZ6
2026-07-20 01:06:58.806739812+00:00,2026-07-20 01:06:58.806288103+00:00,24,1,42244728,,0.6982,2147483647,1349066,14126,5,4,1,0,M6AU6
2026-07-20 01:07:02.262547729+00:00,2026-07-20 01:07:02.262425511+00:00,24,1,42244728,,0.6981,2147483647,1349641,12613,8,4,1,0,M6AU6
2026-07-20 01:10:30.753389311+00:00,2026-07-20 01:10:30.752922403+00:00,24,1,42054026,,0.6969,2147483647,1389542,11603,8,4,1,0,M6AZ6
2026-07-20 01:10:40.310877198+00:00,2026-07-20 01:10:40.310630105+00:00,24,1,42244728,,0.6982,2147483647,1392178,11387,8,4,1,0,M6AU6
2026-07-20 02:02:43.313167136+00:00,2026-07-20 02:02:43.311464300+00:00,24,1,42244728,,0.6983,2147483647,2022014,12859,5,4,1,0,M6AU6
2026-07-20 02:02:43.313167136+00:00,2026-07-20 02:02:43.311464300+00:00,24,1,42244728,,0.6983,2147483647,2022014,12859,8,4,1,0,M6AU6
2026-07-20 02:02:43.313676140+00:00,2026-07-20 02:02:43.312298351+00:00,24,1,42054026,,0.697,2147483647,2022043,15500,8,4,1,0,M6AZ6
2026-07-20 02:02:50.153356577+00:00,2026-07-20 02:02:50.153068113+00:00,24,1,42244728,,0.6984,2147483647,2023962,12150,5,4,1,0,M6AU6
2026-07-20 02:06:42.326652179+00:00,2026-07-20 02:06:42.326236783+00:00,24,1,42244728,,0.6984,2147483647,2067342,14157,8,4,1,0,M6AU6
2026-07-20 02:06:49.522272017+00:00,2026-07-20 02:06:49.521648171+00:00,24,1,42054026,,0.6971,2147483647,2068510,11689,8,4,1,0,M6AZ6
2026-07-20 02:11:27.798596156+00:00,2026-07-20 02:11:27.797784373+00:00,24,1,42054026,,0.6972,2147483647,2117153,15417,8,4,1,0,M6AZ6
2026-07-20 02:35:29.368707211+00:00,2026-07-20 02:35:29.368407707+00:00,24,1,42244728,,0.6985,2147483647,2313730,14621,5,4,1,0,M6AU6
2026-07-20 02:40:50.444393524+00:00,2026-07-20 02:40:50.443647820+00:00,24,1,42244728,,0.6985,2147483647,2366059,12571,8,4,1,0,M6AU6
2026-07-20 02:41:22.670015067+00:00,2026-07-20 02:41:22.669724857+00:00,24,1,42244728,,0.6986,2147483647,2374031,13310,5,4,1,0,M6AU6
2026-07-20 02:41:22.670015067+00:00,2026-07-20 02:41:22.669724857+00:00,24,1,42244728,,0.6986,2147483647,2374031,13310,8,4,1,0,M6AU6
2026-07-20 02:41:22.670198206+00:00,2026-07-20 02:41:22.669925717+00:00,24,1,42054026,,0.6973,2147483647,2374044,13487,8,4,1,0,M6AZ6
2026-07-20 02:41:29.646808689+00:00,2026-07-20 02:41:29.646529239+00:00,24,1,42244728,,0.6987,2147483647,2377231,11715,5,4,1,0,M6AU6
2026-07-20 02:42:15.234473675+00:00,2026-07-20 02:42:15.234100865+00:00,24,1,42054026,,0.6974,2147483647,2388586,13128,8,4,1,0,M6AZ6
2026-07-20 02:42:21.065260123+00:00,2026-07-20 02:42:21.065148013+00:00,24,1,42244728,,0.6987,2147483647,2389872,14390,8,4,1,0,M6AU6
2026-07-20 02:42:38.925884171+00:00,2026-07-20 02:42:38.925374005+00:00,24,1,42054026,,0.6975,2147483647,2393928,11882,8,4,1,0,M6AZ6
2026-07-20 02:42:39.135479543+00:00,2026-07-20 02:42:39.135198935+00:00,24,1,42244728,,0.6988,2147483647,2394272,11245,5,4,1,0,M6AU6
2026-07-20 02:42:39.136467831+00:00,2026-07-20 02:42:39.136361117+00:00,24,1,42244728,,0.6988,2147483647,2394281,14569,8,4,1,0,M6AU6
2026-07-20 04:16:44.600684910+00:00,2026-07-20 04:16:44.600221863+00:00,24,1,42244728,,0.6989,2147483647,2948549,11931,5,4,1,0,M6AU6
2026-07-20 04:20:46.932733572+00:00,2026-07-20 04:20:46.932447395+00:00,24,1,42054026,,0.6976,2147483647,2967682,11616,8,4,1,0,M6AZ6
2026-07-20 04:20:46.983054483+00:00,2026-07-20 04:20:46.982942155+00:00,24,1,42244728,,0.6989,2147483647,2967749,15398,8,4,1,0,M6AU6
2026-07-20 04:23:42.653150644+00:00,2026-07-20 04:23:42.652735933+00:00,24,1,42244728,,0.699,2147483647,2978528,12214,5,4,1,0,M6AU6
2026-07-20 04:26:44.242080870+00:00,2026-07-20 04:26:44.241476311+00:00,24,1,42244728,,0.699,2147483647,2992441,11512,8,4,1,0,M6AU6
2026-07-20 04:27:12.895032796+00:00,2026-07-20 04:27:12.894877085+00:00,24,1,42054026,,0.6977,2147483647,2995852,11909,8,4,1,0,M6AZ6
2026-07-20 04:27:16.112507660+00:00,2026-07-20 04:27:16.112127249+00:00,24,1,42244728,,0.6991,2147483647,2996428,11187,5,4,1,0,M6AU6
2026-07-20 04:33:27.243114491+00:00,2026-07-20 04:33:27.239786965+00:00,24,1,42244728,,0.6991,2147483647,3024261,15516,8,4,1,0,M6AU6
2026-07-20 04:39:22.680548207+00:00,2026-07-20 04:39:22.680396229+00:00,24,1,42054026,,0.6978,2147483647,3060097,11952,8,4,1,0,M6AZ6
2026-07-20 04:41:25.118464103+00:00,2026-07-20 04:41:25.118075247+00:00,24,1,42244728,,0.6992,2147483647,3067966,11383,5,4,1,0,M6AU6
2026-07-20 05:48:46.581097302+00:00,2026-07-20 05:48:46.580742071+00:00,24,1,42054026,,0.6972,2147483647,3468078,11679,5,4,1,0,M6AZ6
2026-07-20 05:48:46.581097302+00:00,2026-07-20 05:48:46.580742071+00:00,24,1,42054026,,0.6972,2147483647,3468078,11679,4,4,1,0,M6AZ6
2026-07-20 05:48:46.581097302+00:00,2026-07-20 05:48:46.580742071+00:00,24,1,42054026,,0.6972,2147483647,3468078,11679,1,4,1,0,M6AZ6
2026-07-20 07:30:20.310628819+00:00,2026-07-20 07:30:20.308275011+00:00,24,1,42244728,,0.6993,2147483647,4699244,13886,5,4,1,0,M6AU6
2026-07-20 07:30:20.310628819+00:00,2026-07-20 07:30:20.308275011+00:00,24,1,42244728,,0.6992,2147483647,4699244,13886,8,4,1,0,M6AU6
2026-07-20 07:33:29.824109077+00:00,2026-07-20 07:33:29.823863521+00:00,24,1,42054026,,0.6979,2147483647,4781585,13060,8,4,1,0,M6AZ6
2026-07-20 07:33:29.853885038+00:00,2026-07-20 07:33:29.852633107+00:00,24,1,42244728,,0.6993,2147483647,4781710,11614,8,4,1,0,M6AU6
2026-07-20 07:33:30.368264395+00:00,2026-07-20 07:33:30.367685995+00:00,24,1,42054026,,0.698,2147483647,4783711,12309,8,4,1,0,M6AZ6
2026-07-20 07:33:37.966277020+00:00,2026-07-20 07:33:37.965431300+00:00,24,1,42244728,,0.6995,2147483647,4788049,12972,5,4,1,0,M6AU6
2026-07-20 07:33:38.164069804+00:00,2026-07-20 07:33:38.163468177+00:00,24,1,42244728,,0.6994,2147483647,4788516,11863,8,4,1,0,M6AU6
2026-07-20 07:33:38.261971755+00:00,2026-07-20 07:33:38.261234487+00:00,24,1,42054026,,0.6981,2147483647,4789266,17298,8,4,1,0,M6AZ6
2026-07-20 07:33:38.480406937+00:00,2026-07-20 07:33:38.479393474+00:00,24,1,42244728,,0.6995,2147483647,4790400,12087,8,4,1,0,M6AU6
2026-07-20 07:34:10.306604587+00:00,2026-07-20 07:34:10.305645637+00:00,24,1,42054026,,0.6982,2147483647,4808548,11625,8,4,1,0,M6AZ6
2026-07-20 07:34:20.578637033+00:00,2026-07-20 07:34:20.578522511+00:00,24,1,42244728,,0.6996,2147483647,4813105,11606,8,4,1,0,M6AU6
2026-07-20 07:34:21.807194165+00:00,2026-07-20 07:34:21.805740339+00:00,24,1,42054026,,0.6983,2147483647,4814333,11292,8,4,1,0,M6AZ6
2026-07-20 07:34:22.863250249+00:00,2026-07-20 07:34:22.862813291+00:00,24,1,42244728,,0.6998,2147483647,4816000,12042,5,4,1,0,M6AU6
2026-07-20 07:34:25.611504756+00:00,2026-07-20 07:34:25.611372843+00:00,24,1,42244728,,0.6997,2147483647,4818111,12100,8,4,1,0,M6AU6
2026-07-20 07:43:02.393574325+00:00,2026-07-20 07:43:02.393273237+00:00,24,1,42054026,,0.6985,2147483647,4994559,11349,5,4,1,0,M6AZ6
2026-07-20 10:20:27.909211227+00:00,2026-07-20 10:20:27.908360491+00:00,24,1,42054026,,0.6984,2147483647,6805960,12184,8,4,1,0,M6AZ6
2026-07-20 10:23:05.863795529+00:00,2026-07-20 10:23:05.863397349+00:00,24,1,42244728,,0.6998,2147483647,6824336,11635,8,4,1,0,M6AU6
2026-07-20 10:24:19.625122006+00:00,2026-07-20 10:24:19.624340363+00:00,24,1,42054026,,0.6985,2147483647,6835849,12169,8,4,1,0,M6AZ6
2026-07-20 10:25:06.647863348+00:00,2026-07-20 10:25:06.647287579+00:00,24,1,42244728,,0.7,2147483647,6844849,14409,5,4,1,0,M6AU6
2026-07-20 10:25:06.649075572+00:00,2026-07-20 10:25:06.647855721+00:00,24,1,42244728,,0.6999,2147483647,6844916,11861,8,4,1,0,M6AU6
2026-07-20 10:25:11.178219095+00:00,2026-07-20 10:25:11.177564372+00:00,24,1,42054026,,0.6986,2147483647,6846389,13097,8,4,1,0,M6AZ6
2026-07-20 10:35:21.343418755+00:00,2026-07-20 10:35:21.342919505+00:00,24,1,42244728,,0.7,2147483647,6933637,13710,8,4,1,0,M6AU6
2026-07-20 10:35:28.971518105+00:00,2026-07-20 10:35:28.970700755+00:00,24,1,42054026,,0.6987,2147483647,6935130,10743,8,4,1,0,M6AZ6
2026-07-20 10:38:37.370737874+00:00,2026-07-20 10:38:37.370402265+00:00,24,1,42244728,,0.7001,2147483647,6964087,11416,5,4,1,0,M6AU6
2026-07-20 11:28:09.316915788+00:00,2026-07-20 11:28:09.316168747+00:00,24,1,42054026,,0.6988,2147483647,7493824,12761,8,4,1,0,M6AZ6
2026-07-20 11:30:11.212299107+00:00,2026-07-20 11:30:11.212168175+00:00,24,1,42244728,,0.7001,2147483647,7515729,13133,8,4,1,0,M6AU6
2026-07-20 11:30:11.333394193+00:00,2026-07-20 11:30:11.332947483+00:00,24,1,42244728,,0.7002,2147483647,7517098,16360,5,4,1,0,M6AU6
2026-07-20 11:30:11.334035907+00:00,2026-07-20 11:30:11.333361551+00:00,24,1,42054026,,0.6991,2147483647,7517129,15190,5,4,1,0,M6AZ6
2026-07-20 11:30:11.334208121+00:00,2026-07-20 11:30:11.333438943+00:00,24,1,42054026,,0.6989,2147483647,7517142,11459,8,4,1,0,M6AZ6
2026-07-20 11:30:11.449107563+00:00,2026-07-20 11:30:11.448829053+00:00,24,1,42244728,,0.7003,2147483647,7518112,11573,5,4,1,0,M6AU6
2026-07-20 11:30:11.490231919+00:00,2026-07-20 11:30:11.490078699+00:00,24,1,42244728,,0.7002,2147483647,7518287,12166,8,4,1,0,M6AU6
2026-07-20 11:30:12.077244103+00:00,2026-07-20 11:30:12.076803864+00:00,24,1,42244728,,0.7003,2147483647,7521517,12941,8,4,1,0,M6AU6
2026-07-20 11:30:14.482060935+00:00,2026-07-20 11:30:14.481818671+00:00,24,1,42054026,,0.699,2147483647,7529491,11815,8,4,1,0,M6AZ6
2026-07-20 11:30:14.982930280+00:00,2026-07-20 11:30:14.980599079+00:00,24,1,42244728,,0.7004,2147483647,7532381,13487,5,4,1,0,M6AU6
2026-07-20 11:30:14.982959827+00:00,2026-07-20 11:30:14.982695048+00:00,24,1,42244728,,0.7004,2147483647,7532382,18704,8,4,1,0,M6AU6
2026-07-20 11:30:15.054659277+00:00,2026-07-20 11:30:15.053727387+00:00,24,1,42244728,,0.7005,2147483647,7534233,15288,5,4,1,0,M6AU6
2026-07-20 11:30:15.055175443+00:00,2026-07-20 11:30:15.054652165+00:00,24,1,42244728,,0.7005,2147483647,7534263,11856,8,4,1,0,M6AU6
2026-07-20 11:30:16.066964609+00:00,2026-07-20 11:30:16.066632611+00:00,24,1,42054026,,0.6991,2147483647,7541203,15987,8,4,1,0,M6AZ6
2026-07-20 11:30:16.067201024+00:00,2026-07-20 11:30:16.066978407+00:00,24,1,42054026,,0.6992,2147483647,7541213,12071,8,4,1,0,M6AZ6
2026-07-20 11:30:33.206694411+00:00,2026-07-20 11:30:33.206399367+00:00,24,1,42054026,,0.6993,2147483647,7581797,11809,8,4,1,0,M6AZ6
2026-07-20 11:30:33.375918830+00:00,2026-07-20 11:30:33.375475777+00:00,24,1,42244728,,0.7006,2147483647,7582176,11757,5,4,1,0,M6AU6
2026-07-20 11:30:33.376111395+00:00,2026-07-20 11:30:33.375475777+00:00,24,1,42244728,,0.7006,2147483647,7582179,15870,8,4,1,0,M6AU6
2026-07-20 11:31:31.371780579+00:00,2026-07-20 11:31:31.371531531+00:00,24,1,42244728,,0.7007,2147483647,7645926,11331,5,4,1,0,M6AU6
2026-07-20 11:31:33.740093233+00:00,2026-07-20 11:31:33.739989151+00:00,24,1,42244728,,0.7007,2147483647,7650287,14321,8,4,1,0,M6AU6
2026-07-20 11:34:26.436183645+00:00,2026-07-20 11:34:26.434921075+00:00,24,1,42054026,,0.6994,2147483647,7849090,11521,8,4,1,0,M6AZ6
2026-07-20 14:05:59.501642514+00:00,2026-07-20 14:05:59.501523365+00:00,24,1,42244728,2026-07-17 00:00:00+00:00,,2919,10806017,15666,9,4,1,0,M6AU6
2026-07-20 14:05:59.501642514+00:00,2026-07-20 14:05:59.501523365+00:00,24,1,42244728,2026-07-17 00:00:00+00:00,,3031,10806017,15666,6,4,1,0,M6AU6
2026-07-20 14:06:00.526527317+00:00,2026-07-20 14:06:00.526412073+00:00,24,1,42054026,2026-07-17 00:00:00+00:00,,110,10806695,16046,9,4,1,0,M6AZ6
2026-07-20 14:06:00.526527317+00:00,2026-07-20 14:06:00.526412073+00:00,24,1,42054026,2026-07-17 00:00:00+00:00,,9,10806695,16046,6,4,1,0,M6AZ6
2026-07-20 14:20:05.479404871+00:00,2026-07-20 14:20:05.479138997+00:00,24,1,42054026,,0.6993,2147483647,11150617,12144,5,4,1,0,M6AZ6
2026-07-20 14:29:28.044925338+00:00,2026-07-20 14:29:28.044561509+00:00,24,1,42244728,,0.7008,2147483647,11369095,12505,5,4,1,0,M6AU6
2026-07-20 19:04:03.236283499+00:00,2026-07-20 19:04:03.236144385+00:00,24,1,42244728,2026-07-20 00:00:00+00:00,0.6995,2147483647,15896167,15069,3,4,1,6,M6AU6
2026-07-20 19:04:03.236290660+00:00,2026-07-20 19:04:03.236144385+00:00,24,1,42244728,2026-07-20 00:00:00+00:00,0.69945,2147483647,15896168,11323,3,4,1,2,M6AU6
2026-07-20 19:04:03.236298339+00:00,2026-07-20 19:04:03.236144385+00:00,24,1,42054026,2026-07-20 00:00:00+00:00,0.6984,2147483647,15896169,11049,3,4,1,6,M6AZ6
2026-07-20 19:04:03.236298339+00:00,2026-07-20 19:04:03.236144385+00:00,24,1,42054026,2026-07-20 00:00:00+00:00,0.69835,2147483647,15896169,11049,3,4,1,2,M6AZ6
2026-07-20 21:38:11.929628056+00:00,2026-07-20 21:38:11.928004191+00:00,24,1,42054026,2026-07-20 00:00:00+00:00,0.6984,2147483647,16805160,15529,3,4,1,6,M6AZ6
2026-07-20 21:38:41.530057841+00:00,2026-07-20 21:38:41.528629633+00:00,24,1,42141216,2026-07-20 00:00:00+00:00,-0.0011,2147483647,16805512,14978,3,4,1,2,M6AZ6-M6AU6
2026-07-20 21:41:04.645106094+00:00,2026-07-20 21:41:04.643777027+00:00,24,1,42244728,2026-07-20 00:00:00+00:00,0.6995,2147483647,16807497,16071,3,4,1,6,M6AU6
2026-07-20 22:00:00.026728385+00:00,2026-07-20 22:00:00.002594059+00:00,24,1,42244728,,0.6995,2147483647,16812496,12947,5,4,1,0,M6AU6
2026-07-20 22:00:00.026728385+00:00,2026-07-20 22:00:00.002594059+00:00,24,1,42244728,,0.6993,2147483647,16812496,12947,4,4,1,0,M6AU6
2026-07-20 22:00:00.026728385+00:00,2026-07-20 22:00:00.002594059+00:00,24,1,42244728,,0.6995,2147483647,16812496,12947,1,4,1,0,M6AU6
2026-07-20 22:00:00.026728385+00:00,2026-07-20 22:00:00.002594059+00:00,24,1,42244728,,0.6986,2147483647,16812496,12947,8,4,1,0,M6AU6
2026-07-20 22:00:00.026728385+00:00,2026-07-20 22:00:00.002594059+00:00,24,1,42244728,,0.6992,2147483647,16812496,12947,7,4,1,0,M6AU6
2026-07-20 22:00:00.076027372+00:00,2026-07-20 22:00:00.075905267+00:00,24,1,42141216,,-0.01,2147483647,16813674,11818,8,4,1,0,M6AZ6-M6AU6
2026-07-20 22:00:00.076027372+00:00,2026-07-20 22:00:00.075905267+00:00,24,1,42141216,,-0.001,2147483647,16813674,11818,7,4,1,0,M6AZ6-M6AU6
2026-07-20 22:00:00.095865411+00:00,2026-07-20 22:00:00.095749753+00:00,24,1,42141216,,-0.0012,2147483647,16813964,10398,8,4,1,0,M6AZ6-M6AU6
2026-07-20 22:00:00.158165542+00:00,2026-07-20 22:00:00.158018893+00:00,24,1,42244728,,0.6987,2147483647,16814263,14415,8,4,1,0,M6AU6
2026-07-20 22:00:00.158390208+00:00,2026-07-20 22:00:00.158289255+00:00,24,1,42244728,,0.6988,2147483647,16814267,14757,8,4,1,0,M6AU6
2026-07-20 22:00:00.158608367+00:00,2026-07-20 22:00:00.158502347+00:00,24,1,42244728,,0.6989,2147483647,16814269,15480,8,4,1,0,M6AU6
2026-07-20 22:00:00.158842903+00:00,2026-07-20 22:00:00.158731525+00:00,24,1,42244728,,0.699,2147483647,16814271,14585,8,4,1,0,M6AU6
2026-07-20 22:00:00.159059871+00:00,2026-07-20 22:00:00.158958633+00:00,24,1,42244728,,0.6991,2147483647,16814275,14506,8,4,1,0,M6AU6
2026-07-20 22:00:00.176503181+00:00,2026-07-20 22:00:00.176394605+00:00,24,1,42054026,,0.6942,2147483647,16814327,14273,8,4,1,0,M6AZ6
2026-07-20 22:00:00.176503181+00:00,2026-07-20 22:00:00.176394605+00:00,24,1,42054026,,0.6987,2147483647,16814327,14273,7,4,1,0,M6AZ6
2026-07-20 22:00:00.202033919+00:00,2026-07-20 22:00:00.201293803+00:00,24,1,42244728,,0.6991,2147483647,16814581,15620,4,4,1,0,M6AU6
2026-07-20 22:00:00.202033919+00:00,2026-07-20 22:00:00.201516647+00:00,24,1,42054026,,0.6973,2147483647,16814581,15620,8,4,1,0,M6AZ6
2026-07-20 22:00:00.488195454+00:00,2026-07-20 22:00:00.488094895+00:00,24,1,42244728,,0.6992,2147483647,16815381,15371,8,4,1,0,M6AU6
2026-07-20 22:00:15.049792475+00:00,2026-07-20 22:00:15.049487743+00:00,24,1,42244728,,0.6991,2147483647,16824285,11722,7,4,1,0,M6AU6
2026-07-20 22:00:27.995743326+00:00,2026-07-20 22:00:27.995154233+00:00,24,1,42054026,,0.6986,2147483647,16829882,10497,7,4,1,0,M6AZ6
2026-07-20 22:00:28.975726428+00:00,2026-07-20 22:00:28.975411895+00:00,24,1,42244728,,0.699,2147483647,16830198,13449,4,4,1,0,M6AU6
2026-07-20 22:00:28.975969487+00:00,2026-07-20 22:00:28.975749205+00:00,24,1,42244728,,0.699,2147483647,16830215,11703,7,4,1,0,M6AU6
2026-07-20 22:00:33.998534387+00:00,2026-07-20 22:00:33.998216467+00:00,24,1,42054026,,0.6985,2147483647,16831165,14827,7,4,1,0,M6AZ6
2026-07-20 22:01:15.383184483+00:00,2026-07-20 22:01:15.383039060+00:00,24,1,42054026,,0.6984,2147483647,16837719,12080,7,4,1,0,M6AZ6
2026-07-20 22:01:53.023476931+00:00,2026-07-20 22:01:53.023131229+00:00,24,1,42054026,,0.6982,2147483647,16841444,12225,7,4,1,0,M6AZ6
2026-07-20 22:01:53.023679902+00:00,2026-07-20 22:01:53.023444657+00:00,24,1,42054026,,0.6975,2147483647,16841460,10520,8,4,1,0,M6AZ6
2026-07-20 22:01:53.024085577+00:00,2026-07-20 22:01:53.023687929+00:00,24,1,42054026,,0.6976,2147483647,16841489,11820,8,4,1,0,M6AZ6
2026-07-20 22:02:05.659526799+00:00,2026-07-20 22:02:05.659137387+00:00,24,1,42244728,,0.6989,2147483647,16843419,11974,4,4,1,0,M6AU6
2026-07-20 22:02:20.058744465+00:00,2026-07-20 22:02:20.058631031+00:00,24,1,42054026,,0.6981,2147483647,16845096,11839,7,4,1,0,M6AZ6
2026-07-20 22:04:28.261136225+00:00,2026-07-20 22:04:28.260763751+00:00,24,1,42244728,,0.6989,2147483647,16852133,13345,7,4,1,0,M6AU6
2026-07-20 22:04:36.312064147+00:00,2026-07-20 22:04:36.311934689+00:00,24,1,42054026,,0.698,2147483647,16852500,11783,7,4,1,0,M6AZ6
2026-07-20 22:05:14.337492542+00:00,2026-07-20 22:05:14.337014373+00:00,24,1,42244728,,0.6988,2147483647,16855840,16506,4,4,1,0,M6AU6
2026-07-20 22:05:14.495115923+00:00,2026-07-20 22:05:14.493309805+00:00,24,1,42244728,,0.6988,2147483647,16856119,13879,7,4,1,0,M6AU6
2026-07-20 22:05:14.498167527+00:00,2026-07-20 22:05:14.497867901+00:00,24,1,42054026,,0.6979,2147483647,16856283,13924,7,4,1,0,M6AZ6
2026-07-20 22:05:30.849774143+00:00,2026-07-20 22:05:30.849504589+00:00,24,1,42244728,,0.6987,2147483647,16858429,12815,4,4,1,0,M6AU6
2026-07-20 22:05:30.924022747+00:00,2026-07-20 22:05:30.923796829+00:00,24,1,42244728,,0.6986,2147483647,16858487,11529,4,4,1,0,M6AU6
2026-07-20 22:16:06.071357936+00:00,2026-07-20 22:16:06.071232659+00:00,24,1,42244728,,0.6987,2147483647,16887555,15265,7,4,1,0,M6AU6
2026-07-20 22:18:32.355949880+00:00,2026-07-20 22:18:32.355286789+00:00,24,1,42054026,,0.6978,2147483647,16890782,14025,7,4,1,0,M6AZ6
2026-07-20 22:45:24.159025915+00:00,2026-07-20 22:45:24.158633085+00:00,24,1,42054026,2026-07-20 00:00:00+00:00,0.6984,2147483647,16942890,15530,3,4,1,7,M6AZ6
2026-07-20 22:45:56.409515863+00:00,2026-07-20 22:45:56.409113013+00:00,24,1,42141216,2026-07-20 00:00:00+00:00,-0.0011,2147483647,16946499,14986,3,4,1,3,M6AZ6-M6AU6
2026-07-20 22:48:32.243637884+00:00,2026-07-20 22:48:32.243312467+00:00,24,1,42244728,2026-07-20 00:00:00+00:00,0.6995,2147483647,16957240,15439,3,4,1,7,M6AU6
2026-07-20 23:06:55.866503023+00:00,2026-07-20 23:06:55.866386560+00:00,24,1,42054026,,0.6977,2147483647,16993685,11971,8,4,1,0,M6AZ6
2026-07-20 23:15:43.771253424+00:00,2026-07-20 23:15:43.770989643+00:00,24,1,42054026,,0.6978,2147483647,17015404,11893,8,4,1,0,M6AZ6
2026-07-20 23:34:53.293797670+00:00,2026-07-20 23:34:53.293493641+00:00,24,1,42054026,,0.6979,2147483647,17044170,12130,8,4,1,0,M6AZ6
2026-07-20 23:56:37.502043876+00:00,2026-07-20 23:56:37.501608157+00:00,24,1,42244728,,0.6993,2147483647,17105880,11299,8,4,1,0,M6AU6
2026-07-20 23:58:45.050024044+00:00,2026-07-20 23:58:45.049819517+00:00,24,1,42054026,,0.698,2147483647,17118075,12214,8,4,1,0,M6AZ6
2026-07-21 00:00:31.159575872+00:00,2026-07-21 00:00:31.159470981+00:00,24,1,42244728,,0.6994,2147483647,17149086,15215,8,4,1,0,M6AU6
2026-07-21 00:38:41.472807707+00:00,2026-07-21 00:38:41.472577551+00:00,24,1,42054026,,0.6981,2147483647,17538695,11897,8,4,1,0,M6AZ6
2026-07-21 00:38:41.473029283+00:00,2026-07-21 00:38:41.472818021+00:00,24,1,42054026,,0.6982,2147483647,17538710,11516,8,4,1,0,M6AZ6
2026-07-21 00:40:18.112677716+00:00,2026-07-21 00:40:18.112333083+00:00,24,1,42244728,,0.6995,2147483647,17548530,13160,8,4,1,0,M6AU6
2026-07-21 00:40:18.113367211+00:00,2026-07-21 00:40:18.112846797+00:00,24,1,42054026,,0.6983,2147483647,17548563,14539,8,4,1,0,M6AZ6
2026-07-21 00:42:39.739204800+00:00,2026-07-21 00:42:39.739087739+00:00,24,1,42244728,,0.6996,2147483647,17568091,14848,8,4,1,0,M6AU6
2026-07-21 00:43:39.361140047+00:00,2026-07-21 00:43:39.360591715+00:00,24,1,42244728,,0.6996,2147483647,17574289,11512,5,4,1,0,M6AU6
2026-07-21 00:44:36.418421956+00:00,2026-07-21 00:44:36.418250293+00:00,24,1,42054026,,0.6984,2147483647,17579514,11672,8,4,1,0,M6AZ6
2026-07-21 00:45:23.849725412+00:00,2026-07-21 00:45:23.849422287+00:00,24,1,42244728,,0.6997,2147483647,17588498,13157,5,4,1,0,M6AU6
2026-07-21 00:47:19.729672990+00:00,2026-07-21 00:47:19.729519403+00:00,24,1,42244728,,0.6997,2147483647,17614237,18301,8,4,1,0,M6AU6
2026-07-21 00:48:47.262434124+00:00,2026-07-21 00:48:47.261958447+00:00,24,1,42244728,,0.6998,2147483647,17625737,17362,8,4,1,0,M6AU6
2026-07-21 00:48:47.263532825+00:00,2026-07-21 00:48:47.262551695+00:00,24,1,42054026,,0.6985,2147483647,17625806,16251,8,4,1,0,M6AZ6
2026-07-21 00:48:47.264286156+00:00,2026-07-21 00:48:47.263822760+00:00,24,1,42054026,,0.6986,2147483647,17625854,11603,8,4,1,0,M6AZ6
2026-07-21 00:49:23.793824620+00:00,2026-07-21 00:49:23.793346321+00:00,24,1,42244728,,0.6998,2147483647,17631688,15045,5,4,1,0,M6AU6
2026-07-21 01:09:33.535231516+00:00,2026-07-21 01:09:33.534927119+00:00,24,1,42244728,,0.6999,2147483647,17869598,11531,5,4,1,0,M6AU6
2026-07-21 01:19:40.223518681+00:00,2026-07-21 01:19:40.223323361+00:00,24,1,42244728,,0.6999,2147483647,17979124,11326,8,4,1,0,M6AU6
2026-07-21 01:22:57.592142638+00:00,2026-07-21 01:22:57.591930253+00:00,24,1,42054026,,0.6987,2147483647,18033570,11768,8,4,1,0,M6AZ6
2026-07-21 01:30:08.967127012+00:00,2026-07-21 01:30:08.966652645+00:00,24,1,42244728,,0.7,2147483647,18119835,13113,5,4,1,0,M6AU6
2026-07-21 01:30:08.967398063+00:00,2026-07-21 01:30:08.967123713+00:00,24,1,42244728,,0.7,2147483647,18119837,11863,8,4,1,0,M6AU6
2026-07-21 01:30:09.895880433+00:00,2026-07-21 01:30:09.895635759+00:00,24,1,42054026,,0.6988,2147483647,18120466,13533,8,4,1,0,M6AZ6
2026-07-21 01:31:57.847048174+00:00,2026-07-21 01:31:57.846933181+00:00,24,1,42244728,2026-07-20 00:00:00+00:00,,3156,18149839,12178,9,4,1,0,M6AU6
2026-07-21 01:31:57.847048174+00:00,2026-07-21 01:31:57.846933181+00:00,24,1,42244728,2026-07-20 00:00:00+00:00,,3268,18149839,12178,6,4,1,0,M6AU6
2026-07-21 01:31:57.847048174+00:00,2026-07-21 01:31:57.846933181+00:00,24,1,42054026,2026-07-20 00:00:00+00:00,,111,18149839,12178,9,4,1,0,M6AZ6
2026-07-21 01:31:57.847048174+00:00,2026-07-21 01:31:57.846933181+00:00,24,1,42054026,2026-07-20 00:00:00+00:00,,18,18149839,12178,6,4,1,0,M6AZ6
2026-07-21 02:05:32.054699991+00:00,2026-07-21 02:05:32.054176787+00:00,24,1,42244728,,0.7001,2147483647,18526108,15020,5,4,1,0,M6AU6
2026-07-21 02:05:32.054981966+00:00,2026-07-21 02:05:32.054522927+00:00,24,1,42244728,,0.7001,2147483647,18526125,14387,8,4,1,0,M6AU6
2026-07-21 02:05:32.055580535+00:00,2026-07-21 02:05:32.055373746+00:00,24,1,42054026,,0.6989,2147483647,18526169,13135,8,4,1,0,M6AZ6
2026-07-21 02:06:09.499227284+00:00,2026-07-21 02:06:09.498676101+00:00,24,1,42244728,,0.7003,2147483647,18534755,13886,5,4,1,0,M6AU6
2026-07-21 02:06:09.499268293+00:00,2026-07-21 02:06:09.498680209+00:00,24,1,42244728,,0.7002,2147483647,18534758,14675,8,4,1,0,M6AU6
2026-07-21 02:24:04.129111782+00:00,2026-07-21 02:24:04.128948061+00:00,24,1,42054026,,0.699,2147483647,18689917,11414,8,4,1,0,M6AZ6
2026-07-21 02:28:43.092910376+00:00,2026-07-21 02:28:43.092476815+00:00,24,1,42054026,,0.6988,2147483647,18742574,13769,5,4,1,0,M6AZ6
2026-07-21 02:28:43.092910376+00:00,2026-07-21 02:28:43.092476815+00:00,24,1,42054026,,0.6988,2147483647,18742574,13769,4,4,1,0,M6AZ6
2026-07-21 02:28:43.092910376+00:00,2026-07-21 02:28:43.092476815+00:00,24,1,42054026,,0.6988,2147483647,18742574,13769,1,4,1,0,M6AZ6
2026-07-21 03:02:04.316298005+00:00,2026-07-21 03:02:04.316177797+00:00,24,1,42141216,,-0.0011,2147483647,19010775,14552,8,4,1,0,M6AZ6-M6AU6
2026-07-21 05:43:12.275780991+00:00,2026-07-21 05:43:12.275453855+00:00,24,1,42244728,,0.7003,2147483647,19997623,13170,8,4,1,0,M6AU6
2026-07-21 05:43:12.348717806+00:00,2026-07-21 05:43:12.348399207+00:00,24,1,42244728,,0.7004,2147483647,19997710,11333,5,4,1,0,M6AU6
2026-07-21 05:43:48.169219390+00:00,2026-07-21 05:43:48.168850545+00:00,24,1,42054026,,0.6991,2147483647,20001376,11893,8,4,1,0,M6AZ6
2026-07-21 06:03:07.691749190+00:00,2026-07-21 06:03:07.691479399+00:00,24,1,42244728,,0.7004,2147483647,20160983,12929,8,4,1,0,M6AU6
2026-07-21 06:03:14.717329471+00:00,2026-07-21 06:03:14.716813422+00:00,24,1,42054026,,0.6992,2147483647,20162561,13365,8,4,1,0,M6AZ6
2026-07-21 06:23:41.489465312+00:00,2026-07-21 06:23:41.489148769+00:00,24,1,42244728,,0.7005,2147483647,20387909,13920,5,4,1,0,M6AU6
2026-07-21 06:23:41.561989124+00:00,2026-07-21 06:23:41.561683173+00:00,24,1,42244728,,0.7006,2147483647,20388364,11990,5,4,1,0,M6AU6
2026-07-21 06:23:45.174253067+00:00,2026-07-21 06:23:45.174132831+00:00,24,1,42244728,,0.7005,2147483647,20389687,11903,8,4,1,0,M6AU6
2026-07-21 06:32:49.863090390+00:00,2026-07-21 06:32:49.862789089+00:00,24,1,42244728,,0.7006,2147483647,20496773,14465,8,4,1,0,M6AU6
2026-07-21 06:32:49.863196751+00:00,2026-07-21 06:32:49.862970869+00:00,24,1,42054026,,0.6993,2147483647,20496779,11721,8,4,1,0,M6AZ6
2026-07-21 06:32:49.863547326+00:00,2026-07-21 06:32:49.863205617+00:00,24,1,42054026,,0.6994,2147483647,20496802,11537,8,4,1,0,M6AZ6
2026-07-21 06:35:03.084859092+00:00,2026-07-21 06:35:03.084540063+00:00,24,1,42244728,,0.7007,2147483647,20522992,12723,5,4,1,0,M6AU6
2026-07-21 06:35:03.084859092+00:00,2026-07-21 06:35:03.084540063+00:00,24,1,42244728,,0.7007,2147483647,20522992,12723,8,4,1,0,M6AU6
2026-07-21 06:37:02.790750610+00:00,2026-07-21 06:37:02.790493615+00:00,24,1,42244728,,0.7008,2147483647,20544733,11527,5,4,1,0,M6AU6
2026-07-21 06:48:15.410619219+00:00,2026-07-21 06:48:15.410407742+00:00,24,1,42054026,,0.6995,2147483647,20662730,12906,8,4,1,0,M6AZ6
2026-07-21 06:49:26.236715737+00:00,2026-07-21 06:49:26.236600953+00:00,24,1,42244728,,0.7008,2147483647,20677326,12042,8,4,1,0,M6AU6
2026-07-21 06:49:29.335356738+00:00,2026-07-21 06:49:29.334873081+00:00,24,1,42244728,,0.7009,2147483647,20678454,13868,5,4,1,0,M6AU6
2026-07-21 06:53:34.874238012+00:00,2026-07-21 06:53:34.874081297+00:00,24,1,42054026,,0.6996,2147483647,20718284,11542,8,4,1,0,M6AZ6
2026-07-21 06:54:35.128933969+00:00,2026-07-21 06:54:35.128828841+00:00,24,1,42244728,,0.7009,2147483647,20726899,14329,8,4,1,0,M6AU6
2026-07-21 06:55:40.681201701+00:00,2026-07-21 06:55:40.680802119+00:00,24,1,42054026,,0.6997,2147483647,20744453,11881,8,4,1,0,M6AZ6
2026-07-21 06:55:42.033916105+00:00,2026-07-21 06:55:42.033555763+00:00,24,1,42244728,,0.701,2147483647,20745103,12874,5,4,1,0,M6AU6
2026-07-21 06:55:57.346317591+00:00,2026-07-21 06:55:57.345886819+00:00,24,1,42244728,,0.701,2147483647,20749742,13542,8,4,1,0,M6AU6
2026-07-21 06:57:15.680198555+00:00,2026-07-21 06:57:15.679565399+00:00,24,1,42244728,,0.7011,2147483647,20768734,16377,5,4,1,0,M6AU6
2026-07-21 06:57:15.681279881+00:00,2026-07-21 06:57:15.680445123+00:00,24,1,42054026,,0.6998,2147483647,20768798,15572,8,4,1,0,M6AZ6
2026-07-21 06:57:17.950960537+00:00,2026-07-21 06:57:17.950752395+00:00,24,1,42244728,,0.7011,2147483647,20769625,11406,8,4,1,0,M6AU6
2026-07-21 06:57:41.446412769+00:00,2026-07-21 06:57:41.446031359+00:00,24,1,42244728,,0.7012,2147483647,20776233,11375,5,4,1,0,M6AU6
2026-07-21 07:01:35.610907507+00:00,2026-07-21 07:01:35.610647251+00:00,24,1,42054026,,0.6999,2147483647,20851166,12040,8,4,1,0,M6AZ6
2026-07-21 07:02:41.591877863+00:00,2026-07-21 07:02:41.591705687+00:00,24,1,42244728,,0.7012,2147483647,20870642,11542,8,4,1,0,M6AU6
2026-07-21 07:03:07.433225126+00:00,2026-07-21 07:03:07.432656359+00:00,24,1,42054026,,0.7,2147483647,20877798,17571,8,4,1,0,M6AZ6
2026-07-21 07:03:20.387195944+00:00,2026-07-21 07:03:20.386908371+00:00,24,1,42244728,,0.7013,2147483647,20881629,13314,5,4,1,0,M6AU6
2026-07-21 07:04:00.148925089+00:00,2026-07-21 07:04:00.148504507+00:00,24,1,42244728,,0.7014,2147483647,20893867,11346,5,4,1,0,M6AU6
2026-07-21 07:04:01.102301600+00:00,2026-07-21 07:04:01.102190815+00:00,24,1,42244728,,0.7013,2147483647,20894320,15575,8,4,1,0,M6AU6
2026-07-21 07:05:30.052327831+00:00,2026-07-21 07:05:30.051537393+00:00,24,1,42054026,,0.7001,2147483647,20917247,13313,8,4,1,0,M6AZ6
2026-07-21 07:06:58.259760259+00:00,2026-07-21 07:06:58.259517415+00:00,24,1,42244728,,0.7014,2147483647,20936404,10970,8,4,1,0,M6AU6
2026-07-21 07:08:04.324880665+00:00,2026-07-21 07:08:04.324509481+00:00,24,1,42054026,,0.7002,2147483647,20954111,13488,8,4,1,0,M6AZ6
2026-07-21 07:08:21.522557225+00:00,2026-07-21 07:08:21.522057035+00:00,24,1,42244728,,0.7016,2147483647,20957489,13834,5,4,1,0,M6AU6
2026-07-21 07:08:21.522792873+00:00,2026-07-21 07:08:21.522689761+00:00,24,1,42244728,,0.7015,2147483647,20957494,11520,8,4,1,0,M6AU6
2026-07-21 07:42:27.370166590+00:00,2026-07-21 07:42:27.369839735+00:00,24,1,42054026,,0.7004,2147483647,21422633,11412,5,4,1,0,M6AZ6
2026-07-21 08:19:08.053876926+00:00,2026-07-21 08:19:08.053576385+00:00,24,1,42054026,,0.7003,2147483647,21845678,14764,8,4,1,0,M6AZ6
2026-07-21 09:06:04.725584060+00:00,2026-07-21 09:06:04.725435769+00:00,24,1,42244728,,0.7016,2147483647,22350493,12875,8,4,1,0,M6AU6
2026-07-21 09:17:50.874880359+00:00,2026-07-21 09:17:50.874245887+00:00,24,1,42054026,,0.7004,2147483647,22454916,11266,8,4,1,0,M6AZ6
2026-07-21 09:17:50.940737950+00:00,2026-07-21 09:17:50.940304983+00:00,24,1,42244728,,0.7017,2147483647,22455313,15682,5,4,1,0,M6AU6
2026-07-21 09:17:51.034342764+00:00,2026-07-21 09:17:51.034243543+00:00,24,1,42244728,,0.7017,2147483647,22455709,14927,8,4,1,0,M6AU6
2026-07-21 09:18:38.973417273+00:00,2026-07-21 09:18:38.973181971+00:00,24,1,42054026,,0.7005,2147483647,22474627,11298,8,4,1,0,M6AZ6
2026-07-21 09:18:43.040493907+00:00,2026-07-21 09:18:43.040087269+00:00,24,1,42244728,,0.7018,2147483647,22475292,14379,5,4,1,0,M6AU6
2026-07-21 09:18:43.040493907+00:00,2026-07-21 09:18:43.040087269+00:00,24,1,42244728,,0.7018,2147483647,22475292,14379,8,4,1,0,M6AU6
2026-07-21 09:18:43.157137412+00:00,2026-07-21 09:18:43.156768569+00:00,24,1,42244728,,0.7019,2147483647,22475394,12128,5,4,1,0,M6AU6
2026-07-21 09:20:12.413739845+00:00,2026-07-21 09:20:12.413488761+00:00,24,1,42054026,,0.7006,2147483647,22491262,11171,8,4,1,0,M6AZ6
2026-07-21 09:20:12.433159886+00:00,2026-07-21 09:20:12.432844985+00:00,24,1,42244728,,0.7019,2147483647,22491365,13846,8,4,1,0,M6AU6
2026-07-21 10:10:56.472296202+00:00,2026-07-21 10:10:56.471861889+00:00,24,1,42054026,,0.7007,2147483647,23050363,12029,8,4,1,0,M6AZ6
2026-07-21 10:22:09.597857361+00:00,2026-07-21 10:22:09.597432341+00:00,24,1,42244728,,0.702,2147483647,23197649,12252,5,4,1,0,M6AU6
2026-07-21 14:04:20.744033504+00:00,2026-07-21 14:04:20.743938967+00:00,24,1,42244728,2026-07-20 00:00:00+00:00,,3156,27056546,11810,9,4,1,0,M6AU6
2026-07-21 14:04:20.744033504+00:00,2026-07-21 14:04:20.743938967+00:00,24,1,42244728,2026-07-20 00:00:00+00:00,,3268,27056546,11810,6,4,1,0,M6AU6
2026-07-21 14:04:21.533979451+00:00,2026-07-21 14:04:21.533889437+00:00,24,1,42054026,2026-07-20 00:00:00+00:00,,111,27056677,15581,9,4,1,0,M6AZ6
2026-07-21 14:04:21.533979451+00:00,2026-07-21 14:04:21.533889437+00:00,24,1,42054026,2026-07-20 00:00:00+00:00,,18,27056677,15581,6,4,1,0,M6AZ6
2026-07-21 19:03:54.719240579+00:00,2026-07-21 19:03:54.719105013+00:00,24,1,42244728,2026-07-21 00:00:00+00:00,0.6999,2147483647,31531530,15031,3,4,1,6,M6AU6
2026-07-21 19:03:54.719248931+00:00,2026-07-21 19:03:54.719105013+00:00,24,1,42244728,2026-07-21 00:00:00+00:00,0.69985,2147483647,31531531,11612,3,4,1,2,M6AU6
2026-07-21 19:03:54.719248931+00:00,2026-07-21 19:03:54.719105013+00:00,24,1,42054026,2026-07-21 00:00:00+00:00,0.6989,2147483647,31531531,11612,3,4,1,6,M6AZ6
2026-07-21 19:03:54.719255746+00:00,2026-07-21 19:03:54.719105013+00:00,24,1,42054026,2026-07-21 00:00:00+00:00,0.69885,2147483647,31531532,11303,3,4,1,2,M6AZ6
2026-07-21 20:49:34.203634407+00:00,2026-07-21 20:49:34.203378461+00:00,24,1,42054026,,0.6986,2147483647,32245778,11348,4,4,1,0,M6AZ6
2026-07-21 21:38:08.509800272+00:00,2026-07-21 21:38:08.508258081+00:00,24,1,42054026,2026-07-21 00:00:00+00:00,0.6989,2147483647,32292494,15981,3,4,1,6,M6AZ6
2026-07-21 21:38:53.316058439+00:00,2026-07-21 21:38:53.314679929+00:00,24,1,42141216,2026-07-21 00:00:00+00:00,-0.001,2147483647,32293178,14800,3,4,1,2,M6AZ6-M6AU6
2026-07-21 21:40:06.345317254+00:00,2026-07-21 21:40:06.343916229+00:00,24,1,42244728,2026-07-21 00:00:00+00:00,0.6999,2147483647,32294573,15182,3,4,1,6,M6AU6
2026-07-21 22:00:00.016363368+00:00,2026-07-21 22:00:00.000401393+00:00,24,1,42244728,,0.6991,2147483647,32298389,11498,8,4,1,0,M6AU6
2026-07-21 22:00:00.016363368+00:00,2026-07-21 22:00:00.000401393+00:00,24,1,42244728,,0.7004,2147483647,32298389,11498,7,4,1,0,M6AU6
2026-07-21 22:00:00.016396966+00:00,2026-07-21 22:00:00.000416733+00:00,24,1,42244728,,0.6997,2147483647,32298392,14337,7,4,1,0,M6AU6
2026-07-21 22:00:00.066951646+00:00,2026-07-21 22:00:00.066463798+00:00,24,1,42141216,,-0.01,2147483647,32299099,11987,8,4,1,0,M6AZ6-M6AU6
2026-07-21 22:00:00.066951646+00:00,2026-07-21 22:00:00.066463798+00:00,24,1,42141216,,-0.0009,2147483647,32299099,11987,7,4,1,0,M6AZ6-M6AU6
2026-07-21 22:00:00.066970595+00:00,2026-07-21 22:00:00.066463798+00:00,24,1,42141216,,-0.0011,2147483647,32299101,12308,8,4,1,0,M6AZ6-M6AU6
2026-07-21 22:00:00.158134750+00:00,2026-07-21 22:00:00.158020163+00:00,24,1,42244728,,0.6996,2147483647,32299599,15175,7,4,1,0,M6AU6
2026-07-21 22:00:00.368477804+00:00,2026-07-21 22:00:00.368359773+00:00,24,1,42054026,,0.6942,2147483647,32300150,12072,8,4,1,0,M6AZ6
2026-07-21 22:00:00.368477804+00:00,2026-07-21 22:00:00.368359773+00:00,24,1,42054026,,0.6992,2147483647,32300150,12072,7,4,1,0,M6AZ6
2026-07-21 22:00:00.491783722+00:00,2026-07-21 22:00:00.491676211+00:00,24,1,42054026,,0.6975,2147483647,32300360,12222,8,4,1,0,M6AZ6
2026-07-21 22:00:03.088142502+00:00,2026-07-21 22:00:03.088032391+00:00,24,1,42244728,,0.6995,2147483647,32304019,14369,7,4,1,0,M6AU6
2026-07-21 22:00:05.685845044+00:00,2026-07-21 22:00:05.685746323+00:00,24,1,42244728,,0.6994,2147483647,32305318,14591,7,4,1,0,M6AU6
2026-07-21 22:00:06.000914809+00:00,2026-07-21 22:00:06.000802125+00:00,24,1,42244728,,0.6992,2147483647,32305416,14030,8,4,1,0,M6AU6
2026-07-21 22:00:06.000923947+00:00,2026-07-21 22:00:06.000803431+00:00,24,1,42244728,,0.6993,2147483647,32305417,11118,7,4,1,0,M6AU6
2026-07-21 22:00:12.924064654+00:00,2026-07-21 22:00:12.923903741+00:00,24,1,42054026,,0.6988,2147483647,32307308,17511,7,4,1,0,M6AZ6
2026-07-21 22:00:41.557827331+00:00,2026-07-21 22:00:41.557387425+00:00,24,1,42244728,,0.6993,2147483647,32311548,11780,5,4,1,0,M6AU6
2026-07-21 22:00:41.557827331+00:00,2026-07-21 22:00:41.557387425+00:00,24,1,42244728,,0.6993,2147483647,32311548,11780,4,4,1,0,M6AU6
2026-07-21 22:00:41.557827331+00:00,2026-07-21 22:00:41.557387425+00:00,24,1,42244728,,0.6993,2147483647,32311548,11780,1,4,1,0,M6AU6
2026-07-21 22:01:00.380433273+00:00,2026-07-21 22:01:00.380301633+00:00,24,1,42244728,,0.6993,2147483647,32312596,15266,8,4,1,0,M6AU6
2026-07-21 22:01:15.398318231+00:00,2026-07-21 22:01:15.398197155+00:00,24,1,42054026,,0.6976,2147483647,32314149,11659,8,4,1,0,M6AZ6
2026-07-21 22:01:15.398508781+00:00,2026-07-21 22:01:15.398318553+00:00,24,1,42054026,,0.6987,2147483647,32314160,15227,7,4,1,0,M6AZ6
2026-07-21 22:01:43.796323904+00:00,2026-07-21 22:01:43.795988295+00:00,24,1,42244728,,0.6992,2147483647,32316850,11680,4,4,1,0,M6AU6
2026-07-21 22:01:43.796359595+00:00,2026-07-21 22:01:43.796067769+00:00,24,1,42244728,,0.6992,2147483647,32316852,14077,7,4,1,0,M6AU6
2026-07-21 22:04:33.949006271+00:00,2026-07-21 22:04:33.948888163+00:00,24,1,42054026,,0.6986,2147483647,32334595,12330,7,4,1,0,M6AZ6
2026-07-21 22:04:33.949198627+00:00,2026-07-21 22:04:33.948906325+00:00,24,1,42054026,,0.6979,2147483647,32334610,11740,8,4,1,0,M6AZ6
2026-07-21 22:04:33.950006291+00:00,2026-07-21 22:04:33.949672450+00:00,24,1,42054026,,0.6985,2147483647,32334664,12176,7,4,1,0,M6AZ6
2026-07-21 22:08:39.283292470+00:00,2026-07-21 22:08:39.283126439+00:00,24,1,42054026,,0.698,2147483647,32341943,12226,8,4,1,0,M6AZ6
2026-07-21 22:09:44.106906761+00:00,2026-07-21 22:09:44.106226047+00:00,24,1,42244728,,0.6994,2147483647,32345124,15144,5,4,1,0,M6AU6
2026-07-21 22:45:07.512865542+00:00,2026-07-21 22:45:07.512732495+00:00,24,1,42054026,,0.6984,2147483647,32399250,11527,7,4,1,0,M6AZ6
2026-07-21 22:45:56.619378166+00:00,2026-07-21 22:45:56.619102349+00:00,24,1,42244728,,0.6991,2147483647,32401007,14099,4,4,1,0,M6AU6
2026-07-21 22:45:56.682901688+00:00,2026-07-21 22:45:56.682563157+00:00,24,1,42244728,,0.6991,2147483647,32401078,16423,7,4,1,0,M6AU6
2026-07-21 22:47:43.248226667+00:00,2026-07-21 22:47:43.247863499+00:00,24,1,42244728,,0.699,2147483647,32402859,11469,4,4,1,0,M6AU6
2026-07-21 23:11:00.124959374+00:00,2026-07-21 23:11:00.124612863+00:00,24,1,42054026,2026-07-21 00:00:00+00:00,0.6989,2147483647,32447108,15348,3,4,1,7,M6AZ6
2026-07-21 23:11:32.566416952+00:00,2026-07-21 23:11:32.566052921+00:00,24,1,42141216,2026-07-21 00:00:00+00:00,-0.001,2147483647,32447748,14937,3,4,1,3,M6AZ6-M6AU6
2026-07-21 23:14:10.162355238+00:00,2026-07-21 23:14:10.161981879+00:00,24,1,42244728,2026-07-21 00:00:00+00:00,0.6999,2147483647,32453455,15753,3,4,1,7,M6AU6
2026-07-21 23:58:59.073967603+00:00,2026-07-21 23:58:59.073777729+00:00,24,1,42054026,,0.6981,2147483647,32558645,11952,8,4,1,0,M6AZ6
2026-07-22 00:00:00.102732052+00:00,2026-07-22 00:00:00.102391667+00:00,24,1,42244728,,0.6994,2147483647,32565286,11339,8,4,1,0,M6AU6
2026-07-22 00:04:04.826953983+00:00,2026-07-22 00:04:04.826669695+00:00,24,1,42244728,,0.6995,2147483647,32633075,11747,5,4,1,0,M6AU6
2026-07-22 00:04:29.926697791+00:00,2026-07-22 00:04:29.926245819+00:00,24,1,42054026,,0.6982,2147483647,32638290,11598,8,4,1,0,M6AZ6
2026-07-22 00:04:43.015304055+00:00,2026-07-22 00:04:43.014895427+00:00,24,1,42244728,,0.6995,2147483647,32643150,11826,8,4,1,0,M6AU6
2026-07-22 00:15:01.604254814+00:00,2026-07-22 00:15:01.603882281+00:00,24,1,42054026,,0.6983,2147483647,32764727,11606,8,4,1,0,M6AZ6
2026-07-22 00:15:26.097604475+00:00,2026-07-22 00:15:26.097227459+00:00,24,1,42244728,,0.6996,2147483647,32771781,11722,5,4,1,0,M6AU6
2026-07-22 00:16:35.848195113+00:00,2026-07-22 00:16:35.847795671+00:00,24,1,42244728,,0.6996,2147483647,32788441,12005,8,4,1,0,M6AU6
2026-07-22 00:18:04.440915682+00:00,2026-07-22 00:18:04.440375951+00:00,24,1,42054026,,0.6984,2147483647,32809385,12386,8,4,1,0,M6AZ6
2026-07-22 00:18:47.526530307+00:00,2026-07-22 00:18:47.526218179+00:00,24,1,42244728,,0.6997,2147483647,32817790,11552,5,4,1,0,M6AU6
2026-07-22 00:20:22.341582996+00:00,2026-07-22 00:20:22.341471839+00:00,24,1,42244728,,0.6997,2147483647,32834128,11258,8,4,1,0,M6AU6
2026-07-22 00:21:10.436557705+00:00,2026-07-22 00:21:10.436252983+00:00,24,1,42054026,,0.6985,2147483647,32846924,11663,8,4,1,0,M6AZ6
2026-07-22 00:28:46.417814727+00:00,2026-07-22 00:28:46.417459081+00:00,24,1,42244728,,0.6998,2147483647,32923673,11879,5,4,1,0,M6AU6
2026-07-22 00:30:00.592688137+00:00,2026-07-22 00:30:00.592359689+00:00,24,1,42244728,,0.6998,2147483647,32936096,14908,8,4,1,0,M6AU6
2026-07-22 00:56:26.588978119+00:00,2026-07-22 00:56:26.588622647+00:00,24,1,42244728,,0.6999,2147483647,33223934,14155,5,4,1,0,M6AU6
2026-07-22 00:57:14.866376812+00:00,2026-07-22 00:57:14.866083143+00:00,24,1,42054026,,0.6986,2147483647,33229750,12833,8,4,1,0,M6AZ6
2026-07-22 00:57:30.168970669+00:00,2026-07-22 00:57:30.168856591+00:00,24,1,42244728,,0.6999,2147483647,33233000,14598,8,4,1,0,M6AU6
2026-07-22 00:57:48.615472145+00:00,2026-07-22 00:57:48.614802479+00:00,24,1,42054026,,0.6987,2147483647,33237148,11740,8,4,1,0,M6AZ6
2026-07-22 00:58:02.357739934+00:00,2026-07-22 00:58:02.357495539+00:00,24,1,42244728,,0.7,2147483647,33239877,11574,8,4,1,0,M6AU6
2026-07-22 00:58:15.625337868+00:00,2026-07-22 00:58:15.624850707+00:00,24,1,42054026,,0.6988,2147483647,33242414,12057,8,4,1,0,M6AZ6
2026-07-22 00:58:31.705648687+00:00,2026-07-22 00:58:31.705113243+00:00,24,1,42244728,,0.7002,2147483647,33245311,15033,5,4,1,0,M6AU6
2026-07-22 00:58:31.706985762+00:00,2026-07-22 00:58:31.706686169+00:00,24,1,42244728,,0.7001,2147483647,33245381,12054,8,4,1,0,M6AU6
2026-07-22 00:58:33.289604454+00:00,2026-07-22 00:58:33.289119059+00:00,24,1,42054026,,0.6989,2147483647,33245942,12149,8,4,1,0,M6AZ6
2026-07-22 00:58:41.862138124+00:00,2026-07-22 00:58:41.861432629+00:00,24,1,42244728,,0.7002,2147483647,33249503,13807,8,4,1,0,M6AU6
2026-07-22 00:59:33.391671005+00:00,2026-07-22 00:59:33.391435505+00:00,24,1,42054026,,0.699,2147483647,33262940,13548,8,4,1,0,M6AZ6
2026-07-22 01:00:01.440089150+00:00,2026-07-22 01:00:01.439628657+00:00,24,1,42244728,,0.7003,2147483647,33270109,16493,5,4,1,0,M6AU6
2026-07-22 01:00:01.442576265+00:00,2026-07-22 01:00:01.441989703+00:00,24,1,42244728,,0.7003,2147483647,33270158,13790,8,4,1,0,M6AU6
2026-07-22 01:00:06.864426619+00:00,2026-07-22 01:00:06.864246172+00:00,24,1,42054026,,0.6991,2147483647,33274296,11655,8,4,1,0,M6AZ6
2026-07-22 01:00:13.034893908+00:00,2026-07-22 01:00:13.034605989+00:00,24,1,42244728,,0.7004,2147483647,33277301,11668,5,4,1,0,M6AU6
2026-07-22 01:00:16.718784385+00:00,2026-07-22 01:00:16.718678843+00:00,24,1,42244728,,0.7004,2147483647,33278929,14699,8,4,1,0,M6AU6
2026-07-22 01:00:29.127296791+00:00,2026-07-22 01:00:29.126978549+00:00,24,1,42054026,,0.6992,2147483647,33282875,12952,8,4,1,0,M6AZ6
2026-07-22 01:01:25.918186990+00:00,2026-07-22 01:01:25.917828265+00:00,24,1,42244728,,0.7005,2147483647,33301215,15597,5,4,1,0,M6AU6
2026-07-22 01:01:26.069621875+00:00,2026-07-22 01:01:26.069509315+00:00,24,1,42244728,,0.7005,2147483647,33301617,11625,8,4,1,0,M6AU6
2026-07-22 01:01:26.831717278+00:00,2026-07-22 01:01:26.831600679+00:00,24,1,42054026,,0.6993,2147483647,33302488,11560,8,4,1,0,M6AZ6
2026-07-22 01:29:57.678047926+00:00,2026-07-22 01:29:57.677954983+00:00,24,1,42244728,2026-07-21 00:00:00+00:00,,3034,33581899,16308,9,4,1,0,M6AU6
2026-07-22 01:29:57.678047926+00:00,2026-07-22 01:29:57.677954983+00:00,24,1,42244728,2026-07-21 00:00:00+00:00,,3241,33581899,16308,6,4,1,0,M6AU6
2026-07-22 01:29:57.678047926+00:00,2026-07-22 01:29:57.677954983+00:00,24,1,42054026,2026-07-21 00:00:00+00:00,,113,33581899,16308,9,4,1,0,M6AZ6
2026-07-22 01:29:57.678047926+00:00,2026-07-22 01:29:57.677954983+00:00,24,1,42054026,2026-07-21 00:00:00+00:00,,13,33581899,16308,6,4,1,0,M6AZ6
2026-07-22 02:28:56.047400364+00:00,2026-07-22 02:28:56.046929161+00:00,24,1,42054026,,0.6991,2147483647,34119287,14950,5,4,1,0,M6AZ6
2026-07-22 02:28:56.047400364+00:00,2026-07-22 02:28:56.046929161+00:00,24,1,42054026,,0.6991,2147483647,34119287,14950,4,4,1,0,M6AZ6
2026-07-22 02:28:56.047400364+00:00,2026-07-22 02:28:56.046929161+00:00,24,1,42054026,,0.6991,2147483647,34119287,14950,1,4,1,0,M6AZ6
2026-07-22 04:11:44.743120263+00:00,2026-07-22 04:11:44.742892111+00:00,24,1,42054026,,0.6983,2147483647,34935838,11785,7,4,1,0,M6AZ6
2026-07-22 04:12:47.408313577+00:00,2026-07-22 04:12:47.407394709+00:00,24,1,42244728,,0.699,2147483647,34942918,11163,7,4,1,0,M6AU6
2026-07-22 04:12:47.413041407+00:00,2026-07-22 04:12:47.412683189+00:00,24,1,42244728,,0.6989,2147483647,34942971,11948,4,4,1,0,M6AU6
2026-07-22 05:26:52.366831785+00:00,2026-07-22 05:26:52.366697397+00:00,24,1,42054026,,0.6981,2147483647,35338383,15312,7,4,1,0,M6AZ6
2026-07-22 05:26:52.367126142+00:00,2026-07-22 05:26:52.366835113+00:00,24,1,42054026,,0.6981,2147483647,35338385,11800,4,4,1,0,M6AZ6
2026-07-22 05:37:16.057991345+00:00,2026-07-22 05:37:16.057616587+00:00,24,1,42244728,,0.6989,2147483647,35421306,12303,7,4,1,0,M6AU6
2026-07-22 05:42:27.775894470+00:00,2026-07-22 05:42:27.775506903+00:00,24,1,42244728,,0.6987,2147483647,35462324,13974,4,4,1,0,M6AU6
2026-07-22 05:42:27.775991060+00:00,2026-07-22 05:42:27.775519093+00:00,24,1,42244728,,0.6988,2147483647,35462331,11970,7,4,1,0,M6AU6
2026-07-22 05:42:41.044684117+00:00,2026-07-22 05:42:41.044423985+00:00,24,1,42054026,,0.698,2147483647,35465223,11891,7,4,1,0,M6AZ6
2026-07-22 05:46:00.329942174+00:00,2026-07-22 05:46:00.329583657+00:00,24,1,42244728,,0.6987,2147483647,35497450,15254,7,4,1,0,M6AU6
2026-07-22 06:19:07.345257966+00:00,2026-07-22 06:19:07.344976317+00:00,24,1,42054026,,0.698,2147483647,35911840,11486,4,4,1,0,M6AZ6
2026-07-22 06:26:16.221543862+00:00,2026-07-22 06:26:16.221326775+00:00,24,1,42054026,,0.6979,2147483647,36017092,11840,7,4,1,0,M6AZ6
2026-07-22 06:26:16.355718675+00:00,2026-07-22 06:26:16.354669317+00:00,24,1,42244728,,0.6985,2147483647,36017385,15508,4,4,1,0,M6AU6
2026-07-22 06:26:16.358648595+00:00,2026-07-22 06:26:16.358389727+00:00,24,1,42244728,,0.6986,2147483647,36017524,12186,7,4,1,0,M6AU6
2026-07-22 06:26:16.563032266+00:00,2026-07-22 06:26:16.562125753+00:00,24,1,42054026,,0.6978,2147483647,36018366,11776,7,4,1,0,M6AZ6
2026-07-22 06:26:16.635334943+00:00,2026-07-22 06:26:16.635101137+00:00,24,1,42244728,,0.6985,2147483647,36018836,11939,7,4,1,0,M6AU6
2026-07-22 06:29:03.288400329+00:00,2026-07-22 06:29:03.286772613+00:00,24,1,42054026,,0.6977,2147483647,36064869,11206,7,4,1,0,M6AZ6
2026-07-22 06:29:05.381693417+00:00,2026-07-22 06:29:05.381144691+00:00,24,1,42244728,,0.6983,2147483647,36066165,12853,4,4,1,0,M6AU6
2026-07-22 06:29:12.997952782+00:00,2026-07-22 06:29:12.997806345+00:00,24,1,42244728,,0.6984,2147483647,36068395,16896,7,4,1,0,M6AU6
2026-07-22 06:30:20.644372877+00:00,2026-07-22 06:30:20.644226868+00:00,24,1,42054026,,0.6976,2147483647,36090417,11553,7,4,1,0,M6AZ6
2026-07-22 10:31:49.139380817+00:00,2026-07-22 10:31:49.139054297+00:00,24,1,42054026,,0.6979,2147483647,39374051,11787,4,4,1,0,M6AZ6
2026-07-22 11:43:35.145235945+00:00,2026-07-22 11:43:35.144705507+00:00,24,1,42244728,,0.6983,2147483647,40223915,13011,7,4,1,0,M6AU6
2026-07-22 11:43:41.589961950+00:00,2026-07-22 11:43:41.589441516+00:00,24,1,42054026,,0.6975,2147483647,40228172,11787,7,4,1,0,M6AZ6
2026-07-22 11:43:41.619576277+00:00,2026-07-22 11:43:41.619034585+00:00,24,1,42244728,,0.6981,2147483647,40228520,16513,4,4,1,0,M6AU6
2026-07-22 12:48:09.041734814+00:00,2026-07-22 12:48:09.041078256+00:00,24,1,42244728,,0.6982,2147483647,41258346,15362,7,4,1,0,M6AU6
2026-07-22 12:48:31.573959710+00:00,2026-07-22 12:48:31.573320394+00:00,24,1,42054026,,0.6974,2147483647,41265367,11361,7,4,1,0,M6AZ6
2026-07-22 12:49:19.442317803+00:00,2026-07-22 12:49:19.442206011+00:00,24,1,42244728,,0.6981,2147483647,41281870,11505,7,4,1,0,M6AU6
2026-07-22 12:49:41.531343769+00:00,2026-07-22 12:49:41.530732201+00:00,24,1,42054026,,0.6973,2147483647,41286621,12219,7,4,1,0,M6AZ6
2026-07-22 12:54:39.372247654+00:00,2026-07-22 12:54:39.371534917+00:00,24,1,42244728,,0.698,2147483647,41362103,13806,4,4,1,0,M6AU6
2026-07-22 12:54:39.373295036+00:00,2026-07-22 12:54:39.372546305+00:00,24,1,42244728,,0.698,2147483647,41362169,11555,7,4,1,0,M6AU6
2026-07-22 12:54:39.830879198+00:00,2026-07-22 12:54:39.830492537+00:00,24,1,42244728,,0.6979,2147483647,41362972,12339,4,4,1,0,M6AU6
2026-07-22 12:56:04.141611665+00:00,2026-07-22 12:56:04.141386958+00:00,24,1,42244728,,0.6979,2147483647,41379806,13456,7,4,1,0,M6AU6
2026-07-22 12:56:04.141646435+00:00,2026-07-22 12:56:04.141386958+00:00,24,1,42054026,,0.6972,2147483647,41379808,15291,7,4,1,0,M6AZ6
2026-07-22 12:56:04.142205584+00:00,2026-07-22 12:56:04.141654699+00:00,24,1,42054026,,0.6971,2147483647,41379835,12948,7,4,1,0,M6AZ6
2026-07-22 12:56:52.538943139+00:00,2026-07-22 12:56:52.534233699+00:00,24,1,42244728,,0.6978,2147483647,41391849,16547,4,4,1,0,M6AU6
2026-07-22 12:56:52.543865936+00:00,2026-07-22 12:56:52.542474534+00:00,24,1,42244728,,0.6978,2147483647,41391917,18107,7,4,1,0,M6AU6
2026-07-22 12:56:52.569878182+00:00,2026-07-22 12:56:52.568362035+00:00,24,1,42054026,,0.697,2147483647,41392870,15354,7,4,1,0,M6AZ6
2026-07-22 12:56:52.580971713+00:00,2026-07-22 12:56:52.568362035+00:00,24,1,42244728,,0.6977,2147483647,41393193,19135,4,4,1,0,M6AU6
2026-07-22 12:56:52.597340366+00:00,2026-07-22 12:56:52.595575053+00:00,24,1,42244728,,0.6977,2147483647,41393809,16540,7,4,1,0,M6AU6
2026-07-22 12:56:52.602331812+00:00,2026-07-22 12:56:52.601198311+00:00,24,1,42244728,,0.6976,2147483647,41394031,13461,4,4,1,0,M6AU6
2026-07-22 12:56:53.036068411+00:00,2026-07-22 12:56:53.034643891+00:00,24,1,42244728,,0.6976,2147483647,41399138,16024,7,4,1,0,M6AU6
2026-07-22 12:56:53.228292905+00:00,2026-07-22 12:56:53.227104971+00:00,24,1,42244728,,0.6975,2147483647,41401210,15536,4,4,1,0,M6AU6
2026-07-22 12:56:53.228292905+00:00,2026-07-22 12:56:53.227105653+00:00,24,1,42244728,,0.6975,2147483647,41401210,15536,7,4,1,0,M6AU6
2026-07-22 12:56:53.596181785+00:00,2026-07-22 12:56:53.594506063+00:00,24,1,42244728,,0.6974,2147483647,41404656,16249,4,4,1,0,M6AU6
2026-07-22 12:56:53.600299951+00:00,2026-07-22 12:56:53.599275338+00:00,24,1,42244728,,0.6974,2147483647,41404833,11675,7,4,1,0,M6AU6
2026-07-22 12:56:53.600571105+00:00,2026-07-22 12:56:53.599275338+00:00,24,1,42054026,,0.6967,2147483647,41404853,14157,7,4,1,0,M6AZ6
2026-07-22 12:56:53.602235845+00:00,2026-07-22 12:56:53.600993625+00:00,24,1,42054026,,0.6966,2147483647,41404929,14008,7,4,1,0,M6AZ6
2026-07-22 12:58:49.547754196+00:00,2026-07-22 12:58:49.547475123+00:00,24,1,42054026,,0.697,2147483647,41526620,11393,4,4,1,0,M6AZ6
2026-07-22 13:47:32.545179910+00:00,2026-07-22 13:47:32.545070895+00:00,24,1,42141216,,-0.001,2147483647,42610443,14955,8,4,1,0,M6AZ6-M6AU6
2026-07-22 14:03:37.761601145+00:00,2026-07-22 14:03:37.761504689+00:00,24,1,42244728,2026-07-21 00:00:00+00:00,,3034,43024879,15267,9,4,1,0,M6AU6
2026-07-22 14:03:37.761601145+00:00,2026-07-22 14:03:37.761504689+00:00,24,1,42244728,2026-07-21 00:00:00+00:00,,3241,43024879,15267,6,4,1,0,M6AU6
2026-07-22 14:03:37.761609804+00:00,2026-07-22 14:03:37.761504689+00:00,24,1,42054026,2026-07-21 00:00:00+00:00,,113,43024880,12041,9,4,1,0,M6AZ6
2026-07-22 14:03:37.761609804+00:00,2026-07-22 14:03:37.761504689+00:00,24,1,42054026,2026-07-21 00:00:00+00:00,,13,43024880,12041,6,4,1,0,M6AZ6
2026-07-22 19:03:38.431205347+00:00,2026-07-22 19:03:38.431129343+00:00,24,1,42244728,2026-07-22 00:00:00+00:00,0.6988,2147483647,47329029,15420,3,4,1,6,M6AU6
2026-07-22 19:03:38.431212777+00:00,2026-07-22 19:03:38.431129343+00:00,24,1,42244728,2026-07-22 00:00:00+00:00,0.6988,2147483647,47329030,11460,3,4,1,2,M6AU6
2026-07-22 19:03:38.431221206+00:00,2026-07-22 19:03:38.431129343+00:00,24,1,42054026,2026-07-22 00:00:00+00:00,0.6979,2147483647,47329031,11659,3,4,1,6,M6AZ6
2026-07-22 19:03:38.431221206+00:00,2026-07-22 19:03:38.431129343+00:00,24,1,42054026,2026-07-22 00:00:00+00:00,0.6979,2147483647,47329031,11659,3,4,1,2,M6AZ6
2026-07-22 21:38:12.802843007+00:00,2026-07-22 21:38:12.801220949+00:00,24,1,42054026,2026-07-22 00:00:00+00:00,0.6979,2147483647,48052670,15611,3,4,1,6,M6AZ6
2026-07-22 21:38:58.182743487+00:00,2026-07-22 21:38:58.181239351+00:00,24,1,42141216,2026-07-22 00:00:00+00:00,-0.0009,2147483647,48053347,15546,3,4,1,2,M6AZ6-M6AU6
2026-07-22 21:40:10.520815507+00:00,2026-07-22 21:40:10.519259473+00:00,24,1,42244728,2026-07-22 00:00:00+00:00,0.6988,2147483647,48054724,15818,3,4,1,6,M6AU6
2026-07-22 22:00:00.017440965+00:00,2026-07-22 22:00:00.000909117+00:00,24,1,42244728,,0.6982,2147483647,48059214,11972,8,4,1,0,M6AU6
2026-07-22 22:00:00.017440965+00:00,2026-07-22 22:00:00.000909117+00:00,24,1,42244728,,0.6994,2147483647,48059214,11972,7,4,1,0,M6AU6
2026-07-22 22:00:00.017450950+00:00,2026-07-22 22:00:00.000909425+00:00,24,1,42244728,,0.6989,2147483647,48059215,12084,7,4,1,0,M6AU6
2026-07-22 22:00:00.070622708+00:00,2026-07-22 22:00:00.070476971+00:00,24,1,42141216,,-0.01,2147483647,48060201,11915,8,4,1,0,M6AZ6-M6AU6
2026-07-22 22:00:00.070622708+00:00,2026-07-22 22:00:00.070476971+00:00,24,1,42141216,,-0.0008,2147483647,48060201,11915,7,4,1,0,M6AZ6-M6AU6
2026-07-22 22:00:00.070656365+00:00,2026-07-22 22:00:00.070525871+00:00,24,1,42141216,,-0.001,2147483647,48060203,11111,8,4,1,0,M6AZ6-M6AU6
2026-07-22 22:00:00.129715761+00:00,2026-07-22 22:00:00.129624895+00:00,24,1,42244728,,0.6983,2147483647,48060847,12741,8,4,1,0,M6AU6
2026-07-22 22:00:00.158133195+00:00,2026-07-22 22:00:00.158024475+00:00,24,1,42244728,,0.6988,2147483647,48060926,15498,7,4,1,0,M6AU6
2026-07-22 22:00:00.327794436+00:00,2026-07-22 22:00:00.327678965+00:00,24,1,42054026,,0.6942,2147483647,48061598,11958,8,4,1,0,M6AZ6
2026-07-22 22:00:00.327794436+00:00,2026-07-22 22:00:00.327678965+00:00,24,1,42054026,,0.6984,2147483647,48061598,11958,7,4,1,0,M6AZ6
2026-07-22 22:00:00.327938409+00:00,2026-07-22 22:00:00.327804951+00:00,24,1,42054026,,0.6971,2147483647,48061606,11681,8,4,1,0,M6AZ6
2026-07-22 22:00:01.129875166+00:00,2026-07-22 22:00:01.129778577+00:00,24,1,42244728,,0.6984,2147483647,48064450,14753,8,4,1,0,M6AU6
2026-07-22 22:00:02.396016244+00:00,2026-07-22 22:00:02.395909083+00:00,24,1,42244728,,0.6985,2147483647,48066333,14923,8,4,1,0,M6AU6
2026-07-22 22:00:02.402418305+00:00,2026-07-22 22:00:02.402317853+00:00,24,1,42244728,,0.6986,2147483647,48066345,14243,8,4,1,0,M6AU6
2026-07-22 22:00:02.897005548+00:00,2026-07-22 22:00:02.896870407+00:00,24,1,42054026,,0.6972,2147483647,48067049,10760,8,4,1,0,M6AZ6
2026-07-22 22:00:06.004466933+00:00,2026-07-22 22:00:06.004317715+00:00,24,1,42244728,,0.6987,2147483647,48070169,11451,7,4,1,0,M6AU6
2026-07-22 22:00:09.313418435+00:00,2026-07-22 22:00:09.313290275+00:00,24,1,42244728,,0.6986,2147483647,48071825,14745,7,4,1,0,M6AU6
2026-07-22 22:00:09.320591336+00:00,2026-07-22 22:00:09.320334783+00:00,24,1,42244728,,0.6986,2147483647,48071859,17310,5,4,1,0,M6AU6
2026-07-22 22:00:09.320591336+00:00,2026-07-22 22:00:09.320334783+00:00,24,1,42244728,,0.6986,2147483647,48071859,17310,4,4,1,0,M6AU6
2026-07-22 22:00:09.320591336+00:00,2026-07-22 22:00:09.320334783+00:00,24,1,42244728,,0.6986,2147483647,48071859,17310,1,4,1,0,M6AU6
2026-07-22 22:00:12.233304140+00:00,2026-07-22 22:00:12.233037968+00:00,24,1,42244728,,0.6987,2147483647,48073702,17952,8,4,1,0,M6AU6
2026-07-22 22:00:12.657906849+00:00,2026-07-22 22:00:12.657621945+00:00,24,1,42244728,,0.6987,2147483647,48073879,14938,5,4,1,0,M6AU6
2026-07-22 22:01:24.180602550+00:00,2026-07-22 22:01:24.180427241+00:00,24,1,42244728,,0.6985,2147483647,48086170,11393,7,4,1,0,M6AU6
2026-07-22 22:04:06.480449130+00:00,2026-07-22 22:04:06.480271301+00:00,24,1,42054026,,0.6981,2147483647,48093214,12611,7,4,1,0,M6AZ6
2026-07-22 22:04:06.480562385+00:00,2026-07-22 22:04:06.480393255+00:00,24,1,42244728,,0.6984,2147483647,48093216,11876,7,4,1,0,M6AU6
2026-07-22 22:05:16.343088794+00:00,2026-07-22 22:05:16.342797597+00:00,24,1,42244728,,0.6985,2147483647,48097918,11288,4,4,1,0,M6AU6
2026-07-22 22:07:42.959635038+00:00,2026-07-22 22:07:42.959270515+00:00,24,1,42054026,,0.6978,2147483647,48102704,12190,7,4,1,0,M6AZ6
2026-07-22 22:09:44.235671006+00:00,2026-07-22 22:09:44.235513631+00:00,24,1,42054026,,0.6977,2147483647,48105581,11632,7,4,1,0,M6AZ6
2026-07-22 22:10:01.414892702+00:00,2026-07-22 22:10:01.414624237+00:00,24,1,42244728,,0.6983,2147483647,48106796,13087,4,4,1,0,M6AU6
2026-07-22 22:10:01.616712606+00:00,2026-07-22 22:10:01.616440579+00:00,24,1,42244728,,0.6982,2147483647,48106916,11357,4,4,1,0,M6AU6
2026-07-22 22:10:19.054359170+00:00,2026-07-22 22:10:19.054256909+00:00,24,1,42244728,,0.6983,2147483647,48107655,12429,7,4,1,0,M6AU6
2026-07-22 22:17:29.514946526+00:00,2026-07-22 22:17:29.514613515+00:00,24,1,42054026,,0.6976,2147483647,48123729,11686,7,4,1,0,M6AZ6
2026-07-22 22:28:32.023073090+00:00,2026-07-22 22:28:32.022899845+00:00,24,1,42244728,,0.6982,2147483647,48141095,11130,7,4,1,0,M6AU6
2026-07-22 22:30:16.227910692+00:00,2026-07-22 22:30:16.227557877+00:00,24,1,42244728,,0.6981,2147483647,48144439,14246,4,4,1,0,M6AU6
2026-07-22 22:40:42.298214817+00:00,2026-07-22 22:40:42.298062993+00:00,24,1,42054026,,0.6975,2147483647,48163459,11939,7,4,1,0,M6AZ6
2026-07-22 22:41:15.152707684+00:00,2026-07-22 22:41:15.152558727+00:00,24,1,42244728,,0.6981,2147483647,48164975,12529,7,4,1,0,M6AU6
2026-07-22 22:43:39.289569623+00:00,2026-07-22 22:43:39.289256273+00:00,24,1,42244728,,0.698,2147483647,48168794,11346,4,4,1,0,M6AU6
2026-07-22 22:49:37.290604868+00:00,2026-07-22 22:49:37.290220659+00:00,24,1,42054026,2026-07-22 00:00:00+00:00,0.6979,2147483647,48177069,16741,3,4,1,7,M6AZ6
2026-07-22 22:50:09.873937412+00:00,2026-07-22 22:50:09.873616959+00:00,24,1,42141216,2026-07-22 00:00:00+00:00,-0.0009,2147483647,48178385,15321,3,4,1,3,M6AZ6-M6AU6
2026-07-22 22:52:45.379033303+00:00,2026-07-22 22:52:45.378710485+00:00,24,1,42244728,2026-07-22 00:00:00+00:00,0.6988,2147483647,48184183,15424,3,4,1,7,M6AU6
2026-07-23 00:01:50.879995281+00:00,2026-07-23 00:01:50.879878267+00:00,24,1,42054026,,0.6973,2147483647,48379383,12196,8,4,1,0,M6AZ6
2026-07-23 00:25:29.185951913+00:00,2026-07-23 00:25:29.185804177+00:00,24,1,42054026,,0.6974,2147483647,48610968,12459,8,4,1,0,M6AZ6
2026-07-23 00:27:18.061165173+00:00,2026-07-23 00:27:18.060858517+00:00,24,1,42054026,,0.6975,2147483647,48626948,12619,8,4,1,0,M6AZ6
2026-07-23 00:59:00.277782265+00:00,2026-07-23 00:59:00.277442925+00:00,24,1,42054026,,0.6976,2147483647,48914366,11564,8,4,1,0,M6AZ6
2026-07-23 00:59:17.080349440+00:00,2026-07-23 00:59:17.079506149+00:00,24,1,42244728,,0.6988,2147483647,48920099,14891,5,4,1,0,M6AU6
2026-07-23 00:59:17.081062798+00:00,2026-07-23 00:59:17.079942623+00:00,24,1,42244728,,0.6988,2147483647,48920149,12310,8,4,1,0,M6AU6
2026-07-23 01:00:00.603598766+00:00,2026-07-23 01:00:00.603320885+00:00,24,1,42054026,,0.6977,2147483647,48932268,15104,8,4,1,0,M6AZ6
2026-07-23 01:00:05.786058490+00:00,2026-07-23 01:00:05.785709127+00:00,24,1,42244728,,0.699,2147483647,48936930,11826,5,4,1,0,M6AU6
2026-07-23 01:00:05.786198412+00:00,2026-07-23 01:00:05.786080591+00:00,24,1,42244728,,0.6989,2147483647,48936939,11734,8,4,1,0,M6AU6
2026-07-23 01:00:41.526490820+00:00,2026-07-23 01:00:41.526329193+00:00,24,1,42054026,,0.6978,2147483647,48956888,11680,8,4,1,0,M6AZ6
2026-07-23 01:01:03.517891316+00:00,2026-07-23 01:01:03.517792593+00:00,24,1,42244728,,0.699,2147483647,48964875,11568,8,4,1,0,M6AU6
2026-07-23 01:01:07.275823616+00:00,2026-07-23 01:01:07.275403513+00:00,24,1,42054026,,0.6979,2147483647,48967681,12137,8,4,1,0,M6AZ6
2026-07-23 01:01:13.903770825+00:00,2026-07-23 01:01:13.903526471+00:00,24,1,42244728,,0.6991,2147483647,48970652,13380,5,4,1,0,M6AU6
2026-07-23 01:01:14.004307409+00:00,2026-07-23 01:01:14.004082051+00:00,24,1,42244728,,0.6991,2147483647,48971064,11264,8,4,1,0,M6AU6
2026-07-23 01:01:22.040003428+00:00,2026-07-23 01:01:22.039691059+00:00,24,1,42244728,,0.6992,2147483647,48976019,11626,5,4,1,0,M6AU6
2026-07-23 01:01:38.140314916+00:00,2026-07-23 01:01:38.139923775+00:00,24,1,42054026,,0.698,2147483647,48979184,12101,8,4,1,0,M6AZ6
2026-07-23 01:22:40.141721702+00:00,2026-07-23 01:22:40.141520901+00:00,24,1,42244728,,0.6992,2147483647,49239338,11796,8,4,1,0,M6AU6
2026-07-23 01:26:56.600513882+00:00,2026-07-23 01:26:56.600418301+00:00,24,1,42054026,2026-07-22 00:00:00+00:00,,113,49278447,15555,9,4,1,0,M6AZ6
2026-07-23 01:26:56.600513882+00:00,2026-07-23 01:26:56.600418301+00:00,24,1,42054026,2026-07-22 00:00:00+00:00,,6,49278447,15555,6,4,1,0,M6AZ6
2026-07-23 01:26:56.600513882+00:00,2026-07-23 01:26:56.600418301+00:00,24,1,42244728,2026-07-22 00:00:00+00:00,,3125,49278447,15555,9,4,1,0,M6AU6
2026-07-23 01:26:56.600513882+00:00,2026-07-23 01:26:56.600418301+00:00,24,1,42244728,2026-07-22 00:00:00+00:00,,2750,49278447,15555,6,4,1,0,M6AU6
2026-07-23 01:30:00.298185687+00:00,2026-07-23 01:30:00.295686885+00:00,24,1,42244728,,0.6999,2147483647,49299576,14091,5,4,1,0,M6AU6
2026-07-23 01:30:00.298568919+00:00,2026-07-23 01:30:00.297211809+00:00,24,1,42244728,,0.6993,2147483647,49299578,17796,8,4,1,0,M6AU6
2026-07-23 01:30:00.300156484+00:00,2026-07-23 01:30:00.297233619+00:00,24,1,42054026,,0.6986,2147483647,49299594,14109,5,4,1,0,M6AZ6
2026-07-23 01:30:00.300156484+00:00,2026-07-23 01:30:00.297233619+00:00,24,1,42054026,,0.6985,2147483647,49299594,14109,4,4,1,0,M6AZ6
2026-07-23 01:30:00.300156484+00:00,2026-07-23 01:30:00.297233619+00:00,24,1,42054026,,0.6985,2147483647,49299594,14109,1,4,1,0,M6AZ6
2026-07-23 01:30:00.300965723+00:00,2026-07-23 01:30:00.297416511+00:00,24,1,42244728,,0.6994,2147483647,49299656,11341,8,4,1,0,M6AU6
2026-07-23 01:30:00.302981521+00:00,2026-07-23 01:30:00.300810806+00:00,24,1,42244728,,0.7,2147483647,49299698,12902,5,4,1,0,M6AU6
2026-07-23 01:30:00.309087131+00:00,2026-07-23 01:30:00.300810806+00:00,24,1,42244728,,0.7,2147483647,49299899,12664,8,4,1,0,M6AU6
2026-07-23 01:30:00.311367358+00:00,2026-07-23 01:30:00.307396123+00:00,24,1,42244728,,0.7001,2147483647,49300004,12417,5,4,1,0,M6AU6
2026-07-23 01:30:00.367048652+00:00,2026-07-23 01:30:00.366664573+00:00,24,1,42244728,,0.7003,2147483647,49301696,11964,5,4,1,0,M6AU6
2026-07-23 01:30:04.113972721+00:00,2026-07-23 01:30:04.113851061+00:00,24,1,42054026,,0.6981,2147483647,49308924,11874,8,4,1,0,M6AZ6
2026-07-23 01:30:06.093053878+00:00,2026-07-23 01:30:06.092941145+00:00,24,1,42054026,,0.6982,2147483647,49312335,14988,8,4,1,0,M6AZ6
2026-07-23 01:30:17.136429935+00:00,2026-07-23 01:30:17.136101649+00:00,24,1,42244728,,0.7001,2147483647,49320956,16429,8,4,1,0,M6AU6
2026-07-23 01:30:21.826266573+00:00,2026-07-23 01:30:21.826123777+00:00,24,1,42054026,,0.6984,2147483647,49324023,11879,8,4,1,0,M6AZ6
2026-07-23 01:30:23.550537329+00:00,2026-07-23 01:30:23.550394835+00:00,24,1,42054026,,0.6987,2147483647,49325640,11703,8,4,1,0,M6AZ6
2026-07-23 01:30:33.902260118+00:00,2026-07-23 01:30:33.901710649+00:00,24,1,42244728,,0.7002,2147483647,49329930,22958,8,4,1,0,M6AU6
2026-07-23 01:33:38.719756543+00:00,2026-07-23 01:33:38.719655911+00:00,24,1,42054026,,0.6988,2147483647,49385431,12776,8,4,1,0,M6AZ6
2026-07-23 01:34:47.655619292+00:00,2026-07-23 01:34:47.655447587+00:00,24,1,42244728,,0.7003,2147483647,49401368,12790,8,4,1,0,M6AU6
2026-07-23 01:34:51.667207884+00:00,2026-07-23 01:34:51.666855003+00:00,24,1,42244728,,0.7004,2147483647,49403851,12286,5,4,1,0,M6AU6
2026-07-23 01:34:59.042735433+00:00,2026-07-23 01:34:59.042581775+00:00,24,1,42244728,,0.7004,2147483647,49407192,11636,8,4,1,0,M6AU6
2026-07-23 01:35:04.693438291+00:00,2026-07-23 01:35:04.693134195+00:00,24,1,42244728,,0.7005,2147483647,49409903,12598,5,4,1,0,M6AU6
2026-07-23 01:35:21.361860894+00:00,2026-07-23 01:35:21.361383047+00:00,24,1,42054026,,0.699,2147483647,49415034,11880,8,4,1,0,M6AZ6
2026-07-23 01:35:21.362109675+00:00,2026-07-23 01:35:21.361870397+00:00,24,1,42054026,,0.6991,2147483647,49415050,11878,8,4,1,0,M6AZ6
2026-07-23 01:35:31.348518022+00:00,2026-07-23 01:35:31.348072461+00:00,24,1,42244728,,0.7005,2147483647,49418201,12158,8,4,1,0,M6AU6
2026-07-23 01:35:36.735282801+00:00,2026-07-23 01:35:36.735001969+00:00,24,1,42244728,,0.7006,2147483647,49419443,12400,5,4,1,0,M6AU6
2026-07-23 01:35:36.735429315+00:00,2026-07-23 01:35:36.735280721+00:00,24,1,42244728,,0.7006,2147483647,49419448,13595,8,4,1,0,M6AU6
2026-07-23 01:35:37.004274929+00:00,2026-07-23 01:35:37.003910189+00:00,24,1,42244728,,0.7007,2147483647,49419835,12147,5,4,1,0,M6AU6
2026-07-23 01:36:39.501376977+00:00,2026-07-23 01:36:39.501267033+00:00,24,1,42244728,,0.7007,2147483647,49438829,11872,8,4,1,0,M6AU6
2026-07-23 01:36:54.748408169+00:00,2026-07-23 01:36:54.747691185+00:00,24,1,42054026,,0.6993,2147483647,49443328,11993,8,4,1,0,M6AZ6
2026-07-23 01:36:54.748676802+00:00,2026-07-23 01:36:54.748483233+00:00,24,1,42054026,,0.6994,2147483647,49443345,12475,8,4,1,0,M6AZ6
2026-07-23 01:36:54.858249526+00:00,2026-07-23 01:36:54.857940135+00:00,24,1,42244728,,0.7008,2147483647,49443537,11836,5,4,1,0,M6AU6
2026-07-23 01:36:56.193845019+00:00,2026-07-23 01:36:56.193748839+00:00,24,1,42244728,,0.7008,2147483647,49444016,11630,8,4,1,0,M6AU6
2026-07-23 01:37:16.595348495+00:00,2026-07-23 01:37:16.594921029+00:00,24,1,42244728,,0.7009,2147483647,49452596,15215,5,4,1,0,M6AU6
2026-07-23 01:37:18.567002681+00:00,2026-07-23 01:37:18.566886433+00:00,24,1,42244728,,0.7009,2147483647,49453031,13579,8,4,1,0,M6AU6
2026-07-23 01:37:25.230614779+00:00,2026-07-23 01:37:25.230301729+00:00,24,1,42244728,,0.701,2147483647,49455806,13576,5,4,1,0,M6AU6
2026-07-23 01:37:25.235336486+00:00,2026-07-23 01:37:25.235235063+00:00,24,1,42244728,,0.701,2147483647,49455817,14930,8,4,1,0,M6AU6
2026-07-23 01:37:28.329713580+00:00,2026-07-23 01:37:28.329444271+00:00,24,1,42244728,,0.7011,2147483647,49457618,11653,5,4,1,0,M6AU6
2026-07-23 01:37:33.956856889+00:00,2026-07-23 01:37:33.956221306+00:00,24,1,42054026,,0.6996,2147483647,49458714,13135,8,4,1,0,M6AZ6
2026-07-23 01:37:33.957307719+00:00,2026-07-23 01:37:33.956865299+00:00,24,1,42054026,,0.6997,2147483647,49458740,15187,8,4,1,0,M6AZ6
2026-07-23 01:37:33.975106023+00:00,2026-07-23 01:37:33.974917653+00:00,24,1,42244728,,0.7011,2147483647,49458847,13639,8,4,1,0,M6AU6
2026-07-23 01:37:36.385246973+00:00,2026-07-23 01:37:36.384652277+00:00,24,1,42244728,,0.7012,2147483647,49459842,13235,5,4,1,0,M6AU6
2026-07-23 01:37:36.477336459+00:00,2026-07-23 01:37:36.477231319+00:00,24,1,42244728,,0.7012,2147483647,49460216,16336,8,4,1,0,M6AU6
2026-07-23 01:38:30.433455953+00:00,2026-07-23 01:38:30.433321599+00:00,24,1,42141216,,-0.0009,2147483647,49479047,11954,7,4,1,0,M6AZ6-M6AU6
2026-07-23 01:38:37.669540848+00:00,2026-07-23 01:38:37.669434937+00:00,24,1,42244728,,0.7013,2147483647,49481459,14769,8,4,1,0,M6AU6
2026-07-23 01:38:41.175909641+00:00,2026-07-23 01:38:41.175684871+00:00,24,1,42054026,,0.6999,2147483647,49483228,10736,8,4,1,0,M6AZ6
2026-07-23 01:38:41.176341542+00:00,2026-07-23 01:38:41.175920309+00:00,24,1,42054026,,0.7,2147483647,49483259,11578,8,4,1,0,M6AZ6
2026-07-23 01:38:41.970414527+00:00,2026-07-23 01:38:41.970056543+00:00,24,1,42244728,,0.7013,2147483647,49483774,12395,5,4,1,0,M6AU6
2026-07-23 01:38:42.142169218+00:00,2026-07-23 01:38:42.141891023+00:00,24,1,42244728,,0.7015,2147483647,49483850,11302,5,4,1,0,M6AU6
2026-07-23 01:38:48.472180393+00:00,2026-07-23 01:38:48.472054527+00:00,24,1,42244728,,0.7014,2147483647,49485479,14875,8,4,1,0,M6AU6
2026-07-23 01:44:22.616330252+00:00,2026-07-23 01:44:22.616042767+00:00,24,1,42054026,,0.7,2147483647,49586550,11569,5,4,1,0,M6AZ6
2026-07-23 03:46:02.568421965+00:00,2026-07-23 03:46:02.568242894+00:00,24,1,42054026,,0.7001,2147483647,50808237,11483,8,4,1,0,M6AZ6
2026-07-23 04:11:10.255684356+00:00,2026-07-23 04:11:10.255519131+00:00,24,1,42054026,,0.7002,2147483647,51062845,11744,8,4,1,0,M6AZ6
2026-07-23 11:33:15.022646598+00:00,2026-07-23 11:33:15.022343707+00:00,24,1,42054026,,0.6981,2147483647,56860020,11265,4,4,1,0,M6AZ6
2026-07-23 11:41:18.284596364+00:00,2026-07-23 11:41:18.284489911+00:00,24,1,42244728,,0.698,2147483647,57111674,14390,7,4,1,0,M6AU6
2026-07-23 11:41:30.294126625+00:00,2026-07-23 11:41:30.293742005+00:00,24,1,42244728,,0.6978,2147483647,57122698,12741,4,4,1,0,M6AU6
2026-07-23 11:41:30.396134217+00:00,2026-07-23 11:41:30.396014125+00:00,24,1,42244728,,0.6979,2147483647,57123397,15379,7,4,1,0,M6AU6
2026-07-23 11:41:30.407416447+00:00,2026-07-23 11:41:30.407123843+00:00,24,1,42054026,,0.6974,2147483647,57123515,12497,7,4,1,0,M6AZ6
2026-07-23 11:41:30.407890553+00:00,2026-07-23 11:41:30.407424231+00:00,24,1,42054026,,0.6973,2147483647,57123542,12010,7,4,1,0,M6AZ6
2026-07-23 11:41:36.590839920+00:00,2026-07-23 11:41:36.590661355+00:00,24,1,42244728,,0.6978,2147483647,57131523,11616,7,4,1,0,M6AU6
2026-07-23 12:21:08.528524252+00:00,2026-07-23 12:21:08.528093525+00:00,24,1,42054026,,0.6972,2147483647,58114504,15377,7,4,1,0,M6AZ6
2026-07-23 12:22:12.695878490+00:00,2026-07-23 12:22:12.695112339+00:00,24,1,42054026,,0.6971,2147483647,58141112,12344,7,4,1,0,M6AZ6
2026-07-23 12:22:48.286508405+00:00,2026-07-23 12:22:48.286269479+00:00,24,1,42244728,,0.6977,2147483647,58157783,12024,4,4,1,0,M6AU6
2026-07-23 12:23:04.040277022+00:00,2026-07-23 12:23:04.039153413+00:00,24,1,42054026,,0.697,2147483647,58163517,15727,7,4,1,0,M6AZ6
2026-07-23 12:23:11.340025078+00:00,2026-07-23 12:23:11.339910595+00:00,24,1,42244728,,0.6977,2147483647,58167887,16054,7,4,1,0,M6AU6
2026-07-23 12:24:07.998795562+00:00,2026-07-23 12:24:07.998380885+00:00,24,1,42054026,,0.6969,2147483647,58191593,11294,7,4,1,0,M6AZ6
2026-07-23 12:24:14.576635407+00:00,2026-07-23 12:24:14.576362427+00:00,24,1,42244728,,0.6976,2147483647,58194550,11344,4,4,1,0,M6AU6
2026-07-23 12:24:23.304914123+00:00,2026-07-23 12:24:23.304647661+00:00,24,1,42244728,,0.6976,2147483647,58201824,13141,7,4,1,0,M6AU6
2026-07-23 12:30:00.146044811+00:00,2026-07-23 12:30:00.145760059+00:00,24,1,42244728,,0.6975,2147483647,58327471,11564,4,4,1,0,M6AU6
2026-07-23 12:30:00.827307743+00:00,2026-07-23 12:30:00.826403351+00:00,24,1,42244728,,0.6975,2147483647,58329938,15918,7,4,1,0,M6AU6
2026-07-23 12:30:00.827690649+00:00,2026-07-23 12:30:00.826440809+00:00,24,1,42054026,,0.6965,2147483647,58329943,18022,4,4,1,0,M6AZ6
2026-07-23 12:30:00.828511349+00:00,2026-07-23 12:30:00.826507181+00:00,24,1,42244728,,0.697,2147483647,58329962,15649,4,4,1,0,M6AU6
2026-07-23 12:30:00.828691551+00:00,2026-07-23 12:30:00.826575299+00:00,24,1,42244728,,0.6974,2147483647,58329979,15224,7,4,1,0,M6AU6
2026-07-23 12:30:00.828831377+00:00,2026-07-23 12:30:00.826599049+00:00,24,1,42244728,,0.6973,2147483647,58329989,11905,7,4,1,0,M6AU6
2026-07-23 12:30:00.830328400+00:00,2026-07-23 12:30:00.826817631+00:00,24,1,42054026,,0.696,2147483647,58330043,14121,4,4,1,0,M6AZ6
2026-07-23 12:30:00.834690740+00:00,2026-07-23 12:30:00.833161295+00:00,24,1,42244728,,0.6969,2147483647,58330103,15699,7,4,1,0,M6AU6
2026-07-23 12:30:00.836288238+00:00,2026-07-23 12:30:00.834583919+00:00,24,1,42244728,,0.6968,2147483647,58330122,17631,4,4,1,0,M6AU6
2026-07-23 12:30:00.853185582+00:00,2026-07-23 12:30:00.852921297+00:00,24,1,42244728,,0.6967,2147483647,58330447,14817,4,4,1,0,M6AU6
2026-07-23 12:30:01.228074387+00:00,2026-07-23 12:30:01.227952657+00:00,24,1,42244728,,0.6968,2147483647,58332492,16381,7,4,1,0,M6AU6
2026-07-23 12:36:03.955718316+00:00,2026-07-23 12:36:03.954563797+00:00,24,1,42054026,,0.6968,2147483647,58457767,13566,7,4,1,0,M6AZ6
2026-07-23 12:36:22.068274892+00:00,2026-07-23 12:36:22.068076304+00:00,24,1,42054026,,0.6967,2147483647,58465256,11653,7,4,1,0,M6AZ6
2026-07-23 12:36:35.096148305+00:00,2026-07-23 12:36:35.095579859+00:00,24,1,42054026,,0.6966,2147483647,58473756,14980,7,4,1,0,M6AZ6
2026-07-23 12:36:38.243021699+00:00,2026-07-23 12:36:38.242262319+00:00,24,1,42054026,,0.6965,2147483647,58476458,16729,7,4,1,0,M6AZ6
2026-07-23 12:37:01.467361998+00:00,2026-07-23 12:37:01.466717735+00:00,24,1,42054026,,0.6964,2147483647,58494066,12574,7,4,1,0,M6AZ6
2026-07-23 12:42:05.350744230+00:00,2026-07-23 12:42:05.350505673+00:00,24,1,42054026,,0.6963,2147483647,58645871,14389,7,4,1,0,M6AZ6
2026-07-23 12:42:39.189752830+00:00,2026-07-23 12:42:39.189364285+00:00,24,1,42054026,,0.6962,2147483647,58667371,15149,7,4,1,0,M6AZ6
2026-07-23 12:42:58.463185505+00:00,2026-07-23 12:42:58.462780083+00:00,24,1,42054026,,0.6961,2147483647,58679369,13023,7,4,1,0,M6AZ6
2026-07-23 13:05:47.351121147+00:00,2026-07-23 13:05:47.350612775+00:00,24,1,42054026,,0.696,2147483647,59377374,12738,7,4,1,0,M6AZ6
2026-07-23 13:05:47.517483253+00:00,2026-07-23 13:05:47.517257691+00:00,24,1,42244728,,0.6967,2147483647,59378198,11884,7,4,1,0,M6AU6
2026-07-23 13:05:48.784550811+00:00,2026-07-23 13:05:48.784088778+00:00,24,1,42054026,,0.6959,2147483647,59379305,13822,7,4,1,0,M6AZ6
2026-07-23 13:06:09.749551873+00:00,2026-07-23 13:06:09.749148683+00:00,24,1,42244728,,0.6965,2147483647,59394216,12331,4,4,1,0,M6AU6
2026-07-23 13:06:09.950844307+00:00,2026-07-23 13:06:09.950329231+00:00,24,1,42244728,,0.6966,2147483647,59394355,16352,7,4,1,0,M6AU6
2026-07-23 13:06:13.631488452+00:00,2026-07-23 13:06:13.631276658+00:00,24,1,42054026,,0.6958,2147483647,59398160,11565,7,4,1,0,M6AZ6
2026-07-23 13:06:24.784108745+00:00,2026-07-23 13:06:24.783809381+00:00,24,1,42054026,,0.6955,2147483647,59408987,16048,4,4,1,0,M6AZ6
2026-07-23 13:06:24.784348752+00:00,2026-07-23 13:06:24.784226177+00:00,24,1,42244728,,0.6965,2147483647,59408994,11389,7,4,1,0,M6AU6
2026-07-23 13:06:33.320225489+00:00,2026-07-23 13:06:33.319707667+00:00,24,1,42054026,,0.6957,2147483647,59414513,12941,7,4,1,0,M6AZ6
2026-07-23 13:06:37.649961020+00:00,2026-07-23 13:06:37.649658117+00:00,24,1,42244728,,0.6964,2147483647,59418442,13759,4,4,1,0,M6AU6
2026-07-23 13:06:37.838044617+00:00,2026-07-23 13:06:37.837944431+00:00,24,1,42244728,,0.6964,2147483647,59418901,14470,7,4,1,0,M6AU6
2026-07-23 13:07:14.075351129+00:00,2026-07-23 13:07:14.074564423+00:00,24,1,42054026,,0.6956,2147483647,59448039,12272,7,4,1,0,M6AZ6
2026-07-23 13:07:16.571820074+00:00,2026-07-23 13:07:16.571473129+00:00,24,1,42244728,,0.6963,2147483647,59450836,15112,4,4,1,0,M6AU6
2026-07-23 13:07:16.573438262+00:00,2026-07-23 13:07:16.573305801+00:00,24,1,42244728,,0.6963,2147483647,59450863,11580,7,4,1,0,M6AU6
2026-07-23 13:09:46.510557339+00:00,2026-07-23 13:09:46.509232595+00:00,24,1,42054026,,0.6955,2147483647,59553965,12227,7,4,1,0,M6AZ6
2026-07-23 13:12:23.974310858+00:00,2026-07-23 13:12:23.973800041+00:00,24,1,42244728,,0.6961,2147483647,59665573,13107,4,4,1,0,M6AU6
2026-07-23 13:12:30.040370566+00:00,2026-07-23 13:12:30.040139333+00:00,24,1,42244728,,0.6962,2147483647,59670878,12958,7,4,1,0,M6AU6
2026-07-23 13:13:38.604305058+00:00,2026-07-23 13:13:38.603985405+00:00,24,1,42054026,,0.6954,2147483647,59718806,12226,7,4,1,0,M6AZ6
2026-07-23 14:21:05.392226364+00:00,2026-07-23 14:21:05.392139299+00:00,24,1,42054026,2026-07-22 00:00:00+00:00,,113,62157531,15480,9,4,1,0,M6AZ6
2026-07-23 14:21:05.392226364+00:00,2026-07-23 14:21:05.392139299+00:00,24,1,42054026,2026-07-22 00:00:00+00:00,,6,62157531,15480,6,4,1,0,M6AZ6
2026-07-23 14:21:05.915359588+00:00,2026-07-23 14:21:05.915278879+00:00,24,1,42244728,2026-07-22 00:00:00+00:00,,3125,62157747,12747,9,4,1,0,M6AU6
2026-07-23 14:21:05.915359588+00:00,2026-07-23 14:21:05.915278879+00:00,24,1,42244728,2026-07-22 00:00:00+00:00,,2750,62157747,12747,6,4,1,0,M6AU6
2026-07-23 15:30:54.657745836+00:00,2026-07-23 15:30:54.657416957+00:00,24,1,42244728,,0.6961,2147483647,64502050,13434,7,4,1,0,M6AU6
2026-07-23 15:31:03.199636116+00:00,2026-07-23 15:31:03.199152201+00:00,24,1,42054026,,0.6953,2147483647,64508715,14147,7,4,1,0,M6AZ6
2026-07-23 15:31:07.430943331+00:00,2026-07-23 15:31:07.430399555+00:00,24,1,42244728,,0.6959,2147483647,64513053,16032,4,4,1,0,M6AU6
2026-07-23 15:31:07.809601695+00:00,2026-07-23 15:31:07.809483411+00:00,24,1,42244728,,0.696,2147483647,64513556,13952,7,4,1,0,M6AU6
2026-07-23 15:31:12.218523017+00:00,2026-07-23 15:31:12.218237577+00:00,24,1,42054026,,0.695,2147483647,64515559,14861,4,4,1,0,M6AZ6
2026-07-23 15:31:26.136952883+00:00,2026-07-23 15:31:26.136240073+00:00,24,1,42054026,,0.6952,2147483647,64521823,11791,7,4,1,0,M6AZ6
2026-07-23 15:32:35.404326315+00:00,2026-07-23 15:32:35.403070597+00:00,24,1,42244728,,0.6959,2147483647,64564981,15157,7,4,1,0,M6AU6
2026-07-23 15:32:35.406656382+00:00,2026-07-23 15:32:35.403746675+00:00,24,1,42054026,,0.6951,2147483647,64565058,11916,7,4,1,0,M6AZ6
2026-07-23 19:04:19.597582055+00:00,2026-07-23 19:04:19.597506653+00:00,24,1,42244728,2026-07-23 00:00:00+00:00,0.696,2147483647,68283650,15022,3,4,1,6,M6AU6
2026-07-23 19:04:19.597592711+00:00,2026-07-23 19:04:19.597506653+00:00,24,1,42244728,2026-07-23 00:00:00+00:00,0.696,2147483647,68283651,13617,3,4,1,2,M6AU6
2026-07-23 19:04:19.597592711+00:00,2026-07-23 19:04:19.597506653+00:00,24,1,42054026,2026-07-23 00:00:00+00:00,0.695,2147483647,68283651,13617,3,4,1,6,M6AZ6
2026-07-23 19:04:19.597598239+00:00,2026-07-23 19:04:19.597506653+00:00,24,1,42054026,2026-07-23 00:00:00+00:00,0.695,2147483647,68283652,11263,3,4,1,2,M6AZ6
2026-07-23 19:10:22.921223316+00:00,2026-07-23 19:10:22.920690563+00:00,24,1,42244728,,0.6958,2147483647,68327774,13636,4,4,1,0,M6AU6
2026-07-23 19:10:23.022583646+00:00,2026-07-23 19:10:23.022242447+00:00,24,1,42244728,,0.6957,2147483647,68327784,11474,4,4,1,0,M6AU6
2026-07-23 19:10:56.752292566+00:00,2026-07-23 19:10:56.751609229+00:00,24,1,42244728,,0.6958,2147483647,68331611,16037,7,4,1,0,M6AU6
2026-07-23 19:15:00.080780439+00:00,2026-07-23 19:15:00.079715461+00:00,24,1,42054026,,0.695,2147483647,68356386,11450,7,4,1,0,M6AZ6
2026-07-23 19:18:34.077135881+00:00,2026-07-23 19:18:34.076837465+00:00,24,1,42244728,,0.6957,2147483647,68389494,12921,7,4,1,0,M6AU6
2026-07-23 19:18:53.253282787+00:00,2026-07-23 19:18:53.253005205+00:00,24,1,42244728,,0.6956,2147483647,68393884,11353,4,4,1,0,M6AU6
2026-07-23 19:19:24.378077142+00:00,2026-07-23 19:19:24.377727909+00:00,24,1,42054026,,0.6949,2147483647,68399983,12182,7,4,1,0,M6AZ6
2026-07-23 21:38:06.236454627+00:00,2026-07-23 21:38:06.234766417+00:00,24,1,42054026,2026-07-23 00:00:00+00:00,0.695,2147483647,69152174,15468,3,4,1,6,M6AZ6
2026-07-23 21:38:51.929332444+00:00,2026-07-23 21:38:51.927714773+00:00,24,1,42141216,2026-07-23 00:00:00+00:00,-0.001,2147483647,69152854,15599,3,4,1,2,M6AZ6-M6AU6
2026-07-23 21:40:04.646205028+00:00,2026-07-23 21:40:04.644501577+00:00,24,1,42244728,2026-07-23 00:00:00+00:00,0.696,2147483647,69154252,15475,3,4,1,6,M6AU6
2026-07-23 22:00:00.015338279+00:00,2026-07-23 22:00:00.001062295+00:00,24,1,42244728,,0.696,2147483647,69158063,12570,8,4,1,0,M6AU6
2026-07-23 22:00:00.015338279+00:00,2026-07-23 22:00:00.001062295+00:00,24,1,42244728,,0.6967,2147483647,69158063,12570,7,4,1,0,M6AU6
2026-07-23 22:00:00.064131601+00:00,2026-07-23 22:00:00.063928391+00:00,24,1,42141216,,-0.01,2147483647,69158561,15439,8,4,1,0,M6AZ6-M6AU6
2026-07-23 22:00:00.064131601+00:00,2026-07-23 22:00:00.063928391+00:00,24,1,42141216,,-0.0009,2147483647,69158561,15439,7,4,1,0,M6AZ6-M6AU6
2026-07-23 22:00:00.064149302+00:00,2026-07-23 22:00:00.063949319+00:00,24,1,42141216,,-0.0011,2147483647,69158563,12081,8,4,1,0,M6AZ6-M6AU6
2026-07-23 22:00:00.158130699+00:00,2026-07-23 22:00:00.158023837+00:00,24,1,42244728,,0.6966,2147483647,69159241,13070,7,4,1,0,M6AU6
2026-07-23 22:00:00.158364563+00:00,2026-07-23 22:00:00.158269757+00:00,24,1,42244728,,0.6965,2147483647,69159245,14389,7,4,1,0,M6AU6
2026-07-23 22:00:00.188997548+00:00,2026-07-23 22:00:00.188877283+00:00,24,1,42054026,,0.6947,2147483647,69159410,11788,8,4,1,0,M6AZ6
2026-07-23 22:00:00.188997548+00:00,2026-07-23 22:00:00.188877283+00:00,24,1,42054026,,0.7009,2147483647,69159410,11788,7,4,1,0,M6AZ6
2026-07-23 22:00:00.276440185+00:00,2026-07-23 22:00:00.276329037+00:00,24,1,42054026,,0.6961,2147483647,69159543,11839,7,4,1,0,M6AZ6
2026-07-23 22:00:00.870343121+00:00,2026-07-23 22:00:00.870241397+00:00,24,1,42244728,,0.6961,2147483647,69160867,14854,8,4,1,0,M6AU6
2026-07-23 22:00:01.367438739+00:00,2026-07-23 22:00:01.367346781+00:00,24,1,42244728,,0.6964,2147483647,69162221,11648,7,4,1,0,M6AU6
2026-07-23 22:00:06.048739132+00:00,2026-07-23 22:00:06.048626175+00:00,24,1,42244728,,0.6962,2147483647,69164066,14617,8,4,1,0,M6AU6
2026-07-23 22:00:08.555053889+00:00,2026-07-23 22:00:08.554953815+00:00,24,1,42244728,,0.6963,2147483647,69164673,11677,7,4,1,0,M6AU6
2026-07-23 22:00:10.133691095+00:00,2026-07-23 22:00:10.133066068+00:00,24,1,42244728,,0.6962,2147483647,69165790,21805,7,4,1,0,M6AU6
2026-07-23 22:00:10.133972379+00:00,2026-07-23 22:00:10.133815843+00:00,24,1,42054026,,0.6958,2147483647,69165807,12336,7,4,1,0,M6AZ6
2026-07-23 22:01:15.338737945+00:00,2026-07-23 22:01:15.338617681+00:00,24,1,42054026,,0.6948,2147483647,69177369,11879,8,4,1,0,M6AZ6
2026-07-23 22:01:15.338934695+00:00,2026-07-23 22:01:15.338739211+00:00,24,1,42054026,,0.6957,2147483647,69177381,15157,7,4,1,0,M6AZ6
2026-07-23 22:01:24.776742264+00:00,2026-07-23 22:01:24.776625531+00:00,24,1,42244728,,0.6961,2147483647,69178560,14983,7,4,1,0,M6AU6
2026-07-23 22:03:03.409568950+00:00,2026-07-23 22:03:03.409181547+00:00,24,1,42244728,,0.6961,2147483647,69180901,11445,5,4,1,0,M6AU6
2026-07-23 22:03:03.409568950+00:00,2026-07-23 22:03:03.409181547+00:00,24,1,42244728,,0.6961,2147483647,69180901,11445,4,4,1,0,M6AU6
2026-07-23 22:03:03.409568950+00:00,2026-07-23 22:03:03.409181547+00:00,24,1,42244728,,0.6961,2147483647,69180901,11445,1,4,1,0,M6AU6
2026-07-23 22:03:25.197011451+00:00,2026-07-23 22:03:25.196607887+00:00,24,1,42244728,,0.6962,2147483647,69181345,11458,5,4,1,0,M6AU6
2026-07-23 22:12:29.716524302+00:00,2026-07-23 22:12:29.716231235+00:00,24,1,42244728,,0.696,2147483647,69197889,13378,4,4,1,0,M6AU6
2026-07-23 22:38:19.139846563+00:00,2026-07-23 22:38:19.139511181+00:00,24,1,42054026,,0.6955,2147483647,69232753,11693,7,4,1,0,M6AZ6
2026-07-23 22:38:19.140031833+00:00,2026-07-23 22:38:19.139530305+00:00,24,1,42054026,,0.6949,2147483647,69232768,14754,8,4,1,0,M6AZ6
2026-07-23 22:38:19.140839190+00:00,2026-07-23 22:38:19.139858015+00:00,24,1,42054026,,0.6954,2147483647,69232825,11752,7,4,1,0,M6AZ6
2026-07-23 23:06:58.353902308+00:00,2026-07-23 23:06:58.353520433+00:00,24,1,42054026,2026-07-23 00:00:00+00:00,0.695,2147483647,69272824,15224,3,4,1,7,M6AZ6
2026-07-23 23:07:31.084310727+00:00,2026-07-23 23:07:31.083975799+00:00,24,1,42141216,2026-07-23 00:00:00+00:00,-0.001,2147483647,69274202,15323,3,4,1,3,M6AZ6-M6AU6
2026-07-23 23:10:06.220647889+00:00,2026-07-23 23:10:06.220305259+00:00,24,1,42244728,2026-07-23 00:00:00+00:00,0.696,2147483647,69280012,16160,3,4,1,7,M6AU6
2026-07-23 23:25:45.413682412+00:00,2026-07-23 23:25:45.413172815+00:00,24,1,42054026,,0.695,2147483647,69309656,12039,8,4,1,0,M6AZ6
2026-07-23 23:25:45.414783092+00:00,2026-07-23 23:25:45.413691827+00:00,24,1,42054026,,0.6951,2147483647,69309735,15273,8,4,1,0,M6AZ6
2026-07-23 23:30:50.366865476+00:00,2026-07-23 23:30:50.366447837+00:00,24,1,42244728,,0.6963,2147483647,69317352,14464,5,4,1,0,M6AU6
2026-07-23 23:31:50.983310903+00:00,2026-07-23 23:31:50.983195209+00:00,24,1,42244728,,0.6963,2147483647,69319286,14748,8,4,1,0,M6AU6
2026-07-23 23:53:46.191082982+00:00,2026-07-23 23:53:46.190884897+00:00,24,1,42054026,,0.6953,2147483647,69411081,12167,7,4,1,0,M6AZ6
2026-07-23 23:56:30.687535275+00:00,2026-07-23 23:56:30.687408929+00:00,24,1,42244728,,0.696,2147483647,69429562,15210,7,4,1,0,M6AU6
2026-07-24 00:06:48.531667689+00:00,2026-07-24 00:06:48.531373993+00:00,24,1,42244728,,0.6964,2147483647,69626049,11471,5,4,1,0,M6AU6
2026-07-24 00:08:40.730877599+00:00,2026-07-24 00:08:40.730599871+00:00,24,1,42244728,,0.6965,2147483647,69653009,11233,5,4,1,0,M6AU6
2026-07-24 00:08:41.430468446+00:00,2026-07-24 00:08:41.430334403+00:00,24,1,42244728,,0.6964,2147483647,69653848,12032,8,4,1,0,M6AU6
2026-07-24 00:23:35.384645553+00:00,2026-07-24 00:23:35.384359246+00:00,24,1,42054026,,0.6952,2147483647,69847921,12710,8,4,1,0,M6AZ6
2026-07-24 00:39:22.241510438+00:00,2026-07-24 00:39:22.240532787+00:00,24,1,42244728,,0.6965,2147483647,70002982,15351,8,4,1,0,M6AU6
2026-07-24 00:39:22.241544324+00:00,2026-07-24 00:39:22.240787789+00:00,24,1,42054026,,0.6953,2147483647,70002984,12248,8,4,1,0,M6AZ6
2026-07-24 00:44:10.393111122+00:00,2026-07-24 00:44:10.392748901+00:00,24,1,42244728,,0.6966,2147483647,70046833,11632,5,4,1,0,M6AU6
2026-07-24 00:47:23.994765802+00:00,2026-07-24 00:47:23.994565861+00:00,24,1,42054026,,0.6954,2147483647,70074692,11758,8,4,1,0,M6AZ6
2026-07-24 00:47:24.005043011+00:00,2026-07-24 00:47:24.004929785+00:00,24,1,42244728,,0.6966,2147483647,70074813,16017,8,4,1,0,M6AU6
2026-07-24 00:47:27.806412451+00:00,2026-07-24 00:47:27.806102037+00:00,24,1,42244728,,0.6967,2147483647,70076139,15200,8,4,1,0,M6AU6
2026-07-24 00:47:27.807353086+00:00,2026-07-24 00:47:27.806720871+00:00,24,1,42054026,,0.6955,2147483647,70076192,12459,8,4,1,0,M6AZ6
2026-07-24 00:47:42.196218807+00:00,2026-07-24 00:47:42.195928423+00:00,24,1,42244728,,0.6968,2147483647,70079355,11580,5,4,1,0,M6AU6
2026-07-24 00:56:00.023612150+00:00,2026-07-24 00:56:00.023215967+00:00,24,1,42244728,,0.6968,2147483647,70189580,13359,8,4,1,0,M6AU6
2026-07-24 00:56:54.350772689+00:00,2026-07-24 00:56:54.350627309+00:00,24,1,42054026,,0.6956,2147483647,70200596,11723,8,4,1,0,M6AZ6
2026-07-24 00:57:49.023862679+00:00,2026-07-24 00:57:49.022823447+00:00,24,1,42244728,,0.6969,2147483647,70213276,14664,5,4,1,0,M6AU6
2026-07-24 00:57:49.023862679+00:00,2026-07-24 00:57:49.022827459+00:00,24,1,42244728,,0.6969,2147483647,70213276,14664,8,4,1,0,M6AU6
2026-07-24 00:58:12.051116977+00:00,2026-07-24 00:58:12.050750265+00:00,24,1,42054026,,0.6957,2147483647,70220747,11876,8,4,1,0,M6AZ6
2026-07-24 00:58:39.239106617+00:00,2026-07-24 00:58:39.239001477+00:00,24,1,42244728,,0.697,2147483647,70230300,14205,8,4,1,0,M6AU6
2026-07-24 00:59:12.427145249+00:00,2026-07-24 00:59:12.426762119+00:00,24,1,42054026,,0.6958,2147483647,70241545,12933,8,4,1,0,M6AZ6
2026-07-24 01:00:00.173455287+00:00,2026-07-24 01:00:00.172462583+00:00,24,1,42244728,,0.6971,2147483647,70260307,13935,5,4,1,0,M6AU6
2026-07-24 01:00:00.173455287+00:00,2026-07-24 01:00:00.172464233+00:00,24,1,42244728,,0.6971,2147483647,70260307,13935,8,4,1,0,M6AU6
2026-07-24 01:00:00.193889995+00:00,2026-07-24 01:00:00.193588179+00:00,24,1,42244728,,0.6972,2147483647,70260480,12306,5,4,1,0,M6AU6
2026-07-24 01:20:33.956189839+00:00,2026-07-24 01:20:33.955901773+00:00,24,1,42054026,,0.6954,2147483647,70576300,11357,5,4,1,0,M6AZ6
2026-07-24 01:20:33.956189839+00:00,2026-07-24 01:20:33.955901773+00:00,24,1,42054026,,0.6954,2147483647,70576300,11357,4,4,1,0,M6AZ6
2026-07-24 01:20:33.956189839+00:00,2026-07-24 01:20:33.955901773+00:00,24,1,42054026,,0.6954,2147483647,70576300,11357,1,4,1,0,M6AZ6
2026-07-24 01:41:59.576463607+00:00,2026-07-24 01:41:59.575899537+00:00,24,1,42054026,,0.6959,2147483647,70874270,13043,8,4,1,0,M6AZ6
2026-07-24 01:42:42.185704606+00:00,2026-07-24 01:42:42.185579209+00:00,24,1,42244728,,0.6972,2147483647,70883566,17668,8,4,1,0,M6AU6
2026-07-24 01:43:53.721806301+00:00,2026-07-24 01:43:53.721637585+00:00,24,1,42054026,,0.696,2147483647,70896905,11495,8,4,1,0,M6AZ6
2026-07-24 01:44:12.984708803+00:00,2026-07-24 01:44:12.983794447+00:00,24,1,42244728,,0.6975,2147483647,70901522,14073,5,4,1,0,M6AU6
2026-07-24 01:44:12.985394244+00:00,2026-07-24 01:44:12.984788771+00:00,24,1,42244728,,0.6973,2147483647,70901571,11555,8,4,1,0,M6AU6
2026-07-24 02:30:38.787358906+00:00,2026-07-24 02:30:38.787189735+00:00,24,1,42054026,,0.6961,2147483647,71388202,12004,8,4,1,0,M6AZ6
2026-07-24 02:31:22.701258076+00:00,2026-07-24 02:31:22.700985249+00:00,24,1,42244728,,0.6974,2147483647,71395709,11589,8,4,1,0,M6AU6
2026-07-24 02:31:29.095321465+00:00,2026-07-24 02:31:29.095088441+00:00,24,1,42054026,,0.6962,2147483647,71398618,15953,8,4,1,0,M6AZ6
2026-07-24 03:30:54.937594635+00:00,2026-07-24 03:30:54.937300783+00:00,24,1,42054026,,0.6958,2147483647,71949699,11250,5,4,1,0,M6AZ6
2026-07-24 04:04:22.987804375+00:00,2026-07-24 04:04:22.987708193+00:00,24,1,42244728,2026-07-23 00:00:00+00:00,,3043,72204022,11745,9,4,1,0,M6AU6
2026-07-24 04:04:22.987804375+00:00,2026-07-24 04:04:22.987708193+00:00,24,1,42244728,2026-07-23 00:00:00+00:00,,4333,72204022,11745,6,4,1,0,M6AU6
2026-07-24 04:04:22.987804375+00:00,2026-07-24 04:04:22.987708193+00:00,24,1,42054026,2026-07-23 00:00:00+00:00,,140,72204022,11745,9,4,1,0,M6AZ6
2026-07-24 04:04:22.987804375+00:00,2026-07-24 04:04:22.987708193+00:00,24,1,42054026,2026-07-23 00:00:00+00:00,,61,72204022,11745,6,4,1,0,M6AZ6
2026-07-24 06:37:39.719909142+00:00,2026-07-24 06:37:39.719662253+00:00,24,1,42244728,,0.6975,2147483647,73610914,12920,8,4,1,0,M6AU6
2026-07-24 06:56:26.094807148+00:00,2026-07-24 06:56:26.094453775+00:00,24,1,42054026,,0.6963,2147483647,73822428,11336,8,4,1,0,M6AZ6
2026-07-24 06:59:05.004175235+00:00,2026-07-24 06:59:05.003815023+00:00,24,1,42244728,,0.6977,2147483647,73861059,13014,5,4,1,0,M6AU6
2026-07-24 06:59:05.004743679+00:00,2026-07-24 06:59:05.003880129+00:00,24,1,42244728,,0.6976,2147483647,73861066,13935,8,4,1,0,M6AU6
2026-07-24 06:59:07.944217050+00:00,2026-07-24 06:59:07.943886445+00:00,24,1,42054026,,0.6964,2147483647,73864722,11754,8,4,1,0,M6AZ6
2026-07-24 07:00:00.059018331+00:00,2026-07-24 07:00:00.058885033+00:00,24,1,42244728,,0.6977,2147483647,73884625,11641,8,4,1,0,M6AU6
2026-07-24 07:00:15.845165572+00:00,2026-07-24 07:00:15.844800655+00:00,24,1,42054026,,0.6965,2147483647,73895844,12235,8,4,1,0,M6AZ6
2026-07-24 07:00:22.782257492+00:00,2026-07-24 07:00:22.781647887+00:00,24,1,42244728,,0.6979,2147483647,73899380,15708,5,4,1,0,M6AU6
2026-07-24 07:00:24.393201388+00:00,2026-07-24 07:00:24.393098067+00:00,24,1,42244728,,0.6978,2147483647,73900360,15596,8,4,1,0,M6AU6
2026-07-24 07:00:59.639819476+00:00,2026-07-24 07:00:59.639689073+00:00,24,1,42054026,,0.6966,2147483647,73915387,13195,8,4,1,0,M6AZ6
2026-07-24 07:02:32.865636077+00:00,2026-07-24 07:02:32.865287493+00:00,24,1,42244728,,0.6979,2147483647,73943073,12118,8,4,1,0,M6AU6
2026-07-24 07:02:48.655280558+00:00,2026-07-24 07:02:48.654445393+00:00,24,1,42054026,,0.6967,2147483647,73948757,17060,8,4,1,0,M6AZ6
2026-07-24 07:03:43.151021033+00:00,2026-07-24 07:03:43.150458649+00:00,24,1,42244728,,0.6981,2147483647,73975391,15558,5,4,1,0,M6AU6
2026-07-24 07:03:43.156888919+00:00,2026-07-24 07:03:43.155851209+00:00,24,1,42244728,,0.698,2147483647,73975601,11670,8,4,1,0,M6AU6
2026-07-24 07:03:50.179556070+00:00,2026-07-24 07:03:50.179267099+00:00,24,1,42054026,,0.6968,2147483647,73980156,11233,8,4,1,0,M6AZ6
2026-07-24 07:11:53.265799495+00:00,2026-07-24 07:11:53.265673765+00:00,24,1,42244728,,0.6981,2147483647,74117023,11479,8,4,1,0,M6AU6
2026-07-24 07:12:05.120752755+00:00,2026-07-24 07:12:05.120429355+00:00,24,1,42054026,,0.6969,2147483647,74121163,12244,8,4,1,0,M6AZ6
2026-07-24 07:13:07.643052460+00:00,2026-07-24 07:13:07.642764699+00:00,24,1,42244728,,0.6982,2147483647,74140022,11489,5,4,1,0,M6AU6
2026-07-24 07:14:41.627513428+00:00,2026-07-24 07:14:41.627175275+00:00,24,1,42054026,,0.697,2147483647,74164948,13791,5,4,1,0,M6AZ6
2026-07-24 07:25:57.795586291+00:00,2026-07-24 07:25:57.795432957+00:00,24,1,42244728,,0.6982,2147483647,74344601,11320,8,4,1,0,M6AU6
2026-07-24 07:27:24.226220863+00:00,2026-07-24 07:27:24.225659823+00:00,24,1,42054026,,0.697,2147483647,74370834,13691,8,4,1,0,M6AZ6
2026-07-24 07:31:15.052592268+00:00,2026-07-24 07:31:15.050888855+00:00,24,1,42244728,,0.6983,2147483647,74445434,12112,5,4,1,0,M6AU6
2026-07-24 07:31:15.053451481+00:00,2026-07-24 07:31:15.052886055+00:00,24,1,42244728,,0.6983,2147483647,74445490,11906,8,4,1,0,M6AU6
2026-07-24 07:34:26.178781510+00:00,2026-07-24 07:34:26.178670295+00:00,24,1,42141216,,-0.001,2147483647,74511414,11280,7,4,1,0,M6AZ6-M6AU6
2026-07-24 09:09:16.863436750+00:00,2026-07-24 09:09:16.863110989+00:00,24,1,42244728,,0.6984,2147483647,75847740,13192,5,4,1,0,M6AU6
2026-07-24 09:09:36.439666692+00:00,2026-07-24 09:09:36.439197029+00:00,24,1,42054026,,0.6971,2147483647,75852123,11764,8,4,1,0,M6AZ6
2026-07-24 09:57:59.055790755+00:00,2026-07-24 09:57:59.055487541+00:00,24,1,42244728,,0.6984,2147483647,76392454,12332,8,4,1,0,M6AU6
2026-07-24 09:58:00.270816542+00:00,2026-07-24 09:58:00.270549811+00:00,24,1,42054026,,0.6972,2147483647,76393137,12542,8,4,1,0,M6AZ6
2026-07-24 09:59:43.780112502+00:00,2026-07-24 09:59:43.779795117+00:00,24,1,42244728,,0.6985,2147483647,76419750,11592,5,4,1,0,M6AU6
2026-07-24 09:59:49.899359046+00:00,2026-07-24 09:59:49.899245013+00:00,24,1,42244728,,0.6985,2147483647,76421659,14692,8,4,1,0,M6AU6
2026-07-24 09:59:55.646635459+00:00,2026-07-24 09:59:55.646472875+00:00,24,1,42054026,,0.6973,2147483647,76422916,12751,8,4,1,0,M6AZ6
2026-07-24 09:59:59.395497631+00:00,2026-07-24 09:59:59.395223651+00:00,24,1,42244728,,0.6986,2147483647,76424213,14398,5,4,1,0,M6AU6
2026-07-24 10:14:37.612963106+00:00,2026-07-24 10:14:37.612826645+00:00,24,1,42244728,,0.6986,2147483647,76594785,15422,8,4,1,0,M6AU6
2026-07-24 10:17:03.869153865+00:00,2026-07-24 10:17:03.868829993+00:00,24,1,42054026,,0.6974,2147483647,76617467,12101,8,4,1,0,M6AZ6
2026-07-24 10:18:11.395408473+00:00,2026-07-24 10:18:11.394979401+00:00,24,1,42244728,,0.6988,2147483647,76627081,13406,5,4,1,0,M6AU6
2026-07-24 10:18:23.507031675+00:00,2026-07-24 10:18:23.506901641+00:00,24,1,42244728,,0.6987,2147483647,76628972,11545,8,4,1,0,M6AU6
2026-07-24 10:20:58.644000534+00:00,2026-07-24 10:20:58.643697251+00:00,24,1,42054026,,0.6975,2147483647,76660598,11537,8,4,1,0,M6AZ6
2026-07-24 10:27:23.092204442+00:00,2026-07-24 10:27:23.091765875+00:00,24,1,42054026,,0.6976,2147483647,76740663,12784,8,4,1,0,M6AZ6
2026-07-24 10:27:23.092783695+00:00,2026-07-24 10:27:23.092648421+00:00,24,1,42244728,,0.6988,2147483647,76740699,11420,8,4,1,0,M6AU6
2026-07-24 10:27:44.443189153+00:00,2026-07-24 10:27:44.442787269+00:00,24,1,42244728,,0.6989,2147483647,76746643,16309,5,4,1,0,M6AU6
2026-07-24 14:18:08.713654508+00:00,2026-07-24 14:18:08.713577455+00:00,24,1,42244728,2026-07-23 00:00:00+00:00,,3043,80941263,17052,9,4,1,0,M6AU6
2026-07-24 14:18:08.713654508+00:00,2026-07-24 14:18:08.713577455+00:00,24,1,42244728,2026-07-23 00:00:00+00:00,,4333,80941263,17052,6,4,1,0,M6AU6
2026-07-24 14:18:18.766594484+00:00,2026-07-24 14:18:18.766515785+00:00,24,1,42054026,2026-07-23 00:00:00+00:00,,140,80944046,17299,9,4,1,0,M6AZ6
2026-07-24 14:18:18.766594484+00:00,2026-07-24 14:18:18.766515785+00:00,24,1,42054026,2026-07-23 00:00:00+00:00,,61,80944046,17299,6,4,1,0,M6AZ6
2026-07-24 15:10:55.759127060+00:00,2026-07-24 15:10:55.758754089+00:00,24,1,42244728,,0.6989,2147483647,82397354,12532,8,4,1,0,M6AU6
2026-07-24 15:11:02.949042161+00:00,2026-07-24 15:11:02.947867701+00:00,24,1,42054026,,0.6977,2147483647,82413700,11854,8,4,1,0,M6AZ6
2026-07-24 15:11:03.186182579+00:00,2026-07-24 15:11:03.185679269+00:00,24,1,42244728,,0.699,2147483647,82414855,13027,5,4,1,0,M6AU6
2026-07-24 15:11:03.187320255+00:00,2026-07-24 15:11:03.186541369+00:00,24,1,42244728,,0.699,2147483647,82414903,12326,8,4,1,0,M6AU6
2026-07-24 15:11:04.531305817+00:00,2026-07-24 15:11:04.530817651+00:00,24,1,42244728,,0.6991,2147483647,82422667,14619,5,4,1,0,M6AU6
2026-07-24 15:11:04.531573905+00:00,2026-07-24 15:11:04.531306251+00:00,24,1,42244728,,0.6991,2147483647,82422675,12648,8,4,1,0,M6AU6
2026-07-24 15:11:04.556138969+00:00,2026-07-24 15:11:04.555870189+00:00,24,1,42244728,,0.6992,2147483647,82422819,11213,5,4,1,0,M6AU6
2026-07-24 15:11:17.325692105+00:00,2026-07-24 15:11:17.325452707+00:00,24,1,42054026,,0.6978,2147483647,82454909,11500,8,4,1,0,M6AZ6
2026-07-24 15:14:45.918806420+00:00,2026-07-24 15:14:45.918497021+00:00,24,1,42054026,,0.6979,2147483647,82620954,12611,8,4,1,0,M6AZ6
2026-07-24 15:14:47.076217980+00:00,2026-07-24 15:14:47.075634725+00:00,24,1,42244728,,0.6992,2147483647,82622642,11659,8,4,1,0,M6AU6
2026-07-24 15:15:07.531311905+00:00,2026-07-24 15:15:07.529761375+00:00,24,1,42244728,,0.6994,2147483647,82660925,13741,5,4,1,0,M6AU6
2026-07-24 15:15:07.531311905+00:00,2026-07-24 15:15:07.529761375+00:00,24,1,42244728,,0.6993,2147483647,82660925,13741,8,4,1,0,M6AU6
2026-07-24 15:15:08.089953385+00:00,2026-07-24 15:15:08.089792469+00:00,24,1,42054026,,0.6981,2147483647,82665977,11183,8,4,1,0,M6AZ6
2026-07-24 15:15:08.103625033+00:00,2026-07-24 15:15:08.102599877+00:00,24,1,42244728,,0.6994,2147483647,82666286,12950,8,4,1,0,M6AU6
2026-07-24 15:15:54.150402884+00:00,2026-07-24 15:15:54.149926737+00:00,24,1,42054026,,0.6982,2147483647,82736869,13411,8,4,1,0,M6AZ6
2026-07-24 15:15:55.084024075+00:00,2026-07-24 15:15:55.083294755+00:00,24,1,42244728,,0.6996,2147483647,82739309,12710,5,4,1,0,M6AU6
2026-07-24 15:15:55.084663420+00:00,2026-07-24 15:15:55.084194986+00:00,24,1,42244728,,0.6995,2147483647,82739342,14452,8,4,1,0,M6AU6
2026-07-24 16:40:53.951329486+00:00,2026-07-24 16:40:53.951036865+00:00,24,1,42054026,,0.6973,2147483647,84284828,13556,5,4,1,0,M6AZ6
2026-07-24 19:04:11.053873007+00:00,2026-07-24 19:04:11.053732801+00:00,24,1,42244728,2026-07-24 00:00:00+00:00,0.6977,2147483647,85984826,17817,3,4,1,6,M6AU6
2026-07-24 19:04:11.053885859+00:00,2026-07-24 19:04:11.053732801+00:00,24,1,42244728,2026-07-24 00:00:00+00:00,0.69765,2147483647,85984827,14460,3,4,1,2,M6AU6
2026-07-24 19:04:11.053885859+00:00,2026-07-24 19:04:11.053732801+00:00,24,1,42054026,2026-07-24 00:00:00+00:00,0.6967,2147483647,85984827,14460,3,4,1,6,M6AZ6
2026-07-24 19:04:11.053885859+00:00,2026-07-24 19:04:11.053732801+00:00,24,1,42054026,2026-07-24 00:00:00+00:00,0.69665,2147483647,85984827,14460,3,4,1,2,M6AZ6
2026-07-24 21:38:07.590216398+00:00,2026-07-24 21:38:07.588327355+00:00,24,1,42054026,2026-07-24 00:00:00+00:00,0.6967,2147483647,86899790,15080,3,4,1,6,M6AZ6
2026-07-24 21:38:54.291449986+00:00,2026-07-24 21:38:54.289634689+00:00,24,1,42141216,2026-07-24 00:00:00+00:00,-0.001,2147483647,86900501,15651,3,4,1,2,M6AZ6-M6AU6
2026-07-24 21:40:08.465804603+00:00,2026-07-24 21:40:08.464012487+00:00,24,1,42244728,2026-07-24 00:00:00+00:00,0.6977,2147483647,86901940,16265,3,4,1,6,M6AU6
2026-07-26 13:03:31.501955567+00:00,2026-07-26 13:03:31.499556517+00:00,24,1,42054026,2026-07-24 00:00:00+00:00,0.6967,2147483647,3519,14626,3,4,1,7,M6AZ6
2026-07-26 13:04:02.829371335+00:00,2026-07-26 13:04:02.828214707+00:00,24,1,42141216,2026-07-24 00:00:00+00:00,-0.001,2147483647,3976,13542,3,4,1,3,M6AZ6-M6AU6
2026-07-26 13:06:29.663023030+00:00,2026-07-26 13:06:29.661887665+00:00,24,1,42244728,2026-07-24 00:00:00+00:00,0.6977,2147483647,6558,13551,3,4,1,7,M6AU6
2026-07-26 17:31:02.324353388+00:00,2026-07-26 17:31:02.324191195+00:00,24,1,42054026,2026-07-24 00:00:00+00:00,,139,7427,11411,9,4,1,0,M6AZ6
2026-07-26 17:31:02.324353388+00:00,2026-07-26 17:31:02.324191195+00:00,24,1,42054026,2026-07-24 00:00:00+00:00,,35,7427,11411,6,4,1,0,M6AZ6
2026-07-26 17:31:02.324353388+00:00,2026-07-26 17:31:02.324191195+00:00,24,1,42244728,2026-07-24 00:00:00+00:00,,3110,7427,11411,9,4,1,0,M6AU6
2026-07-26 17:31:02.324353388+00:00,2026-07-26 17:31:02.324191195+00:00,24,1,42244728,2026-07-24 00:00:00+00:00,,3267,7427,11411,6,4,1,0,M6AU6
2026-07-26 21:51:49.277504116+00:00,2026-07-26 21:51:49.277191661+00:00,24,1,42244728,,0.7001,2,9505,14297,2,4,1,0,M6AU6
2026-07-26 21:54:04.163082563+00:00,2026-07-26 21:54:04.162724889+00:00,24,1,42244728,,0.6984,1,9987,14278,2,4,1,0,M6AU6
2026-07-26 21:55:04.506376988+00:00,2026-07-26 21:55:04.506125565+00:00,24,1,42244728,,0.698,6,10511,14307,2,4,1,0,M6AU6
2026-07-26 21:59:59.992355271+00:00,2026-07-26 21:59:59.992125535+00:00,24,1,42244728,,0.6981,6,15390,11432,2,4,1,0,M6AU6
2026-07-26 22:00:00.049754531+00:00,2026-07-26 22:00:00+00:00,24,1,42244728,,0.6981,2147483647,15445,17173,5,4,1,0,M6AU6
2026-07-26 22:00:00.049754531+00:00,2026-07-26 22:00:00+00:00,24,1,42244728,,0.6981,2147483647,15445,17173,4,4,1,0,M6AU6
2026-07-26 22:00:00.049754531+00:00,2026-07-26 22:00:00+00:00,24,1,42244728,,0.6981,2147483647,15445,17173,1,4,1,0,M6AU6
2026-07-26 22:00:00.065500843+00:00,2026-07-26 22:00:00.002599487+00:00,24,1,42244728,,0.6992,2147483647,15737,14248,8,4,1,0,M6AU6
2026-07-26 22:00:00.065500843+00:00,2026-07-26 22:00:00.002599487+00:00,24,1,42244728,,0.7001,2147483647,15737,14248,7,4,1,0,M6AU6
2026-07-26 22:00:00.065542524+00:00,2026-07-26 22:00:00.002599487+00:00,24,1,42244728,,0.6999,2147483647,15738,12034,7,4,1,0,M6AU6
2026-07-26 22:00:00.110752203+00:00,2026-07-26 22:00:00.109609197+00:00,24,1,42141216,,-0.0012,2147483647,16772,11466,8,4,1,0,M6AZ6-M6AU6
2026-07-26 22:00:00.110752203+00:00,2026-07-26 22:00:00.109609197+00:00,24,1,42141216,,0.01,2147483647,16772,11466,7,4,1,0,M6AZ6-M6AU6
2026-07-26 22:00:00.124548932+00:00,2026-07-26 22:00:00.124139719+00:00,24,1,42141216,,-0.0008,2147483647,17130,13388,7,4,1,0,M6AZ6-M6AU6
2026-07-26 22:00:00.158269139+00:00,2026-07-26 22:00:00.158021093+00:00,24,1,42244728,,0.6998,2147483647,17329,11486,7,4,1,0,M6AU6
2026-07-26 22:00:00.159751111+00:00,2026-07-26 22:00:00.158458487+00:00,24,1,42244728,,0.6998,2147483647,17336,12690,5,4,1,0,M6AU6
2026-07-26 22:00:00.159751111+00:00,2026-07-26 22:00:00.158589789+00:00,24,1,42244728,,0.6997,2147483647,17336,12690,7,4,1,0,M6AU6
2026-07-26 22:00:00.160163255+00:00,2026-07-26 22:00:00.159964545+00:00,24,1,42244728,,0.6996,2147483647,17344,14478,7,4,1,0,M6AU6
2026-07-26 22:00:00.170056310+00:00,2026-07-26 22:00:00.169824819+00:00,24,1,42244728,,0.6995,2147483647,17376,14001,7,4,1,0,M6AU6
2026-07-26 22:00:00.226498119+00:00,2026-07-26 22:00:00.222155089+00:00,24,1,42054026,,0.6977,2147483647,17842,13280,8,4,1,0,M6AZ6
2026-07-26 22:00:00.226498119+00:00,2026-07-26 22:00:00.222155089+00:00,24,1,42054026,,0.7009,2147483647,17842,13280,7,4,1,0,M6AZ6
2026-07-26 22:00:00.227349825+00:00,2026-07-26 22:00:00.223221177+00:00,24,1,42054026,,0.6992,2147483647,17853,15020,7,4,1,0,M6AZ6
2026-07-26 22:00:00.238100404+00:00,2026-07-26 22:00:00.237836753+00:00,24,1,42054026,,0.6989,2147483647,18038,13576,7,4,1,0,M6AZ6
2026-07-26 22:00:00.270610846+00:00,2026-07-26 22:00:00.270434529+00:00,24,1,42244728,,0.6994,2147483647,18154,13413,7,4,1,0,M6AU6
2026-07-26 22:00:00.303437343+00:00,2026-07-26 22:00:00.301705781+00:00,24,1,42244728,,0.6999,2147483647,18330,16027,5,4,1,0,M6AU6
2026-07-26 22:00:01.485690513+00:00,2026-07-26 22:00:01.485500647+00:00,24,1,42141216,,-0.0011,2147483647,23970,12835,8,4,1,0,M6AZ6-M6AU6
2026-07-26 22:00:06.002934384+00:00,2026-07-26 22:00:06.002775855+00:00,24,1,42244728,,0.6993,2147483647,29276,12378,8,4,1,0,M6AU6
2026-07-26 22:00:08.081087507+00:00,2026-07-26 22:00:08.080573323+00:00,24,1,42244728,,0.6994,2147483647,31105,11552,8,4,1,0,M6AU6
2026-07-26 22:00:08.110442628+00:00,2026-07-26 22:00:08.110209883+00:00,24,1,42054026,,0.6979,2147483647,31445,11511,8,4,1,0,M6AZ6
2026-07-26 22:00:08.327607885+00:00,2026-07-26 22:00:08.327489857+00:00,24,1,42244728,,0.6995,2147483647,32625,13197,8,4,1,0,M6AU6
2026-07-26 22:00:10.516856693+00:00,2026-07-26 22:00:10.516746057+00:00,24,1,42244728,,0.6996,2147483647,35325,11417,8,4,1,0,M6AU6
2026-07-26 22:00:10.548131639+00:00,2026-07-26 22:00:10.547781945+00:00,24,1,42054026,,0.698,2147483647,36105,11469,8,4,1,0,M6AZ6
2026-07-26 22:00:23.369557910+00:00,2026-07-26 22:00:23.369260881+00:00,24,1,42141216,,-0.0009,2147483647,41204,13830,7,4,1,0,M6AZ6-M6AU6
2026-07-26 22:01:00.036791107+00:00,2026-07-26 22:01:00.036625357+00:00,24,1,42244728,,0.6997,2147483647,54293,11883,8,4,1,0,M6AU6
2026-07-26 22:01:29.011647238+00:00,2026-07-26 22:01:29.011224275+00:00,24,1,42054026,,0.6982,2147483647,59236,11418,8,4,1,0,M6AZ6
2026-07-26 22:01:29.012399897+00:00,2026-07-26 22:01:29.011657831+00:00,24,1,42054026,,0.6983,2147483647,59255,13524,8,4,1,0,M6AZ6
2026-07-26 22:02:30.019784155+00:00,2026-07-26 22:02:30.019606751+00:00,24,1,42244728,,0.6998,2147483647,71108,11699,8,4,1,0,M6AU6
2026-07-26 22:02:33.123709700+00:00,2026-07-26 22:02:33.123344725+00:00,24,1,42244728,,0.6999,2147483647,73549,11329,8,4,1,0,M6AU6
2026-07-26 22:02:33.914836196+00:00,2026-07-26 22:02:33.914311405+00:00,24,1,42244728,,0.7,2147483647,74789,12860,5,4,1,0,M6AU6
2026-07-26 22:02:33.915202110+00:00,2026-07-26 22:02:33.915086956+00:00,24,1,42244728,,0.7,2147483647,74801,10931,8,4,1,0,M6AU6
2026-07-26 22:02:33.921254115+00:00,2026-07-26 22:02:33.920989539+00:00,24,1,42054026,,0.6985,2147483647,74834,12134,8,4,1,0,M6AZ6
2026-07-26 22:02:33.921432859+00:00,2026-07-26 22:02:33.921261225+00:00,24,1,42054026,,0.6986,2147483647,74843,11687,8,4,1,0,M6AZ6
2026-07-26 22:02:35.072851919+00:00,2026-07-26 22:02:35.072522909+00:00,24,1,42244728,,0.7001,2147483647,75361,11274,5,4,1,0,M6AU6
2026-07-26 22:09:40.231966852+00:00,2026-07-26 22:09:40.231556331+00:00,24,1,42054026,,0.6983,2147483647,125785,11311,5,4,1,0,M6AZ6
2026-07-26 22:09:40.231966852+00:00,2026-07-26 22:09:40.231556331+00:00,24,1,42054026,,0.6983,2147483647,125785,11311,4,4,1,0,M6AZ6
2026-07-26 22:09:40.231966852+00:00,2026-07-26 22:09:40.231556331+00:00,24,1,42054026,,0.6983,2147483647,125785,11311,1,4,1,0,M6AZ6
2026-07-26 22:12:15.543130835+00:00,2026-07-26 22:12:15.542995353+00:00,24,1,42244728,,0.6993,2147483647,150650,11790,7,4,1,0,M6AU6
2026-07-26 22:12:57.669154966+00:00,2026-07-26 22:12:57.668529651+00:00,24,1,42054026,,0.6985,2147483647,156454,11670,7,4,1,0,M6AZ6
2026-07-26 22:13:20.799050870+00:00,2026-07-26 22:13:20.798909601+00:00,24,1,42244728,,0.6992,2147483647,160430,11873,7,4,1,0,M6AU6
2026-07-26 22:15:58.849410237+00:00,2026-07-26 22:15:58.848629086+00:00,24,1,42054026,,0.6984,2147483647,176411,11803,7,4,1,0,M6AZ6
2026-07-26 22:25:10.626888175+00:00,2026-07-26 22:25:10.626680195+00:00,24,1,42244728,,0.6991,2147483647,219531,13434,7,4,1,0,M6AU6
2026-07-26 22:26:28.624896154+00:00,2026-07-26 22:26:28.624733245+00:00,24,1,42054026,,0.6983,2147483647,225156,11917,7,4,1,0,M6AZ6
2026-07-26 22:29:10.278114153+00:00,2026-07-26 22:29:10.277697674+00:00,24,1,42244728,,0.699,2147483647,236228,11921,7,4,1,0,M6AU6
2026-07-26 22:29:10.280757644+00:00,2026-07-26 22:29:10.280428039+00:00,24,1,42054026,,0.698,2147483647,236345,11831,4,4,1,0,M6AZ6
2026-07-26 22:29:12.712495988+00:00,2026-07-26 22:29:12.711948173+00:00,24,1,42054026,,0.6982,2147483647,237064,11557,7,4,1,0,M6AZ6
2026-07-26 22:31:47.249805394+00:00,2026-07-26 22:31:47.248904467+00:00,24,1,42244728,,0.6989,2147483647,251021,12371,7,4,1,0,M6AU6
2026-07-26 22:32:10.616354628+00:00,2026-07-26 22:32:10.614921237+00:00,24,1,42054026,,0.6981,2147483647,253480,14432,7,4,1,0,M6AZ6
2026-07-26 22:38:47.409909487+00:00,2026-07-26 22:38:47.409791311+00:00,24,1,42244728,,0.6988,2147483647,273767,15245,7,4,1,0,M6AU6
2026-07-26 22:39:04.190443158+00:00,2026-07-26 22:39:04.189934731+00:00,24,1,42054026,,0.698,2147483647,274886,11772,7,4,1,0,M6AZ6
2026-07-26 22:42:43.079175988+00:00,2026-07-26 22:42:43.078919241+00:00,24,1,42244728,,0.6987,2147483647,286203,11716,7,4,1,0,M6AU6
2026-07-26 22:47:44.862929875+00:00,2026-07-26 22:47:44.862499869+00:00,24,1,42054026,,0.6979,2147483647,299647,11986,7,4,1,0,M6AZ6
2026-07-26 22:49:23.412030361+00:00,2026-07-26 22:49:23.411606461+00:00,24,1,42244728,,0.6986,2147483647,304231,15244,7,4,1,0,M6AU6
2026-07-26 22:58:15.102571627+00:00,2026-07-26 22:58:15.102215153+00:00,24,1,42054026,,0.6978,2147483647,322332,12896,7,4,1,0,M6AZ6
2026-07-26 22:58:31.840548339+00:00,2026-07-26 22:58:31.839667307+00:00,24,1,42244728,,0.6985,2147483647,324294,15110,7,4,1,0,M6AU6
2026-07-27 01:58:57.898283820+00:00,2026-07-27 01:58:57.898201895+00:00,24,1,42054026,,0.6987,2147483647,2380225,11646,8,4,1,0,M6AZ6
2026-07-27 06:26:47.034515276+00:00,2026-07-27 06:26:47.034221013+00:00,24,1,42054026,,0.6988,2147483647,4639515,11749,8,4,1,0,M6AZ6
2026-07-27 06:30:26.225137577+00:00,2026-07-27 06:30:26.225003684+00:00,24,1,42054026,,0.6989,2147483647,4684354,11585,8,4,1,0,M6AZ6
2026-07-27 06:30:26.235686086+00:00,2026-07-27 06:30:26.235574585+00:00,24,1,42244728,,0.7001,2147483647,4684472,10848,8,4,1,0,M6AU6
2026-07-27 06:36:32.561954189+00:00,2026-07-27 06:36:32.561126313+00:00,24,1,42244728,,0.7002,2147483647,4764480,13958,5,4,1,0,M6AU6
2026-07-27 06:36:32.562034134+00:00,2026-07-27 06:36:32.561181267+00:00,24,1,42244728,,0.7002,2147483647,4764481,14995,8,4,1,0,M6AU6
2026-07-27 06:36:32.563264079+00:00,2026-07-27 06:36:32.561846915+00:00,24,1,42054026,,0.699,2147483647,4764561,11758,8,4,1,0,M6AZ6
2026-07-27 06:36:32.564198187+00:00,2026-07-27 06:36:32.563304970+00:00,24,1,42054026,,0.6991,2147483647,4764606,12657,8,4,1,0,M6AZ6
2026-07-27 06:36:32.766496547+00:00,2026-07-27 06:36:32.766179567+00:00,24,1,42244728,,0.7003,2147483647,4764861,12136,5,4,1,0,M6AU6
2026-07-27 06:37:02.540205899+00:00,2026-07-27 06:37:02.539850441+00:00,24,1,42244728,,0.7003,2147483647,4771371,11625,8,4,1,0,M6AU6
2026-07-27 06:39:41.357728654+00:00,2026-07-27 06:39:41.357275659+00:00,24,1,42244728,,0.7004,2147483647,4798221,17033,5,4,1,0,M6AU6
2026-07-27 06:39:41.358106067+00:00,2026-07-27 06:39:41.357956269+00:00,24,1,42244728,,0.7004,2147483647,4798234,11789,8,4,1,0,M6AU6
2026-07-27 06:39:48.615387678+00:00,2026-07-27 06:39:48.614988987+00:00,24,1,42054026,,0.6992,2147483647,4799261,11865,8,4,1,0,M6AZ6
2026-07-27 06:41:11.554096219+00:00,2026-07-27 06:41:11.553649529+00:00,24,1,42054026,,0.6993,2147483647,4823365,12153,8,4,1,0,M6AZ6
2026-07-27 06:41:12.182972582+00:00,2026-07-27 06:41:12.182521575+00:00,24,1,42244728,,0.7005,2147483647,4823853,12783,5,4,1,0,M6AU6
2026-07-27 06:41:12.183783779+00:00,2026-07-27 06:41:12.183596515+00:00,24,1,42244728,,0.7005,2147483647,4823891,13210,8,4,1,0,M6AU6
2026-07-27 07:01:26.131599267+00:00,2026-07-27 07:01:26.131289247+00:00,24,1,42054026,,0.6989,2147483647,5123391,11473,5,4,1,0,M6AZ6
2026-07-27 07:40:43.237580636+00:00,2026-07-27 07:40:43.237467627+00:00,24,1,42141216,,-0.001,2147483647,5872303,14843,8,4,1,0,M6AZ6-M6AU6
2026-07-27 14:04:54.773249897+00:00,2026-07-27 14:04:54.773165281+00:00,24,1,42054026,2026-07-24 00:00:00+00:00,,139,11947861,13713,9,4,1,0,M6AZ6
2026-07-27 14:04:54.773249897+00:00,2026-07-27 14:04:54.773165281+00:00,24,1,42054026,2026-07-24 00:00:00+00:00,,35,11947861,13713,6,4,1,0,M6AZ6
2026-07-27 14:04:55.122651894+00:00,2026-07-27 14:04:55.122552251+00:00,24,1,42244728,2026-07-24 00:00:00+00:00,,3110,11947949,11603,9,4,1,0,M6AU6
2026-07-27 14:04:55.122651894+00:00,2026-07-27 14:04:55.122552251+00:00,24,1,42244728,2026-07-24 00:00:00+00:00,,3267,11947949,11603,6,4,1,0,M6AU6
2026-07-27 14:28:18.069257589+00:00,2026-07-27 14:28:18.067776355+00:00,24,1,42054026,,0.6977,2147483647,12501157,11185,7,4,1,0,M6AZ6
2026-07-27 14:28:18.069529927+00:00,2026-07-27 14:28:18.067776355+00:00,24,1,42244728,,0.6984,2147483647,12501168,13941,7,4,1,0,M6AU6
2026-07-27 14:29:17.297224571+00:00,2026-07-27 14:29:17.297115729+00:00,24,1,42054026,,0.6976,2147483647,12525961,12213,7,4,1,0,M6AZ6
2026-07-27 14:29:25.751946763+00:00,2026-07-27 14:29:25.751826548+00:00,24,1,42244728,,0.6983,2147483647,12533422,12623,7,4,1,0,M6AU6
2026-07-27 14:30:26.266826892+00:00,2026-07-27 14:30:26.265801663+00:00,24,1,42054026,,0.6975,2147483647,12566227,14178,7,4,1,0,M6AZ6
2026-07-27 14:30:26.267123401+00:00,2026-07-27 14:30:26.267023928+00:00,24,1,42244728,,0.6982,2147483647,12566247,11707,7,4,1,0,M6AU6
2026-07-27 14:33:26.250273702+00:00,2026-07-27 14:33:26.249908577+00:00,24,1,42244728,,0.6981,2147483647,12650488,14423,7,4,1,0,M6AU6
2026-07-27 14:33:26.252052880+00:00,2026-07-27 14:33:26.251651286+00:00,24,1,42054026,,0.6974,2147483647,12650596,13145,7,4,1,0,M6AZ6
2026-07-27 14:33:26.252492491+00:00,2026-07-27 14:33:26.252346160+00:00,24,1,42054026,,0.6973,2147483647,12650627,12419,7,4,1,0,M6AZ6
2026-07-27 14:43:07.659971801+00:00,2026-07-27 14:43:07.659653633+00:00,24,1,42244728,,0.698,2147483647,12912948,16443,4,4,1,0,M6AU6
2026-07-27 14:43:07.660238711+00:00,2026-07-27 14:43:07.660061785+00:00,24,1,42244728,,0.698,2147483647,12912964,12429,7,4,1,0,M6AU6
2026-07-27 14:43:08.847821990+00:00,2026-07-27 14:43:08.847526073+00:00,24,1,42244728,,0.6979,2147483647,12914460,11456,4,4,1,0,M6AU6
2026-07-27 15:41:05.824736964+00:00,2026-07-27 15:41:05.824454201+00:00,24,1,42054026,,0.6975,2147483647,14238171,13958,4,4,1,0,M6AZ6
2026-07-27 18:54:45.174744979+00:00,2026-07-27 18:54:45.174473223+00:00,24,1,42054026,,0.6973,2147483647,17261371,12405,4,4,1,0,M6AZ6
2026-07-27 19:02:57.049112470+00:00,2026-07-27 19:02:57.048946921+00:00,24,1,42244728,2026-07-27 00:00:00+00:00,0.6983,2147483647,17423461,11150,3,4,1,6,M6AU6
2026-07-27 19:02:57.049112470+00:00,2026-07-27 19:02:57.048946921+00:00,24,1,42244728,2026-07-27 00:00:00+00:00,0.69825,2147483647,17423461,11150,3,4,1,2,M6AU6
2026-07-27 19:02:57.049120322+00:00,2026-07-27 19:02:57.048946921+00:00,24,1,42054026,2026-07-27 00:00:00+00:00,0.6973,2147483647,17423462,11330,3,4,1,6,M6AZ6
2026-07-27 19:02:57.049120322+00:00,2026-07-27 19:02:57.048946921+00:00,24,1,42054026,2026-07-27 00:00:00+00:00,0.6973,2147483647,17423462,11330,3,4,1,2,M6AZ6
2026-07-27 20:07:13.300437452+00:00,2026-07-27 20:07:13.299651327+00:00,24,1,42141216,,-0.0009,2147483647,18002291,11420,5,4,1,0,M6AZ6-M6AU6
2026-07-27 20:07:13.300437452+00:00,2026-07-27 20:07:13.299651327+00:00,24,1,42141216,,-0.0009,2147483647,18002291,11420,4,4,1,0,M6AZ6-M6AU6
2026-07-27 20:07:13.300437452+00:00,2026-07-27 20:07:13.299651327+00:00,24,1,42141216,,-0.0009,2147483647,18002291,11420,1,4,1,0,M6AZ6-M6AU6
2026-07-27 20:07:22.860764720+00:00,2026-07-27 20:07:22.860259563+00:00,24,1,42141216,,-0.001,2147483647,18002597,11636,4,4,1,0,M6AZ6-M6AU6
2026-07-27 21:38:13.535693611+00:00,2026-07-27 21:38:13.534268201+00:00,24,1,42054026,2026-07-27 00:00:00+00:00,0.6973,2147483647,18166304,15253,3,4,1,6,M6AZ6
2026-07-27 21:39:12.352074627+00:00,2026-07-27 21:39:12.350796945+00:00,24,1,42141216,2026-07-27 00:00:00+00:00,-0.001,2147483647,18167045,14660,3,4,1,2,M6AZ6-M6AU6
2026-07-27 21:40:43.525580473+00:00,2026-07-27 21:40:43.524316903+00:00,24,1,42244728,2026-07-27 00:00:00+00:00,0.6983,2147483647,18168584,15679,3,4,1,6,M6AU6
2026-07-27 22:00:00.024697870+00:00,2026-07-27 22:00:00.001761309+00:00,24,1,42244728,,0.6983,2147483647,18172116,11894,8,4,1,0,M6AU6
2026-07-27 22:00:00.024697870+00:00,2026-07-27 22:00:00.001761309+00:00,24,1,42244728,,0.6986,2147483647,18172116,11894,7,4,1,0,M6AU6
2026-07-27 22:00:00.158144182+00:00,2026-07-27 22:00:00.158020535+00:00,24,1,42244728,,0.6985,2147483647,18173200,15130,7,4,1,0,M6AU6
2026-07-27 22:00:00.227823879+00:00,2026-07-27 22:00:00.227731721+00:00,24,1,42244728,,0.6984,2147483647,18173466,12430,7,4,1,0,M6AU6
2026-07-27 22:00:01.113999700+00:00,2026-07-27 22:00:01.113567531+00:00,24,1,42244728,,0.6983,2147483647,18176121,15153,5,4,1,0,M6AU6
2026-07-27 22:00:01.113999700+00:00,2026-07-27 22:00:01.113567531+00:00,24,1,42244728,,0.6983,2147483647,18176121,15153,4,4,1,0,M6AU6
2026-07-27 22:00:01.113999700+00:00,2026-07-27 22:00:01.113567531+00:00,24,1,42244728,,0.6983,2147483647,18176121,15153,1,4,1,0,M6AU6
2026-07-27 22:00:42.842654340+00:00,2026-07-27 22:00:42.842519381+00:00,24,1,42141216,,-0.01,2147483647,18184177,16813,8,4,1,0,M6AZ6-M6AU6
2026-07-27 22:00:42.842654340+00:00,2026-07-27 22:00:42.842519381+00:00,24,1,42141216,,-0.0009,2147483647,18184177,16813,7,4,1,0,M6AZ6-M6AU6
2026-07-27 22:00:42.842663383+00:00,2026-07-27 22:00:42.842522433+00:00,24,1,42141216,,-0.001,2147483647,18184178,11655,8,4,1,0,M6AZ6-M6AU6
2026-07-27 22:00:46.531313966+00:00,2026-07-27 22:00:46.531188761+00:00,24,1,42054026,,0.6968,2147483647,18184379,14650,8,4,1,0,M6AZ6
2026-07-27 22:00:46.531313966+00:00,2026-07-27 22:00:46.531188761+00:00,24,1,42054026,,0.7009,2147483647,18184379,14650,7,4,1,0,M6AZ6
2026-07-27 22:00:46.532595174+00:00,2026-07-27 22:00:46.532485761+00:00,24,1,42054026,,0.698,2147483647,18184394,11571,7,4,1,0,M6AZ6
2026-07-27 22:01:15.375731673+00:00,2026-07-27 22:01:15.375615783+00:00,24,1,42054026,,0.6969,2147483647,18186510,11718,8,4,1,0,M6AZ6
2026-07-27 22:01:15.375921974+00:00,2026-07-27 22:01:15.375737105+00:00,24,1,42054026,,0.6979,2147483647,18186521,11959,7,4,1,0,M6AZ6
2026-07-27 22:01:16.429781988+00:00,2026-07-27 22:01:16.429615257+00:00,24,1,42244728,,0.6983,2147483647,18186657,13774,7,4,1,0,M6AU6
2026-07-27 22:10:49.450670807+00:00,2026-07-27 22:10:49.450363353+00:00,24,1,42244728,,0.6982,2147483647,18215850,11670,4,4,1,0,M6AU6
2026-07-27 22:11:25.786268273+00:00,2026-07-27 22:11:25.786064555+00:00,24,1,42244728,,0.6982,2147483647,18217492,11623,7,4,1,0,M6AU6
2026-07-27 22:27:50.267749323+00:00,2026-07-27 22:27:50.267387853+00:00,24,1,42054026,,0.6976,2147483647,18237625,12279,7,4,1,0,M6AZ6
2026-07-27 22:27:50.267961068+00:00,2026-07-27 22:27:50.267409721+00:00,24,1,42054026,,0.697,2147483647,18237640,12169,8,4,1,0,M6AZ6
2026-07-27 22:27:50.268686849+00:00,2026-07-27 22:27:50.267761715+00:00,24,1,42054026,,0.6975,2147483647,18237684,14969,7,4,1,0,M6AZ6
2026-07-27 22:27:50.269200729+00:00,2026-07-27 22:27:50.267969355+00:00,24,1,42054026,,0.6971,2147483647,18237721,14635,8,4,1,0,M6AZ6
2026-07-27 22:56:04.167255034+00:00,2026-07-27 22:56:04.167090393+00:00,24,1,42054026,,0.6974,2147483647,18268971,12136,7,4,1,0,M6AZ6
2026-07-27 23:00:25.351736094+00:00,2026-07-27 23:00:25.351282459+00:00,24,1,42244728,,0.6981,2147483647,18273726,11720,4,4,1,0,M6AU6
2026-07-27 23:01:29.360221028+00:00,2026-07-27 23:01:29.359749935+00:00,24,1,42244728,,0.6981,2147483647,18276735,15281,7,4,1,0,M6AU6
2026-07-27 23:01:29.963100676+00:00,2026-07-27 23:01:29.963001271+00:00,24,1,42054026,,0.6973,2147483647,18276793,12104,7,4,1,0,M6AZ6
2026-07-27 23:03:38.217736582+00:00,2026-07-27 23:03:38.217319345+00:00,24,1,42054026,2026-07-27 00:00:00+00:00,0.6973,2147483647,18283143,15621,3,4,1,7,M6AZ6
2026-07-27 23:04:10.197056291+00:00,2026-07-27 23:04:10.196725299+00:00,24,1,42141216,2026-07-27 00:00:00+00:00,-0.001,2147483647,18284414,19056,3,4,1,3,M6AZ6-M6AU6
2026-07-27 23:04:26.918152668+00:00,2026-07-27 23:04:26.917727129+00:00,24,1,42244728,,0.698,2147483647,18285335,11527,4,4,1,0,M6AU6
2026-07-27 23:06:42.189319179+00:00,2026-07-27 23:06:42.188975703+00:00,24,1,42244728,2026-07-27 00:00:00+00:00,0.6983,2147483647,18292981,15341,3,4,1,7,M6AU6
2026-07-27 23:48:06.320718059+00:00,2026-07-27 23:48:06.320232643+00:00,24,1,42244728,,0.698,2147483647,18354997,11941,7,4,1,0,M6AU6
2026-07-27 23:48:06.321383323+00:00,2026-07-27 23:48:06.320914843+00:00,24,1,42054026,,0.6972,2147483647,18355039,13583,7,4,1,0,M6AZ6
2026-07-28 00:03:32.127272647+00:00,2026-07-28 00:03:32.126935233+00:00,24,1,42244728,,0.6979,2147483647,18475719,12193,4,4,1,0,M6AU6
2026-07-28 00:03:33.359210679+00:00,2026-07-28 00:03:33.359074751+00:00,24,1,42244728,,0.6979,2147483647,18476017,12528,7,4,1,0,M6AU6
2026-07-28 00:05:03.101189112+00:00,2026-07-28 00:05:03.100508257+00:00,24,1,42054026,,0.6971,2147483647,18491693,13744,7,4,1,0,M6AZ6
2026-07-28 00:05:04.418857275+00:00,2026-07-28 00:05:04.418371003+00:00,24,1,42244728,,0.6977,2147483647,18492600,15172,4,4,1,0,M6AU6
2026-07-28 00:05:04.419477460+00:00,2026-07-28 00:05:04.418813775+00:00,24,1,42244728,,0.6978,2147483647,18492636,11943,7,4,1,0,M6AU6
2026-07-28 00:05:35.392466331+00:00,2026-07-28 00:05:35.391984781+00:00,24,1,42244728,,0.6977,2147483647,18499479,16119,7,4,1,0,M6AU6
2026-07-28 00:05:35.393201306+00:00,2026-07-28 00:05:35.392382605+00:00,24,1,42054026,,0.697,2147483647,18499521,12081,7,4,1,0,M6AZ6
2026-07-28 00:05:35.393989483+00:00,2026-07-28 00:05:35.393794277+00:00,24,1,42054026,,0.6969,2147483647,18499561,12055,7,4,1,0,M6AZ6
2026-07-28 00:06:22.693074534+00:00,2026-07-28 00:06:22.692786101+00:00,24,1,42244728,,0.6976,2147483647,18509851,11719,4,4,1,0,M6AU6
2026-07-28 00:11:02.949054243+00:00,2026-07-28 00:11:02.948906091+00:00,24,1,42244728,,0.6976,2147483647,18561131,12503,7,4,1,0,M6AU6
2026-07-28 00:12:15.112104140+00:00,2026-07-28 00:12:15.111967313+00:00,24,1,42054026,,0.6967,2147483647,18573290,15658,7,4,1,0,M6AZ6
2026-07-28 00:12:15.895881605+00:00,2026-07-28 00:12:15.895577469+00:00,24,1,42054026,,0.6967,2147483647,18573351,12527,5,4,1,0,M6AZ6
2026-07-28 00:12:15.895881605+00:00,2026-07-28 00:12:15.895577469+00:00,24,1,42054026,,0.6967,2147483647,18573351,12527,4,4,1,0,M6AZ6
2026-07-28 00:12:15.895881605+00:00,2026-07-28 00:12:15.895577469+00:00,24,1,42054026,,0.6967,2147483647,18573351,12527,1,4,1,0,M6AZ6
2026-07-28 00:42:52.297711502+00:00,2026-07-28 00:42:52.297392147+00:00,24,1,42244728,,0.6984,2147483647,18855009,11475,5,4,1,0,M6AU6
2026-07-28 00:42:52.297711502+00:00,2026-07-28 00:42:52.297392147+00:00,24,1,42244728,,0.6984,2147483647,18855009,11475,8,4,1,0,M6AU6
2026-07-28 00:42:52.313100926+00:00,2026-07-28 00:42:52.312302891+00:00,24,1,42054026,,0.6972,2147483647,18855078,12608,8,4,1,0,M6AZ6
2026-07-28 00:42:52.313654223+00:00,2026-07-28 00:42:52.313447569+00:00,24,1,42054026,,0.6973,2147483647,18855111,11649,8,4,1,0,M6AZ6
2026-07-28 00:57:26.159727492+00:00,2026-07-28 00:57:26.159352689+00:00,24,1,42054026,,0.6973,2147483647,18996240,11585,5,4,1,0,M6AZ6
2026-07-28 01:01:42.191801948+00:00,2026-07-28 01:01:42.191323831+00:00,24,1,42244728,,0.6985,2147483647,19068700,15537,5,4,1,0,M6AU6
2026-07-28 01:01:42.290918294+00:00,2026-07-28 01:01:42.290816655+00:00,24,1,42244728,,0.6985,2147483647,19069092,14364,8,4,1,0,M6AU6
2026-07-28 01:02:11.273968158+00:00,2026-07-28 01:02:11.273655721+00:00,24,1,42054026,,0.6974,2147483647,19084972,13042,8,4,1,0,M6AZ6
2026-07-28 01:04:17.290533012+00:00,2026-07-28 01:04:17.289934065+00:00,24,1,42244728,,0.6986,2147483647,19113753,14790,5,4,1,0,M6AU6
2026-07-28 01:04:17.290533012+00:00,2026-07-28 01:04:17.289934065+00:00,24,1,42244728,,0.6986,2147483647,19113753,14790,8,4,1,0,M6AU6
2026-07-28 01:04:17.291075174+00:00,2026-07-28 01:04:17.290565525+00:00,24,1,42054026,,0.6975,2147483647,19113777,11702,8,4,1,0,M6AZ6
2026-07-28 01:32:09.168929811+00:00,2026-07-28 01:32:09.168381079+00:00,24,1,42244728,,0.6987,2147483647,19392200,15061,5,4,1,0,M6AU6
2026-07-28 01:32:09.168929811+00:00,2026-07-28 01:32:09.168381079+00:00,24,1,42244728,,0.6987,2147483647,19392200,15061,8,4,1,0,M6AU6
2026-07-28 01:33:05.946305360+00:00,2026-07-28 01:33:05.945705707+00:00,24,1,42244728,,0.6988,2147483647,19400199,15466,5,4,1,0,M6AU6
2026-07-28 01:33:05.946965358+00:00,2026-07-28 01:33:05.946768801+00:00,24,1,42054026,,0.6976,2147483647,19400241,12388,8,4,1,0,M6AZ6
2026-07-28 01:33:05.947045617+00:00,2026-07-28 01:33:05.946903021+00:00,24,1,42244728,,0.6988,2147483647,19400248,11858,8,4,1,0,M6AU6
2026-07-28 01:33:06.119497348+00:00,2026-07-28 01:33:06.119205937+00:00,24,1,42244728,,0.6989,2147483647,19400637,11445,5,4,1,0,M6AU6
2026-07-28 01:34:47.532882743+00:00,2026-07-28 01:34:47.532465782+00:00,24,1,42054026,,0.6977,2147483647,19414496,12113,8,4,1,0,M6AZ6
2026-07-28 01:46:30.922524643+00:00,2026-07-28 01:46:30.922424581+00:00,24,1,42244728,2026-07-27 00:00:00+00:00,,3218,19511407,13884,9,4,1,0,M6AU6
2026-07-28 01:46:30.922524643+00:00,2026-07-28 01:46:30.922424581+00:00,24,1,42244728,2026-07-27 00:00:00+00:00,,4801,19511407,13884,6,4,1,0,M6AU6
2026-07-28 01:46:30.922524643+00:00,2026-07-28 01:46:30.922424581+00:00,24,1,42054026,2026-07-27 00:00:00+00:00,,137,19511407,13884,9,4,1,0,M6AZ6
2026-07-28 01:46:30.922524643+00:00,2026-07-28 01:46:30.922424581+00:00,24,1,42054026,2026-07-27 00:00:00+00:00,,142,19511407,13884,6,4,1,0,M6AZ6
2026-07-28 02:20:16.348986558+00:00,2026-07-28 02:20:16.348528101+00:00,24,1,42244728,,0.6989,2147483647,19777124,15459,8,4,1,0,M6AU6
2026-07-28 02:20:16.349342410+00:00,2026-07-28 02:20:16.349231824+00:00,24,1,42054026,,0.6978,2147483647,19777144,12343,8,4,1,0,M6AZ6
2026-07-28 02:21:17.749009777+00:00,2026-07-28 02:21:17.748271845+00:00,24,1,42244728,,0.699,2147483647,19787203,15498,5,4,1,0,M6AU6
2026-07-28 02:21:17.749672640+00:00,2026-07-28 02:21:17.748789669+00:00,24,1,42244728,,0.699,2147483647,19787227,14447,8,4,1,0,M6AU6
2026-07-28 02:21:17.751514767+00:00,2026-07-28 02:21:17.751325416+00:00,24,1,42054026,,0.6979,2147483647,19787335,11913,8,4,1,0,M6AZ6
2026-07-28 03:19:25.317575998+00:00,2026-07-28 03:19:25.317289109+00:00,24,1,42054026,,0.6975,2147483647,20313528,13428,5,4,1,0,M6AZ6
2026-07-28 03:38:31.417808481+00:00,2026-07-28 03:38:31.417071506+00:00,24,1,42244728,,0.6975,2147483647,20500380,16099,4,4,1,0,M6AU6
2026-07-28 03:56:38.411712859+00:00,2026-07-28 03:56:38.410330503+00:00,24,1,42244728,,0.6975,2147483647,20654788,11915,7,4,1,0,M6AU6
2026-07-28 03:57:05.909001140+00:00,2026-07-28 03:57:05.908576011+00:00,24,1,42244728,,0.6974,2147483647,20659176,11957,4,4,1,0,M6AU6
2026-07-28 04:00:11.282467951+00:00,2026-07-28 04:00:11.281474671+00:00,24,1,42244728,,0.6974,2147483647,20684522,14274,7,4,1,0,M6AU6
2026-07-28 04:00:11.284622252+00:00,2026-07-28 04:00:11.284161466+00:00,24,1,42054026,,0.6966,2147483647,20684657,12610,7,4,1,0,M6AZ6
2026-07-28 04:00:59.882006183+00:00,2026-07-28 04:00:59.881497185+00:00,24,1,42244728,,0.6973,2147483647,20692932,15900,4,4,1,0,M6AU6
2026-07-28 04:00:59.882621876+00:00,2026-07-28 04:00:59.882336391+00:00,24,1,42244728,,0.6973,2147483647,20692961,12288,7,4,1,0,M6AU6
2026-07-28 04:00:59.884371250+00:00,2026-07-28 04:00:59.882957215+00:00,24,1,42054026,,0.6965,2147483647,20693014,14028,7,4,1,0,M6AZ6
2026-07-28 04:01:09.249847243+00:00,2026-07-28 04:01:09.249410773+00:00,24,1,42244728,,0.6972,2147483647,20695692,13483,4,4,1,0,M6AU6
2026-07-28 04:01:09.250155425+00:00,2026-07-28 04:01:09.249859205+00:00,24,1,42244728,,0.6972,2147483647,20695713,15562,7,4,1,0,M6AU6
2026-07-28 04:02:39.988097550+00:00,2026-07-28 04:02:39.987775673+00:00,24,1,42244728,,0.6971,2147483647,20710818,12962,4,4,1,0,M6AU6
2026-07-28 04:02:39.989834270+00:00,2026-07-28 04:02:39.989429211+00:00,24,1,42054026,,0.6964,2147483647,20710897,13925,7,4,1,0,M6AZ6
2026-07-28 04:02:58.014983599+00:00,2026-07-28 04:02:58.014506407+00:00,24,1,42244728,,0.6971,2147483647,20714439,15440,7,4,1,0,M6AU6
2026-07-28 04:02:59.738161938+00:00,2026-07-28 04:02:59.737556841+00:00,24,1,42244728,,0.697,2147483647,20716767,15525,4,4,1,0,M6AU6
2026-07-28 04:02:59.738161938+00:00,2026-07-28 04:02:59.737574983+00:00,24,1,42244728,,0.697,2147483647,20716767,15525,7,4,1,0,M6AU6
2026-07-28 04:02:59.738368020+00:00,2026-07-28 04:02:59.737824553+00:00,24,1,42054026,,0.6963,2147483647,20716780,12350,7,4,1,0,M6AZ6
2026-07-28 04:02:59.738878040+00:00,2026-07-28 04:02:59.738500835+00:00,24,1,42054026,,0.6962,2147483647,20716816,11651,7,4,1,0,M6AZ6
2026-07-28 04:03:21.219782604+00:00,2026-07-28 04:03:21.218591557+00:00,24,1,42244728,,0.6969,2147483647,20722977,15579,4,4,1,0,M6AU6
2026-07-28 04:03:21.220560739+00:00,2026-07-28 04:03:21.219759461+00:00,24,1,42244728,,0.6969,2147483647,20723009,12530,7,4,1,0,M6AU6
2026-07-28 04:03:21.222581550+00:00,2026-07-28 04:03:21.221780593+00:00,24,1,42054026,,0.696,2147483647,20723096,15466,4,4,1,0,M6AZ6
2026-07-28 04:03:21.223096967+00:00,2026-07-28 04:03:21.222372486+00:00,24,1,42054026,,0.6961,2147483647,20723118,13608,7,4,1,0,M6AZ6
2026-07-28 04:03:22.552694355+00:00,2026-07-28 04:03:22.551389409+00:00,24,1,42244728,,0.6968,2147483647,20725001,18544,4,4,1,0,M6AU6
2026-07-28 04:03:22.553163847+00:00,2026-07-28 04:03:22.552144611+00:00,24,1,42244728,,0.6968,2147483647,20725011,15797,7,4,1,0,M6AU6
2026-07-28 04:08:26.189819715+00:00,2026-07-28 04:08:26.189500955+00:00,24,1,42054026,,0.696,2147483647,20786164,12358,7,4,1,0,M6AZ6
2026-07-28 04:08:26.202770366+00:00,2026-07-28 04:08:26.202314541+00:00,24,1,42244728,,0.6966,2147483647,20786226,13001,4,4,1,0,M6AU6
2026-07-28 04:08:26.203074651+00:00,2026-07-28 04:08:26.202889251+00:00,24,1,42244728,,0.6967,2147483647,20786242,11894,7,4,1,0,M6AU6
2026-07-28 04:12:24.024777647+00:00,2026-07-28 04:12:24.024545871+00:00,24,1,42054026,,0.6959,2147483647,20815429,12066,7,4,1,0,M6AZ6
2026-07-28 04:24:24.629871947+00:00,2026-07-28 04:24:24.629212415+00:00,24,1,42244728,,0.6966,2147483647,20905526,11815,7,4,1,0,M6AU6
2026-07-28 04:24:24.630657878+00:00,2026-07-28 04:24:24.630495125+00:00,24,1,42054026,,0.6958,2147483647,20905572,17337,7,4,1,0,M6AZ6
2026-07-28 04:25:00.414049117+00:00,2026-07-28 04:25:00.413645959+00:00,24,1,42244728,,0.6965,2147483647,20909423,14370,4,4,1,0,M6AU6
2026-07-28 04:25:00.414049117+00:00,2026-07-28 04:25:00.413645959+00:00,24,1,42244728,,0.6965,2147483647,20909423,14370,7,4,1,0,M6AU6
2026-07-28 04:36:41.853066556+00:00,2026-07-28 04:36:41.852761151+00:00,24,1,42054026,,0.6957,2147483647,20970879,13799,4,4,1,0,M6AZ6
2026-07-28 05:05:56.835026183+00:00,2026-07-28 05:05:56.834749559+00:00,24,1,42244728,,0.6964,2147483647,21160568,14155,4,4,1,0,M6AU6
2026-07-28 05:05:56.835026183+00:00,2026-07-28 05:05:56.834763977+00:00,24,1,42244728,,0.6964,2147483647,21160568,14155,7,4,1,0,M6AU6
2026-07-28 05:05:57.066277076+00:00,2026-07-28 05:05:57.065966237+00:00,24,1,42054026,,0.6955,2147483647,21161036,12883,4,4,1,0,M6AZ6
2026-07-28 05:06:18.244447417+00:00,2026-07-28 05:06:18.244001104+00:00,24,1,42244728,,0.6963,2147483647,21163577,12357,4,4,1,0,M6AU6
2026-07-28 05:06:21.528281035+00:00,2026-07-28 05:06:21.528163499+00:00,24,1,42054026,,0.6957,2147483647,21164486,11875,7,4,1,0,M6AZ6
2026-07-28 05:06:21.616937772+00:00,2026-07-28 05:06:21.616229993+00:00,24,1,42244728,,0.6963,2147483647,21164693,11857,7,4,1,0,M6AU6
2026-07-28 05:06:21.620197379+00:00,2026-07-28 05:06:21.619495075+00:00,24,1,42054026,,0.6956,2147483647,21164840,12233,7,4,1,0,M6AZ6
2026-07-28 05:06:22.817343765+00:00,2026-07-28 05:06:22.817033865+00:00,24,1,42244728,,0.6962,2147483647,21166041,11861,4,4,1,0,M6AU6
2026-07-28 05:07:34.939387505+00:00,2026-07-28 05:07:34.939173246+00:00,24,1,42244728,,0.6962,2147483647,21180988,14833,7,4,1,0,M6AU6
2026-07-28 05:08:19.690754508+00:00,2026-07-28 05:08:19.689924289+00:00,24,1,42054026,,0.6955,2147483647,21192850,11875,7,4,1,0,M6AZ6
2026-07-28 05:11:16.982417975+00:00,2026-07-28 05:11:16.982081337+00:00,24,1,42244728,,0.6961,2147483647,21220418,11557,4,4,1,0,M6AU6
2026-07-28 05:14:00.192676605+00:00,2026-07-28 05:14:00.191860161+00:00,24,1,42244728,,0.6961,2147483647,21239340,15193,7,4,1,0,M6AU6
2026-07-28 05:14:40.489184551+00:00,2026-07-28 05:14:40.488975235+00:00,24,1,42054026,,0.6954,2147483647,21245211,12056,7,4,1,0,M6AZ6
2026-07-28 05:14:41.013002135+00:00,2026-07-28 05:14:41.012167694+00:00,24,1,42244728,,0.696,2147483647,21245814,15413,4,4,1,0,M6AU6
2026-07-28 05:14:41.013018396+00:00,2026-07-28 05:14:41.012167694+00:00,24,1,42244728,,0.696,2147483647,21245815,15498,7,4,1,0,M6AU6
2026-07-28 05:14:41.018157988+00:00,2026-07-28 05:14:41.017861279+00:00,24,1,42244728,,0.6959,2147483647,21245998,11662,4,4,1,0,M6AU6
2026-07-28 05:14:44.818158655+00:00,2026-07-28 05:14:44.817776967+00:00,24,1,42054026,,0.6951,2147483647,21247259,15586,4,4,1,0,M6AZ6
2026-07-28 05:14:57.845667199+00:00,2026-07-28 05:14:57.845474779+00:00,24,1,42054026,,0.6953,2147483647,21250255,13055,7,4,1,0,M6AZ6
2026-07-28 05:18:13.006445699+00:00,2026-07-28 05:18:13.006277433+00:00,24,1,42244728,,0.6959,2147483647,21271902,12239,7,4,1,0,M6AU6
2026-07-28 05:18:13.006996057+00:00,2026-07-28 05:18:13.006674127+00:00,24,1,42054026,,0.695,2147483647,21271921,12928,4,4,1,0,M6AZ6
2026-07-28 05:18:25.162597446+00:00,2026-07-28 05:18:25.162333881+00:00,24,1,42054026,,0.6952,2147483647,21272552,15483,7,4,1,0,M6AZ6
2026-07-28 05:19:21.143929731+00:00,2026-07-28 05:19:21.143382867+00:00,24,1,42244728,,0.6958,2147483647,21279592,12279,4,4,1,0,M6AU6
2026-07-28 05:19:21.347178150+00:00,2026-07-28 05:19:21.346867533+00:00,24,1,42244728,,0.6957,2147483647,21279882,11516,4,4,1,0,M6AU6
2026-07-28 05:19:43.199462606+00:00,2026-07-28 05:19:43.199342169+00:00,24,1,42244728,,0.6958,2147483647,21283082,11439,7,4,1,0,M6AU6
2026-07-28 05:23:03.219119444+00:00,2026-07-28 05:23:03.218899061+00:00,24,1,42054026,,0.6951,2147483647,21305546,15477,7,4,1,0,M6AZ6
2026-07-28 06:03:13.260468420+00:00,2026-07-28 06:03:13.260154897+00:00,24,1,42054026,,0.6948,2147483647,21711895,11510,4,4,1,0,M6AZ6
2026-07-28 07:12:40.437581843+00:00,2026-07-28 07:12:40.436470263+00:00,24,1,42141216,,-0.0008,2147483647,22662819,11887,5,4,1,0,M6AZ6-M6AU6
2026-07-28 07:12:40.437581843+00:00,2026-07-28 07:12:40.436470263+00:00,24,1,42141216,,-0.0008,2147483647,22662819,11887,4,4,1,0,M6AZ6-M6AU6
2026-07-28 07:12:40.437581843+00:00,2026-07-28 07:12:40.436470263+00:00,24,1,42141216,,-0.0008,2147483647,22662819,11887,1,4,1,0,M6AZ6-M6AU6
2026-07-28 14:04:13.499630215+00:00,2026-07-28 14:04:13.499541313+00:00,24,1,42054026,2026-07-27 00:00:00+00:00,,137,28475969,11639,9,4,1,0,M6AZ6
2026-07-28 14:04:13.499630215+00:00,2026-07-28 14:04:13.499541313+00:00,24,1,42054026,2026-07-27 00:00:00+00:00,,142,28475969,11639,6,4,1,0,M6AZ6
2026-07-28 14:04:18.851525025+00:00,2026-07-28 14:04:18.851438659+00:00,24,1,42244728,2026-07-27 00:00:00+00:00,,3218,28477657,18938,9,4,1,0,M6AU6
2026-07-28 14:04:18.851525025+00:00,2026-07-28 14:04:18.851438659+00:00,24,1,42244728,2026-07-27 00:00:00+00:00,,4801,28477657,18938,6,4,1,0,M6AU6
2026-07-28 19:04:59.970333763+00:00,2026-07-28 19:04:59.970222503+00:00,24,1,42244728,2026-07-28 00:00:00+00:00,0.697,2147483647,34178916,15405,3,4,1,6,M6AU6
2026-07-28 19:04:59.970343036+00:00,2026-07-28 19:04:59.970222503+00:00,24,1,42244728,2026-07-28 00:00:00+00:00,0.69695,2147483647,34178917,12257,3,4,1,2,M6AU6
2026-07-28 19:04:59.970343036+00:00,2026-07-28 19:04:59.970222503+00:00,24,1,42054026,2026-07-28 00:00:00+00:00,0.696,2147483647,34178917,12257,3,4,1,6,M6AZ6
2026-07-28 19:04:59.970350177+00:00,2026-07-28 19:04:59.970222503+00:00,24,1,42054026,2026-07-28 00:00:00+00:00,0.696,2147483647,34178918,11511,3,4,1,2,M6AZ6
2026-07-28 21:38:00.035102964+00:00,2026-07-28 21:38:00.033541067+00:00,24,1,42054026,2026-07-28 00:00:00+00:00,0.696,2147483647,34974671,15885,3,4,1,6,M6AZ6
2026-07-28 21:38:45.862838679+00:00,2026-07-28 21:38:45.861465197+00:00,24,1,42141216,2026-07-28 00:00:00+00:00,-0.001,2147483647,34975303,14784,3,4,1,2,M6AZ6-M6AU6
2026-07-28 21:39:57.491122108+00:00,2026-07-28 21:39:57.489753067+00:00,24,1,42244728,2026-07-28 00:00:00+00:00,0.697,2147483647,34976650,15376,3,4,1,6,M6AU6
2026-07-28 22:00:00.017755962+00:00,2026-07-28 22:00:00.000821449+00:00,24,1,42244728,,0.6966,2147483647,34980814,15282,8,4,1,0,M6AU6
2026-07-28 22:00:00.017755962+00:00,2026-07-28 22:00:00.000821449+00:00,24,1,42244728,,0.6969,2147483647,34980814,15282,7,4,1,0,M6AU6
2026-07-28 22:00:00.066693848+00:00,2026-07-28 22:00:00.066599139+00:00,24,1,42141216,,-0.0012,2147483647,34981525,12697,8,4,1,0,M6AZ6-M6AU6
2026-07-28 22:00:00.066693848+00:00,2026-07-28 22:00:00.066599139+00:00,24,1,42141216,,0.01,2147483647,34981525,12697,7,4,1,0,M6AZ6-M6AU6
2026-07-28 22:00:00.066718499+00:00,2026-07-28 22:00:00.066599139+00:00,24,1,42141216,,-0.0007,2147483647,34981526,14968,7,4,1,0,M6AZ6-M6AU6
2026-07-28 22:00:00.163131886+00:00,2026-07-28 22:00:00.163042027+00:00,24,1,42244728,,0.6967,2147483647,34982105,11665,8,4,1,0,M6AU6
2026-07-28 22:00:00.169076279+00:00,2026-07-28 22:00:00.168949313+00:00,24,1,42054026,,0.6953,2147483647,34982210,12108,8,4,1,0,M6AZ6
2026-07-28 22:00:00.169076279+00:00,2026-07-28 22:00:00.168949313+00:00,24,1,42054026,,0.7001,2147483647,34982210,12108,7,4,1,0,M6AZ6
2026-07-28 22:00:00.306411509+00:00,2026-07-28 22:00:00.306309675+00:00,24,1,42054026,,0.6967,2147483647,34982624,11786,7,4,1,0,M6AZ6
2026-07-28 22:00:00.352879694+00:00,2026-07-28 22:00:00.352618321+00:00,24,1,42244728,,0.6967,2147483647,34982888,11690,5,4,1,0,M6AU6
2026-07-28 22:00:00.352879694+00:00,2026-07-28 22:00:00.352618321+00:00,24,1,42244728,,0.6967,2147483647,34982888,11690,4,4,1,0,M6AU6
2026-07-28 22:00:00.352879694+00:00,2026-07-28 22:00:00.352618321+00:00,24,1,42244728,,0.6967,2147483647,34982888,11690,1,4,1,0,M6AU6
2026-07-28 22:00:01.091562713+00:00,2026-07-28 22:00:01.091463065+00:00,24,1,42244728,,0.6968,2147483647,34985079,14799,8,4,1,0,M6AU6
2026-07-28 22:00:01.091844209+00:00,2026-07-28 22:00:01.091572499+00:00,24,1,42244728,,0.6969,2147483647,34985082,11868,5,4,1,0,M6AU6
2026-07-28 22:00:01.091855979+00:00,2026-07-28 22:00:01.091583463+00:00,24,1,42244728,,0.6969,2147483647,34985083,11678,8,4,1,0,M6AU6
2026-07-28 22:00:34.066709135+00:00,2026-07-28 22:00:34.066590877+00:00,24,1,42141216,,-0.0009,2147483647,34996802,15786,7,4,1,0,M6AZ6-M6AU6
2026-07-28 22:00:34.066725897+00:00,2026-07-28 22:00:34.066596503+00:00,24,1,42141216,,-0.001,2147483647,34996803,14708,8,4,1,0,M6AZ6-M6AU6
2026-07-28 22:00:53.332417071+00:00,2026-07-28 22:00:53.332299083+00:00,24,1,42054026,,0.6954,2147483647,35000333,11563,8,4,1,0,M6AZ6
2026-07-28 22:05:12.464675175+00:00,2026-07-28 22:05:12.464369477+00:00,24,1,42244728,,0.697,2147483647,35016812,11824,5,4,1,0,M6AU6
2026-07-28 22:10:00.183692108+00:00,2026-07-28 22:10:00.183572607+00:00,24,1,42244728,,0.697,2147483647,35027761,15765,8,4,1,0,M6AU6
2026-07-28 22:10:21.326572273+00:00,2026-07-28 22:10:21.326434655+00:00,24,1,42054026,,0.6955,2147483647,35028759,11987,8,4,1,0,M6AZ6
2026-07-28 22:11:15.830666398+00:00,2026-07-28 22:11:15.830386237+00:00,24,1,42244728,,0.6971,2147483647,35031088,11613,5,4,1,0,M6AU6
2026-07-28 22:11:25.023278364+00:00,2026-07-28 22:11:25.022920723+00:00,24,1,42054026,,0.6964,2147483647,35031323,11689,7,4,1,0,M6AZ6
2026-07-28 22:11:25.023563220+00:00,2026-07-28 22:11:25.023295911+00:00,24,1,42054026,,0.6958,2147483647,35031338,11893,8,4,1,0,M6AZ6
2026-07-28 22:13:44.654435807+00:00,2026-07-28 22:13:44.654201193+00:00,24,1,42054026,,0.6963,2147483647,35039300,13525,7,4,1,0,M6AZ6
2026-07-28 22:18:02.560819224+00:00,2026-07-28 22:18:02.560337039+00:00,24,1,42054026,,0.6962,2147483647,35057593,12508,7,4,1,0,M6AZ6
2026-07-28 22:19:07.232954355+00:00,2026-07-28 22:19:07.232757861+00:00,24,1,42244728,,0.6968,2147483647,35065578,14828,7,4,1,0,M6AU6
2026-07-28 22:20:00.616448260+00:00,2026-07-28 22:20:00.615169185+00:00,24,1,42054026,,0.6961,2147483647,35067079,11877,7,4,1,0,M6AZ6
2026-07-28 22:20:23.581680342+00:00,2026-07-28 22:20:23.581555585+00:00,24,1,42244728,,0.6967,2147483647,35069681,13564,7,4,1,0,M6AU6
2026-07-28 22:22:54.240410605+00:00,2026-07-28 22:22:54.240230023+00:00,24,1,42054026,,0.696,2147483647,35077611,13322,7,4,1,0,M6AZ6
2026-07-28 22:23:34.091916148+00:00,2026-07-28 22:23:34.091570919+00:00,24,1,42244728,,0.6965,2147483647,35080324,12621,4,4,1,0,M6AU6
2026-07-28 22:23:34.091916148+00:00,2026-07-28 22:23:34.091570919+00:00,24,1,42244728,,0.6966,2147483647,35080324,12621,7,4,1,0,M6AU6
2026-07-28 22:24:44.435207475+00:00,2026-07-28 22:24:44.435110801+00:00,24,1,42054026,,0.6959,2147483647,35083876,12027,7,4,1,0,M6AZ6
2026-07-28 22:25:47.828726910+00:00,2026-07-28 22:25:47.828160372+00:00,24,1,42244728,,0.6965,2147483647,35087743,16180,7,4,1,0,M6AU6
2026-07-28 22:38:36.701062145+00:00,2026-07-28 22:38:36.700802199+00:00,24,1,42054026,,0.6958,2147483647,35134228,15879,7,4,1,0,M6AZ6
2026-07-28 22:41:05.040325500+00:00,2026-07-28 22:41:05.040216859+00:00,24,1,42054026,,0.6957,2147483647,35143655,12347,7,4,1,0,M6AZ6
2026-07-28 23:06:54.173922681+00:00,2026-07-28 23:06:54.173605095+00:00,24,1,42054026,2026-07-28 00:00:00+00:00,0.696,2147483647,35212506,15865,3,4,1,7,M6AZ6
2026-07-28 23:07:26.138000079+00:00,2026-07-28 23:07:26.137656083+00:00,24,1,42141216,2026-07-28 00:00:00+00:00,-0.001,2147483647,35215411,16318,3,4,1,3,M6AZ6-M6AU6
2026-07-28 23:10:00.274517663+00:00,2026-07-28 23:10:00.274149131+00:00,24,1,42244728,2026-07-28 00:00:00+00:00,0.697,2147483647,35223572,15124,3,4,1,7,M6AU6
2026-07-28 23:24:00.076904777+00:00,2026-07-28 23:24:00.076304199+00:00,24,1,42054026,,0.6959,2147483647,35263076,12433,8,4,1,0,M6AZ6
2026-07-28 23:44:24.665523937+00:00,2026-07-28 23:44:24.665406715+00:00,24,1,42244728,,0.6971,2147483647,35296742,17177,8,4,1,0,M6AU6
2026-07-28 23:44:50.545167204+00:00,2026-07-28 23:44:50.544254945+00:00,24,1,42054026,,0.696,2147483647,35298890,12140,8,4,1,0,M6AZ6
2026-07-28 23:44:52.995331329+00:00,2026-07-28 23:44:52.995001367+00:00,24,1,42244728,,0.6972,2147483647,35299888,12243,8,4,1,0,M6AU6
2026-07-28 23:45:02.064680075+00:00,2026-07-28 23:45:02.064367389+00:00,24,1,42244728,,0.6972,2147483647,35302155,11821,5,4,1,0,M6AU6
2026-07-29 00:15:25.360632263+00:00,2026-07-29 00:15:25.360210991+00:00,24,1,42244728,,0.6964,2147483647,35626995,14166,4,4,1,0,M6AU6
2026-07-29 00:15:25.360632263+00:00,2026-07-29 00:15:25.360210991+00:00,24,1,42244728,,0.6964,2147483647,35626995,14166,7,4,1,0,M6AU6
2026-07-29 00:15:25.362586626+00:00,2026-07-29 00:15:25.362308451+00:00,24,1,42054026,,0.6956,2147483647,35627082,11898,7,4,1,0,M6AZ6
2026-07-29 01:10:06.613145435+00:00,2026-07-29 01:10:06.612814079+00:00,24,1,42244728,,0.6963,2147483647,36333771,11341,4,4,1,0,M6AU6
2026-07-29 01:11:47.573782321+00:00,2026-07-29 01:11:47.573589443+00:00,24,1,42244728,,0.6963,2147483647,36352497,11963,7,4,1,0,M6AU6
2026-07-29 01:11:47.574939427+00:00,2026-07-29 01:11:47.574550399+00:00,24,1,42054026,,0.6955,2147483647,36352566,11390,7,4,1,0,M6AZ6
2026-07-29 01:14:03.105524494+00:00,2026-07-29 01:14:03.105209611+00:00,24,1,42244728,,0.6962,2147483647,36381687,17594,4,4,1,0,M6AU6
2026-07-29 01:14:03.183978023+00:00,2026-07-29 01:14:03.183612613+00:00,24,1,42244728,,0.6961,2147483647,36381815,12040,4,4,1,0,M6AU6
2026-07-29 01:14:21.085141820+00:00,2026-07-29 01:14:21.085008803+00:00,24,1,42244728,,0.6962,2147483647,36384145,18266,7,4,1,0,M6AU6
2026-07-29 01:25:43.520289747+00:00,2026-07-29 01:25:43.520186719+00:00,24,1,42054026,2026-07-28 00:00:00+00:00,,115,36538414,12352,9,4,1,0,M6AZ6
2026-07-29 01:25:43.520289747+00:00,2026-07-29 01:25:43.520186719+00:00,24,1,42054026,2026-07-28 00:00:00+00:00,,45,36538414,12352,6,4,1,0,M6AZ6
2026-07-29 01:25:43.520289747+00:00,2026-07-29 01:25:43.520186719+00:00,24,1,42244728,2026-07-28 00:00:00+00:00,,3110,36538414,12352,9,4,1,0,M6AU6
2026-07-29 01:25:43.520289747+00:00,2026-07-29 01:25:43.520186719+00:00,24,1,42244728,2026-07-28 00:00:00+00:00,,4235,36538414,12352,6,4,1,0,M6AU6
2026-07-29 01:30:00.340839967+00:00,2026-07-29 01:30:00.336580691+00:00,24,1,42244728,,0.6951,2147483647,36584109,13879,4,4,1,0,M6AU6
2026-07-29 01:30:00.343084157+00:00,2026-07-29 01:30:00.339648708+00:00,24,1,42244728,,0.6961,2147483647,36584176,11558,7,4,1,0,M6AU6
2026-07-29 01:30:00.344974471+00:00,2026-07-29 01:30:00.339648708+00:00,24,1,42244728,,0.696,2147483647,36584186,14701,7,4,1,0,M6AU6
2026-07-29 01:30:00.358938249+00:00,2026-07-29 01:30:00.356566364+00:00,24,1,42244728,,0.695,2147483647,36584595,19223,4,4,1,0,M6AU6
2026-07-29 01:30:00.359151609+00:00,2026-07-29 01:30:00.356566364+00:00,24,1,42244728,,0.694,2147483647,36584599,15125,4,4,1,0,M6AU6
2026-07-29 01:30:00.359537086+00:00,2026-07-29 01:30:00.356566364+00:00,24,1,42054026,,0.6947,2147483647,36584602,14118,5,4,1,0,M6AZ6
2026-07-29 01:30:00.359537086+00:00,2026-07-29 01:30:00.356566364+00:00,24,1,42054026,,0.6947,2147483647,36584602,14118,4,4,1,0,M6AZ6
2026-07-29 01:30:00.359537086+00:00,2026-07-29 01:30:00.356566364+00:00,24,1,42054026,,0.6947,2147483647,36584602,14118,1,4,1,0,M6AZ6
2026-07-29 01:30:00.378804927+00:00,2026-07-29 01:30:00.377318569+00:00,24,1,42054026,,0.6945,2147483647,36585277,14305,4,4,1,0,M6AZ6
2026-07-29 01:30:00.393207679+00:00,2026-07-29 01:30:00.392945759+00:00,24,1,42244728,,0.6939,2147483647,36585671,12549,4,4,1,0,M6AU6
2026-07-29 01:30:00.578629374+00:00,2026-07-29 01:30:00.578496171+00:00,24,1,42244728,,0.6959,2147483647,36588385,12042,7,4,1,0,M6AU6
2026-07-29 01:30:00.578749796+00:00,2026-07-29 01:30:00.578638857+00:00,24,1,42244728,,0.6958,2147483647,36588388,11768,7,4,1,0,M6AU6
2026-07-29 01:30:00.578901334+00:00,2026-07-29 01:30:00.578774001+00:00,24,1,42244728,,0.6957,2147483647,36588393,11602,7,4,1,0,M6AU6
2026-07-29 01:30:00.579053543+00:00,2026-07-29 01:30:00.578965205+00:00,24,1,42244728,,0.6956,2147483647,36588395,11678,7,4,1,0,M6AU6
2026-07-29 01:30:00.581844366+00:00,2026-07-29 01:30:00.581745469+00:00,24,1,42244728,,0.6955,2147483647,36588434,14742,7,4,1,0,M6AU6
2026-07-29 01:30:00.594874748+00:00,2026-07-29 01:30:00.594772047+00:00,24,1,42244728,,0.6954,2147483647,36588586,14595,7,4,1,0,M6AU6
2026-07-29 01:30:00.814206116+00:00,2026-07-29 01:30:00.813917509+00:00,24,1,42054026,,0.6942,2147483647,36589605,13212,4,4,1,0,M6AZ6
2026-07-29 01:30:00.814369231+00:00,2026-07-29 01:30:00.814167153+00:00,24,1,42054026,,0.6953,2147483647,36589609,13782,7,4,1,0,M6AZ6
2026-07-29 01:30:00.884109028+00:00,2026-07-29 01:30:00.883788257+00:00,24,1,42054026,,0.694,2147483647,36589869,12364,4,4,1,0,M6AZ6
2026-07-29 01:30:00.915773289+00:00,2026-07-29 01:30:00.915472537+00:00,24,1,42054026,,0.6952,2147483647,36590077,13342,7,4,1,0,M6AZ6
2026-07-29 01:30:01.015934923+00:00,2026-07-29 01:30:01.015829653+00:00,24,1,42054026,,0.6949,2147483647,36591217,15346,7,4,1,0,M6AZ6
2026-07-29 01:30:02.000743505+00:00,2026-07-29 01:30:02.000585855+00:00,24,1,42244728,,0.6953,2147483647,36596158,15196,7,4,1,0,M6AU6
2026-07-29 01:30:02.001072441+00:00,2026-07-29 01:30:02.000974523+00:00,24,1,42244728,,0.6952,2147483647,36596174,11739,7,4,1,0,M6AU6
2026-07-29 01:30:02.001283995+00:00,2026-07-29 01:30:02.001189821+00:00,24,1,42244728,,0.6951,2147483647,36596179,14607,7,4,1,0,M6AU6
2026-07-29 01:30:02.001502806+00:00,2026-07-29 01:30:02.001412399+00:00,24,1,42244728,,0.695,2147483647,36596184,14677,7,4,1,0,M6AU6
2026-07-29 01:30:02.001743197+00:00,2026-07-29 01:30:02.001648721+00:00,24,1,42244728,,0.6949,2147483647,36596188,14809,7,4,1,0,M6AU6
2026-07-29 01:30:02.002105137+00:00,2026-07-29 01:30:02.001967925+00:00,24,1,42244728,,0.6948,2147483647,36596194,11725,7,4,1,0,M6AU6
2026-07-29 01:30:03.572976249+00:00,2026-07-29 01:30:03.572865571+00:00,24,1,42054026,,0.6948,2147483647,36599951,12268,7,4,1,0,M6AZ6
2026-07-29 01:30:03.572985291+00:00,2026-07-29 01:30:03.572866281+00:00,24,1,42244728,,0.6947,2147483647,36599952,11778,7,4,1,0,M6AU6
2026-07-29 01:30:03.699626419+00:00,2026-07-29 01:30:03.699517903+00:00,24,1,42054026,,0.6947,2147483647,36600436,15299,7,4,1,0,M6AZ6
2026-07-29 01:30:03.699654814+00:00,2026-07-29 01:30:03.699518805+00:00,24,1,42244728,,0.6946,2147483647,36600438,11805,7,4,1,0,M6AU6
2026-07-29 01:30:04.117449841+00:00,2026-07-29 01:30:04.117288749+00:00,24,1,42244728,,0.6945,2147483647,36601729,13129,7,4,1,0,M6AU6
2026-07-29 01:30:04.117455563+00:00,2026-07-29 01:30:04.117289285+00:00,24,1,42054026,,0.6946,2147483647,36601730,11658,7,4,1,0,M6AZ6
2026-07-29 01:30:05.054771243+00:00,2026-07-29 01:30:05.054476113+00:00,24,1,42054026,,0.6935,2147483647,36603759,14218,4,4,1,0,M6AZ6
2026-07-29 01:30:05.055079081+00:00,2026-07-29 01:30:05.054779899+00:00,24,1,42054026,,0.6945,2147483647,36603767,12817,7,4,1,0,M6AZ6
2026-07-29 01:30:05.055079081+00:00,2026-07-29 01:30:05.054783625+00:00,24,1,42244728,,0.6944,2147483647,36603767,12817,7,4,1,0,M6AU6
2026-07-29 01:30:05.056004953+00:00,2026-07-29 01:30:05.055671605+00:00,24,1,42054026,,0.6934,2147483647,36603800,16712,4,4,1,0,M6AZ6
2026-07-29 01:30:05.059559073+00:00,2026-07-29 01:30:05.059351233+00:00,24,1,42244728,,0.6943,2147483647,36603917,13018,7,4,1,0,M6AU6
2026-07-29 01:30:05.160870732+00:00,2026-07-29 01:30:05.160621423+00:00,24,1,42054026,,0.6944,2147483647,36604701,11880,7,4,1,0,M6AZ6
2026-07-29 01:30:06.054265813+00:00,2026-07-29 01:30:06.053905636+00:00,24,1,42054026,,0.6943,2147483647,36607492,13272,7,4,1,0,M6AZ6
2026-07-29 01:30:06.054402586+00:00,2026-07-29 01:30:06.053905636+00:00,24,1,42244728,,0.6942,2147483647,36607496,12532,7,4,1,0,M6AU6
2026-07-29 01:30:07.699113363+00:00,2026-07-29 01:30:07.698901265+00:00,24,1,42054026,,0.6942,2147483647,36610341,11702,7,4,1,0,M6AZ6
2026-07-29 01:30:07.905402940+00:00,2026-07-29 01:30:07.905261654+00:00,24,1,42054026,,0.6941,2147483647,36610999,11555,7,4,1,0,M6AZ6
2026-07-29 01:30:08.036796076+00:00,2026-07-29 01:30:08.036509801+00:00,24,1,42054026,,0.694,2147483647,36611537,11700,7,4,1,0,M6AZ6
2026-07-29 01:30:08.130922798+00:00,2026-07-29 01:30:08.130796649+00:00,24,1,42054026,,0.6939,2147483647,36611949,11826,7,4,1,0,M6AZ6
2026-07-29 01:30:08.497091507+00:00,2026-07-29 01:30:08.496827529+00:00,24,1,42244728,,0.6941,2147483647,36612776,12456,7,4,1,0,M6AU6
2026-07-29 01:30:08.497442695+00:00,2026-07-29 01:30:08.497320911+00:00,24,1,42244728,,0.6939,2147483647,36612783,13843,7,4,1,0,M6AU6
2026-07-29 01:30:09.184900603+00:00,2026-07-29 01:30:09.184743753+00:00,24,1,42054026,,0.6938,2147483647,36613556,12231,7,4,1,0,M6AZ6
2026-07-29 01:30:09.185006294+00:00,2026-07-29 01:30:09.184908483+00:00,24,1,42054026,,0.6937,2147483647,36613559,14720,7,4,1,0,M6AZ6
2026-07-29 01:30:09.959427090+00:00,2026-07-29 01:30:09.958720723+00:00,24,1,42244728,,0.6935,2147483647,36615821,79596,4,4,1,0,M6AU6
2026-07-29 01:30:09.959549464+00:00,2026-07-29 01:30:09.959192583+00:00,24,1,42244728,,0.6937,2147483647,36615827,12760,7,4,1,0,M6AU6
2026-07-29 01:30:09.961030673+00:00,2026-07-29 01:30:09.959556891+00:00,24,1,42054026,,0.6936,2147483647,36615929,12699,7,4,1,0,M6AZ6
2026-07-29 01:30:09.961921577+00:00,2026-07-29 01:30:09.961469788+00:00,24,1,42054026,,0.6935,2147483647,36615973,12088,7,4,1,0,M6AZ6
2026-07-29 01:30:15.430950614+00:00,2026-07-29 01:30:15.430585069+00:00,24,1,42054026,,0.6926,2147483647,36625944,13938,4,4,1,0,M6AZ6
2026-07-29 01:30:15.431371686+00:00,2026-07-29 01:30:15.430927985+00:00,24,1,42244728,,0.6936,2147483647,36625957,14231,7,4,1,0,M6AU6
2026-07-29 01:30:16.404114076+00:00,2026-07-29 01:30:16.403613717+00:00,24,1,42244728,,0.6934,2147483647,36627430,12194,4,4,1,0,M6AU6
2026-07-29 01:30:16.413522297+00:00,2026-07-29 01:30:16.413173275+00:00,24,1,42244728,,0.6935,2147483647,36627588,14161,7,4,1,0,M6AU6
2026-07-29 01:30:18.859563433+00:00,2026-07-29 01:30:18.859086439+00:00,24,1,42244728,,0.6934,2147483647,36630928,13520,7,4,1,0,M6AU6
2026-07-29 01:30:18.860027261+00:00,2026-07-29 01:30:18.859572101+00:00,24,1,42054026,,0.6934,2147483647,36630957,12051,7,4,1,0,M6AZ6
2026-07-29 01:30:18.860335329+00:00,2026-07-29 01:30:18.860241540+00:00,24,1,42054026,,0.6933,2147483647,36630978,11868,7,4,1,0,M6AZ6
2026-07-29 01:31:13.953745210+00:00,2026-07-29 01:31:13.953588283+00:00,24,1,42141216,,-0.0009,2147483647,36682999,11784,8,4,1,0,M6AZ6-M6AU6
2026-07-29 04:19:12.067272507+00:00,2026-07-29 04:19:12.066987679+00:00,24,1,42054026,,0.6932,2147483647,38528664,13486,7,4,1,0,M6AZ6
2026-07-29 08:24:37.515776503+00:00,2026-07-29 08:24:37.515392278+00:00,24,1,42054026,,0.6931,2147483647,41625356,13689,7,4,1,0,M6AZ6
2026-07-29 08:30:25.473882279+00:00,2026-07-29 08:30:25.472715607+00:00,24,1,42054026,,0.693,2147483647,41688433,12744,7,4,1,0,M6AZ6
2026-07-29 09:23:34.480386110+00:00,2026-07-29 09:23:34.479995217+00:00,24,1,42054026,,0.6929,2147483647,42260478,12027,7,4,1,0,M6AZ6
2026-07-29 10:00:44.875029499+00:00,2026-07-29 10:00:44.874929391+00:00,24,1,42054026,,0.6928,2147483647,42697899,11870,7,4,1,0,M6AZ6
2026-07-29 10:52:16.620031476+00:00,2026-07-29 10:52:16.619586117+00:00,24,1,42054026,,0.6927,2147483647,43310821,12420,7,4,1,0,M6AZ6
2026-07-29 12:14:45.981486676+00:00,2026-07-29 12:14:45.981009791+00:00,24,1,42244728,,0.6933,2147483647,44378010,15603,4,4,1,0,M6AU6
2026-07-29 12:16:09.213618701+00:00,2026-07-29 12:16:09.213432053+00:00,24,1,42244728,,0.6933,2147483647,44415574,11961,7,4,1,0,M6AU6
2026-07-29 12:16:09.217619895+00:00,2026-07-29 12:16:09.216677690+00:00,24,1,42054026,,0.6926,2147483647,44415784,13104,7,4,1,0,M6AZ6
2026-07-29 12:16:20.969546806+00:00,2026-07-29 12:16:20.968733505+00:00,24,1,42244728,,0.6932,2147483647,44430078,14121,4,4,1,0,M6AU6
2026-07-29 12:16:20.970963462+00:00,2026-07-29 12:16:20.970358764+00:00,24,1,42244728,,0.6932,2147483647,44430131,15464,7,4,1,0,M6AU6
2026-07-29 12:16:27.745310809+00:00,2026-07-29 12:16:27.745005897+00:00,24,1,42244728,,0.6931,2147483647,44443690,12669,4,4,1,0,M6AU6
2026-07-29 12:16:29.026051284+00:00,2026-07-29 12:16:29.024731479+00:00,24,1,42244728,,0.6931,2147483647,44445263,13231,7,4,1,0,M6AU6
2026-07-29 12:16:29.026651790+00:00,2026-07-29 12:16:29.024804263+00:00,24,1,42054026,,0.6925,2147483647,44445287,12812,7,4,1,0,M6AZ6
2026-07-29 12:16:29.028738778+00:00,2026-07-29 12:16:29.026884766+00:00,24,1,42054026,,0.6924,2147483647,44445386,11746,7,4,1,0,M6AZ6
2026-07-29 12:16:31.764204303+00:00,2026-07-29 12:16:31.763899371+00:00,24,1,42244728,,0.693,2147483647,44449408,11407,4,4,1,0,M6AU6
2026-07-29 12:16:31.783147804+00:00,2026-07-29 12:16:31.782774509+00:00,24,1,42244728,,0.6929,2147483647,44449482,12588,4,4,1,0,M6AU6
2026-07-29 12:16:31.932083487+00:00,2026-07-29 12:16:31.931792151+00:00,24,1,42244728,,0.693,2147483647,44449717,11305,7,4,1,0,M6AU6
2026-07-29 14:03:41.550450630+00:00,2026-07-29 14:03:41.550336511+00:00,24,1,42054026,2026-07-28 00:00:00+00:00,,115,46656017,14466,9,4,1,0,M6AZ6
2026-07-29 14:03:41.550450630+00:00,2026-07-29 14:03:41.550336511+00:00,24,1,42054026,2026-07-28 00:00:00+00:00,,45,46656017,14466,6,4,1,0,M6AZ6
2026-07-29 14:03:56.229186206+00:00,2026-07-29 14:03:56.229095313+00:00,24,1,42244728,2026-07-28 00:00:00+00:00,,3110,46659818,12549,9,4,1,0,M6AU6
2026-07-29 14:03:56.229186206+00:00,2026-07-29 14:03:56.229095313+00:00,24,1,42244728,2026-07-28 00:00:00+00:00,,4235,46659818,12549,6,4,1,0,M6AU6
2026-07-29 14:48:29.159397814+00:00,2026-07-29 14:48:29.158642148+00:00,24,1,42054026,,0.6923,2147483647,47689774,12377,7,4,1,0,M6AZ6
2026-07-29 14:48:56.099488203+00:00,2026-07-29 14:48:56.099229379+00:00,24,1,42244728,,0.6929,2147483647,47704186,11483,7,4,1,0,M6AU6
2026-07-29 14:50:27.341387315+00:00,2026-07-29 14:50:27.341118489+00:00,24,1,42244728,,0.6928,2147483647,47750341,11767,4,4,1,0,M6AU6
2026-07-29 14:51:18.826081353+00:00,2026-07-29 14:51:18.824958018+00:00,24,1,42054026,,0.6922,2147483647,47775407,15271,7,4,1,0,M6AZ6
2026-07-29 14:51:19.018802110+00:00,2026-07-29 14:51:19.018694547+00:00,24,1,42244728,,0.6928,2147483647,47776258,15323,7,4,1,0,M6AU6
2026-07-29 14:51:30.426643292+00:00,2026-07-29 14:51:30.425888855+00:00,24,1,42054026,,0.6921,2147483647,47782518,12618,7,4,1,0,M6AZ6
2026-07-29 14:51:30.631578082+00:00,2026-07-29 14:51:30.631259227+00:00,24,1,42244728,,0.6926,2147483647,47782939,12446,4,4,1,0,M6AU6
2026-07-29 14:51:34.404174723+00:00,2026-07-29 14:51:34.404040565+00:00,24,1,42244728,,0.6927,2147483647,47786227,11865,7,4,1,0,M6AU6
2026-07-29 14:52:15.643729674+00:00,2026-07-29 14:52:15.643211677+00:00,24,1,42054026,,0.692,2147483647,47810380,11617,7,4,1,0,M6AZ6
2026-07-29 14:52:17.052431598+00:00,2026-07-29 14:52:17.052215767+00:00,24,1,42244728,,0.6926,2147483647,47812326,11385,7,4,1,0,M6AU6
2026-07-29 14:52:34.044284007+00:00,2026-07-29 14:52:34.044009117+00:00,24,1,42054026,,0.6917,2147483647,47825235,12695,4,4,1,0,M6AZ6
2026-07-29 14:52:34.082753234+00:00,2026-07-29 14:52:34.082139505+00:00,24,1,42054026,,0.6919,2147483647,47825321,12398,7,4,1,0,M6AZ6
2026-07-29 14:52:34.966186148+00:00,2026-07-29 14:52:34.965874807+00:00,24,1,42244728,,0.6925,2147483647,47826257,11054,4,4,1,0,M6AU6
2026-07-29 14:52:36.182323466+00:00,2026-07-29 14:52:36.182211339+00:00,24,1,42244728,,0.6925,2147483647,47827116,12194,7,4,1,0,M6AU6
2026-07-29 14:54:05.253540558+00:00,2026-07-29 14:54:05.253236599+00:00,24,1,42244728,,0.6924,2147483647,47884073,11168,4,4,1,0,M6AU6
2026-07-29 14:54:24.942338531+00:00,2026-07-29 14:54:24.941235009+00:00,24,1,42054026,,0.6918,2147483647,47895195,11546,7,4,1,0,M6AZ6
2026-07-29 14:54:25.005412602+00:00,2026-07-29 14:54:25.005228557+00:00,24,1,42244728,,0.6924,2147483647,47895465,12350,7,4,1,0,M6AU6
2026-07-29 14:55:15.636933759+00:00,2026-07-29 14:55:15.636206569+00:00,24,1,42054026,,0.6917,2147483647,47924929,11537,7,4,1,0,M6AZ6
2026-07-29 14:55:16.250303011+00:00,2026-07-29 14:55:16.249971223+00:00,24,1,42244728,,0.6923,2147483647,47925624,11675,4,4,1,0,M6AU6
2026-07-29 14:55:16.253011374+00:00,2026-07-29 14:55:16.252901475+00:00,24,1,42244728,,0.6923,2147483647,47925638,15745,7,4,1,0,M6AU6
2026-07-29 14:55:17.105170537+00:00,2026-07-29 14:55:17.104780333+00:00,24,1,42244728,,0.6922,2147483647,47926143,12305,4,4,1,0,M6AU6
2026-07-29 14:55:24.404606260+00:00,2026-07-29 14:55:24.404248311+00:00,24,1,42054026,,0.6916,2147483647,47932459,12773,7,4,1,0,M6AZ6
2026-07-29 14:55:31.047281289+00:00,2026-07-29 14:55:31.047166563+00:00,24,1,42244728,,0.6922,2147483647,47937018,12385,7,4,1,0,M6AU6
2026-07-29 14:56:04.778065502+00:00,2026-07-29 14:56:04.777556849+00:00,24,1,42054026,,0.6915,2147483647,47960926,15542,7,4,1,0,M6AZ6
2026-07-29 14:56:06.125809633+00:00,2026-07-29 14:56:06.125516561+00:00,24,1,42244728,,0.6921,2147483647,47962045,12611,4,4,1,0,M6AU6
2026-07-29 14:56:06.206683337+00:00,2026-07-29 14:56:06.206416423+00:00,24,1,42244728,,0.692,2147483647,47962088,12848,4,4,1,0,M6AU6
2026-07-29 14:56:08.528874043+00:00,2026-07-29 14:56:08.528766191+00:00,24,1,42244728,,0.6921,2147483647,47963120,11380,7,4,1,0,M6AU6
2026-07-29 14:56:38.021886493+00:00,2026-07-29 14:56:38.021354917+00:00,24,1,42054026,,0.6914,2147483647,47981873,11852,7,4,1,0,M6AZ6
2026-07-29 14:57:41.701939241+00:00,2026-07-29 14:57:41.701560807+00:00,24,1,42244728,,0.692,2147483647,48046595,14283,7,4,1,0,M6AU6
2026-07-29 14:57:41.702289835+00:00,2026-07-29 14:57:41.702182180+00:00,24,1,42054026,,0.6913,2147483647,48046621,13775,7,4,1,0,M6AZ6
2026-07-29 14:58:21.213194670+00:00,2026-07-29 14:58:21.212871241+00:00,24,1,42244728,,0.6919,2147483647,48089726,14111,4,4,1,0,M6AU6
2026-07-29 14:58:25.093840779+00:00,2026-07-29 14:58:25.093730595+00:00,24,1,42244728,,0.6919,2147483647,48093374,12205,7,4,1,0,M6AU6
2026-07-29 15:00:37.336559392+00:00,2026-07-29 15:00:37.336263137+00:00,24,1,42244728,,0.6918,2147483647,48199318,11684,4,4,1,0,M6AU6
2026-07-29 15:00:46.990633243+00:00,2026-07-29 15:00:46.989787133+00:00,24,1,42054026,,0.6912,2147483647,48205509,11709,7,4,1,0,M6AZ6
2026-07-29 15:30:06.369784534+00:00,2026-07-29 15:30:06.369468843+00:00,24,1,42054026,,0.6914,2147483647,48907388,12482,4,4,1,0,M6AZ6
2026-07-29 16:12:57.890453019+00:00,2026-07-29 16:12:57.890154761+00:00,24,1,42054026,,0.691,2147483647,49659794,11979,4,4,1,0,M6AZ6
2026-07-29 16:12:58.147344807+00:00,2026-07-29 16:12:58.147233999+00:00,24,1,42244728,,0.6918,2147483647,49659971,14915,7,4,1,0,M6AU6
2026-07-29 16:15:04.605551277+00:00,2026-07-29 16:15:04.604854985+00:00,24,1,42244728,,0.6917,2147483647,49698377,15498,4,4,1,0,M6AU6
2026-07-29 16:15:04.605737815+00:00,2026-07-29 16:15:04.605322553+00:00,24,1,42054026,,0.6911,2147483647,49698388,13262,7,4,1,0,M6AZ6
2026-07-29 16:15:09.734284516+00:00,2026-07-29 16:15:09.733859305+00:00,24,1,42244728,,0.6917,2147483647,49701542,12418,7,4,1,0,M6AU6
2026-07-29 16:15:33.622768303+00:00,2026-07-29 16:15:33.622482935+00:00,24,1,42054026,,0.6909,2147483647,49712977,12197,4,4,1,0,M6AZ6
2026-07-29 18:00:00.922742696+00:00,2026-07-29 18:00:00.922338169+00:00,24,1,42244728,,0.6915,2147483647,51323996,12915,4,4,1,0,M6AU6
2026-07-29 18:47:03.298072503+00:00,2026-07-29 18:47:03.297394637+00:00,24,1,42054026,,0.6959,2147483647,54851699,15624,5,4,1,0,M6AZ6
2026-07-29 18:47:48.751327644+00:00,2026-07-29 18:47:48.751011213+00:00,24,1,42244728,,0.6973,2147483647,54920657,13384,5,4,1,0,M6AU6
2026-07-29 18:47:48.839657979+00:00,2026-07-29 18:47:48.839559679+00:00,24,1,42244728,,0.6973,2147483647,54921148,11938,8,4,1,0,M6AU6
2026-07-29 18:47:48.842124263+00:00,2026-07-29 18:47:48.841756793+00:00,24,1,42244728,,0.6974,2147483647,54921201,12929,5,4,1,0,M6AU6
2026-07-29 18:49:12.767832371+00:00,2026-07-29 18:49:12.766011817+00:00,24,1,42244728,,0.6974,2147483647,55037607,15616,8,4,1,0,M6AU6
2026-07-29 18:49:29.023375483+00:00,2026-07-29 18:49:29.023094539+00:00,24,1,42054026,,0.696,2147483647,55061222,11703,5,4,1,0,M6AZ6
2026-07-29 18:49:36.063937532+00:00,2026-07-29 18:49:36.063226223+00:00,24,1,42244728,,0.6975,2147483647,55071891,13897,5,4,1,0,M6AU6
2026-07-29 18:49:36.063937532+00:00,2026-07-29 18:49:36.063232539+00:00,24,1,42244728,,0.6975,2147483647,55071891,13897,8,4,1,0,M6AU6
2026-07-29 18:49:36.069998330+00:00,2026-07-29 18:49:36.069733503+00:00,24,1,42244728,,0.6976,2147483647,55071931,13377,5,4,1,0,M6AU6
2026-07-29 18:49:40.574951435+00:00,2026-07-29 18:49:40.574796109+00:00,24,1,42244728,,0.6976,2147483647,55079817,12193,8,4,1,0,M6AU6
2026-07-29 18:49:41.025639181+00:00,2026-07-29 18:49:41.024222175+00:00,24,1,42054026,,0.6967,2147483647,55081081,14314,5,4,1,0,M6AZ6
2026-07-29 18:53:24.890556225+00:00,2026-07-29 18:53:24.890395611+00:00,24,1,42054026,,0.6961,2147483647,55373209,12596,8,4,1,0,M6AZ6
2026-07-29 18:58:20.008107358+00:00,2026-07-29 18:58:20.007982939+00:00,24,1,42054026,,0.6962,2147483647,55646565,12275,8,4,1,0,M6AZ6
2026-07-29 18:59:41.214490806+00:00,2026-07-29 18:59:41.214084527+00:00,24,1,42244728,,0.6977,2147483647,55713880,15892,5,4,1,0,M6AU6
2026-07-29 18:59:41.352717324+00:00,2026-07-29 18:59:41.352612343+00:00,24,1,42244728,,0.6977,2147483647,55714378,15419,8,4,1,0,M6AU6
2026-07-29 18:59:54.415817578+00:00,2026-07-29 18:59:54.414860579+00:00,24,1,42244728,,0.6978,2147483647,55725313,17299,5,4,1,0,M6AU6
2026-07-29 19:00:00.091360043+00:00,2026-07-29 19:00:00.091245901+00:00,24,1,42244728,,0.6978,2147483647,55734056,11352,8,4,1,0,M6AU6
2026-07-29 19:00:05.827549513+00:00,2026-07-29 19:00:05.827164643+00:00,24,1,42244728,,0.6979,2147483647,55744986,13582,5,4,1,0,M6AU6
2026-07-29 19:00:05.827970815+00:00,2026-07-29 19:00:05.827180731+00:00,24,1,42244728,,0.6979,2147483647,55744995,15644,8,4,1,0,M6AU6
2026-07-29 19:00:05.828868171+00:00,2026-07-29 19:00:05.827438863+00:00,24,1,42054026,,0.6964,2147483647,55745025,13377,8,4,1,0,M6AZ6
2026-07-29 19:00:05.830680371+00:00,2026-07-29 19:00:05.829203162+00:00,24,1,42054026,,0.6965,2147483647,55745116,11780,8,4,1,0,M6AZ6
2026-07-29 19:01:49.884860518+00:00,2026-07-29 19:01:49.884262347+00:00,24,1,42244728,,0.698,2147483647,55869295,15565,5,4,1,0,M6AU6
2026-07-29 19:01:49.884860518+00:00,2026-07-29 19:01:49.884262347+00:00,24,1,42244728,,0.698,2147483647,55869295,15565,8,4,1,0,M6AU6
2026-07-29 19:01:49.885186747+00:00,2026-07-29 19:01:49.884938575+00:00,24,1,42054026,,0.6966,2147483647,55869320,12317,8,4,1,0,M6AZ6
2026-07-29 19:01:55.316846642+00:00,2026-07-29 19:01:55.315242595+00:00,24,1,42244728,,0.6981,2147483647,55876084,12594,5,4,1,0,M6AU6
2026-07-29 19:01:55.319094231+00:00,2026-07-29 19:01:55.316754526+00:00,24,1,42244728,,0.6981,2147483647,55876128,18044,8,4,1,0,M6AU6
2026-07-29 19:01:55.389525270+00:00,2026-07-29 19:01:55.389254913+00:00,24,1,42244728,,0.6982,2147483647,55876723,13898,5,4,1,0,M6AU6
2026-07-29 19:02:00.795892631+00:00,2026-07-29 19:02:00.795781581+00:00,24,1,42244728,,0.6982,2147483647,55884200,12550,8,4,1,0,M6AU6
2026-07-29 19:02:10.325077267+00:00,2026-07-29 19:02:10.324824637+00:00,24,1,42244728,,0.6983,2147483647,55900535,11433,5,4,1,0,M6AU6
2026-07-29 19:02:59.838965869+00:00,2026-07-29 19:02:59.838841431+00:00,24,1,42244728,2026-07-29 00:00:00+00:00,0.6978,2147483647,55946108,11500,3,4,1,6,M6AU6
2026-07-29 19:02:59.838965869+00:00,2026-07-29 19:02:59.838841431+00:00,24,1,42244728,2026-07-29 00:00:00+00:00,0.69775,2147483647,55946108,11500,3,4,1,2,M6AU6
2026-07-29 19:02:59.838973779+00:00,2026-07-29 19:02:59.838841431+00:00,24,1,42054026,2026-07-29 00:00:00+00:00,0.6968,2147483647,55946109,11391,3,4,1,6,M6AZ6
2026-07-29 19:02:59.838973779+00:00,2026-07-29 19:02:59.838841431+00:00,24,1,42054026,2026-07-29 00:00:00+00:00,0.6968,2147483647,55946109,11391,3,4,1,2,M6AZ6
2026-07-29 19:15:59.079465468+00:00,2026-07-29 19:15:59.078904984+00:00,24,1,42054026,,0.6967,2147483647,56756057,10921,8,4,1,0,M6AZ6
2026-07-29 21:38:04.362287327+00:00,2026-07-29 21:38:04.360708879+00:00,24,1,42054026,2026-07-29 00:00:00+00:00,0.6968,2147483647,60163874,15239,3,4,1,6,M6AZ6
2026-07-29 21:38:50.056551172+00:00,2026-07-29 21:38:50.055030617+00:00,24,1,42141216,2026-07-29 00:00:00+00:00,-0.001,2147483647,60164537,16666,3,4,1,2,M6AZ6-M6AU6
2026-07-29 21:40:01.597286159+00:00,2026-07-29 21:40:01.595756533+00:00,24,1,42244728,2026-07-29 00:00:00+00:00,0.6978,2147483647,60165930,16181,3,4,1,6,M6AU6
2026-07-29 22:00:00.016175195+00:00,2026-07-29 22:00:00.000223549+00:00,24,1,42244728,,0.6943,2147483647,60171054,17329,8,4,1,0,M6AU6
2026-07-29 22:00:00.016175195+00:00,2026-07-29 22:00:00.000223549+00:00,24,1,42244728,,0.6948,2147483647,60171054,17329,7,4,1,0,M6AU6
2026-07-29 22:00:00.017104791+00:00,2026-07-29 22:00:00.000546221+00:00,24,1,42244728,,0.6947,2147483647,60171141,11850,7,4,1,0,M6AU6
2026-07-29 22:00:00.066981339+00:00,2026-07-29 22:00:00.065830205+00:00,24,1,42141216,,-0.01,2147483647,60172176,15864,8,4,1,0,M6AZ6-M6AU6
2026-07-29 22:00:00.066981339+00:00,2026-07-29 22:00:00.065830205+00:00,24,1,42141216,,-0.0009,2147483647,60172176,15864,7,4,1,0,M6AZ6-M6AU6
2026-07-29 22:00:00.067003821+00:00,2026-07-29 22:00:00.066799484+00:00,24,1,42141216,,-0.0012,2147483647,60172177,12875,8,4,1,0,M6AZ6-M6AU6
2026-07-29 22:00:00.123127207+00:00,2026-07-29 22:00:00.123022231+00:00,24,1,42244728,,0.6944,2147483647,60172931,14966,8,4,1,0,M6AU6
2026-07-29 22:00:00.178319211+00:00,2026-07-29 22:00:00.178209195+00:00,24,1,42054026,,0.693,2147483647,60173332,11708,8,4,1,0,M6AZ6
2026-07-29 22:00:00.178319211+00:00,2026-07-29 22:00:00.178209195+00:00,24,1,42054026,,0.6974,2147483647,60173332,11708,7,4,1,0,M6AZ6
2026-07-29 22:00:00.521504224+00:00,2026-07-29 22:00:00.521345015+00:00,24,1,42054026,,0.6943,2147483647,60174306,12633,7,4,1,0,M6AZ6
2026-07-29 22:00:00.560849603+00:00,2026-07-29 22:00:00.560583505+00:00,24,1,42244728,,0.6947,2147483647,60174624,13522,5,4,1,0,M6AU6
2026-07-29 22:00:00.560849603+00:00,2026-07-29 22:00:00.560583505+00:00,24,1,42244728,,0.6947,2147483647,60174624,13522,4,4,1,0,M6AU6
2026-07-29 22:00:00.560849603+00:00,2026-07-29 22:00:00.560583505+00:00,24,1,42244728,,0.6947,2147483647,60174624,13522,1,4,1,0,M6AU6
2026-07-29 22:00:00.561018420+00:00,2026-07-29 22:00:00.560867519+00:00,24,1,42244728,,0.6945,2147483647,60174633,11975,8,4,1,0,M6AU6
2026-07-29 22:00:00.643843837+00:00,2026-07-29 22:00:00.643573971+00:00,24,1,42244728,,0.6945,2147483647,60175072,11620,4,4,1,0,M6AU6
2026-07-29 22:00:00.967942495+00:00,2026-07-29 22:00:00.967840955+00:00,24,1,42244728,,0.6946,2147483647,60176296,15085,8,4,1,0,M6AU6
2026-07-29 22:00:02.385018033+00:00,2026-07-29 22:00:02.384663427+00:00,24,1,42244728,,0.6948,2147483647,60180272,13051,5,4,1,0,M6AU6
2026-07-29 22:00:06.102408926+00:00,2026-07-29 22:00:06.102284485+00:00,24,1,42244728,,0.6947,2147483647,60186002,11748,8,4,1,0,M6AU6
2026-07-29 22:00:19.280064536+00:00,2026-07-29 22:00:19.279956647+00:00,24,1,42244728,,0.6948,2147483647,60196407,13504,8,4,1,0,M6AU6
2026-07-29 22:00:48.240362884+00:00,2026-07-29 22:00:48.240221402+00:00,24,1,42054026,,0.6932,2147483647,60204100,11634,8,4,1,0,M6AZ6
2026-07-29 22:01:14.069341791+00:00,2026-07-29 22:01:14.069222819+00:00,24,1,42141216,,-0.0011,2147483647,60210994,11842,8,4,1,0,M6AZ6-M6AU6
2026-07-29 22:01:40.155986055+00:00,2026-07-29 22:01:40.155843789+00:00,24,1,42244728,,0.6949,2147483647,60219371,15172,8,4,1,0,M6AU6
2026-07-29 22:02:00.943908462+00:00,2026-07-29 22:02:00.943547133+00:00,24,1,42054026,,0.6933,2147483647,60224654,12154,8,4,1,0,M6AZ6
2026-07-29 22:02:17.718248249+00:00,2026-07-29 22:02:17.717942531+00:00,24,1,42244728,,0.695,2147483647,60227550,13421,5,4,1,0,M6AU6
2026-07-29 22:02:48.403156759+00:00,2026-07-29 22:02:48.403017875+00:00,24,1,42244728,,0.695,2147483647,60236994,15598,8,4,1,0,M6AU6
2026-07-29 22:05:19.505165565+00:00,2026-07-29 22:05:19.505038669+00:00,24,1,42054026,,0.6934,2147483647,60254791,12080,8,4,1,0,M6AZ6
2026-07-29 22:06:00.839880170+00:00,2026-07-29 22:06:00.839628183+00:00,24,1,42244728,,0.6951,2147483647,60257660,10948,5,4,1,0,M6AU6
2026-07-29 22:06:27.846662767+00:00,2026-07-29 22:06:27.846504683+00:00,24,1,42244728,,0.6951,2147483647,60263439,11174,8,4,1,0,M6AU6
2026-07-29 22:06:27.846843852+00:00,2026-07-29 22:06:27.846716469+00:00,24,1,42054026,,0.6936,2147483647,60263451,12027,8,4,1,0,M6AZ6
2026-07-29 22:06:27.846972562+00:00,2026-07-29 22:06:27.846851477+00:00,24,1,42054026,,0.6937,2147483647,60263453,12566,8,4,1,0,M6AZ6
2026-07-29 22:08:44.275978017+00:00,2026-07-29 22:08:44.275614107+00:00,24,1,42244728,,0.6952,2147483647,60298309,11750,5,4,1,0,M6AU6
2026-07-29 22:09:25.118639692+00:00,2026-07-29 22:09:25.118444391+00:00,24,1,42244728,,0.6952,2147483647,60304528,13497,8,4,1,0,M6AU6
2026-07-29 22:09:26.658275372+00:00,2026-07-29 22:09:26.658001406+00:00,24,1,42244728,,0.6953,2147483647,60305228,12719,5,4,1,0,M6AU6
2026-07-29 22:09:32.689679588+00:00,2026-07-29 22:09:32.689511859+00:00,24,1,42244728,,0.6953,2147483647,60305732,11720,8,4,1,0,M6AU6
2026-07-29 22:19:09.321825839+00:00,2026-07-29 22:19:09.321680419+00:00,24,1,42054026,,0.6939,2147483647,60400792,15626,8,4,1,0,M6AZ6
2026-07-29 22:19:09.321956777+00:00,2026-07-29 22:19:09.321836969+00:00,24,1,42054026,,0.694,2147483647,60400793,15101,8,4,1,0,M6AZ6
2026-07-29 22:19:14.182133855+00:00,2026-07-29 22:19:14.182001257+00:00,24,1,42054026,,0.6941,2147483647,60401433,15543,8,4,1,0,M6AZ6
2026-07-29 22:21:32.005023156+00:00,2026-07-29 22:21:32.004878805+00:00,24,1,42054026,,0.6942,2147483647,60416878,15969,7,4,1,0,M6AZ6
2026-07-29 22:21:38.619769956+00:00,2026-07-29 22:21:38.619518453+00:00,24,1,42054026,,0.6941,2147483647,60417342,12469,5,4,1,0,M6AZ6
2026-07-29 22:21:38.619769956+00:00,2026-07-29 22:21:38.619518453+00:00,24,1,42054026,,0.6941,2147483647,60417342,12469,4,4,1,0,M6AZ6
2026-07-29 22:21:38.619769956+00:00,2026-07-29 22:21:38.619518453+00:00,24,1,42054026,,0.6941,2147483647,60417342,12469,1,4,1,0,M6AZ6
2026-07-29 22:23:14.487232406+00:00,2026-07-29 22:23:14.487076293+00:00,24,1,42054026,,0.6941,2147483647,60429232,15509,7,4,1,0,M6AZ6
2026-07-29 22:25:09.682440747+00:00,2026-07-29 22:25:09.682297539+00:00,24,1,42054026,,0.6942,2147483647,60449821,15818,8,4,1,0,M6AZ6
2026-07-29 22:25:09.682719556+00:00,2026-07-29 22:25:09.682446679+00:00,24,1,42054026,,0.6942,2147483647,60449823,11594,5,4,1,0,M6AZ6
2026-07-29 22:28:38.092611654+00:00,2026-07-29 22:28:38.092455027+00:00,24,1,42054026,,0.694,2147483647,60464578,16872,7,4,1,0,M6AZ6
2026-07-29 22:28:38.092912982+00:00,2026-07-29 22:28:38.092617643+00:00,24,1,42054026,,0.694,2147483647,60464580,11657,4,4,1,0,M6AZ6
2026-07-29 22:54:38.890623630+00:00,2026-07-29 22:54:38.890473711+00:00,24,1,42054026,,0.6943,2147483647,60538734,18275,8,4,1,0,M6AZ6
2026-07-29 22:54:38.890927147+00:00,2026-07-29 22:54:38.890629089+00:00,24,1,42054026,,0.6943,2147483647,60538736,11781,5,4,1,0,M6AZ6
2026-07-29 23:00:44.527346363+00:00,2026-07-29 23:00:44.526942317+00:00,24,1,42244728,,0.6954,2147483647,60553885,11951,5,4,1,0,M6AU6
2026-07-29 23:01:20.590211871+00:00,2026-07-29 23:01:20.590100931+00:00,24,1,42244728,,0.6954,2147483647,60556339,14853,8,4,1,0,M6AU6
2026-07-29 23:02:50.294554873+00:00,2026-07-29 23:02:50.294147861+00:00,24,1,42054026,2026-07-29 00:00:00+00:00,0.6968,2147483647,60562635,15801,3,4,1,7,M6AZ6
2026-07-29 23:03:22.524792244+00:00,2026-07-29 23:03:22.524444809+00:00,24,1,42141216,2026-07-29 00:00:00+00:00,-0.001,2147483647,60564272,15568,3,4,1,3,M6AZ6-M6AU6
2026-07-29 23:03:47.827397796+00:00,2026-07-29 23:03:47.827120247+00:00,24,1,42244728,,0.6955,2147483647,60566591,11598,5,4,1,0,M6AU6
2026-07-29 23:04:15.007019737+00:00,2026-07-29 23:04:15.006871499+00:00,24,1,42244728,,0.6955,2147483647,60569643,11638,8,4,1,0,M6AU6
2026-07-29 23:05:57.225118857+00:00,2026-07-29 23:05:57.224790297+00:00,24,1,42244728,2026-07-29 00:00:00+00:00,0.6978,2147483647,60575741,15466,3,4,1,7,M6AU6
2026-07-29 23:08:30.784111982+00:00,2026-07-29 23:08:30.783819753+00:00,24,1,42244728,,0.6956,2147483647,60585132,13457,5,4,1,0,M6AU6
2026-07-29 23:08:30.787567841+00:00,2026-07-29 23:08:30.787451367+00:00,24,1,42244728,,0.6956,2147483647,60585178,13605,8,4,1,0,M6AU6
2026-07-29 23:08:30.790164141+00:00,2026-07-29 23:08:30.789809789+00:00,24,1,42054026,,0.6944,2147483647,60585269,11985,8,4,1,0,M6AZ6
2026-07-29 23:08:41.927747449+00:00,2026-07-29 23:08:41.927493361+00:00,24,1,42244728,,0.6957,2147483647,60586743,11861,5,4,1,0,M6AU6
2026-07-29 23:08:48.313157495+00:00,2026-07-29 23:08:48.312945511+00:00,24,1,42244728,,0.6957,2147483647,60588000,13529,8,4,1,0,M6AU6
2026-07-29 23:08:48.377031693+00:00,2026-07-29 23:08:48.376760759+00:00,24,1,42054026,,0.6945,2147483647,60588278,13999,8,4,1,0,M6AZ6
2026-07-29 23:08:49.868354025+00:00,2026-07-29 23:08:49.868171001+00:00,24,1,42244728,,0.6958,2147483647,60590013,12042,8,4,1,0,M6AU6
2026-07-29 23:08:50.125992262+00:00,2026-07-29 23:08:50.125803897+00:00,24,1,42054026,,0.6946,2147483647,60590514,12341,8,4,1,0,M6AZ6
2026-07-29 23:09:35.014260529+00:00,2026-07-29 23:09:35.013920901+00:00,24,1,42244728,,0.6959,2147483647,60596000,11295,5,4,1,0,M6AU6
2026-07-30 00:12:54.517011321+00:00,2026-07-30 00:12:54.516645653+00:00,24,1,42244728,,0.6959,2147483647,61151238,15811,8,4,1,0,M6AU6
2026-07-30 00:12:58.969150649+00:00,2026-07-30 00:12:58.968838603+00:00,24,1,42054026,,0.6947,2147483647,61153254,11713,8,4,1,0,M6AZ6
2026-07-30 00:13:23.034555841+00:00,2026-07-30 00:13:23.033954775+00:00,24,1,42244728,,0.696,2147483647,61158376,15339,5,4,1,0,M6AU6
2026-07-30 00:13:23.034555841+00:00,2026-07-30 00:13:23.033963643+00:00,24,1,42244728,,0.696,2147483647,61158376,15339,8,4,1,0,M6AU6
2026-07-30 00:39:31.094156850+00:00,2026-07-30 00:39:31.093964877+00:00,24,1,42054026,,0.6939,2147483647,61674839,12888,7,4,1,0,M6AZ6
2026-07-30 00:42:16.119412305+00:00,2026-07-30 00:42:16.119183187+00:00,24,1,42244728,,0.6946,2147483647,61718285,15510,7,4,1,0,M6AU6
2026-07-30 00:44:17.008181553+00:00,2026-07-30 00:44:17.007621565+00:00,24,1,42054026,,0.6938,2147483647,61747683,12103,7,4,1,0,M6AZ6
2026-07-30 00:44:49.253807861+00:00,2026-07-30 00:44:49.253589936+00:00,24,1,42244728,,0.6945,2147483647,61756986,11149,7,4,1,0,M6AU6
2026-07-30 02:16:02.708434811+00:00,2026-07-30 02:16:02.708338895+00:00,24,1,42244728,2026-07-29 00:00:00+00:00,,2816,62968878,12125,9,4,1,0,M6AU6
2026-07-30 02:16:02.708434811+00:00,2026-07-30 02:16:02.708338895+00:00,24,1,42244728,2026-07-29 00:00:00+00:00,,8468,62968878,12125,6,4,1,0,M6AU6
2026-07-30 02:16:02.708434811+00:00,2026-07-30 02:16:02.708338895+00:00,24,1,42054026,2026-07-29 00:00:00+00:00,,87,62968878,12125,9,4,1,0,M6AZ6
2026-07-30 02:16:02.708434811+00:00,2026-07-30 02:16:02.708338895+00:00,24,1,42054026,2026-07-29 00:00:00+00:00,,86,62968878,12125,6,4,1,0,M6AZ6
2026-07-30 04:00:21.669349567+00:00,2026-07-30 04:00:21.669233217+00:00,24,1,42054026,,0.6937,2147483647,63875715,12014,7,4,1,0,M6AZ6
2026-07-30 04:51:36.890657129+00:00,2026-07-30 04:51:36.890205113+00:00,24,1,42244728,,0.6944,2147483647,64188060,11887,4,4,1,0,M6AU6
2026-07-30 04:58:26.430390759+00:00,2026-07-30 04:58:26.430233453+00:00,24,1,42244728,,0.6944,2147483647,64244286,12012,7,4,1,0,M6AU6
2026-07-30 05:01:29.398882172+00:00,2026-07-30 05:01:29.398621129+00:00,24,1,42054026,,0.6935,2147483647,64274780,12787,4,4,1,0,M6AZ6
2026-07-30 05:02:51.003582249+00:00,2026-07-30 05:02:51.003234503+00:00,24,1,42054026,,0.6936,2147483647,64289433,11819,7,4,1,0,M6AZ6
2026-07-30 05:02:51.655151675+00:00,2026-07-30 05:02:51.654832163+00:00,24,1,42244728,,0.6943,2147483647,64289678,11720,4,4,1,0,M6AU6
2026-07-30 05:02:51.655213361+00:00,2026-07-30 05:02:51.655103657+00:00,24,1,42244728,,0.6943,2147483647,64289679,11609,7,4,1,0,M6AU6
2026-07-30 05:03:07.552769673+00:00,2026-07-30 05:03:07.552365225+00:00,24,1,42244728,,0.6942,2147483647,64292446,11666,4,4,1,0,M6AU6
2026-07-30 05:33:40.460696068+00:00,2026-07-30 05:33:40.460582257+00:00,24,1,42141216,,-0.001,2147483647,64545538,14689,8,4,1,0,M6AZ6-M6AU6
2026-07-30 06:11:34.894245296+00:00,2026-07-30 06:11:34.893916661+00:00,24,1,42054026,,0.6935,2147483647,65071823,11858,7,4,1,0,M6AZ6
2026-07-30 06:12:36.625181735+00:00,2026-07-30 06:12:36.625068791+00:00,24,1,42244728,,0.6942,2147483647,65089873,15973,7,4,1,0,M6AU6
2026-07-30 06:13:45.306252897+00:00,2026-07-30 06:13:45.305813497+00:00,24,1,42244728,,0.6941,2147483647,65106585,14689,4,4,1,0,M6AU6
2026-07-30 06:13:45.306372295+00:00,2026-07-30 06:13:45.305893441+00:00,24,1,42244728,,0.6941,2147483647,65106588,14949,7,4,1,0,M6AU6
2026-07-30 06:13:45.306670143+00:00,2026-07-30 06:13:45.306152518+00:00,24,1,42054026,,0.6934,2147483647,65106595,15892,7,4,1,0,M6AZ6
2026-07-30 06:13:45.307101358+00:00,2026-07-30 06:13:45.306683121+00:00,24,1,42054026,,0.6933,2147483647,65106618,11992,7,4,1,0,M6AZ6
2026-07-30 06:14:08.157321143+00:00,2026-07-30 06:14:08.157019357+00:00,24,1,42244728,,0.694,2147483647,65115053,11433,4,4,1,0,M6AU6
2026-07-30 06:41:23.044301697+00:00,2026-07-30 06:41:23.044012433+00:00,24,1,42054026,,0.6934,2147483647,65510284,11838,4,4,1,0,M6AZ6
2026-07-30 09:08:32.443316732+00:00,2026-07-30 09:08:32.442306499+00:00,24,1,42054026,,0.6948,2147483647,68079976,13642,8,4,1,0,M6AZ6
2026-07-30 09:09:23.645211814+00:00,2026-07-30 09:09:23.644875283+00:00,24,1,42244728,,0.6961,2147483647,68093695,12421,5,4,1,0,M6AU6
2026-07-30 09:09:28.601783574+00:00,2026-07-30 09:09:28.601397861+00:00,24,1,42054026,,0.6949,2147483647,68096916,13668,8,4,1,0,M6AZ6
2026-07-30 09:09:29.057127134+00:00,2026-07-30 09:09:29.056989143+00:00,24,1,42244728,,0.6961,2147483647,68097542,14678,8,4,1,0,M6AU6
2026-07-30 09:09:55.340094835+00:00,2026-07-30 09:09:55.339791853+00:00,24,1,42054026,,0.695,2147483647,68112953,12120,8,4,1,0,M6AZ6
2026-07-30 09:09:55.345421847+00:00,2026-07-30 09:09:55.345094905+00:00,24,1,42244728,,0.6963,2147483647,68113000,12619,5,4,1,0,M6AU6
2026-07-30 09:09:55.345442275+00:00,2026-07-30 09:09:55.345098649+00:00,24,1,42244728,,0.6962,2147483647,68113001,11659,8,4,1,0,M6AU6
2026-07-30 09:10:01.136027238+00:00,2026-07-30 09:10:01.135735877+00:00,24,1,42054026,,0.6951,2147483647,68117225,12136,5,4,1,0,M6AZ6
2026-07-30 09:14:46.519578993+00:00,2026-07-30 09:14:46.519462037+00:00,24,1,42244728,,0.6963,2147483647,68215210,11916,8,4,1,0,M6AU6
2026-07-30 09:14:46.639920986+00:00,2026-07-30 09:14:46.639473449+00:00,24,1,42054026,,0.6951,2147483647,68215839,11905,8,4,1,0,M6AZ6
2026-07-30 09:14:46.640844854+00:00,2026-07-30 09:14:46.639929937+00:00,24,1,42054026,,0.6952,2147483647,68215901,12638,8,4,1,0,M6AZ6
2026-07-30 09:19:55.371627492+00:00,2026-07-30 09:19:55.371316899+00:00,24,1,42244728,,0.6964,2147483647,68324569,11479,5,4,1,0,M6AU6
2026-07-30 09:21:30.456431051+00:00,2026-07-30 09:21:30.455794527+00:00,24,1,42244728,,0.6964,2147483647,68358182,11951,8,4,1,0,M6AU6
2026-07-30 09:22:26.958681031+00:00,2026-07-30 09:22:26.958412865+00:00,24,1,42054026,,0.6952,2147483647,68377070,11420,5,4,1,0,M6AZ6
2026-07-30 09:26:08.690039991+00:00,2026-07-30 09:26:08.689433293+00:00,24,1,42244728,,0.6965,2147483647,68435804,16902,5,4,1,0,M6AU6
2026-07-30 09:26:08.690246111+00:00,2026-07-30 09:26:08.689676393+00:00,24,1,42244728,,0.6965,2147483647,68435814,15083,8,4,1,0,M6AU6
2026-07-30 09:26:08.692224051+00:00,2026-07-30 09:26:08.690531993+00:00,24,1,42054026,,0.6953,2147483647,68435948,11885,8,4,1,0,M6AZ6
2026-07-30 09:26:08.693040448+00:00,2026-07-30 09:26:08.692625556+00:00,24,1,42054026,,0.6954,2147483647,68436000,12125,8,4,1,0,M6AZ6
2026-07-30 09:27:05.765444755+00:00,2026-07-30 09:27:05.765101617+00:00,24,1,42244728,,0.6966,2147483647,68453413,11521,5,4,1,0,M6AU6
2026-07-30 09:27:32.008105500+00:00,2026-07-30 09:27:32.008001226+00:00,24,1,42244728,,0.6966,2147483647,68461362,13974,8,4,1,0,M6AU6
2026-07-30 09:37:14.613209348+00:00,2026-07-30 09:37:14.612958893+00:00,24,1,42054026,,0.6955,2147483647,68621278,11894,8,4,1,0,M6AZ6
2026-07-30 09:46:41.605030767+00:00,2026-07-30 09:46:41.604686855+00:00,24,1,42244728,,0.6967,2147483647,68759648,11661,5,4,1,0,M6AU6
2026-07-30 09:46:45.494093566+00:00,2026-07-30 09:46:45.493747435+00:00,24,1,42244728,,0.6967,2147483647,68761776,11445,8,4,1,0,M6AU6
2026-07-30 09:48:02.028129379+00:00,2026-07-30 09:48:02.027830203+00:00,24,1,42244728,,0.6968,2147483647,68786317,14689,5,4,1,0,M6AU6
2026-07-30 09:48:02.028129379+00:00,2026-07-30 09:48:02.027830203+00:00,24,1,42244728,,0.6968,2147483647,68786317,14689,8,4,1,0,M6AU6
2026-07-30 09:48:02.028529333+00:00,2026-07-30 09:48:02.028210901+00:00,24,1,42054026,,0.6956,2147483647,68786339,10846,8,4,1,0,M6AZ6
2026-07-30 09:48:02.028643625+00:00,2026-07-30 09:48:02.028536769+00:00,24,1,42054026,,0.6957,2147483647,68786344,14869,8,4,1,0,M6AZ6
2026-07-30 09:48:52.225998349+00:00,2026-07-30 09:48:52.225753199+00:00,24,1,42244728,,0.6969,2147483647,68806819,11550,5,4,1,0,M6AU6
2026-07-30 09:49:50.307885198+00:00,2026-07-30 09:49:50.307762569+00:00,24,1,42244728,,0.6969,2147483647,68829893,15065,8,4,1,0,M6AU6
2026-07-30 09:50:07.770185723+00:00,2026-07-30 09:50:07.769909283+00:00,24,1,42244728,,0.697,2147483647,68840423,11645,5,4,1,0,M6AU6
2026-07-30 09:50:08.973608310+00:00,2026-07-30 09:50:08.973330495+00:00,24,1,42244728,,0.6971,2147483647,68841935,11879,5,4,1,0,M6AU6
2026-07-30 09:51:10.557015478+00:00,2026-07-30 09:51:10.556708847+00:00,24,1,42054026,,0.6958,2147483647,68862366,11715,8,4,1,0,M6AZ6
2026-07-30 09:51:10.569206787+00:00,2026-07-30 09:51:10.569106997+00:00,24,1,42244728,,0.697,2147483647,68862406,15126,8,4,1,0,M6AU6
2026-07-30 10:10:18.726168438+00:00,2026-07-30 10:10:18.725914635+00:00,24,1,42054026,,0.6959,2147483647,69248266,12701,8,4,1,0,M6AZ6
2026-07-30 10:10:19.905366077+00:00,2026-07-30 10:10:19.905260589+00:00,24,1,42244728,,0.6971,2147483647,69248826,12204,8,4,1,0,M6AU6
2026-07-30 10:11:39.545288228+00:00,2026-07-30 10:11:39.544930885+00:00,24,1,42054026,,0.696,2147483647,69290305,13216,8,4,1,0,M6AZ6
2026-07-30 10:12:55.359781551+00:00,2026-07-30 10:12:55.359505457+00:00,24,1,42054026,,0.6959,2147483647,69320571,11652,5,4,1,0,M6AZ6
2026-07-30 10:13:47.499801718+00:00,2026-07-30 10:13:47.499507907+00:00,24,1,42054026,,0.6962,2147483647,69342180,13755,5,4,1,0,M6AZ6
2026-07-30 10:13:47.501710559+00:00,2026-07-30 10:13:47.501340661+00:00,24,1,42244728,,0.6973,2147483647,69342254,12567,5,4,1,0,M6AU6
2026-07-30 10:13:53.420759087+00:00,2026-07-30 10:13:53.420623853+00:00,24,1,42244728,,0.6972,2147483647,69345126,15880,8,4,1,0,M6AU6
2026-07-30 10:14:18.092819180+00:00,2026-07-30 10:14:18.092296351+00:00,24,1,42054026,,0.6961,2147483647,69355755,11894,8,4,1,0,M6AZ6
2026-07-30 10:14:29.682738230+00:00,2026-07-30 10:14:29.682557275+00:00,24,1,42244728,,0.6973,2147483647,69361586,12405,8,4,1,0,M6AU6
2026-07-30 10:14:43.208046615+00:00,2026-07-30 10:14:43.206939436+00:00,24,1,42054026,,0.6962,2147483647,69381807,10729,8,4,1,0,M6AZ6
2026-07-30 10:14:43.396756675+00:00,2026-07-30 10:14:43.396504865+00:00,24,1,42244728,,0.6974,2147483647,69383124,14929,5,4,1,0,M6AU6
2026-07-30 10:14:45.260515799+00:00,2026-07-30 10:14:45.260351025+00:00,24,1,42244728,,0.6974,2147483647,69386252,11556,8,4,1,0,M6AU6
2026-07-30 10:15:15.426128147+00:00,2026-07-30 10:15:15.425887471+00:00,24,1,42244728,,0.6975,2147483647,69417415,12201,5,4,1,0,M6AU6
2026-07-30 10:15:49.491420302+00:00,2026-07-30 10:15:49.489375816+00:00,24,1,42054026,,0.6963,2147483647,69437871,15457,8,4,1,0,M6AZ6
2026-07-30 10:15:50.042750639+00:00,2026-07-30 10:15:50.042630795+00:00,24,1,42244728,,0.6975,2147483647,69439590,14767,8,4,1,0,M6AU6
2026-07-30 10:16:27.429145870+00:00,2026-07-30 10:16:27.428592225+00:00,24,1,42054026,,0.6964,2147483647,69486290,11642,8,4,1,0,M6AZ6
2026-07-30 10:16:27.430968259+00:00,2026-07-30 10:16:27.430315657+00:00,24,1,42244728,,0.6976,2147483647,69486381,14637,5,4,1,0,M6AU6
2026-07-30 10:16:27.495450277+00:00,2026-07-30 10:16:27.494538631+00:00,24,1,42244728,,0.6976,2147483647,69486877,11717,8,4,1,0,M6AU6
2026-07-30 10:16:27.594285612+00:00,2026-07-30 10:16:27.592664189+00:00,24,1,42244728,,0.6977,2147483647,69490573,15848,5,4,1,0,M6AU6
2026-07-30 10:16:27.620894054+00:00,2026-07-30 10:16:27.620587645+00:00,24,1,42244728,,0.6977,2147483647,69491208,12425,8,4,1,0,M6AU6
2026-07-30 10:16:28.013390294+00:00,2026-07-30 10:16:28.011465659+00:00,24,1,42244728,,0.6978,2147483647,69498709,23230,5,4,1,0,M6AU6
2026-07-30 10:16:28.611909514+00:00,2026-07-30 10:16:28.611751367+00:00,24,1,42054026,,0.6966,2147483647,69504584,11256,8,4,1,0,M6AZ6
2026-07-30 10:16:29.607196794+00:00,2026-07-30 10:16:29.606440969+00:00,24,1,42244728,,0.6978,2147483647,69508778,13569,8,4,1,0,M6AU6
2026-07-30 12:04:37.387032146+00:00,2026-07-30 12:04:37.386567285+00:00,24,1,42244728,,0.6979,2147483647,71970864,14700,5,4,1,0,M6AU6
2026-07-30 12:04:58.903857429+00:00,2026-07-30 12:04:58.903500589+00:00,24,1,42054026,,0.6968,2147483647,71978710,14146,5,4,1,0,M6AZ6
2026-07-30 12:05:38.783209278+00:00,2026-07-30 12:05:38.783091879+00:00,24,1,42054026,,0.6967,2147483647,71996439,11792,8,4,1,0,M6AZ6
2026-07-30 12:30:18.149097350+00:00,2026-07-30 12:30:18.148804457+00:00,24,1,42244728,,0.6979,2147483647,72602935,11636,8,4,1,0,M6AU6
2026-07-30 13:34:00.688414292+00:00,2026-07-30 13:34:00.688130835+00:00,24,1,42244728,,0.698,2147483647,75006421,11853,5,4,1,0,M6AU6
2026-07-30 13:34:02.587762092+00:00,2026-07-30 13:34:02.587312940+00:00,24,1,42244728,,0.698,2147483647,75007774,15351,8,4,1,0,M6AU6
2026-07-30 13:34:04.593814531+00:00,2026-07-30 13:34:04.592557489+00:00,24,1,42054026,,0.697,2147483647,75009101,15374,5,4,1,0,M6AZ6
2026-07-30 13:36:05.655204869+00:00,2026-07-30 13:36:05.654573039+00:00,24,1,42244728,,0.6981,2147483647,75132666,15515,5,4,1,0,M6AU6
2026-07-30 13:36:05.655835998+00:00,2026-07-30 13:36:05.655428878+00:00,24,1,42244728,,0.6981,2147483647,75132692,18218,8,4,1,0,M6AU6
2026-07-30 13:36:05.786988494+00:00,2026-07-30 13:36:05.786754929+00:00,24,1,42244728,,0.6982,2147483647,75133540,11493,5,4,1,0,M6AU6
2026-07-30 13:36:07.952553605+00:00,2026-07-30 13:36:07.951884301+00:00,24,1,42244728,,0.6982,2147483647,75145045,13884,8,4,1,0,M6AU6
2026-07-30 13:36:16.620195196+00:00,2026-07-30 13:36:16.618701531+00:00,24,1,42244728,,0.6984,2147483647,75188422,16111,5,4,1,0,M6AU6
2026-07-30 13:36:16.656796629+00:00,2026-07-30 13:36:16.656508029+00:00,24,1,42244728,,0.6983,2147483647,75189094,11769,8,4,1,0,M6AU6
2026-07-30 13:36:27.497867543+00:00,2026-07-30 13:36:27.497148454+00:00,24,1,42244728,,0.6984,2147483647,75233675,12374,8,4,1,0,M6AU6
2026-07-30 13:37:41.779937689+00:00,2026-07-30 13:37:41.779550633+00:00,24,1,42054026,,0.6969,2147483647,75466329,11537,8,4,1,0,M6AZ6
2026-07-30 13:37:41.780115838+00:00,2026-07-30 13:37:41.779948729+00:00,24,1,42054026,,0.697,2147483647,75466341,11891,8,4,1,0,M6AZ6
2026-07-30 13:37:43.191505566+00:00,2026-07-30 13:37:43.191142521+00:00,24,1,42244728,,0.6985,2147483647,75470414,14633,5,4,1,0,M6AU6
2026-07-30 13:37:43.195268455+00:00,2026-07-30 13:37:43.194924079+00:00,24,1,42244728,,0.6985,2147483647,75470532,12418,8,4,1,0,M6AU6
2026-07-30 13:37:46.672638025+00:00,2026-07-30 13:37:46.668873348+00:00,24,1,42244728,,0.6986,2147483647,75484196,17251,5,4,1,0,M6AU6
2026-07-30 13:37:59.855082998+00:00,2026-07-30 13:37:59.854768401+00:00,24,1,42054026,,0.6976,2147483647,75517701,14866,5,4,1,0,M6AZ6
2026-07-30 13:37:59.859696095+00:00,2026-07-30 13:37:59.859422963+00:00,24,1,42244728,,0.6986,2147483647,75517844,15342,8,4,1,0,M6AU6
2026-07-30 13:38:20.183734819+00:00,2026-07-30 13:38:20.182781891+00:00,24,1,42244728,,0.6987,2147483647,75585355,18164,5,4,1,0,M6AU6
2026-07-30 13:38:20.187083124+00:00,2026-07-30 13:38:20.185400125+00:00,24,1,42244728,,0.6987,2147483647,75585465,12330,8,4,1,0,M6AU6
2026-07-30 13:38:20.313128955+00:00,2026-07-30 13:38:20.312881605+00:00,24,1,42244728,,0.6988,2147483647,75587891,11464,5,4,1,0,M6AU6
2026-07-30 13:38:25.330726220+00:00,2026-07-30 13:38:25.328888913+00:00,24,1,42054026,,0.6971,2147483647,75606534,13914,8,4,1,0,M6AZ6
2026-07-30 13:38:25.331817492+00:00,2026-07-30 13:38:25.330721181+00:00,24,1,42054026,,0.6972,2147483647,75606595,12306,8,4,1,0,M6AZ6
2026-07-30 13:38:31.605039239+00:00,2026-07-30 13:38:31.604140087+00:00,24,1,42244728,,0.6988,2147483647,75623304,13804,8,4,1,0,M6AU6
2026-07-30 13:40:09.852811409+00:00,2026-07-30 13:40:09.852707699+00:00,24,1,42141216,,-0.001,2147483647,75903670,12399,7,4,1,0,M6AZ6-M6AU6
2026-07-30 13:40:39.302034596+00:00,2026-07-30 13:40:39.301610349+00:00,24,1,42244728,,0.6989,2147483647,75997082,13824,5,4,1,0,M6AU6
2026-07-30 13:40:41.821272973+00:00,2026-07-30 13:40:41.820922131+00:00,24,1,42244728,,0.6989,2147483647,76005580,13120,8,4,1,0,M6AU6
2026-07-30 13:40:55.285732986+00:00,2026-07-30 13:40:55.285113163+00:00,24,1,42244728,,0.699,2147483647,76040387,15238,5,4,1,0,M6AU6
2026-07-30 13:40:55.372254048+00:00,2026-07-30 13:40:55.371971077+00:00,24,1,42244728,,0.6991,2147483647,76041207,12535,5,4,1,0,M6AU6
2026-07-30 13:40:57.285742367+00:00,2026-07-30 13:40:57.285577367+00:00,24,1,42244728,,0.699,2147483647,76046034,14847,8,4,1,0,M6AU6
2026-07-30 13:41:21.322810716+00:00,2026-07-30 13:41:21.321710036+00:00,24,1,42054026,,0.6975,2147483647,76102346,15989,8,4,1,0,M6AZ6
2026-07-30 13:41:21.323727507+00:00,2026-07-30 13:41:21.323042008+00:00,24,1,42244728,,0.6991,2147483647,76102398,13632,8,4,1,0,M6AU6
2026-07-30 13:41:21.323973100+00:00,2026-07-30 13:41:21.323042008+00:00,24,1,42054026,,0.6976,2147483647,76102414,11606,8,4,1,0,M6AZ6
2026-07-30 13:41:29.184118289+00:00,2026-07-30 13:41:29.183649267+00:00,24,1,42244728,,0.6992,2147483647,76125989,15698,5,4,1,0,M6AU6
2026-07-30 13:41:39.683032838+00:00,2026-07-30 13:41:39.680763949+00:00,24,1,42244728,,0.6992,2147483647,76152122,12782,8,4,1,0,M6AU6
2026-07-30 13:42:15.666423742+00:00,2026-07-30 13:42:15.666161437+00:00,24,1,42244728,,0.6993,2147483647,76240913,13526,5,4,1,0,M6AU6
2026-07-30 13:42:15.780675059+00:00,2026-07-30 13:42:15.779505181+00:00,24,1,42244728,,0.6993,2147483647,76241278,16951,8,4,1,0,M6AU6
2026-07-30 13:42:20.962147823+00:00,2026-07-30 13:42:20.961966527+00:00,24,1,42054026,,0.6978,2147483647,76256045,11388,8,4,1,0,M6AZ6
2026-07-30 13:42:20.962302145+00:00,2026-07-30 13:42:20.962158213+00:00,24,1,42054026,,0.6979,2147483647,76256055,12689,8,4,1,0,M6AZ6
2026-07-30 13:42:21.019090391+00:00,2026-07-30 13:42:21.018835171+00:00,24,1,42244728,,0.6994,2147483647,76256252,11666,5,4,1,0,M6AU6
2026-07-30 13:42:21.265953855+00:00,2026-07-30 13:42:21.265593691+00:00,24,1,42244728,,0.6995,2147483647,76256885,12040,5,4,1,0,M6AU6
2026-07-30 13:42:21.686958630+00:00,2026-07-30 13:42:21.685260015+00:00,24,1,42244728,,0.6994,2147483647,76257533,14988,8,4,1,0,M6AU6
2026-07-30 13:42:25.975445588+00:00,2026-07-30 13:42:25.974938805+00:00,24,1,42054026,,0.6984,2147483647,76269807,15356,5,4,1,0,M6AZ6
2026-07-30 13:42:32.111903755+00:00,2026-07-30 13:42:32.106182023+00:00,24,1,42244728,,0.6995,2147483647,76284197,13845,8,4,1,0,M6AU6
2026-07-30 13:42:57.179893503+00:00,2026-07-30 13:42:57.179361222+00:00,24,1,42244728,,0.6996,2147483647,76336010,15285,5,4,1,0,M6AU6
2026-07-30 13:42:57.188682347+00:00,2026-07-30 13:42:57.188404801+00:00,24,1,42244728,,0.6997,2147483647,76336162,13401,5,4,1,0,M6AU6
2026-07-30 13:42:57.230477003+00:00,2026-07-30 13:42:57.230380229+00:00,24,1,42244728,,0.6996,2147483647,76336465,11485,8,4,1,0,M6AU6
2026-07-30 13:43:12.015999167+00:00,2026-07-30 13:43:12.015729245+00:00,24,1,42054026,,0.6984,2147483647,76366883,13322,8,4,1,0,M6AZ6
2026-07-30 13:43:38.383713409+00:00,2026-07-30 13:43:38.383597173+00:00,24,1,42244728,,0.6997,2147483647,76409669,16714,8,4,1,0,M6AU6
2026-07-30 13:43:38.882076822+00:00,2026-07-30 13:43:38.881810537+00:00,24,1,42244728,,0.6998,2147483647,76410694,11371,5,4,1,0,M6AU6
2026-07-30 13:43:44.065416654+00:00,2026-07-30 13:43:44.063643902+00:00,24,1,42244728,,0.6998,2147483647,76423212,12218,8,4,1,0,M6AU6
2026-07-30 13:43:49.091854116+00:00,2026-07-30 13:43:49.091109656+00:00,24,1,42244728,,0.6999,2147483647,76437624,15858,5,4,1,0,M6AU6
2026-07-30 13:43:49.091869993+00:00,2026-07-30 13:43:49.091206277+00:00,24,1,42244728,,0.6999,2147483647,76437625,15363,8,4,1,0,M6AU6
2026-07-30 13:44:12.524147316+00:00,2026-07-30 13:44:12.523808529+00:00,24,1,42244728,,0.7,2147483647,76479560,14535,5,4,1,0,M6AU6
2026-07-30 13:44:12.536835996+00:00,2026-07-30 13:44:12.535888957+00:00,24,1,42244728,,0.7,2147483647,76479652,16632,8,4,1,0,M6AU6
2026-07-30 13:44:12.538136036+00:00,2026-07-30 13:44:12.537431008+00:00,24,1,42054026,,0.699,2147483647,76479715,15107,5,4,1,0,M6AZ6
2026-07-30 13:44:12.547884407+00:00,2026-07-30 13:44:12.547312718+00:00,24,1,42054026,,0.6985,2147483647,76479857,12132,8,4,1,0,M6AZ6
2026-07-30 13:44:12.549497508+00:00,2026-07-30 13:44:12.547893295+00:00,24,1,42054026,,0.6986,2147483647,76479912,14814,8,4,1,0,M6AZ6
2026-07-30 13:44:16.396057045+00:00,2026-07-30 13:44:16.395808995+00:00,24,1,42244728,,0.7001,2147483647,76492183,12012,8,4,1,0,M6AU6
2026-07-30 13:44:23.634339636+00:00,2026-07-30 13:44:23.633745883+00:00,24,1,42244728,,0.7001,2147483647,76509604,12951,5,4,1,0,M6AU6
2026-07-30 13:47:39.168811741+00:00,2026-07-30 13:47:39.167407537+00:00,24,1,42244728,,0.7002,2147483647,76826159,17626,5,4,1,0,M6AU6
2026-07-30 13:47:39.173643439+00:00,2026-07-30 13:47:39.172890642+00:00,24,1,42244728,,0.7002,2147483647,76826340,12505,8,4,1,0,M6AU6
2026-07-30 13:47:39.174955095+00:00,2026-07-30 13:47:39.174423247+00:00,24,1,42054026,,0.6992,2147483647,76826386,15471,5,4,1,0,M6AZ6
2026-07-30 13:47:40.051083975+00:00,2026-07-30 13:47:40.050818767+00:00,24,1,42244728,,0.7003,2147483647,76828436,11506,5,4,1,0,M6AU6
2026-07-30 13:48:34.174892441+00:00,2026-07-30 13:48:34.173410313+00:00,24,1,42244728,,0.7003,2147483647,76900955,11864,8,4,1,0,M6AU6
2026-07-30 13:48:35.195460891+00:00,2026-07-30 13:48:35.195319979+00:00,24,1,42054026,,0.6988,2147483647,76903761,12296,8,4,1,0,M6AZ6
2026-07-30 13:48:35.195584398+00:00,2026-07-30 13:48:35.195471423+00:00,24,1,42054026,,0.6989,2147483647,76903765,12318,8,4,1,0,M6AZ6
2026-07-30 13:48:38.288420150+00:00,2026-07-30 13:48:38.288317989+00:00,24,1,42244728,,0.7004,2147483647,76909208,14741,8,4,1,0,M6AU6
2026-07-30 13:49:06.853793543+00:00,2026-07-30 13:49:06.853544423+00:00,24,1,42244728,,0.7004,2147483647,76950206,12190,5,4,1,0,M6AU6
2026-07-30 13:52:55.666029913+00:00,2026-07-30 13:52:55.663596784+00:00,24,1,42244728,,0.7005,2147483647,77344350,16915,5,4,1,0,M6AU6
2026-07-30 13:53:18.270834777+00:00,2026-07-30 13:53:18.270682141+00:00,24,1,42054026,,0.699,2147483647,77393324,12448,8,4,1,0,M6AZ6
2026-07-30 13:53:18.491066229+00:00,2026-07-30 13:53:18.490469333+00:00,24,1,42244728,,0.7005,2147483647,77394509,15148,8,4,1,0,M6AU6
2026-07-30 13:53:26.481410364+00:00,2026-07-30 13:53:26.481182821+00:00,24,1,42244728,,0.7006,2147483647,77411522,11754,5,4,1,0,M6AU6
2026-07-30 13:55:02.596950401+00:00,2026-07-30 13:55:02.594359452+00:00,24,1,42244728,,0.7006,2147483647,77567893,12286,8,4,1,0,M6AU6
2026-07-30 13:55:03.029347161+00:00,2026-07-30 13:55:03.029034325+00:00,24,1,42244728,,0.7007,2147483647,77570409,12858,5,4,1,0,M6AU6
2026-07-30 13:55:32.322264708+00:00,2026-07-30 13:55:32.319621606+00:00,24,1,42054026,,0.6991,2147483647,77618336,13539,8,4,1,0,M6AZ6
2026-07-30 13:55:32.325195545+00:00,2026-07-30 13:55:32.323501922+00:00,24,1,42054026,,0.6992,2147483647,77618471,12086,8,4,1,0,M6AZ6
2026-07-30 13:55:39.738556166+00:00,2026-07-30 13:55:39.737507941+00:00,24,1,42244728,,0.7007,2147483647,77630505,11960,8,4,1,0,M6AU6
2026-07-30 13:56:35.798010296+00:00,2026-07-30 13:56:35.794925612+00:00,24,1,42244728,,0.7008,2147483647,77723715,14617,5,4,1,0,M6AU6
2026-07-30 13:56:35.800324756+00:00,2026-07-30 13:56:35.798862541+00:00,24,1,42244728,,0.7008,2147483647,77723819,15360,8,4,1,0,M6AU6
2026-07-30 13:58:15.839845243+00:00,2026-07-30 13:58:15.839502745+00:00,24,1,42244728,,0.7009,2147483647,77870702,14902,5,4,1,0,M6AU6
2026-07-30 13:58:16.861475543+00:00,2026-07-30 13:58:16.861357775+00:00,24,1,42244728,,0.7009,2147483647,77872376,12970,8,4,1,0,M6AU6
2026-07-30 13:58:48.160041689+00:00,2026-07-30 13:58:48.159690719+00:00,24,1,42244728,,0.701,2147483647,77917034,15224,5,4,1,0,M6AU6
2026-07-30 13:58:49.945294216+00:00,2026-07-30 13:58:49.944757261+00:00,24,1,42244728,,0.701,2147483647,77920796,11550,8,4,1,0,M6AU6
2026-07-30 13:58:58.109143884+00:00,2026-07-30 13:58:58.108811207+00:00,24,1,42054026,,0.7,2147483647,77931744,15505,5,4,1,0,M6AZ6
2026-07-30 13:59:10.177114926+00:00,2026-07-30 13:59:10.176610657+00:00,24,1,42244728,,0.7011,2147483647,77951747,14473,5,4,1,0,M6AU6
2026-07-30 13:59:10.177276024+00:00,2026-07-30 13:59:10.176800035+00:00,24,1,42054026,,0.6995,2147483647,77951757,12231,8,4,1,0,M6AZ6
2026-07-30 13:59:10.177480161+00:00,2026-07-30 13:59:10.177285851+00:00,24,1,42054026,,0.6996,2147483647,77951770,12865,8,4,1,0,M6AZ6
2026-07-30 13:59:10.238935959+00:00,2026-07-30 13:59:10.238673727+00:00,24,1,42244728,,0.7011,2147483647,77952021,11749,8,4,1,0,M6AU6
2026-07-30 13:59:10.601405785+00:00,2026-07-30 13:59:10.601121235+00:00,24,1,42054026,,0.7001,2147483647,77952902,14910,5,4,1,0,M6AZ6
2026-07-30 13:59:19.175755713+00:00,2026-07-30 13:59:19.175482801+00:00,24,1,42244728,,0.7012,2147483647,77974652,11479,5,4,1,0,M6AU6
2026-07-30 13:59:19.996166771+00:00,2026-07-30 13:59:19.996065323+00:00,24,1,42244728,,0.7012,2147483647,77976199,15258,8,4,1,0,M6AU6
2026-07-30 13:59:29.171231662+00:00,2026-07-30 13:59:29.170859561+00:00,24,1,42244728,,0.7014,2147483647,77990076,12777,5,4,1,0,M6AU6
2026-07-30 13:59:30.148017771+00:00,2026-07-30 13:59:30.147693381+00:00,24,1,42244728,,0.7013,2147483647,77991546,11749,8,4,1,0,M6AU6
2026-07-30 14:00:13.146466286+00:00,2026-07-30 14:00:13.146140835+00:00,24,1,42054026,,0.6998,2147483647,78068428,23024,8,4,1,0,M6AZ6
2026-07-30 14:00:13.146884382+00:00,2026-07-30 14:00:13.146480449+00:00,24,1,42054026,,0.6999,2147483647,78068451,12578,8,4,1,0,M6AZ6
2026-07-30 14:00:13.466977900+00:00,2026-07-30 14:00:13.466870503+00:00,24,1,42244728,,0.7014,2147483647,78068858,14024,8,4,1,0,M6AU6
2026-07-30 14:00:55.629582468+00:00,2026-07-30 14:00:55.629113919+00:00,24,1,42244728,,0.7016,2147483647,78137865,14570,5,4,1,0,M6AU6
2026-07-30 14:00:55.815803804+00:00,2026-07-30 14:00:55.813220790+00:00,24,1,42244728,,0.7015,2147483647,78138200,15273,8,4,1,0,M6AU6
2026-07-30 14:01:13.855369405+00:00,2026-07-30 14:01:13.855270035+00:00,24,1,42054026,,0.7,2147483647,78175906,14839,8,4,1,0,M6AZ6
2026-07-30 14:02:18.318539710+00:00,2026-07-30 14:02:18.318424221+00:00,24,1,42244728,,0.7016,2147483647,78293400,16642,8,4,1,0,M6AU6
2026-07-30 14:03:52.618217745+00:00,2026-07-30 14:03:52.616219150+00:00,24,1,42054026,,0.7001,2147483647,78440903,15076,8,4,1,0,M6AZ6
2026-07-30 14:03:52.619978331+00:00,2026-07-30 14:03:52.618345163+00:00,24,1,42054026,,0.7002,2147483647,78440963,11817,8,4,1,0,M6AZ6
2026-07-30 14:03:56.466638958+00:00,2026-07-30 14:03:56.466357651+00:00,24,1,42054026,,0.7002,2147483647,78446427,11839,5,4,1,0,M6AZ6
2026-07-30 14:04:24.884129943+00:00,2026-07-30 14:04:24.883823377+00:00,24,1,42244728,,0.7017,2147483647,78486523,15490,5,4,1,0,M6AU6
2026-07-30 14:04:24.898651780+00:00,2026-07-30 14:04:24.898546241+00:00,24,1,42244728,,0.7017,2147483647,78486565,15540,8,4,1,0,M6AU6
2026-07-30 14:05:23.763368711+00:00,2026-07-30 14:05:23.763284595+00:00,24,1,42054026,2026-07-29 00:00:00+00:00,,87,78574221,15430,9,4,1,0,M6AZ6
2026-07-30 14:05:23.763368711+00:00,2026-07-30 14:05:23.763284595+00:00,24,1,42054026,2026-07-29 00:00:00+00:00,,86,78574221,15430,6,4,1,0,M6AZ6
2026-07-30 14:05:25.853125658+00:00,2026-07-30 14:05:25.853028589+00:00,24,1,42244728,2026-07-29 00:00:00+00:00,,2816,78579456,11880,9,4,1,0,M6AU6
2026-07-30 14:05:25.853125658+00:00,2026-07-30 14:05:25.853028589+00:00,24,1,42244728,2026-07-29 00:00:00+00:00,,8468,78579456,11880,6,4,1,0,M6AU6
2026-07-30 14:15:12.845087482+00:00,2026-07-30 14:15:12.844780869+00:00,24,1,42054026,,0.7003,2147483647,79725155,14354,5,4,1,0,M6AZ6
2026-07-30 14:17:02.150340873+00:00,2026-07-30 14:17:02.149968277+00:00,24,1,42054026,,0.7003,2147483647,79915731,15330,8,4,1,0,M6AZ6
2026-07-30 14:17:02.166571059+00:00,2026-07-30 14:17:02.166272531+00:00,24,1,42244728,,0.7018,2147483647,79915855,13927,5,4,1,0,M6AU6
2026-07-30 14:17:05.056817510+00:00,2026-07-30 14:17:05.056344598+00:00,24,1,42244728,,0.7018,2147483647,79918391,22320,8,4,1,0,M6AU6
2026-07-30 14:17:05.057974518+00:00,2026-07-30 14:17:05.057319200+00:00,24,1,42054026,,0.7008,2147483647,79918451,15228,5,4,1,0,M6AZ6
2026-07-30 14:17:15.884006444+00:00,2026-07-30 14:17:15.883851625+00:00,24,1,42054026,,0.7006,2147483647,79934411,15521,8,4,1,0,M6AZ6
2026-07-30 16:03:01.808473826+00:00,2026-07-30 16:03:01.808177031+00:00,24,1,42244728,,0.7019,2147483647,85331678,13354,5,4,1,0,M6AU6
2026-07-30 16:03:04.488979147+00:00,2026-07-30 16:03:04.488596001+00:00,24,1,42244728,,0.7019,2147483647,85333103,12089,8,4,1,0,M6AU6
2026-07-30 16:03:04.494615071+00:00,2026-07-30 16:03:04.494319283+00:00,24,1,42054026,,0.7009,2147483647,85333234,14952,5,4,1,0,M6AZ6
2026-07-30 16:03:14.464779838+00:00,2026-07-30 16:03:14.464216323+00:00,24,1,42244728,,0.7021,2147483647,85339144,12536,5,4,1,0,M6AU6
2026-07-30 16:03:14.464779838+00:00,2026-07-30 16:03:14.464216323+00:00,24,1,42244728,,0.702,2147483647,85339144,12536,8,4,1,0,M6AU6
2026-07-30 16:04:13.521836574+00:00,2026-07-30 16:04:13.521273728+00:00,24,1,42244728,,0.7021,2147483647,85369630,11426,8,4,1,0,M6AU6
2026-07-30 16:04:22.958915753+00:00,2026-07-30 16:04:22.958538165+00:00,24,1,42244728,,0.7022,2147483647,85376791,15535,5,4,1,0,M6AU6
2026-07-30 16:04:26.703369849+00:00,2026-07-30 16:04:26.702474999+00:00,24,1,42244728,,0.7022,2147483647,85378957,13258,8,4,1,0,M6AU6
2026-07-30 16:04:30.730592161+00:00,2026-07-30 16:04:30.730337787+00:00,24,1,42054026,,0.7007,2147483647,85381795,12963,8,4,1,0,M6AZ6
2026-07-30 16:04:30.730820321+00:00,2026-07-30 16:04:30.730604385+00:00,24,1,42054026,,0.7008,2147483647,85381800,13270,8,4,1,0,M6AZ6
2026-07-30 16:07:54.999999598+00:00,2026-07-30 16:07:54.999842121+00:00,24,1,42054026,,0.7009,2147483647,85467973,15996,8,4,1,0,M6AZ6
2026-07-30 16:17:02.623791110+00:00,2026-07-30 16:17:02.623500227+00:00,24,1,42054026,,0.7014,2147483647,85728110,11546,5,4,1,0,M6AZ6
2026-07-30 16:19:38.091857457+00:00,2026-07-30 16:19:38.091154751+00:00,24,1,42244728,,0.7024,2147483647,85777609,14753,5,4,1,0,M6AU6
2026-07-30 16:19:51.064813452+00:00,2026-07-30 16:19:51.064682089+00:00,24,1,42054026,,0.7011,2147483647,85783382,14547,8,4,1,0,M6AZ6
2026-07-30 16:22:00.667593086+00:00,2026-07-30 16:22:00.667479271+00:00,24,1,42244728,,0.7023,2147483647,85832912,15104,8,4,1,0,M6AU6
2026-07-30 17:47:37.417360492+00:00,2026-07-30 17:47:37.417048045+00:00,24,1,42054026,,0.7015,2147483647,87977273,11712,5,4,1,0,M6AZ6
2026-07-30 17:51:50.548912463+00:00,2026-07-30 17:51:50.548509199+00:00,24,1,42244728,,0.7025,2147483647,88093161,15174,5,4,1,0,M6AU6
2026-07-30 17:51:50.549098771+00:00,2026-07-30 17:51:50.548940721+00:00,24,1,42244728,,0.7024,2147483647,88093164,11716,8,4,1,0,M6AU6
2026-07-30 17:52:57.259622515+00:00,2026-07-30 17:52:57.257668650+00:00,24,1,42244728,,0.7025,2147483647,88140587,15192,8,4,1,0,M6AU6
2026-07-30 17:52:58.816522912+00:00,2026-07-30 17:52:58.816236399+00:00,24,1,42244728,,0.7026,2147483647,88143805,13127,5,4,1,0,M6AU6
2026-07-30 18:05:21.263599708+00:00,2026-07-30 18:05:21.263379511+00:00,24,1,42244728,,0.7026,2147483647,88444055,12706,8,4,1,0,M6AU6
2026-07-30 18:09:43.452964436+00:00,2026-07-30 18:09:43.450791535+00:00,24,1,42244728,,0.7027,2147483647,88534101,14240,5,4,1,0,M6AU6
2026-07-30 18:09:43.937870318+00:00,2026-07-30 18:09:43.937750919+00:00,24,1,42244728,,0.7027,2147483647,88535400,16997,8,4,1,0,M6AU6
2026-07-30 19:05:16.194928883+00:00,2026-07-30 19:05:16.194825301+00:00,24,1,42244728,2026-07-30 00:00:00+00:00,0.7024,2147483647,89429615,17590,3,4,1,6,M6AU6
2026-07-30 19:05:16.194937811+00:00,2026-07-30 19:05:16.194825301+00:00,24,1,42244728,2026-07-30 00:00:00+00:00,0.7024,2147483647,89429616,12296,3,4,1,2,M6AU6
2026-07-30 19:05:16.194937811+00:00,2026-07-30 19:05:16.194825301+00:00,24,1,42054026,2026-07-30 00:00:00+00:00,0.7014,2147483647,89429616,12296,3,4,1,6,M6AZ6
2026-07-30 19:05:16.194937811+00:00,2026-07-30 19:05:16.194825301+00:00,24,1,42054026,2026-07-30 00:00:00+00:00,0.7014,2147483647,89429616,12296,3,4,1,2,M6AZ6
2026-07-30 19:22:54.815162319+00:00,2026-07-30 19:22:54.814978579+00:00,24,1,42054026,,0.7012,2147483647,89691249,12467,8,4,1,0,M6AZ6
2026-07-30 19:25:05.684700558+00:00,2026-07-30 19:25:05.684447327+00:00,24,1,42054026,,0.7018,2147483647,89715710,11830,5,4,1,0,M6AZ6
2026-07-30 20:04:53.569619044+00:00,2026-07-30 20:04:53.567512917+00:00,24,1,42244728,,0.7028,2147483647,90218516,15960,5,4,1,0,M6AU6
2026-07-30 20:04:53.569619044+00:00,2026-07-30 20:04:53.567527393+00:00,24,1,42244728,,0.7028,2147483647,90218516,15960,8,4,1,0,M6AU6
2026-07-30 20:04:53.582795222+00:00,2026-07-30 20:04:53.582449231+00:00,24,1,42054026,,0.7013,2147483647,90218741,12737,8,4,1,0,M6AZ6
2026-07-30 20:04:53.683660937+00:00,2026-07-30 20:04:53.683356553+00:00,24,1,42244728,,0.7029,2147483647,90218975,11447,5,4,1,0,M6AU6
2026-07-30 21:37:55.798711919+00:00,2026-07-30 21:37:55.797020271+00:00,24,1,42054026,2026-07-30 00:00:00+00:00,0.7014,2147483647,90533731,15229,3,4,1,6,M6AZ6
2026-07-30 21:38:40.651091308+00:00,2026-07-30 21:38:40.649446323+00:00,24,1,42141216,2026-07-30 00:00:00+00:00,-0.001,2147483647,90534371,16710,3,4,1,2,M6AZ6-M6AU6
2026-07-30 21:39:51.991985817+00:00,2026-07-30 21:39:51.990335891+00:00,24,1,42244728,2026-07-30 00:00:00+00:00,0.7024,2147483647,90535793,15276,3,4,1,6,M6AU6
2026-07-30 21:45:00.244309932+00:00,2026-07-30 21:45:00.243927927+00:00,24,1,42244728,,0.7026,1,90536279,17093,2,4,1,0,M6AU6
2026-07-30 21:59:59.412011299+00:00,2026-07-30 21:59:59.411832345+00:00,24,1,42244728,,0.7025,1,90540282,16801,2,4,1,0,M6AU6
2026-07-30 22:00:00.012879913+00:00,2026-07-30 22:00:00+00:00,24,1,42244728,,0.7025,2147483647,90540295,14162,5,4,1,0,M6AU6
2026-07-30 22:00:00.012879913+00:00,2026-07-30 22:00:00+00:00,24,1,42244728,,0.7025,2147483647,90540295,14162,4,4,1,0,M6AU6
2026-07-30 22:00:00.012879913+00:00,2026-07-30 22:00:00+00:00,24,1,42244728,,0.7025,2147483647,90540295,14162,1,4,1,0,M6AU6
2026-07-30 22:00:00.015717161+00:00,2026-07-30 22:00:00.000236507+00:00,24,1,42244728,,0.702,2147483647,90540416,12344,8,4,1,0,M6AU6
2026-07-30 22:00:00.015717161+00:00,2026-07-30 22:00:00.000236507+00:00,24,1,42244728,,0.7025,2147483647,90540416,12344,7,4,1,0,M6AU6
2026-07-30 22:00:00.016779577+00:00,2026-07-30 22:00:00.000706965+00:00,24,1,42244728,,0.7024,2147483647,90540515,12472,7,4,1,0,M6AU6
2026-07-30 22:00:00.070375391+00:00,2026-07-30 22:00:00.069964499+00:00,24,1,42141216,,-0.01,2147483647,90541468,11897,8,4,1,0,M6AZ6-M6AU6
2026-07-30 22:00:00.070375391+00:00,2026-07-30 22:00:00.069964499+00:00,24,1,42141216,,-0.0007,2147483647,90541468,11897,7,4,1,0,M6AZ6-M6AU6
2026-07-30 22:00:00.070462209+00:00,2026-07-30 22:00:00.070308862+00:00,24,1,42141216,,-0.0012,2147483647,90541475,12915,8,4,1,0,M6AZ6-M6AU6
2026-07-30 22:00:00.324417121+00:00,2026-07-30 22:00:00.324313669+00:00,24,1,42054026,,0.7007,2147483647,90542876,15899,8,4,1,0,M6AZ6
2026-07-30 22:00:00.324417121+00:00,2026-07-30 22:00:00.324313669+00:00,24,1,42054026,,0.7026,2147483647,90542876,15899,7,4,1,0,M6AZ6
2026-07-30 22:00:00.342810895+00:00,2026-07-30 22:00:00.342668297+00:00,24,1,42054026,,0.7019,2147483647,90542982,11108,7,4,1,0,M6AZ6
2026-07-30 22:00:00.498729854+00:00,2026-07-30 22:00:00.498628449+00:00,24,1,42244728,,0.7021,2147483647,90543268,14646,8,4,1,0,M6AU6
2026-07-30 22:00:06.038873723+00:00,2026-07-30 22:00:06.038780855+00:00,24,1,42244728,,0.7022,2147483647,90549429,11769,8,4,1,0,M6AU6
2026-07-30 22:00:06.038883726+00:00,2026-07-30 22:00:06.038781315+00:00,24,1,42244728,,0.7023,2147483647,90549430,11624,7,4,1,0,M6AU6
2026-07-30 22:00:39.561145628+00:00,2026-07-30 22:00:39.560990685+00:00,24,1,42244728,,0.7023,2147483647,90560931,16012,8,4,1,0,M6AU6
2026-07-30 22:00:44.985911193+00:00,2026-07-30 22:00:44.985796925+00:00,24,1,42141216,,-0.0011,2147483647,90561951,15074,8,4,1,0,M6AZ6-M6AU6
2026-07-30 22:00:44.985923691+00:00,2026-07-30 22:00:44.985809693+00:00,24,1,42141216,,-0.0009,2147483647,90561952,10601,7,4,1,0,M6AZ6-M6AU6
2026-07-30 22:01:01.982263099+00:00,2026-07-30 22:01:01.981965097+00:00,24,1,42244728,,0.7023,2147483647,90567629,15118,4,4,1,0,M6AU6
2026-07-30 22:01:15.317845556+00:00,2026-07-30 22:01:15.317721795+00:00,24,1,42054026,,0.7008,2147483647,90568885,11553,8,4,1,0,M6AZ6
2026-07-30 22:01:15.318036894+00:00,2026-07-30 22:01:15.317843153+00:00,24,1,42054026,,0.7018,2147483647,90568897,14666,7,4,1,0,M6AZ6
2026-07-30 22:03:57.026485708+00:00,2026-07-30 22:03:57.026351275+00:00,24,1,42244728,,0.7024,2147483647,90589826,12100,8,4,1,0,M6AU6
2026-07-30 22:05:38.687725454+00:00,2026-07-30 22:05:38.687337467+00:00,24,1,42244728,,0.7022,2147483647,90597180,12636,4,4,1,0,M6AU6
2026-07-30 22:08:47.782851566+00:00,2026-07-30 22:08:47.782537823+00:00,24,1,42054026,,0.7016,2147483647,90609755,11916,7,4,1,0,M6AZ6
2026-07-30 22:08:47.783035089+00:00,2026-07-30 22:08:47.782563301+00:00,24,1,42054026,,0.701,2147483647,90609770,11691,8,4,1,0,M6AZ6
2026-07-30 22:08:47.783802166+00:00,2026-07-30 22:08:47.782861981+00:00,24,1,42054026,,0.7015,2147483647,90609827,15086,7,4,1,0,M6AZ6
2026-07-30 22:11:01.354008049+00:00,2026-07-30 22:11:01.353796847+00:00,24,1,42054026,,0.7011,2147483647,90620987,11669,8,4,1,0,M6AZ6
2026-07-30 22:25:55.769726174+00:00,2026-07-30 22:25:55.769579041+00:00,24,1,42244728,,0.7022,2147483647,90681771,13802,7,4,1,0,M6AU6
2026-07-30 22:25:55.769991179+00:00,2026-07-30 22:25:55.769701303+00:00,24,1,42054026,,0.7014,2147483647,90681788,12764,7,4,1,0,M6AZ6
2026-07-30 22:25:55.770218955+00:00,2026-07-30 22:25:55.770127610+00:00,24,1,42054026,,0.7013,2147483647,90681804,13980,7,4,1,0,M6AZ6
2026-07-30 22:29:13.558397559+00:00,2026-07-30 22:29:13.558091107+00:00,24,1,42244728,,0.7021,2147483647,90692898,11671,4,4,1,0,M6AU6
2026-07-30 22:37:07.046280378+00:00,2026-07-30 22:37:07.046093062+00:00,24,1,42054026,,0.7012,2147483647,90725218,11893,8,4,1,0,M6AZ6
2026-07-30 22:37:23.458938927+00:00,2026-07-30 22:37:23.458826027+00:00,24,1,42244728,,0.7025,2147483647,90726898,16040,8,4,1,0,M6AU6
2026-07-30 22:38:14.530332984+00:00,2026-07-30 22:38:14.530094469+00:00,24,1,42054026,,0.7013,2147483647,90733397,15356,8,4,1,0,M6AZ6
2026-07-30 23:10:17.759959705+00:00,2026-07-30 23:10:17.759643731+00:00,24,1,42054026,,0.7009,2147483647,90942429,11792,5,4,1,0,M6AZ6
2026-07-30 23:10:17.759959705+00:00,2026-07-30 23:10:17.759643731+00:00,24,1,42054026,,0.7009,2147483647,90942429,11792,4,4,1,0,M6AZ6
2026-07-30 23:10:17.759959705+00:00,2026-07-30 23:10:17.759643731+00:00,24,1,42054026,,0.7009,2147483647,90942429,11792,1,4,1,0,M6AZ6
2026-07-30 23:11:18.845417108+00:00,2026-07-30 23:11:18.841451100+00:00,24,1,42244728,,0.7021,2147483647,90949032,14264,7,4,1,0,M6AU6
2026-07-30 23:27:59.663948463+00:00,2026-07-30 23:27:59.663601265+00:00,24,1,42054026,2026-07-30 00:00:00+00:00,0.7014,2147483647,91068170,15401,3,4,1,7,M6AZ6
2026-07-30 23:28:31.577684241+00:00,2026-07-30 23:28:31.577351021+00:00,24,1,42141216,2026-07-30 00:00:00+00:00,-0.001,2147483647,91070021,14971,3,4,1,3,M6AZ6-M6AU6
2026-07-30 23:31:04.513849135+00:00,2026-07-30 23:31:04.513490249+00:00,24,1,42244728,2026-07-30 00:00:00+00:00,0.7024,2147483647,91082994,14870,3,4,1,7,M6AU6
2026-07-30 23:35:41.049035985+00:00,2026-07-30 23:35:41.048729017+00:00,24,1,42244728,,0.702,2147483647,91112544,15327,4,4,1,0,M6AU6
2026-07-30 23:35:41.049035985+00:00,2026-07-30 23:35:41.048729017+00:00,24,1,42244728,,0.702,2147483647,91112544,15327,7,4,1,0,M6AU6
2026-07-30 23:35:41.123868265+00:00,2026-07-30 23:35:41.123620689+00:00,24,1,42244728,,0.7019,2147483647,91112665,11852,4,4,1,0,M6AU6
2026-07-30 23:36:08.000786804+00:00,2026-07-30 23:36:08.000075989+00:00,24,1,42054026,,0.7012,2147483647,91117302,17960,7,4,1,0,M6AZ6
2026-07-30 23:36:13.592219689+00:00,2026-07-30 23:36:13.591777417+00:00,24,1,42244728,,0.7019,2147483647,91120063,11789,7,4,1,0,M6AU6
2026-07-30 23:53:40.053280960+00:00,2026-07-30 23:53:40.053123239+00:00,24,1,42054026,,0.7011,2147483647,91248839,12670,7,4,1,0,M6AZ6
2026-07-31 00:24:16.079979238+00:00,2026-07-31 00:24:16.079502633+00:00,24,1,42054026,,0.7014,2147483647,91826322,11792,8,4,1,0,M6AZ6
2026-07-31 00:24:19.134611433+00:00,2026-07-31 00:24:19.134268261+00:00,24,1,42244728,,0.7026,2147483647,91828150,11896,5,4,1,0,M6AU6
2026-07-31 00:37:38.306930023+00:00,2026-07-31 00:37:38.306831079+00:00,24,1,42244728,,0.7026,2147483647,92001301,11575,8,4,1,0,M6AU6
2026-07-31 00:37:40.694989254+00:00,2026-07-31 00:37:40.694887619+00:00,24,1,42054026,,0.7015,2147483647,92001717,14543,8,4,1,0,M6AZ6
2026-07-31 01:00:09.520056025+00:00,2026-07-31 01:00:09.518662987+00:00,24,1,42244728,,0.7027,2147483647,92505167,16615,5,4,1,0,M6AU6
2026-07-31 01:00:11.650428870+00:00,2026-07-31 01:00:11.650291681+00:00,24,1,42244728,,0.7027,2147483647,92507877,12150,8,4,1,0,M6AU6
2026-07-31 01:00:11.651684791+00:00,2026-07-31 01:00:11.651300481+00:00,24,1,42054026,,0.7016,2147483647,92507913,13835,8,4,1,0,M6AZ6
2026-07-31 01:31:05.466294407+00:00,2026-07-31 01:31:05.466192959+00:00,24,1,42244728,2026-07-30 00:00:00+00:00,,3076,93114027,15601,9,4,1,0,M6AU6
2026-07-31 01:31:05.466294407+00:00,2026-07-31 01:31:05.466192959+00:00,24,1,42244728,2026-07-30 00:00:00+00:00,,6919,93114027,15601,6,4,1,0,M6AU6
2026-07-31 01:31:05.466294407+00:00,2026-07-31 01:31:05.466192959+00:00,24,1,42054026,2026-07-30 00:00:00+00:00,,99,93114027,15601,9,4,1,0,M6AZ6
2026-07-31 01:31:05.466294407+00:00,2026-07-31 01:31:05.466192959+00:00,24,1,42054026,2026-07-30 00:00:00+00:00,,65,93114027,15601,6,4,1,0,M6AZ6
2026-07-31 01:32:03.170116743+00:00,2026-07-31 01:32:03.169643855+00:00,24,1,42054026,,0.701,2147483647,93126081,14371,5,4,1,0,M6AZ6
2026-07-31 01:38:16.976338534+00:00,2026-07-31 01:38:16.976079397+00:00,24,1,42244728,,0.7018,2147483647,93253999,11454,4,4,1,0,M6AU6
2026-07-31 01:47:51.163782352+00:00,2026-07-31 01:47:51.163350675+00:00,24,1,42244728,,0.7018,2147483647,93387820,13636,7,4,1,0,M6AU6
2026-07-31 01:48:30.560638118+00:00,2026-07-31 01:48:30.560266163+00:00,24,1,42054026,,0.701,2147483647,93400048,11940,7,4,1,0,M6AZ6
2026-07-31 01:49:08.534694754+00:00,2026-07-31 01:49:08.534383287+00:00,24,1,42244728,,0.7017,2147483647,93411112,14264,4,4,1,0,M6AU6
2026-07-31 02:02:19.851024513+00:00,2026-07-31 02:02:19.850922263+00:00,24,1,42244728,,0.7017,2147483647,93596160,15470,7,4,1,0,M6AU6
2026-07-31 02:02:43.785342587+00:00,2026-07-31 02:02:43.784974701+00:00,24,1,42054026,,0.7009,2147483647,93599149,13469,7,4,1,0,M6AZ6
2026-07-31 02:15:46.296231209+00:00,2026-07-31 02:15:46.295929941+00:00,24,1,42244728,,0.7016,2147483647,93776023,15383,4,4,1,0,M6AU6
2026-07-31 02:15:46.296709515+00:00,2026-07-31 02:15:46.296587801+00:00,24,1,42244728,,0.7016,2147483647,93776049,11450,7,4,1,0,M6AU6
2026-07-31 02:19:07.167088156+00:00,2026-07-31 02:19:07.166385095+00:00,24,1,42054026,,0.7008,2147483647,93812052,13630,7,4,1,0,M6AZ6
2026-07-31 02:19:33.025598017+00:00,2026-07-31 02:19:33.025152295+00:00,24,1,42244728,,0.7015,2147483647,93816207,14239,4,4,1,0,M6AU6
2026-07-31 02:19:33.025926491+00:00,2026-07-31 02:19:33.025603531+00:00,24,1,42244728,,0.7015,2147483647,93816221,15823,7,4,1,0,M6AU6
2026-07-31 03:15:08.289666724+00:00,2026-07-31 03:15:08.289302885+00:00,24,1,42054026,,0.7005,2147483647,94480294,15031,4,4,1,0,M6AZ6
2026-07-31 04:28:04.396452918+00:00,2026-07-31 04:28:04.396105543+00:00,24,1,42054026,,0.7015,2147483647,95223115,11393,5,4,1,0,M6AZ6
2026-07-31 06:07:52.525427049+00:00,2026-07-31 06:07:52.524901901+00:00,24,1,42244728,,0.7028,2147483647,96405196,11395,5,4,1,0,M6AU6
2026-07-31 06:07:53.703621681+00:00,2026-07-31 06:07:53.703525235+00:00,24,1,42244728,,0.7028,2147483647,96408325,11391,8,4,1,0,M6AU6
2026-07-31 06:19:31.986750745+00:00,2026-07-31 06:19:31.986421179+00:00,24,1,42054026,,0.7017,2147483647,96624872,13975,8,4,1,0,M6AZ6
2026-07-31 06:20:21.940098534+00:00,2026-07-31 06:20:21.939738125+00:00,24,1,42244728,,0.7029,2147483647,96640008,12628,5,4,1,0,M6AU6
2026-07-31 06:25:13.863943796+00:00,2026-07-31 06:25:13.863667531+00:00,24,1,42244728,,0.7029,2147483647,96725206,11625,8,4,1,0,M6AU6
2026-07-31 06:25:15.149654975+00:00,2026-07-31 06:25:15.149549263+00:00,24,1,42054026,,0.7018,2147483647,96726617,12758,8,4,1,0,M6AZ6
2026-07-31 06:25:54.910802857+00:00,2026-07-31 06:25:54.910445099+00:00,24,1,42244728,,0.703,2147483647,96735596,11864,5,4,1,0,M6AU6
2026-07-31 06:26:19.850811723+00:00,2026-07-31 06:26:19.850326053+00:00,24,1,42244728,,0.703,2147483647,96745508,15384,8,4,1,0,M6AU6
2026-07-31 06:26:19.851647839+00:00,2026-07-31 06:26:19.851551945+00:00,24,1,42054026,,0.7019,2147483647,96745566,12370,8,4,1,0,M6AZ6
2026-07-31 06:26:45.380606356+00:00,2026-07-31 06:26:45.378881069+00:00,24,1,42244728,,0.7031,2147483647,96758604,13274,5,4,1,0,M6AU6
2026-07-31 06:26:45.545271750+00:00,2026-07-31 06:26:45.544976063+00:00,24,1,42244728,,0.7032,2147483647,96759213,12842,5,4,1,0,M6AU6
2026-07-31 06:26:46.814563964+00:00,2026-07-31 06:26:46.814410051+00:00,24,1,42244728,,0.7031,2147483647,96760534,12334,8,4,1,0,M6AU6
2026-07-31 06:28:40.338601044+00:00,2026-07-31 06:28:40.338278889+00:00,24,1,42054026,,0.702,2147483647,96820926,14298,8,4,1,0,M6AZ6
2026-07-31 06:28:40.338756019+00:00,2026-07-31 06:28:40.338440987+00:00,24,1,42244728,,0.7032,2147483647,96820938,13494,8,4,1,0,M6AU6
2026-07-31 06:29:53.147160683+00:00,2026-07-31 06:29:53.146813351+00:00,24,1,42244728,,0.7033,2147483647,96848834,11557,5,4,1,0,M6AU6
2026-07-31 06:47:18.644425012+00:00,2026-07-31 06:47:18.644309061+00:00,24,1,42141216,,-0.001,2147483647,97301470,15067,8,4,1,0,M6AZ6-M6AU6
2026-07-31 07:42:44.514950591+00:00,2026-07-31 07:42:44.514584733+00:00,24,1,42054026,,0.7021,2147483647,98556494,11337,5,4,1,0,M6AZ6
2026-07-31 08:56:05.119931110+00:00,2026-07-31 08:56:05.119333359+00:00,24,1,42244728,,0.7033,2147483647,100448433,13960,8,4,1,0,M6AU6
2026-07-31 08:56:05.120651397+00:00,2026-07-31 08:56:05.119717651+00:00,24,1,42054026,,0.7021,2147483647,100448483,13328,8,4,1,0,M6AZ6
2026-07-31 08:56:17.083776787+00:00,2026-07-31 08:56:17.083335493+00:00,24,1,42244728,,0.7035,2147483647,100467854,13249,5,4,1,0,M6AU6
2026-07-31 08:56:18.759983019+00:00,2026-07-31 08:56:18.759887629+00:00,24,1,42244728,,0.7034,2147483647,100470320,11640,8,4,1,0,M6AU6
2026-07-31 08:56:44.595270619+00:00,2026-07-31 08:56:44.595158137+00:00,24,1,42244728,,0.7035,2147483647,100514384,14340,8,4,1,0,M6AU6
2026-07-31 08:57:34.918503833+00:00,2026-07-31 08:57:34.918120573+00:00,24,1,42054026,,0.7026,2147483647,100574612,16379,5,4,1,0,M6AZ6
2026-07-31 08:57:35.165972652+00:00,2026-07-31 08:57:35.165687723+00:00,24,1,42244728,,0.7036,2147483647,100575086,15573,5,4,1,0,M6AU6
2026-07-31 08:57:45.616462289+00:00,2026-07-31 08:57:45.616186225+00:00,24,1,42244728,,0.7036,2147483647,100584952,12526,8,4,1,0,M6AU6
2026-07-31 08:57:50.402671031+00:00,2026-07-31 08:57:50.402446265+00:00,24,1,42054026,,0.7022,2147483647,100589710,12482,8,4,1,0,M6AZ6
2026-07-31 08:57:50.732621124+00:00,2026-07-31 08:57:50.732131449+00:00,24,1,42244728,,0.7037,2147483647,100590132,15172,8,4,1,0,M6AU6
2026-07-31 08:57:50.733124926+00:00,2026-07-31 08:57:50.732639345+00:00,24,1,42244728,,0.7037,2147483647,100590144,15177,5,4,1,0,M6AU6
2026-07-31 08:57:51.104363671+00:00,2026-07-31 08:57:51.104031083+00:00,24,1,42244728,,0.7038,2147483647,100590569,12187,5,4,1,0,M6AU6
2026-07-31 08:58:28.709338358+00:00,2026-07-31 08:58:28.709218891+00:00,24,1,42244728,,0.7038,2147483647,100628172,11682,8,4,1,0,M6AU6
2026-07-31 09:02:19.581191938+00:00,2026-07-31 09:02:19.580842167+00:00,24,1,42244728,,0.7039,2147483647,100918878,16021,5,4,1,0,M6AU6
2026-07-31 09:02:19.818206020+00:00,2026-07-31 09:02:19.817769975+00:00,24,1,42244728,,0.704,2147483647,100919425,12491,5,4,1,0,M6AU6
2026-07-31 09:02:19.818276921+00:00,2026-07-31 09:02:19.818142919+00:00,24,1,42244728,,0.7039,2147483647,100919428,12053,8,4,1,0,M6AU6
2026-07-31 11:47:44.856925696+00:00,2026-07-31 11:47:44.856597993+00:00,24,1,42244728,,0.7014,2147483647,104440422,11887,4,4,1,0,M6AU6
2026-07-31 11:48:47.793461359+00:00,2026-07-31 11:48:47.793049323+00:00,24,1,42054026,,0.7007,2147483647,104456540,15955,7,4,1,0,M6AZ6
2026-07-31 11:50:01.125591647+00:00,2026-07-31 11:50:01.125485847+00:00,24,1,42244728,,0.7014,2147483647,104479472,12340,7,4,1,0,M6AU6
2026-07-31 11:59:08.610913948+00:00,2026-07-31 11:59:08.610702757+00:00,24,1,42054026,,0.7006,2147483647,104650578,12179,7,4,1,0,M6AZ6
2026-07-31 12:00:39.102760512+00:00,2026-07-31 12:00:39.102443381+00:00,24,1,42244728,,0.7013,2147483647,104684237,11917,7,4,1,0,M6AU6
2026-07-31 12:00:46.139708551+00:00,2026-07-31 12:00:46.139417573+00:00,24,1,42054026,,0.7005,2147483647,104686942,14554,7,4,1,0,M6AZ6
2026-07-31 12:01:53.744155676+00:00,2026-07-31 12:01:53.743865841+00:00,24,1,42244728,,0.7012,2147483647,104715113,11713,4,4,1,0,M6AU6
2026-07-31 12:01:53.747326142+00:00,2026-07-31 12:01:53.747010237+00:00,24,1,42244728,,0.7011,2147483647,104715120,12083,4,4,1,0,M6AU6
2026-07-31 12:01:54.853706383+00:00,2026-07-31 12:01:54.853552169+00:00,24,1,42244728,,0.7012,2147483647,104715361,11705,7,4,1,0,M6AU6
2026-07-31 12:10:40.207944366+00:00,2026-07-31 12:10:40.207738213+00:00,24,1,42054026,,0.7004,2147483647,104902758,12056,7,4,1,0,M6AZ6
2026-07-31 12:16:14.902128999+00:00,2026-07-31 12:16:14.902030827+00:00,24,1,42244728,,0.7011,2147483647,105003112,11948,7,4,1,0,M6AU6
2026-07-31 12:19:22.796059363+00:00,2026-07-31 12:19:22.795271327+00:00,24,1,42054026,,0.7003,2147483647,105068428,15447,7,4,1,0,M6AZ6
2026-07-31 12:19:29.121738383+00:00,2026-07-31 12:19:29.121472993+00:00,24,1,42244728,,0.701,2147483647,105074881,11715,4,4,1,0,M6AU6
2026-07-31 12:19:29.121812377+00:00,2026-07-31 12:19:29.121715073+00:00,24,1,42244728,,0.701,2147483647,105074882,11453,7,4,1,0,M6AU6
2026-07-31 12:19:29.550358310+00:00,2026-07-31 12:19:29.550047935+00:00,24,1,42244728,,0.7009,2147483647,105075478,11557,4,4,1,0,M6AU6
2026-07-31 12:29:50.195467742+00:00,2026-07-31 12:29:50.195138527+00:00,24,1,42054026,,0.7,2147483647,105257672,15206,4,4,1,0,M6AZ6
2026-07-31 12:29:50.244931990+00:00,2026-07-31 12:29:50.244800377+00:00,24,1,42054026,,0.7002,2147483647,105257720,14718,7,4,1,0,M6AZ6
2026-07-31 12:30:01.126789934+00:00,2026-07-31 12:30:01.122623926+00:00,24,1,42054026,,0.6999,2147483647,105264659,15114,4,4,1,0,M6AZ6
2026-07-31 12:30:01.136674864+00:00,2026-07-31 12:30:01.133025287+00:00,24,1,42244728,,0.7008,2147483647,105265111,16585,4,4,1,0,M6AU6
2026-07-31 12:31:02.273956722+00:00,2026-07-31 12:31:02.273847827+00:00,24,1,42244728,,0.7009,2147483647,105302248,13963,7,4,1,0,M6AU6
2026-07-31 12:34:11.051853359+00:00,2026-07-31 12:34:11.051449542+00:00,24,1,42244728,,0.7008,2147483647,105353316,12327,7,4,1,0,M6AU6
2026-07-31 12:34:12.621163246+00:00,2026-07-31 12:34:12.620854651+00:00,24,1,42054026,,0.7001,2147483647,105353982,11811,7,4,1,0,M6AZ6
2026-07-31 12:36:06.487137210+00:00,2026-07-31 12:36:06.486825569+00:00,24,1,42054026,,0.7,2147483647,105384462,12632,7,4,1,0,M6AZ6
2026-07-31 12:36:23.544458006+00:00,2026-07-31 12:36:23.543736635+00:00,24,1,42244728,,0.7007,2147483647,105392368,13425,4,4,1,0,M6AU6
2026-07-31 12:36:23.699003537+00:00,2026-07-31 12:36:23.698891309+00:00,24,1,42244728,,0.7007,2147483647,105392653,16419,7,4,1,0,M6AU6
2026-07-31 12:36:40.504451814+00:00,2026-07-31 12:36:40.504268417+00:00,24,1,42054026,,0.6999,2147483647,105400107,11461,7,4,1,0,M6AZ6
2026-07-31 12:38:01.008870234+00:00,2026-07-31 12:38:01.008561661+00:00,24,1,42244728,,0.7006,2147483647,105427196,12121,4,4,1,0,M6AU6
2026-07-31 12:38:01.008870234+00:00,2026-07-31 12:38:01.008561661+00:00,24,1,42244728,,0.7006,2147483647,105427196,12121,7,4,1,0,M6AU6
2026-07-31 12:38:08.540110062+00:00,2026-07-31 12:38:08.539843599+00:00,24,1,42244728,,0.7005,2147483647,105431536,11620,4,4,1,0,M6AU6
2026-07-31 12:38:24.320028575+00:00,2026-07-31 12:38:24.319486473+00:00,24,1,42054026,,0.6998,2147483647,105435382,12516,7,4,1,0,M6AZ6
2026-07-31 12:41:19.130704507+00:00,2026-07-31 12:41:19.130423759+00:00,24,1,42244728,,0.7005,2147483647,105487068,14978,7,4,1,0,M6AU6
2026-07-31 12:41:21.661664324+00:00,2026-07-31 12:41:21.661136961+00:00,24,1,42054026,,0.6995,2147483647,105488142,15487,4,4,1,0,M6AZ6
2026-07-31 12:41:53.209805403+00:00,2026-07-31 12:41:53.208845303+00:00,24,1,42054026,,0.6997,2147483647,105497995,11800,7,4,1,0,M6AZ6
2026-07-31 12:42:04.662952390+00:00,2026-07-31 12:42:04.662655399+00:00,24,1,42244728,,0.7004,2147483647,105501638,11806,4,4,1,0,M6AU6
2026-07-31 13:42:46.503142924+00:00,2026-07-31 13:42:46.502878441+00:00,24,1,42244728,,0.7004,2147483647,108316146,15383,7,4,1,0,M6AU6
2026-07-31 13:43:20.439378843+00:00,2026-07-31 13:43:20.439120039+00:00,24,1,42244728,,0.7003,2147483647,108354378,13828,4,4,1,0,M6AU6
2026-07-31 13:43:20.439619617+00:00,2026-07-31 13:43:20.439377209+00:00,24,1,42244728,,0.7003,2147483647,108354385,11850,7,4,1,0,M6AU6
2026-07-31 13:43:39.169257015+00:00,2026-07-31 13:43:39.168924503+00:00,24,1,42244728,,0.7002,2147483647,108380223,12561,4,4,1,0,M6AU6
2026-07-31 13:49:12.107982606+00:00,2026-07-31 13:49:12.106473309+00:00,24,1,42244728,,0.7002,2147483647,108746908,12504,7,4,1,0,M6AU6
2026-07-31 13:49:15.355229763+00:00,2026-07-31 13:49:15.354544809+00:00,24,1,42054026,,0.6996,2147483647,108752236,13310,7,4,1,0,M6AZ6
2026-07-31 13:53:32.689768406+00:00,2026-07-31 13:53:32.689484133+00:00,24,1,42244728,,0.7001,2147483647,108977811,11737,4,4,1,0,M6AU6
2026-07-31 13:54:02.951206210+00:00,2026-07-31 13:54:02.951014393+00:00,24,1,42244728,,0.7001,2147483647,109003141,10683,7,4,1,0,M6AU6
2026-07-31 13:54:09.730882561+00:00,2026-07-31 13:54:09.730585141+00:00,24,1,42244728,,0.7,2147483647,109008495,11369,4,4,1,0,M6AU6
2026-07-31 13:57:40.847184467+00:00,2026-07-31 13:57:40.846930743+00:00,24,1,42244728,,0.7,2147483647,109167446,11424,7,4,1,0,M6AU6
2026-07-31 13:57:40.908101678+00:00,2026-07-31 13:57:40.907606699+00:00,24,1,42054026,,0.699,2147483647,109167517,15613,4,4,1,0,M6AZ6
2026-07-31 13:57:54.937239427+00:00,2026-07-31 13:57:54.936851093+00:00,24,1,42244728,,0.6998,2147483647,109173295,12677,4,4,1,0,M6AU6
2026-07-31 13:57:54.937239427+00:00,2026-07-31 13:57:54.936855279+00:00,24,1,42244728,,0.6999,2147483647,109173295,12677,7,4,1,0,M6AU6
2026-07-31 13:59:48.104245649+00:00,2026-07-31 13:59:48.104128649+00:00,24,1,42244728,,0.6998,2147483647,109221267,11901,7,4,1,0,M6AU6
2026-07-31 14:00:02.452105457+00:00,2026-07-31 14:00:02.451934635+00:00,24,1,42054026,,0.6994,2147483647,109231998,11883,7,4,1,0,M6AZ6
2026-07-31 14:00:03.919960948+00:00,2026-07-31 14:00:03.919648685+00:00,24,1,42244728,,0.6997,2147483647,109233031,12435,4,4,1,0,M6AU6
2026-07-31 14:00:14.226764651+00:00,2026-07-31 14:00:14.226637073+00:00,24,1,42054026,,0.6993,2147483647,109243184,12407,7,4,1,0,M6AZ6
2026-07-31 14:00:25.677543232+00:00,2026-07-31 14:00:25.677437555+00:00,24,1,42244728,,0.6997,2147483647,109251957,16917,7,4,1,0,M6AU6
2026-07-31 14:01:11.383185723+00:00,2026-07-31 14:01:11.382904821+00:00,24,1,42244728,,0.6996,2147483647,109287134,15091,4,4,1,0,M6AU6
2026-07-31 14:01:11.477908548+00:00,2026-07-31 14:01:11.477663313+00:00,24,1,42244728,,0.6995,2147483647,109287645,11430,4,4,1,0,M6AU6
2026-07-31 14:01:14.933964428+00:00,2026-07-31 14:01:14.932372763+00:00,24,1,42244728,,0.6996,2147483647,109290545,15544,7,4,1,0,M6AU6
2026-07-31 14:01:22.404542996+00:00,2026-07-31 14:01:22.404157639+00:00,24,1,42054026,,0.6991,2147483647,109298032,15163,7,4,1,0,M6AZ6
2026-07-31 14:01:22.404952548+00:00,2026-07-31 14:01:22.404558489+00:00,24,1,42054026,,0.699,2147483647,109298042,17552,7,4,1,0,M6AZ6
2026-07-31 14:01:22.465624676+00:00,2026-07-31 14:01:22.465474719+00:00,24,1,42244728,,0.6995,2147483647,109298388,15531,7,4,1,0,M6AU6
2026-07-31 14:02:41.333339163+00:00,2026-07-31 14:02:41.332857745+00:00,24,1,42054026,,0.6985,2147483647,109444467,14274,4,4,1,0,M6AZ6
2026-07-31 14:02:42.822945551+00:00,2026-07-31 14:02:42.822600469+00:00,24,1,42244728,,0.6994,2147483647,109446261,13274,4,4,1,0,M6AU6
2026-07-31 14:04:32.411732942+00:00,2026-07-31 14:04:32.411628789+00:00,24,1,42244728,,0.6994,2147483647,109593970,15018,7,4,1,0,M6AU6
2026-07-31 14:04:34.032944243+00:00,2026-07-31 14:04:34.032657263+00:00,24,1,42054026,,0.6984,2147483647,109596733,15268,4,4,1,0,M6AZ6
2026-07-31 14:04:37.722980035+00:00,2026-07-31 14:04:37.722898091+00:00,24,1,42244728,2026-07-30 00:00:00+00:00,,3076,109602485,17576,9,4,1,0,M6AU6
2026-07-31 14:04:37.722980035+00:00,2026-07-31 14:04:37.722898091+00:00,24,1,42244728,2026-07-30 00:00:00+00:00,,6919,109602485,17576,6,4,1,0,M6AU6
2026-07-31 14:04:38.893052326+00:00,2026-07-31 14:04:38.892974941+00:00,24,1,42054026,2026-07-30 00:00:00+00:00,,99,109603487,15827,9,4,1,0,M6AZ6
2026-07-31 14:04:38.893052326+00:00,2026-07-31 14:04:38.892974941+00:00,24,1,42054026,2026-07-30 00:00:00+00:00,,65,109603487,15827,6,4,1,0,M6AZ6
2026-07-31 14:04:40.085006299+00:00,2026-07-31 14:04:40.084725545+00:00,24,1,42054026,,0.6989,2147483647,109604484,12411,7,4,1,0,M6AZ6
2026-07-31 14:04:40.085123150+00:00,2026-07-31 14:04:40.085017871+00:00,24,1,42054026,,0.6988,2147483647,109604485,14497,7,4,1,0,M6AZ6
2026-07-31 14:04:40.792703595+00:00,2026-07-31 14:04:40.792260069+00:00,24,1,42244728,,0.6992,2147483647,109605247,14433,4,4,1,0,M6AU6
2026-07-31 14:04:45.343985267+00:00,2026-07-31 14:04:45.343876179+00:00,24,1,42244728,,0.6993,2147483647,109608242,11353,7,4,1,0,M6AU6
2026-07-31 14:05:01.626973020+00:00,2026-07-31 14:05:01.626651533+00:00,24,1,42244728,,0.6992,2147483647,109622286,12151,7,4,1,0,M6AU6
2026-07-31 14:06:51.786140487+00:00,2026-07-31 14:06:51.786001337+00:00,24,1,42054026,,0.6984,2147483647,109724258,16931,7,4,1,0,M6AZ6
2026-07-31 14:07:06.893963020+00:00,2026-07-31 14:07:06.893627657+00:00,24,1,42244728,,0.6991,2147483647,109738514,12635,4,4,1,0,M6AU6
2026-07-31 14:07:07.251792954+00:00,2026-07-31 14:07:07.251555225+00:00,24,1,42244728,,0.6991,2147483647,109739527,13642,7,4,1,0,M6AU6
2026-07-31 14:07:22.477782393+00:00,2026-07-31 14:07:22.477328419+00:00,24,1,42244728,,0.699,2147483647,109757487,13118,4,4,1,0,M6AU6
2026-07-31 14:07:23.619720177+00:00,2026-07-31 14:07:23.619596385+00:00,24,1,42244728,,0.699,2147483647,109759410,11816,7,4,1,0,M6AU6
2026-07-31 14:07:30.067281442+00:00,2026-07-31 14:07:30.067018835+00:00,24,1,42054026,,0.6981,2147483647,109764997,12433,4,4,1,0,M6AZ6
2026-07-31 14:07:34.377793811+00:00,2026-07-31 14:07:34.376877940+00:00,24,1,42054026,,0.698,2147483647,109768320,16650,4,4,1,0,M6AZ6
2026-07-31 14:07:36.059918796+00:00,2026-07-31 14:07:36.059418191+00:00,24,1,42244728,,0.6989,2147483647,109770836,11735,7,4,1,0,M6AU6
2026-07-31 14:07:55.324708427+00:00,2026-07-31 14:07:55.324351795+00:00,24,1,42244728,,0.6988,2147483647,109790832,11595,4,4,1,0,M6AU6
2026-07-31 14:08:25.054642270+00:00,2026-07-31 14:08:25.053957989+00:00,24,1,42244728,,0.6988,2147483647,109816357,15445,7,4,1,0,M6AU6
2026-07-31 14:08:32.798739187+00:00,2026-07-31 14:08:32.798384753+00:00,24,1,42244728,,0.6987,2147483647,109821764,11632,4,4,1,0,M6AU6
2026-07-31 14:09:09.832540232+00:00,2026-07-31 14:09:09.832424449+00:00,24,1,42244728,,0.6987,2147483647,109854708,12208,7,4,1,0,M6AU6
2026-07-31 14:09:11.874191388+00:00,2026-07-31 14:09:11.873899483+00:00,24,1,42054026,,0.698,2147483647,109856414,13996,7,4,1,0,M6AZ6
2026-07-31 14:10:19.844466843+00:00,2026-07-31 14:10:19.844091751+00:00,24,1,42054026,,0.6977,2147483647,109956343,15454,4,4,1,0,M6AZ6
2026-07-31 19:05:16.664066412+00:00,2026-07-31 19:05:16.663970865+00:00,24,1,42244728,2026-07-31 00:00:00+00:00,0.7032,2147483647,118998994,15219,3,4,1,6,M6AU6
2026-07-31 19:05:16.664075473+00:00,2026-07-31 19:05:16.663970865+00:00,24,1,42244728,2026-07-31 00:00:00+00:00,0.7032,2147483647,118998995,12149,3,4,1,2,M6AU6
2026-07-31 19:05:16.664075473+00:00,2026-07-31 19:05:16.663970865+00:00,24,1,42054026,2026-07-31 00:00:00+00:00,0.7022,2147483647,118998995,12149,3,4,1,6,M6AZ6
2026-07-31 19:05:16.664082078+00:00,2026-07-31 19:05:16.663970865+00:00,24,1,42054026,2026-07-31 00:00:00+00:00,0.7022,2147483647,118998996,11319,3,4,1,2,M6AZ6
2026-07-31 19:51:06.971474780+00:00,2026-07-31 19:51:06.971140193+00:00,24,1,42054026,,0.7024,2147483647,119570367,15437,8,4,1,0,M6AZ6
2026-07-31 21:38:01.852572653+00:00,2026-07-31 21:38:01.850748163+00:00,24,1,42054026,2026-07-31 00:00:00+00:00,0.7022,2147483647,121584327,19517,3,4,1,6,M6AZ6
2026-07-31 21:38:48.433530407+00:00,2026-07-31 21:38:48.431712477+00:00,24,1,42141216,2026-07-31 00:00:00+00:00,-0.001,2147483647,121584984,18449,3,4,1,2,M6AZ6-M6AU6
2026-07-31 21:40:02.051697815+00:00,2026-07-31 21:40:02.049885925+00:00,24,1,42244728,2026-07-31 00:00:00+00:00,0.7032,2147483647,121586429,15185,3,4,1,6,M6AU6
