timestamp,open,high,low,close,volume
2026-07-01 00:00:00+00:00,0.26,0.28,0.26,0.26,11
2026-07-01 00:00:00+00:00,70.12,70.15,70.06,70.1,249
2026-07-01 00:00:00+00:00,0.31,0.32,0.31,0.32,7
2026-07-01 00:00:00+00:00,0.32,0.32,0.32,0.32,4
2026-07-01 00:00:00+00:00,69.82,69.86,69.8,69.8,12
2026-07-01 00:01:00+00:00,70.12,70.14,70.06,70.06,33
2026-07-01 00:01:00+00:00,69.85,69.87,69.85,69.87,4
2026-07-01 00:01:00+00:00,0.27,0.27,0.26,0.26,2
2026-07-01 00:02:00+00:00,69.82,69.82,69.82,69.82,1
2026-07-01 00:02:00+00:00,70.05,70.12,70.05,70.09,30
2026-07-01 00:03:00+00:00,69.85,69.85,69.85,69.85,1
2026-07-01 00:03:00+00:00,70.11,70.16,70.1,70.14,47
2026-07-01 00:04:00+00:00,70.14,70.14,70.11,70.14,34
2026-07-01 00:05:00+00:00,70.13,70.13,70.09,70.09,10
2026-07-01 00:06:00+00:00,70.08,70.09,70.06,70.09,16
2026-07-01 00:07:00+00:00,70.08,70.1,70.08,70.1,5
2026-07-01 00:08:00+00:00,70.15,70.2,70.14,70.16,100
2026-07-01 00:08:00+00:00,0.34,0.34,0.34,0.34,3
2026-07-01 00:08:00+00:00,0.28,0.28,0.28,0.28,1
2026-07-01 00:08:00+00:00,69.9,69.9,69.88,69.88,3
2026-07-01 00:09:00+00:00,70.15,70.18,70.15,70.16,24
2026-07-01 00:10:00+00:00,70.15,70.15,70.1,70.11,30
2026-07-01 00:11:00+00:00,68.79,68.79,68.79,68.79,1
2026-07-01 00:11:00+00:00,70.11,70.11,70.1,70.1,16
2026-07-01 00:11:00+00:00,69.82,69.82,69.82,69.82,1
2026-07-01 00:11:00+00:00,1.03,1.03,1.03,1.03,1
2026-07-01 00:12:00+00:00,69.52,69.52,69.52,69.52,1
2026-07-01 00:12:00+00:00,70.1,70.12,70.09,70.09,23
2026-07-01 00:13:00+00:00,69.85,69.85,69.85,69.85,1
2026-07-01 00:13:00+00:00,70.09,70.12,70.08,70.12,7
2026-07-01 00:14:00+00:00,70.12,70.12,70.11,70.12,3
2026-07-01 00:14:00+00:00,0.36,0.36,0.36,0.36,2
2026-07-01 00:15:00+00:00,69.86,69.86,69.86,69.86,1
2026-07-01 00:15:00+00:00,70.11,70.15,70.11,70.14,17
2026-07-01 00:16:00+00:00,70.13,70.13,70.12,70.13,21
2026-07-01 00:16:00+00:00,69.52,69.52,69.52,69.52,1
2026-07-01 00:17:00+00:00,70.13,70.14,70.12,70.13,11
2026-07-01 00:18:00+00:00,70.14,70.14,70.13,70.13,7
2026-07-01 00:19:00+00:00,70.12,70.12,70.08,70.12,27
2026-07-01 00:20:00+00:00,70.1,70.1,70.07,70.07,7
2026-07-01 00:21:00+00:00,70.06,70.07,70.02,70.05,27
2026-07-01 00:22:00+00:00,70.07,70.07,70.03,70.05,13
2026-07-01 00:23:00+00:00,70.03,70.04,70.01,70.02,21
2026-07-01 00:24:00+00:00,70.03,70.05,70.03,70.05,17
2026-07-01 00:24:00+00:00,69.77,69.77,69.77,69.77,1
2026-07-01 00:25:00+00:00,70.04,70.05,70.02,70.02,17
2026-07-01 00:26:00+00:00,70.03,70.04,70.0,70.0,32
2026-07-01 00:27:00+00:00,0.26,0.26,0.26,0.26,1
2026-07-01 00:27:00+00:00,69.75,69.75,69.75,69.75,1
2026-07-01 00:27:00+00:00,70.02,70.02,70.01,70.02,13
2026-07-01 00:28:00+00:00,70.02,70.02,69.98,70.0,44
2026-07-01 00:29:00+00:00,70.0,70.03,69.98,70.0,33
2026-07-01 00:30:00+00:00,70.01,70.02,69.99,70.02,20
2026-07-01 00:31:00+00:00,70.03,70.08,70.03,70.07,26
2026-07-01 00:32:00+00:00,70.08,70.1,70.08,70.1,3
2026-07-01 00:33:00+00:00,70.08,70.08,70.04,70.05,19
2026-07-01 00:33:00+00:00,69.79,69.79,69.79,69.79,1
2026-07-01 00:34:00+00:00,70.07,70.11,70.07,70.11,30
2026-07-01 00:35:00+00:00,69.5,69.5,69.5,69.5,1
2026-07-01 00:35:00+00:00,0.27,0.27,0.27,0.27,2
2026-07-01 00:35:00+00:00,69.82,69.82,69.82,69.82,3
2026-07-01 00:35:00+00:00,70.11,70.11,70.04,70.1,22
2026-07-01 00:36:00+00:00,70.1,70.1,70.09,70.1,5
2026-07-01 00:37:00+00:00,0.27,0.27,0.27,0.27,1
2026-07-01 00:37:00+00:00,70.09,70.11,70.09,70.11,15
2026-07-01 00:37:00+00:00,69.84,69.84,69.84,69.84,1
2026-07-01 00:38:00+00:00,70.11,70.11,70.09,70.09,18
2026-07-01 00:39:00+00:00,70.11,70.11,70.11,70.11,4
2026-07-01 00:40:00+00:00,70.11,70.11,70.08,70.08,4
2026-07-01 00:41:00+00:00,70.08,70.08,70.08,70.08,2
2026-07-01 00:42:00+00:00,70.06,70.07,70.04,70.04,11
2026-07-01 00:43:00+00:00,70.04,70.05,70.04,70.05,6
2026-07-01 00:44:00+00:00,70.04,70.05,70.04,70.04,13
2026-07-01 00:45:00+00:00,70.05,70.06,70.03,70.03,25
2026-07-01 00:46:00+00:00,70.03,70.03,70.0,70.03,38
2026-07-01 00:47:00+00:00,70.02,70.03,70.02,70.03,9
2026-07-01 00:48:00+00:00,69.77,69.77,69.77,69.77,1
2026-07-01 00:48:00+00:00,70.03,70.03,70.02,70.02,10
2026-07-01 00:49:00+00:00,69.75,69.78,69.75,69.78,2
2026-07-01 00:49:00+00:00,70.03,70.03,70.02,70.03,7
2026-07-01 00:50:00+00:00,69.51,69.51,69.51,69.51,1
2026-07-01 00:50:00+00:00,70.03,70.07,70.03,70.06,13
2026-07-01 00:50:00+00:00,0.31,0.31,0.31,0.31,1
2026-07-01 00:50:00+00:00,69.2,69.2,69.2,69.2,1
2026-07-01 00:50:00+00:00,68.81,68.81,68.81,68.81,1
2026-07-01 00:51:00+00:00,70.05,70.05,70.03,70.04,22
2026-07-01 00:52:00+00:00,70.04,70.05,70.04,70.05,9
2026-07-01 00:53:00+00:00,70.06,70.06,70.05,70.06,8
2026-07-01 00:54:00+00:00,70.05,70.05,70.05,70.05,12
2026-07-01 00:55:00+00:00,69.81,69.85,69.81,69.83,4
2026-07-01 00:55:00+00:00,70.05,70.1,70.05,70.09,24
2026-07-01 00:56:00+00:00,70.06,70.06,70.05,70.06,11
2026-07-01 00:57:00+00:00,70.06,70.06,70.04,70.04,10
2026-07-01 00:58:00+00:00,70.06,70.06,70.05,70.05,10
2026-07-01 00:59:00+00:00,69.78,69.85,69.78,69.85,5
2026-07-01 00:59:00+00:00,70.04,70.12,70.03,70.11,38
2026-07-01 01:00:00+00:00,69.84,69.84,69.75,69.75,9
2026-07-01 01:00:00+00:00,0.31,0.31,0.31,0.31,2
2026-07-01 01:00:00+00:00,69.44,69.44,69.44,69.44,2
2026-07-01 01:00:00+00:00,70.13,70.14,70.01,70.03,120
2026-07-01 01:00:00+00:00,68.89,68.89,68.89,68.89,1
2026-07-01 01:01:00+00:00,0.33,0.33,0.33,0.33,1
2026-07-01 01:01:00+00:00,69.76,69.77,69.69,69.71,21
2026-07-01 01:01:00+00:00,69.4,69.42,69.4,69.4,3
2026-07-01 01:01:00+00:00,69.07,69.07,69.07,69.07,2
2026-07-01 01:01:00+00:00,70.04,70.04,69.95,69.97,94
2026-07-01 01:01:00+00:00,0.27,0.27,0.26,0.26,5
2026-07-01 01:01:00+00:00,68.7,68.7,68.7,68.7,1
2026-07-01 01:02:00+00:00,69.69,69.69,69.69,69.69,2
2026-07-01 01:02:00+00:00,69.98,69.99,69.93,69.93,47
2026-07-01 01:03:00+00:00,69.66,69.7,69.66,69.7,8
2026-07-01 01:03:00+00:00,0.26,0.26,0.26,0.26,1
2026-07-01 01:03:00+00:00,68.69,68.69,68.69,68.69,1
2026-07-01 01:03:00+00:00,0.97,0.97,0.97,0.97,1
2026-07-01 01:03:00+00:00,69.93,69.98,69.93,69.95,39
2026-07-01 01:04:00+00:00,69.68,69.68,69.68,69.68,3
2026-07-01 01:04:00+00:00,69.94,69.96,69.91,69.96,46
2026-07-01 01:05:00+00:00,69.66,69.66,69.66,69.66,6
2026-07-01 01:05:00+00:00,69.95,69.97,69.9,69.91,64
2026-07-01 01:06:00+00:00,0.25,0.26,0.25,0.26,4
2026-07-01 01:06:00+00:00,69.63,69.65,69.63,69.65,6
2026-07-01 01:06:00+00:00,69.91,69.95,69.87,69.94,120
2026-07-01 01:07:00+00:00,69.94,69.98,69.94,69.96,23
2026-07-01 01:08:00+00:00,69.69,69.69,69.69,69.69,2
2026-07-01 01:08:00+00:00,69.95,69.96,69.94,69.96,40
2026-07-01 01:09:00+00:00,69.7,69.7,69.7,69.7,2
2026-07-01 01:09:00+00:00,69.97,69.97,69.96,69.97,17
2026-07-01 01:10:00+00:00,69.97,69.97,69.91,69.92,36
2026-07-01 01:11:00+00:00,69.65,69.65,69.65,69.65,3
2026-07-01 01:11:00+00:00,69.91,69.92,69.9,69.92,18
2026-07-01 01:12:00+00:00,69.67,69.67,69.67,69.67,1
2026-07-01 01:12:00+00:00,69.92,69.95,69.91,69.91,48
2026-07-01 01:13:00+00:00,69.92,69.96,69.91,69.94,49
2026-07-01 01:13:00+00:00,69.68,69.68,69.66,69.66,2
2026-07-01 01:14:00+00:00,0.26,0.26,0.26,0.26,1
2026-07-01 01:14:00+00:00,69.68,69.68,69.68,69.68,1
2026-07-01 01:14:00+00:00,69.37,69.37,69.37,69.37,1
2026-07-01 01:14:00+00:00,69.91,69.95,69.91,69.92,28
2026-07-01 01:15:00+00:00,69.67,69.67,69.67,69.67,6
2026-07-01 01:15:00+00:00,69.92,69.95,69.9,69.95,25
2026-07-01 01:16:00+00:00,69.95,69.99,69.94,69.97,33
2026-07-01 01:17:00+00:00,69.97,69.97,69.92,69.92,25
2026-07-01 01:17:00+00:00,69.71,69.71,69.71,69.71,1
2026-07-01 01:18:00+00:00,0.24,0.26,0.24,0.26,6
2026-07-01 01:18:00+00:00,69.61,69.64,69.59,69.64,9
2026-07-01 01:18:00+00:00,69.92,69.92,69.82,69.91,142
2026-07-01 01:19:00+00:00,69.91,69.94,69.88,69.88,49
2026-07-01 01:19:00+00:00,69.65,69.65,69.63,69.64,4
2026-07-01 01:20:00+00:00,0.25,0.25,0.25,0.25,2
2026-07-01 01:20:00+00:00,69.89,69.9,69.85,69.86,53
2026-07-01 01:20:00+00:00,69.62,69.62,69.62,69.62,3
2026-07-01 01:21:00+00:00,69.31,69.31,69.31,69.31,1
2026-07-01 01:21:00+00:00,69.61,69.61,69.61,69.61,3
2026-07-01 01:21:00+00:00,69.85,69.88,69.84,69.86,64
2026-07-01 01:22:00+00:00,69.6,69.6,69.6,69.6,4
2026-07-01 01:22:00+00:00,69.28,69.28,69.28,69.28,1
2026-07-01 01:22:00+00:00,0.32,0.32,0.32,0.32,1
2026-07-01 01:22:00+00:00,68.96,68.96,68.96,68.96,1
2026-07-01 01:22:00+00:00,69.85,69.88,69.85,69.86,42
2026-07-01 01:23:00+00:00,0.26,0.26,0.26,0.26,1
2026-07-01 01:23:00+00:00,69.6,69.62,69.6,69.62,3
2026-07-01 01:23:00+00:00,69.86,69.88,69.85,69.86,42
2026-07-01 01:24:00+00:00,69.31,69.31,69.31,69.31,1
2026-07-01 01:24:00+00:00,69.6,69.6,69.6,69.6,1
2026-07-01 01:24:00+00:00,69.85,69.87,69.84,69.85,17
2026-07-01 01:25:00+00:00,0.25,0.25,0.25,0.25,3
2026-07-01 01:25:00+00:00,68.93,68.93,68.93,68.93,1
2026-07-01 01:25:00+00:00,69.25,69.25,69.25,69.25,1
2026-07-01 01:25:00+00:00,0.32,0.32,0.32,0.32,1
2026-07-01 01:25:00+00:00,69.58,69.68,69.58,69.68,15
2026-07-01 01:25:00+00:00,69.86,69.93,69.83,69.93,137
2026-07-01 01:26:00+00:00,69.67,69.67,69.67,69.67,2
2026-07-01 01:26:00+00:00,69.92,69.95,69.91,69.92,34
2026-07-01 01:26:00+00:00,0.25,0.25,0.25,0.25,2
2026-07-01 01:27:00+00:00,69.93,69.94,69.91,69.93,60
2026-07-01 01:28:00+00:00,69.65,69.65,69.65,69.65,1
2026-07-01 01:28:00+00:00,69.93,69.93,69.89,69.9,25
2026-07-01 01:29:00+00:00,69.65,69.66,69.65,69.66,2
2026-07-01 01:29:00+00:00,69.91,69.94,69.91,69.92,23
2026-07-01 01:30:00+00:00,69.9,69.97,69.9,69.97,32
2026-07-01 01:31:00+00:00,69.71,69.71,69.71,69.71,1
2026-07-01 01:31:00+00:00,0.26,0.26,0.26,0.26,1
2026-07-01 01:31:00+00:00,69.96,69.97,69.94,69.97,41
2026-07-01 01:32:00+00:00,69.97,69.98,69.95,69.98,41
2026-07-01 01:32:00+00:00,69.69,69.69,69.69,69.69,1
2026-07-01 01:33:00+00:00,69.98,69.98,69.9,69.91,35
2026-07-01 01:33:00+00:00,69.7,69.7,69.7,69.7,1
2026-07-01 01:34:00+00:00,69.91,69.93,69.9,69.93,14
2026-07-01 01:35:00+00:00,0.26,0.26,0.26,0.26,2
2026-07-01 01:35:00+00:00,69.93,69.93,69.91,69.93,18
2026-07-01 01:35:00+00:00,69.67,69.68,69.67,69.68,3
2026-07-01 01:36:00+00:00,69.93,69.93,69.88,69.9,32
2026-07-01 01:37:00+00:00,69.9,69.91,69.89,69.9,15
2026-07-01 01:38:00+00:00,69.9,69.9,69.86,69.86,25
2026-07-01 01:38:00+00:00,68.69,68.69,68.69,68.69,11
2026-07-01 01:38:00+00:00,69.6,69.6,69.6,69.6,1
2026-07-01 01:39:00+00:00,69.85,69.86,69.8,69.81,91
2026-07-01 01:39:00+00:00,68.59,68.59,68.59,68.59,2
2026-07-01 01:39:00+00:00,0.26,0.26,0.26,0.26,1
2026-07-01 01:39:00+00:00,69.59,69.6,69.55,69.55,6
2026-07-01 01:40:00+00:00,69.54,69.56,69.53,69.56,3
2026-07-01 01:40:00+00:00,69.8,69.84,69.78,69.82,52
2026-07-01 01:41:00+00:00,69.83,69.84,69.82,69.84,21
2026-07-01 01:42:00+00:00,69.82,69.85,69.81,69.85,56
2026-07-01 01:42:00+00:00,0.94,0.94,0.94,0.94,1
2026-07-01 01:42:00+00:00,69.57,69.57,69.57,69.57,1
2026-07-01 01:43:00+00:00,69.83,69.86,69.83,69.86,12
2026-07-01 01:44:00+00:00,69.87,69.87,69.85,69.86,26
2026-07-01 01:45:00+00:00,69.84,69.88,69.82,69.88,16
2026-07-01 01:45:00+00:00,69.58,69.58,69.58,69.58,1
2026-07-01 01:46:00+00:00,69.87,69.88,69.84,69.85,8
2026-07-01 01:47:00+00:00,69.64,69.64,69.62,69.62,4
2026-07-01 01:47:00+00:00,69.87,69.89,69.86,69.87,28
2026-07-01 01:48:00+00:00,69.88,69.89,69.88,69.89,9
2026-07-01 01:48:00+00:00,69.62,69.62,69.62,69.62,1
2026-07-01 01:49:00+00:00,69.87,69.87,69.84,69.84,8
2026-07-01 01:49:00+00:00,69.59,69.59,69.58,69.58,6
2026-07-01 01:50:00+00:00,0.29,0.29,0.29,0.29,4
2026-07-01 01:50:00+00:00,69.29,69.31,69.26,69.26,8
2026-07-01 01:50:00+00:00,69.58,69.59,69.55,69.55,6
2026-07-01 01:50:00+00:00,69.84,69.85,69.8,69.8,22
2026-07-01 01:50:00+00:00,0.54,0.56,0.54,0.56,3
2026-07-01 01:51:00+00:00,69.53,69.53,69.53,69.53,1
2026-07-01 01:51:00+00:00,69.8,69.82,69.75,69.77,73
2026-07-01 01:52:00+00:00,69.53,69.53,69.53,69.53,1
2026-07-01 01:52:00+00:00,69.79,69.82,69.79,69.81,33
2026-07-01 01:53:00+00:00,69.8,69.82,69.76,69.77,22
2026-07-01 01:53:00+00:00,69.52,69.52,69.51,69.51,6
2026-07-01 01:54:00+00:00,69.5,69.5,69.48,69.48,6
2026-07-01 01:54:00+00:00,0.3,0.3,0.3,0.3,1
2026-07-01 01:54:00+00:00,69.19,69.19,69.19,69.19,1
2026-07-01 01:54:00+00:00,69.77,69.77,69.7,69.71,98
2026-07-01 01:55:00+00:00,69.73,69.76,69.72,69.72,30
2026-07-01 01:56:00+00:00,69.44,69.44,69.42,69.43,3
2026-07-01 01:56:00+00:00,0.25,0.25,0.25,0.25,1
2026-07-01 01:56:00+00:00,69.72,69.74,69.66,69.68,103
2026-07-01 01:57:00+00:00,69.71,69.72,69.69,69.72,32
2026-07-01 01:57:00+00:00,69.46,69.48,69.46,69.48,3
2026-07-01 01:58:00+00:00,68.63,68.63,68.63,68.63,1
2026-07-01 01:58:00+00:00,69.5,69.56,69.5,69.56,3
2026-07-01 01:58:00+00:00,69.75,69.82,69.75,69.8,65
2026-07-01 01:58:00+00:00,0.92,0.92,0.92,0.92,1
2026-07-01 01:59:00+00:00,69.8,69.8,69.77,69.79,22
2026-07-01 02:00:00+00:00,69.51,69.51,69.49,69.49,8
2026-07-01 02:00:00+00:00,0.24,0.25,0.24,0.25,3
2026-07-01 02:00:00+00:00,69.77,69.79,69.72,69.77,65
2026-07-01 02:01:00+00:00,69.75,69.79,69.75,69.77,22
2026-07-01 02:02:00+00:00,69.77,69.77,69.73,69.76,30
2026-07-01 02:03:00+00:00,69.5,69.5,69.49,69.49,3
2026-07-01 02:03:00+00:00,69.74,69.78,69.74,69.74,31
2026-07-01 02:04:00+00:00,69.51,69.51,69.51,69.51,1
2026-07-01 02:04:00+00:00,69.77,69.77,69.75,69.76,9
2026-07-01 02:05:00+00:00,69.74,69.77,69.74,69.77,5
2026-07-01 02:06:00+00:00,0.24,0.24,0.24,0.24,1
2026-07-01 02:06:00+00:00,69.49,69.49,69.46,69.46,2
2026-07-01 02:06:00+00:00,69.74,69.74,69.69,69.7,43
2026-07-01 02:07:00+00:00,69.71,69.71,69.67,69.68,32
2026-07-01 02:08:00+00:00,69.7,69.71,69.7,69.71,6
2026-07-01 02:09:00+00:00,69.71,69.71,69.7,69.71,13
2026-07-01 02:09:00+00:00,69.45,69.45,69.45,69.45,1
2026-07-01 02:10:00+00:00,69.71,69.73,69.7,69.71,13
2026-07-01 02:11:00+00:00,69.71,69.72,69.71,69.72,7
2026-07-01 02:11:00+00:00,69.47,69.47,69.47,69.47,1
2026-07-01 02:12:00+00:00,69.71,69.73,69.71,69.72,23
2026-07-01 02:12:00+00:00,69.48,69.48,69.47,69.47,3
2026-07-01 02:12:00+00:00,69.19,69.19,69.19,69.19,1
2026-07-01 02:12:00+00:00,0.25,0.25,0.25,0.25,1
2026-07-01 02:13:00+00:00,69.48,69.52,69.48,69.52,3
2026-07-01 02:13:00+00:00,69.72,69.78,69.72,69.77,40
2026-07-01 02:14:00+00:00,69.77,69.78,69.74,69.75,38
2026-07-01 02:14:00+00:00,69.51,69.51,69.51,69.51,7
2026-07-01 02:15:00+00:00,69.53,69.53,69.53,69.53,1
2026-07-01 02:15:00+00:00,69.74,69.78,69.74,69.78,19
2026-07-01 02:16:00+00:00,69.55,69.55,69.55,69.55,1
2026-07-01 02:16:00+00:00,69.79,69.8,69.78,69.78,81
2026-07-01 02:16:00+00:00,0.24,0.24,0.24,0.24,1
2026-07-01 02:17:00+00:00,69.79,69.8,69.79,69.8,18
2026-07-01 02:18:00+00:00,69.79,69.79,69.77,69.78,25
2026-07-01 02:19:00+00:00,69.78,69.8,69.78,69.79,9
2026-07-01 02:20:00+00:00,69.79,69.8,69.78,69.8,9
2026-07-01 02:21:00+00:00,69.81,69.81,69.8,69.8,6
2026-07-01 02:22:00+00:00,69.57,69.58,69.57,69.58,2
2026-07-01 02:22:00+00:00,69.82,69.83,69.81,69.83,20
2026-07-01 02:23:00+00:00,69.84,69.84,69.83,69.83,12
2026-07-01 02:24:00+00:00,69.84,69.87,69.83,69.86,81
2026-07-01 02:24:00+00:00,69.61,69.61,69.61,69.61,2
2026-07-01 02:24:00+00:00,0.25,0.25,0.25,0.25,1
2026-07-01 02:25:00+00:00,69.85,69.85,69.84,69.85,14
2026-07-01 02:26:00+00:00,69.86,69.86,69.86,69.86,1
2026-07-01 02:27:00+00:00,69.85,69.85,69.83,69.84,9
2026-07-01 02:28:00+00:00,69.84,69.84,69.79,69.79,31
2026-07-01 02:29:00+00:00,69.54,69.54,69.54,69.54,1
2026-07-01 02:29:00+00:00,69.77,69.77,69.76,69.77,4
2026-07-01 02:30:00+00:00,69.8,69.8,69.75,69.78,15
2026-07-01 02:31:00+00:00,69.76,69.76,69.74,69.75,33
2026-07-01 02:32:00+00:00,69.75,69.78,69.74,69.78,21
2026-07-01 02:33:00+00:00,69.78,69.78,69.75,69.75,10
2026-07-01 02:34:00+00:00,69.78,69.81,69.78,69.81,9
2026-07-01 02:35:00+00:00,69.65,69.65,69.65,69.65,1
2026-07-01 02:35:00+00:00,69.82,69.9,69.82,69.88,60
2026-07-01 02:36:00+00:00,69.87,69.88,69.85,69.86,21
2026-07-01 02:37:00+00:00,69.85,69.87,69.85,69.85,14
2026-07-01 02:38:00+00:00,69.86,69.88,69.82,69.83,26
2026-07-01 02:38:00+00:00,69.63,69.63,69.62,69.62,2
2026-07-01 02:39:00+00:00,69.81,69.81,69.77,69.79,45
2026-07-01 02:39:00+00:00,69.58,69.58,69.56,69.56,4
2026-07-01 02:39:00+00:00,0.23,0.23,0.23,0.23,3
2026-07-01 02:40:00+00:00,69.79,69.82,69.79,69.82,9
2026-07-01 02:41:00+00:00,69.27,69.27,69.27,69.27,1
2026-07-01 02:41:00+00:00,0.28,0.28,0.28,0.28,1
2026-07-01 02:41:00+00:00,0.23,0.23,0.23,0.23,4
2026-07-01 02:41:00+00:00,69.57,69.57,69.55,69.56,7
2026-07-01 02:41:00+00:00,69.82,69.82,69.78,69.8,54
2026-07-01 02:42:00+00:00,69.77,69.77,69.75,69.77,18
2026-07-01 02:43:00+00:00,69.76,69.81,69.75,69.8,24
2026-07-01 02:44:00+00:00,69.8,69.8,69.8,69.8,2
2026-07-01 02:45:00+00:00,69.6,69.6,69.6,69.6,1
2026-07-01 02:45:00+00:00,69.8,69.82,69.79,69.82,18
2026-07-01 02:46:00+00:00,69.84,69.84,69.79,69.79,9
2026-07-01 02:46:00+00:00,69.61,69.61,69.61,69.61,1
2026-07-01 02:47:00+00:00,69.79,69.79,69.77,69.77,5
2026-07-01 02:48:00+00:00,69.79,69.79,69.79,69.79,2
2026-07-01 02:49:00+00:00,69.79,69.79,69.78,69.78,2
2026-07-01 02:50:00+00:00,69.55,69.55,69.55,69.55,1
2026-07-01 02:50:00+00:00,69.78,69.78,69.77,69.78,7
2026-07-01 02:51:00+00:00,69.53,69.53,69.53,69.53,1
2026-07-01 02:51:00+00:00,69.78,69.78,69.76,69.78,10
2026-07-01 02:52:00+00:00,69.79,69.79,69.77,69.79,13
2026-07-01 02:53:00+00:00,69.77,69.77,69.75,69.75,10
2026-07-01 02:54:00+00:00,69.77,69.79,69.76,69.78,8
2026-07-01 02:55:00+00:00,69.78,69.78,69.76,69.78,8
2026-07-01 02:56:00+00:00,69.76,69.78,69.76,69.76,15
2026-07-01 02:57:00+00:00,69.61,69.61,69.61,69.61,1
2026-07-01 02:57:00+00:00,69.77,69.85,69.77,69.85,28
2026-07-01 02:58:00+00:00,0.22,0.22,0.22,0.22,1
2026-07-01 02:58:00+00:00,69.59,69.59,69.58,69.58,2
2026-07-01 02:58:00+00:00,69.82,69.82,69.78,69.79,24
2026-07-01 02:59:00+00:00,69.77,69.8,69.77,69.8,11
2026-07-01 03:00:00+00:00,69.61,69.61,69.61,69.61,3
2026-07-01 03:00:00+00:00,69.82,69.83,69.82,69.83,7
2026-07-01 03:01:00+00:00,69.58,69.58,69.58,69.58,1
2026-07-01 03:01:00+00:00,69.83,69.83,69.8,69.8,11
2026-07-01 03:01:00+00:00,0.22,0.22,0.22,0.22,1
2026-07-01 03:02:00+00:00,69.82,69.86,69.82,69.86,9
2026-07-01 03:03:00+00:00,69.82,69.84,69.79,69.8,16
2026-07-01 03:04:00+00:00,69.82,69.82,69.79,69.79,6
2026-07-01 03:05:00+00:00,69.8,69.83,69.8,69.83,21
2026-07-01 03:05:00+00:00,69.58,69.58,69.58,69.58,1
2026-07-01 03:06:00+00:00,69.83,69.83,69.79,69.82,17
2026-07-01 03:07:00+00:00,69.82,69.85,69.82,69.85,7
2026-07-01 03:08:00+00:00,69.85,69.85,69.81,69.84,11
2026-07-01 03:09:00+00:00,69.86,69.86,69.84,69.84,4
2026-07-01 03:10:00+00:00,0.22,0.23,0.22,0.23,8
2026-07-01 03:10:00+00:00,69.58,69.59,69.58,69.59,5
2026-07-01 03:10:00+00:00,69.82,69.83,69.8,69.8,39
2026-07-01 03:11:00+00:00,69.56,69.56,69.56,69.56,1
2026-07-01 03:11:00+00:00,69.8,69.8,69.76,69.78,22
2026-07-01 03:12:00+00:00,69.79,69.81,69.79,69.81,8
2026-07-01 03:13:00+00:00,69.79,69.8,69.79,69.8,5
2026-07-01 03:14:00+00:00,69.82,69.84,69.8,69.8,80
2026-07-01 03:14:00+00:00,69.6,69.6,69.58,69.6,10
2026-07-01 03:14:00+00:00,0.22,0.23,0.22,0.23,8
2026-07-01 03:15:00+00:00,69.79,69.83,69.79,69.81,12
2026-07-01 03:16:00+00:00,69.64,69.64,69.63,69.63,2
2026-07-01 03:16:00+00:00,69.82,69.86,69.82,69.85,7
2026-07-01 03:16:00+00:00,0.22,0.22,0.22,0.22,2
2026-07-01 03:17:00+00:00,69.65,69.65,69.65,69.65,2
2026-07-01 03:17:00+00:00,69.85,69.85,69.85,69.85,4
2026-07-01 03:18:00+00:00,69.85,69.85,69.84,69.84,8
2026-07-01 03:19:00+00:00,69.84,69.87,69.84,69.87,13
2026-07-01 03:20:00+00:00,69.87,69.87,69.84,69.85,13
2026-07-01 03:21:00+00:00,69.61,69.62,69.61,69.62,3
2026-07-01 03:21:00+00:00,69.34,69.34,69.34,69.34,3
2026-07-01 03:21:00+00:00,0.22,0.22,0.22,0.22,1
2026-07-01 03:21:00+00:00,0.49,0.49,0.49,0.49,1
2026-07-01 03:21:00+00:00,0.28,0.28,0.28,0.28,1
2026-07-01 03:21:00+00:00,69.83,69.84,69.81,69.84,15
2026-07-01 03:22:00+00:00,69.83,69.84,69.82,69.84,11
2026-07-01 03:22:00+00:00,0.21,0.21,0.21,0.21,2
2026-07-01 03:22:00+00:00,69.62,69.62,69.62,69.62,2
2026-07-01 03:23:00+00:00,69.82,69.84,69.82,69.84,5
2026-07-01 03:24:00+00:00,69.82,69.84,69.81,69.81,10
2026-07-01 03:25:00+00:00,69.28,69.29,69.28,69.29,2
2026-07-01 03:25:00+00:00,69.6,69.6,69.57,69.59,7
2026-07-01 03:25:00+00:00,69.83,69.83,69.75,69.8,47
2026-07-01 03:25:00+00:00,0.29,0.29,0.29,0.29,2
2026-07-01 03:26:00+00:00,69.81,69.81,69.8,69.8,24
2026-07-01 03:27:00+00:00,69.59,69.59,69.59,69.59,1
2026-07-01 03:27:00+00:00,69.81,69.83,69.81,69.83,16
2026-07-01 03:28:00+00:00,69.59,69.59,69.59,69.59,1
2026-07-01 03:28:00+00:00,69.82,69.83,69.78,69.8,21
2026-07-01 03:29:00+00:00,69.79,69.8,69.77,69.77,11
2026-07-01 03:29:00+00:00,69.58,69.58,69.58,69.58,1
2026-07-01 03:30:00+00:00,69.56,69.61,69.56,69.61,2
2026-07-01 03:30:00+00:00,69.77,69.82,69.77,69.82,11
2026-07-01 03:31:00+00:00,69.83,69.85,69.82,69.82,21
2026-07-01 03:31:00+00:00,69.61,69.63,69.61,69.63,2
2026-07-01 03:32:00+00:00,69.64,69.64,69.63,69.63,4
2026-07-01 03:32:00+00:00,0.21,0.21,0.21,0.21,1
2026-07-01 03:32:00+00:00,69.83,69.87,69.83,69.85,31
2026-07-01 03:33:00+00:00,69.84,69.89,69.84,69.88,29
2026-07-01 03:33:00+00:00,68.73,68.73,68.73,68.73,1
2026-07-01 03:34:00+00:00,69.65,69.65,69.65,69.65,2
2026-07-01 03:34:00+00:00,69.87,69.87,69.83,69.83,6
2026-07-01 03:35:00+00:00,0.21,0.21,0.21,0.21,2
2026-07-01 03:35:00+00:00,69.6,69.6,69.57,69.57,3
2026-07-01 03:35:00+00:00,69.81,69.81,69.77,69.78,35
2026-07-01 03:36:00+00:00,69.82,69.82,69.79,69.8,8
2026-07-01 03:36:00+00:00,69.58,69.58,69.58,69.58,1
2026-07-01 03:37:00+00:00,69.8,69.82,69.79,69.82,4
2026-07-01 03:38:00+00:00,69.82,69.82,69.81,69.82,9
2026-07-01 03:38:00+00:00,69.6,69.6,69.6,69.6,1
2026-07-01 03:39:00+00:00,69.83,69.84,69.83,69.83,4
2026-07-01 03:40:00+00:00,69.61,69.61,69.61,69.61,3
2026-07-01 03:40:00+00:00,69.83,69.83,69.83,69.83,1
2026-07-01 03:41:00+00:00,0.21,0.21,0.21,0.21,2
2026-07-01 03:41:00+00:00,69.82,69.84,69.81,69.84,11
2026-07-01 03:41:00+00:00,69.61,69.61,69.61,69.61,4
2026-07-01 03:42:00+00:00,69.83,69.83,69.83,69.83,5
2026-07-01 03:43:00+00:00,69.83,69.83,69.83,69.83,2
2026-07-01 03:44:00+00:00,69.83,69.83,69.83,69.83,2
2026-07-01 03:45:00+00:00,69.62,69.62,69.62,69.62,1
2026-07-01 03:45:00+00:00,69.83,69.84,69.83,69.84,10
2026-07-01 03:46:00+00:00,69.84,69.84,69.78,69.78,21
2026-07-01 03:47:00+00:00,69.79,69.8,69.77,69.8,21
2026-07-01 03:48:00+00:00,69.59,69.59,69.59,69.59,2
2026-07-01 03:49:00+00:00,69.8,69.8,69.8,69.8,2
2026-07-01 03:50:00+00:00,69.8,69.8,69.79,69.79,4
2026-07-01 03:51:00+00:00,0.21,0.21,0.21,0.21,1
2026-07-01 03:51:00+00:00,69.59,69.59,69.59,69.59,4
2026-07-01 03:51:00+00:00,69.79,69.8,69.79,69.8,2
2026-07-01 03:52:00+00:00,0.22,0.22,0.22,0.22,1
2026-07-01 03:52:00+00:00,69.59,69.59,69.59,69.59,1
2026-07-01 03:52:00+00:00,69.79,69.82,69.79,69.79,12
2026-07-01 03:53:00+00:00,69.8,69.81,69.8,69.81,3
2026-07-01 03:54:00+00:00,69.8,69.8,69.77,69.8,17
2026-07-01 03:55:00+00:00,69.79,69.79,69.78,69.78,2
2026-07-01 03:56:00+00:00,69.81,69.81,69.81,69.81,9
2026-07-01 03:57:00+00:00,69.81,69.81,69.81,69.81,2
2026-07-01 03:58:00+00:00,69.81,69.81,69.81,69.81,1
2026-07-01 03:59:00+00:00,69.81,69.83,69.81,69.82,12
2026-07-01 04:00:00+00:00,69.82,69.84,69.82,69.82,12
2026-07-01 04:01:00+00:00,69.83,69.83,69.83,69.83,1
2026-07-01 04:02:00+00:00,69.83,69.85,69.83,69.85,19
2026-07-01 04:02:00+00:00,69.62,69.62,69.62,69.62,1
2026-07-01 04:03:00+00:00,69.85,69.86,69.84,69.84,8
2026-07-01 04:04:00+00:00,69.85,69.85,69.82,69.84,13
2026-07-01 04:05:00+00:00,69.83,69.83,69.83,69.83,1
2026-07-01 04:08:00+00:00,69.64,69.64,69.64,69.64,4
2026-07-01 04:08:00+00:00,69.84,69.86,69.83,69.83,26
2026-07-01 04:08:00+00:00,0.21,0.21,0.21,0.21,2
2026-07-01 04:09:00+00:00,69.83,69.83,69.83,69.83,2
2026-07-01 04:10:00+00:00,69.82,69.82,69.81,69.81,6
2026-07-01 04:11:00+00:00,69.82,69.82,69.8,69.82,19
2026-07-01 04:12:00+00:00,69.81,69.82,69.79,69.79,6
2026-07-01 04:13:00+00:00,69.82,69.82,69.82,69.82,1
2026-07-01 04:14:00+00:00,69.8,69.8,69.8,69.8,2
2026-07-01 04:15:00+00:00,69.77,69.77,69.77,69.77,9
2026-07-01 04:16:00+00:00,69.76,69.77,69.75,69.77,19
2026-07-01 04:17:00+00:00,69.77,69.77,69.77,69.77,1
2026-07-01 04:18:00+00:00,69.77,69.77,69.75,69.76,32
2026-07-01 04:18:00+00:00,69.53,69.54,69.53,69.54,2
2026-07-01 04:19:00+00:00,69.77,69.77,69.76,69.76,4
2026-07-01 04:20:00+00:00,69.76,69.78,69.76,69.78,9
2026-07-01 04:21:00+00:00,69.54,69.54,69.54,69.54,1
2026-07-01 04:21:00+00:00,69.77,69.77,69.75,69.75,4
2026-07-01 04:22:00+00:00,69.76,69.77,69.76,69.77,5
2026-07-01 04:23:00+00:00,0.22,0.22,0.22,0.22,1
2026-07-01 04:23:00+00:00,69.75,69.75,69.74,69.74,22
2026-07-01 04:23:00+00:00,69.53,69.53,69.53,69.53,1
2026-07-01 04:24:00+00:00,69.74,69.76,69.74,69.76,20
2026-07-01 04:25:00+00:00,69.75,69.77,69.75,69.76,26
2026-07-01 04:26:00+00:00,69.74,69.75,69.74,69.75,15
2026-07-01 04:27:00+00:00,69.76,69.76,69.74,69.74,3
2026-07-01 04:28:00+00:00,69.75,69.77,69.75,69.77,14
2026-07-01 04:29:00+00:00,69.77,69.77,69.77,69.77,1
2026-07-01 04:30:00+00:00,69.77,69.78,69.72,69.74,45
2026-07-01 04:30:00+00:00,69.56,69.56,69.54,69.54,4
2026-07-01 04:31:00+00:00,69.75,69.76,69.75,69.75,12
2026-07-01 04:32:00+00:00,69.75,69.76,69.74,69.75,6
2026-07-01 04:33:00+00:00,69.75,69.75,69.75,69.75,2
2026-07-01 04:34:00+00:00,69.75,69.75,69.73,69.73,16
2026-07-01 04:34:00+00:00,69.23,69.23,69.23,69.23,1
2026-07-01 04:34:00+00:00,0.21,0.21,0.21,0.21,1
2026-07-01 04:34:00+00:00,69.52,69.52,69.51,69.51,3
2026-07-01 04:35:00+00:00,69.73,69.74,69.73,69.74,11
2026-07-01 04:36:00+00:00,69.53,69.53,69.53,69.53,1
2026-07-01 04:36:00+00:00,69.73,69.77,69.73,69.77,5
2026-07-01 04:37:00+00:00,69.76,69.76,69.76,69.76,1
2026-07-01 04:38:00+00:00,69.76,69.77,69.76,69.77,3
2026-07-01 04:39:00+00:00,69.77,69.77,69.75,69.76,16
2026-07-01 04:40:00+00:00,69.76,69.76,69.72,69.72,12
2026-07-01 04:40:00+00:00,0.22,0.22,0.22,0.22,1
2026-07-01 04:40:00+00:00,69.54,69.54,69.54,69.54,1
2026-07-01 04:41:00+00:00,69.72,69.75,69.72,69.73,33
2026-07-01 04:42:00+00:00,69.73,69.74,69.72,69.72,17
2026-07-01 04:43:00+00:00,69.71,69.73,69.71,69.73,30
2026-07-01 04:44:00+00:00,69.72,69.77,69.71,69.77,10
2026-07-01 04:45:00+00:00,69.76,69.76,69.75,69.76,14
2026-07-01 04:45:00+00:00,69.54,69.54,69.54,69.54,1
2026-07-01 04:46:00+00:00,69.75,69.75,69.75,69.75,1
2026-07-01 04:47:00+00:00,69.53,69.53,69.53,69.53,1
2026-07-01 04:47:00+00:00,69.75,69.75,69.73,69.74,5
2026-07-01 04:48:00+00:00,69.75,69.75,69.75,69.75,20
2026-07-01 04:49:00+00:00,69.73,69.73,69.7,69.7,24
2026-07-01 04:49:00+00:00,69.51,69.51,69.51,69.51,1
2026-07-01 04:50:00+00:00,69.47,69.47,69.47,69.47,1
2026-07-01 04:50:00+00:00,69.71,69.72,69.68,69.69,68
2026-07-01 04:51:00+00:00,69.7,69.71,69.68,69.71,38
2026-07-01 04:51:00+00:00,0.22,0.22,0.22,0.22,1
2026-07-01 04:51:00+00:00,69.48,69.48,69.48,69.48,2
2026-07-01 04:52:00+00:00,69.74,69.75,69.74,69.75,16
2026-07-01 04:53:00+00:00,69.75,69.76,69.74,69.75,11
2026-07-01 04:54:00+00:00,69.75,69.75,69.74,69.75,10
2026-07-01 04:55:00+00:00,69.76,69.76,69.74,69.74,14
2026-07-01 04:56:00+00:00,69.54,69.54,69.54,69.54,2
2026-07-01 04:56:00+00:00,69.74,69.77,69.74,69.77,34
2026-07-01 04:56:00+00:00,0.22,0.22,0.22,0.22,2
2026-07-01 04:57:00+00:00,69.74,69.74,69.73,69.73,6
2026-07-01 04:58:00+00:00,69.73,69.75,69.71,69.75,33
2026-07-01 04:59:00+00:00,69.73,69.73,69.73,69.73,2
2026-07-01 04:59:00+00:00,69.53,69.53,69.53,69.53,1
2026-07-01 05:00:00+00:00,69.73,69.75,69.72,69.72,17
2026-07-01 05:01:00+00:00,69.74,69.75,69.74,69.74,28
2026-07-01 05:02:00+00:00,69.74,69.74,69.73,69.74,12
2026-07-01 05:03:00+00:00,69.51,69.51,69.51,69.51,1
2026-07-01 05:03:00+00:00,69.75,69.75,69.74,69.74,9
2026-07-01 05:04:00+00:00,69.72,69.74,69.71,69.73,30
2026-07-01 05:04:00+00:00,69.5,69.5,69.5,69.5,3
2026-07-01 05:05:00+00:00,69.73,69.74,69.73,69.74,4
2026-07-01 05:06:00+00:00,69.74,69.74,69.73,69.73,3
2026-07-01 05:07:00+00:00,69.74,69.75,69.73,69.73,8
2026-07-01 05:08:00+00:00,69.74,69.74,69.74,69.74,2
2026-07-01 05:09:00+00:00,69.51,69.51,69.51,69.51,2
2026-07-01 05:09:00+00:00,0.22,0.22,0.22,0.22,1
2026-07-01 05:09:00+00:00,69.73,69.74,69.72,69.73,12
2026-07-01 05:10:00+00:00,69.72,69.73,69.72,69.73,2
2026-07-01 05:11:00+00:00,0.22,0.22,0.22,0.22,2
2026-07-01 05:11:00+00:00,69.72,69.78,69.72,69.76,33
2026-07-01 05:11:00+00:00,69.55,69.55,69.55,69.55,2
2026-07-01 05:12:00+00:00,0.22,0.22,0.22,0.22,1
2026-07-01 05:12:00+00:00,69.55,69.56,69.55,69.56,3
2026-07-01 05:12:00+00:00,69.76,69.77,69.76,69.76,7
2026-07-01 05:13:00+00:00,69.78,69.79,69.78,69.79,11
2026-07-01 05:14:00+00:00,69.77,69.77,69.76,69.76,4
2026-07-01 05:14:00+00:00,69.56,69.56,69.56,69.56,1
2026-07-01 05:15:00+00:00,0.21,0.21,0.21,0.21,1
2026-07-01 05:15:00+00:00,69.55,69.55,69.53,69.53,2
2026-07-01 05:15:00+00:00,69.77,69.78,69.75,69.77,44
2026-07-01 05:16:00+00:00,69.57,69.57,69.57,69.57,1
2026-07-01 05:16:00+00:00,69.78,69.78,69.76,69.77,206
2026-07-01 05:17:00+00:00,69.77,69.77,69.73,69.73,27
2026-07-01 05:17:00+00:00,69.54,69.54,69.53,69.53,3
2026-07-01 05:17:00+00:00,0.21,0.21,0.21,0.21,3
2026-07-01 05:18:00+00:00,69.76,69.77,69.76,69.76,6
2026-07-01 05:19:00+00:00,69.75,69.76,69.75,69.76,5
2026-07-01 05:20:00+00:00,69.76,69.77,69.76,69.77,10
2026-07-01 05:21:00+00:00,69.78,69.85,69.78,69.85,41
2026-07-01 05:21:00+00:00,0.31,0.31,0.31,0.31,3
2026-07-01 05:22:00+00:00,69.85,69.87,69.85,69.85,42
2026-07-01 05:23:00+00:00,69.87,69.87,69.84,69.84,13
2026-07-01 05:24:00+00:00,69.83,69.83,69.8,69.81,18
2026-07-01 05:25:00+00:00,69.8,69.81,69.8,69.81,14
2026-07-01 05:26:00+00:00,69.83,69.83,69.81,69.81,17
2026-07-01 05:27:00+00:00,69.57,69.57,69.57,69.57,1
2026-07-01 05:27:00+00:00,69.79,69.79,69.78,69.78,3
2026-07-01 05:28:00+00:00,69.78,69.78,69.76,69.78,9
2026-07-01 05:29:00+00:00,69.76,69.78,69.76,69.78,6
2026-07-01 05:30:00+00:00,69.76,69.77,69.72,69.74,30
2026-07-01 05:30:00+00:00,69.54,69.54,69.5,69.5,2
2026-07-01 05:31:00+00:00,69.74,69.75,69.73,69.75,25
2026-07-01 05:32:00+00:00,69.75,69.75,69.73,69.73,4
2026-07-01 05:33:00+00:00,69.73,69.77,69.73,69.76,20
2026-07-01 05:34:00+00:00,69.56,69.56,69.56,69.56,1
2026-07-01 05:34:00+00:00,69.79,69.79,69.75,69.75,12
2026-07-01 05:35:00+00:00,69.51,69.52,69.51,69.52,4
2026-07-01 05:35:00+00:00,0.21,0.21,0.21,0.21,1
2026-07-01 05:35:00+00:00,68.59,68.59,68.58,68.58,2
2026-07-01 05:35:00+00:00,69.77,69.77,69.7,69.71,27
2026-07-01 05:36:00+00:00,69.48,69.48,69.48,69.48,2
2026-07-01 05:36:00+00:00,69.72,69.73,69.68,69.72,56
2026-07-01 05:37:00+00:00,69.72,69.74,69.72,69.73,38
2026-07-01 05:37:00+00:00,0.22,0.22,0.22,0.22,1
2026-07-01 05:37:00+00:00,69.5,69.51,69.5,69.51,2
2026-07-01 05:38:00+00:00,69.73,69.75,69.72,69.75,27
2026-07-01 05:39:00+00:00,69.74,69.74,69.72,69.73,8
2026-07-01 05:40:00+00:00,69.72,69.72,69.65,69.68,227
2026-07-01 05:41:00+00:00,69.68,69.7,69.66,69.68,206
2026-07-01 05:41:00+00:00,69.46,69.46,69.46,69.46,1
2026-07-01 05:42:00+00:00,69.44,69.44,69.44,69.44,1
2026-07-01 05:42:00+00:00,69.68,69.69,69.63,69.67,96
2026-07-01 05:42:00+00:00,69.15,69.15,69.15,69.15,1
2026-07-01 05:43:00+00:00,69.47,69.47,69.47,69.47,4
2026-07-01 05:43:00+00:00,69.68,69.71,69.67,69.71,27
2026-07-01 05:44:00+00:00,69.7,69.72,69.69,69.72,19
2026-07-01 05:45:00+00:00,69.71,69.72,69.7,69.71,17
2026-07-01 05:46:00+00:00,0.22,0.22,0.22,0.22,2
2026-07-01 05:46:00+00:00,69.71,69.71,69.69,69.7,15
2026-07-01 05:46:00+00:00,69.48,69.48,69.48,69.48,2
2026-07-01 05:47:00+00:00,69.69,69.69,69.68,69.68,6
2026-07-01 05:48:00+00:00,0.52,0.52,0.52,0.52,1
2026-07-01 05:48:00+00:00,69.71,69.75,69.69,69.75,369
2026-07-01 05:48:00+00:00,69.2,69.2,69.2,69.2,1
2026-07-01 05:48:00+00:00,0.23,0.23,0.23,0.23,5
2026-07-01 05:48:00+00:00,69.48,69.49,69.48,69.49,12
2026-07-01 05:49:00+00:00,69.75,69.76,69.74,69.75,14
2026-07-01 05:49:00+00:00,69.52,69.54,69.52,69.53,12
2026-07-01 05:50:00+00:00,69.5,69.5,69.5,69.5,1
2026-07-01 05:50:00+00:00,69.75,69.75,69.71,69.71,8
2026-07-01 05:51:00+00:00,69.49,69.49,69.44,69.44,24
2026-07-01 05:51:00+00:00,69.71,69.71,69.65,69.67,38
2026-07-01 05:52:00+00:00,69.44,69.44,69.44,69.44,2
2026-07-01 05:52:00+00:00,69.68,69.68,69.64,69.64,35
2026-07-01 05:53:00+00:00,69.41,69.41,69.38,69.38,4
2026-07-01 05:53:00+00:00,68.49,68.49,68.49,68.49,1
2026-07-01 05:53:00+00:00,69.65,69.65,69.58,69.62,126
2026-07-01 05:54:00+00:00,69.6,69.64,69.6,69.63,18
2026-07-01 05:54:00+00:00,69.39,69.39,69.38,69.38,3
2026-07-01 05:55:00+00:00,69.63,69.63,69.6,69.62,15
2026-07-01 05:56:00+00:00,69.63,69.63,69.62,69.63,7
2026-07-01 05:57:00+00:00,69.63,69.63,69.6,69.61,18
2026-07-01 05:57:00+00:00,69.4,69.4,69.4,69.4,1
2026-07-01 05:58:00+00:00,69.59,69.59,69.58,69.58,14
2026-07-01 05:59:00+00:00,69.38,69.38,69.38,69.38,1
2026-07-01 05:59:00+00:00,69.57,69.61,69.57,69.6,31
2026-07-01 05:59:00+00:00,0.21,0.21,0.21,0.21,1
2026-07-01 06:00:00+00:00,69.08,69.08,69.08,69.08,1
2026-07-01 06:00:00+00:00,69.35,69.38,69.34,69.38,6
2026-07-01 06:00:00+00:00,0.28,0.28,0.28,0.28,1
2026-07-01 06:00:00+00:00,69.59,69.6,69.55,69.58,42
2026-07-01 06:01:00+00:00,69.58,69.66,69.58,69.65,47
2026-07-01 06:01:00+00:00,0.21,0.21,0.21,0.21,1
2026-07-01 06:01:00+00:00,69.4,69.44,69.4,69.44,3
2026-07-01 06:02:00+00:00,0.22,0.22,0.22,0.22,6
2026-07-01 06:02:00+00:00,69.45,69.47,69.45,69.45,11
2026-07-01 06:02:00+00:00,69.66,69.69,69.65,69.67,47
2026-07-01 06:03:00+00:00,0.21,0.21,0.21,0.21,5
2026-07-01 06:03:00+00:00,69.43,69.45,69.39,69.39,8
2026-07-01 06:03:00+00:00,69.68,69.68,69.59,69.62,73
2026-07-01 06:04:00+00:00,69.4,69.4,69.39,69.39,5
2026-07-01 06:04:00+00:00,69.62,69.62,69.6,69.61,13
2026-07-01 06:05:00+00:00,69.62,69.63,69.59,69.59,34
2026-07-01 06:06:00+00:00,69.59,69.59,69.56,69.58,4
2026-07-01 06:06:00+00:00,69.37,69.37,69.35,69.35,2
2026-07-01 06:07:00+00:00,69.36,69.36,69.36,69.36,1
2026-07-01 06:07:00+00:00,69.58,69.64,69.58,69.64,20
2026-07-01 06:08:00+00:00,69.64,69.66,69.63,69.65,19
2026-07-01 06:09:00+00:00,0.21,0.21,0.21,0.21,1
2026-07-01 06:09:00+00:00,69.44,69.44,69.43,69.43,2
2026-07-01 06:09:00+00:00,69.65,69.67,69.64,69.67,31
2026-07-01 06:10:00+00:00,69.65,69.65,69.6,69.6,14
2026-07-01 06:10:00+00:00,69.42,69.42,69.42,69.42,1
2026-07-01 06:11:00+00:00,69.38,69.38,69.38,69.38,1
2026-07-01 06:11:00+00:00,69.61,69.61,69.58,69.6,22
2026-07-01 06:12:00+00:00,0.21,0.21,0.21,0.21,1
2026-07-01 06:12:00+00:00,69.59,69.59,69.56,69.58,31
2026-07-01 06:12:00+00:00,69.36,69.36,69.36,69.36,1
2026-07-01 06:13:00+00:00,69.59,69.6,69.58,69.58,11
2026-07-01 06:14:00+00:00,69.57,69.6,69.56,69.6,50
2026-07-01 06:14:00+00:00,69.35,69.38,69.35,69.38,4
2026-07-01 06:14:00+00:00,0.21,0.22,0.21,0.22,4
2026-07-01 06:15:00+00:00,69.09,69.09,69.09,69.09,1
2026-07-01 06:15:00+00:00,68.42,68.42,68.42,68.42,1
2026-07-01 06:15:00+00:00,69.61,69.61,69.54,69.55,59
2026-07-01 06:16:00+00:00,69.55,69.56,69.52,69.52,53
2026-07-01 06:16:00+00:00,0.22,0.22,0.22,0.22,1
2026-07-01 06:16:00+00:00,69.33,69.33,69.3,69.3,3
2026-07-01 06:17:00+00:00,0.22,0.22,0.22,0.22,3
2026-07-01 06:17:00+00:00,69.31,69.38,69.3,69.38,6
2026-07-01 06:17:00+00:00,69.51,69.61,69.51,69.59,77
2026-07-01 06:18:00+00:00,69.6,69.61,69.59,69.59,32
2026-07-01 06:19:00+00:00,69.39,69.39,69.39,69.39,4
2026-07-01 06:19:00+00:00,69.59,69.61,69.59,69.6,11
2026-07-01 06:20:00+00:00,69.31,69.34,69.31,69.34,3
2026-07-01 06:20:00+00:00,69.58,69.58,69.53,69.58,49
2026-07-01 06:21:00+00:00,69.55,69.57,69.53,69.55,29
2026-07-01 06:22:00+00:00,69.58,69.59,69.55,69.55,11
2026-07-01 06:23:00+00:00,69.55,69.57,69.54,69.55,12
2026-07-01 06:24:00+00:00,69.34,69.34,69.34,69.34,1
2026-07-01 06:24:00+00:00,0.22,0.22,0.22,0.22,1
2026-07-01 06:24:00+00:00,69.55,69.56,69.54,69.54,17
2026-07-01 06:25:00+00:00,69.56,69.58,69.54,69.58,24
2026-07-01 06:26:00+00:00,69.03,69.03,69.03,69.03,1
2026-07-01 06:26:00+00:00,69.58,69.59,69.52,69.52,17
2026-07-01 06:26:00+00:00,69.3,69.31,69.3,69.31,2
2026-07-01 06:27:00+00:00,0.22,0.22,0.21,0.21,3
2026-07-01 06:27:00+00:00,68.39,68.39,68.37,68.37,3
2026-07-01 06:27:00+00:00,69.03,69.03,69.0,69.0,2
2026-07-01 06:27:00+00:00,0.89,0.89,0.89,0.89,2
2026-07-01 06:27:00+00:00,69.28,69.28,69.25,69.25,13
2026-07-01 06:27:00+00:00,69.53,69.53,69.45,69.46,163
2026-07-01 06:28:00+00:00,69.47,69.51,69.47,69.51,36
2026-07-01 06:29:00+00:00,69.51,69.53,69.5,69.52,22
2026-07-01 06:30:00+00:00,69.33,69.33,69.31,69.31,2
2026-07-01 06:30:00+00:00,69.52,69.55,69.51,69.54,35
2026-07-01 06:31:00+00:00,69.34,69.34,69.34,69.34,1
2026-07-01 06:31:00+00:00,69.55,69.56,69.52,69.55,32
2026-07-01 06:32:00+00:00,69.56,69.57,69.52,69.52,48
2026-07-01 06:32:00+00:00,69.34,69.35,69.31,69.31,4
2026-07-01 06:33:00+00:00,69.52,69.53,69.47,69.47,25
2026-07-01 06:33:00+00:00,69.28,69.29,69.28,69.29,2
2026-07-01 06:34:00+00:00,69.46,69.49,69.42,69.49,68
2026-07-01 06:34:00+00:00,0.21,0.21,0.2,0.2,7
2026-07-01 06:34:00+00:00,69.25,69.25,69.23,69.23,7
2026-07-01 06:35:00+00:00,69.3,69.3,69.3,69.3,3
2026-07-01 06:35:00+00:00,69.49,69.53,69.48,69.51,55
2026-07-01 06:35:00+00:00,0.22,0.22,0.22,0.22,2
2026-07-01 06:36:00+00:00,69.49,69.49,69.47,69.48,29
2026-07-01 06:37:00+00:00,69.28,69.28,69.25,69.25,5
2026-07-01 06:37:00+00:00,69.49,69.49,69.44,69.45,25
2026-07-01 06:38:00+00:00,69.24,69.26,69.24,69.26,2
2026-07-01 06:38:00+00:00,69.45,69.47,69.44,69.47,24
2026-07-01 06:39:00+00:00,69.48,69.48,69.46,69.47,15
2026-07-01 06:39:00+00:00,69.27,69.27,69.25,69.25,4
2026-07-01 06:40:00+00:00,0.21,0.21,0.21,0.21,1
2026-07-01 06:40:00+00:00,69.47,69.51,69.47,69.49,28
2026-07-01 06:40:00+00:00,69.27,69.27,69.26,69.27,3
2026-07-01 06:41:00+00:00,69.28,69.37,69.28,69.37,4
2026-07-01 06:41:00+00:00,69.5,69.59,69.5,69.58,75
2026-07-01 06:41:00+00:00,0.22,0.22,0.22,0.22,1
2026-07-01 06:42:00+00:00,69.14,69.14,69.14,69.14,1
2026-07-01 06:42:00+00:00,69.56,69.64,69.56,69.62,53
2026-07-01 06:43:00+00:00,69.62,69.65,69.6,69.62,26
2026-07-01 06:44:00+00:00,0.22,0.22,0.22,0.22,1
2026-07-01 06:44:00+00:00,69.4,69.4,69.37,69.37,2
2026-07-01 06:44:00+00:00,69.62,69.64,69.56,69.58,77
2026-07-01 06:45:00+00:00,69.58,69.61,69.57,69.61,24
2026-07-01 06:46:00+00:00,69.59,69.59,69.5,69.5,27
2026-07-01 06:46:00+00:00,69.36,69.36,69.34,69.34,2
2026-07-01 06:47:00+00:00,69.28,69.28,69.27,69.27,2
2026-07-01 06:47:00+00:00,69.49,69.5,69.43,69.5,38
2026-07-01 06:48:00+00:00,69.32,69.32,69.29,69.29,6
2026-07-01 06:48:00+00:00,69.52,69.53,69.48,69.48,27
2026-07-01 06:49:00+00:00,69.28,69.28,69.28,69.28,1
2026-07-01 06:49:00+00:00,69.47,69.49,69.46,69.48,8
2026-07-01 06:50:00+00:00,0.21,0.21,0.21,0.21,5
2026-07-01 06:50:00+00:00,69.27,69.27,69.24,69.27,12
2026-07-01 06:50:00+00:00,69.47,69.49,69.45,69.45,129
2026-07-01 06:50:00+00:00,67.69,67.69,67.69,67.69,1
2026-07-01 06:51:00+00:00,69.26,69.27,69.26,69.27,10
2026-07-01 06:51:00+00:00,69.47,69.49,69.47,69.49,25
2026-07-01 06:52:00+00:00,0.21,0.21,0.21,0.21,3
2026-07-01 06:52:00+00:00,69.51,69.53,69.49,69.51,39
2026-07-01 06:52:00+00:00,69.32,69.32,69.29,69.3,9
2026-07-01 06:53:00+00:00,69.29,69.29,69.29,69.29,1
2026-07-01 06:53:00+00:00,69.51,69.51,69.47,69.47,14
2026-07-01 06:54:00+00:00,69.27,69.27,69.27,69.27,2
2026-07-01 06:54:00+00:00,69.48,69.51,69.46,69.51,6
2026-07-01 06:55:00+00:00,69.51,69.53,69.51,69.51,16
2026-07-01 06:56:00+00:00,69.53,69.55,69.53,69.54,19
2026-07-01 06:56:00+00:00,69.33,69.33,69.33,69.33,1
2026-07-01 06:57:00+00:00,69.54,69.58,69.53,69.58,34
2026-07-01 06:58:00+00:00,69.39,69.39,69.38,69.39,5
2026-07-01 06:58:00+00:00,0.2,0.2,0.2,0.2,3
2026-07-01 06:58:00+00:00,69.59,69.6,69.57,69.58,44
2026-07-01 06:59:00+00:00,69.57,69.59,69.54,69.59,24
2026-07-01 06:59:00+00:00,69.38,69.39,69.38,69.39,3
2026-07-01 07:00:00+00:00,0.19,0.19,0.19,0.19,1
2026-07-01 07:00:00+00:00,69.34,69.34,69.34,69.34,1
2026-07-01 07:00:00+00:00,69.6,69.61,69.53,69.53,38
2026-07-01 07:01:00+00:00,0.19,0.19,0.19,0.19,1
2026-07-01 07:01:00+00:00,69.54,69.55,69.48,69.48,47
2026-07-01 07:01:00+00:00,0.26,0.26,0.26,0.26,3
2026-07-01 07:01:00+00:00,69.06,69.07,69.06,69.07,4
2026-07-01 07:01:00+00:00,69.35,69.36,69.32,69.33,7
2026-07-01 07:02:00+00:00,69.34,69.34,69.34,69.34,1
2026-07-01 07:02:00+00:00,69.47,69.55,69.44,69.53,40
2026-07-01 07:03:00+00:00,69.35,69.4,69.35,69.38,8
2026-07-01 07:03:00+00:00,69.54,69.6,69.54,69.57,102
2026-07-01 07:03:00+00:00,0.19,0.19,0.19,0.19,4
2026-07-01 07:04:00+00:00,0.19,0.19,0.19,0.19,1
2026-07-01 07:04:00+00:00,0.26,0.26,0.26,0.26,1
2026-07-01 07:04:00+00:00,69.11,69.11,69.11,69.11,1
2026-07-01 07:04:00+00:00,69.37,69.38,69.35,69.35,4
2026-07-01 07:04:00+00:00,69.58,69.59,69.54,69.54,26
2026-07-01 07:05:00+00:00,69.03,69.03,69.03,69.03,1
2026-07-01 07:05:00+00:00,69.52,69.52,69.46,69.48,59
2026-07-01 07:06:00+00:00,69.45,69.5,69.44,69.49,38
2026-07-01 07:07:00+00:00,69.25,69.25,69.24,69.24,2
2026-07-01 07:07:00+00:00,69.5,69.5,69.42,69.44,47
2026-07-01 07:08:00+00:00,69.46,69.47,69.41,69.47,58
2026-07-01 07:08:00+00:00,69.27,69.27,69.23,69.25,8
2026-07-01 07:08:00+00:00,0.2,0.2,0.2,0.2,1
2026-07-01 07:09:00+00:00,69.26,69.26,69.26,69.26,1
2026-07-01 07:09:00+00:00,69.47,69.49,69.45,69.45,10
2026-07-01 07:10:00+00:00,69.47,69.56,69.47,69.56,60
2026-07-01 07:11:00+00:00,0.2,0.2,0.2,0.2,2
2026-07-01 07:11:00+00:00,69.56,69.6,69.53,69.6,35
2026-07-01 07:11:00+00:00,69.36,69.36,69.36,69.36,2
2026-07-01 07:12:00+00:00,69.6,69.62,69.56,69.56,51
2026-07-01 07:13:00+00:00,0.19,0.19,0.19,0.19,1
2026-07-01 07:13:00+00:00,69.46,69.46,69.44,69.44,4
2026-07-01 07:13:00+00:00,69.57,69.68,69.57,69.66,74
2026-07-01 07:14:00+00:00,69.68,69.73,69.68,69.68,77
2026-07-01 07:14:00+00:00,69.51,69.51,69.49,69.49,4
2026-07-01 07:15:00+00:00,0.21,0.21,0.21,0.21,1
2026-07-01 07:15:00+00:00,69.71,69.72,69.65,69.69,47
2026-07-01 07:15:00+00:00,69.5,69.5,69.49,69.49,2
2026-07-01 07:16:00+00:00,69.69,69.7,69.64,69.7,24
2026-07-01 07:16:00+00:00,69.47,69.47,69.46,69.46,2
2026-07-01 07:16:00+00:00,0.29,0.29,0.29,0.29,3
2026-07-01 07:16:00+00:00,0.21,0.21,0.21,0.21,1
2026-07-01 07:17:00+00:00,0.21,0.21,0.21,0.21,1
2026-07-01 07:17:00+00:00,69.69,69.69,69.6,69.6,27
2026-07-01 07:17:00+00:00,69.44,69.44,69.44,69.44,1
2026-07-01 07:18:00+00:00,69.6,69.6,69.56,69.58,25
2026-07-01 07:18:00+00:00,69.38,69.38,69.38,69.38,1
2026-07-01 07:19:00+00:00,69.59,69.61,69.53,69.53,35
2026-07-01 07:19:00+00:00,0.9,0.9,0.9,0.9,1
2026-07-01 07:19:00+00:00,69.38,69.38,69.34,69.34,2
2026-07-01 07:20:00+00:00,0.21,0.21,0.21,0.21,1
2026-07-01 07:20:00+00:00,69.53,69.6,69.52,69.6,40
2026-07-01 07:20:00+00:00,69.38,69.38,69.38,69.38,1
2026-07-01 07:21:00+00:00,69.03,69.03,69.03,69.03,1
2026-07-01 07:21:00+00:00,69.32,69.32,69.32,69.32,1
2026-07-01 07:21:00+00:00,69.59,69.59,69.51,69.51,26
2026-07-01 07:21:00+00:00,0.29,0.29,0.29,0.29,1
2026-07-01 07:22:00+00:00,69.5,69.53,69.49,69.49,38
2026-07-01 07:23:00+00:00,69.49,69.51,69.41,69.41,95
2026-07-01 07:23:00+00:00,0.21,0.21,0.21,0.21,1
2026-07-01 07:23:00+00:00,69.28,69.28,69.24,69.24,3
2026-07-01 07:24:00+00:00,0.2,0.2,0.2,0.2,2
2026-07-01 07:24:00+00:00,69.23,69.23,69.23,69.23,4
2026-07-01 07:24:00+00:00,69.43,69.45,69.41,69.42,45
2026-07-01 07:25:00+00:00,68.91,68.91,68.9,68.9,2
2026-07-01 07:25:00+00:00,0.28,0.28,0.28,0.28,1
2026-07-01 07:25:00+00:00,0.19,0.19,0.19,0.19,6
2026-07-01 07:25:00+00:00,69.21,69.21,69.17,69.19,11
2026-07-01 07:25:00+00:00,69.43,69.43,69.36,69.38,149
2026-07-01 07:25:00+00:00,68.33,68.33,68.32,68.32,2
2026-07-01 07:25:00+00:00,0.46,0.46,0.46,0.46,1
2026-07-01 07:26:00+00:00,69.15,69.15,69.14,69.14,3
2026-07-01 07:26:00+00:00,69.37,69.41,69.33,69.4,114
2026-07-01 07:26:00+00:00,68.3,68.3,68.3,68.3,1
2026-07-01 07:26:00+00:00,0.85,0.85,0.85,0.85,1
2026-07-01 07:27:00+00:00,69.4,69.4,69.37,69.37,20
2026-07-01 07:27:00+00:00,69.2,69.2,69.2,69.2,1
2026-07-01 07:28:00+00:00,69.36,69.39,69.36,69.39,16
2026-07-01 07:29:00+00:00,0.19,0.19,0.19,0.19,2
2026-07-01 07:29:00+00:00,69.22,69.22,69.2,69.21,3
2026-07-01 07:29:00+00:00,69.38,69.43,69.38,69.39,76
2026-07-01 07:30:00+00:00,69.39,69.39,69.34,69.39,61
2026-07-01 07:30:00+00:00,69.19,69.19,69.19,69.19,1
2026-07-01 07:31:00+00:00,69.24,69.24,69.24,69.24,1
2026-07-01 07:31:00+00:00,68.94,68.94,68.94,68.94,1
2026-07-01 07:31:00+00:00,69.38,69.42,69.38,69.42,27
2026-07-01 07:32:00+00:00,69.42,69.48,69.42,69.48,24
2026-07-01 07:33:00+00:00,69.48,69.48,69.44,69.48,17
2026-07-01 07:34:00+00:00,69.46,69.48,69.46,69.48,15
2026-07-01 07:35:00+00:00,69.46,69.53,69.46,69.49,33
2026-07-01 07:35:00+00:00,0.21,0.21,0.21,0.21,1
2026-07-01 07:35:00+00:00,69.27,69.29,69.27,69.27,6
2026-07-01 07:36:00+00:00,69.49,69.49,69.44,69.45,5
2026-07-01 07:37:00+00:00,69.28,69.28,69.28,69.28,2
2026-07-01 07:37:00+00:00,69.44,69.5,69.44,69.5,14
2026-07-01 07:38:00+00:00,69.48,69.49,69.45,69.45,18
2026-07-01 07:39:00+00:00,68.9,68.9,68.9,68.9,1
2026-07-01 07:39:00+00:00,0.19,0.19,0.18,0.19,4
2026-07-01 07:39:00+00:00,68.29,68.29,68.29,68.29,1
2026-07-01 07:39:00+00:00,0.86,0.86,0.86,0.86,1
2026-07-01 07:39:00+00:00,68.6,68.6,68.58,68.58,3
2026-07-01 07:39:00+00:00,69.22,69.22,69.15,69.15,8
2026-07-01 07:39:00+00:00,69.44,69.45,69.33,69.35,104
2026-07-01 07:40:00+00:00,69.17,69.17,69.12,69.12,3
2026-07-01 07:40:00+00:00,69.36,69.37,69.28,69.28,107
2026-07-01 07:40:00+00:00,0.85,0.85,0.85,0.85,1
2026-07-01 07:40:00+00:00,68.27,68.27,68.27,68.27,1
2026-07-01 07:41:00+00:00,0.17,0.17,0.17,0.17,12
2026-07-01 07:41:00+00:00,68.25,68.25,68.17,68.17,5
2026-07-01 07:41:00+00:00,69.1,69.1,69.01,69.02,22
2026-07-01 07:41:00+00:00,69.27,69.3,69.17,69.21,353
2026-07-01 07:41:00+00:00,0.83,0.83,0.83,0.83,1
2026-07-01 07:42:00+00:00,69.05,69.09,69.05,69.09,3
2026-07-01 07:42:00+00:00,68.82,68.82,68.82,68.82,1
2026-07-01 07:42:00+00:00,69.22,69.34,69.21,69.33,121
2026-07-01 07:43:00+00:00,0.19,0.19,0.19,0.19,1
2026-07-01 07:43:00+00:00,69.33,69.4,69.33,69.4,56
2026-07-01 07:43:00+00:00,69.2,69.2,69.2,69.2,2
2026-07-01 07:44:00+00:00,68.93,68.93,68.92,68.92,2
2026-07-01 07:44:00+00:00,69.2,69.21,69.2,69.21,3
2026-07-01 07:44:00+00:00,69.39,69.42,69.37,69.41,69
2026-07-01 07:44:00+00:00,0.28,0.28,0.28,0.28,1
2026-07-01 07:45:00+00:00,69.39,69.4,69.37,69.37,35
2026-07-01 07:46:00+00:00,69.18,69.18,69.18,69.18,2
2026-07-01 07:46:00+00:00,69.37,69.42,69.37,69.42,21
2026-07-01 07:47:00+00:00,69.25,69.27,69.25,69.27,3
2026-07-01 07:47:00+00:00,68.37,68.39,68.37,68.39,2
2026-07-01 07:47:00+00:00,69.43,69.46,69.41,69.45,42
2026-07-01 07:48:00+00:00,69.45,69.47,69.44,69.47,36
2026-07-01 07:48:00+00:00,69.28,69.28,69.28,69.28,1
2026-07-01 07:49:00+00:00,69.48,69.48,69.43,69.45,21
2026-07-01 07:50:00+00:00,69.42,69.42,69.32,69.36,68
2026-07-01 07:50:00+00:00,69.23,69.23,69.16,69.16,4
2026-07-01 07:50:00+00:00,0.17,0.17,0.17,0.17,3
2026-07-01 07:51:00+00:00,69.36,69.38,69.35,69.35,18
2026-07-01 07:52:00+00:00,0.17,0.17,0.17,0.17,1
2026-07-01 07:52:00+00:00,69.17,69.17,69.16,69.16,6
2026-07-01 07:52:00+00:00,69.35,69.36,69.33,69.34,38
2026-07-01 07:53:00+00:00,0.17,0.17,0.17,0.17,4
2026-07-01 07:53:00+00:00,69.16,69.16,69.16,69.16,4
2026-07-01 07:53:00+00:00,69.34,69.4,69.32,69.39,35
2026-07-01 07:54:00+00:00,69.39,69.41,69.37,69.38,21
2026-07-01 07:55:00+00:00,0.19,0.19,0.19,0.19,4
2026-07-01 07:55:00+00:00,69.37,69.37,69.33,69.33,48
2026-07-01 07:55:00+00:00,69.15,69.17,69.15,69.17,9
2026-07-01 07:56:00+00:00,0.18,0.18,0.18,0.18,1
2026-07-01 07:56:00+00:00,69.19,69.2,69.19,69.2,3
2026-07-01 07:56:00+00:00,69.36,69.39,69.35,69.37,14
2026-07-01 07:57:00+00:00,69.38,69.4,69.38,69.39,7
2026-07-01 07:57:00+00:00,69.19,69.19,69.19,69.19,1
2026-07-01 07:58:00+00:00,69.39,69.39,69.29,69.33,72
2026-07-01 07:58:00+00:00,0.18,0.19,0.17,0.19,3
2026-07-01 07:58:00+00:00,69.2,69.2,69.15,69.15,8
2026-07-01 07:59:00+00:00,69.35,69.38,69.35,69.35,24
2026-07-01 08:00:00+00:00,69.37,69.41,69.33,69.33,97
2026-07-01 08:01:00+00:00,69.15,69.17,69.15,69.17,4
2026-07-01 08:01:00+00:00,69.34,69.38,69.34,69.35,27
2026-07-01 08:01:00+00:00,0.18,0.18,0.18,0.18,2
2026-07-01 08:02:00+00:00,69.19,69.19,69.19,69.19,1
2026-07-01 08:02:00+00:00,69.36,69.38,69.35,69.38,9
2026-07-01 08:03:00+00:00,69.36,69.38,69.36,69.37,19
2026-07-01 08:04:00+00:00,0.19,0.19,0.19,0.19,5
2026-07-01 08:04:00+00:00,69.19,69.21,69.19,69.21,6
2026-07-01 08:04:00+00:00,69.38,69.43,69.37,69.43,61
2026-07-01 08:05:00+00:00,69.24,69.24,69.21,69.21,6
2026-07-01 08:05:00+00:00,0.18,0.19,0.18,0.19,5
2026-07-01 08:05:00+00:00,69.44,69.45,69.37,69.4,47
2026-07-01 08:06:00+00:00,69.22,69.22,69.22,69.22,1
2026-07-01 08:06:00+00:00,69.42,69.44,69.4,69.42,15
2026-07-01 08:07:00+00:00,69.41,69.43,69.34,69.34,17
2026-07-01 08:08:00+00:00,68.54,68.54,68.54,68.54,1
2026-07-01 08:08:00+00:00,68.85,68.85,68.83,68.83,2
2026-07-01 08:08:00+00:00,69.33,69.34,69.19,69.21,168
2026-07-01 08:08:00+00:00,0.29,0.29,0.29,0.29,1
2026-07-01 08:08:00+00:00,0.18,0.18,0.17,0.17,4
2026-07-01 08:08:00+00:00,69.14,69.14,69.04,69.04,10
2026-07-01 08:09:00+00:00,69.22,69.29,69.22,69.27,56
2026-07-01 08:09:00+00:00,0.17,0.17,0.17,0.17,3
2026-07-01 08:09:00+00:00,69.06,69.09,69.06,69.09,3
2026-07-01 08:10:00+00:00,69.29,69.32,69.25,69.31,58
2026-07-01 08:10:00+00:00,69.13,69.13,69.13,69.13,1
2026-07-01 08:11:00+00:00,69.3,69.3,69.29,69.29,20
2026-07-01 08:12:00+00:00,0.69,0.69,0.69,0.69,1
2026-07-01 08:12:00+00:00,0.18,0.18,0.16,0.16,2
2026-07-01 08:12:00+00:00,69.14,69.18,69.14,69.18,4
2026-07-01 08:12:00+00:00,69.29,69.36,69.29,69.35,64
2026-07-01 08:13:00+00:00,0.17,0.17,0.17,0.17,1
2026-07-01 08:13:00+00:00,69.33,69.35,69.27,69.29,37
2026-07-01 08:13:00+00:00,69.17,69.17,69.11,69.12,3
2026-07-01 08:14:00+00:00,69.18,69.18,69.18,69.18,1
2026-07-01 08:14:00+00:00,69.29,69.37,69.29,69.31,43
2026-07-01 08:15:00+00:00,69.31,69.34,69.28,69.34,32
2026-07-01 08:15:00+00:00,0.16,0.16,0.15,0.15,4
2026-07-01 08:15:00+00:00,69.15,69.16,69.15,69.16,3
2026-07-01 08:16:00+00:00,69.33,69.33,69.26,69.26,18
2026-07-01 08:17:00+00:00,69.08,69.08,69.0,69.01,16
2026-07-01 08:17:00+00:00,69.27,69.27,69.15,69.18,99
2026-07-01 08:17:00+00:00,68.84,68.84,68.84,68.84,1
2026-07-01 08:17:00+00:00,0.26,0.26,0.26,0.26,5
2026-07-01 08:17:00+00:00,0.15,0.15,0.15,0.15,7
2026-07-01 08:18:00+00:00,69.03,69.05,69.0,69.02,17
2026-07-01 08:18:00+00:00,69.17,69.22,69.15,69.15,85
2026-07-01 08:18:00+00:00,0.78,0.78,0.78,0.78,1
2026-07-01 08:19:00+00:00,68.99,68.99,68.93,68.96,18
2026-07-01 08:19:00+00:00,0.75,0.75,0.75,0.75,1
2026-07-01 08:19:00+00:00,68.19,68.19,68.17,68.17,2
2026-07-01 08:19:00+00:00,0.13,0.14,0.13,0.14,2
2026-07-01 08:19:00+00:00,69.15,69.16,69.06,69.11,170
2026-07-01 08:20:00+00:00,68.7,68.72,68.68,68.72,3
2026-07-01 08:20:00+00:00,68.94,68.97,68.91,68.93,15
2026-07-01 08:20:00+00:00,69.11,69.12,69.04,69.08,99
2026-07-01 08:20:00+00:00,0.14,0.14,0.13,0.13,2
2026-07-01 08:21:00+00:00,0.14,0.14,0.14,0.14,3
2026-07-01 08:21:00+00:00,69.08,69.11,69.04,69.07,65
2026-07-01 08:21:00+00:00,68.94,68.95,68.92,68.92,8
2026-07-01 08:22:00+00:00,0.14,0.14,0.14,0.14,1
2026-07-01 08:22:00+00:00,69.11,69.14,69.06,69.06,31
2026-07-01 08:22:00+00:00,68.98,68.98,68.93,68.93,4
2026-07-01 08:23:00+00:00,68.9,68.9,68.88,68.88,7
2026-07-01 08:23:00+00:00,0.13,0.13,0.13,0.13,2
2026-07-01 08:23:00+00:00,69.06,69.07,69.0,69.01,127
2026-07-01 08:24:00+00:00,69.02,69.05,69.01,69.02,43
2026-07-01 08:25:00+00:00,68.61,68.61,68.61,68.61,11
2026-07-01 08:25:00+00:00,68.12,68.12,68.07,68.07,3
2026-07-01 08:25:00+00:00,69.02,69.02,68.92,68.97,253
2026-07-01 08:25:00+00:00,0.74,0.76,0.74,0.76,2
2026-07-01 08:25:00+00:00,68.88,68.88,68.82,68.84,13
2026-07-01 08:25:00+00:00,0.35,0.35,0.34,0.34,2
2026-07-01 08:26:00+00:00,68.84,68.86,68.84,68.85,13
2026-07-01 08:26:00+00:00,0.13,0.13,0.13,0.13,1
2026-07-01 08:26:00+00:00,68.98,69.0,68.95,68.97,66
2026-07-01 08:26:00+00:00,68.64,68.64,68.63,68.63,4
2026-07-01 08:27:00+00:00,0.14,0.14,0.14,0.14,8
2026-07-01 08:27:00+00:00,68.86,68.86,68.86,68.86,2
2026-07-01 08:27:00+00:00,68.14,68.14,68.14,68.14,1
2026-07-01 08:27:00+00:00,68.97,69.02,68.97,68.99,50
2026-07-01 08:27:00+00:00,0.72,0.72,0.72,0.72,1
2026-07-01 08:28:00+00:00,0.14,0.14,0.14,0.14,1
2026-07-01 08:28:00+00:00,68.82,68.86,68.82,68.86,5
2026-07-01 08:28:00+00:00,68.07,68.07,68.07,68.07,1
2026-07-01 08:28:00+00:00,68.99,69.03,68.95,69.01,77
2026-07-01 08:29:00+00:00,68.02,68.02,68.02,68.02,1
2026-07-01 08:29:00+00:00,68.79,68.85,68.78,68.81,14
2026-07-01 08:29:00+00:00,68.3,68.3,68.3,68.3,4
2026-07-01 08:29:00+00:00,69.02,69.02,68.92,68.95,189
2026-07-01 08:29:00+00:00,67.77,67.77,67.77,67.77,1
2026-07-01 08:30:00+00:00,0.24,0.24,0.24,0.24,1
2026-07-01 08:30:00+00:00,0.14,0.14,0.14,0.14,3
2026-07-01 08:30:00+00:00,68.34,68.34,68.34,68.34,1
2026-07-01 08:30:00+00:00,0.22,0.22,0.22,0.22,3
2026-07-01 08:30:00+00:00,68.93,69.01,68.86,68.87,239
2026-07-01 08:30:00+00:00,68.61,68.63,68.57,68.58,5
2026-07-01 08:30:00+00:00,67.41,67.41,67.41,67.41,1
2026-07-01 08:30:00+00:00,68.82,68.85,68.74,68.74,19
2026-07-01 08:30:00+00:00,68.0,68.0,68.0,68.0,1
2026-07-01 08:31:00+00:00,0.22,0.22,0.22,0.22,1
2026-07-01 08:31:00+00:00,68.74,68.74,68.57,68.57,42
2026-07-01 08:31:00+00:00,67.67,67.67,67.67,67.67,6
2026-07-01 08:31:00+00:00,67.97,67.97,67.92,67.92,2
2026-07-01 08:31:00+00:00,0.22,0.22,0.21,0.22,5
2026-07-01 08:31:00+00:00,0.71,0.71,0.7,0.7,2
2026-07-01 08:31:00+00:00,68.5,68.51,68.4,68.44,15
2026-07-01 08:31:00+00:00,0.37,0.37,0.37,0.37,1
2026-07-01 08:31:00+00:00,0.15,0.15,0.14,0.14,10
2026-07-01 08:31:00+00:00,68.3,68.3,68.2,68.2,3
2026-07-01 08:31:00+00:00,68.89,68.89,68.7,68.79,316
2026-07-01 08:31:00+00:00,0.56,0.56,0.56,0.56,1
2026-07-01 08:32:00+00:00,68.79,68.88,68.79,68.81,90
2026-07-01 08:32:00+00:00,68.67,68.7,68.67,68.7,7
2026-07-01 08:33:00+00:00,68.83,68.84,68.77,68.8,68
2026-07-01 08:33:00+00:00,68.47,68.47,68.47,68.47,1
2026-07-01 08:33:00+00:00,68.69,68.7,68.66,68.66,6
2026-07-01 08:34:00+00:00,68.66,68.66,68.66,68.66,1
2026-07-01 08:34:00+00:00,68.81,68.83,68.77,68.77,42
2026-07-01 08:35:00+00:00,68.81,68.84,68.73,68.74,74
2026-07-01 08:35:00+00:00,68.39,68.39,68.39,68.39,1
2026-07-01 08:35:00+00:00,68.62,68.62,68.6,68.6,3
2026-07-01 08:35:00+00:00,0.14,0.14,0.14,0.14,2
2026-07-01 08:35:00+00:00,0.21,0.21,0.21,0.21,1
2026-07-01 08:36:00+00:00,68.55,68.59,68.55,68.59,5
2026-07-01 08:36:00+00:00,0.13,0.14,0.13,0.14,3
2026-07-01 08:36:00+00:00,68.73,68.75,68.67,68.74,210
2026-07-01 08:36:00+00:00,68.39,68.39,68.39,68.39,1
2026-07-01 08:37:00+00:00,68.61,68.62,68.61,68.61,3
2026-07-01 08:37:00+00:00,0.14,0.14,0.14,0.14,1
2026-07-01 08:37:00+00:00,67.91,67.91,67.91,67.91,1
2026-07-01 08:37:00+00:00,68.74,68.78,68.72,68.74,77
2026-07-01 08:37:00+00:00,0.7,0.7,0.7,0.7,1
2026-07-01 08:38:00+00:00,0.13,0.14,0.13,0.14,3
2026-07-01 08:38:00+00:00,68.61,68.67,68.61,68.67,6
2026-07-01 08:38:00+00:00,68.74,68.83,68.74,68.83,77
2026-07-01 08:39:00+00:00,0.13,0.14,0.13,0.14,4
2026-07-01 08:39:00+00:00,68.83,68.86,68.79,68.85,77
2026-07-01 08:39:00+00:00,68.67,68.69,68.67,68.69,4
2026-07-01 08:40:00+00:00,0.13,0.13,0.13,0.13,3
2026-07-01 08:40:00+00:00,68.84,68.88,68.79,68.88,81
2026-07-01 08:40:00+00:00,68.69,68.74,68.68,68.71,10
2026-07-01 08:41:00+00:00,68.74,68.74,68.69,68.69,11
2026-07-01 08:41:00+00:00,68.54,68.54,68.54,68.54,2
2026-07-01 08:41:00+00:00,68.01,68.01,68.01,68.01,5
2026-07-01 08:41:00+00:00,68.88,68.88,68.83,68.85,34
2026-07-01 08:41:00+00:00,0.7,0.7,0.7,0.7,4
2026-07-01 08:41:00+00:00,0.14,0.15,0.14,0.15,2
2026-07-01 08:42:00+00:00,68.71,68.71,68.71,68.71,1
2026-07-01 08:42:00+00:00,68.86,68.87,68.78,68.8,73
2026-07-01 08:43:00+00:00,0.66,0.66,0.66,0.66,1
2026-07-01 08:43:00+00:00,68.66,68.66,68.66,68.66,3
2026-07-01 08:43:00+00:00,68.79,68.83,68.75,68.78,61
2026-07-01 08:44:00+00:00,68.46,68.46,68.46,68.46,2
2026-07-01 08:44:00+00:00,68.0,68.0,68.0,68.0,1
2026-07-01 08:44:00+00:00,68.77,68.83,68.74,68.82,86
2026-07-01 08:44:00+00:00,68.66,68.67,68.65,68.67,3
2026-07-01 08:44:00+00:00,0.2,0.2,0.2,0.2,1
2026-07-01 08:45:00+00:00,0.14,0.14,0.14,0.14,1
2026-07-01 08:45:00+00:00,68.65,68.65,68.65,68.65,1
2026-07-01 08:45:00+00:00,68.8,68.81,68.76,68.76,49
2026-07-01 08:46:00+00:00,68.64,68.64,68.64,68.64,1
2026-07-01 08:46:00+00:00,68.76,68.77,68.75,68.76,24
2026-07-01 08:47:00+00:00,67.99,68.0,67.99,68.0,5
2026-07-01 08:47:00+00:00,68.78,68.85,68.78,68.84,63
2026-07-01 08:47:00+00:00,0.14,0.14,0.14,0.14,4
2026-07-01 08:47:00+00:00,68.65,68.71,68.65,68.7,15
2026-07-01 08:47:00+00:00,0.66,0.66,0.66,0.66,1
2026-07-01 08:48:00+00:00,68.86,68.9,68.86,68.9,49
2026-07-01 08:48:00+00:00,68.71,68.72,68.71,68.72,2
2026-07-01 08:49:00+00:00,0.13,0.13,0.13,0.13,3
2026-07-01 08:49:00+00:00,68.91,68.91,68.69,68.72,90
2026-07-01 08:49:00+00:00,68.7,68.7,68.57,68.58,10
2026-07-01 08:50:00+00:00,68.7,68.73,68.67,68.69,107
2026-07-01 08:50:00+00:00,68.16,68.16,68.16,68.16,1
2026-07-01 08:50:00+00:00,0.13,0.13,0.13,0.13,1
2026-07-01 08:50:00+00:00,68.58,68.59,68.55,68.55,11
2026-07-01 08:51:00+00:00,68.55,68.55,68.53,68.54,15
2026-07-01 08:51:00+00:00,68.67,68.71,68.64,68.68,119
2026-07-01 08:51:00+00:00,68.35,68.35,68.35,68.35,1
2026-07-01 08:51:00+00:00,67.89,67.91,67.87,67.87,7
2026-07-01 08:51:00+00:00,0.14,0.14,0.14,0.14,3
2026-07-01 08:51:00+00:00,0.64,0.64,0.64,0.64,2
2026-07-01 08:52:00+00:00,68.54,68.56,68.53,68.56,5
2026-07-01 08:52:00+00:00,67.89,67.89,67.87,67.87,3
2026-07-01 08:52:00+00:00,68.69,68.7,68.65,68.7,56
2026-07-01 08:52:00+00:00,0.64,0.64,0.64,0.64,1
2026-07-01 08:53:00+00:00,68.57,68.58,68.53,68.53,10
2026-07-01 08:53:00+00:00,0.14,0.14,0.13,0.13,9
2026-07-01 08:53:00+00:00,68.69,68.73,68.65,68.7,100
2026-07-01 08:53:00+00:00,67.89,67.89,67.89,67.89,1
2026-07-01 08:54:00+00:00,68.55,68.55,68.5,68.53,18
2026-07-01 08:54:00+00:00,67.89,67.89,67.88,67.88,2
2026-07-01 08:54:00+00:00,0.14,0.14,0.13,0.14,10
2026-07-01 08:54:00+00:00,0.64,0.64,0.64,0.64,1
2026-07-01 08:54:00+00:00,68.67,68.71,68.63,68.67,86
2026-07-01 08:55:00+00:00,68.67,68.67,68.44,68.54,437
2026-07-01 08:55:00+00:00,67.82,67.82,67.77,67.77,4
2026-07-01 08:55:00+00:00,0.61,0.61,0.61,0.61,3
2026-07-01 08:55:00+00:00,67.0,67.0,67.0,67.0,1
2026-07-01 08:55:00+00:00,68.26,68.26,68.2,68.23,3
2026-07-01 08:55:00+00:00,0.13,0.13,0.12,0.12,25
2026-07-01 08:55:00+00:00,68.5,68.5,68.35,68.41,39
2026-07-01 08:55:00+00:00,0.17,0.17,0.17,0.17,1
2026-07-01 08:55:00+00:00,0.28,0.28,0.28,0.28,2
2026-07-01 08:56:00+00:00,68.53,68.61,68.53,68.56,65
2026-07-01 08:56:00+00:00,68.41,68.41,68.41,68.41,1
2026-07-01 08:56:00+00:00,67.8,67.8,67.8,67.8,1
2026-07-01 08:57:00+00:00,68.55,68.55,68.36,68.42,347
2026-07-01 08:57:00+00:00,0.12,0.12,0.11,0.11,20
2026-07-01 08:57:00+00:00,68.0,68.0,68.0,68.0,2
2026-07-01 08:57:00+00:00,67.73,67.73,67.68,67.68,5
2026-07-01 08:57:00+00:00,68.36,68.36,68.25,68.31,44
2026-07-01 08:57:00+00:00,0.6,0.6,0.58,0.58,4
2026-07-01 08:58:00+00:00,68.12,68.12,68.12,68.12,3
2026-07-01 08:58:00+00:00,68.41,68.46,68.38,68.38,93
2026-07-01 08:58:00+00:00,68.3,68.32,68.27,68.27,5
2026-07-01 08:59:00+00:00,68.1,68.1,68.04,68.06,4
2026-07-01 08:59:00+00:00,68.39,68.4,68.28,68.34,251
2026-07-01 08:59:00+00:00,0.11,0.11,0.1,0.1,5
2026-07-01 08:59:00+00:00,68.24,68.25,68.2,68.22,16
2026-07-01 08:59:00+00:00,67.67,67.68,67.67,67.67,3
2026-07-01 08:59:00+00:00,0.19,0.19,0.19,0.19,1
2026-07-01 08:59:00+00:00,67.85,67.85,67.85,67.85,1
2026-07-01 08:59:00+00:00,0.16,0.16,0.16,0.16,1
2026-07-01 08:59:00+00:00,0.54,0.54,0.54,0.54,1
2026-07-01 08:59:00+00:00,0.67,0.67,0.67,0.67,1
2026-07-01 09:00:00+00:00,0.11,0.11,0.1,0.11,5
2026-07-01 09:00:00+00:00,68.24,68.25,68.2,68.23,16
2026-07-01 09:00:00+00:00,0.17,0.17,0.17,0.17,3
2026-07-01 09:00:00+00:00,68.33,68.39,68.29,68.39,135
2026-07-01 09:00:00+00:00,67.67,67.67,67.67,67.67,2
2026-07-01 09:00:00+00:00,68.09,68.09,68.05,68.06,6
2026-07-01 09:01:00+00:00,0.12,0.12,0.11,0.11,7
2026-07-01 09:01:00+00:00,67.7,67.7,67.7,67.7,1
2026-07-01 09:01:00+00:00,68.27,68.29,68.21,68.21,12
2026-07-01 09:01:00+00:00,68.37,68.43,68.32,68.33,120
2026-07-01 09:02:00+00:00,68.31,68.33,68.25,68.31,113
2026-07-01 09:02:00+00:00,68.18,68.21,68.15,68.21,10
2026-07-01 09:02:00+00:00,0.11,0.11,0.11,0.11,3
2026-07-01 09:02:00+00:00,0.52,0.52,0.52,0.52,1
2026-07-01 09:02:00+00:00,67.63,67.69,67.63,67.69,9
2026-07-01 09:03:00+00:00,0.12,0.12,0.11,0.11,3
2026-07-01 09:03:00+00:00,67.77,67.77,67.77,67.77,20
2026-07-01 09:03:00+00:00,68.27,68.33,68.27,68.31,5
2026-07-01 09:03:00+00:00,68.3,68.46,68.3,68.42,77
2026-07-01 09:04:00+00:00,68.32,68.32,68.31,68.32,4
2026-07-01 09:04:00+00:00,0.11,0.11,0.11,0.11,1
2026-07-01 09:04:00+00:00,68.41,68.46,68.4,68.42,62
2026-07-01 09:05:00+00:00,0.11,0.12,0.11,0.11,3
2026-07-01 09:05:00+00:00,68.41,68.54,68.41,68.53,124
2026-07-01 09:05:00+00:00,0.33,0.33,0.33,0.33,1
2026-07-01 09:05:00+00:00,68.3,68.4,68.3,68.4,11
2026-07-01 09:05:00+00:00,67.78,67.78,67.78,67.78,1
2026-07-01 09:06:00+00:00,68.42,68.43,68.39,68.39,17
2026-07-01 09:06:00+00:00,67.83,67.83,67.68,67.68,3
2026-07-01 09:06:00+00:00,67.9,67.9,67.9,67.9,1
2026-07-01 09:06:00+00:00,0.22,0.22,0.22,0.22,1
2026-07-01 09:06:00+00:00,68.54,68.56,68.46,68.46,66
2026-07-01 09:06:00+00:00,0.57,0.57,0.57,0.57,1
2026-07-01 09:06:00+00:00,0.12,0.12,0.11,0.11,5
2026-07-01 09:07:00+00:00,0.1,0.1,0.1,0.1,2
2026-07-01 09:07:00+00:00,68.46,68.48,68.38,68.38,57
2026-07-01 09:07:00+00:00,67.98,67.98,67.98,67.98,1
2026-07-01 09:08:00+00:00,0.21,0.21,0.21,0.21,1
2026-07-01 09:08:00+00:00,67.77,67.78,67.72,67.72,9
2026-07-01 09:08:00+00:00,68.38,68.39,68.19,68.29,212
2026-07-01 09:08:00+00:00,0.09,0.09,0.07,0.09,7
2026-07-01 09:08:00+00:00,67.99,67.99,67.99,67.99,1
2026-07-01 09:08:00+00:00,68.29,68.29,68.12,68.21,16
2026-07-01 09:08:00+00:00,68.11,68.11,68.11,68.11,1
2026-07-01 09:08:00+00:00,0.52,0.52,0.49,0.49,6
2026-07-01 09:09:00+00:00,68.3,68.39,68.3,68.39,58
2026-07-01 09:09:00+00:00,68.22,68.31,68.22,68.29,6
2026-07-01 09:10:00+00:00,68.38,68.4,68.35,68.38,40
2026-07-01 09:10:00+00:00,68.28,68.28,68.28,68.28,2
2026-07-01 09:11:00+00:00,68.19,68.19,68.18,68.18,2
2026-07-01 09:11:00+00:00,68.37,68.37,68.25,68.29,84
2026-07-01 09:11:00+00:00,0.09,0.09,0.09,0.09,1
2026-07-01 09:11:00+00:00,67.7,67.7,67.7,67.7,1
2026-07-01 09:11:00+00:00,0.5,0.5,0.5,0.5,1
2026-07-01 09:12:00+00:00,68.05,68.05,68.05,68.05,1
2026-07-01 09:12:00+00:00,68.21,68.21,68.19,68.2,4
2026-07-01 09:12:00+00:00,68.29,68.33,68.28,68.32,33
2026-07-01 09:12:00+00:00,67.7,67.7,67.7,67.7,1
2026-07-01 09:12:00+00:00,0.51,0.52,0.51,0.52,2
2026-07-01 09:12:00+00:00,0.15,0.15,0.15,0.15,1
2026-07-01 09:13:00+00:00,68.29,68.33,68.29,68.31,27
2026-07-01 09:14:00+00:00,68.3,68.37,68.3,68.31,38
2026-07-01 09:14:00+00:00,68.07,68.07,68.07,68.07,1
2026-07-01 09:14:00+00:00,0.1,0.1,0.1,0.1,8
2026-07-01 09:15:00+00:00,68.32,68.34,68.31,68.31,8
2026-07-01 09:15:00+00:00,68.23,68.23,68.23,68.23,3
2026-07-01 09:16:00+00:00,67.69,67.7,67.69,67.7,2
2026-07-01 09:16:00+00:00,68.2,68.24,68.2,68.24,3
2026-07-01 09:16:00+00:00,68.31,68.36,68.3,68.32,39
2026-07-01 09:17:00+00:00,68.24,68.25,68.23,68.23,6
2026-07-01 09:17:00+00:00,68.31,68.36,68.31,68.34,21
2026-07-01 09:18:00+00:00,68.36,68.4,68.31,68.32,36
2026-07-01 09:18:00+00:00,68.26,68.28,68.24,68.24,6
2026-07-01 09:19:00+00:00,68.35,68.39,68.33,68.38,43
2026-07-01 09:19:00+00:00,68.24,68.25,68.24,68.25,2
2026-07-01 09:20:00+00:00,68.09,68.09,68.09,68.09,1
2026-07-01 09:20:00+00:00,68.38,68.38,68.36,68.36,18
2026-07-01 09:20:00+00:00,0.18,0.18,0.18,0.18,1
2026-07-01 09:20:00+00:00,67.91,67.91,67.91,67.91,3
2026-07-01 09:20:00+00:00,68.26,68.26,68.26,68.26,1
2026-07-01 09:21:00+00:00,68.11,68.11,68.11,68.11,2
2026-07-01 09:21:00+00:00,0.12,0.12,0.12,0.12,1
2026-07-01 09:21:00+00:00,68.3,68.3,68.28,68.3,4
2026-07-01 09:21:00+00:00,68.37,68.42,68.37,68.4,55
2026-07-01 09:21:00+00:00,0.18,0.18,0.18,0.18,2
2026-07-01 09:21:00+00:00,67.93,67.93,67.93,67.93,2
2026-07-01 09:22:00+00:00,68.19,68.19,68.19,68.19,1
2026-07-01 09:22:00+00:00,68.3,68.36,68.3,68.36,6
2026-07-01 09:22:00+00:00,67.98,67.98,67.98,67.98,1
2026-07-01 09:22:00+00:00,0.17,0.17,0.17,0.17,1
2026-07-01 09:22:00+00:00,0.12,0.13,0.12,0.13,3
2026-07-01 09:22:00+00:00,68.41,68.51,68.4,68.47,89
2026-07-01 09:23:00+00:00,67.78,67.78,67.78,67.78,1
2026-07-01 09:23:00+00:00,68.49,68.49,68.44,68.45,90
2026-07-01 09:23:00+00:00,68.36,68.36,68.35,68.35,2
2026-07-01 09:24:00+00:00,68.21,68.21,68.21,68.21,1
2026-07-01 09:24:00+00:00,68.35,68.35,68.34,68.34,2
2026-07-01 09:24:00+00:00,0.54,0.54,0.54,0.54,1
2026-07-01 09:24:00+00:00,67.81,67.81,67.81,67.81,1
2026-07-01 09:24:00+00:00,68.45,68.47,68.44,68.45,31
2026-07-01 09:25:00+00:00,0.12,0.12,0.12,0.12,1
2026-07-01 09:25:00+00:00,68.33,68.37,68.33,68.37,8
2026-07-01 09:25:00+00:00,68.45,68.49,68.41,68.49,30
2026-07-01 09:26:00+00:00,0.12,0.12,0.12,0.12,1
2026-07-01 09:26:00+00:00,67.83,67.83,67.83,67.83,1
2026-07-01 09:26:00+00:00,68.5,68.54,68.48,68.48,64
2026-07-01 09:26:00+00:00,0.56,0.56,0.56,0.56,1
2026-07-01 09:26:00+00:00,68.41,68.41,68.37,68.37,5
2026-07-01 09:27:00+00:00,68.48,68.51,68.46,68.51,48
2026-07-01 09:27:00+00:00,68.36,68.36,68.36,68.36,1
2026-07-01 09:28:00+00:00,68.39,68.39,68.38,68.38,3
2026-07-01 09:28:00+00:00,68.5,68.51,68.46,68.5,35
2026-07-01 09:29:00+00:00,68.51,68.52,68.46,68.46,30
2026-07-01 09:29:00+00:00,68.39,68.41,68.39,68.4,4
2026-07-01 09:30:00+00:00,68.35,68.35,68.35,68.35,1
2026-07-01 09:30:00+00:00,68.48,68.53,68.45,68.53,46
2026-07-01 09:31:00+00:00,0.57,0.57,0.57,0.57,1
2026-07-01 09:31:00+00:00,68.41,68.46,68.41,68.45,5
2026-07-01 09:31:00+00:00,67.87,67.88,67.87,67.88,3
2026-07-01 09:31:00+00:00,68.52,68.58,68.52,68.56,105
2026-07-01 09:32:00+00:00,67.88,67.88,67.88,67.88,1
2026-07-01 09:32:00+00:00,68.56,68.56,68.49,68.51,41
2026-07-01 09:32:00+00:00,68.43,68.43,68.43,68.43,1
2026-07-01 09:33:00+00:00,0.11,0.11,0.11,0.11,2
2026-07-01 09:33:00+00:00,68.36,68.36,68.35,68.35,3
2026-07-01 09:33:00+00:00,68.49,68.5,68.44,68.47,49
2026-07-01 09:34:00+00:00,68.47,68.55,68.47,68.54,19
2026-07-01 09:35:00+00:00,0.11,0.11,0.11,0.11,1
2026-07-01 09:35:00+00:00,68.5,68.53,68.49,68.52,29
2026-07-01 09:35:00+00:00,68.4,68.41,68.4,68.41,2
2026-07-01 09:36:00+00:00,0.11,0.11,0.11,0.11,4
2026-07-01 09:36:00+00:00,68.4,68.4,68.4,68.4,5
2026-07-01 09:36:00+00:00,68.52,68.54,68.48,68.48,24
2026-07-01 09:37:00+00:00,68.41,68.41,68.38,68.39,7
2026-07-01 09:37:00+00:00,68.5,68.52,68.48,68.5,23
2026-07-01 09:37:00+00:00,0.11,0.11,0.11,0.11,5
2026-07-01 09:38:00+00:00,0.54,0.54,0.54,0.54,1
2026-07-01 09:38:00+00:00,68.5,68.5,68.48,68.48,7
2026-07-01 09:38:00+00:00,68.4,68.4,68.4,68.4,1
2026-07-01 09:38:00+00:00,67.86,67.86,67.86,67.86,1
2026-07-01 09:39:00+00:00,68.4,68.4,68.4,68.4,4
2026-07-01 09:39:00+00:00,68.5,68.51,68.48,68.5,15
2026-07-01 09:40:00+00:00,68.49,68.49,68.46,68.49,17
2026-07-01 09:41:00+00:00,68.48,68.48,68.46,68.48,21
2026-07-01 09:42:00+00:00,0.54,0.54,0.54,0.54,1
2026-07-01 09:42:00+00:00,68.39,68.39,68.39,68.39,2
2026-07-01 09:42:00+00:00,68.5,68.57,68.5,68.56,25
2026-07-01 09:42:00+00:00,67.85,67.85,67.85,67.85,1
2026-07-01 09:43:00+00:00,68.58,68.62,68.58,68.6,54
2026-07-01 09:44:00+00:00,68.49,68.52,68.49,68.52,8
2026-07-01 09:44:00+00:00,67.92,67.92,67.92,67.92,1
2026-07-01 09:44:00+00:00,0.12,0.12,0.12,0.12,1
2026-07-01 09:44:00+00:00,68.59,68.66,68.59,68.64,126
2026-07-01 09:45:00+00:00,68.56,68.56,68.56,68.56,2
2026-07-01 09:45:00+00:00,0.12,0.12,0.12,0.12,2
2026-07-01 09:45:00+00:00,68.64,68.73,68.64,68.73,110
2026-07-01 09:45:00+00:00,67.97,67.97,67.97,67.97,1
2026-07-01 09:46:00+00:00,68.65,68.65,68.58,68.58,4
2026-07-01 09:46:00+00:00,68.74,68.78,68.69,68.74,105
2026-07-01 09:46:00+00:00,0.12,0.12,0.11,0.11,4
2026-07-01 09:46:00+00:00,68.02,68.02,68.02,68.02,1
2026-07-01 09:47:00+00:00,68.74,68.75,68.7,68.75,54
2026-07-01 09:47:00+00:00,68.46,68.48,68.46,68.48,3
2026-07-01 09:47:00+00:00,0.16,0.16,0.16,0.16,3
2026-07-01 09:47:00+00:00,68.61,68.64,68.61,68.64,6
2026-07-01 09:48:00+00:00,0.11,0.11,0.11,0.11,3
2026-07-01 09:48:00+00:00,68.49,68.5,68.49,68.5,3
2026-07-01 09:48:00+00:00,0.16,0.16,0.16,0.16,1
2026-07-01 09:48:00+00:00,0.25,0.25,0.25,0.25,1
2026-07-01 09:48:00+00:00,68.74,68.78,68.72,68.72,63
2026-07-01 09:48:00+00:00,68.65,68.66,68.61,68.61,6
2026-07-01 09:49:00+00:00,68.72,68.8,68.72,68.79,128
2026-07-01 09:49:00+00:00,0.61,0.61,0.61,0.61,1
2026-07-01 09:49:00+00:00,0.11,0.12,0.11,0.11,8
2026-07-01 09:49:00+00:00,68.07,68.07,68.07,68.07,1
2026-07-01 09:49:00+00:00,68.62,68.69,68.62,68.69,11
2026-07-01 09:50:00+00:00,68.78,68.8,68.75,68.77,47
2026-07-01 09:50:00+00:00,0.11,0.11,0.11,0.11,8
2026-07-01 09:50:00+00:00,68.69,68.69,68.65,68.65,15
2026-07-01 09:51:00+00:00,68.75,68.75,68.72,68.73,44
2026-07-01 09:51:00+00:00,0.11,0.11,0.11,0.11,1
2026-07-01 09:51:00+00:00,68.65,68.65,68.62,68.62,2
2026-07-01 09:52:00+00:00,68.62,68.62,68.58,68.59,6
2026-07-01 09:52:00+00:00,0.11,0.11,0.11,0.11,2
2026-07-01 09:52:00+00:00,68.72,68.73,68.68,68.73,85
2026-07-01 09:53:00+00:00,0.12,0.12,0.12,0.12,4
2026-07-01 09:53:00+00:00,68.62,68.64,68.62,68.64,8
2026-07-01 09:53:00+00:00,68.73,68.77,68.72,68.76,24
2026-07-01 09:54:00+00:00,0.11,0.11,0.11,0.11,4
2026-07-01 09:54:00+00:00,68.64,68.64,68.64,68.64,5
2026-07-01 09:54:00+00:00,68.77,68.78,68.71,68.72,61
2026-07-01 09:55:00+00:00,68.61,68.61,68.61,68.61,6
2026-07-01 09:55:00+00:00,0.11,0.11,0.11,0.11,1
2026-07-01 09:55:00+00:00,68.71,68.75,68.71,68.72,28
2026-07-01 09:56:00+00:00,68.63,68.64,68.63,68.64,2
2026-07-01 09:56:00+00:00,68.73,68.75,68.7,68.75,28
2026-07-01 09:57:00+00:00,0.12,0.12,0.11,0.11,3
2026-07-01 09:57:00+00:00,68.65,68.65,68.65,68.65,5
2026-07-01 09:57:00+00:00,68.75,68.78,68.73,68.75,50
2026-07-01 09:58:00+00:00,68.65,68.67,68.65,68.66,4
2026-07-01 09:58:00+00:00,0.12,0.12,0.12,0.12,2
2026-07-01 09:58:00+00:00,68.76,68.8,68.74,68.78,67
2026-07-01 09:59:00+00:00,0.12,0.12,0.12,0.12,1
2026-07-01 09:59:00+00:00,68.65,68.65,68.64,68.64,6
2026-07-01 09:59:00+00:00,68.76,68.79,68.75,68.79,53
2026-07-01 10:00:00+00:00,68.51,68.51,68.51,68.51,1
2026-07-01 10:00:00+00:00,68.1,68.12,68.1,68.12,3
2026-07-01 10:00:00+00:00,68.7,68.78,68.7,68.77,12
2026-07-01 10:00:00+00:00,68.8,68.92,68.79,68.9,186
2026-07-01 10:00:00+00:00,0.13,0.13,0.13,0.13,2
2026-07-01 10:01:00+00:00,0.13,0.13,0.13,0.13,3
2026-07-01 10:01:00+00:00,0.18,0.18,0.18,0.18,6
2026-07-01 10:01:00+00:00,68.9,68.94,68.85,68.86,83
2026-07-01 10:01:00+00:00,0.2,0.2,0.2,0.2,5
2026-07-01 10:01:00+00:00,68.78,68.81,68.78,68.78,7
2026-07-01 10:01:00+00:00,68.6,68.6,68.6,68.6,1
2026-07-01 10:02:00+00:00,68.85,68.93,68.85,68.92,43
2026-07-01 10:03:00+00:00,68.81,68.82,68.79,68.79,4
2026-07-01 10:03:00+00:00,68.92,68.97,68.91,68.92,71
2026-07-01 10:03:00+00:00,0.14,0.14,0.13,0.13,4
2026-07-01 10:04:00+00:00,68.94,69.0,68.92,68.97,119
2026-07-01 10:04:00+00:00,68.65,68.65,68.65,68.65,1
2026-07-01 10:04:00+00:00,0.12,0.13,0.12,0.13,2
2026-07-01 10:04:00+00:00,68.17,68.21,68.17,68.21,3
2026-07-01 10:04:00+00:00,0.19,0.19,0.19,0.19,1
2026-07-01 10:04:00+00:00,68.81,68.85,68.81,68.84,7
2026-07-01 10:05:00+00:00,68.96,69.0,68.95,68.99,94
2026-07-01 10:05:00+00:00,0.13,0.13,0.13,0.13,3
2026-07-01 10:05:00+00:00,68.83,68.85,68.82,68.82,7
2026-07-01 10:06:00+00:00,0.13,0.13,0.13,0.13,2
2026-07-01 10:06:00+00:00,68.85,68.85,68.85,68.85,5
2026-07-01 10:06:00+00:00,68.98,68.99,68.92,68.94,76
2026-07-01 10:07:00+00:00,68.78,68.78,68.78,68.78,1
2026-07-01 10:07:00+00:00,0.12,0.12,0.12,0.12,1
2026-07-01 10:07:00+00:00,68.94,68.95,68.89,68.9,33
2026-07-01 10:08:00+00:00,68.82,68.82,68.79,68.81,4
2026-07-01 10:08:00+00:00,68.18,68.18,68.16,68.18,3
2026-07-01 10:08:00+00:00,68.91,68.95,68.91,68.92,51
2026-07-01 10:08:00+00:00,0.62,0.62,0.62,0.62,1
2026-07-01 10:09:00+00:00,68.92,68.93,68.89,68.91,49
2026-07-01 10:10:00+00:00,68.8,68.8,68.8,68.8,1
2026-07-01 10:10:00+00:00,68.92,68.95,68.91,68.91,66
2026-07-01 10:11:00+00:00,68.93,68.96,68.93,68.94,46
2026-07-01 10:11:00+00:00,68.82,68.82,68.82,68.82,1
2026-07-01 10:12:00+00:00,68.22,68.22,68.22,68.22,1
2026-07-01 10:12:00+00:00,68.83,68.83,68.83,68.83,1
2026-07-01 10:12:00+00:00,68.95,68.99,68.95,68.96,57
2026-07-01 10:13:00+00:00,68.85,68.87,68.85,68.87,2
2026-07-01 10:13:00+00:00,0.12,0.12,0.12,0.12,2
2026-07-01 10:13:00+00:00,68.95,69.0,68.92,68.96,41
2026-07-01 10:14:00+00:00,68.97,69.0,68.96,68.97,39
2026-07-01 10:14:00+00:00,68.87,68.87,68.87,68.87,1
2026-07-01 10:14:00+00:00,68.27,68.27,68.27,68.27,1
2026-07-01 10:15:00+00:00,68.95,68.95,68.86,68.94,63
2026-07-01 10:15:00+00:00,0.1,0.1,0.1,0.1,1
2026-07-01 10:15:00+00:00,68.77,68.77,68.77,68.77,1
2026-07-01 10:16:00+00:00,0.11,0.11,0.1,0.1,6
2026-07-01 10:16:00+00:00,68.94,68.94,68.81,68.81,96
2026-07-01 10:16:00+00:00,68.79,68.79,68.71,68.71,14
2026-07-01 10:17:00+00:00,0.09,0.1,0.09,0.1,7
2026-07-01 10:17:00+00:00,68.82,68.82,68.69,68.73,184
2026-07-01 10:17:00+00:00,0.58,0.58,0.58,0.58,3
2026-07-01 10:17:00+00:00,68.55,68.55,68.55,68.55,1
2026-07-01 10:17:00+00:00,68.69,68.69,68.6,68.66,15
2026-07-01 10:17:00+00:00,68.07,68.07,68.07,68.07,1
2026-07-01 10:18:00+00:00,68.64,68.66,68.64,68.66,2
2026-07-01 10:18:00+00:00,68.71,68.78,68.69,68.78,63
2026-07-01 10:18:00+00:00,0.09,0.09,0.09,0.09,1
2026-07-01 10:19:00+00:00,68.7,68.7,68.7,68.7,1
2026-07-01 10:19:00+00:00,68.78,68.82,68.76,68.78,28
2026-07-01 10:20:00+00:00,68.66,68.66,68.64,68.64,2
2026-07-01 10:20:00+00:00,68.78,68.78,68.68,68.7,45
2026-07-01 10:20:00+00:00,0.15,0.15,0.15,0.15,6
2026-07-01 10:21:00+00:00,0.06,0.06,0.06,0.06,1
2026-07-01 10:21:00+00:00,68.7,68.74,68.7,68.74,26
2026-07-01 10:21:00+00:00,68.64,68.64,68.64,68.64,2
2026-07-01 10:22:00+00:00,68.74,68.75,68.68,68.7,29
2026-07-01 10:23:00+00:00,68.71,68.76,68.69,68.75,32
2026-07-01 10:23:00+00:00,68.68,68.68,68.68,68.68,2
2026-07-01 10:24:00+00:00,68.75,68.75,68.72,68.74,20
2026-07-01 10:25:00+00:00,68.73,68.74,68.71,68.71,25
2026-07-01 10:25:00+00:00,0.56,0.56,0.56,0.56,1
2026-07-01 10:26:00+00:00,68.48,68.59,68.48,68.59,7
2026-07-01 10:26:00+00:00,68.68,68.74,68.66,68.74,15
2026-07-01 10:26:00+00:00,0.15,0.15,0.15,0.15,4
2026-07-01 10:26:00+00:00,68.29,68.37,68.29,68.37,2
2026-07-01 10:26:00+00:00,68.73,68.83,68.73,68.79,91
2026-07-01 10:26:00+00:00,0.19,0.19,0.19,0.19,2
2026-07-01 10:27:00+00:00,0.09,0.09,0.09,0.09,1
2026-07-01 10:27:00+00:00,68.83,68.83,68.79,68.8,28
2026-07-01 10:27:00+00:00,68.74,68.74,68.74,68.74,3
2026-07-01 10:27:00+00:00,68.58,68.58,68.58,68.58,1
2026-07-01 10:27:00+00:00,0.18,0.18,0.18,0.18,1
2026-07-01 10:27:00+00:00,68.4,68.4,68.4,68.4,1
2026-07-01 10:28:00+00:00,68.8,68.81,68.76,68.79,35
2026-07-01 10:28:00+00:00,0.09,0.09,0.09,0.09,2
2026-07-01 10:28:00+00:00,68.11,68.11,68.11,68.11,7
2026-07-01 10:28:00+00:00,68.72,68.72,68.7,68.7,6
2026-07-01 10:29:00+00:00,0.19,0.19,0.19,0.19,2
2026-07-01 10:29:00+00:00,68.49,68.49,68.48,68.48,2
2026-07-01 10:29:00+00:00,0.08,0.08,0.08,0.08,1
2026-07-01 10:29:00+00:00,68.3,68.3,68.29,68.29,3
2026-07-01 10:29:00+00:00,68.66,68.66,68.66,68.66,1
2026-07-01 10:29:00+00:00,68.78,68.78,68.73,68.75,40
2026-07-01 10:30:00+00:00,68.75,68.76,68.7,68.76,34
2026-07-01 10:30:00+00:00,0.09,0.09,0.09,0.09,1
2026-07-01 10:30:00+00:00,68.64,68.66,68.64,68.66,10
2026-07-01 10:31:00+00:00,0.09,0.09,0.09,0.09,4
2026-07-01 10:31:00+00:00,68.72,68.73,68.7,68.72,25
2026-07-01 10:31:00+00:00,68.62,68.64,68.62,68.64,8
2026-07-01 10:32:00+00:00,68.34,68.34,68.34,68.34,1
2026-07-01 10:32:00+00:00,68.73,68.78,68.73,68.78,14
2026-07-01 10:32:00+00:00,0.58,0.58,0.58,0.58,1
2026-07-01 10:32:00+00:00,0.1,0.1,0.1,0.1,1
2026-07-01 10:32:00+00:00,68.64,68.67,68.64,68.66,9
2026-07-01 10:32:00+00:00,68.1,68.1,68.1,68.1,1
2026-07-01 10:33:00+00:00,68.8,68.8,68.73,68.75,13
2026-07-01 10:34:00+00:00,68.52,68.53,68.52,68.53,2
2026-07-01 10:34:00+00:00,0.15,0.15,0.15,0.15,1
2026-07-01 10:34:00+00:00,68.67,68.68,68.67,68.67,3
2026-07-01 10:34:00+00:00,68.78,68.79,68.74,68.75,26
2026-07-01 10:35:00+00:00,68.73,68.74,68.64,68.66,104
2026-07-01 10:35:00+00:00,0.54,0.54,0.54,0.54,1
2026-07-01 10:35:00+00:00,68.56,68.56,68.56,68.56,1
2026-07-01 10:35:00+00:00,68.02,68.02,68.02,68.02,1
2026-07-01 10:36:00+00:00,0.09,0.09,0.08,0.08,17
2026-07-01 10:36:00+00:00,68.56,68.57,68.54,68.55,14
2026-07-01 10:36:00+00:00,68.65,68.66,68.6,68.63,129
2026-07-01 10:37:00+00:00,68.62,68.66,68.62,68.64,36
2026-07-01 10:37:00+00:00,68.56,68.56,68.56,68.56,3
2026-07-01 10:37:00+00:00,0.09,0.09,0.09,0.09,1
2026-07-01 10:38:00+00:00,68.46,68.46,68.46,68.46,4
2026-07-01 10:38:00+00:00,0.14,0.14,0.14,0.14,1
2026-07-01 10:38:00+00:00,68.63,68.69,68.63,68.69,69
2026-07-01 10:38:00+00:00,68.57,68.6,68.57,68.6,4
2026-07-01 10:38:00+00:00,0.21,0.21,0.21,0.21,2
2026-07-01 10:39:00+00:00,68.69,68.69,68.62,68.63,24
2026-07-01 10:39:00+00:00,68.56,68.57,68.56,68.57,2
2026-07-01 10:40:00+00:00,68.46,68.46,68.46,68.46,1
2026-07-01 10:40:00+00:00,68.62,68.74,68.62,68.72,42
2026-07-01 10:40:00+00:00,68.59,68.6,68.59,68.6,2
2026-07-01 10:40:00+00:00,0.14,0.14,0.14,0.14,1
2026-07-01 10:41:00+00:00,68.51,68.51,68.51,68.51,1
2026-07-01 10:41:00+00:00,68.66,68.67,68.64,68.65,7
2026-07-01 10:41:00+00:00,0.15,0.15,0.15,0.15,1
2026-07-01 10:41:00+00:00,68.72,68.79,68.69,68.72,62
2026-07-01 10:42:00+00:00,68.64,68.68,68.64,68.68,3
2026-07-01 10:42:00+00:00,68.72,68.83,68.71,68.81,70
2026-07-01 10:43:00+00:00,0.6,0.6,0.6,0.6,1
2026-07-01 10:43:00+00:00,0.2,0.2,0.2,0.2,1
2026-07-01 10:43:00+00:00,0.09,0.11,0.09,0.09,13
2026-07-01 10:43:00+00:00,0.17,0.17,0.16,0.16,7
2026-07-01 10:43:00+00:00,68.7,68.82,68.69,68.74,35
2026-07-01 10:43:00+00:00,68.59,68.64,68.59,68.64,5
2026-07-01 10:43:00+00:00,68.39,68.39,68.39,68.39,1
2026-07-01 10:43:00+00:00,68.8,68.94,68.77,68.82,292
2026-07-01 10:44:00+00:00,68.76,68.76,68.76,68.76,1
2026-07-01 10:44:00+00:00,68.84,68.86,68.84,68.86,21
2026-07-01 10:45:00+00:00,68.68,68.68,68.68,68.68,1
2026-07-01 10:45:00+00:00,68.83,68.83,68.76,68.81,29
2026-07-01 10:46:00+00:00,0.1,0.1,0.1,0.1,2
2026-07-01 10:46:00+00:00,68.72,68.72,68.72,68.72,4
2026-07-01 10:46:00+00:00,68.81,68.83,68.79,68.81,59
2026-07-01 10:47:00+00:00,68.81,68.81,68.78,68.79,5
2026-07-01 10:48:00+00:00,68.79,68.85,68.78,68.83,24
2026-07-01 10:48:00+00:00,68.71,68.71,68.71,68.71,1
2026-07-01 10:49:00+00:00,68.81,68.87,68.8,68.86,13
2026-07-01 10:50:00+00:00,68.72,68.72,68.72,68.72,1
2026-07-01 10:50:00+00:00,0.1,0.1,0.1,0.1,1
2026-07-01 10:50:00+00:00,68.86,68.92,68.81,68.83,54
2026-07-01 10:51:00+00:00,68.83,68.9,68.83,68.87,36
2026-07-01 10:51:00+00:00,0.1,0.1,0.1,0.1,6
2026-07-01 10:51:00+00:00,68.73,68.81,68.73,68.77,15
2026-07-01 10:52:00+00:00,68.76,68.76,68.73,68.76,6
2026-07-01 10:52:00+00:00,68.87,68.89,68.81,68.89,51
2026-07-01 10:52:00+00:00,0.1,0.11,0.1,0.11,5
2026-07-01 10:53:00+00:00,68.78,68.78,68.78,68.78,2
2026-07-01 10:53:00+00:00,68.89,68.9,68.88,68.89,25
2026-07-01 10:53:00+00:00,0.11,0.11,0.11,0.11,1
2026-07-01 10:54:00+00:00,68.89,68.95,68.87,68.9,29
2026-07-01 10:55:00+00:00,68.9,68.9,68.83,68.83,32
2026-07-01 10:56:00+00:00,68.52,68.52,68.47,68.47,2
2026-07-01 10:56:00+00:00,0.1,0.1,0.1,0.1,1
2026-07-01 10:56:00+00:00,0.17,0.17,0.17,0.17,2
2026-07-01 10:56:00+00:00,68.7,68.7,68.63,68.63,5
2026-07-01 10:56:00+00:00,68.82,68.82,68.72,68.74,53
2026-07-01 10:57:00+00:00,68.76,68.84,68.76,68.83,39
2026-07-01 10:57:00+00:00,68.69,68.69,68.69,68.69,4
2026-07-01 10:57:00+00:00,0.12,0.12,0.12,0.12,1
2026-07-01 10:58:00+00:00,68.86,68.9,68.84,68.88,30
2026-07-01 10:59:00+00:00,68.76,68.76,68.76,68.76,1
2026-07-01 10:59:00+00:00,68.89,68.9,68.86,68.87,11
2026-07-01 11:00:00+00:00,68.72,68.76,68.72,68.76,2
2026-07-01 11:00:00+00:00,68.84,68.89,68.8,68.8,29
2026-07-01 11:01:00+00:00,68.74,68.74,68.73,68.73,3
2026-07-01 11:01:00+00:00,68.8,68.85,68.78,68.78,30
2026-07-01 11:02:00+00:00,68.67,68.67,68.67,68.67,1
2026-07-01 11:02:00+00:00,68.06,68.06,68.06,68.06,1
2026-07-01 11:02:00+00:00,68.78,68.81,68.77,68.8,14
2026-07-01 11:02:00+00:00,0.61,0.61,0.61,0.61,1
2026-07-01 11:03:00+00:00,68.65,68.65,68.65,68.65,1
2026-07-01 11:03:00+00:00,68.77,68.77,68.72,68.76,50
2026-07-01 11:04:00+00:00,68.79,68.81,68.78,68.81,31
2026-07-01 11:05:00+00:00,68.82,68.83,68.81,68.81,9
2026-07-01 11:06:00+00:00,68.72,68.73,68.72,68.73,2
2026-07-01 11:06:00+00:00,68.83,68.85,68.82,68.84,24
2026-07-01 11:07:00+00:00,68.83,68.86,68.83,68.86,10
2026-07-01 11:07:00+00:00,68.73,68.74,68.73,68.74,2
2026-07-01 11:08:00+00:00,0.12,0.12,0.12,0.12,3
2026-07-01 11:08:00+00:00,68.37,68.37,68.37,68.37,1
2026-07-01 11:08:00+00:00,68.15,68.15,68.15,68.15,1
2026-07-01 11:08:00+00:00,68.76,68.77,68.76,68.77,3
2026-07-01 11:08:00+00:00,68.87,68.9,68.86,68.9,51
2026-07-01 11:09:00+00:00,68.91,68.95,68.87,68.95,89
2026-07-01 11:10:00+00:00,0.64,0.64,0.64,0.64,1
2026-07-01 11:10:00+00:00,0.14,0.14,0.14,0.14,4
2026-07-01 11:10:00+00:00,68.82,68.89,68.82,68.89,6
2026-07-01 11:10:00+00:00,68.22,68.22,68.22,68.22,2
2026-07-01 11:10:00+00:00,68.95,69.04,68.92,69.01,189
2026-07-01 11:11:00+00:00,68.85,68.85,68.85,68.85,3
2026-07-01 11:11:00+00:00,69.0,69.0,68.96,69.0,48
2026-07-01 11:12:00+00:00,68.85,68.85,68.84,68.84,2
2026-07-01 11:12:00+00:00,68.98,68.98,68.95,68.95,32
2026-07-01 11:13:00+00:00,0.12,0.12,0.12,0.12,2
2026-07-01 11:13:00+00:00,68.86,68.86,68.86,68.86,2
2026-07-01 11:13:00+00:00,68.27,68.27,68.27,68.27,1
2026-07-01 11:13:00+00:00,68.99,69.02,68.97,69.02,43
2026-07-01 11:14:00+00:00,69.02,69.02,68.95,68.95,55
2026-07-01 11:14:00+00:00,68.89,68.89,68.89,68.89,2
2026-07-01 11:14:00+00:00,0.12,0.12,0.12,0.12,2
2026-07-01 11:15:00+00:00,68.96,68.97,68.9,68.92,89
2026-07-01 11:16:00+00:00,68.75,68.75,68.75,68.75,2
2026-07-01 11:16:00+00:00,68.91,68.93,68.87,68.87,29
2026-07-01 11:17:00+00:00,68.78,68.84,68.78,68.84,2
2026-07-01 11:17:00+00:00,68.86,68.96,68.86,68.96,42
2026-07-01 11:18:00+00:00,68.87,68.87,68.87,68.87,1
2026-07-01 11:18:00+00:00,68.97,69.02,68.97,69.02,74
2026-07-01 11:19:00+00:00,68.89,68.89,68.89,68.89,1
2026-07-01 11:19:00+00:00,69.02,69.06,69.01,69.05,68
2026-07-01 11:20:00+00:00,68.89,68.89,68.89,68.89,1
2026-07-01 11:20:00+00:00,69.05,69.06,68.98,69.0,24
2026-07-01 11:21:00+00:00,68.99,69.02,68.97,69.01,19
2026-07-01 11:22:00+00:00,69.0,69.02,68.98,68.99,24
2026-07-01 11:23:00+00:00,68.82,68.82,68.82,68.82,5
2026-07-01 11:23:00+00:00,68.98,69.01,68.97,68.97,21
2026-07-01 11:24:00+00:00,68.8,68.86,68.8,68.86,4
2026-07-01 11:24:00+00:00,0.15,0.15,0.15,0.15,1
2026-07-01 11:24:00+00:00,68.96,69.02,68.95,68.99,47
2026-07-01 11:25:00+00:00,68.86,68.86,68.86,68.86,1
2026-07-01 11:25:00+00:00,69.02,69.02,68.97,69.0,74
2026-07-01 11:26:00+00:00,69.0,69.02,68.98,69.0,25
2026-07-01 11:26:00+00:00,68.17,68.17,68.17,68.17,2
2026-07-01 11:27:00+00:00,68.99,69.04,68.99,69.01,31
2026-07-01 11:27:00+00:00,68.85,68.85,68.85,68.85,1
2026-07-01 11:28:00+00:00,68.17,68.17,68.17,68.17,5
2026-07-01 11:28:00+00:00,69.01,69.03,68.96,68.96,31
2026-07-01 11:29:00+00:00,68.96,68.99,68.95,68.98,39
2026-07-01 11:30:00+00:00,68.15,68.15,68.15,68.15,2
2026-07-01 11:30:00+00:00,68.97,68.97,68.95,68.96,41
2026-07-01 11:31:00+00:00,68.95,68.98,68.93,68.98,50
2026-07-01 11:31:00+00:00,68.8,68.8,68.8,68.8,3
2026-07-01 11:32:00+00:00,68.77,68.77,68.74,68.74,3
2026-07-01 11:32:00+00:00,68.92,68.93,68.86,68.9,41
2026-07-01 11:33:00+00:00,68.61,68.61,68.61,68.61,1
2026-07-01 11:33:00+00:00,68.75,68.8,68.75,68.8,2
2026-07-01 11:33:00+00:00,0.19,0.19,0.19,0.19,1
2026-07-01 11:33:00+00:00,68.92,68.97,68.91,68.95,26
2026-07-01 11:34:00+00:00,0.22,0.22,0.22,0.22,3
2026-07-01 11:34:00+00:00,68.97,69.09,68.97,69.06,79
2026-07-01 11:34:00+00:00,0.17,0.17,0.17,0.17,3
2026-07-01 11:34:00+00:00,68.91,68.91,68.91,68.91,3
2026-07-01 11:34:00+00:00,0.21,0.21,0.21,0.21,6
2026-07-01 11:34:00+00:00,0.68,0.69,0.68,0.69,2
2026-07-01 11:35:00+00:00,0.16,0.16,0.16,0.16,1
2026-07-01 11:35:00+00:00,69.06,69.07,69.03,69.06,40
2026-07-01 11:35:00+00:00,68.9,68.9,68.87,68.88,4
2026-07-01 11:36:00+00:00,69.04,69.05,68.96,68.97,71
2026-07-01 11:36:00+00:00,68.87,68.87,68.87,68.87,1
2026-07-01 11:37:00+00:00,68.96,68.96,68.9,68.95,59
2026-07-01 11:37:00+00:00,68.77,68.77,68.76,68.76,2
2026-07-01 11:38:00+00:00,68.65,68.66,68.65,68.66,3
2026-07-01 11:38:00+00:00,68.85,68.85,68.85,68.85,1
2026-07-01 11:38:00+00:00,0.36,0.36,0.36,0.36,1
2026-07-01 11:38:00+00:00,68.96,69.03,68.96,69.03,40
2026-07-01 11:38:00+00:00,0.2,0.2,0.2,0.2,1
2026-07-01 11:39:00+00:00,68.87,68.87,68.87,68.87,4
2026-07-01 11:39:00+00:00,0.22,0.22,0.22,0.22,2
2026-07-01 11:39:00+00:00,69.03,69.07,69.03,69.06,48
2026-07-01 11:40:00+00:00,69.06,69.06,69.02,69.02,42
2026-07-01 11:40:00+00:00,68.88,68.89,68.85,68.85,3
2026-07-01 11:41:00+00:00,69.02,69.05,69.02,69.05,39
2026-07-01 11:42:00+00:00,69.04,69.06,69.01,69.03,40
2026-07-01 11:42:00+00:00,68.64,68.64,68.64,68.64,1
2026-07-01 11:42:00+00:00,68.87,68.88,68.87,68.88,2
2026-07-01 11:43:00+00:00,68.86,68.86,68.83,68.83,2
2026-07-01 11:43:00+00:00,69.03,69.05,68.97,68.97,19
2026-07-01 11:44:00+00:00,68.98,68.98,68.91,68.95,51
2026-07-01 11:44:00+00:00,68.78,68.78,68.78,68.78,1
2026-07-01 11:45:00+00:00,68.75,68.77,68.75,68.77,2
2026-07-01 11:45:00+00:00,68.93,68.97,68.92,68.96,78
2026-07-01 11:46:00+00:00,68.98,69.03,68.98,69.01,29
2026-07-01 11:47:00+00:00,69.03,69.03,68.98,68.99,35
2026-07-01 11:48:00+00:00,68.98,69.0,68.97,69.0,10
2026-07-01 11:49:00+00:00,0.22,0.22,0.22,0.22,2
2026-07-01 11:49:00+00:00,69.0,69.07,69.0,69.07,34
2026-07-01 11:49:00+00:00,68.87,68.88,68.87,68.88,3
2026-07-01 11:50:00+00:00,68.85,68.89,68.85,68.89,2
2026-07-01 11:50:00+00:00,69.05,69.08,69.03,69.08,40
2026-07-01 11:50:00+00:00,0.19,0.19,0.19,0.19,1
2026-07-01 11:51:00+00:00,68.19,68.19,68.19,68.19,1
2026-07-01 11:51:00+00:00,69.07,69.11,69.06,69.1,55
2026-07-01 11:51:00+00:00,68.88,68.88,68.88,68.88,1
2026-07-01 11:51:00+00:00,0.69,0.69,0.69,0.69,1
2026-07-01 11:52:00+00:00,0.19,0.19,0.19,0.19,2
2026-07-01 11:52:00+00:00,69.09,69.1,69.07,69.09,50
2026-07-01 11:52:00+00:00,68.9,68.9,68.88,68.9,6
2026-07-01 11:53:00+00:00,0.2,0.2,0.2,0.2,5
2026-07-01 11:53:00+00:00,68.74,68.74,68.74,68.74,1
2026-07-01 11:53:00+00:00,68.92,68.98,68.92,68.94,7
2026-07-01 11:53:00+00:00,68.25,68.25,68.25,68.25,1
2026-07-01 11:53:00+00:00,0.43,0.43,0.43,0.43,1
2026-07-01 11:53:00+00:00,69.1,69.19,69.1,69.15,228
2026-07-01 11:54:00+00:00,0.2,0.21,0.2,0.21,6
2026-07-01 11:54:00+00:00,68.97,68.97,68.93,68.95,8
2026-07-01 11:54:00+00:00,69.16,69.17,69.11,69.17,63
2026-07-01 11:55:00+00:00,0.2,0.2,0.19,0.19,14
2026-07-01 11:55:00+00:00,68.93,68.98,68.93,68.93,24
2026-07-01 11:55:00+00:00,69.15,69.17,69.11,69.15,65
2026-07-01 11:56:00+00:00,0.19,0.19,0.19,0.19,6
2026-07-01 11:56:00+00:00,68.95,68.95,68.92,68.94,12
2026-07-01 11:56:00+00:00,68.24,68.24,68.24,68.24,1
2026-07-01 11:56:00+00:00,0.7,0.7,0.7,0.7,1
2026-07-01 11:56:00+00:00,67.62,67.64,67.62,67.64,2
2026-07-01 11:56:00+00:00,69.13,69.17,69.09,69.15,50
2026-07-01 11:57:00+00:00,0.19,0.19,0.19,0.19,5
2026-07-01 11:57:00+00:00,68.94,68.97,68.93,68.97,12
2026-07-01 11:57:00+00:00,69.13,69.18,69.12,69.13,27
2026-07-01 11:58:00+00:00,0.19,0.2,0.19,0.2,2
2026-07-01 11:58:00+00:00,68.92,68.93,68.88,68.93,12
2026-07-01 11:58:00+00:00,0.72,0.72,0.72,0.72,2
2026-07-01 11:58:00+00:00,69.14,69.15,69.09,69.15,70
2026-07-01 11:59:00+00:00,68.96,68.96,68.96,68.96,1
2026-07-01 11:59:00+00:00,69.14,69.16,69.14,69.14,12
2026-07-01 12:00:00+00:00,69.15,69.15,69.1,69.15,59
2026-07-01 12:00:00+00:00,68.91,68.91,68.91,68.91,1
2026-07-01 12:01:00+00:00,0.2,0.2,0.2,0.2,1
2026-07-01 12:01:00+00:00,0.23,0.23,0.23,0.23,3
2026-07-01 12:01:00+00:00,68.95,68.97,68.95,68.97,2
2026-07-01 12:01:00+00:00,69.14,69.16,69.11,69.13,66
2026-07-01 12:02:00+00:00,0.23,0.23,0.23,0.23,3
2026-07-01 12:02:00+00:00,69.11,69.15,69.1,69.13,28
2026-07-01 12:02:00+00:00,68.92,68.94,68.92,68.94,5
2026-07-01 12:02:00+00:00,0.2,0.2,0.2,0.2,1
2026-07-01 12:03:00+00:00,68.97,68.97,68.96,68.97,5
2026-07-01 12:03:00+00:00,0.2,0.2,0.2,0.2,1
2026-07-01 12:03:00+00:00,0.23,0.23,0.23,0.23,3
2026-07-01 12:03:00+00:00,69.14,69.18,69.11,69.11,58
2026-07-01 12:03:00+00:00,0.74,0.75,0.74,0.75,2
2026-07-01 12:04:00+00:00,68.93,68.95,68.89,68.89,12
2026-07-01 12:04:00+00:00,69.14,69.14,69.06,69.09,68
2026-07-01 12:04:00+00:00,0.19,0.19,0.19,0.19,8
2026-07-01 12:05:00+00:00,69.09,69.09,68.98,69.03,142
2026-07-01 12:05:00+00:00,68.84,68.84,68.8,68.82,6
2026-07-01 12:05:00+00:00,0.19,0.19,0.18,0.18,9
2026-07-01 12:06:00+00:00,0.22,0.22,0.22,0.22,3
2026-07-01 12:06:00+00:00,68.81,68.85,68.81,68.85,3
2026-07-01 12:06:00+00:00,69.01,69.03,68.98,69.03,49
2026-07-01 12:06:00+00:00,0.18,0.18,0.18,0.18,9
2026-07-01 12:07:00+00:00,69.03,69.03,68.89,68.89,186
2026-07-01 12:07:00+00:00,68.78,68.78,68.75,68.75,7
2026-07-01 12:07:00+00:00,68.07,68.07,68.07,68.07,1
2026-07-01 12:07:00+00:00,68.55,68.55,68.55,68.55,1
2026-07-01 12:07:00+00:00,0.18,0.18,0.17,0.17,6
2026-07-01 12:08:00+00:00,68.92,68.97,68.87,68.9,153
2026-07-01 12:08:00+00:00,68.78,68.79,68.77,68.77,6
2026-07-01 12:08:00+00:00,0.17,0.17,0.16,0.16,5
2026-07-01 12:09:00+00:00,0.15,0.17,0.15,0.16,10
2026-07-01 12:09:00+00:00,68.74,68.77,68.74,68.77,9
2026-07-01 12:09:00+00:00,68.89,68.96,68.88,68.94,46
2026-07-01 12:10:00+00:00,0.16,0.16,0.16,0.16,6
2026-07-01 12:10:00+00:00,68.77,68.77,68.73,68.74,6
2026-07-01 12:10:00+00:00,68.93,68.93,68.88,68.89,63
2026-07-01 12:11:00+00:00,68.74,68.75,68.62,68.71,23
2026-07-01 12:11:00+00:00,0.16,0.16,0.14,0.15,8
2026-07-01 12:11:00+00:00,68.02,68.02,68.02,68.02,2
2026-07-01 12:11:00+00:00,68.89,68.92,68.75,68.82,324
2026-07-01 12:12:00+00:00,0.16,0.16,0.16,0.16,2
2026-07-01 12:12:00+00:00,68.55,68.55,68.55,68.55,1
2026-07-01 12:12:00+00:00,68.83,68.94,68.82,68.87,138
2026-07-01 12:12:00+00:00,68.75,68.75,68.68,68.68,6
2026-07-01 12:13:00+00:00,68.9,68.9,68.86,68.86,17
2026-07-01 12:14:00+00:00,0.14,0.14,0.14,0.14,2
2026-07-01 12:14:00+00:00,68.71,68.71,68.7,68.7,2
2026-07-01 12:14:00+00:00,68.88,68.9,68.83,68.83,71
2026-07-01 12:15:00+00:00,68.7,68.75,68.7,68.75,3
2026-07-01 12:15:00+00:00,68.84,68.9,68.83,68.9,36
2026-07-01 12:16:00+00:00,68.75,68.75,68.75,68.75,2
2026-07-01 12:16:00+00:00,68.9,68.93,68.88,68.9,43
2026-07-01 12:17:00+00:00,68.76,68.78,68.76,68.78,5
2026-07-01 12:17:00+00:00,68.91,68.94,68.91,68.94,38
2026-07-01 12:18:00+00:00,68.8,68.89,68.8,68.89,8
2026-07-01 12:18:00+00:00,68.65,68.65,68.65,68.65,1
2026-07-01 12:18:00+00:00,0.21,0.21,0.21,0.21,1
2026-07-01 12:18:00+00:00,0.15,0.15,0.15,0.15,5
2026-07-01 12:18:00+00:00,68.44,68.44,68.44,68.44,1
2026-07-01 12:18:00+00:00,68.2,68.2,68.2,68.2,1
2026-07-01 12:18:00+00:00,0.21,0.21,0.21,0.21,6
2026-07-01 12:18:00+00:00,68.95,69.05,68.95,69.04,140
2026-07-01 12:18:00+00:00,0.69,0.69,0.69,0.69,1
2026-07-01 12:19:00+00:00,68.69,68.69,68.69,68.69,1
2026-07-01 12:19:00+00:00,0.21,0.21,0.21,0.21,1
2026-07-01 12:19:00+00:00,0.7,0.72,0.7,0.72,3
2026-07-01 12:19:00+00:00,0.85,0.85,0.85,0.85,1
2026-07-01 12:19:00+00:00,68.9,68.96,68.9,68.95,16
2026-07-01 12:19:00+00:00,0.15,0.16,0.15,0.16,4
2026-07-01 12:19:00+00:00,68.22,68.26,68.22,68.23,5
2026-07-01 12:19:00+00:00,69.05,69.13,69.05,69.12,132
2026-07-01 12:20:00+00:00,69.11,69.12,68.91,68.91,133
2026-07-01 12:20:00+00:00,0.15,0.15,0.13,0.14,5
2026-07-01 12:20:00+00:00,68.94,68.94,68.81,68.81,18
2026-07-01 12:21:00+00:00,0.13,0.13,0.13,0.13,1
2026-07-01 12:21:00+00:00,68.77,68.84,68.77,68.84,4
2026-07-01 12:21:00+00:00,68.91,68.98,68.89,68.96,112
2026-07-01 12:22:00+00:00,68.99,69.04,68.99,69.02,106
2026-07-01 12:22:00+00:00,0.14,0.14,0.14,0.14,2
2026-07-01 12:22:00+00:00,68.88,68.89,68.87,68.87,11
2026-07-01 12:23:00+00:00,68.85,68.85,68.85,68.85,1
2026-07-01 12:23:00+00:00,69.02,69.02,68.95,68.95,39
2026-07-01 12:24:00+00:00,67.3,67.3,67.3,67.3,1
2026-07-01 12:24:00+00:00,68.82,68.82,68.8,68.81,6
2026-07-01 12:24:00+00:00,68.94,68.95,68.92,68.93,41
2026-07-01 12:25:00+00:00,0.13,0.13,0.13,0.13,4
2026-07-01 12:25:00+00:00,68.81,68.81,68.73,68.73,10
2026-07-01 12:25:00+00:00,68.93,68.94,68.84,68.86,100
2026-07-01 12:26:00+00:00,0.12,0.12,0.12,0.12,1
2026-07-01 12:26:00+00:00,68.73,68.74,68.68,68.68,7
2026-07-01 12:26:00+00:00,68.87,68.88,68.8,68.8,46
2026-07-01 12:27:00+00:00,68.71,68.71,68.71,68.71,2
2026-07-01 12:27:00+00:00,68.07,68.07,68.07,68.07,1
2026-07-01 12:27:00+00:00,68.81,68.85,68.8,68.85,38
2026-07-01 12:27:00+00:00,0.64,0.64,0.64,0.64,1
2026-07-01 12:28:00+00:00,68.55,68.55,68.55,68.55,1
2026-07-01 12:28:00+00:00,0.19,0.19,0.19,0.19,1
2026-07-01 12:28:00+00:00,68.84,68.9,68.84,68.9,96
2026-07-01 12:28:00+00:00,68.75,68.75,68.74,68.74,4
2026-07-01 12:29:00+00:00,68.9,68.92,68.88,68.9,48
2026-07-01 12:29:00+00:00,0.13,0.13,0.13,0.13,2
2026-07-01 12:29:00+00:00,68.77,68.77,68.76,68.76,4
2026-07-01 12:30:00+00:00,68.89,68.92,68.88,68.9,40
2026-07-01 12:30:00+00:00,68.79,68.79,68.79,68.79,1
2026-07-01 12:31:00+00:00,68.89,68.91,68.84,68.85,39
2026-07-01 12:31:00+00:00,0.12,0.12,0.12,0.12,1
2026-07-01 12:31:00+00:00,68.74,68.74,68.74,68.74,1
2026-07-01 12:32:00+00:00,0.12,0.12,0.12,0.12,1
2026-07-01 12:32:00+00:00,68.7,68.75,68.7,68.74,3
2026-07-01 12:32:00+00:00,0.18,0.18,0.18,0.18,1
2026-07-01 12:32:00+00:00,68.84,68.88,68.79,68.88,75
2026-07-01 12:33:00+00:00,68.1,68.1,68.1,68.1,1
2026-07-01 12:33:00+00:00,68.87,68.9,68.84,68.85,39
2026-07-01 12:34:00+00:00,67.51,67.51,67.51,67.51,1
2026-07-01 12:34:00+00:00,0.11,0.11,0.11,0.11,2
2026-07-01 12:34:00+00:00,68.7,68.7,68.64,68.64,6
2026-07-01 12:34:00+00:00,68.85,68.85,68.75,68.78,123
2026-07-01 12:35:00+00:00,68.77,68.86,68.76,68.84,48
2026-07-01 12:35:00+00:00,0.13,0.13,0.13,0.13,2
2026-07-01 12:35:00+00:00,68.65,68.72,68.65,68.7,8
2026-07-01 12:36:00+00:00,68.86,68.87,68.82,68.82,52
2026-07-01 12:36:00+00:00,68.72,68.73,68.72,68.72,4
2026-07-01 12:37:00+00:00,68.84,68.84,68.8,68.82,41
2026-07-01 12:37:00+00:00,68.71,68.71,68.71,68.71,1
2026-07-01 12:38:00+00:00,68.69,68.69,68.68,68.69,5
2026-07-01 12:38:00+00:00,0.18,0.18,0.18,0.18,2
2026-07-01 12:38:00+00:00,68.5,68.5,68.5,68.5,2
2026-07-01 12:38:00+00:00,68.81,68.82,68.79,68.8,25
2026-07-01 12:39:00+00:00,68.84,68.88,68.84,68.85,51
2026-07-01 12:40:00+00:00,0.13,0.13,0.12,0.12,3
2026-07-01 12:40:00+00:00,68.85,68.85,68.76,68.79,75
2026-07-01 12:40:00+00:00,68.71,68.71,68.66,68.67,5
2026-07-01 12:41:00+00:00,0.11,0.11,0.11,0.11,12
2026-07-01 12:41:00+00:00,67.24,67.24,67.24,67.24,1
2026-07-01 12:41:00+00:00,68.65,68.65,68.65,68.65,15
2026-07-01 12:41:00+00:00,68.77,68.79,68.74,68.74,65
2026-07-01 12:42:00+00:00,68.57,68.57,68.57,68.57,1
2026-07-01 12:42:00+00:00,68.7,68.74,68.7,68.74,3
2026-07-01 12:42:00+00:00,68.08,68.08,68.08,68.08,1
2026-07-01 12:42:00+00:00,0.17,0.17,0.17,0.17,1
2026-07-01 12:42:00+00:00,68.74,68.87,68.74,68.84,87
2026-07-01 12:42:00+00:00,0.62,0.62,0.62,0.62,1
2026-07-01 12:42:00+00:00,0.12,0.12,0.12,0.12,1
2026-07-01 12:43:00+00:00,68.84,68.91,68.82,68.87,104
2026-07-01 12:43:00+00:00,68.71,68.72,68.71,68.72,2
2026-07-01 12:43:00+00:00,0.3,0.3,0.3,0.3,1
2026-07-01 12:44:00+00:00,68.75,68.75,68.75,68.75,1
2026-07-01 12:44:00+00:00,68.86,68.9,68.85,68.89,82
2026-07-01 12:45:00+00:00,68.89,68.9,68.83,68.84,58
2026-07-01 12:45:00+00:00,68.74,68.74,68.71,68.71,2
2026-07-01 12:46:00+00:00,68.83,68.87,68.81,68.82,55
2026-07-01 12:47:00+00:00,68.03,68.03,68.03,68.03,1
2026-07-01 12:47:00+00:00,68.68,68.68,68.6,68.6,7
2026-07-01 12:47:00+00:00,68.82,68.82,68.73,68.74,109
2026-07-01 12:47:00+00:00,0.57,0.57,0.57,0.57,1
2026-07-01 12:47:00+00:00,0.13,0.13,0.12,0.12,2
2026-07-01 12:47:00+00:00,0.3,0.3,0.3,0.3,1
2026-07-01 12:48:00+00:00,68.61,68.64,68.61,68.64,4
2026-07-01 12:48:00+00:00,0.13,0.13,0.13,0.13,2
2026-07-01 12:48:00+00:00,68.72,68.78,68.71,68.77,80
2026-07-01 12:49:00+00:00,68.02,68.02,68.02,68.02,1
2026-07-01 12:49:00+00:00,0.12,0.12,0.12,0.12,3
2026-07-01 12:49:00+00:00,68.56,68.56,68.54,68.55,3
2026-07-01 12:49:00+00:00,68.75,68.77,68.65,68.66,165
2026-07-01 12:50:00+00:00,68.66,68.7,68.64,68.68,82
2026-07-01 12:50:00+00:00,0.12,0.12,0.12,0.12,1
2026-07-01 12:50:00+00:00,68.56,68.56,68.54,68.55,4
2026-07-01 12:51:00+00:00,68.45,68.45,68.45,68.45,1
2026-07-01 12:51:00+00:00,68.61,68.61,68.58,68.58,2
2026-07-01 12:51:00+00:00,68.7,68.75,68.69,68.7,44
2026-07-01 12:51:00+00:00,0.16,0.16,0.16,0.16,1
2026-07-01 12:52:00+00:00,68.57,68.58,68.57,68.58,2
2026-07-01 12:52:00+00:00,68.7,68.73,68.67,68.73,28
2026-07-01 12:52:00+00:00,0.12,0.12,0.12,0.12,1
2026-07-01 12:53:00+00:00,68.59,68.62,68.59,68.62,2
2026-07-01 12:53:00+00:00,68.73,68.75,68.71,68.73,39
2026-07-01 12:54:00+00:00,68.6,68.6,68.6,68.6,1
2026-07-01 12:54:00+00:00,68.74,68.75,68.71,68.73,24
2026-07-01 12:55:00+00:00,68.74,68.76,68.73,68.73,23
2026-07-01 12:55:00+00:00,68.6,68.64,68.6,68.62,6
2026-07-01 12:55:00+00:00,0.11,0.11,0.11,0.11,1
2026-07-01 12:56:00+00:00,68.67,68.67,68.66,68.66,3
2026-07-01 12:56:00+00:00,68.73,68.8,68.73,68.77,48
2026-07-01 12:57:00+00:00,0.11,0.12,0.11,0.12,3
2026-07-01 12:57:00+00:00,68.66,68.69,68.66,68.69,3
2026-07-01 12:57:00+00:00,68.78,68.81,68.76,68.8,58
2026-07-01 12:58:00+00:00,0.16,0.16,0.16,0.16,20
2026-07-01 12:58:00+00:00,68.7,68.7,68.68,68.68,5
2026-07-01 12:58:00+00:00,68.81,68.83,68.8,68.81,48
2026-07-01 12:59:00+00:00,0.11,0.11,0.11,0.11,1
2026-07-01 12:59:00+00:00,68.79,68.83,68.74,68.77,80
2026-07-01 12:59:00+00:00,68.65,68.65,68.65,68.65,2
2026-07-01 12:59:00+00:00,0.54,0.54,0.54,0.54,1
2026-07-01 13:00:00+00:00,0.23,0.23,0.23,0.23,2
2026-07-01 13:00:00+00:00,68.62,68.62,68.62,68.62,1
2026-07-01 13:00:00+00:00,68.71,68.83,68.71,68.81,14
2026-07-01 13:00:00+00:00,68.5,68.5,68.5,68.5,2
2026-07-01 13:00:00+00:00,68.22,68.27,68.22,68.27,3
2026-07-01 13:00:00+00:00,68.77,68.99,68.77,68.96,277
2026-07-01 13:01:00+00:00,0.13,0.13,0.13,0.13,8
2026-07-01 13:01:00+00:00,68.89,68.97,68.88,68.97,8
2026-07-01 13:01:00+00:00,68.32,68.32,68.32,68.32,1
2026-07-01 13:01:00+00:00,68.8,68.8,68.8,68.8,2
2026-07-01 13:01:00+00:00,0.17,0.17,0.17,0.17,2
2026-07-01 13:01:00+00:00,68.96,69.1,68.95,69.09,162
2026-07-01 13:02:00+00:00,0.38,0.38,0.38,0.38,10
2026-07-01 13:02:00+00:00,68.37,68.42,68.37,68.42,3
2026-07-01 13:02:00+00:00,68.96,69.03,68.94,69.0,21
2026-07-01 13:02:00+00:00,0.17,0.17,0.17,0.17,1
2026-07-01 13:02:00+00:00,68.79,68.79,68.79,68.79,1
2026-07-01 13:02:00+00:00,68.6,68.6,68.6,68.6,2
2026-07-01 13:02:00+00:00,69.09,69.17,69.07,69.12,280
2026-07-01 13:02:00+00:00,0.13,0.13,0.12,0.12,10
2026-07-01 13:02:00+00:00,0.6,0.61,0.6,0.61,4
2026-07-01 13:02:00+00:00,67.85,67.85,67.85,67.85,1
2026-07-01 13:03:00+00:00,0.12,0.12,0.11,0.12,7
2026-07-01 13:03:00+00:00,68.99,68.99,68.93,68.96,16
2026-07-01 13:03:00+00:00,69.12,69.14,69.01,69.07,323
2026-07-01 13:03:00+00:00,68.78,68.78,68.78,68.78,1
2026-07-01 13:03:00+00:00,0.17,0.17,0.17,0.17,1
2026-07-01 13:04:00+00:00,0.38,0.38,0.38,0.38,6
2026-07-01 13:04:00+00:00,67.83,67.83,67.83,67.83,1
2026-07-01 13:04:00+00:00,69.06,69.1,69.03,69.07,91
2026-07-01 13:05:00+00:00,0.18,0.18,0.18,0.18,1
2026-07-01 13:05:00+00:00,69.05,69.3,69.04,69.24,547
2026-07-01 13:05:00+00:00,68.84,68.89,68.84,68.89,2
2026-07-01 13:05:00+00:00,0.13,0.15,0.13,0.15,21
2026-07-01 13:05:00+00:00,68.98,69.14,68.97,69.07,32
2026-07-01 13:05:00+00:00,0.39,0.39,0.39,0.39,1
2026-07-01 13:06:00+00:00,0.13,0.13,0.13,0.13,2
2026-07-01 13:06:00+00:00,69.1,69.1,68.99,68.99,7
2026-07-01 13:06:00+00:00,69.24,69.24,69.1,69.11,147
2026-07-01 13:06:00+00:00,0.61,0.61,0.61,0.61,1
2026-07-01 13:07:00+00:00,68.82,68.82,68.82,68.82,1
2026-07-01 13:07:00+00:00,0.13,0.13,0.13,0.13,4
2026-07-01 13:07:00+00:00,69.01,69.04,69.01,69.02,5
2026-07-01 13:07:00+00:00,0.19,0.19,0.19,0.19,1
2026-07-01 13:07:00+00:00,69.12,69.2,69.12,69.18,165
2026-07-01 13:08:00+00:00,69.02,69.02,68.99,68.99,3
2026-07-01 13:08:00+00:00,69.17,69.18,69.11,69.11,134
2026-07-01 13:08:00+00:00,0.12,0.12,0.12,0.12,2
2026-07-01 13:09:00+00:00,69.1,69.11,69.07,69.11,67
2026-07-01 13:09:00+00:00,68.96,68.96,68.96,68.96,1
2026-07-01 13:10:00+00:00,0.12,0.12,0.12,0.12,2
2026-07-01 13:10:00+00:00,68.96,68.96,68.93,68.93,3
2026-07-01 13:10:00+00:00,69.09,69.12,69.03,69.09,105
2026-07-01 13:11:00+00:00,0.13,0.13,0.13,0.13,1
2026-07-01 13:11:00+00:00,69.01,69.06,69.01,69.06,4
2026-07-01 13:11:00+00:00,69.1,69.21,69.1,69.18,104
2026-07-01 13:11:00+00:00,68.4,68.4,68.4,68.4,1
2026-07-01 13:12:00+00:00,69.07,69.07,68.97,68.98,3
2026-07-01 13:12:00+00:00,69.18,69.22,69.09,69.1,81
2026-07-01 13:13:00+00:00,68.79,68.79,68.78,68.78,3
2026-07-01 13:13:00+00:00,69.1,69.14,69.1,69.14,47
2026-07-01 13:13:00+00:00,69.01,69.01,68.97,69.0,4
2026-07-01 13:13:00+00:00,0.19,0.19,0.19,0.19,2
2026-07-01 13:14:00+00:00,68.99,68.99,68.99,68.99,1
2026-07-01 13:14:00+00:00,0.13,0.13,0.13,0.13,1
2026-07-01 13:14:00+00:00,69.13,69.15,69.1,69.14,36
2026-07-01 13:15:00+00:00,69.13,69.13,69.08,69.1,25
2026-07-01 13:16:00+00:00,0.12,0.12,0.12,0.12,2
2026-07-01 13:16:00+00:00,68.98,68.98,68.9,68.9,4
2026-07-01 13:16:00+00:00,0.31,0.31,0.31,0.31,1
2026-07-01 13:16:00+00:00,69.11,69.15,69.0,69.02,96
2026-07-01 13:16:00+00:00,68.81,68.81,68.81,68.81,1
2026-07-01 13:17:00+00:00,68.86,68.86,68.85,68.85,2
2026-07-01 13:17:00+00:00,69.02,69.02,68.95,68.95,130
2026-07-01 13:18:00+00:00,68.44,68.44,68.44,68.44,1
2026-07-01 13:18:00+00:00,68.22,68.22,68.22,68.22,1
2026-07-01 13:18:00+00:00,68.96,68.98,68.92,68.97,127
2026-07-01 13:18:00+00:00,0.22,0.22,0.22,0.22,1
2026-07-01 13:18:00+00:00,0.13,0.13,0.13,0.13,1
2026-07-01 13:18:00+00:00,68.84,68.85,68.81,68.85,8
2026-07-01 13:19:00+00:00,68.88,68.88,68.83,68.83,4
2026-07-01 13:19:00+00:00,68.95,69.01,68.93,68.96,70
2026-07-01 13:19:00+00:00,0.13,0.13,0.12,0.12,2
2026-07-01 13:20:00+00:00,68.8,68.8,68.78,68.78,2
2026-07-01 13:20:00+00:00,68.96,68.96,68.87,68.9,80
2026-07-01 13:20:00+00:00,0.12,0.12,0.12,0.12,1
2026-07-01 13:20:00+00:00,68.19,68.19,68.19,68.19,1
2026-07-01 13:21:00+00:00,68.81,68.81,68.78,68.78,5
2026-07-01 13:21:00+00:00,0.12,0.12,0.12,0.12,10
2026-07-01 13:21:00+00:00,68.91,68.96,68.88,68.92,59
2026-07-01 13:22:00+00:00,68.92,68.96,68.9,68.95,49
2026-07-01 13:22:00+00:00,68.8,68.8,68.79,68.8,3
2026-07-01 13:22:00+00:00,0.12,0.12,0.12,0.12,2
2026-07-01 13:23:00+00:00,68.8,68.8,68.8,68.8,1
2026-07-01 13:23:00+00:00,68.92,68.95,68.86,68.92,76
2026-07-01 13:24:00+00:00,68.93,68.99,68.91,68.98,42
2026-07-01 13:25:00+00:00,68.86,68.86,68.86,68.86,2
2026-07-01 13:25:00+00:00,68.99,69.03,68.98,68.98,55
2026-07-01 13:26:00+00:00,68.84,68.84,68.84,68.84,1
2026-07-01 13:26:00+00:00,68.97,68.99,68.95,68.98,26
2026-07-01 13:27:00+00:00,68.97,69.0,68.94,69.0,24
2026-07-01 13:27:00+00:00,68.84,68.84,68.8,68.81,4
2026-07-01 13:28:00+00:00,68.98,69.01,68.95,68.98,21
2026-07-01 13:29:00+00:00,68.83,68.83,68.72,68.72,4
2026-07-01 13:29:00+00:00,68.57,68.57,68.57,68.57,1
2026-07-01 13:29:00+00:00,0.12,0.12,0.12,0.12,2
2026-07-01 13:29:00+00:00,68.98,68.98,68.84,68.88,98
2026-07-01 13:30:00+00:00,68.76,68.76,68.74,68.76,5
2026-07-01 13:30:00+00:00,68.87,68.91,68.8,68.86,149
2026-07-01 13:30:00+00:00,0.12,0.12,0.12,0.12,4
2026-07-01 13:30:00+00:00,68.17,68.17,68.12,68.12,2
2026-07-01 13:31:00+00:00,68.85,68.87,68.79,68.84,78
2026-07-01 13:31:00+00:00,0.12,0.14,0.12,0.14,29
2026-07-01 13:31:00+00:00,68.5,68.5,68.5,68.5,1
2026-07-01 13:31:00+00:00,68.71,68.71,68.71,68.71,1
2026-07-01 13:32:00+00:00,68.85,68.89,68.82,68.87,111
2026-07-01 13:32:00+00:00,0.12,0.12,0.12,0.12,1
2026-07-01 13:32:00+00:00,68.73,68.73,68.71,68.72,5
2026-07-01 13:33:00+00:00,68.77,68.77,68.76,68.76,2
2026-07-01 13:33:00+00:00,68.86,68.9,68.82,68.84,119
2026-07-01 13:33:00+00:00,0.12,0.12,0.12,0.12,7
2026-07-01 13:34:00+00:00,68.84,68.88,68.75,68.77,171
2026-07-01 13:34:00+00:00,68.7,68.74,68.65,68.65,13
2026-07-01 13:34:00+00:00,0.13,0.13,0.11,0.11,5
2026-07-01 13:34:00+00:00,68.5,68.5,68.5,68.5,1
2026-07-01 13:35:00+00:00,0.11,0.11,0.11,0.11,1
2026-07-01 13:35:00+00:00,68.77,68.86,68.76,68.83,144
2026-07-01 13:35:00+00:00,68.3,68.3,68.3,68.3,1
2026-07-01 13:35:00+00:00,68.67,68.75,68.67,68.72,5
2026-07-01 13:36:00+00:00,0.11,0.11,0.11,0.11,5
2026-07-01 13:36:00+00:00,68.81,68.9,68.8,68.83,152
2026-07-01 13:36:00+00:00,68.7,68.8,68.7,68.8,10
2026-07-01 13:37:00+00:00,0.12,0.12,0.12,0.12,1
2026-07-01 13:37:00+00:00,68.81,68.86,68.78,68.78,5
2026-07-01 13:37:00+00:00,68.86,68.99,68.84,68.87,119
2026-07-01 13:38:00+00:00,68.8,68.8,68.8,68.8,1
2026-07-01 13:38:00+00:00,0.09,0.09,0.09,0.09,1
2026-07-01 13:38:00+00:00,68.87,68.9,68.85,68.89,44
2026-07-01 13:39:00+00:00,68.82,68.82,68.82,68.82,3
2026-07-01 13:39:00+00:00,68.88,68.93,68.87,68.9,49
2026-07-01 13:40:00+00:00,68.91,68.93,68.81,68.82,82
2026-07-01 13:40:00+00:00,68.8,68.8,68.79,68.79,2
2026-07-01 13:40:00+00:00,0.15,0.15,0.15,0.15,6
2026-07-01 13:40:00+00:00,0.08,0.08,0.08,0.08,1
2026-07-01 13:40:00+00:00,0.52,0.52,0.52,0.52,1
2026-07-01 13:41:00+00:00,68.82,68.88,68.82,68.88,123
2026-07-01 13:41:00+00:00,68.76,68.76,68.75,68.76,3
2026-07-01 13:41:00+00:00,0.09,0.09,0.09,0.09,1
2026-07-01 13:42:00+00:00,68.84,68.84,68.84,68.84,1
2026-07-01 13:42:00+00:00,68.32,68.32,68.32,68.32,1
2026-07-01 13:42:00+00:00,68.89,68.96,68.89,68.94,66
2026-07-01 13:43:00+00:00,0.14,0.14,0.14,0.14,1
2026-07-01 13:43:00+00:00,68.72,68.72,68.72,68.72,1
2026-07-01 13:43:00+00:00,68.86,68.86,68.86,68.86,2
2026-07-01 13:43:00+00:00,68.95,68.95,68.92,68.95,32
2026-07-01 13:44:00+00:00,0.1,0.1,0.1,0.1,9
2026-07-01 13:44:00+00:00,68.95,68.97,68.85,68.88,61
2026-07-01 13:44:00+00:00,68.83,68.83,68.78,68.78,3
2026-07-01 13:45:00+00:00,68.37,68.37,68.37,68.37,1
2026-07-01 13:45:00+00:00,68.79,68.91,68.79,68.88,4
2026-07-01 13:45:00+00:00,68.89,69.02,68.89,68.99,77
2026-07-01 13:46:00+00:00,68.92,68.93,68.92,68.93,5
2026-07-01 13:46:00+00:00,69.01,69.04,68.99,69.01,82
2026-07-01 13:46:00+00:00,0.09,0.09,0.09,0.09,1
2026-07-01 13:46:00+00:00,0.54,0.54,0.54,0.54,1
2026-07-01 13:46:00+00:00,68.39,68.4,68.39,68.4,2
2026-07-01 13:47:00+00:00,69.0,69.08,68.99,69.07,137
2026-07-01 13:47:00+00:00,0.09,0.09,0.09,0.09,4
2026-07-01 13:47:00+00:00,68.9,68.97,68.9,68.97,4
2026-07-01 13:47:00+00:00,68.39,68.42,68.39,68.42,2
2026-07-01 13:48:00+00:00,68.8,68.8,68.8,68.8,1
2026-07-01 13:48:00+00:00,0.15,0.15,0.15,0.15,1
2026-07-01 13:48:00+00:00,68.95,68.95,68.95,68.95,1
2026-07-01 13:48:00+00:00,69.07,69.07,69.01,69.02,55
2026-07-01 13:49:00+00:00,68.9,68.9,68.9,68.9,2
2026-07-01 13:49:00+00:00,69.02,69.06,68.97,69.0,62
2026-07-01 13:50:00+00:00,69.0,69.03,69.0,69.02,42
2026-07-01 13:50:00+00:00,68.91,68.91,68.91,68.91,1
2026-07-01 13:50:00+00:00,0.09,0.09,0.09,0.09,1
2026-07-01 13:50:00+00:00,68.79,68.79,68.79,68.79,1
2026-07-01 13:51:00+00:00,68.93,68.96,68.89,68.96,25
2026-07-01 13:51:00+00:00,69.02,69.08,68.98,69.07,90
2026-07-01 13:51:00+00:00,0.16,0.16,0.16,0.16,9
2026-07-01 13:51:00+00:00,68.77,68.77,68.72,68.76,11
2026-07-01 13:51:00+00:00,0.1,0.1,0.1,0.1,13
2026-07-01 13:51:00+00:00,0.3,0.3,0.3,0.3,2
2026-07-01 13:52:00+00:00,0.1,0.1,0.1,0.1,5
2026-07-01 13:52:00+00:00,68.95,69.01,68.95,68.99,10
2026-07-01 13:52:00+00:00,68.82,68.82,68.8,68.8,3
2026-07-01 13:52:00+00:00,0.16,0.16,0.16,0.16,2
2026-07-01 13:52:00+00:00,69.07,69.11,69.05,69.08,83
2026-07-01 13:52:00+00:00,68.47,68.47,68.47,68.47,1
2026-07-01 13:53:00+00:00,0.09,0.1,0.09,0.1,2
2026-07-01 13:53:00+00:00,68.49,68.52,68.49,68.52,2
2026-07-01 13:53:00+00:00,68.96,69.04,68.96,69.04,4
2026-07-01 13:53:00+00:00,69.09,69.15,69.04,69.13,119
2026-07-01 13:54:00+00:00,68.74,68.74,68.74,68.74,1
2026-07-01 13:54:00+00:00,69.04,69.04,68.97,68.97,3
2026-07-01 13:54:00+00:00,69.15,69.16,69.06,69.07,102
2026-07-01 13:55:00+00:00,0.1,0.1,0.1,0.1,2
2026-07-01 13:55:00+00:00,69.06,69.11,69.06,69.11,57
2026-07-01 13:55:00+00:00,68.99,69.0,68.99,69.0,4
2026-07-01 13:56:00+00:00,0.55,0.55,0.55,0.55,1
2026-07-01 13:56:00+00:00,69.11,69.12,69.03,69.1,102
2026-07-01 13:57:00+00:00,69.0,69.0,68.99,69.0,6
2026-07-01 13:57:00+00:00,69.11,69.11,69.07,69.09,59
2026-07-01 13:57:00+00:00,0.11,0.11,0.09,0.09,3
2026-07-01 13:58:00+00:00,69.01,69.01,69.01,69.01,1
2026-07-01 13:58:00+00:00,69.09,69.12,69.08,69.11,30
2026-07-01 13:59:00+00:00,0.09,0.09,0.09,0.09,2
2026-07-01 13:59:00+00:00,68.99,69.01,68.99,69.01,4
2026-07-01 13:59:00+00:00,69.11,69.13,69.04,69.09,67
2026-07-01 14:00:00+00:00,68.81,68.81,68.76,68.76,20
2026-07-01 14:00:00+00:00,69.07,69.14,69.03,69.05,118
2026-07-01 14:00:00+00:00,0.3,0.3,0.3,0.3,3
2026-07-01 14:00:00+00:00,68.97,69.03,68.93,69.0,14
2026-07-01 14:00:00+00:00,0.1,0.1,0.09,0.09,4
2026-07-01 14:00:00+00:00,0.15,0.17,0.15,0.17,9
2026-07-01 14:01:00+00:00,69.05,69.06,68.88,68.91,269
2026-07-01 14:01:00+00:00,0.15,0.15,0.15,0.15,1
2026-07-01 14:01:00+00:00,68.92,68.92,68.85,68.86,10
2026-07-01 14:01:00+00:00,68.69,68.69,68.69,68.69,1
2026-07-01 14:01:00+00:00,0.09,0.09,0.08,0.08,4
2026-07-01 14:01:00+00:00,68.54,68.54,68.54,68.54,1
2026-07-01 14:01:00+00:00,68.32,68.32,68.32,68.32,1
2026-07-01 14:02:00+00:00,68.86,68.86,68.83,68.83,3
2026-07-01 14:02:00+00:00,68.92,68.94,68.9,68.9,80
2026-07-01 14:02:00+00:00,0.08,0.08,0.08,0.08,2
2026-07-01 14:03:00+00:00,0.09,0.1,0.09,0.1,3
2026-07-01 14:03:00+00:00,68.93,69.01,68.93,68.98,107
2026-07-01 14:03:00+00:00,68.85,68.92,68.85,68.91,14
2026-07-01 14:04:00+00:00,0.16,0.16,0.16,0.16,1
2026-07-01 14:04:00+00:00,68.97,69.03,68.91,69.0,73
2026-07-01 14:04:00+00:00,68.72,68.72,68.72,68.72,1
2026-07-01 14:04:00+00:00,0.09,0.09,0.09,0.09,3
2026-07-01 14:04:00+00:00,68.88,68.92,68.85,68.92,17
2026-07-01 14:05:00+00:00,68.68,68.68,68.68,68.68,1
2026-07-01 14:05:00+00:00,0.16,0.16,0.15,0.15,4
2026-07-01 14:05:00+00:00,68.97,68.99,68.89,68.89,51
2026-07-01 14:06:00+00:00,68.81,68.81,68.79,68.8,5
2026-07-01 14:06:00+00:00,0.15,0.15,0.15,0.15,1
2026-07-01 14:06:00+00:00,0.52,0.52,0.52,0.52,1
2026-07-01 14:06:00+00:00,68.65,68.65,68.65,68.65,1
2026-07-01 14:06:00+00:00,0.08,0.08,0.08,0.08,1
2026-07-01 14:06:00+00:00,68.29,68.29,68.27,68.27,2
2026-07-01 14:06:00+00:00,68.89,68.92,68.86,68.89,63
2026-07-01 14:07:00+00:00,68.89,68.95,68.85,68.92,69
2026-07-01 14:07:00+00:00,0.52,0.52,0.52,0.52,1
2026-07-01 14:07:00+00:00,68.27,68.27,68.27,68.27,1
2026-07-01 14:07:00+00:00,68.79,68.82,68.78,68.82,3
2026-07-01 14:08:00+00:00,68.91,68.92,68.88,68.9,46
2026-07-01 14:08:00+00:00,68.8,68.8,68.8,68.8,2
2026-07-01 14:09:00+00:00,68.65,68.65,68.65,68.65,1
2026-07-01 14:09:00+00:00,0.1,0.1,0.1,0.1,2
2026-07-01 14:09:00+00:00,68.79,68.8,68.77,68.8,7
2026-07-01 14:09:00+00:00,68.9,68.93,68.87,68.92,60
2026-07-01 14:10:00+00:00,68.62,68.62,68.62,68.62,1
2026-07-01 14:10:00+00:00,0.1,0.1,0.1,0.1,1
2026-07-01 14:10:00+00:00,68.76,68.76,68.76,68.76,2
2026-07-01 14:10:00+00:00,68.22,68.22,68.22,68.22,1
2026-07-01 14:10:00+00:00,68.9,68.9,68.84,68.86,63
2026-07-01 14:11:00+00:00,68.58,68.58,68.58,68.58,1
2026-07-01 14:11:00+00:00,68.86,68.87,68.8,68.83,85
2026-07-01 14:11:00+00:00,68.77,68.77,68.73,68.73,3
2026-07-01 14:11:00+00:00,0.15,0.15,0.15,0.15,1
2026-07-01 14:12:00+00:00,0.09,0.09,0.09,0.09,1
2026-07-01 14:12:00+00:00,68.55,68.55,68.55,68.55,1
2026-07-01 14:12:00+00:00,68.72,68.72,68.71,68.71,3
2026-07-01 14:12:00+00:00,0.16,0.16,0.16,0.16,1
2026-07-01 14:12:00+00:00,68.83,68.87,68.78,68.87,101
2026-07-01 14:13:00+00:00,68.89,68.89,68.84,68.84,63
2026-07-01 14:13:00+00:00,68.75,68.75,68.75,68.75,1
2026-07-01 14:14:00+00:00,68.83,68.89,68.83,68.89,26
2026-07-01 14:15:00+00:00,68.9,68.96,68.9,68.92,83
2026-07-01 14:15:00+00:00,68.65,68.65,68.65,68.65,1
2026-07-01 14:15:00+00:00,68.81,68.82,68.81,68.81,5
2026-07-01 14:15:00+00:00,0.11,0.11,0.11,0.11,1
2026-07-01 14:15:00+00:00,0.16,0.16,0.16,0.16,1
2026-07-01 14:16:00+00:00,0.1,0.1,0.1,0.1,2
2026-07-01 14:16:00+00:00,68.76,68.76,68.76,68.76,2
2026-07-01 14:16:00+00:00,68.9,68.9,68.83,68.83,43
2026-07-01 14:17:00+00:00,68.73,68.73,68.73,68.73,1
2026-07-01 14:17:00+00:00,68.19,68.19,68.19,68.19,1
2026-07-01 14:17:00+00:00,68.84,68.87,68.8,68.84,71
2026-07-01 14:18:00+00:00,68.74,68.79,68.74,68.79,3
2026-07-01 14:18:00+00:00,68.82,68.9,68.82,68.9,23
2026-07-01 14:19:00+00:00,68.77,68.77,68.77,68.77,1
2026-07-01 14:19:00+00:00,68.86,68.88,68.86,68.86,16
2026-07-01 14:20:00+00:00,68.76,68.76,68.72,68.73,8
2026-07-01 14:20:00+00:00,68.86,68.86,68.82,68.84,31
2026-07-01 14:21:00+00:00,68.75,68.75,68.71,68.71,3
2026-07-01 14:21:00+00:00,0.09,0.09,0.09,0.09,2
2026-07-01 14:21:00+00:00,68.83,68.84,68.8,68.8,58
2026-07-01 14:22:00+00:00,68.82,68.86,68.81,68.84,21
2026-07-01 14:22:00+00:00,68.21,68.21,68.21,68.21,1
2026-07-01 14:23:00+00:00,68.76,68.76,68.76,68.76,1
2026-07-01 14:23:00+00:00,68.85,68.85,68.81,68.81,17
2026-07-01 14:24:00+00:00,0.09,0.09,0.09,0.09,8
2026-07-01 14:24:00+00:00,68.75,68.75,68.75,68.75,5
2026-07-01 14:24:00+00:00,68.84,68.84,68.82,68.82,13
2026-07-01 14:25:00+00:00,0.09,0.09,0.09,0.09,3
2026-07-01 14:25:00+00:00,68.8,68.8,68.8,68.8,1
2026-07-01 14:25:00+00:00,68.84,68.92,68.83,68.9,115
2026-07-01 14:26:00+00:00,68.93,68.93,68.8,68.82,72
2026-07-01 14:26:00+00:00,0.11,0.11,0.11,0.11,6
2026-07-01 14:26:00+00:00,68.8,68.8,68.73,68.73,10
2026-07-01 14:27:00+00:00,68.69,68.69,68.63,68.63,7
2026-07-01 14:27:00+00:00,68.82,68.82,68.72,68.74,229
2026-07-01 14:27:00+00:00,68.17,68.17,68.12,68.12,2
2026-07-01 14:27:00+00:00,0.52,0.52,0.52,0.52,2
2026-07-01 14:27:00+00:00,68.54,68.54,68.5,68.5,2
2026-07-01 14:27:00+00:00,0.1,0.1,0.1,0.1,4
2026-07-01 14:28:00+00:00,0.11,0.11,0.11,0.11,1
2026-07-01 14:28:00+00:00,68.66,68.68,68.66,68.68,4
2026-07-01 14:28:00+00:00,68.74,68.82,68.74,68.79,74
2026-07-01 14:29:00+00:00,0.15,0.15,0.15,0.15,3
2026-07-01 14:29:00+00:00,0.12,0.12,0.12,0.12,1
2026-07-01 14:29:00+00:00,68.8,68.83,68.76,68.78,68
2026-07-01 14:29:00+00:00,68.69,68.7,68.69,68.7,2
2026-07-01 14:30:00+00:00,68.69,68.75,68.69,68.75,6
2026-07-01 14:30:00+00:00,68.77,68.88,68.77,68.8,132
2026-07-01 14:31:00+00:00,68.65,68.65,68.59,68.65,9
2026-07-01 14:31:00+00:00,68.79,68.81,68.69,68.75,204
2026-07-01 14:31:00+00:00,68.43,68.43,68.43,68.43,4
2026-07-01 14:31:00+00:00,0.11,0.11,0.11,0.11,2
2026-07-01 14:31:00+00:00,68.07,68.07,68.07,68.07,1
2026-07-01 14:32:00+00:00,68.69,68.75,68.69,68.71,14
2026-07-01 14:32:00+00:00,68.77,68.87,68.77,68.85,133
2026-07-01 14:32:00+00:00,0.12,0.12,0.12,0.12,2
2026-07-01 14:33:00+00:00,68.83,68.85,68.7,68.72,80
2026-07-01 14:33:00+00:00,68.7,68.7,68.62,68.63,5
2026-07-01 14:34:00+00:00,68.5,68.5,68.5,68.5,1
2026-07-01 14:34:00+00:00,68.65,68.68,68.65,68.68,4
2026-07-01 14:34:00+00:00,68.73,68.82,68.73,68.77,55
2026-07-01 14:35:00+00:00,68.78,68.86,68.78,68.79,88
2026-07-01 14:36:00+00:00,68.6,68.61,68.6,68.61,3
2026-07-01 14:36:00+00:00,68.78,68.8,68.71,68.78,92
2026-07-01 14:37:00+00:00,68.68,68.68,68.68,68.68,1
2026-07-01 14:37:00+00:00,68.78,68.8,68.77,68.79,37
2026-07-01 14:37:00+00:00,0.11,0.11,0.11,0.11,3
2026-07-01 14:38:00+00:00,0.11,0.11,0.11,0.11,3
2026-07-01 14:38:00+00:00,0.16,0.16,0.15,0.15,2
2026-07-01 14:38:00+00:00,68.2,68.2,68.2,68.2,1
2026-07-01 14:38:00+00:00,68.55,68.57,68.55,68.57,2
2026-07-01 14:38:00+00:00,68.71,68.72,68.71,68.71,6
2026-07-01 14:38:00+00:00,68.8,68.87,68.8,68.82,66
2026-07-01 14:39:00+00:00,68.82,68.86,68.79,68.86,44
2026-07-01 14:39:00+00:00,0.11,0.11,0.11,0.11,1
2026-07-01 14:39:00+00:00,68.72,68.74,68.72,68.74,2
2026-07-01 14:40:00+00:00,0.1,0.11,0.1,0.11,5
2026-07-01 14:40:00+00:00,68.81,68.82,68.71,68.74,68
2026-07-01 14:40:00+00:00,68.66,68.67,68.66,68.67,2
2026-07-01 14:41:00+00:00,0.09,0.09,0.09,0.09,1
2026-07-01 14:41:00+00:00,68.61,68.61,68.54,68.54,7
2026-07-01 14:41:00+00:00,68.74,68.75,68.63,68.65,158
2026-07-01 14:41:00+00:00,68.06,68.06,68.06,68.06,1
2026-07-01 14:41:00+00:00,0.5,0.5,0.5,0.5,1
2026-07-01 14:41:00+00:00,68.49,68.49,68.49,68.49,1
2026-07-01 14:42:00+00:00,68.59,68.59,68.59,68.59,3
2026-07-01 14:42:00+00:00,68.65,68.71,68.65,68.7,81
2026-07-01 14:43:00+00:00,68.7,68.75,68.58,68.62,204
2026-07-01 14:43:00+00:00,0.49,0.49,0.49,0.49,1
2026-07-01 14:43:00+00:00,68.63,68.64,68.54,68.54,5
2026-07-01 14:44:00+00:00,68.62,68.71,68.58,68.66,125
2026-07-01 14:44:00+00:00,68.54,68.6,68.53,68.6,7
2026-07-01 14:45:00+00:00,0.07,0.07,0.07,0.07,2
2026-07-01 14:45:00+00:00,68.57,68.57,68.55,68.55,7
2026-07-01 14:45:00+00:00,68.64,68.7,68.63,68.67,107
2026-07-01 14:46:00+00:00,0.06,0.06,0.06,0.06,3
2026-07-01 14:46:00+00:00,68.58,68.58,68.52,68.52,4
2026-07-01 14:46:00+00:00,68.65,68.69,68.57,68.64,145
2026-07-01 14:47:00+00:00,68.54,68.54,68.45,68.46,21
2026-07-01 14:47:00+00:00,0.12,0.12,0.12,0.12,1
2026-07-01 14:47:00+00:00,68.64,68.64,68.5,68.53,308
2026-07-01 14:47:00+00:00,0.07,0.07,0.06,0.06,6
2026-07-01 14:47:00+00:00,68.02,68.02,68.02,68.02,1
2026-07-01 14:47:00+00:00,68.36,68.36,68.35,68.35,5
2026-07-01 14:48:00+00:00,0.07,0.08,0.06,0.06,13
2026-07-01 14:48:00+00:00,68.17,68.17,68.17,68.17,1
2026-07-01 14:48:00+00:00,68.46,68.48,68.31,68.34,36
2026-07-01 14:48:00+00:00,68.54,68.57,68.36,68.44,731
2026-07-01 14:48:00+00:00,67.97,67.97,67.87,67.87,3
2026-07-01 14:48:00+00:00,68.31,68.31,68.2,68.2,2
2026-07-01 14:49:00+00:00,0.08,0.08,0.07,0.07,5
2026-07-01 14:49:00+00:00,68.38,68.41,68.36,68.36,18
2026-07-01 14:49:00+00:00,68.44,68.49,68.41,68.45,179
2026-07-01 14:49:00+00:00,0.45,0.46,0.45,0.46,2
2026-07-01 14:49:00+00:00,67.93,67.93,67.93,67.93,2
2026-07-01 14:50:00+00:00,68.37,68.4,68.26,68.26,10
2026-07-01 14:50:00+00:00,0.18,0.18,0.18,0.18,1
2026-07-01 14:50:00+00:00,67.41,67.41,67.41,67.41,1
2026-07-01 14:50:00+00:00,68.0,68.0,68.0,68.0,1
2026-07-01 14:50:00+00:00,67.92,67.92,67.82,67.82,2
2026-07-01 14:50:00+00:00,68.45,68.48,68.33,68.39,237
2026-07-01 14:50:00+00:00,0.18,0.18,0.18,0.18,1
2026-07-01 14:50:00+00:00,0.44,0.44,0.44,0.44,1
2026-07-01 14:50:00+00:00,68.18,68.18,68.18,68.18,1
2026-07-01 14:50:00+00:00,0.08,0.08,0.07,0.07,3
2026-07-01 14:51:00+00:00,0.06,0.07,0.06,0.07,7
2026-07-01 14:51:00+00:00,68.27,68.29,68.24,68.26,11
2026-07-01 14:51:00+00:00,68.37,68.41,68.3,68.35,321
2026-07-01 14:52:00+00:00,68.16,68.16,68.1,68.11,6
2026-07-01 14:52:00+00:00,0.05,0.05,0.05,0.05,2
2026-07-01 14:52:00+00:00,68.34,68.35,68.23,68.29,342
2026-07-01 14:52:00+00:00,67.82,67.82,67.82,67.82,1
2026-07-01 14:52:00+00:00,67.15,67.15,67.15,67.15,1
2026-07-01 14:52:00+00:00,68.27,68.27,68.2,68.2,21
2026-07-01 14:52:00+00:00,0.15,0.15,0.15,0.15,1
2026-07-01 14:53:00+00:00,68.23,68.23,68.22,68.22,10
2026-07-01 14:53:00+00:00,0.06,0.06,0.06,0.06,1
2026-07-01 14:53:00+00:00,68.3,68.32,68.28,68.29,179
2026-07-01 14:54:00+00:00,68.22,68.24,68.21,68.21,12
2026-07-01 14:54:00+00:00,68.29,68.31,68.26,68.3,201
2026-07-01 14:54:00+00:00,68.1,68.1,68.1,68.1,4
2026-07-01 14:54:00+00:00,0.06,0.06,0.06,0.06,4
2026-07-01 14:55:00+00:00,68.2,68.23,68.2,68.23,9
2026-07-01 14:55:00+00:00,0.39,0.42,0.39,0.42,2
2026-07-01 14:55:00+00:00,67.35,67.35,67.35,67.35,1
2026-07-01 14:55:00+00:00,0.05,0.06,0.05,0.06,9
2026-07-01 14:55:00+00:00,68.29,68.33,68.23,68.33,263
2026-07-01 14:56:00+00:00,68.25,68.25,68.25,68.25,2
2026-07-01 14:56:00+00:00,0.07,0.07,0.07,0.07,2
2026-07-01 14:56:00+00:00,68.31,68.35,68.29,68.32,164
2026-07-01 14:57:00+00:00,67.77,67.77,67.77,67.77,1
2026-07-01 14:57:00+00:00,68.1,68.1,68.07,68.07,2
2026-07-01 14:57:00+00:00,0.08,0.08,0.07,0.07,3
2026-07-01 14:57:00+00:00,68.22,68.22,68.17,68.2,13
2026-07-01 14:57:00+00:00,68.3,68.3,68.22,68.25,249
2026-07-01 14:58:00+00:00,67.92,67.92,67.92,67.92,2
2026-07-01 14:58:00+00:00,0.1,0.1,0.1,0.1,1
2026-07-01 14:58:00+00:00,0.42,0.42,0.42,0.42,1
2026-07-01 14:58:00+00:00,68.24,68.29,68.18,68.19,269
2026-07-01 14:58:00+00:00,68.04,68.04,68.04,68.04,1
2026-07-01 14:58:00+00:00,0.06,0.06,0.06,0.06,1
2026-07-01 14:58:00+00:00,68.21,68.21,68.13,68.13,9
2026-07-01 14:58:00+00:00,67.75,67.75,67.73,67.73,2
2026-07-01 14:59:00+00:00,0.06,0.06,0.05,0.05,32
2026-07-01 14:59:00+00:00,68.12,68.14,68.09,68.12,26
2026-07-01 14:59:00+00:00,68.19,68.22,68.15,68.19,302
2026-07-01 15:00:00+00:00,0.37,0.37,0.36,0.37,5
2026-07-01 15:00:00+00:00,67.9,67.9,67.85,67.85,5
2026-07-01 15:00:00+00:00,68.15,68.15,68.03,68.13,41
2026-07-01 15:00:00+00:00,68.18,68.21,68.06,68.19,712
2026-07-01 15:00:00+00:00,0.06,0.06,0.05,0.05,18
2026-07-01 15:00:00+00:00,67.73,67.73,67.66,67.66,8
2026-07-01 15:00:00+00:00,68.0,68.0,67.95,67.96,12
2026-07-01 15:00:00+00:00,0.1,0.1,0.1,0.1,1
2026-07-01 15:00:00+00:00,0.11,0.11,0.09,0.1,3
2026-07-01 15:00:00+00:00,67.29,67.29,67.29,67.29,1
2026-07-01 15:01:00+00:00,0.05,0.06,0.05,0.05,4
2026-07-01 15:01:00+00:00,68.11,68.15,68.07,68.13,15
2026-07-01 15:01:00+00:00,67.7,67.7,67.7,67.7,1
2026-07-01 15:01:00+00:00,68.17,68.24,68.11,68.19,288
2026-07-01 15:02:00+00:00,67.83,67.83,67.83,67.83,1
2026-07-01 15:02:00+00:00,0.38,0.38,0.38,0.38,1
2026-07-01 15:02:00+00:00,0.05,0.07,0.05,0.07,8
2026-07-01 15:02:00+00:00,68.15,68.25,68.15,68.24,19
2026-07-01 15:02:00+00:00,68.19,68.32,68.18,68.26,336
2026-07-01 15:03:00+00:00,0.37,0.37,0.37,0.37,1
2026-07-01 15:03:00+00:00,0.05,0.07,0.05,0.07,4
2026-07-01 15:03:00+00:00,68.18,68.21,68.18,68.2,5
2026-07-01 15:03:00+00:00,68.25,68.29,68.22,68.26,190
2026-07-01 15:04:00+00:00,0.06,0.06,0.05,0.06,5
2026-07-01 15:04:00+00:00,68.19,68.28,68.19,68.28,23
2026-07-01 15:04:00+00:00,0.09,0.09,0.09,0.09,1
2026-07-01 15:04:00+00:00,67.87,67.88,67.87,67.88,2
2026-07-01 15:04:00+00:00,68.27,68.35,68.23,68.33,245
2026-07-01 15:04:00+00:00,68.13,68.13,68.13,68.13,1
2026-07-01 15:05:00+00:00,0.04,0.05,0.04,0.05,7
2026-07-01 15:05:00+00:00,68.29,68.29,68.22,68.26,19
2026-07-01 15:05:00+00:00,67.9,67.9,67.9,67.9,1
2026-07-01 15:05:00+00:00,68.16,68.16,68.16,68.16,1
2026-07-01 15:05:00+00:00,68.32,68.35,68.25,68.28,211
2026-07-01 15:06:00+00:00,68.29,68.34,68.28,68.33,49
2026-07-01 15:06:00+00:00,68.26,68.26,68.26,68.26,1
2026-07-01 15:07:00+00:00,0.04,0.04,0.04,0.04,2
2026-07-01 15:07:00+00:00,68.27,68.27,68.25,68.25,3
2026-07-01 15:07:00+00:00,67.92,67.92,67.92,67.92,1
2026-07-01 15:07:00+00:00,68.33,68.37,68.28,68.35,167
2026-07-01 15:08:00+00:00,68.27,68.28,68.27,68.27,16
2026-07-01 15:08:00+00:00,68.36,68.37,68.27,68.32,110
2026-07-01 15:08:00+00:00,67.47,67.47,67.47,67.47,1
2026-07-01 15:09:00+00:00,68.17,68.19,68.17,68.19,8
2026-07-01 15:09:00+00:00,67.85,67.85,67.85,67.85,2
2026-07-01 15:09:00+00:00,68.29,68.37,68.25,68.37,174
2026-07-01 15:09:00+00:00,0.13,0.13,0.13,0.13,3
2026-07-01 15:09:00+00:00,0.38,0.38,0.38,0.38,2
2026-07-01 15:09:00+00:00,68.24,68.29,68.23,68.23,20
2026-07-01 15:09:00+00:00,0.04,0.05,0.04,0.05,7
2026-07-01 15:09:00+00:00,0.09,0.09,0.09,0.09,3
2026-07-01 15:10:00+00:00,0.06,0.07,0.06,0.07,14
2026-07-01 15:10:00+00:00,0.19,0.19,0.19,0.19,1
2026-07-01 15:10:00+00:00,67.97,68.02,67.97,68.02,2
2026-07-01 15:10:00+00:00,68.16,68.16,68.16,68.16,1
2026-07-01 15:10:00+00:00,0.39,0.39,0.39,0.39,1
2026-07-01 15:10:00+00:00,68.32,68.44,68.32,68.42,20
2026-07-01 15:10:00+00:00,68.37,68.53,68.36,68.51,436
2026-07-01 15:11:00+00:00,68.43,68.48,68.43,68.48,22
2026-07-01 15:11:00+00:00,0.06,0.06,0.06,0.06,10
2026-07-01 15:11:00+00:00,68.52,68.56,68.49,68.54,203
2026-07-01 15:12:00+00:00,68.5,68.51,68.39,68.4,29
2026-07-01 15:12:00+00:00,68.07,68.07,68.05,68.05,5
2026-07-01 15:12:00+00:00,68.37,68.37,68.37,68.37,1
2026-07-01 15:12:00+00:00,0.06,0.06,0.05,0.06,19
2026-07-01 15:12:00+00:00,68.53,68.57,68.42,68.46,302
2026-07-01 15:13:00+00:00,68.28,68.28,68.28,68.28,1
2026-07-01 15:13:00+00:00,0.06,0.06,0.05,0.05,2
2026-07-01 15:13:00+00:00,68.45,68.5,68.42,68.46,92
2026-07-01 15:13:00+00:00,68.41,68.41,68.36,68.36,3
2026-07-01 15:14:00+00:00,68.45,68.48,68.43,68.43,57
2026-07-01 15:14:00+00:00,68.4,68.4,68.37,68.37,3
2026-07-01 15:15:00+00:00,68.42,68.47,68.36,68.45,141
2026-07-01 15:15:00+00:00,0.05,0.05,0.05,0.05,3
2026-07-01 15:15:00+00:00,68.35,68.37,68.32,68.37,6
2026-07-01 15:15:00+00:00,67.95,67.95,67.95,67.95,1
2026-07-01 15:16:00+00:00,68.47,68.49,68.42,68.47,48
2026-07-01 15:16:00+00:00,0.07,0.07,0.07,0.07,4
2026-07-01 15:16:00+00:00,68.36,68.36,68.36,68.36,2
2026-07-01 15:17:00+00:00,68.46,68.48,68.38,68.41,84
2026-07-01 15:17:00+00:00,0.08,0.08,0.08,0.08,1
2026-07-01 15:17:00+00:00,68.38,68.38,68.38,68.38,2
2026-07-01 15:18:00+00:00,68.3,68.3,68.3,68.3,5
2026-07-01 15:18:00+00:00,68.43,68.43,68.36,68.36,56
2026-07-01 15:18:00+00:00,0.07,0.07,0.07,0.07,1
2026-07-01 15:19:00+00:00,68.32,68.32,68.32,68.32,2
2026-07-01 15:19:00+00:00,68.38,68.42,68.37,68.42,42
2026-07-01 15:20:00+00:00,68.42,68.42,68.33,68.41,102
2026-07-01 15:20:00+00:00,0.42,0.42,0.42,0.42,1
2026-07-01 15:20:00+00:00,67.93,67.93,67.87,67.87,2
2026-07-01 15:20:00+00:00,0.06,0.06,0.06,0.06,1
2026-07-01 15:20:00+00:00,68.35,68.35,68.28,68.32,4
2026-07-01 15:21:00+00:00,68.27,68.27,68.25,68.25,4
2026-07-01 15:21:00+00:00,68.18,68.18,68.13,68.13,3
2026-07-01 15:21:00+00:00,0.08,0.08,0.08,0.08,1
2026-07-01 15:21:00+00:00,68.4,68.41,68.32,68.32,59
2026-07-01 15:21:00+00:00,0.12,0.12,0.12,0.12,1
2026-07-01 15:21:00+00:00,0.17,0.17,0.17,0.17,1
2026-07-01 15:22:00+00:00,67.82,67.82,67.82,67.82,1
2026-07-01 15:22:00+00:00,0.08,0.08,0.08,0.08,1
2026-07-01 15:22:00+00:00,68.33,68.36,68.27,68.28,90
2026-07-01 15:22:00+00:00,68.22,68.22,68.2,68.2,3
2026-07-01 15:23:00+00:00,68.29,68.36,68.29,68.33,60
2026-07-01 15:23:00+00:00,0.08,0.08,0.08,0.08,1
2026-07-01 15:23:00+00:00,68.22,68.22,68.22,68.22,1
2026-07-01 15:24:00+00:00,67.95,67.95,67.95,67.95,1
2026-07-01 15:24:00+00:00,68.35,68.35,68.25,68.26,139
2026-07-01 15:24:00+00:00,0.09,0.09,0.08,0.08,3
2026-07-01 15:24:00+00:00,68.26,68.26,68.23,68.23,5
2026-07-01 15:24:00+00:00,67.77,67.77,67.77,67.77,1
2026-07-01 15:25:00+00:00,68.25,68.29,68.24,68.28,59
2026-07-01 15:25:00+00:00,0.08,0.08,0.08,0.08,5
2026-07-01 15:25:00+00:00,68.2,68.2,68.2,68.2,12
2026-07-01 15:26:00+00:00,68.28,68.31,68.23,68.27,127
2026-07-01 15:26:00+00:00,67.29,67.29,67.29,67.29,2
2026-07-01 15:26:00+00:00,0.09,0.09,0.08,0.08,4
2026-07-01 15:26:00+00:00,68.21,68.21,68.16,68.18,15
2026-07-01 15:27:00+00:00,68.22,68.22,68.16,68.16,7
2026-07-01 15:27:00+00:00,68.27,68.31,68.23,68.25,88
2026-07-01 15:27:00+00:00,0.08,0.08,0.08,0.08,1
2026-07-01 15:28:00+00:00,68.17,68.18,68.15,68.18,5
2026-07-01 15:28:00+00:00,68.23,68.3,68.22,68.27,103
2026-07-01 15:28:00+00:00,0.07,0.07,0.07,0.07,2
2026-07-01 15:29:00+00:00,67.85,67.85,67.85,67.85,10
2026-07-01 15:29:00+00:00,0.1,0.1,0.1,0.1,3
2026-07-01 15:29:00+00:00,0.07,0.07,0.07,0.07,1
2026-07-01 15:29:00+00:00,67.73,67.73,67.67,67.67,5
2026-07-01 15:29:00+00:00,67.96,67.97,67.96,67.97,3
2026-07-01 15:29:00+00:00,68.13,68.13,68.04,68.04,18
2026-07-01 15:29:00+00:00,68.25,68.25,68.11,68.12,354
2026-07-01 15:30:00+00:00,0.4,0.4,0.4,0.4,1
2026-07-01 15:30:00+00:00,68.02,68.16,68.02,68.16,6
2026-07-01 15:30:00+00:00,67.63,67.63,67.6,67.6,5
2026-07-01 15:30:00+00:00,68.11,68.27,68.08,68.22,282
2026-07-01 15:31:00+00:00,0.07,0.08,0.07,0.08,2
2026-07-01 15:31:00+00:00,68.22,68.23,68.08,68.09,135
2026-07-01 15:31:00+00:00,68.13,68.13,68.02,68.02,11
2026-07-01 15:31:00+00:00,67.64,67.64,67.64,67.64,1
2026-07-01 15:32:00+00:00,67.64,67.64,67.64,67.64,1
2026-07-01 15:32:00+00:00,0.1,0.1,0.1,0.1,6
2026-07-01 15:32:00+00:00,67.13,67.13,67.13,67.13,1
2026-07-01 15:32:00+00:00,68.1,68.19,68.08,68.19,96
2026-07-01 15:32:00+00:00,67.94,67.97,67.94,67.97,20
2026-07-01 15:32:00+00:00,0.16,0.16,0.16,0.16,3
2026-07-01 15:32:00+00:00,68.05,68.07,68.05,68.07,6
2026-07-01 15:33:00+00:00,0.46,0.46,0.46,0.46,1
2026-07-01 15:33:00+00:00,0.08,0.08,0.07,0.07,3
2026-07-01 15:33:00+00:00,68.11,68.16,68.11,68.14,8
2026-07-01 15:33:00+00:00,68.21,68.25,68.19,68.21,216
2026-07-01 15:34:00+00:00,68.2,68.25,68.19,68.24,63
2026-07-01 15:34:00+00:00,0.08,0.08,0.07,0.07,2
2026-07-01 15:34:00+00:00,68.13,68.15,68.13,68.15,7
2026-07-01 15:35:00+00:00,68.14,68.16,68.14,68.15,3
2026-07-01 15:35:00+00:00,68.25,68.29,68.2,68.29,154
2026-07-01 15:35:00+00:00,0.13,0.14,0.13,0.14,2
2026-07-01 15:35:00+00:00,67.99,68.07,67.99,68.07,4
2026-07-01 15:36:00+00:00,0.47,0.47,0.47,0.47,1
2026-07-01 15:36:00+00:00,67.66,67.66,67.66,67.66,1
2026-07-01 15:36:00+00:00,0.12,0.14,0.12,0.13,3
2026-07-01 15:36:00+00:00,68.03,68.07,68.03,68.07,4
2026-07-01 15:36:00+00:00,68.17,68.2,68.13,68.13,4
2026-07-01 15:36:00+00:00,68.28,68.31,68.24,68.24,101
2026-07-01 15:37:00+00:00,68.12,68.12,68.08,68.08,6
2026-07-01 15:37:00+00:00,0.09,0.09,0.09,0.09,1
2026-07-01 15:37:00+00:00,68.04,68.04,67.94,67.94,8
2026-07-01 15:37:00+00:00,68.24,68.24,68.16,68.16,81
2026-07-01 15:37:00+00:00,0.12,0.12,0.12,0.12,2
2026-07-01 15:38:00+00:00,0.08,0.08,0.08,0.08,10
2026-07-01 15:38:00+00:00,68.11,68.16,68.11,68.11,10
2026-07-01 15:38:00+00:00,68.17,68.24,68.16,68.19,58
2026-07-01 15:39:00+00:00,0.08,0.09,0.07,0.08,6
2026-07-01 15:39:00+00:00,0.46,0.46,0.46,0.46,1
2026-07-01 15:39:00+00:00,68.12,68.16,68.09,68.14,18
2026-07-01 15:39:00+00:00,68.21,68.24,68.16,68.23,73
2026-07-01 15:39:00+00:00,67.63,67.63,67.63,67.63,1
2026-07-01 15:40:00+00:00,67.97,67.97,67.97,67.97,2
2026-07-01 15:40:00+00:00,0.09,0.09,0.09,0.09,20
2026-07-01 15:40:00+00:00,68.12,68.12,68.1,68.1,3
2026-07-01 15:40:00+00:00,68.23,68.24,68.19,68.24,35
2026-07-01 15:41:00+00:00,68.15,68.23,68.15,68.22,5
2026-07-01 15:41:00+00:00,0.1,0.1,0.1,0.1,2
2026-07-01 15:41:00+00:00,68.23,68.35,68.22,68.32,87
2026-07-01 15:42:00+00:00,0.14,0.14,0.14,0.14,1
2026-07-01 15:42:00+00:00,68.03,68.03,68.03,68.03,1
2026-07-01 15:42:00+00:00,0.1,0.1,0.1,0.1,3
2026-07-01 15:42:00+00:00,68.18,68.2,68.17,68.2,7
2026-07-01 15:42:00+00:00,68.32,68.32,68.26,68.28,65
2026-07-01 15:43:00+00:00,68.27,68.34,68.27,68.34,29
2026-07-01 15:44:00+00:00,0.1,0.1,0.1,0.1,7
2026-07-01 15:44:00+00:00,68.24,68.24,68.23,68.23,10
2026-07-01 15:44:00+00:00,68.31,68.36,68.29,68.31,57
2026-07-01 15:45:00+00:00,68.23,68.28,68.23,68.28,6
2026-07-01 15:45:00+00:00,67.78,67.78,67.78,67.78,1
2026-07-01 15:45:00+00:00,0.1,0.1,0.1,0.1,5
2026-07-01 15:45:00+00:00,68.33,68.39,68.33,68.38,88
2026-07-01 15:46:00+00:00,68.37,68.37,68.27,68.3,58
2026-07-01 15:46:00+00:00,68.26,68.26,68.21,68.21,3
2026-07-01 15:47:00+00:00,68.21,68.21,68.2,68.2,2
2026-07-01 15:47:00+00:00,68.29,68.31,68.28,68.29,9
2026-07-01 15:48:00+00:00,68.17,68.17,68.17,68.17,2
2026-07-01 15:48:00+00:00,68.3,68.3,68.25,68.3,31
2026-07-01 15:49:00+00:00,0.14,0.14,0.14,0.14,1
2026-07-01 15:49:00+00:00,0.09,0.09,0.09,0.09,1
2026-07-01 15:49:00+00:00,67.84,67.84,67.84,67.84,1
2026-07-01 15:49:00+00:00,68.21,68.21,68.11,68.11,3
2026-07-01 15:49:00+00:00,68.31,68.32,68.18,68.21,60
2026-07-01 15:49:00+00:00,67.98,67.98,67.98,67.98,1
2026-07-01 15:50:00+00:00,67.93,67.93,67.93,67.93,1
2026-07-01 15:50:00+00:00,0.12,0.12,0.12,0.12,1
2026-07-01 15:50:00+00:00,68.07,68.07,68.05,68.05,5
2026-07-01 15:50:00+00:00,67.63,67.63,67.63,67.63,2
2026-07-01 15:50:00+00:00,68.18,68.21,68.11,68.13,54
2026-07-01 15:50:00+00:00,0.44,0.44,0.44,0.44,1
2026-07-01 15:51:00+00:00,0.08,0.08,0.07,0.07,9
2026-07-01 15:51:00+00:00,68.13,68.16,68.07,68.11,144
2026-07-01 15:51:00+00:00,68.06,68.08,68.01,68.02,13
2026-07-01 15:52:00+00:00,68.03,68.07,68.03,68.07,4
2026-07-01 15:52:00+00:00,0.08,0.09,0.08,0.09,4
2026-07-01 15:52:00+00:00,68.11,68.19,68.09,68.17,93
2026-07-01 15:53:00+00:00,68.07,68.08,68.05,68.05,4
2026-07-01 15:53:00+00:00,68.17,68.18,68.13,68.16,48
2026-07-01 15:53:00+00:00,0.08,0.08,0.08,0.08,1
2026-07-01 15:54:00+00:00,67.94,67.94,67.94,67.94,1
2026-07-01 15:54:00+00:00,0.08,0.09,0.08,0.09,3
2026-07-01 15:54:00+00:00,68.07,68.07,68.05,68.05,6
2026-07-01 15:54:00+00:00,68.16,68.19,68.12,68.13,83
2026-07-01 15:55:00+00:00,67.94,67.94,67.94,67.94,3
2026-07-01 15:55:00+00:00,68.13,68.16,68.12,68.14,36
2026-07-01 15:56:00+00:00,0.18,0.18,0.18,0.18,3
2026-07-01 15:56:00+00:00,0.09,0.09,0.09,0.09,3
2026-07-01 15:56:00+00:00,68.03,68.12,68.03,68.12,11
2026-07-01 15:56:00+00:00,0.11,0.11,0.11,0.11,7
2026-07-01 15:56:00+00:00,68.15,68.16,68.1,68.12,98
2026-07-01 15:56:00+00:00,67.95,68.01,67.95,68.01,50
2026-07-01 15:57:00+00:00,0.08,0.08,0.08,0.08,8
2026-07-01 15:57:00+00:00,68.04,68.06,68.02,68.02,57
2026-07-01 15:57:00+00:00,68.12,68.14,68.1,68.12,59
2026-07-01 15:58:00+00:00,67.92,67.92,67.92,67.92,1
2026-07-01 15:58:00+00:00,68.12,68.2,68.12,68.2,44
2026-07-01 15:58:00+00:00,0.12,0.12,0.12,0.12,1
2026-07-01 15:58:00+00:00,0.09,0.09,0.09,0.09,3
2026-07-01 15:58:00+00:00,68.04,68.07,68.04,68.07,5
2026-07-01 15:59:00+00:00,0.09,0.09,0.09,0.09,3
2026-07-01 15:59:00+00:00,68.09,68.09,68.03,68.07,8
2026-07-01 15:59:00+00:00,68.18,68.19,68.12,68.17,68
2026-07-01 16:00:00+00:00,0.1,0.1,0.1,0.1,2
2026-07-01 16:00:00+00:00,67.96,67.97,67.96,67.97,4
2026-07-01 16:00:00+00:00,0.16,0.16,0.16,0.16,1
2026-07-01 16:00:00+00:00,68.06,68.06,68.06,68.06,3
2026-07-01 16:00:00+00:00,68.17,68.18,68.08,68.12,108
2026-07-01 16:01:00+00:00,0.13,0.13,0.13,0.13,1
2026-07-01 16:01:00+00:00,0.06,0.06,0.06,0.06,1
2026-07-01 16:01:00+00:00,68.11,68.13,68.09,68.12,123
2026-07-01 16:01:00+00:00,67.91,67.94,67.91,67.94,2
2026-07-01 16:01:00+00:00,68.04,68.04,68.04,68.04,2
2026-07-01 16:01:00+00:00,67.78,67.78,67.78,67.78,1
2026-07-01 16:02:00+00:00,67.95,67.95,67.95,67.95,1
2026-07-01 16:02:00+00:00,68.07,68.07,68.07,68.07,1
2026-07-01 16:02:00+00:00,68.12,68.16,68.11,68.16,24
2026-07-01 16:03:00+00:00,68.06,68.06,68.05,68.05,2
2026-07-01 16:03:00+00:00,68.15,68.15,68.12,68.14,28
2026-07-01 16:04:00+00:00,0.08,0.08,0.05,0.08,41
2026-07-01 16:04:00+00:00,68.17,68.17,68.03,68.05,204
2026-07-01 16:04:00+00:00,0.1,0.1,0.08,0.09,5
2026-07-01 16:04:00+00:00,67.95,67.95,67.9,67.9,4
2026-07-01 16:04:00+00:00,68.07,68.07,67.96,67.99,74
2026-07-01 16:05:00+00:00,68.09,68.11,68.06,68.1,71
2026-07-01 16:05:00+00:00,68.03,68.03,68.03,68.03,1
2026-07-01 16:06:00+00:00,67.88,67.88,67.88,67.88,1
2026-07-01 16:06:00+00:00,0.08,0.08,0.08,0.08,1
2026-07-01 16:06:00+00:00,68.12,68.12,68.02,68.07,116
2026-07-01 16:06:00+00:00,0.06,0.07,0.06,0.07,3
2026-07-01 16:06:00+00:00,68.0,68.0,67.96,68.0,15
2026-07-01 16:07:00+00:00,67.99,67.99,67.97,67.97,7
2026-07-01 16:07:00+00:00,0.07,0.07,0.07,0.07,2
2026-07-01 16:07:00+00:00,68.07,68.07,68.03,68.05,46
2026-07-01 16:07:00+00:00,67.63,67.63,67.61,67.61,2
2026-07-01 16:07:00+00:00,0.37,0.37,0.37,0.37,1
2026-07-01 16:08:00+00:00,68.01,68.01,68.01,68.01,8
2026-07-01 16:08:00+00:00,0.06,0.06,0.06,0.06,1
2026-07-01 16:08:00+00:00,68.08,68.08,68.06,68.08,29
2026-07-01 16:09:00+00:00,68.01,68.03,68.01,68.03,8
2026-07-01 16:09:00+00:00,68.07,68.1,68.05,68.08,50
2026-07-01 16:09:00+00:00,0.06,0.07,0.06,0.06,12
2026-07-01 16:10:00+00:00,68.07,68.12,68.06,68.12,32
2026-07-01 16:10:00+00:00,0.07,0.07,0.06,0.06,3
2026-07-01 16:10:00+00:00,68.01,68.05,68.01,68.05,8
2026-07-01 16:11:00+00:00,67.98,67.98,67.98,67.98,1
2026-07-01 16:11:00+00:00,68.05,68.07,68.05,68.07,2
2026-07-01 16:11:00+00:00,68.1,68.14,68.1,68.14,42
2026-07-01 16:12:00+00:00,68.13,68.13,68.07,68.1,40
2026-07-01 16:12:00+00:00,67.93,67.93,67.93,67.93,1
2026-07-01 16:13:00+00:00,68.01,68.05,68.01,68.05,4
2026-07-01 16:13:00+00:00,68.09,68.12,68.09,68.1,24
2026-07-01 16:14:00+00:00,68.05,68.05,68.05,68.05,1
2026-07-01 16:14:00+00:00,68.1,68.15,68.08,68.14,19
2026-07-01 16:15:00+00:00,68.08,68.11,68.08,68.11,7
2026-07-01 16:15:00+00:00,68.13,68.18,68.13,68.17,27
2026-07-01 16:16:00+00:00,68.18,68.2,68.15,68.19,81
2026-07-01 16:16:00+00:00,0.08,0.08,0.08,0.08,4
2026-07-01 16:16:00+00:00,68.09,68.12,68.09,68.1,8
2026-07-01 16:17:00+00:00,0.08,0.08,0.08,0.08,2
2026-07-01 16:17:00+00:00,68.12,68.17,68.11,68.17,6
2026-07-01 16:17:00+00:00,0.08,0.08,0.08,0.08,1
2026-07-01 16:17:00+00:00,68.04,68.04,68.04,68.04,1
2026-07-01 16:17:00+00:00,68.18,68.25,68.18,68.25,95
2026-07-01 16:18:00+00:00,0.07,0.08,0.07,0.08,11
2026-07-01 16:18:00+00:00,68.26,68.31,68.24,68.3,121
2026-07-01 16:18:00+00:00,68.18,68.2,68.17,68.2,4
2026-07-01 16:19:00+00:00,68.19,68.19,68.19,68.19,1
2026-07-01 16:19:00+00:00,68.3,68.3,68.23,68.25,44
2026-07-01 16:20:00+00:00,0.08,0.08,0.08,0.08,1
2026-07-01 16:20:00+00:00,68.04,68.04,68.02,68.02,2
2026-07-01 16:20:00+00:00,68.23,68.28,68.2,68.24,58
2026-07-01 16:20:00+00:00,0.1,0.1,0.1,0.1,1
2026-07-01 16:20:00+00:00,68.12,68.2,68.12,68.2,4
2026-07-01 16:21:00+00:00,68.17,68.17,68.17,68.17,3
2026-07-01 16:21:00+00:00,68.26,68.28,68.24,68.24,29
2026-07-01 16:22:00+00:00,68.15,68.15,68.15,68.15,1
2026-07-01 16:22:00+00:00,68.24,68.29,68.22,68.29,34
2026-07-01 16:23:00+00:00,68.2,68.2,68.2,68.2,1
2026-07-01 16:23:00+00:00,68.3,68.3,68.23,68.27,58
2026-07-01 16:24:00+00:00,68.2,68.22,68.2,68.22,10
2026-07-01 16:24:00+00:00,68.27,68.3,68.24,68.29,38
2026-07-01 16:24:00+00:00,0.07,0.07,0.07,0.07,7
2026-07-01 16:24:00+00:00,67.78,67.78,67.78,67.78,1
2026-07-01 16:24:00+00:00,0.42,0.42,0.42,0.42,1
2026-07-01 16:25:00+00:00,68.16,68.16,68.15,68.15,2
2026-07-01 16:25:00+00:00,68.26,68.26,68.19,68.2,38
2026-07-01 16:26:00+00:00,0.41,0.41,0.41,0.41,1
2026-07-01 16:26:00+00:00,68.18,68.19,68.15,68.15,40
2026-07-01 16:26:00+00:00,68.0,68.0,68.0,68.0,1
2026-07-01 16:26:00+00:00,68.1,68.1,68.09,68.09,2
2026-07-01 16:26:00+00:00,67.69,67.69,67.69,67.69,1
2026-07-01 16:27:00+00:00,67.99,67.99,67.99,67.99,1
2026-07-01 16:27:00+00:00,68.1,68.1,68.1,68.1,3
2026-07-01 16:27:00+00:00,68.15,68.19,68.15,68.17,41
2026-07-01 16:27:00+00:00,0.07,0.07,0.07,0.07,3
2026-07-01 16:28:00+00:00,68.18,68.22,68.16,68.22,23
2026-07-01 16:29:00+00:00,68.18,68.21,68.16,68.21,28
2026-07-01 16:29:00+00:00,67.88,67.88,67.88,67.88,1
2026-07-01 16:29:00+00:00,68.0,68.0,68.0,68.0,1
2026-07-01 16:30:00+00:00,68.21,68.24,68.13,68.15,29
2026-07-01 16:31:00+00:00,68.17,68.18,68.15,68.15,11
2026-07-01 16:32:00+00:00,68.14,68.23,68.14,68.2,16
2026-07-01 16:33:00+00:00,68.22,68.24,68.21,68.24,7
2026-07-01 16:33:00+00:00,68.15,68.15,68.15,68.15,1
2026-07-01 16:34:00+00:00,68.18,68.18,68.18,68.18,1
2026-07-01 16:34:00+00:00,68.23,68.28,68.23,68.27,54
2026-07-01 16:34:00+00:00,0.08,0.08,0.08,0.08,1
2026-07-01 16:35:00+00:00,68.26,68.3,68.26,68.26,40
2026-07-01 16:35:00+00:00,68.19,68.19,68.18,68.18,11
2026-07-01 16:36:00+00:00,68.19,68.22,68.19,68.22,3
2026-07-01 16:36:00+00:00,0.11,0.11,0.11,0.11,3
2026-07-01 16:36:00+00:00,68.27,68.32,68.25,68.29,67
2026-07-01 16:37:00+00:00,0.09,0.09,0.09,0.09,1
2026-07-01 16:37:00+00:00,68.18,68.18,68.18,68.18,1
2026-07-01 16:37:00+00:00,68.29,68.3,68.25,68.27,24
2026-07-01 16:38:00+00:00,68.25,68.28,68.25,68.26,30
2026-07-01 16:39:00+00:00,68.18,68.18,68.18,68.18,1
2026-07-01 16:39:00+00:00,68.27,68.3,68.26,68.28,12
2026-07-01 16:40:00+00:00,68.18,68.18,68.18,68.18,2
2026-07-01 16:40:00+00:00,0.08,0.08,0.08,0.08,2
2026-07-01 16:40:00+00:00,68.28,68.31,68.25,68.31,65
2026-07-01 16:41:00+00:00,0.09,0.1,0.09,0.1,4
2026-07-01 16:41:00+00:00,68.23,68.26,68.23,68.26,5
2026-07-01 16:41:00+00:00,68.31,68.36,68.28,68.28,81
2026-07-01 16:42:00+00:00,68.29,68.34,68.28,68.33,79
2026-07-01 16:42:00+00:00,0.08,0.09,0.08,0.09,4
2026-07-01 16:42:00+00:00,68.21,68.22,68.21,68.22,4
2026-07-01 16:43:00+00:00,68.32,68.34,68.31,68.34,30
2026-07-01 16:43:00+00:00,68.23,68.23,68.23,68.23,1
2026-07-01 16:44:00+00:00,68.23,68.23,68.23,68.23,1
2026-07-01 16:44:00+00:00,0.1,0.1,0.1,0.1,1
2026-07-01 16:44:00+00:00,0.48,0.48,0.48,0.48,1
2026-07-01 16:44:00+00:00,68.32,68.35,68.31,68.33,28
2026-07-01 16:45:00+00:00,67.97,67.97,67.97,67.97,1
2026-07-01 16:45:00+00:00,0.1,0.1,0.1,0.1,2
2026-07-01 16:45:00+00:00,68.25,68.25,68.25,68.25,2
2026-07-01 16:45:00+00:00,68.33,68.35,68.32,68.35,55
2026-07-01 16:46:00+00:00,68.34,68.37,68.32,68.37,47
2026-07-01 16:46:00+00:00,0.1,0.1,0.1,0.1,1
2026-07-01 16:46:00+00:00,0.48,0.48,0.48,0.48,1
2026-07-01 16:46:00+00:00,68.24,68.24,68.23,68.23,2
2026-07-01 16:46:00+00:00,67.75,67.75,67.75,67.75,1
2026-07-01 16:47:00+00:00,68.36,68.36,68.22,68.27,118
2026-07-01 16:47:00+00:00,68.24,68.24,68.17,68.2,12
2026-07-01 16:47:00+00:00,0.09,0.09,0.07,0.07,5
2026-07-01 16:48:00+00:00,0.09,0.09,0.09,0.09,2
2026-07-01 16:48:00+00:00,68.24,68.24,68.24,68.24,3
2026-07-01 16:48:00+00:00,68.27,68.35,68.26,68.32,59
2026-07-01 16:49:00+00:00,68.33,68.38,68.32,68.37,53
2026-07-01 16:49:00+00:00,68.27,68.27,68.27,68.27,1
2026-07-01 16:50:00+00:00,67.99,67.99,67.99,67.99,1
2026-07-01 16:50:00+00:00,68.14,68.14,68.14,68.14,1
2026-07-01 16:50:00+00:00,0.15,0.15,0.15,0.15,1
2026-07-01 16:50:00+00:00,68.28,68.3,68.28,68.3,5
2026-07-01 16:50:00+00:00,68.38,68.4,68.36,68.39,55
2026-07-01 16:51:00+00:00,0.09,0.1,0.09,0.1,5
2026-07-01 16:51:00+00:00,0.14,0.14,0.14,0.14,1
2026-07-01 16:51:00+00:00,68.38,68.43,68.37,68.41,90
2026-07-01 16:51:00+00:00,68.14,68.14,68.14,68.14,1
2026-07-01 16:51:00+00:00,68.02,68.02,68.02,68.02,1
2026-07-01 16:51:00+00:00,68.28,68.31,68.28,68.31,9
2026-07-01 16:51:00+00:00,67.82,67.82,67.82,67.82,1
2026-07-01 16:52:00+00:00,0.1,0.1,0.1,0.1,1
2026-07-01 16:52:00+00:00,68.32,68.37,68.32,68.35,3
2026-07-01 16:52:00+00:00,68.22,68.22,68.22,68.22,1
2026-07-01 16:52:00+00:00,67.83,67.83,67.83,67.83,1
2026-07-01 16:52:00+00:00,68.4,68.47,68.4,68.46,92
2026-07-01 16:53:00+00:00,68.34,68.34,68.33,68.33,2
2026-07-01 16:53:00+00:00,68.44,68.46,68.42,68.42,27
2026-07-01 16:54:00+00:00,68.27,68.27,68.25,68.25,3
2026-07-01 16:54:00+00:00,0.09,0.09,0.09,0.09,2
2026-07-01 16:54:00+00:00,68.42,68.42,68.33,68.38,98
2026-07-01 16:55:00+00:00,68.39,68.41,68.37,68.38,34
2026-07-01 16:56:00+00:00,68.37,68.4,68.29,68.32,60
2026-07-01 16:56:00+00:00,68.25,68.25,68.25,68.25,2
2026-07-01 16:57:00+00:00,0.08,0.08,0.08,0.08,4
2026-07-01 16:57:00+00:00,68.21,68.21,68.19,68.19,5
2026-07-01 16:57:00+00:00,68.33,68.34,68.26,68.3,69
2026-07-01 16:58:00+00:00,68.22,68.3,68.22,68.26,17
2026-07-01 16:58:00+00:00,0.09,0.1,0.08,0.08,4
2026-07-01 16:58:00+00:00,68.3,68.39,68.29,68.31,122
2026-07-01 16:59:00+00:00,68.19,68.2,68.18,68.2,3
2026-07-01 16:59:00+00:00,68.32,68.32,68.27,68.29,39
2026-07-01 17:00:00+00:00,68.19,68.19,68.11,68.11,3
2026-07-01 17:00:00+00:00,0.12,0.12,0.12,0.12,1
2026-07-01 17:00:00+00:00,68.07,68.07,68.07,68.07,2
2026-07-01 17:00:00+00:00,67.87,67.87,67.87,67.87,1
2026-07-01 17:00:00+00:00,0.09,0.09,0.09,0.09,1
2026-07-01 17:00:00+00:00,0.11,0.11,0.11,0.11,2
2026-07-01 17:00:00+00:00,68.28,68.33,68.26,68.3,55
2026-07-01 17:00:00+00:00,0.2,0.2,0.2,0.2,1
2026-07-01 17:00:00+00:00,68.21,68.24,68.21,68.22,4
2026-07-01 17:01:00+00:00,68.27,68.28,68.16,68.18,116
2026-07-01 17:01:00+00:00,0.07,0.07,0.06,0.06,2
2026-07-01 17:01:00+00:00,68.17,68.17,68.11,68.11,3
2026-07-01 17:02:00+00:00,68.18,68.19,68.15,68.18,43
2026-07-01 17:02:00+00:00,67.68,67.7,67.67,67.7,4
2026-07-01 17:02:00+00:00,68.11,68.11,68.11,68.11,1
2026-07-01 17:03:00+00:00,68.18,68.23,68.18,68.23,39
2026-07-01 17:03:00+00:00,68.12,68.12,68.12,68.12,1
2026-07-01 17:04:00+00:00,68.16,68.19,68.14,68.14,5
2026-07-01 17:04:00+00:00,68.22,68.27,68.2,68.22,41
2026-07-01 17:04:00+00:00,0.11,0.11,0.11,0.11,1
2026-07-01 17:04:00+00:00,68.08,68.08,68.08,68.08,1
2026-07-01 17:05:00+00:00,68.22,68.31,68.22,68.29,44
2026-07-01 17:05:00+00:00,0.09,0.09,0.09,0.09,1
2026-07-01 17:05:00+00:00,68.21,68.21,68.19,68.19,2
2026-07-01 17:06:00+00:00,68.3,68.32,68.28,68.29,33
2026-07-01 17:07:00+00:00,68.28,68.3,68.27,68.27,61
2026-07-01 17:08:00+00:00,68.28,68.35,68.28,68.34,31
2026-07-01 17:08:00+00:00,68.22,68.24,68.22,68.24,4
2026-07-01 17:09:00+00:00,0.43,0.43,0.43,0.43,1
2026-07-01 17:09:00+00:00,68.33,68.34,68.27,68.28,26
2026-07-01 17:10:00+00:00,68.27,68.31,68.27,68.3,19
2026-07-01 17:11:00+00:00,68.2,68.2,68.2,68.2,1
2026-07-01 17:11:00+00:00,68.29,68.31,68.27,68.3,23
2026-07-01 17:12:00+00:00,68.27,68.27,68.25,68.26,26
2026-07-01 17:12:00+00:00,0.09,0.09,0.09,0.09,1
2026-07-01 17:12:00+00:00,68.17,68.17,68.17,68.17,3
2026-07-01 17:13:00+00:00,68.24,68.32,68.23,68.3,30
2026-07-01 17:13:00+00:00,68.21,68.21,68.21,68.21,1
2026-07-01 17:14:00+00:00,68.29,68.31,68.28,68.31,12
2026-07-01 17:15:00+00:00,68.14,68.14,68.14,68.14,1
2026-07-01 17:15:00+00:00,68.32,68.38,68.32,68.33,70
2026-07-01 17:15:00+00:00,68.26,68.27,68.26,68.26,3
2026-07-01 17:15:00+00:00,0.45,0.45,0.45,0.45,1
2026-07-01 17:15:00+00:00,0.12,0.12,0.12,0.12,1
2026-07-01 17:16:00+00:00,67.8,67.8,67.8,67.8,1
2026-07-01 17:16:00+00:00,0.43,0.43,0.43,0.43,1
2026-07-01 17:16:00+00:00,68.33,68.35,68.31,68.33,15
2026-07-01 17:17:00+00:00,67.99,67.99,67.99,67.99,1
2026-07-01 17:17:00+00:00,0.09,0.1,0.09,0.1,2
2026-07-01 17:17:00+00:00,68.32,68.35,68.31,68.33,43
2026-07-01 17:17:00+00:00,68.23,68.25,68.22,68.25,5
2026-07-01 17:18:00+00:00,0.1,0.1,0.1,0.1,2
2026-07-01 17:18:00+00:00,68.25,68.25,68.24,68.24,4
2026-07-01 17:18:00+00:00,67.8,67.8,67.8,67.8,1
2026-07-01 17:18:00+00:00,68.34,68.35,68.34,68.34,12
2026-07-01 17:19:00+00:00,68.26,68.26,68.26,68.26,1
2026-07-01 17:19:00+00:00,67.83,67.83,67.83,67.83,1
2026-07-01 17:19:00+00:00,68.36,68.36,68.32,68.32,13
2026-07-01 17:20:00+00:00,68.24,68.26,68.24,68.26,4
2026-07-01 17:20:00+00:00,68.14,68.16,68.14,68.16,3
2026-07-01 17:20:00+00:00,0.1,0.1,0.1,0.1,3
2026-07-01 17:20:00+00:00,68.02,68.02,68.01,68.01,2
2026-07-01 17:20:00+00:00,68.33,68.38,68.33,68.37,13
2026-07-01 17:21:00+00:00,68.26,68.28,68.26,68.28,4
2026-07-01 17:21:00+00:00,68.36,68.39,68.36,68.39,10
2026-07-01 17:22:00+00:00,68.04,68.04,68.04,68.04,1
2026-07-01 17:22:00+00:00,68.36,68.38,68.36,68.38,7
2026-07-01 17:23:00+00:00,68.37,68.37,68.34,68.35,24
2026-07-01 17:23:00+00:00,68.13,68.13,68.13,68.13,1
2026-07-01 17:23:00+00:00,68.03,68.03,68.03,68.03,17
2026-07-01 17:23:00+00:00,68.25,68.25,68.25,68.25,1
2026-07-01 17:24:00+00:00,68.35,68.35,68.31,68.31,20
2026-07-01 17:24:00+00:00,67.83,67.83,67.83,67.83,17
2026-07-01 17:25:00+00:00,68.32,68.35,68.32,68.35,24
2026-07-01 17:26:00+00:00,0.1,0.1,0.1,0.1,1
2026-07-01 17:26:00+00:00,68.26,68.26,68.26,68.26,1
2026-07-01 17:26:00+00:00,68.36,68.38,68.36,68.36,23
2026-07-01 17:27:00+00:00,68.35,68.37,68.34,68.37,18
2026-07-01 17:28:00+00:00,68.27,68.29,68.27,68.29,2
2026-07-01 17:28:00+00:00,68.37,68.4,68.37,68.4,20
2026-07-01 17:29:00+00:00,68.38,68.4,68.38,68.4,11
2026-07-01 17:29:00+00:00,68.3,68.3,68.3,68.3,1
2026-07-01 17:30:00+00:00,68.41,68.41,68.34,68.39,61
2026-07-01 17:31:00+00:00,68.3,68.3,68.3,68.3,1
2026-07-01 17:31:00+00:00,68.4,68.41,68.37,68.37,19
2026-07-01 17:31:00+00:00,67.87,67.87,67.87,67.87,1
2026-07-01 17:32:00+00:00,68.03,68.03,68.03,68.03,1
2026-07-01 17:32:00+00:00,68.29,68.29,68.29,68.29,3
2026-07-01 17:32:00+00:00,0.1,0.1,0.1,0.1,3
2026-07-01 17:32:00+00:00,68.38,68.4,68.35,68.36,72
2026-07-01 17:33:00+00:00,0.09,0.09,0.09,0.09,1
2026-07-01 17:33:00+00:00,68.27,68.27,68.27,68.27,2
2026-07-01 17:33:00+00:00,68.36,68.36,68.35,68.36,18
2026-07-01 17:34:00+00:00,68.26,68.26,68.26,68.26,2
2026-07-01 17:34:00+00:00,68.35,68.37,68.32,68.37,40
2026-07-01 17:35:00+00:00,68.3,68.3,68.3,68.3,1
2026-07-01 17:35:00+00:00,68.38,68.4,68.38,68.39,19
2026-07-01 17:36:00+00:00,68.29,68.29,68.29,68.29,1
2026-07-01 17:36:00+00:00,68.4,68.4,68.39,68.39,3
2026-07-01 17:37:00+00:00,68.4,68.4,68.36,68.37,35
2026-07-01 17:38:00+00:00,68.38,68.39,68.36,68.39,27
2026-07-01 17:38:00+00:00,68.26,68.26,68.26,68.26,1
2026-07-01 17:39:00+00:00,68.36,68.37,68.36,68.36,8
2026-07-01 17:40:00+00:00,0.09,0.09,0.08,0.08,6
2026-07-01 17:40:00+00:00,68.28,68.28,68.22,68.22,6
2026-07-01 17:40:00+00:00,68.36,68.38,68.3,68.32,74
2026-07-01 17:41:00+00:00,68.31,68.31,68.28,68.31,24
2026-07-01 17:41:00+00:00,68.21,68.21,68.21,68.21,1
2026-07-01 17:42:00+00:00,0.06,0.06,0.06,0.06,4
2026-07-01 17:42:00+00:00,68.17,68.18,68.15,68.17,6
2026-07-01 17:42:00+00:00,68.29,68.29,68.2,68.24,161
2026-07-01 17:43:00+00:00,68.23,68.29,68.23,68.27,26
2026-07-01 17:43:00+00:00,68.18,68.19,68.18,68.19,2
2026-07-01 17:44:00+00:00,68.21,68.21,68.2,68.2,3
2026-07-01 17:44:00+00:00,68.29,68.29,68.26,68.26,15
2026-07-01 17:45:00+00:00,68.19,68.22,68.19,68.22,4
2026-07-01 17:45:00+00:00,68.25,68.28,68.24,68.28,22
2026-07-01 17:46:00+00:00,0.06,0.07,0.06,0.07,2
2026-07-01 17:46:00+00:00,68.28,68.32,68.24,68.24,46
2026-07-01 17:46:00+00:00,68.22,68.23,68.18,68.18,9
2026-07-01 17:47:00+00:00,68.17,68.18,68.16,68.16,7
2026-07-01 17:47:00+00:00,68.24,68.24,68.23,68.23,10
2026-07-01 17:48:00+00:00,68.23,68.25,68.23,68.24,23
2026-07-01 17:48:00+00:00,68.17,68.18,68.17,68.18,3
2026-07-01 17:49:00+00:00,68.18,68.18,68.17,68.17,4
2026-07-01 17:49:00+00:00,68.23,68.26,68.23,68.25,11
2026-07-01 17:49:00+00:00,0.33,0.33,0.33,0.33,16
2026-07-01 17:50:00+00:00,68.16,68.16,68.14,68.14,15
2026-07-01 17:50:00+00:00,68.25,68.25,68.18,68.18,28
2026-07-01 17:50:00+00:00,0.05,0.05,0.05,0.05,14
2026-07-01 17:51:00+00:00,0.04,0.04,0.04,0.04,7
2026-07-01 17:51:00+00:00,67.75,67.75,67.75,67.75,5
2026-07-01 17:51:00+00:00,68.19,68.19,68.14,68.16,83
2026-07-01 17:51:00+00:00,68.12,68.12,68.12,68.12,3
2026-07-01 17:52:00+00:00,68.13,68.16,68.13,68.16,8
2026-07-01 17:52:00+00:00,0.05,0.05,0.05,0.05,3
2026-07-01 17:52:00+00:00,68.15,68.21,68.15,68.2,64
2026-07-01 17:53:00+00:00,68.16,68.19,68.16,68.19,5
2026-07-01 17:53:00+00:00,0.08,0.08,0.08,0.08,5
2026-07-01 17:53:00+00:00,68.08,68.11,68.08,68.11,5
2026-07-01 17:53:00+00:00,68.17,68.21,68.17,68.21,21
2026-07-01 17:54:00+00:00,0.04,0.04,0.04,0.04,2
2026-07-01 17:54:00+00:00,68.21,68.25,68.17,68.18,90
2026-07-01 17:54:00+00:00,68.18,68.2,68.14,68.14,10
2026-07-01 17:55:00+00:00,68.07,68.07,68.07,68.07,3
2026-07-01 17:55:00+00:00,68.15,68.15,68.15,68.15,1
2026-07-01 17:55:00+00:00,68.21,68.22,68.19,68.21,82
2026-07-01 17:56:00+00:00,68.2,68.21,68.17,68.19,39
2026-07-01 17:56:00+00:00,0.04,0.04,0.04,0.04,1
2026-07-01 17:56:00+00:00,68.15,68.15,68.15,68.15,2
2026-07-01 17:57:00+00:00,68.19,68.23,68.18,68.21,43
2026-07-01 17:58:00+00:00,68.19,68.26,68.19,68.26,41
2026-07-01 17:58:00+00:00,68.15,68.15,68.15,68.15,1
2026-07-01 17:59:00+00:00,68.13,68.13,68.13,68.13,1
2026-07-01 17:59:00+00:00,68.24,68.26,68.24,68.24,8
2026-07-01 17:59:00+00:00,68.26,68.31,68.23,68.3,110
2026-07-01 18:00:00+00:00,67.41,67.41,67.41,67.41,1
2026-07-01 18:00:00+00:00,68.3,68.35,68.28,68.29,119
2026-07-01 18:01:00+00:00,68.3,68.34,68.28,68.33,28
2026-07-01 18:01:00+00:00,67.88,67.88,67.88,67.88,1
2026-07-01 18:02:00+00:00,67.89,67.92,67.89,67.92,2
2026-07-01 18:02:00+00:00,68.35,68.38,68.29,68.29,47
2026-07-01 18:03:00+00:00,67.49,67.49,67.49,67.49,1
2026-07-01 18:03:00+00:00,68.31,68.35,68.3,68.35,36
2026-07-01 18:04:00+00:00,68.37,68.37,68.32,68.33,36
2026-07-01 18:05:00+00:00,68.33,68.34,68.32,68.32,36
2026-07-01 18:05:00+00:00,68.29,68.29,68.29,68.29,1
2026-07-01 18:06:00+00:00,0.08,0.08,0.08,0.08,3
2026-07-01 18:06:00+00:00,0.05,0.05,0.05,0.05,1
2026-07-01 18:06:00+00:00,68.3,68.32,68.3,68.32,2
2026-07-01 18:06:00+00:00,68.33,68.38,68.3,68.32,20
2026-07-01 18:07:00+00:00,68.31,68.32,68.3,68.3,11
2026-07-01 18:08:00+00:00,68.29,68.31,68.28,68.28,16
2026-07-01 18:09:00+00:00,68.31,68.33,68.28,68.31,34
2026-07-01 18:10:00+00:00,68.27,68.27,68.27,68.27,1
2026-07-01 18:10:00+00:00,68.32,68.33,68.28,68.29,31
2026-07-01 18:11:00+00:00,68.28,68.3,68.27,68.29,13
2026-07-01 18:12:00+00:00,68.28,68.28,68.28,68.28,1
2026-07-01 18:12:00+00:00,68.28,68.32,68.28,68.3,11
2026-07-01 18:13:00+00:00,68.15,68.15,68.15,68.15,40
2026-07-01 18:13:00+00:00,68.29,68.3,68.28,68.29,14
2026-07-01 18:14:00+00:00,68.3,68.31,68.29,68.31,8
2026-07-01 18:15:00+00:00,68.27,68.28,68.27,68.28,4
2026-07-01 18:15:00+00:00,0.05,0.05,0.05,0.05,3
2026-07-01 18:15:00+00:00,68.33,68.36,68.32,68.33,49
2026-07-01 18:16:00+00:00,68.33,68.37,68.33,68.34,44
2026-07-01 18:16:00+00:00,0.05,0.05,0.05,0.05,1
2026-07-01 18:16:00+00:00,68.3,68.3,68.3,68.3,1
2026-07-01 18:17:00+00:00,68.35,68.37,68.34,68.34,16
2026-07-01 18:17:00+00:00,0.05,0.05,0.05,0.05,1
2026-07-01 18:17:00+00:00,68.29,68.29,68.29,68.29,1
2026-07-01 18:18:00+00:00,68.28,68.29,68.28,68.29,2
2026-07-01 18:18:00+00:00,68.33,68.33,68.31,68.33,17
2026-07-01 18:19:00+00:00,68.27,68.27,68.27,68.27,2
2026-07-01 18:19:00+00:00,68.32,68.34,68.31,68.33,41
2026-07-01 18:20:00+00:00,68.3,68.32,68.3,68.32,3
2026-07-01 18:20:00+00:00,0.06,0.06,0.06,0.06,3
2026-07-01 18:20:00+00:00,68.33,68.4,68.33,68.38,84
2026-07-01 18:21:00+00:00,68.32,68.32,68.31,68.31,4
2026-07-01 18:21:00+00:00,68.38,68.41,68.37,68.39,53
2026-07-01 18:22:00+00:00,0.08,0.08,0.08,0.08,2
2026-07-01 18:22:00+00:00,68.31,68.31,68.3,68.31,3
2026-07-01 18:22:00+00:00,68.39,68.39,68.38,68.39,13
2026-07-01 18:23:00+00:00,0.08,0.08,0.08,0.08,5
2026-07-01 18:23:00+00:00,68.32,68.34,68.31,68.32,12
2026-07-01 18:23:00+00:00,67.97,67.97,67.97,67.97,1
2026-07-01 18:23:00+00:00,68.4,68.42,68.38,68.38,31
2026-07-01 18:24:00+00:00,68.37,68.39,68.37,68.39,15
2026-07-01 18:24:00+00:00,0.08,0.08,0.08,0.08,2
2026-07-01 18:24:00+00:00,68.3,68.3,68.3,68.3,6
2026-07-01 18:25:00+00:00,0.09,0.09,0.09,0.09,1
2026-07-01 18:25:00+00:00,68.3,68.31,68.3,68.31,4
2026-07-01 18:25:00+00:00,68.39,68.4,68.36,68.36,29
2026-07-01 18:26:00+00:00,68.29,68.31,68.29,68.3,4
2026-07-01 18:26:00+00:00,68.35,68.39,68.35,68.38,9
2026-07-01 18:27:00+00:00,68.29,68.29,68.26,68.26,4
2026-07-01 18:27:00+00:00,0.06,0.06,0.06,0.06,6
2026-07-01 18:27:00+00:00,68.37,68.38,68.32,68.32,51
2026-07-01 18:27:00+00:00,0.35,0.35,0.35,0.35,1
2026-07-01 18:28:00+00:00,68.24,68.24,68.24,68.24,1
2026-07-01 18:28:00+00:00,68.02,68.17,68.02,68.17,5
2026-07-01 18:28:00+00:00,0.17,0.17,0.17,0.17,1
2026-07-01 18:28:00+00:00,68.25,68.57,68.25,68.57,32
2026-07-01 18:28:00+00:00,68.32,68.65,68.31,68.65,481
2026-07-01 18:28:00+00:00,0.38,0.39,0.38,0.39,2
2026-07-01 18:28:00+00:00,68.25,68.25,68.25,68.25,1
2026-07-01 18:28:00+00:00,0.07,0.09,0.07,0.07,16
2026-07-01 18:28:00+00:00,67.55,67.55,67.55,67.55,2
2026-07-01 18:29:00+00:00,68.35,68.35,68.35,68.35,1
2026-07-01 18:29:00+00:00,68.22,68.22,68.22,68.22,1
2026-07-01 18:29:00+00:00,0.1,0.1,0.1,0.1,1
2026-07-01 18:29:00+00:00,0.12,0.12,0.12,0.12,1
2026-07-01 18:29:00+00:00,68.63,68.73,68.63,68.69,251
2026-07-01 18:29:00+00:00,68.56,68.65,68.56,68.62,32
2026-07-01 18:29:00+00:00,68.47,68.5,68.47,68.5,3
2026-07-01 18:29:00+00:00,0.08,0.08,0.06,0.07,13
2026-07-01 18:29:00+00:00,0.39,0.39,0.39,0.39,1
2026-07-01 18:30:00+00:00,0.08,0.08,0.08,0.08,12
2026-07-01 18:30:00+00:00,68.65,68.65,68.59,68.59,26
2026-07-01 18:30:00+00:00,68.68,68.74,68.66,68.66,165
2026-07-01 18:31:00+00:00,68.45,68.47,68.4,68.4,55
2026-07-01 18:31:00+00:00,0.06,0.06,0.06,0.06,2
2026-07-01 18:31:00+00:00,0.37,0.37,0.37,0.37,1
2026-07-01 18:31:00+00:00,0.1,0.1,0.1,0.1,2
2026-07-01 18:31:00+00:00,68.33,68.53,68.33,68.53,50
2026-07-01 18:31:00+00:00,0.11,0.11,0.1,0.1,6
2026-07-01 18:31:00+00:00,0.2,0.23,0.2,0.23,4
2026-07-01 18:31:00+00:00,68.21,68.36,68.21,68.36,7
2026-07-01 18:31:00+00:00,0.17,0.17,0.17,0.17,5
2026-07-01 18:31:00+00:00,68.58,68.6,68.51,68.51,16
2026-07-01 18:31:00+00:00,68.66,68.67,68.56,68.58,193
2026-07-01 18:31:00+00:00,0.16,0.16,0.16,0.16,3
2026-07-01 18:32:00+00:00,0.07,0.07,0.07,0.07,3
2026-07-01 18:32:00+00:00,68.52,68.52,68.49,68.49,4
2026-07-01 18:32:00+00:00,68.58,68.6,68.57,68.58,55
2026-07-01 18:33:00+00:00,68.49,68.49,68.47,68.47,3
2026-07-01 18:33:00+00:00,0.35,0.35,0.35,0.35,1
2026-07-01 18:33:00+00:00,68.36,68.36,68.36,68.36,1
2026-07-01 18:33:00+00:00,68.12,68.12,68.12,68.12,1
2026-07-01 18:33:00+00:00,68.56,68.57,68.52,68.53,35
2026-07-01 18:34:00+00:00,68.49,68.49,68.49,68.49,1
2026-07-01 18:34:00+00:00,68.54,68.56,68.53,68.55,21
2026-07-01 18:35:00+00:00,68.37,68.37,68.37,68.37,50
2026-07-01 18:35:00+00:00,68.55,68.56,68.52,68.53,25
2026-07-01 18:36:00+00:00,0.09,0.09,0.09,0.09,1
2026-07-01 18:36:00+00:00,68.54,68.54,68.43,68.46,95
2026-07-01 18:36:00+00:00,0.05,0.05,0.05,0.05,11
2026-07-01 18:36:00+00:00,68.42,68.42,68.39,68.39,5
2026-07-01 18:36:00+00:00,68.07,68.07,68.07,68.07,1
2026-07-01 18:37:00+00:00,68.22,68.22,68.22,68.22,50
2026-07-01 18:37:00+00:00,68.47,68.48,68.46,68.46,26
2026-07-01 18:38:00+00:00,68.46,68.46,68.43,68.45,37
2026-07-01 18:38:00+00:00,0.06,0.06,0.06,0.06,3
2026-07-01 18:38:00+00:00,68.4,68.4,68.4,68.4,2
2026-07-01 18:39:00+00:00,0.15,0.15,0.15,0.15,1
2026-07-01 18:39:00+00:00,68.46,68.47,68.45,68.46,58
2026-07-01 18:39:00+00:00,0.07,0.07,0.07,0.07,1
2026-07-01 18:39:00+00:00,68.4,68.4,68.4,68.4,2
2026-07-01 18:40:00+00:00,68.45,68.47,68.45,68.46,35
2026-07-01 18:41:00+00:00,68.47,68.47,68.43,68.44,25
2026-07-01 18:42:00+00:00,68.44,68.44,68.38,68.39,42
2026-07-01 18:42:00+00:00,68.02,68.02,68.02,68.02,1
2026-07-01 18:43:00+00:00,0.06,0.06,0.06,0.06,1
2026-07-01 18:43:00+00:00,68.38,68.42,68.38,68.42,82
2026-07-01 18:43:00+00:00,68.34,68.36,68.34,68.36,2
2026-07-01 18:44:00+00:00,68.43,68.45,68.37,68.43,97
2026-07-01 18:44:00+00:00,0.06,0.06,0.06,0.06,1
2026-07-01 18:44:00+00:00,68.37,68.37,68.33,68.33,5
2026-07-01 18:45:00+00:00,68.43,68.44,68.42,68.42,32
2026-07-01 18:46:00+00:00,68.43,68.44,68.41,68.44,26
2026-07-01 18:47:00+00:00,68.4,68.4,68.37,68.4,29
2026-07-01 18:47:00+00:00,67.98,67.98,67.98,67.98,1
2026-07-01 18:48:00+00:00,68.4,68.41,68.4,68.4,10
2026-07-01 18:49:00+00:00,68.34,68.34,68.34,68.34,2
2026-07-01 18:49:00+00:00,68.39,68.44,68.38,68.41,57
2026-07-01 18:49:00+00:00,0.05,0.05,0.05,0.05,2
2026-07-01 18:50:00+00:00,68.4,68.4,68.38,68.38,14
2026-07-01 18:51:00+00:00,68.36,68.38,68.35,68.36,30
2026-07-01 18:51:00+00:00,68.31,68.31,68.31,68.31,1
2026-07-01 18:52:00+00:00,68.35,68.35,68.35,68.35,2
2026-07-01 18:52:00+00:00,68.36,68.39,68.36,68.39,11
2026-07-01 18:53:00+00:00,0.09,0.09,0.09,0.09,1
2026-07-01 18:53:00+00:00,68.4,68.41,68.37,68.37,33
2026-07-01 18:54:00+00:00,68.35,68.35,68.35,68.35,1
2026-07-01 18:54:00+00:00,67.97,67.97,67.97,67.97,1
2026-07-01 18:54:00+00:00,68.38,68.38,68.38,68.38,3
2026-07-01 18:55:00+00:00,0.04,0.04,0.04,0.04,4
2026-07-01 18:55:00+00:00,68.37,68.38,68.34,68.36,47
2026-07-01 18:55:00+00:00,68.32,68.32,68.31,68.31,4
2026-07-01 18:56:00+00:00,68.2,68.2,68.2,68.2,4
2026-07-01 18:56:00+00:00,67.97,67.97,67.97,67.97,1
2026-07-01 18:56:00+00:00,68.35,68.36,68.33,68.34,17
2026-07-01 18:56:00+00:00,0.05,0.05,0.05,0.05,1
2026-07-01 18:56:00+00:00,68.31,68.31,68.29,68.29,2
2026-07-01 18:57:00+00:00,68.34,68.37,68.34,68.36,6
2026-07-01 18:57:00+00:00,68.31,68.31,68.31,68.31,1
2026-07-01 18:58:00+00:00,68.35,68.36,68.32,68.33,21
2026-07-01 18:59:00+00:00,0.05,0.05,0.04,0.04,3
2026-07-01 18:59:00+00:00,68.33,68.33,68.28,68.29,120
2026-07-01 18:59:00+00:00,68.25,68.26,68.25,68.25,4
2026-07-01 19:00:00+00:00,0.04,0.04,0.04,0.04,5
2026-07-01 19:00:00+00:00,68.24,68.24,68.23,68.23,6
2026-07-01 19:00:00+00:00,68.28,68.31,68.27,68.27,63
2026-07-01 19:01:00+00:00,67.92,67.92,67.92,67.92,1
2026-07-01 19:01:00+00:00,68.28,68.29,68.25,68.26,37
2026-07-01 19:02:00+00:00,68.27,68.28,68.25,68.28,24
2026-07-01 19:03:00+00:00,68.24,68.24,68.24,68.24,1
2026-07-01 19:03:00+00:00,68.29,68.3,68.28,68.29,13
2026-07-01 19:04:00+00:00,68.23,68.23,68.21,68.21,3
2026-07-01 19:04:00+00:00,68.28,68.29,68.26,68.27,14
2026-07-01 19:05:00+00:00,68.22,68.22,68.22,68.22,1
2026-07-01 19:05:00+00:00,68.27,68.28,68.26,68.28,17
2026-07-01 19:06:00+00:00,0.04,0.04,0.04,0.04,7
2026-07-01 19:06:00+00:00,68.28,68.28,68.2,68.24,132
2026-07-01 19:06:00+00:00,68.13,68.13,68.13,68.13,1
2026-07-01 19:06:00+00:00,68.22,68.22,68.18,68.18,9
2026-07-01 19:07:00+00:00,0.04,0.05,0.04,0.05,6
2026-07-01 19:07:00+00:00,68.23,68.24,68.2,68.24,113
2026-07-01 19:07:00+00:00,68.18,68.19,68.17,68.19,8
2026-07-01 19:08:00+00:00,68.2,68.2,68.2,68.2,1
2026-07-01 19:08:00+00:00,68.24,68.26,68.24,68.24,11
2026-07-01 19:09:00+00:00,67.87,67.87,67.87,67.87,1
2026-07-01 19:09:00+00:00,68.24,68.26,68.21,68.21,17
2026-07-01 19:10:00+00:00,68.2,68.24,68.19,68.24,35
2026-07-01 19:11:00+00:00,68.24,68.25,68.21,68.25,21
2026-07-01 19:12:00+00:00,68.14,68.16,68.14,68.16,8
2026-07-01 19:12:00+00:00,68.22,68.23,68.22,68.23,4
2026-07-01 19:12:00+00:00,0.07,0.07,0.07,0.07,4
2026-07-01 19:12:00+00:00,68.25,68.26,68.25,68.26,17
2026-07-01 19:12:00+00:00,0.11,0.11,0.11,0.11,3
2026-07-01 19:13:00+00:00,68.25,68.28,68.25,68.28,24
2026-07-01 19:13:00+00:00,68.22,68.22,68.21,68.21,3
2026-07-01 19:14:00+00:00,68.29,68.29,68.27,68.29,28
2026-07-01 19:15:00+00:00,68.27,68.31,68.27,68.31,8
2026-07-01 19:16:00+00:00,68.17,68.17,68.16,68.16,3
2026-07-01 19:16:00+00:00,68.31,68.31,68.3,68.3,12
2026-07-01 19:16:00+00:00,0.09,0.09,0.09,0.09,2
2026-07-01 19:16:00+00:00,68.27,68.27,68.25,68.25,3
2026-07-01 19:17:00+00:00,68.25,68.25,68.25,68.25,1
2026-07-01 19:17:00+00:00,68.3,68.33,68.29,68.29,21
2026-07-01 19:18:00+00:00,68.31,68.34,68.31,68.33,17
2026-07-01 19:19:00+00:00,68.33,68.34,68.31,68.31,8
2026-07-01 19:20:00+00:00,0.05,0.05,0.05,0.05,2
2026-07-01 19:20:00+00:00,68.32,68.34,68.28,68.34,64
2026-07-01 19:20:00+00:00,68.26,68.26,68.24,68.26,3
2026-07-01 19:21:00+00:00,68.19,68.19,68.19,68.19,3
2026-07-01 19:21:00+00:00,68.34,68.35,68.34,68.34,9
2026-07-01 19:21:00+00:00,68.3,68.3,68.3,68.3,1
2026-07-01 19:22:00+00:00,68.35,68.35,68.32,68.35,13
2026-07-01 19:23:00+00:00,0.05,0.05,0.04,0.04,2
2026-07-01 19:23:00+00:00,68.28,68.29,68.28,68.29,2
2026-07-01 19:23:00+00:00,68.34,68.34,68.31,68.33,34
2026-07-01 19:24:00+00:00,68.33,68.34,68.33,68.33,49
2026-07-01 19:24:00+00:00,68.22,68.22,68.22,68.22,1
2026-07-01 19:24:00+00:00,68.14,68.23,68.14,68.23,15
2026-07-01 19:24:00+00:00,0.1,0.1,0.1,0.1,3
2026-07-01 19:24:00+00:00,0.07,0.07,0.07,0.07,1
2026-07-01 19:24:00+00:00,0.16,0.16,0.16,0.16,1
2026-07-01 19:24:00+00:00,68.07,68.07,68.07,68.07,1
2026-07-01 19:25:00+00:00,68.22,68.22,68.22,68.22,1
2026-07-01 19:25:00+00:00,68.29,68.29,68.29,68.29,1
2026-07-01 19:25:00+00:00,68.15,68.15,68.15,68.15,1
2026-07-01 19:25:00+00:00,0.07,0.07,0.07,0.07,1
2026-07-01 19:25:00+00:00,0.04,0.04,0.04,0.04,1
2026-07-01 19:25:00+00:00,68.33,68.33,68.25,68.27,53
2026-07-01 19:26:00+00:00,68.27,68.31,68.27,68.3,11
2026-07-01 19:27:00+00:00,68.31,68.33,68.31,68.32,9
2026-07-01 19:28:00+00:00,68.28,68.28,68.25,68.25,3
2026-07-01 19:28:00+00:00,68.32,68.34,68.3,68.3,63
2026-07-01 19:28:00+00:00,0.06,0.06,0.05,0.05,3
2026-07-01 19:29:00+00:00,67.9,67.9,67.9,67.9,1
2026-07-01 19:29:00+00:00,68.29,68.29,68.27,68.27,10
2026-07-01 19:30:00+00:00,68.21,68.21,68.21,68.21,1
2026-07-01 19:30:00+00:00,68.26,68.27,68.24,68.24,20
2026-07-01 19:31:00+00:00,68.25,68.27,68.24,68.27,10
2026-07-01 19:32:00+00:00,67.87,67.87,67.87,67.87,1
2026-07-01 19:32:00+00:00,68.26,68.26,68.21,68.22,31
2026-07-01 19:32:00+00:00,67.48,67.48,67.48,67.48,1
2026-07-01 19:33:00+00:00,68.21,68.23,68.2,68.23,25
2026-07-01 19:33:00+00:00,68.18,68.18,68.18,68.18,1
2026-07-01 19:34:00+00:00,68.24,68.24,68.23,68.23,15
2026-07-01 19:34:00+00:00,68.18,68.18,68.18,68.18,2
2026-07-01 19:35:00+00:00,68.17,68.17,68.17,68.17,1
2026-07-01 19:35:00+00:00,68.22,68.22,68.2,68.21,14
2026-07-01 19:36:00+00:00,68.16,68.16,68.16,68.16,1
2026-07-01 19:36:00+00:00,68.2,68.23,68.2,68.23,10
2026-07-01 19:37:00+00:00,0.04,0.05,0.04,0.05,5
2026-07-01 19:37:00+00:00,68.18,68.19,68.15,68.16,12
2026-07-01 19:37:00+00:00,68.21,68.23,68.19,68.2,43
2026-07-01 19:38:00+00:00,68.03,68.03,68.0,68.0,7
2026-07-01 19:38:00+00:00,0.07,0.07,0.07,0.07,9
2026-07-01 19:38:00+00:00,0.04,0.06,0.04,0.05,22
2026-07-01 19:38:00+00:00,68.13,68.13,68.0,68.1,57
2026-07-01 19:38:00+00:00,67.41,67.41,67.41,67.41,1
2026-07-01 19:38:00+00:00,67.82,67.82,67.82,67.82,1
2026-07-01 19:38:00+00:00,0.09,0.09,0.09,0.09,3
2026-07-01 19:38:00+00:00,68.2,68.2,68.08,68.16,211
2026-07-01 19:39:00+00:00,68.08,68.08,67.9,68.01,62
2026-07-01 19:39:00+00:00,0.06,0.07,0.05,0.06,26
2026-07-01 19:39:00+00:00,0.07,0.07,0.07,0.07,8
2026-07-01 19:39:00+00:00,68.0,68.0,68.0,68.0,1
2026-07-01 19:39:00+00:00,67.77,67.77,67.68,67.68,4
2026-07-01 19:39:00+00:00,68.14,68.14,68.01,68.07,343
2026-07-01 19:40:00+00:00,68.0,68.0,68.0,68.0,1
2026-07-01 19:40:00+00:00,68.07,68.11,68.05,68.11,58
2026-07-01 19:41:00+00:00,0.06,0.06,0.06,0.06,1
2026-07-01 19:41:00+00:00,68.08,68.08,68.08,68.08,1
2026-07-01 19:41:00+00:00,68.11,68.14,68.11,68.12,42
2026-07-01 19:42:00+00:00,68.12,68.12,68.09,68.1,19
2026-07-01 19:43:00+00:00,68.09,68.12,68.08,68.12,25
2026-07-01 19:44:00+00:00,68.13,68.18,68.13,68.17,40
2026-07-01 19:44:00+00:00,0.06,0.06,0.06,0.06,2
2026-07-01 19:44:00+00:00,68.1,68.1,68.1,68.1,2
2026-07-01 19:45:00+00:00,67.92,67.92,67.78,67.78,15
2026-07-01 19:45:00+00:00,68.16,68.18,68.13,68.13,24
2026-07-01 19:45:00+00:00,67.99,67.99,67.87,67.87,3
2026-07-01 19:45:00+00:00,0.12,0.12,0.12,0.12,1
2026-07-01 19:45:00+00:00,0.09,0.09,0.09,0.09,3
2026-07-01 19:45:00+00:00,67.67,67.67,67.67,67.67,1
2026-07-01 19:46:00+00:00,68.13,68.13,68.09,68.1,18
2026-07-01 19:47:00+00:00,68.01,68.01,68.01,68.01,1
2026-07-01 19:47:00+00:00,68.08,68.09,68.07,68.07,8
2026-07-01 19:47:00+00:00,68.1,68.15,68.1,68.13,90
2026-07-01 19:47:00+00:00,0.07,0.07,0.07,0.07,1
2026-07-01 19:47:00+00:00,0.06,0.06,0.05,0.05,5
2026-07-01 19:48:00+00:00,68.07,68.07,68.07,68.07,1
2026-07-01 19:48:00+00:00,68.12,68.13,68.11,68.12,17
2026-07-01 19:49:00+00:00,68.08,68.08,68.08,68.08,2
2026-07-01 19:49:00+00:00,68.13,68.13,68.1,68.1,7
2026-07-01 19:50:00+00:00,67.97,67.97,67.97,67.97,1
2026-07-01 19:50:00+00:00,68.11,68.15,68.11,68.15,6
2026-07-01 19:51:00+00:00,0.08,0.08,0.08,0.08,1
2026-07-01 19:51:00+00:00,67.98,67.98,67.98,67.98,2
2026-07-01 19:51:00+00:00,0.05,0.05,0.05,0.05,9
2026-07-01 19:51:00+00:00,68.14,68.14,68.08,68.08,21
2026-07-01 19:51:00+00:00,68.06,68.06,68.05,68.05,2
2026-07-01 19:52:00+00:00,0.06,0.06,0.06,0.06,2
2026-07-01 19:52:00+00:00,68.04,68.04,68.04,68.04,2
2026-07-01 19:52:00+00:00,68.09,68.1,68.07,68.07,37
2026-07-01 19:53:00+00:00,68.03,68.04,68.02,68.02,6
2026-07-01 19:53:00+00:00,68.09,68.1,68.07,68.07,64
2026-07-01 19:53:00+00:00,67.94,67.94,67.94,67.94,1
2026-07-01 19:53:00+00:00,0.06,0.06,0.05,0.06,5
2026-07-01 19:54:00+00:00,68.09,68.1,68.05,68.08,39
2026-07-01 19:55:00+00:00,68.07,68.07,68.04,68.05,47
2026-07-01 19:56:00+00:00,67.33,67.33,67.33,67.33,1
2026-07-01 19:56:00+00:00,0.04,0.04,0.03,0.03,26
2026-07-01 19:56:00+00:00,68.04,68.05,67.9,67.95,442
2026-07-01 19:56:00+00:00,67.94,67.94,67.88,67.93,29
2026-07-01 19:57:00+00:00,67.95,68.01,67.94,67.98,390
2026-07-01 19:57:00+00:00,0.05,0.05,0.04,0.04,12
2026-07-01 19:57:00+00:00,67.92,67.96,67.92,67.96,18
2026-07-01 19:58:00+00:00,0.03,0.04,0.03,0.04,46
2026-07-01 19:58:00+00:00,67.97,68.04,67.96,67.96,254
2026-07-01 19:58:00+00:00,0.06,0.06,0.06,0.06,1
2026-07-01 19:58:00+00:00,67.93,67.93,67.93,67.93,1
2026-07-01 19:58:00+00:00,68.0,68.07,67.99,68.01,108
2026-07-01 19:59:00+00:00,68.0,68.04,67.99,68.02,43
2026-07-01 19:59:00+00:00,0.05,0.05,0.05,0.05,1
2026-07-01 19:59:00+00:00,67.99,67.99,67.99,67.99,1
2026-07-01 20:00:00+00:00,68.04,68.04,67.99,68.01,36
2026-07-01 20:01:00+00:00,68.01,68.03,68.0,68.01,25
2026-07-01 20:02:00+00:00,68.02,68.05,68.01,68.01,31
2026-07-01 20:03:00+00:00,67.98,67.98,67.98,67.98,1
2026-07-01 20:03:00+00:00,68.03,68.05,68.01,68.04,12
2026-07-01 20:04:00+00:00,68.03,68.04,68.02,68.02,26
2026-07-01 20:05:00+00:00,68.03,68.03,68.0,68.0,33
2026-07-01 20:06:00+00:00,67.96,67.96,67.96,67.96,1
2026-07-01 20:06:00+00:00,68.02,68.02,67.99,68.01,35
2026-07-01 20:07:00+00:00,68.01,68.03,68.01,68.03,5
2026-07-01 20:08:00+00:00,68.04,68.05,67.99,67.99,27
2026-07-01 20:09:00+00:00,67.95,67.95,67.95,67.95,3
2026-07-01 20:09:00+00:00,68.0,68.01,67.96,67.99,31
2026-07-01 20:10:00+00:00,67.98,67.99,67.98,67.99,6
2026-07-01 20:11:00+00:00,68.0,68.0,68.0,68.0,1
2026-07-01 20:11:00+00:00,68.0,68.03,68.0,68.01,23
2026-07-01 20:12:00+00:00,68.02,68.06,68.02,68.06,15
2026-07-01 20:12:00+00:00,67.99,67.99,67.99,67.99,1
2026-07-01 20:13:00+00:00,68.07,68.08,68.06,68.07,19
2026-07-01 20:14:00+00:00,68.06,68.06,67.99,68.0,48
2026-07-01 20:14:00+00:00,68.02,68.02,67.96,67.96,3
2026-07-01 20:15:00+00:00,0.05,0.05,0.05,0.05,2
2026-07-01 20:15:00+00:00,67.95,67.95,67.91,67.93,8
2026-07-01 20:15:00+00:00,67.99,68.0,67.96,67.99,28
2026-07-01 20:16:00+00:00,68.01,68.01,68.0,68.0,35
2026-07-01 20:17:00+00:00,68.01,68.01,68.01,68.01,1
2026-07-01 20:18:00+00:00,68.0,68.01,68.0,68.01,16
2026-07-01 20:19:00+00:00,68.01,68.05,68.01,68.05,29
2026-07-01 20:20:00+00:00,68.02,68.03,68.02,68.03,3
2026-07-01 20:20:00+00:00,68.07,68.11,68.07,68.09,53
2026-07-01 20:21:00+00:00,68.05,68.05,68.05,68.05,1
2026-07-01 20:21:00+00:00,68.11,68.12,68.11,68.11,8
2026-07-01 20:22:00+00:00,0.06,0.06,0.06,0.06,1
2026-07-01 20:22:00+00:00,67.97,67.97,67.97,67.97,1
2026-07-01 20:22:00+00:00,68.07,68.07,68.07,68.07,1
2026-07-01 20:22:00+00:00,68.13,68.14,68.09,68.09,32
2026-07-01 20:23:00+00:00,0.06,0.06,0.06,0.06,1
2026-07-01 20:23:00+00:00,68.11,68.12,68.09,68.09,10
2026-07-01 20:23:00+00:00,68.05,68.05,68.05,68.05,1
2026-07-01 20:24:00+00:00,68.05,68.05,68.05,68.05,1
2026-07-01 20:24:00+00:00,68.12,68.13,68.12,68.13,9
2026-07-01 20:25:00+00:00,67.83,67.83,67.83,67.83,1
2026-07-01 20:25:00+00:00,68.13,68.16,68.11,68.15,77
2026-07-01 20:25:00+00:00,68.02,68.02,68.02,68.02,1
2026-07-01 20:25:00+00:00,67.97,67.97,67.97,67.97,1
2026-07-01 20:25:00+00:00,0.14,0.14,0.14,0.14,1
2026-07-01 20:25:00+00:00,68.09,68.09,68.06,68.06,2
2026-07-01 20:26:00+00:00,68.09,68.1,68.09,68.1,3
2026-07-01 20:26:00+00:00,0.06,0.06,0.06,0.06,3
2026-07-01 20:26:00+00:00,68.14,68.14,68.12,68.13,11
2026-07-01 20:26:00+00:00,68.03,68.04,68.03,68.04,3
2026-07-01 20:27:00+00:00,68.09,68.09,68.09,68.09,1
2026-07-01 20:27:00+00:00,0.06,0.06,0.06,0.06,1
2026-07-01 20:27:00+00:00,68.13,68.15,68.12,68.15,42
2026-07-01 20:28:00+00:00,68.13,68.13,68.13,68.13,55
2026-07-01 20:28:00+00:00,68.09,68.09,68.09,68.09,1
2026-07-01 20:29:00+00:00,68.12,68.13,68.11,68.13,10
2026-07-01 20:30:00+00:00,68.07,68.07,68.07,68.07,2
2026-07-01 20:30:00+00:00,68.12,68.13,68.11,68.13,11
2026-07-01 20:30:00+00:00,0.05,0.05,0.05,0.05,1
2026-07-01 20:31:00+00:00,68.07,68.07,68.05,68.05,2
2026-07-01 20:31:00+00:00,68.14,68.14,68.08,68.08,26
2026-07-01 20:32:00+00:00,68.08,68.1,68.02,68.03,78
2026-07-01 20:32:00+00:00,0.05,0.05,0.04,0.04,4
2026-07-01 20:32:00+00:00,68.0,68.01,67.99,68.01,6
2026-07-01 20:32:00+00:00,0.05,0.05,0.05,0.05,2
2026-07-01 20:32:00+00:00,67.96,67.96,67.96,67.96,2
2026-07-01 20:33:00+00:00,68.04,68.07,68.04,68.06,6
2026-07-01 20:34:00+00:00,0.06,0.06,0.06,0.06,1
2026-07-01 20:34:00+00:00,68.01,68.01,68.01,68.01,1
2026-07-01 20:34:00+00:00,68.07,68.07,68.07,68.07,4
2026-07-01 20:35:00+00:00,68.09,68.09,68.07,68.08,15
2026-07-01 20:36:00+00:00,68.09,68.09,68.08,68.09,11
2026-07-01 20:37:00+00:00,68.1,68.11,68.09,68.09,27
2026-07-01 20:38:00+00:00,68.08,68.08,68.08,68.08,2
2026-07-01 20:39:00+00:00,68.04,68.04,68.03,68.03,2
2026-07-01 20:39:00+00:00,68.11,68.12,68.09,68.12,5
2026-07-01 20:40:00+00:00,68.0,68.0,68.0,68.0,1
2026-07-01 20:40:00+00:00,68.06,68.09,68.06,68.06,7
2026-07-01 20:40:00+00:00,68.13,68.17,68.11,68.12,35
2026-07-01 20:40:00+00:00,0.07,0.07,0.07,0.07,6
2026-07-01 20:40:00+00:00,0.15,0.15,0.15,0.15,1
2026-07-01 20:41:00+00:00,68.12,68.12,68.1,68.1,4
2026-07-01 20:41:00+00:00,67.99,67.99,67.99,67.99,2
2026-07-01 20:42:00+00:00,68.09,68.11,68.09,68.11,14
2026-07-01 20:43:00+00:00,68.11,68.11,68.11,68.11,2
2026-07-01 20:44:00+00:00,68.04,68.04,68.04,68.04,2
2026-07-01 20:44:00+00:00,0.06,0.06,0.06,0.06,2
2026-07-01 20:44:00+00:00,68.11,68.13,68.09,68.11,28
2026-07-01 20:45:00+00:00,68.1,68.12,68.09,68.11,26
2026-07-01 20:45:00+00:00,68.05,68.05,68.05,68.05,2
2026-07-01 20:46:00+00:00,68.09,68.12,68.09,68.12,20
2026-07-01 20:47:00+00:00,68.07,68.07,68.07,68.07,2
2026-07-01 20:47:00+00:00,0.07,0.07,0.07,0.07,2
2026-07-01 20:47:00+00:00,68.11,68.15,68.11,68.11,39
2026-07-01 20:48:00+00:00,0.06,0.06,0.06,0.06,2
2026-07-01 20:48:00+00:00,68.04,68.05,68.04,68.05,3
2026-07-01 20:48:00+00:00,68.12,68.14,68.1,68.13,86
2026-07-01 20:49:00+00:00,68.05,68.05,68.05,68.05,1
2026-07-01 20:49:00+00:00,68.13,68.13,68.1,68.11,21
2026-07-01 20:50:00+00:00,0.06,0.06,0.06,0.06,1
2026-07-01 20:50:00+00:00,68.11,68.15,68.1,68.11,76
2026-07-01 20:50:00+00:00,68.04,68.04,68.04,68.04,21
2026-07-01 20:51:00+00:00,68.01,68.02,68.01,68.02,2
2026-07-01 20:51:00+00:00,68.1,68.1,68.08,68.08,20
2026-07-01 20:52:00+00:00,68.08,68.11,68.08,68.1,27
2026-07-01 20:53:00+00:00,68.04,68.04,68.04,68.04,1
2026-07-01 20:53:00+00:00,68.09,68.12,68.08,68.1,17
2026-07-01 20:54:00+00:00,68.1,68.1,68.08,68.08,16
2026-07-01 20:54:00+00:00,68.0,68.0,68.0,68.0,3
2026-07-01 20:54:00+00:00,0.08,0.08,0.08,0.08,2
2026-07-01 20:55:00+00:00,68.09,68.1,68.06,68.07,16
2026-07-01 20:56:00+00:00,68.09,68.09,68.07,68.07,7
2026-07-01 20:57:00+00:00,0.08,0.08,0.08,0.08,7
2026-07-01 20:57:00+00:00,67.98,67.98,67.97,67.97,7
2026-07-01 20:57:00+00:00,68.09,68.09,68.05,68.05,20
2026-07-01 20:58:00+00:00,0.08,0.08,0.08,0.08,3
2026-07-01 20:58:00+00:00,68.05,68.09,68.05,68.08,41
2026-07-01 20:59:00+00:00,67.98,67.98,67.98,67.98,2
2026-07-01 20:59:00+00:00,0.08,0.08,0.06,0.06,2
2026-07-01 20:59:00+00:00,0.07,0.07,0.07,0.07,1
2026-07-01 20:59:00+00:00,67.99,68.0,67.99,68.0,2
2026-07-01 20:59:00+00:00,0.06,0.06,0.06,0.06,2
2026-07-01 20:59:00+00:00,67.93,67.93,67.93,67.93,2
2026-07-01 20:59:00+00:00,68.08,68.11,68.04,68.08,55
2026-07-01 20:59:00+00:00,0.14,0.14,0.14,0.14,1
2026-07-01 22:00:00+00:00,68.09,68.19,68.07,68.12,84
2026-07-01 22:01:00+00:00,68.09,68.16,68.09,68.13,20
2026-07-01 22:01:00+00:00,68.11,68.11,68.11,68.11,1
2026-07-01 22:02:00+00:00,68.12,68.19,68.12,68.18,90
2026-07-01 22:03:00+00:00,0.04,0.05,0.04,0.04,4
2026-07-01 22:03:00+00:00,68.11,68.13,68.11,68.13,3
2026-07-01 22:03:00+00:00,68.18,68.18,68.12,68.17,25
2026-07-01 22:04:00+00:00,0.04,0.04,0.04,0.04,1
2026-07-01 22:04:00+00:00,68.07,68.07,68.07,68.07,1
2026-07-01 22:04:00+00:00,68.13,68.16,68.05,68.11,39
2026-07-01 22:05:00+00:00,68.1,68.11,68.05,68.06,40
2026-07-01 22:06:00+00:00,68.06,68.08,68.03,68.07,27
2026-07-01 22:07:00+00:00,68.07,68.07,68.05,68.05,6
2026-07-01 22:08:00+00:00,68.05,68.07,68.05,68.05,12
2026-07-01 22:09:00+00:00,68.06,68.06,68.04,68.04,19
2026-07-01 22:10:00+00:00,68.04,68.06,68.04,68.05,13
2026-07-01 22:10:00+00:00,68.0,68.0,68.0,68.0,1
2026-07-01 22:11:00+00:00,68.04,68.08,68.04,68.08,13
2026-07-01 22:12:00+00:00,68.08,68.08,68.07,68.08,6
2026-07-01 22:13:00+00:00,68.09,68.1,68.07,68.07,9
2026-07-01 22:15:00+00:00,68.09,68.09,68.06,68.06,8
2026-07-01 22:16:00+00:00,0.07,0.07,0.07,0.07,1
2026-07-01 22:16:00+00:00,68.06,68.06,68.06,68.06,16
2026-07-01 22:16:00+00:00,68.03,68.03,68.03,68.03,1
2026-07-01 22:16:00+00:00,67.96,67.96,67.96,67.96,1
2026-07-01 22:17:00+00:00,68.08,68.11,68.08,68.1,13
2026-07-01 22:19:00+00:00,68.03,68.03,68.0,68.0,2
2026-07-01 22:19:00+00:00,68.1,68.1,68.03,68.04,31
2026-07-01 22:20:00+00:00,0.04,0.04,0.04,0.04,1
2026-07-01 22:20:00+00:00,67.97,67.97,67.97,67.97,1
2026-07-01 22:20:00+00:00,68.04,68.04,67.98,68.0,27
2026-07-01 22:21:00+00:00,67.94,67.94,67.94,67.94,1
2026-07-01 22:21:00+00:00,67.99,68.01,67.98,67.99,16
2026-07-01 22:22:00+00:00,68.0,68.01,67.99,68.0,11
2026-07-01 22:23:00+00:00,67.94,67.94,67.9,67.94,5
2026-07-01 22:23:00+00:00,67.86,67.86,67.86,67.86,1
2026-07-01 22:23:00+00:00,68.01,68.01,67.93,68.01,59
2026-07-01 22:23:00+00:00,0.03,0.03,0.03,0.03,4
2026-07-01 22:23:00+00:00,0.08,0.08,0.08,0.08,1
2026-07-01 22:24:00+00:00,67.79,67.79,67.79,67.79,1
2026-07-01 22:24:00+00:00,67.68,67.68,67.68,67.68,1
2026-07-01 22:24:00+00:00,68.0,68.02,67.99,68.02,11
2026-07-01 22:24:00+00:00,67.91,67.92,67.91,67.92,2
2026-07-01 22:24:00+00:00,0.11,0.11,0.11,0.11,1
2026-07-01 22:24:00+00:00,67.97,67.98,67.97,67.98,2
2026-07-01 22:24:00+00:00,0.06,0.06,0.06,0.06,2
2026-07-01 22:25:00+00:00,68.01,68.01,68.01,68.01,2
2026-07-01 22:26:00+00:00,68.01,68.01,67.96,67.96,14
2026-07-01 22:27:00+00:00,67.97,67.98,67.96,67.96,25
2026-07-01 22:28:00+00:00,67.97,67.98,67.96,67.98,20
2026-07-01 22:29:00+00:00,67.98,67.98,67.96,67.98,11
2026-07-01 22:30:00+00:00,0.05,0.05,0.05,0.05,1
2026-07-01 22:30:00+00:00,67.95,67.95,67.95,67.95,1
2026-07-01 22:30:00+00:00,67.98,68.02,67.98,68.01,37
2026-07-01 22:31:00+00:00,68.01,68.05,68.01,68.05,12
2026-07-01 22:31:00+00:00,0.05,0.05,0.05,0.05,1
2026-07-01 22:31:00+00:00,67.98,67.98,67.98,67.98,1
2026-07-01 22:32:00+00:00,68.06,68.06,68.05,68.05,24
2026-07-01 22:33:00+00:00,67.94,67.95,67.94,67.95,4
2026-07-01 22:33:00+00:00,0.06,0.06,0.06,0.06,4
2026-07-01 22:33:00+00:00,68.0,68.01,68.0,68.01,4
2026-07-01 22:33:00+00:00,68.03,68.05,68.03,68.05,9
2026-07-01 22:34:00+00:00,0.06,0.06,0.06,0.06,1
2026-07-01 22:34:00+00:00,68.05,68.05,68.01,68.03,11
2026-07-01 22:34:00+00:00,67.92,67.92,67.92,67.92,1
2026-07-01 22:34:00+00:00,67.98,67.98,67.98,67.98,1
2026-07-01 22:35:00+00:00,68.03,68.03,68.03,68.03,2
2026-07-01 22:36:00+00:00,0.06,0.06,0.06,0.06,1
2026-07-01 22:36:00+00:00,68.03,68.03,68.03,68.03,3
2026-07-01 22:36:00+00:00,67.97,67.97,67.97,67.97,1
2026-07-01 22:37:00+00:00,67.96,67.96,67.95,67.95,2
2026-07-01 22:37:00+00:00,68.03,68.03,67.99,68.01,35
2026-07-01 22:37:00+00:00,0.05,0.05,0.05,0.05,2
2026-07-01 22:38:00+00:00,68.02,68.03,68.02,68.03,8
2026-07-01 22:38:00+00:00,0.06,0.06,0.06,0.06,2
2026-07-01 22:38:00+00:00,67.97,67.97,67.97,67.97,2
2026-07-01 22:39:00+00:00,67.83,67.83,67.83,67.83,1
2026-07-01 22:39:00+00:00,67.7,67.7,67.7,67.7,1
2026-07-01 22:39:00+00:00,0.13,0.13,0.13,0.13,1
2026-07-01 22:39:00+00:00,67.95,67.95,67.95,67.95,1
2026-07-01 22:39:00+00:00,68.02,68.03,68.02,68.03,6
2026-07-01 22:40:00+00:00,0.06,0.06,0.06,0.06,1
2026-07-01 22:40:00+00:00,67.98,67.98,67.98,67.98,1
2026-07-01 22:40:00+00:00,68.01,68.04,68.01,68.04,7
2026-07-01 22:41:00+00:00,68.03,68.03,68.03,68.03,1
2026-07-01 22:41:00+00:00,67.98,67.98,67.98,67.98,1
2026-07-01 22:42:00+00:00,68.05,68.05,68.05,68.05,1
2026-07-01 22:43:00+00:00,68.04,68.05,68.04,68.05,9
2026-07-01 22:44:00+00:00,68.05,68.05,68.03,68.03,4
2026-07-01 22:45:00+00:00,67.97,67.98,67.97,67.98,3
2026-07-01 22:45:00+00:00,0.06,0.06,0.06,0.06,1
2026-07-01 22:45:00+00:00,68.04,68.06,68.04,68.04,6
2026-07-01 22:46:00+00:00,68.04,68.04,68.04,68.04,1
2026-07-01 22:47:00+00:00,68.04,68.04,68.04,68.04,1
2026-07-01 22:48:00+00:00,68.04,68.05,68.04,68.05,7
2026-07-01 22:49:00+00:00,68.02,68.02,68.02,68.02,2
2026-07-01 22:49:00+00:00,68.05,68.07,68.05,68.07,4
2026-07-01 22:50:00+00:00,68.06,68.07,68.05,68.05,13
2026-07-01 22:50:00+00:00,0.04,0.04,0.04,0.04,1
2026-07-01 22:50:00+00:00,68.01,68.01,68.01,68.01,1
2026-07-01 22:51:00+00:00,68.05,68.05,68.05,68.05,2
2026-07-01 22:52:00+00:00,68.04,68.05,68.04,68.05,4
2026-07-01 22:53:00+00:00,68.04,68.04,68.03,68.04,5
2026-07-01 22:54:00+00:00,68.05,68.05,68.05,68.05,3
2026-07-01 22:55:00+00:00,68.03,68.03,68.01,68.02,33
2026-07-01 22:56:00+00:00,67.96,67.96,67.96,67.96,2
2026-07-01 22:56:00+00:00,68.0,68.02,68.0,68.0,13
2026-07-01 22:57:00+00:00,68.0,68.02,68.0,68.02,5
2026-07-01 22:58:00+00:00,68.01,68.01,68.01,68.01,1
2026-07-01 22:59:00+00:00,67.94,67.94,67.94,67.94,1
2026-07-01 22:59:00+00:00,68.01,68.01,68.01,68.01,7
2026-07-01 23:00:00+00:00,68.02,68.02,67.99,67.99,12
2026-07-01 23:01:00+00:00,0.08,0.08,0.08,0.08,3
2026-07-01 23:01:00+00:00,68.0,68.01,67.99,67.99,12
2026-07-01 23:02:00+00:00,67.99,68.0,67.99,68.0,4
2026-07-01 23:03:00+00:00,68.0,68.01,68.0,68.01,8
2026-07-01 23:03:00+00:00,0.05,0.05,0.05,0.05,1
2026-07-01 23:03:00+00:00,67.95,67.95,67.95,67.95,1
2026-07-01 23:04:00+00:00,68.01,68.01,67.99,68.01,5
2026-07-01 23:05:00+00:00,68.0,68.0,67.99,67.99,3
2026-07-01 23:06:00+00:00,68.02,68.02,67.98,68.0,32
2026-07-01 23:07:00+00:00,67.99,68.01,67.99,68.0,5
2026-07-01 23:07:00+00:00,67.96,67.96,67.96,67.96,1
2026-07-01 23:08:00+00:00,68.01,68.01,68.01,68.01,4
2026-07-01 23:09:00+00:00,68.0,68.01,68.0,68.01,7
2026-07-01 23:10:00+00:00,67.99,68.0,67.99,68.0,3
2026-07-01 23:11:00+00:00,68.0,68.01,67.99,68.01,9
2026-07-01 23:12:00+00:00,68.0,68.0,68.0,68.0,2
2026-07-01 23:13:00+00:00,68.01,68.01,68.01,68.01,4
2026-07-01 23:14:00+00:00,67.83,67.83,67.83,67.83,1
2026-07-01 23:14:00+00:00,0.14,0.14,0.14,0.14,1
2026-07-01 23:14:00+00:00,67.69,67.69,67.69,67.69,1
2026-07-01 23:14:00+00:00,68.01,68.01,68.0,68.0,2
2026-07-01 23:15:00+00:00,68.0,68.0,67.99,67.99,2
2026-07-01 23:16:00+00:00,67.94,67.94,67.93,67.93,2
2026-07-01 23:16:00+00:00,67.99,67.99,67.95,67.98,18
2026-07-01 23:16:00+00:00,0.04,0.04,0.04,0.04,1
2026-07-01 23:17:00+00:00,67.98,68.03,67.98,68.01,19
2026-07-01 23:18:00+00:00,68.03,68.03,68.03,68.03,2
2026-07-01 23:19:00+00:00,68.03,68.03,68.0,68.0,13
2026-07-01 23:20:00+00:00,68.01,68.02,68.0,68.0,8
2026-07-01 23:21:00+00:00,68.01,68.01,68.0,68.0,12
2026-07-01 23:22:00+00:00,68.0,68.0,68.0,68.0,5
2026-07-01 23:23:00+00:00,68.01,68.01,68.0,68.01,3
2026-07-01 23:24:00+00:00,68.02,68.02,68.02,68.02,1
2026-07-01 23:25:00+00:00,68.0,68.0,67.98,67.99,12
2026-07-01 23:26:00+00:00,68.02,68.02,68.02,68.02,2
2026-07-01 23:27:00+00:00,0.06,0.06,0.06,0.06,1
2026-07-01 23:27:00+00:00,67.98,67.98,67.98,67.98,1
2026-07-01 23:27:00+00:00,68.03,68.05,68.02,68.03,22
2026-07-01 23:28:00+00:00,68.03,68.03,68.01,68.01,7
2026-07-01 23:29:00+00:00,68.03,68.05,68.03,68.05,10
2026-07-01 23:30:00+00:00,68.05,68.06,68.05,68.06,14
2026-07-01 23:30:00+00:00,67.99,68.0,67.99,68.0,4
2026-07-01 23:30:00+00:00,0.06,0.06,0.06,0.06,4
2026-07-01 23:31:00+00:00,68.06,68.06,68.01,68.01,21
2026-07-01 23:32:00+00:00,68.03,68.03,68.03,68.03,1
2026-07-01 23:33:00+00:00,68.05,68.05,68.04,68.04,4
2026-07-01 23:34:00+00:00,67.98,67.98,67.98,67.98,1
2026-07-01 23:34:00+00:00,68.03,68.04,68.03,68.03,3
2026-07-01 23:35:00+00:00,68.03,68.03,68.01,68.01,11
2026-07-01 23:36:00+00:00,68.01,68.01,68.0,68.0,15
2026-07-01 23:37:00+00:00,67.97,67.98,67.97,67.98,9
2026-07-01 23:38:00+00:00,67.98,68.0,67.98,68.0,6
2026-07-01 23:38:00+00:00,67.96,67.96,67.96,67.96,3
2026-07-01 23:38:00+00:00,0.04,0.04,0.04,0.04,1
2026-07-01 23:38:00+00:00,67.92,67.92,67.92,67.92,1
2026-07-01 23:39:00+00:00,67.98,67.98,67.98,67.98,1
2026-07-01 23:40:00+00:00,68.0,68.01,67.98,68.0,11
2026-07-01 23:41:00+00:00,68.02,68.02,68.02,68.02,2
2026-07-01 23:42:00+00:00,67.99,67.99,67.99,67.99,2
2026-07-01 23:42:00+00:00,68.01,68.06,68.01,68.02,15
2026-07-01 23:42:00+00:00,0.05,0.05,0.05,0.05,2
2026-07-01 23:43:00+00:00,68.02,68.04,68.02,68.04,10
2026-07-01 23:44:00+00:00,68.03,68.03,68.03,68.03,1
2026-07-01 23:45:00+00:00,68.05,68.07,68.04,68.06,24
2026-07-01 23:46:00+00:00,68.06,68.06,68.04,68.04,4
2026-07-01 23:47:00+00:00,68.04,68.04,68.04,68.04,2
2026-07-01 23:48:00+00:00,68.05,68.05,68.05,68.05,1
2026-07-01 23:48:00+00:00,67.98,67.98,67.98,67.98,2
2026-07-01 23:49:00+00:00,68.0,68.0,68.0,68.0,1
2026-07-01 23:49:00+00:00,68.04,68.04,68.02,68.04,10
2026-07-01 23:50:00+00:00,68.0,68.0,67.98,67.98,3
2026-07-01 23:51:00+00:00,68.02,68.03,68.0,68.0,6
2026-07-01 23:52:00+00:00,67.91,67.91,67.91,67.91,3
2026-07-01 23:52:00+00:00,67.95,67.95,67.95,67.95,3
2026-07-01 23:52:00+00:00,0.04,0.04,0.04,0.04,3
2026-07-01 23:52:00+00:00,67.98,68.0,67.98,68.0,8
2026-07-01 23:53:00+00:00,67.99,67.99,67.99,67.99,3
2026-07-01 23:54:00+00:00,68.02,68.02,68.01,68.01,8
2026-07-01 23:55:00+00:00,68.0,68.0,68.0,68.0,1
2026-07-01 23:56:00+00:00,67.9,67.9,67.9,67.9,1
2026-07-01 23:56:00+00:00,67.98,67.98,67.96,67.96,2
2026-07-01 23:56:00+00:00,68.0,68.0,67.99,68.0,15
2026-07-01 23:56:00+00:00,0.04,0.04,0.04,0.04,1
2026-07-01 23:57:00+00:00,68.0,68.0,68.0,68.0,1
2026-07-01 23:58:00+00:00,67.96,67.96,67.96,67.96,1
2026-07-01 23:58:00+00:00,67.9,67.9,67.9,67.9,1
2026-07-01 23:58:00+00:00,0.06,0.06,0.06,0.06,1
2026-07-01 23:58:00+00:00,68.02,68.02,68.0,68.0,3
2026-07-01 23:59:00+00:00,67.98,68.02,67.97,68.0,49
