"gate_run_id","candidate_id","canonical_exposure_id","exposure_cluster_id","vehicle_id","symbol","exchange_or_venue","broker","asset_class","risk_cluster","proxy_group_id","final_gate_classification","hard_gate_status","g1_japan_broker_access","g2_api_order_account","g3_long_short","g4_contract_spec","g5_capital_fit_500k","g5_capital_fit_750k","g5_capital_fit_1000k","g6_liquidity_spread","g7_data_availability_cost","g8_operational_risk","g9_regulatory_tax_note","g10_bias_data_integrity","min_quantity_1n_jpy_risk","two_n_stop_loss_jpy","gap_stress_loss_jpy","four_unit_theoretical_stop_loss_jpy","initial_margin_ratio_500k","maintenance_margin_ratio_500k","initial_margin_ratio_750k","maintenance_margin_ratio_750k","initial_margin_ratio_1000k","maintenance_margin_ratio_1000k","three_market_concurrent_margin_jpy","five_market_concurrent_margin_jpy","estimated_cost_ratio_to_n","fx_conversion_sensitivity_10pct_jpy","blocking_unknowns","required_evidence_ids","gate_reason","calculation_version","as_of_date","checked_at","checked_by_role","review_notes"
"GTE-P06-20260802-0001","CAN-EXP-EQ-US-SP500-FUTURE-STANDARD-CME-ES-IBSJ","EXP-EQ-US-SP500","CLU-EXP-EQ-US-SP500","VEH-FUTURE-STANDARD-CME-ES","ES","CME","Interactive Brokers Securities Japan Inc.","equity_index","global_equity_us_large","PG-EQ-US","Pending-evidence","pending_evidence","pending_evidence","conditional_platform_verified_symbol_pending","pending_evidence","pending_evidence","pending_evidence","pending_evidence","pending_evidence","pending_evidence","pending_evidence","pending_evidence","pending_evidence","pending_evidence","","","","","","","","","","","","","","","N/ATR_20_JPY_or_native;current_price_as_of_date;contract_multiplier;tick_size;minimum_quantity;initial_margin_jpy;maintenance_margin_jpy;commission_roundtrip_jpy;spread_estimate;historical_data_availability;realtime_data_entitlement_cost;symbol_level_japan_resident_eligibility","EVD-P04-0001;EVD-P04-0002;EVD-P04-0003;EVD-P04-0004;EVD-P04-0005;EVD-P04-0006;EVD-P04-0007;EVD-P04-0008;EVD-P04-0009;EVD-P04-0010;EVD-P04-0011;EVD-P04-0012;EVD-P04-0013","Required margin, N/ATR, multiplier, minimum quantity, and symbol-level eligibility are unknown; rules prohibit pass.","P06-v0.1-no-price-no-margin-strict","2026-08-02","2026-08-02T15:17:35.0009807+09:00","Feasibility and Capital Gate Analyst","No current-price-dependent numeric result was computed because critical inputs are missing. This is intentional to avoid false pass."
"GTE-P06-20260802-0001","CAN-EXP-EQ-US-SP500-FUTURE-MICRO-CME-MES-IBSJ","EXP-EQ-US-SP500","CLU-EXP-EQ-US-SP500","VEH-FUTURE-MICRO-CME-MES","MES","CME","Interactive Brokers Securities Japan Inc.","equity_index","global_equity_us_large","PG-EQ-US","Pending-evidence","pending_evidence","pending_evidence","conditional_platform_verified_symbol_pending","pending_evidence","pending_evidence","pending_evidence","pending_evidence","pending_evidence","pending_evidence","pending_evidence","pending_evidence","pending_evidence","pending_evidence","","","","","","","","","","","","","","","N/ATR_20_JPY_or_native;current_price_as_of_date;contract_multiplier;tick_size;minimum_quantity;initial_margin_jpy;maintenance_margin_jpy;commission_roundtrip_jpy;spread_estimate;historical_data_availability;realtime_data_entitlement_cost;symbol_level_japan_resident_eligibility","EVD-P04-0001;EVD-P04-0002;EVD-P04-0003;EVD-P04-0004;EVD-P04-0005;EVD-P04-0006;EVD-P04-0007;EVD-P04-0008;EVD-P04-0009;EVD-P04-0010;EVD-P04-0011;EVD-P04-0012;EVD-P04-0013","Required margin, N/ATR, multiplier, minimum quantity, and symbol-level eligibility are unknown; rules prohibit pass.","P06-v0.1-no-price-no-margin-strict","2026-08-02","2026-08-02T15:17:35.0009807+09:00","Feasibility and Capital Gate Analyst","No current-price-dependent numeric result was computed because critical inputs are missing. This is intentional to avoid false pass."
"GTE-P06-20260802-0001","CAN-EXP-EQ-US-NASDAQ100-FUTURE-STANDARD-CME-NQ-IBSJ","EXP-EQ-US-NASDAQ100","CLU-EXP-EQ-US-NASDAQ100","VEH-FUTURE-STANDARD-CME-NQ","NQ","CME","Interactive Brokers Securities Japan Inc.","equity_index","global_equity_us_growth","PG-EQ-US","Pending-evidence","pending_evidence","pending_evidence","conditional_platform_verified_symbol_pending","pending_evidence","pending_evidence","pending_evidence","pending_evidence","pending_evidence","pending_evidence","pending_evidence","pending_evidence","pending_evidence","pending_evidence","","","","","","","","","","","","","","","N/ATR_20_JPY_or_native;current_price_as_of_date;contract_multiplier;tick_size;minimum_quantity;initial_margin_jpy;maintenance_margin_jpy;commission_roundtrip_jpy;spread_estimate;historical_data_availability;realtime_data_entitlement_cost;symbol_level_japan_resident_eligibility","EVD-P04-0001;EVD-P04-0002;EVD-P04-0003;EVD-P04-0004;EVD-P04-0005;EVD-P04-0006;EVD-P04-0007;EVD-P04-0008;EVD-P04-0009;EVD-P04-0010;EVD-P04-0011;EVD-P04-0012;EVD-P04-0013","Required margin, N/ATR, multiplier, minimum quantity, and symbol-level eligibility are unknown; rules prohibit pass.","P06-v0.1-no-price-no-margin-strict","2026-08-02","2026-08-02T15:17:35.0009807+09:00","Feasibility and Capital Gate Analyst","No current-price-dependent numeric result was computed because critical inputs are missing. This is intentional to avoid false pass."
"GTE-P06-20260802-0001","CAN-EXP-EQ-US-NASDAQ100-FUTURE-MICRO-CME-MNQ-IBSJ","EXP-EQ-US-NASDAQ100","CLU-EXP-EQ-US-NASDAQ100","VEH-FUTURE-MICRO-CME-MNQ","MNQ","CME","Interactive Brokers Securities Japan Inc.","equity_index","global_equity_us_growth","PG-EQ-US","Pending-evidence","pending_evidence","pending_evidence","conditional_platform_verified_symbol_pending","pending_evidence","pending_evidence","pending_evidence","pending_evidence","pending_evidence","pending_evidence","pending_evidence","pending_evidence","pending_evidence","pending_evidence","","","","","","","","","","","","","","","N/ATR_20_JPY_or_native;current_price_as_of_date;contract_multiplier;tick_size;minimum_quantity;initial_margin_jpy;maintenance_margin_jpy;commission_roundtrip_jpy;spread_estimate;historical_data_availability;realtime_data_entitlement_cost;symbol_level_japan_resident_eligibility","EVD-P04-0001;EVD-P04-0002;EVD-P04-0003;EVD-P04-0004;EVD-P04-0005;EVD-P04-0006;EVD-P04-0007;EVD-P04-0008;EVD-P04-0009;EVD-P04-0010;EVD-P04-0011;EVD-P04-0012;EVD-P04-0013","Required margin, N/ATR, multiplier, minimum quantity, and symbol-level eligibility are unknown; rules prohibit pass.","P06-v0.1-no-price-no-margin-strict","2026-08-02","2026-08-02T15:17:35.0009807+09:00","Feasibility and Capital Gate Analyst","No current-price-dependent numeric result was computed because critical inputs are missing. This is intentional to avoid false pass."
"GTE-P06-20260802-0001","CAN-EXP-EQ-US-RUSSELL2000-FUTURE-STANDARD-CME-RTY-IBSJ","EXP-EQ-US-RUSSELL2000","CLU-EXP-EQ-US-RUSSELL2000","VEH-FUTURE-STANDARD-CME-RTY","RTY","CME","Interactive Brokers Securities Japan Inc.","equity_index","global_equity_us_small","PG-EQ-US","Pending-evidence","pending_evidence","pending_evidence","conditional_platform_verified_symbol_pending","pending_evidence","pending_evidence","pending_evidence","pending_evidence","pending_evidence","pending_evidence","pending_evidence","pending_evidence","pending_evidence","pending_evidence","","","","","","","","","","","","","","","N/ATR_20_JPY_or_native;current_price_as_of_date;contract_multiplier;tick_size;minimum_quantity;initial_margin_jpy;maintenance_margin_jpy;commission_roundtrip_jpy;spread_estimate;historical_data_availability;realtime_data_entitlement_cost;symbol_level_japan_resident_eligibility","EVD-P04-0001;EVD-P04-0002;EVD-P04-0003;EVD-P04-0004;EVD-P04-0005;EVD-P04-0006;EVD-P04-0007;EVD-P04-0008;EVD-P04-0009;EVD-P04-0010;EVD-P04-0011;EVD-P04-0012;EVD-P04-0013","Required margin, N/ATR, multiplier, minimum quantity, and symbol-level eligibility are unknown; rules prohibit pass.","P06-v0.1-no-price-no-margin-strict","2026-08-02","2026-08-02T15:17:35.0009807+09:00","Feasibility and Capital Gate Analyst","No current-price-dependent numeric result was computed because critical inputs are missing. This is intentional to avoid false pass."
"GTE-P06-20260802-0001","CAN-EXP-EQ-US-RUSSELL2000-FUTURE-MICRO-CME-M2K-IBSJ","EXP-EQ-US-RUSSELL2000","CLU-EXP-EQ-US-RUSSELL2000","VEH-FUTURE-MICRO-CME-M2K","M2K","CME","Interactive Brokers Securities Japan Inc.","equity_index","global_equity_us_small","PG-EQ-US","Pending-evidence","pending_evidence","pending_evidence","conditional_platform_verified_symbol_pending","pending_evidence","pending_evidence","pending_evidence","pending_evidence","pending_evidence","pending_evidence","pending_evidence","pending_evidence","pending_evidence","pending_evidence","","","","","","","","","","","","","","","N/ATR_20_JPY_or_native;current_price_as_of_date;contract_multiplier;tick_size;minimum_quantity;initial_margin_jpy;maintenance_margin_jpy;commission_roundtrip_jpy;spread_estimate;historical_data_availability;realtime_data_entitlement_cost;symbol_level_japan_resident_eligibility","EVD-P04-0001;EVD-P04-0002;EVD-P04-0003;EVD-P04-0004;EVD-P04-0005;EVD-P04-0006;EVD-P04-0007;EVD-P04-0008;EVD-P04-0009;EVD-P04-0010;EVD-P04-0011;EVD-P04-0012;EVD-P04-0013","Required margin, N/ATR, multiplier, minimum quantity, and symbol-level eligibility are unknown; rules prohibit pass.","P06-v0.1-no-price-no-margin-strict","2026-08-02","2026-08-02T15:17:35.0009807+09:00","Feasibility and Capital Gate Analyst","No current-price-dependent numeric result was computed because critical inputs are missing. This is intentional to avoid false pass."
"GTE-P06-20260802-0001","CAN-EXP-EQ-US-DOW-FUTURE-STANDARD-CME-YM-IBSJ","EXP-EQ-US-DOW","CLU-EXP-EQ-US-DOW","VEH-FUTURE-STANDARD-CME-YM","YM","CME","Interactive Brokers Securities Japan Inc.","equity_index","global_equity_us_large","PG-EQ-US","Pending-evidence","pending_evidence","pending_evidence","conditional_platform_verified_symbol_pending","pending_evidence","pending_evidence","pending_evidence","pending_evidence","pending_evidence","pending_evidence","pending_evidence","pending_evidence","pending_evidence","pending_evidence","","","","","","","","","","","","","","","N/ATR_20_JPY_or_native;current_price_as_of_date;contract_multiplier;tick_size;minimum_quantity;initial_margin_jpy;maintenance_margin_jpy;commission_roundtrip_jpy;spread_estimate;historical_data_availability;realtime_data_entitlement_cost;symbol_level_japan_resident_eligibility","EVD-P04-0001;EVD-P04-0002;EVD-P04-0003;EVD-P04-0004;EVD-P04-0005;EVD-P04-0006;EVD-P04-0007;EVD-P04-0008;EVD-P04-0009;EVD-P04-0010;EVD-P04-0011;EVD-P04-0012;EVD-P04-0013","Required margin, N/ATR, multiplier, minimum quantity, and symbol-level eligibility are unknown; rules prohibit pass.","P06-v0.1-no-price-no-margin-strict","2026-08-02","2026-08-02T15:17:35.0009807+09:00","Feasibility and Capital Gate Analyst","No current-price-dependent numeric result was computed because critical inputs are missing. This is intentional to avoid false pass."
"GTE-P06-20260802-0001","CAN-EXP-EQ-US-DOW-FUTURE-MICRO-CME-MYM-IBSJ","EXP-EQ-US-DOW","CLU-EXP-EQ-US-DOW","VEH-FUTURE-MICRO-CME-MYM","MYM","CME","Interactive Brokers Securities Japan Inc.","equity_index","global_equity_us_large","PG-EQ-US","Pending-evidence","pending_evidence","pending_evidence","conditional_platform_verified_symbol_pending","pending_evidence","pending_evidence","pending_evidence","pending_evidence","pending_evidence","pending_evidence","pending_evidence","pending_evidence","pending_evidence","pending_evidence","","","","","","","","","","","","","","","N/ATR_20_JPY_or_native;current_price_as_of_date;contract_multiplier;tick_size;minimum_quantity;initial_margin_jpy;maintenance_margin_jpy;commission_roundtrip_jpy;spread_estimate;historical_data_availability;realtime_data_entitlement_cost;symbol_level_japan_resident_eligibility","EVD-P04-0001;EVD-P04-0002;EVD-P04-0003;EVD-P04-0004;EVD-P04-0005;EVD-P04-0006;EVD-P04-0007;EVD-P04-0008;EVD-P04-0009;EVD-P04-0010;EVD-P04-0011;EVD-P04-0012;EVD-P04-0013","Required margin, N/ATR, multiplier, minimum quantity, and symbol-level eligibility are unknown; rules prohibit pass.","P06-v0.1-no-price-no-margin-strict","2026-08-02","2026-08-02T15:17:35.0009807+09:00","Feasibility and Capital Gate Analyst","No current-price-dependent numeric result was computed because critical inputs are missing. This is intentional to avoid false pass."
"GTE-P06-20260802-0001","CAN-EXP-EQ-US-MIDCAP400-FUTURE-STANDARD-CME-EMD-IBSJ","EXP-EQ-US-MIDCAP400","CLU-EXP-EQ-US-MIDCAP400","VEH-FUTURE-STANDARD-CME-EMD","EMD","CME","Interactive Brokers Securities Japan Inc.","equity_index","global_equity_us_mid","PG-EQ-US","Pending-evidence","pending_evidence","pending_evidence","conditional_platform_verified_symbol_pending","pending_evidence","pending_evidence","pending_evidence","pending_evidence","pending_evidence","pending_evidence","pending_evidence","pending_evidence","pending_evidence","pending_evidence","","","","","","","","","","","","","","","N/ATR_20_JPY_or_native;current_price_as_of_date;contract_multiplier;tick_size;minimum_quantity;initial_margin_jpy;maintenance_margin_jpy;commission_roundtrip_jpy;spread_estimate;historical_data_availability;realtime_data_entitlement_cost;symbol_level_japan_resident_eligibility","EVD-P04-0001;EVD-P04-0002;EVD-P04-0003;EVD-P04-0004;EVD-P04-0005;EVD-P04-0006;EVD-P04-0007;EVD-P04-0008;EVD-P04-0009;EVD-P04-0010;EVD-P04-0011;EVD-P04-0012;EVD-P04-0013","Required margin, N/ATR, multiplier, minimum quantity, and symbol-level eligibility are unknown; rules prohibit pass.","P06-v0.1-no-price-no-margin-strict","2026-08-02","2026-08-02T15:17:35.0009807+09:00","Feasibility and Capital Gate Analyst","No current-price-dependent numeric result was computed because critical inputs are missing. This is intentional to avoid false pass."
"GTE-P06-20260802-0001","CAN-EXP-EQ-JP-NIKKEI225-USD-FUTURE-STANDARD-CME-NIY-IBSJ","EXP-EQ-JP-NIKKEI225-USD","CLU-EXP-EQ-JP-NIKKEI225-USD","VEH-FUTURE-STANDARD-CME-NIY","NIY","CME","Interactive Brokers Securities Japan Inc.","equity_index","global_equity_japan","PG-EQ-JAPAN","Pending-evidence","pending_evidence","pending_evidence","conditional_platform_verified_symbol_pending","pending_evidence","pending_evidence","pending_evidence","pending_evidence","pending_evidence","pending_evidence","pending_evidence","pending_evidence","pending_evidence","pending_evidence","","","","","","","","","","","","","","","N/ATR_20_JPY_or_native;current_price_as_of_date;contract_multiplier;tick_size;minimum_quantity;initial_margin_jpy;maintenance_margin_jpy;commission_roundtrip_jpy;spread_estimate;historical_data_availability;realtime_data_entitlement_cost;symbol_level_japan_resident_eligibility","EVD-P04-0001;EVD-P04-0002;EVD-P04-0003;EVD-P04-0004;EVD-P04-0005;EVD-P04-0006;EVD-P04-0007;EVD-P04-0008;EVD-P04-0009;EVD-P04-0010;EVD-P04-0011;EVD-P04-0012;EVD-P04-0013","Required margin, N/ATR, multiplier, minimum quantity, and symbol-level eligibility are unknown; rules prohibit pass.","P06-v0.1-no-price-no-margin-strict","2026-08-02","2026-08-02T15:17:35.0009807+09:00","Feasibility and Capital Gate Analyst","No current-price-dependent numeric result was computed because critical inputs are missing. This is intentional to avoid false pass."
"GTE-P06-20260802-0001","CAN-EXP-RATES-US-2Y-FUTURE-STANDARD-CBOT-ZT-IBSJ","EXP-RATES-US-2Y","CLU-EXP-RATES-US-2Y","VEH-FUTURE-STANDARD-CBOT-ZT","ZT","CBOT","Interactive Brokers Securities Japan Inc.","rates","rates_dm_us","PG-RATES-US","Pending-evidence","pending_evidence","pending_evidence","conditional_platform_verified_symbol_pending","pending_evidence","pending_evidence","pending_evidence","pending_evidence","pending_evidence","pending_evidence","pending_evidence","pending_evidence","pending_evidence","pending_evidence","","","","","","","","","","","","","","","N/ATR_20_JPY_or_native;current_price_as_of_date;contract_multiplier;tick_size;minimum_quantity;initial_margin_jpy;maintenance_margin_jpy;commission_roundtrip_jpy;spread_estimate;historical_data_availability;realtime_data_entitlement_cost;symbol_level_japan_resident_eligibility","EVD-P04-0001;EVD-P04-0002;EVD-P04-0003;EVD-P04-0004;EVD-P04-0005;EVD-P04-0006;EVD-P04-0007;EVD-P04-0008;EVD-P04-0009;EVD-P04-0010;EVD-P04-0011;EVD-P04-0012;EVD-P04-0013","Required margin, N/ATR, multiplier, minimum quantity, and symbol-level eligibility are unknown; rules prohibit pass.","P06-v0.1-no-price-no-margin-strict","2026-08-02","2026-08-02T15:17:35.0009807+09:00","Feasibility and Capital Gate Analyst","No current-price-dependent numeric result was computed because critical inputs are missing. This is intentional to avoid false pass."
"GTE-P06-20260802-0001","CAN-EXP-RATES-US-5Y-FUTURE-STANDARD-CBOT-ZF-IBSJ","EXP-RATES-US-5Y","CLU-EXP-RATES-US-5Y","VEH-FUTURE-STANDARD-CBOT-ZF","ZF","CBOT","Interactive Brokers Securities Japan Inc.","rates","rates_dm_us","PG-RATES-US","Pending-evidence","pending_evidence","pending_evidence","conditional_platform_verified_symbol_pending","pending_evidence","pending_evidence","pending_evidence","pending_evidence","pending_evidence","pending_evidence","pending_evidence","pending_evidence","pending_evidence","pending_evidence","","","","","","","","","","","","","","","N/ATR_20_JPY_or_native;current_price_as_of_date;contract_multiplier;tick_size;minimum_quantity;initial_margin_jpy;maintenance_margin_jpy;commission_roundtrip_jpy;spread_estimate;historical_data_availability;realtime_data_entitlement_cost;symbol_level_japan_resident_eligibility","EVD-P04-0001;EVD-P04-0002;EVD-P04-0003;EVD-P04-0004;EVD-P04-0005;EVD-P04-0006;EVD-P04-0007;EVD-P04-0008;EVD-P04-0009;EVD-P04-0010;EVD-P04-0011;EVD-P04-0012;EVD-P04-0013","Required margin, N/ATR, multiplier, minimum quantity, and symbol-level eligibility are unknown; rules prohibit pass.","P06-v0.1-no-price-no-margin-strict","2026-08-02","2026-08-02T15:17:35.0009807+09:00","Feasibility and Capital Gate Analyst","No current-price-dependent numeric result was computed because critical inputs are missing. This is intentional to avoid false pass."
"GTE-P06-20260802-0001","CAN-EXP-RATES-US-10Y-FUTURE-STANDARD-CBOT-ZN-IBSJ","EXP-RATES-US-10Y","CLU-EXP-RATES-US-10Y","VEH-FUTURE-STANDARD-CBOT-ZN","ZN","CBOT","Interactive Brokers Securities Japan Inc.","rates","rates_dm_us","PG-RATES-US","Pending-evidence","pending_evidence","pending_evidence","conditional_platform_verified_symbol_pending","pending_evidence","pending_evidence","pending_evidence","pending_evidence","pending_evidence","pending_evidence","pending_evidence","pending_evidence","pending_evidence","pending_evidence","","","","","","","","","","","","","","","N/ATR_20_JPY_or_native;current_price_as_of_date;contract_multiplier;tick_size;minimum_quantity;initial_margin_jpy;maintenance_margin_jpy;commission_roundtrip_jpy;spread_estimate;historical_data_availability;realtime_data_entitlement_cost;symbol_level_japan_resident_eligibility","EVD-P04-0001;EVD-P04-0002;EVD-P04-0003;EVD-P04-0004;EVD-P04-0005;EVD-P04-0006;EVD-P04-0007;EVD-P04-0008;EVD-P04-0009;EVD-P04-0010;EVD-P04-0011;EVD-P04-0012;EVD-P04-0013","Required margin, N/ATR, multiplier, minimum quantity, and symbol-level eligibility are unknown; rules prohibit pass.","P06-v0.1-no-price-no-margin-strict","2026-08-02","2026-08-02T15:17:35.0009807+09:00","Feasibility and Capital Gate Analyst","No current-price-dependent numeric result was computed because critical inputs are missing. This is intentional to avoid false pass."
"GTE-P06-20260802-0001","CAN-EXP-RATES-US-30Y-FUTURE-STANDARD-CBOT-ZB-IBSJ","EXP-RATES-US-30Y","CLU-EXP-RATES-US-30Y","VEH-FUTURE-STANDARD-CBOT-ZB","ZB","CBOT","Interactive Brokers Securities Japan Inc.","rates","rates_dm_us","PG-RATES-US","Pending-evidence","pending_evidence","pending_evidence","conditional_platform_verified_symbol_pending","pending_evidence","pending_evidence","pending_evidence","pending_evidence","pending_evidence","pending_evidence","pending_evidence","pending_evidence","pending_evidence","pending_evidence","","","","","","","","","","","","","","","N/ATR_20_JPY_or_native;current_price_as_of_date;contract_multiplier;tick_size;minimum_quantity;initial_margin_jpy;maintenance_margin_jpy;commission_roundtrip_jpy;spread_estimate;historical_data_availability;realtime_data_entitlement_cost;symbol_level_japan_resident_eligibility","EVD-P04-0001;EVD-P04-0002;EVD-P04-0003;EVD-P04-0004;EVD-P04-0005;EVD-P04-0006;EVD-P04-0007;EVD-P04-0008;EVD-P04-0009;EVD-P04-0010;EVD-P04-0011;EVD-P04-0012;EVD-P04-0013","Required margin, N/ATR, multiplier, minimum quantity, and symbol-level eligibility are unknown; rules prohibit pass.","P06-v0.1-no-price-no-margin-strict","2026-08-02","2026-08-02T15:17:35.0009807+09:00","Feasibility and Capital Gate Analyst","No current-price-dependent numeric result was computed because critical inputs are missing. This is intentional to avoid false pass."
"GTE-P06-20260802-0001","CAN-EXP-RATES-US-ULTRABOND-FUTURE-STANDARD-CBOT-UB-IBSJ","EXP-RATES-US-ULTRABOND","CLU-EXP-RATES-US-ULTRABOND","VEH-FUTURE-STANDARD-CBOT-UB","UB","CBOT","Interactive Brokers Securities Japan Inc.","rates","rates_dm_us","PG-RATES-US","Pending-evidence","pending_evidence","pending_evidence","conditional_platform_verified_symbol_pending","pending_evidence","pending_evidence","pending_evidence","pending_evidence","pending_evidence","pending_evidence","pending_evidence","pending_evidence","pending_evidence","pending_evidence","","","","","","","","","","","","","","","N/ATR_20_JPY_or_native;current_price_as_of_date;contract_multiplier;tick_size;minimum_quantity;initial_margin_jpy;maintenance_margin_jpy;commission_roundtrip_jpy;spread_estimate;historical_data_availability;realtime_data_entitlement_cost;symbol_level_japan_resident_eligibility","EVD-P04-0001;EVD-P04-0002;EVD-P04-0003;EVD-P04-0004;EVD-P04-0005;EVD-P04-0006;EVD-P04-0007;EVD-P04-0008;EVD-P04-0009;EVD-P04-0010;EVD-P04-0011;EVD-P04-0012;EVD-P04-0013","Required margin, N/ATR, multiplier, minimum quantity, and symbol-level eligibility are unknown; rules prohibit pass.","P06-v0.1-no-price-no-margin-strict","2026-08-02","2026-08-02T15:17:35.0009807+09:00","Feasibility and Capital Gate Analyst","No current-price-dependent numeric result was computed because critical inputs are missing. This is intentional to avoid false pass."
"GTE-P06-20260802-0001","CAN-EXP-RATES-US-SOFR3M-FUTURE-STANDARD-CME-SR3-IBSJ","EXP-RATES-US-SOFR3M","CLU-EXP-RATES-US-SOFR3M","VEH-FUTURE-STANDARD-CME-SR3","SR3","CME","Interactive Brokers Securities Japan Inc.","rates","rates_dm_us_short","PG-RATES-US","Pending-evidence","pending_evidence","pending_evidence","conditional_platform_verified_symbol_pending","pending_evidence","pending_evidence","pending_evidence","pending_evidence","pending_evidence","pending_evidence","pending_evidence","pending_evidence","pending_evidence","pending_evidence","","","","","","","","","","","","","","","N/ATR_20_JPY_or_native;current_price_as_of_date;contract_multiplier;tick_size;minimum_quantity;initial_margin_jpy;maintenance_margin_jpy;commission_roundtrip_jpy;spread_estimate;historical_data_availability;realtime_data_entitlement_cost;symbol_level_japan_resident_eligibility","EVD-P04-0001;EVD-P04-0002;EVD-P04-0003;EVD-P04-0004;EVD-P04-0005;EVD-P04-0006;EVD-P04-0007;EVD-P04-0008;EVD-P04-0009;EVD-P04-0010;EVD-P04-0011;EVD-P04-0012;EVD-P04-0013","Required margin, N/ATR, multiplier, minimum quantity, and symbol-level eligibility are unknown; rules prohibit pass.","P06-v0.1-no-price-no-margin-strict","2026-08-02","2026-08-02T15:17:35.0009807+09:00","Feasibility and Capital Gate Analyst","No current-price-dependent numeric result was computed because critical inputs are missing. This is intentional to avoid false pass."
"GTE-P06-20260802-0001","CAN-EXP-RATES-US-FEDFUND-FUTURE-STANDARD-CBOT-ZQ-IBSJ","EXP-RATES-US-FEDFUND","CLU-EXP-RATES-US-FEDFUND","VEH-FUTURE-STANDARD-CBOT-ZQ","ZQ","CBOT","Interactive Brokers Securities Japan Inc.","rates","rates_dm_us_short","PG-RATES-US","Pending-evidence","pending_evidence","pending_evidence","conditional_platform_verified_symbol_pending","pending_evidence","pending_evidence","pending_evidence","pending_evidence","pending_evidence","pending_evidence","pending_evidence","pending_evidence","pending_evidence","pending_evidence","","","","","","","","","","","","","","","N/ATR_20_JPY_or_native;current_price_as_of_date;contract_multiplier;tick_size;minimum_quantity;initial_margin_jpy;maintenance_margin_jpy;commission_roundtrip_jpy;spread_estimate;historical_data_availability;realtime_data_entitlement_cost;symbol_level_japan_resident_eligibility","EVD-P04-0001;EVD-P04-0002;EVD-P04-0003;EVD-P04-0004;EVD-P04-0005;EVD-P04-0006;EVD-P04-0007;EVD-P04-0008;EVD-P04-0009;EVD-P04-0010;EVD-P04-0011;EVD-P04-0012;EVD-P04-0013","Required margin, N/ATR, multiplier, minimum quantity, and symbol-level eligibility are unknown; rules prohibit pass.","P06-v0.1-no-price-no-margin-strict","2026-08-02","2026-08-02T15:17:35.0009807+09:00","Feasibility and Capital Gate Analyst","No current-price-dependent numeric result was computed because critical inputs are missing. This is intentional to avoid false pass."
"GTE-P06-20260802-0001","CAN-EXP-RATES-US-10Y-MICRO-FUTURE-MICRO-CME-10Y-IBSJ","EXP-RATES-US-10Y-MICRO","CLU-EXP-RATES-US-10Y-MICRO","VEH-FUTURE-MICRO-CME-10Y","10Y","CME","Interactive Brokers Securities Japan Inc.","rates","rates_dm_us","PG-RATES-US","Pending-evidence","pending_evidence","pending_evidence","conditional_platform_verified_symbol_pending","pending_evidence","pending_evidence","pending_evidence","pending_evidence","pending_evidence","pending_evidence","pending_evidence","pending_evidence","pending_evidence","pending_evidence","","","","","","","","","","","","","","","N/ATR_20_JPY_or_native;current_price_as_of_date;contract_multiplier;tick_size;minimum_quantity;initial_margin_jpy;maintenance_margin_jpy;commission_roundtrip_jpy;spread_estimate;historical_data_availability;realtime_data_entitlement_cost;symbol_level_japan_resident_eligibility","EVD-P04-0001;EVD-P04-0002;EVD-P04-0003;EVD-P04-0004;EVD-P04-0005;EVD-P04-0006;EVD-P04-0007;EVD-P04-0008;EVD-P04-0009;EVD-P04-0010;EVD-P04-0011;EVD-P04-0012;EVD-P04-0013","Required margin, N/ATR, multiplier, minimum quantity, and symbol-level eligibility are unknown; rules prohibit pass.","P06-v0.1-no-price-no-margin-strict","2026-08-02","2026-08-02T15:17:35.0009807+09:00","Feasibility and Capital Gate Analyst","No current-price-dependent numeric result was computed because critical inputs are missing. This is intentional to avoid false pass."
"GTE-P06-20260802-0001","CAN-EXP-RATES-US-2Y-MICRO-FUTURE-MICRO-CME-2YY-IBSJ","EXP-RATES-US-2Y-MICRO","CLU-EXP-RATES-US-2Y-MICRO","VEH-FUTURE-MICRO-CME-2YY","2YY","CME","Interactive Brokers Securities Japan Inc.","rates","rates_dm_us","PG-RATES-US","Pending-evidence","pending_evidence","pending_evidence","conditional_platform_verified_symbol_pending","pending_evidence","pending_evidence","pending_evidence","pending_evidence","pending_evidence","pending_evidence","pending_evidence","pending_evidence","pending_evidence","pending_evidence","","","","","","","","","","","","","","","N/ATR_20_JPY_or_native;current_price_as_of_date;contract_multiplier;tick_size;minimum_quantity;initial_margin_jpy;maintenance_margin_jpy;commission_roundtrip_jpy;spread_estimate;historical_data_availability;realtime_data_entitlement_cost;symbol_level_japan_resident_eligibility","EVD-P04-0001;EVD-P04-0002;EVD-P04-0003;EVD-P04-0004;EVD-P04-0005;EVD-P04-0006;EVD-P04-0007;EVD-P04-0008;EVD-P04-0009;EVD-P04-0010;EVD-P04-0011;EVD-P04-0012;EVD-P04-0013","Required margin, N/ATR, multiplier, minimum quantity, and symbol-level eligibility are unknown; rules prohibit pass.","P06-v0.1-no-price-no-margin-strict","2026-08-02","2026-08-02T15:17:35.0009807+09:00","Feasibility and Capital Gate Analyst","No current-price-dependent numeric result was computed because critical inputs are missing. This is intentional to avoid false pass."
"GTE-P06-20260802-0001","CAN-EXP-RATES-US-30Y-MICRO-FUTURE-MICRO-CME-30Y-IBSJ","EXP-RATES-US-30Y-MICRO","CLU-EXP-RATES-US-30Y-MICRO","VEH-FUTURE-MICRO-CME-30Y","30Y","CME","Interactive Brokers Securities Japan Inc.","rates","rates_dm_us","PG-RATES-US","Pending-evidence","pending_evidence","pending_evidence","conditional_platform_verified_symbol_pending","pending_evidence","pending_evidence","pending_evidence","pending_evidence","pending_evidence","pending_evidence","pending_evidence","pending_evidence","pending_evidence","pending_evidence","","","","","","","","","","","","","","","N/ATR_20_JPY_or_native;current_price_as_of_date;contract_multiplier;tick_size;minimum_quantity;initial_margin_jpy;maintenance_margin_jpy;commission_roundtrip_jpy;spread_estimate;historical_data_availability;realtime_data_entitlement_cost;symbol_level_japan_resident_eligibility","EVD-P04-0001;EVD-P04-0002;EVD-P04-0003;EVD-P04-0004;EVD-P04-0005;EVD-P04-0006;EVD-P04-0007;EVD-P04-0008;EVD-P04-0009;EVD-P04-0010;EVD-P04-0011;EVD-P04-0012;EVD-P04-0013","Required margin, N/ATR, multiplier, minimum quantity, and symbol-level eligibility are unknown; rules prohibit pass.","P06-v0.1-no-price-no-margin-strict","2026-08-02","2026-08-02T15:17:35.0009807+09:00","Feasibility and Capital Gate Analyst","No current-price-dependent numeric result was computed because critical inputs are missing. This is intentional to avoid false pass."
"GTE-P06-20260802-0001","CAN-EXP-FX-G10-EURUSD-FUTURE-STANDARD-CME-6E-IBSJ","EXP-FX-G10-EURUSD","CLU-EXP-FX-G10-EURUSD","VEH-FUTURE-STANDARD-CME-6E","6E","CME","Interactive Brokers Securities Japan Inc.","fx","fx_g10","PG-FX-CURRENCY-FUTURES","Pending-evidence","pending_evidence","pending_evidence","conditional_platform_verified_symbol_pending","pending_evidence","pending_evidence","pending_evidence","pending_evidence","pending_evidence","pending_evidence","pending_evidence","pending_evidence","pending_evidence","pending_evidence","","","","","","","","","","","","","","","N/ATR_20_JPY_or_native;current_price_as_of_date;contract_multiplier;tick_size;minimum_quantity;initial_margin_jpy;maintenance_margin_jpy;commission_roundtrip_jpy;spread_estimate;historical_data_availability;realtime_data_entitlement_cost;symbol_level_japan_resident_eligibility","EVD-P04-0001;EVD-P04-0002;EVD-P04-0003;EVD-P04-0004;EVD-P04-0005;EVD-P04-0006;EVD-P04-0007;EVD-P04-0008;EVD-P04-0009;EVD-P04-0010;EVD-P04-0011;EVD-P04-0012;EVD-P04-0013","Required margin, N/ATR, multiplier, minimum quantity, and symbol-level eligibility are unknown; rules prohibit pass.","P06-v0.1-no-price-no-margin-strict","2026-08-02","2026-08-02T15:17:35.0009807+09:00","Feasibility and Capital Gate Analyst","No current-price-dependent numeric result was computed because critical inputs are missing. This is intentional to avoid false pass."
"GTE-P06-20260802-0001","CAN-EXP-FX-G10-EURUSD-FUTURE-MICRO-CME-M6E-IBSJ","EXP-FX-G10-EURUSD","CLU-EXP-FX-G10-EURUSD","VEH-FUTURE-MICRO-CME-M6E","M6E","CME","Interactive Brokers Securities Japan Inc.","fx","fx_g10","PG-FX-CURRENCY-FUTURES","Pending-evidence","pending_evidence","pending_evidence","conditional_platform_verified_symbol_pending","pending_evidence","pending_evidence","pending_evidence","pending_evidence","pending_evidence","pending_evidence","pending_evidence","pending_evidence","pending_evidence","pending_evidence","","","","","","","","","","","","","","","N/ATR_20_JPY_or_native;current_price_as_of_date;contract_multiplier;tick_size;minimum_quantity;initial_margin_jpy;maintenance_margin_jpy;commission_roundtrip_jpy;spread_estimate;historical_data_availability;realtime_data_entitlement_cost;symbol_level_japan_resident_eligibility","EVD-P04-0001;EVD-P04-0002;EVD-P04-0003;EVD-P04-0004;EVD-P04-0005;EVD-P04-0006;EVD-P04-0007;EVD-P04-0008;EVD-P04-0009;EVD-P04-0010;EVD-P04-0011;EVD-P04-0012;EVD-P04-0013","Required margin, N/ATR, multiplier, minimum quantity, and symbol-level eligibility are unknown; rules prohibit pass.","P06-v0.1-no-price-no-margin-strict","2026-08-02","2026-08-02T15:17:35.0009807+09:00","Feasibility and Capital Gate Analyst","No current-price-dependent numeric result was computed because critical inputs are missing. This is intentional to avoid false pass."
"GTE-P06-20260802-0001","CAN-EXP-FX-G10-USDJPY-FUTURE-STANDARD-CME-6J-IBSJ","EXP-FX-G10-USDJPY","CLU-EXP-FX-G10-USDJPY","VEH-FUTURE-STANDARD-CME-6J","6J","CME","Interactive Brokers Securities Japan Inc.","fx","fx_g10","PG-FX-CURRENCY-FUTURES","Pending-evidence","pending_evidence","pending_evidence","conditional_platform_verified_symbol_pending","pending_evidence","pending_evidence","pending_evidence","pending_evidence","pending_evidence","pending_evidence","pending_evidence","pending_evidence","pending_evidence","pending_evidence","","","","","","","","","","","","","","","N/ATR_20_JPY_or_native;current_price_as_of_date;contract_multiplier;tick_size;minimum_quantity;initial_margin_jpy;maintenance_margin_jpy;commission_roundtrip_jpy;spread_estimate;historical_data_availability;realtime_data_entitlement_cost;symbol_level_japan_resident_eligibility","EVD-P04-0001;EVD-P04-0002;EVD-P04-0003;EVD-P04-0004;EVD-P04-0005;EVD-P04-0006;EVD-P04-0007;EVD-P04-0008;EVD-P04-0009;EVD-P04-0010;EVD-P04-0011;EVD-P04-0012;EVD-P04-0013","Required margin, N/ATR, multiplier, minimum quantity, and symbol-level eligibility are unknown; rules prohibit pass.","P06-v0.1-no-price-no-margin-strict","2026-08-02","2026-08-02T15:17:35.0009807+09:00","Feasibility and Capital Gate Analyst","No current-price-dependent numeric result was computed because critical inputs are missing. This is intentional to avoid false pass."
"GTE-P06-20260802-0001","CAN-EXP-FX-G10-USDJPY-FUTURE-MICRO-CME-MJY-IBSJ","EXP-FX-G10-USDJPY","CLU-EXP-FX-G10-USDJPY","VEH-FUTURE-MICRO-CME-MJY","MJY","CME","Interactive Brokers Securities Japan Inc.","fx","fx_g10","PG-FX-CURRENCY-FUTURES","Pending-evidence","pending_evidence","pending_evidence","conditional_platform_verified_symbol_pending","pending_evidence","pending_evidence","pending_evidence","pending_evidence","pending_evidence","pending_evidence","pending_evidence","pending_evidence","pending_evidence","pending_evidence","","","","","","","","","","","","","","","N/ATR_20_JPY_or_native;current_price_as_of_date;contract_multiplier;tick_size;minimum_quantity;initial_margin_jpy;maintenance_margin_jpy;commission_roundtrip_jpy;spread_estimate;historical_data_availability;realtime_data_entitlement_cost;symbol_level_japan_resident_eligibility","EVD-P04-0001;EVD-P04-0002;EVD-P04-0003;EVD-P04-0004;EVD-P04-0005;EVD-P04-0006;EVD-P04-0007;EVD-P04-0008;EVD-P04-0009;EVD-P04-0010;EVD-P04-0011;EVD-P04-0012;EVD-P04-0013","Required margin, N/ATR, multiplier, minimum quantity, and symbol-level eligibility are unknown; rules prohibit pass.","P06-v0.1-no-price-no-margin-strict","2026-08-02","2026-08-02T15:17:35.0009807+09:00","Feasibility and Capital Gate Analyst","No current-price-dependent numeric result was computed because critical inputs are missing. This is intentional to avoid false pass."
"GTE-P06-20260802-0001","CAN-EXP-FX-G10-GBPUSD-FUTURE-STANDARD-CME-6B-IBSJ","EXP-FX-G10-GBPUSD","CLU-EXP-FX-G10-GBPUSD","VEH-FUTURE-STANDARD-CME-6B","6B","CME","Interactive Brokers Securities Japan Inc.","fx","fx_g10","PG-FX-CURRENCY-FUTURES","Pending-evidence","pending_evidence","pending_evidence","conditional_platform_verified_symbol_pending","pending_evidence","pending_evidence","pending_evidence","pending_evidence","pending_evidence","pending_evidence","pending_evidence","pending_evidence","pending_evidence","pending_evidence","","","","","","","","","","","","","","","N/ATR_20_JPY_or_native;current_price_as_of_date;contract_multiplier;tick_size;minimum_quantity;initial_margin_jpy;maintenance_margin_jpy;commission_roundtrip_jpy;spread_estimate;historical_data_availability;realtime_data_entitlement_cost;symbol_level_japan_resident_eligibility","EVD-P04-0001;EVD-P04-0002;EVD-P04-0003;EVD-P04-0004;EVD-P04-0005;EVD-P04-0006;EVD-P04-0007;EVD-P04-0008;EVD-P04-0009;EVD-P04-0010;EVD-P04-0011;EVD-P04-0012;EVD-P04-0013","Required margin, N/ATR, multiplier, minimum quantity, and symbol-level eligibility are unknown; rules prohibit pass.","P06-v0.1-no-price-no-margin-strict","2026-08-02","2026-08-02T15:17:35.0009807+09:00","Feasibility and Capital Gate Analyst","No current-price-dependent numeric result was computed because critical inputs are missing. This is intentional to avoid false pass."
"GTE-P06-20260802-0001","CAN-EXP-FX-G10-GBPUSD-FUTURE-MICRO-CME-M6B-IBSJ","EXP-FX-G10-GBPUSD","CLU-EXP-FX-G10-GBPUSD","VEH-FUTURE-MICRO-CME-M6B","M6B","CME","Interactive Brokers Securities Japan Inc.","fx","fx_g10","PG-FX-CURRENCY-FUTURES","Pending-evidence","pending_evidence","pending_evidence","conditional_platform_verified_symbol_pending","pending_evidence","pending_evidence","pending_evidence","pending_evidence","pending_evidence","pending_evidence","pending_evidence","pending_evidence","pending_evidence","pending_evidence","","","","","","","","","","","","","","","N/ATR_20_JPY_or_native;current_price_as_of_date;contract_multiplier;tick_size;minimum_quantity;initial_margin_jpy;maintenance_margin_jpy;commission_roundtrip_jpy;spread_estimate;historical_data_availability;realtime_data_entitlement_cost;symbol_level_japan_resident_eligibility","EVD-P04-0001;EVD-P04-0002;EVD-P04-0003;EVD-P04-0004;EVD-P04-0005;EVD-P04-0006;EVD-P04-0007;EVD-P04-0008;EVD-P04-0009;EVD-P04-0010;EVD-P04-0011;EVD-P04-0012;EVD-P04-0013","Required margin, N/ATR, multiplier, minimum quantity, and symbol-level eligibility are unknown; rules prohibit pass.","P06-v0.1-no-price-no-margin-strict","2026-08-02","2026-08-02T15:17:35.0009807+09:00","Feasibility and Capital Gate Analyst","No current-price-dependent numeric result was computed because critical inputs are missing. This is intentional to avoid false pass."
"GTE-P06-20260802-0001","CAN-EXP-FX-G10-AUDUSD-FUTURE-STANDARD-CME-6A-IBSJ","EXP-FX-G10-AUDUSD","CLU-EXP-FX-G10-AUDUSD","VEH-FUTURE-STANDARD-CME-6A","6A","CME","Interactive Brokers Securities Japan Inc.","fx","fx_g10","PG-FX-CURRENCY-FUTURES","Pending-evidence","pending_evidence","pending_evidence","conditional_platform_verified_symbol_pending","pending_evidence","pending_evidence","pending_evidence","pending_evidence","pending_evidence","pending_evidence","pending_evidence","pending_evidence","pending_evidence","pending_evidence","","","","","","","","","","","","","","","N/ATR_20_JPY_or_native;current_price_as_of_date;contract_multiplier;tick_size;minimum_quantity;initial_margin_jpy;maintenance_margin_jpy;commission_roundtrip_jpy;spread_estimate;historical_data_availability;realtime_data_entitlement_cost;symbol_level_japan_resident_eligibility","EVD-P04-0001;EVD-P04-0002;EVD-P04-0003;EVD-P04-0004;EVD-P04-0005;EVD-P04-0006;EVD-P04-0007;EVD-P04-0008;EVD-P04-0009;EVD-P04-0010;EVD-P04-0011;EVD-P04-0012;EVD-P04-0013","Required margin, N/ATR, multiplier, minimum quantity, and symbol-level eligibility are unknown; rules prohibit pass.","P06-v0.1-no-price-no-margin-strict","2026-08-02","2026-08-02T15:17:35.0009807+09:00","Feasibility and Capital Gate Analyst","No current-price-dependent numeric result was computed because critical inputs are missing. This is intentional to avoid false pass."
"GTE-P06-20260802-0001","CAN-EXP-FX-G10-AUDUSD-FUTURE-MICRO-CME-M6A-IBSJ","EXP-FX-G10-AUDUSD","CLU-EXP-FX-G10-AUDUSD","VEH-FUTURE-MICRO-CME-M6A","M6A","CME","Interactive Brokers Securities Japan Inc.","fx","fx_g10","PG-FX-CURRENCY-FUTURES","Pending-evidence","pending_evidence","pending_evidence","conditional_platform_verified_symbol_pending","pending_evidence","pending_evidence","pending_evidence","pending_evidence","pending_evidence","pending_evidence","pending_evidence","pending_evidence","pending_evidence","pending_evidence","","","","","","","","","","","","","","","N/ATR_20_JPY_or_native;current_price_as_of_date;contract_multiplier;tick_size;minimum_quantity;initial_margin_jpy;maintenance_margin_jpy;commission_roundtrip_jpy;spread_estimate;historical_data_availability;realtime_data_entitlement_cost;symbol_level_japan_resident_eligibility","EVD-P04-0001;EVD-P04-0002;EVD-P04-0003;EVD-P04-0004;EVD-P04-0005;EVD-P04-0006;EVD-P04-0007;EVD-P04-0008;EVD-P04-0009;EVD-P04-0010;EVD-P04-0011;EVD-P04-0012;EVD-P04-0013","Required margin, N/ATR, multiplier, minimum quantity, and symbol-level eligibility are unknown; rules prohibit pass.","P06-v0.1-no-price-no-margin-strict","2026-08-02","2026-08-02T15:17:35.0009807+09:00","Feasibility and Capital Gate Analyst","No current-price-dependent numeric result was computed because critical inputs are missing. This is intentional to avoid false pass."
"GTE-P06-20260802-0001","CAN-EXP-FX-G10-CADUSD-FUTURE-STANDARD-CME-6C-IBSJ","EXP-FX-G10-CADUSD","CLU-EXP-FX-G10-CADUSD","VEH-FUTURE-STANDARD-CME-6C","6C","CME","Interactive Brokers Securities Japan Inc.","fx","fx_g10","PG-FX-CURRENCY-FUTURES","Pending-evidence","pending_evidence","pending_evidence","conditional_platform_verified_symbol_pending","pending_evidence","pending_evidence","pending_evidence","pending_evidence","pending_evidence","pending_evidence","pending_evidence","pending_evidence","pending_evidence","pending_evidence","","","","","","","","","","","","","","","N/ATR_20_JPY_or_native;current_price_as_of_date;contract_multiplier;tick_size;minimum_quantity;initial_margin_jpy;maintenance_margin_jpy;commission_roundtrip_jpy;spread_estimate;historical_data_availability;realtime_data_entitlement_cost;symbol_level_japan_resident_eligibility","EVD-P04-0001;EVD-P04-0002;EVD-P04-0003;EVD-P04-0004;EVD-P04-0005;EVD-P04-0006;EVD-P04-0007;EVD-P04-0008;EVD-P04-0009;EVD-P04-0010;EVD-P04-0011;EVD-P04-0012;EVD-P04-0013","Required margin, N/ATR, multiplier, minimum quantity, and symbol-level eligibility are unknown; rules prohibit pass.","P06-v0.1-no-price-no-margin-strict","2026-08-02","2026-08-02T15:17:35.0009807+09:00","Feasibility and Capital Gate Analyst","No current-price-dependent numeric result was computed because critical inputs are missing. This is intentional to avoid false pass."
"GTE-P06-20260802-0001","CAN-EXP-FX-G10-CHFUSD-FUTURE-STANDARD-CME-6S-IBSJ","EXP-FX-G10-CHFUSD","CLU-EXP-FX-G10-CHFUSD","VEH-FUTURE-STANDARD-CME-6S","6S","CME","Interactive Brokers Securities Japan Inc.","fx","fx_g10","PG-FX-CURRENCY-FUTURES","Pending-evidence","pending_evidence","pending_evidence","conditional_platform_verified_symbol_pending","pending_evidence","pending_evidence","pending_evidence","pending_evidence","pending_evidence","pending_evidence","pending_evidence","pending_evidence","pending_evidence","pending_evidence","","","","","","","","","","","","","","","N/ATR_20_JPY_or_native;current_price_as_of_date;contract_multiplier;tick_size;minimum_quantity;initial_margin_jpy;maintenance_margin_jpy;commission_roundtrip_jpy;spread_estimate;historical_data_availability;realtime_data_entitlement_cost;symbol_level_japan_resident_eligibility","EVD-P04-0001;EVD-P04-0002;EVD-P04-0003;EVD-P04-0004;EVD-P04-0005;EVD-P04-0006;EVD-P04-0007;EVD-P04-0008;EVD-P04-0009;EVD-P04-0010;EVD-P04-0011;EVD-P04-0012;EVD-P04-0013","Required margin, N/ATR, multiplier, minimum quantity, and symbol-level eligibility are unknown; rules prohibit pass.","P06-v0.1-no-price-no-margin-strict","2026-08-02","2026-08-02T15:17:35.0009807+09:00","Feasibility and Capital Gate Analyst","No current-price-dependent numeric result was computed because critical inputs are missing. This is intentional to avoid false pass."
"GTE-P06-20260802-0001","CAN-EXP-FX-G10-NZDUSD-FUTURE-STANDARD-CME-6N-IBSJ","EXP-FX-G10-NZDUSD","CLU-EXP-FX-G10-NZDUSD","VEH-FUTURE-STANDARD-CME-6N","6N","CME","Interactive Brokers Securities Japan Inc.","fx","fx_g10","PG-FX-CURRENCY-FUTURES","Pending-evidence","pending_evidence","pending_evidence","conditional_platform_verified_symbol_pending","pending_evidence","pending_evidence","pending_evidence","pending_evidence","pending_evidence","pending_evidence","pending_evidence","pending_evidence","pending_evidence","pending_evidence","","","","","","","","","","","","","","","N/ATR_20_JPY_or_native;current_price_as_of_date;contract_multiplier;tick_size;minimum_quantity;initial_margin_jpy;maintenance_margin_jpy;commission_roundtrip_jpy;spread_estimate;historical_data_availability;realtime_data_entitlement_cost;symbol_level_japan_resident_eligibility","EVD-P04-0001;EVD-P04-0002;EVD-P04-0003;EVD-P04-0004;EVD-P04-0005;EVD-P04-0006;EVD-P04-0007;EVD-P04-0008;EVD-P04-0009;EVD-P04-0010;EVD-P04-0011;EVD-P04-0012;EVD-P04-0013","Required margin, N/ATR, multiplier, minimum quantity, and symbol-level eligibility are unknown; rules prohibit pass.","P06-v0.1-no-price-no-margin-strict","2026-08-02","2026-08-02T15:17:35.0009807+09:00","Feasibility and Capital Gate Analyst","No current-price-dependent numeric result was computed because critical inputs are missing. This is intentional to avoid false pass."
"GTE-P06-20260802-0001","CAN-EXP-FX-EM-MXNUSD-FUTURE-STANDARD-CME-6M-IBSJ","EXP-FX-EM-MXNUSD","CLU-EXP-FX-EM-MXNUSD","VEH-FUTURE-STANDARD-CME-6M","6M","CME","Interactive Brokers Securities Japan Inc.","fx","fx_em","PG-FX-CURRENCY-FUTURES","Pending-evidence","pending_evidence","pending_evidence","conditional_platform_verified_symbol_pending","pending_evidence","pending_evidence","pending_evidence","pending_evidence","pending_evidence","pending_evidence","pending_evidence","pending_evidence","pending_evidence","pending_evidence","","","","","","","","","","","","","","","N/ATR_20_JPY_or_native;current_price_as_of_date;contract_multiplier;tick_size;minimum_quantity;initial_margin_jpy;maintenance_margin_jpy;commission_roundtrip_jpy;spread_estimate;historical_data_availability;realtime_data_entitlement_cost;symbol_level_japan_resident_eligibility","EVD-P04-0001;EVD-P04-0002;EVD-P04-0003;EVD-P04-0004;EVD-P04-0005;EVD-P04-0006;EVD-P04-0007;EVD-P04-0008;EVD-P04-0009;EVD-P04-0010;EVD-P04-0011;EVD-P04-0012;EVD-P04-0013","Required margin, N/ATR, multiplier, minimum quantity, and symbol-level eligibility are unknown; rules prohibit pass.","P06-v0.1-no-price-no-margin-strict","2026-08-02","2026-08-02T15:17:35.0009807+09:00","Feasibility and Capital Gate Analyst","No current-price-dependent numeric result was computed because critical inputs are missing. This is intentional to avoid false pass."
"GTE-P06-20260802-0001","CAN-EXP-FX-EM-BRLUSD-FUTURE-STANDARD-CME-6L-IBSJ","EXP-FX-EM-BRLUSD","CLU-EXP-FX-EM-BRLUSD","VEH-FUTURE-STANDARD-CME-6L","6L","CME","Interactive Brokers Securities Japan Inc.","fx","fx_em","PG-FX-CURRENCY-FUTURES","Pending-evidence","pending_evidence","pending_evidence","conditional_platform_verified_symbol_pending","pending_evidence","pending_evidence","pending_evidence","pending_evidence","pending_evidence","pending_evidence","pending_evidence","pending_evidence","pending_evidence","pending_evidence","","","","","","","","","","","","","","","N/ATR_20_JPY_or_native;current_price_as_of_date;contract_multiplier;tick_size;minimum_quantity;initial_margin_jpy;maintenance_margin_jpy;commission_roundtrip_jpy;spread_estimate;historical_data_availability;realtime_data_entitlement_cost;symbol_level_japan_resident_eligibility","EVD-P04-0001;EVD-P04-0002;EVD-P04-0003;EVD-P04-0004;EVD-P04-0005;EVD-P04-0006;EVD-P04-0007;EVD-P04-0008;EVD-P04-0009;EVD-P04-0010;EVD-P04-0011;EVD-P04-0012;EVD-P04-0013","Required margin, N/ATR, multiplier, minimum quantity, and symbol-level eligibility are unknown; rules prohibit pass.","P06-v0.1-no-price-no-margin-strict","2026-08-02","2026-08-02T15:17:35.0009807+09:00","Feasibility and Capital Gate Analyst","No current-price-dependent numeric result was computed because critical inputs are missing. This is intentional to avoid false pass."
"GTE-P06-20260802-0001","CAN-EXP-ENERGY-US-WTI-FUTURE-STANDARD-NYMEX-CL-IBSJ","EXP-ENERGY-US-WTI","CLU-EXP-ENERGY-US-WTI","VEH-FUTURE-STANDARD-NYMEX-CL","CL","NYMEX","Interactive Brokers Securities Japan Inc.","energy","energy_crude","PG-ENERGY-FUTURES","Pending-evidence","pending_evidence","pending_evidence","conditional_platform_verified_symbol_pending","pending_evidence","pending_evidence","pending_evidence","pending_evidence","pending_evidence","pending_evidence","pending_evidence","pending_evidence","pending_evidence","pending_evidence","","","","","","","","","","","","","","","N/ATR_20_JPY_or_native;current_price_as_of_date;contract_multiplier;tick_size;minimum_quantity;initial_margin_jpy;maintenance_margin_jpy;commission_roundtrip_jpy;spread_estimate;historical_data_availability;realtime_data_entitlement_cost;symbol_level_japan_resident_eligibility","EVD-P04-0001;EVD-P04-0002;EVD-P04-0003;EVD-P04-0004;EVD-P04-0005;EVD-P04-0006;EVD-P04-0007;EVD-P04-0008;EVD-P04-0009;EVD-P04-0010;EVD-P04-0011;EVD-P04-0012;EVD-P04-0013","Required margin, N/ATR, multiplier, minimum quantity, and symbol-level eligibility are unknown; rules prohibit pass.","P06-v0.1-no-price-no-margin-strict","2026-08-02","2026-08-02T15:17:35.0009807+09:00","Feasibility and Capital Gate Analyst","No current-price-dependent numeric result was computed because critical inputs are missing. This is intentional to avoid false pass."
"GTE-P06-20260802-0001","CAN-EXP-ENERGY-US-WTI-FUTURE-MICRO-NYMEX-MCL-IBSJ","EXP-ENERGY-US-WTI","CLU-EXP-ENERGY-US-WTI","VEH-FUTURE-MICRO-NYMEX-MCL","MCL","NYMEX","Interactive Brokers Securities Japan Inc.","energy","energy_crude","PG-ENERGY-FUTURES","Pending-evidence","pending_evidence","pending_evidence","conditional_platform_verified_symbol_pending","pending_evidence","pending_evidence","pending_evidence","pending_evidence","pending_evidence","pending_evidence","pending_evidence","pending_evidence","pending_evidence","pending_evidence","","","","","","","","","","","","","","","N/ATR_20_JPY_or_native;current_price_as_of_date;contract_multiplier;tick_size;minimum_quantity;initial_margin_jpy;maintenance_margin_jpy;commission_roundtrip_jpy;spread_estimate;historical_data_availability;realtime_data_entitlement_cost;symbol_level_japan_resident_eligibility","EVD-P04-0001;EVD-P04-0002;EVD-P04-0003;EVD-P04-0004;EVD-P04-0005;EVD-P04-0006;EVD-P04-0007;EVD-P04-0008;EVD-P04-0009;EVD-P04-0010;EVD-P04-0011;EVD-P04-0012;EVD-P04-0013","Required margin, N/ATR, multiplier, minimum quantity, and symbol-level eligibility are unknown; rules prohibit pass.","P06-v0.1-no-price-no-margin-strict","2026-08-02","2026-08-02T15:17:35.0009807+09:00","Feasibility and Capital Gate Analyst","No current-price-dependent numeric result was computed because critical inputs are missing. This is intentional to avoid false pass."
"GTE-P06-20260802-0001","CAN-EXP-ENERGY-GLOBAL-BRENT-FUTURE-STANDARD-NYMEX-BZ-IBSJ","EXP-ENERGY-GLOBAL-BRENT","CLU-EXP-ENERGY-GLOBAL-BRENT","VEH-FUTURE-STANDARD-NYMEX-BZ","BZ","NYMEX","Interactive Brokers Securities Japan Inc.","energy","energy_crude","PG-ENERGY-FUTURES","Pending-evidence","pending_evidence","pending_evidence","conditional_platform_verified_symbol_pending","pending_evidence","pending_evidence","pending_evidence","pending_evidence","pending_evidence","pending_evidence","pending_evidence","pending_evidence","pending_evidence","pending_evidence","","","","","","","","","","","","","","","N/ATR_20_JPY_or_native;current_price_as_of_date;contract_multiplier;tick_size;minimum_quantity;initial_margin_jpy;maintenance_margin_jpy;commission_roundtrip_jpy;spread_estimate;historical_data_availability;realtime_data_entitlement_cost;symbol_level_japan_resident_eligibility","EVD-P04-0001;EVD-P04-0002;EVD-P04-0003;EVD-P04-0004;EVD-P04-0005;EVD-P04-0006;EVD-P04-0007;EVD-P04-0008;EVD-P04-0009;EVD-P04-0010;EVD-P04-0011;EVD-P04-0012;EVD-P04-0013","Required margin, N/ATR, multiplier, minimum quantity, and symbol-level eligibility are unknown; rules prohibit pass.","P06-v0.1-no-price-no-margin-strict","2026-08-02","2026-08-02T15:17:35.0009807+09:00","Feasibility and Capital Gate Analyst","No current-price-dependent numeric result was computed because critical inputs are missing. This is intentional to avoid false pass."
"GTE-P06-20260802-0001","CAN-EXP-ENERGY-US-NATGAS-FUTURE-STANDARD-NYMEX-NG-IBSJ","EXP-ENERGY-US-NATGAS","CLU-EXP-ENERGY-US-NATGAS","VEH-FUTURE-STANDARD-NYMEX-NG","NG","NYMEX","Interactive Brokers Securities Japan Inc.","energy","energy_gas","PG-ENERGY-FUTURES","Pending-evidence","pending_evidence","pending_evidence","conditional_platform_verified_symbol_pending","pending_evidence","pending_evidence","pending_evidence","pending_evidence","pending_evidence","pending_evidence","pending_evidence","pending_evidence","pending_evidence","pending_evidence","","","","","","","","","","","","","","","N/ATR_20_JPY_or_native;current_price_as_of_date;contract_multiplier;tick_size;minimum_quantity;initial_margin_jpy;maintenance_margin_jpy;commission_roundtrip_jpy;spread_estimate;historical_data_availability;realtime_data_entitlement_cost;symbol_level_japan_resident_eligibility","EVD-P04-0001;EVD-P04-0002;EVD-P04-0003;EVD-P04-0004;EVD-P04-0005;EVD-P04-0006;EVD-P04-0007;EVD-P04-0008;EVD-P04-0009;EVD-P04-0010;EVD-P04-0011;EVD-P04-0012;EVD-P04-0013","Required margin, N/ATR, multiplier, minimum quantity, and symbol-level eligibility are unknown; rules prohibit pass.","P06-v0.1-no-price-no-margin-strict","2026-08-02","2026-08-02T15:17:35.0009807+09:00","Feasibility and Capital Gate Analyst","No current-price-dependent numeric result was computed because critical inputs are missing. This is intentional to avoid false pass."
"GTE-P06-20260802-0001","CAN-EXP-ENERGY-US-GASOLINE-FUTURE-STANDARD-NYMEX-RB-IBSJ","EXP-ENERGY-US-GASOLINE","CLU-EXP-ENERGY-US-GASOLINE","VEH-FUTURE-STANDARD-NYMEX-RB","RB","NYMEX","Interactive Brokers Securities Japan Inc.","energy","energy_refined","PG-ENERGY-FUTURES","Pending-evidence","pending_evidence","pending_evidence","conditional_platform_verified_symbol_pending","pending_evidence","pending_evidence","pending_evidence","pending_evidence","pending_evidence","pending_evidence","pending_evidence","pending_evidence","pending_evidence","pending_evidence","","","","","","","","","","","","","","","N/ATR_20_JPY_or_native;current_price_as_of_date;contract_multiplier;tick_size;minimum_quantity;initial_margin_jpy;maintenance_margin_jpy;commission_roundtrip_jpy;spread_estimate;historical_data_availability;realtime_data_entitlement_cost;symbol_level_japan_resident_eligibility","EVD-P04-0001;EVD-P04-0002;EVD-P04-0003;EVD-P04-0004;EVD-P04-0005;EVD-P04-0006;EVD-P04-0007;EVD-P04-0008;EVD-P04-0009;EVD-P04-0010;EVD-P04-0011;EVD-P04-0012;EVD-P04-0013","Required margin, N/ATR, multiplier, minimum quantity, and symbol-level eligibility are unknown; rules prohibit pass.","P06-v0.1-no-price-no-margin-strict","2026-08-02","2026-08-02T15:17:35.0009807+09:00","Feasibility and Capital Gate Analyst","No current-price-dependent numeric result was computed because critical inputs are missing. This is intentional to avoid false pass."
"GTE-P06-20260802-0001","CAN-EXP-ENERGY-US-HEATINGOIL-FUTURE-STANDARD-NYMEX-HO-IBSJ","EXP-ENERGY-US-HEATINGOIL","CLU-EXP-ENERGY-US-HEATINGOIL","VEH-FUTURE-STANDARD-NYMEX-HO","HO","NYMEX","Interactive Brokers Securities Japan Inc.","energy","energy_refined","PG-ENERGY-FUTURES","Pending-evidence","pending_evidence","pending_evidence","conditional_platform_verified_symbol_pending","pending_evidence","pending_evidence","pending_evidence","pending_evidence","pending_evidence","pending_evidence","pending_evidence","pending_evidence","pending_evidence","pending_evidence","","","","","","","","","","","","","","","N/ATR_20_JPY_or_native;current_price_as_of_date;contract_multiplier;tick_size;minimum_quantity;initial_margin_jpy;maintenance_margin_jpy;commission_roundtrip_jpy;spread_estimate;historical_data_availability;realtime_data_entitlement_cost;symbol_level_japan_resident_eligibility","EVD-P04-0001;EVD-P04-0002;EVD-P04-0003;EVD-P04-0004;EVD-P04-0005;EVD-P04-0006;EVD-P04-0007;EVD-P04-0008;EVD-P04-0009;EVD-P04-0010;EVD-P04-0011;EVD-P04-0012;EVD-P04-0013","Required margin, N/ATR, multiplier, minimum quantity, and symbol-level eligibility are unknown; rules prohibit pass.","P06-v0.1-no-price-no-margin-strict","2026-08-02","2026-08-02T15:17:35.0009807+09:00","Feasibility and Capital Gate Analyst","No current-price-dependent numeric result was computed because critical inputs are missing. This is intentional to avoid false pass."
"GTE-P06-20260802-0001","CAN-EXP-ENV-GLOBAL-GEO-FUTURE-STANDARD-NYMEX-GEO-IBSJ","EXP-ENV-GLOBAL-GEO","CLU-EXP-ENV-GLOBAL-GEO","VEH-FUTURE-STANDARD-NYMEX-GEO","GEO","NYMEX","Interactive Brokers Securities Japan Inc.","environmental_power","environmental_carbon","PG-ENVIRONMENTAL-POWER","Pending-evidence","pending_evidence","pending_evidence","conditional_platform_verified_symbol_pending","pending_evidence","pending_evidence","pending_evidence","pending_evidence","pending_evidence","pending_evidence","pending_evidence","pending_evidence","pending_evidence","pending_evidence","","","","","","","","","","","","","","","N/ATR_20_JPY_or_native;current_price_as_of_date;contract_multiplier;tick_size;minimum_quantity;initial_margin_jpy;maintenance_margin_jpy;commission_roundtrip_jpy;spread_estimate;historical_data_availability;realtime_data_entitlement_cost;symbol_level_japan_resident_eligibility","EVD-P04-0001;EVD-P04-0002;EVD-P04-0003;EVD-P04-0004;EVD-P04-0005;EVD-P04-0006;EVD-P04-0007;EVD-P04-0008;EVD-P04-0009;EVD-P04-0010;EVD-P04-0011;EVD-P04-0012;EVD-P04-0013","Required margin, N/ATR, multiplier, minimum quantity, and symbol-level eligibility are unknown; rules prohibit pass.","P06-v0.1-no-price-no-margin-strict","2026-08-02","2026-08-02T15:17:35.0009807+09:00","Feasibility and Capital Gate Analyst","No current-price-dependent numeric result was computed because critical inputs are missing. This is intentional to avoid false pass."
"GTE-P06-20260802-0001","CAN-EXP-METAL-GLOBAL-GOLD-FUTURE-STANDARD-COMEX-GC-IBSJ","EXP-METAL-GLOBAL-GOLD","CLU-EXP-METAL-GLOBAL-GOLD","VEH-FUTURE-STANDARD-COMEX-GC","GC","COMEX","Interactive Brokers Securities Japan Inc.","metals","metals_precious","PG-METALS-FUTURES","Pending-evidence","pending_evidence","pending_evidence","conditional_platform_verified_symbol_pending","pending_evidence","pending_evidence","pending_evidence","pending_evidence","pending_evidence","pending_evidence","pending_evidence","pending_evidence","pending_evidence","pending_evidence","","","","","","","","","","","","","","","N/ATR_20_JPY_or_native;current_price_as_of_date;contract_multiplier;tick_size;minimum_quantity;initial_margin_jpy;maintenance_margin_jpy;commission_roundtrip_jpy;spread_estimate;historical_data_availability;realtime_data_entitlement_cost;symbol_level_japan_resident_eligibility","EVD-P04-0001;EVD-P04-0002;EVD-P04-0003;EVD-P04-0004;EVD-P04-0005;EVD-P04-0006;EVD-P04-0007;EVD-P04-0008;EVD-P04-0009;EVD-P04-0010;EVD-P04-0011;EVD-P04-0012;EVD-P04-0013","Required margin, N/ATR, multiplier, minimum quantity, and symbol-level eligibility are unknown; rules prohibit pass.","P06-v0.1-no-price-no-margin-strict","2026-08-02","2026-08-02T15:17:35.0009807+09:00","Feasibility and Capital Gate Analyst","No current-price-dependent numeric result was computed because critical inputs are missing. This is intentional to avoid false pass."
"GTE-P06-20260802-0001","CAN-EXP-METAL-GLOBAL-GOLD-FUTURE-MICRO-COMEX-MGC-IBSJ","EXP-METAL-GLOBAL-GOLD","CLU-EXP-METAL-GLOBAL-GOLD","VEH-FUTURE-MICRO-COMEX-MGC","MGC","COMEX","Interactive Brokers Securities Japan Inc.","metals","metals_precious","PG-METALS-FUTURES","Pending-evidence","pending_evidence","pending_evidence","conditional_platform_verified_symbol_pending","pending_evidence","pending_evidence","pending_evidence","pending_evidence","pending_evidence","pending_evidence","pending_evidence","pending_evidence","pending_evidence","pending_evidence","","","","","","","","","","","","","","","N/ATR_20_JPY_or_native;current_price_as_of_date;contract_multiplier;tick_size;minimum_quantity;initial_margin_jpy;maintenance_margin_jpy;commission_roundtrip_jpy;spread_estimate;historical_data_availability;realtime_data_entitlement_cost;symbol_level_japan_resident_eligibility","EVD-P04-0001;EVD-P04-0002;EVD-P04-0003;EVD-P04-0004;EVD-P04-0005;EVD-P04-0006;EVD-P04-0007;EVD-P04-0008;EVD-P04-0009;EVD-P04-0010;EVD-P04-0011;EVD-P04-0012;EVD-P04-0013","Required margin, N/ATR, multiplier, minimum quantity, and symbol-level eligibility are unknown; rules prohibit pass.","P06-v0.1-no-price-no-margin-strict","2026-08-02","2026-08-02T15:17:35.0009807+09:00","Feasibility and Capital Gate Analyst","No current-price-dependent numeric result was computed because critical inputs are missing. This is intentional to avoid false pass."
"GTE-P06-20260802-0001","CAN-EXP-METAL-GLOBAL-SILVER-FUTURE-STANDARD-COMEX-SI-IBSJ","EXP-METAL-GLOBAL-SILVER","CLU-EXP-METAL-GLOBAL-SILVER","VEH-FUTURE-STANDARD-COMEX-SI","SI","COMEX","Interactive Brokers Securities Japan Inc.","metals","metals_precious","PG-METALS-FUTURES","Pending-evidence","pending_evidence","pending_evidence","conditional_platform_verified_symbol_pending","pending_evidence","pending_evidence","pending_evidence","pending_evidence","pending_evidence","pending_evidence","pending_evidence","pending_evidence","pending_evidence","pending_evidence","","","","","","","","","","","","","","","N/ATR_20_JPY_or_native;current_price_as_of_date;contract_multiplier;tick_size;minimum_quantity;initial_margin_jpy;maintenance_margin_jpy;commission_roundtrip_jpy;spread_estimate;historical_data_availability;realtime_data_entitlement_cost;symbol_level_japan_resident_eligibility","EVD-P04-0001;EVD-P04-0002;EVD-P04-0003;EVD-P04-0004;EVD-P04-0005;EVD-P04-0006;EVD-P04-0007;EVD-P04-0008;EVD-P04-0009;EVD-P04-0010;EVD-P04-0011;EVD-P04-0012;EVD-P04-0013","Required margin, N/ATR, multiplier, minimum quantity, and symbol-level eligibility are unknown; rules prohibit pass.","P06-v0.1-no-price-no-margin-strict","2026-08-02","2026-08-02T15:17:35.0009807+09:00","Feasibility and Capital Gate Analyst","No current-price-dependent numeric result was computed because critical inputs are missing. This is intentional to avoid false pass."
"GTE-P06-20260802-0001","CAN-EXP-METAL-GLOBAL-SILVER-FUTURE-MICRO-COMEX-SIL-IBSJ","EXP-METAL-GLOBAL-SILVER","CLU-EXP-METAL-GLOBAL-SILVER","VEH-FUTURE-MICRO-COMEX-SIL","SIL","COMEX","Interactive Brokers Securities Japan Inc.","metals","metals_precious","PG-METALS-FUTURES","Pending-evidence","pending_evidence","pending_evidence","conditional_platform_verified_symbol_pending","pending_evidence","pending_evidence","pending_evidence","pending_evidence","pending_evidence","pending_evidence","pending_evidence","pending_evidence","pending_evidence","pending_evidence","","","","","","","","","","","","","","","N/ATR_20_JPY_or_native;current_price_as_of_date;contract_multiplier;tick_size;minimum_quantity;initial_margin_jpy;maintenance_margin_jpy;commission_roundtrip_jpy;spread_estimate;historical_data_availability;realtime_data_entitlement_cost;symbol_level_japan_resident_eligibility","EVD-P04-0001;EVD-P04-0002;EVD-P04-0003;EVD-P04-0004;EVD-P04-0005;EVD-P04-0006;EVD-P04-0007;EVD-P04-0008;EVD-P04-0009;EVD-P04-0010;EVD-P04-0011;EVD-P04-0012;EVD-P04-0013","Required margin, N/ATR, multiplier, minimum quantity, and symbol-level eligibility are unknown; rules prohibit pass.","P06-v0.1-no-price-no-margin-strict","2026-08-02","2026-08-02T15:17:35.0009807+09:00","Feasibility and Capital Gate Analyst","No current-price-dependent numeric result was computed because critical inputs are missing. This is intentional to avoid false pass."
"GTE-P06-20260802-0001","CAN-EXP-METAL-GLOBAL-COPPER-FUTURE-STANDARD-COMEX-HG-IBSJ","EXP-METAL-GLOBAL-COPPER","CLU-EXP-METAL-GLOBAL-COPPER","VEH-FUTURE-STANDARD-COMEX-HG","HG","COMEX","Interactive Brokers Securities Japan Inc.","metals","metals_industrial","PG-METALS-FUTURES","Pending-evidence","pending_evidence","pending_evidence","conditional_platform_verified_symbol_pending","pending_evidence","pending_evidence","pending_evidence","pending_evidence","pending_evidence","pending_evidence","pending_evidence","pending_evidence","pending_evidence","pending_evidence","","","","","","","","","","","","","","","N/ATR_20_JPY_or_native;current_price_as_of_date;contract_multiplier;tick_size;minimum_quantity;initial_margin_jpy;maintenance_margin_jpy;commission_roundtrip_jpy;spread_estimate;historical_data_availability;realtime_data_entitlement_cost;symbol_level_japan_resident_eligibility","EVD-P04-0001;EVD-P04-0002;EVD-P04-0003;EVD-P04-0004;EVD-P04-0005;EVD-P04-0006;EVD-P04-0007;EVD-P04-0008;EVD-P04-0009;EVD-P04-0010;EVD-P04-0011;EVD-P04-0012;EVD-P04-0013","Required margin, N/ATR, multiplier, minimum quantity, and symbol-level eligibility are unknown; rules prohibit pass.","P06-v0.1-no-price-no-margin-strict","2026-08-02","2026-08-02T15:17:35.0009807+09:00","Feasibility and Capital Gate Analyst","No current-price-dependent numeric result was computed because critical inputs are missing. This is intentional to avoid false pass."
"GTE-P06-20260802-0001","CAN-EXP-METAL-GLOBAL-COPPER-FUTURE-MICRO-COMEX-MHG-IBSJ","EXP-METAL-GLOBAL-COPPER","CLU-EXP-METAL-GLOBAL-COPPER","VEH-FUTURE-MICRO-COMEX-MHG","MHG","COMEX","Interactive Brokers Securities Japan Inc.","metals","metals_industrial","PG-METALS-FUTURES","Pending-evidence","pending_evidence","pending_evidence","conditional_platform_verified_symbol_pending","pending_evidence","pending_evidence","pending_evidence","pending_evidence","pending_evidence","pending_evidence","pending_evidence","pending_evidence","pending_evidence","pending_evidence","","","","","","","","","","","","","","","N/ATR_20_JPY_or_native;current_price_as_of_date;contract_multiplier;tick_size;minimum_quantity;initial_margin_jpy;maintenance_margin_jpy;commission_roundtrip_jpy;spread_estimate;historical_data_availability;realtime_data_entitlement_cost;symbol_level_japan_resident_eligibility","EVD-P04-0001;EVD-P04-0002;EVD-P04-0003;EVD-P04-0004;EVD-P04-0005;EVD-P04-0006;EVD-P04-0007;EVD-P04-0008;EVD-P04-0009;EVD-P04-0010;EVD-P04-0011;EVD-P04-0012;EVD-P04-0013","Required margin, N/ATR, multiplier, minimum quantity, and symbol-level eligibility are unknown; rules prohibit pass.","P06-v0.1-no-price-no-margin-strict","2026-08-02","2026-08-02T15:17:35.0009807+09:00","Feasibility and Capital Gate Analyst","No current-price-dependent numeric result was computed because critical inputs are missing. This is intentional to avoid false pass."
"GTE-P06-20260802-0001","CAN-EXP-METAL-GLOBAL-PLATINUM-FUTURE-STANDARD-NYMEX-PL-IBSJ","EXP-METAL-GLOBAL-PLATINUM","CLU-EXP-METAL-GLOBAL-PLATINUM","VEH-FUTURE-STANDARD-NYMEX-PL","PL","NYMEX","Interactive Brokers Securities Japan Inc.","metals","metals_precious","PG-METALS-FUTURES","Pending-evidence","pending_evidence","pending_evidence","conditional_platform_verified_symbol_pending","pending_evidence","pending_evidence","pending_evidence","pending_evidence","pending_evidence","pending_evidence","pending_evidence","pending_evidence","pending_evidence","pending_evidence","","","","","","","","","","","","","","","N/ATR_20_JPY_or_native;current_price_as_of_date;contract_multiplier;tick_size;minimum_quantity;initial_margin_jpy;maintenance_margin_jpy;commission_roundtrip_jpy;spread_estimate;historical_data_availability;realtime_data_entitlement_cost;symbol_level_japan_resident_eligibility","EVD-P04-0001;EVD-P04-0002;EVD-P04-0003;EVD-P04-0004;EVD-P04-0005;EVD-P04-0006;EVD-P04-0007;EVD-P04-0008;EVD-P04-0009;EVD-P04-0010;EVD-P04-0011;EVD-P04-0012;EVD-P04-0013","Required margin, N/ATR, multiplier, minimum quantity, and symbol-level eligibility are unknown; rules prohibit pass.","P06-v0.1-no-price-no-margin-strict","2026-08-02","2026-08-02T15:17:35.0009807+09:00","Feasibility and Capital Gate Analyst","No current-price-dependent numeric result was computed because critical inputs are missing. This is intentional to avoid false pass."
"GTE-P06-20260802-0001","CAN-EXP-METAL-GLOBAL-PALLADIUM-FUTURE-STANDARD-NYMEX-PA-IBSJ","EXP-METAL-GLOBAL-PALLADIUM","CLU-EXP-METAL-GLOBAL-PALLADIUM","VEH-FUTURE-STANDARD-NYMEX-PA","PA","NYMEX","Interactive Brokers Securities Japan Inc.","metals","metals_precious","PG-METALS-FUTURES","Pending-evidence","pending_evidence","pending_evidence","conditional_platform_verified_symbol_pending","pending_evidence","pending_evidence","pending_evidence","pending_evidence","pending_evidence","pending_evidence","pending_evidence","pending_evidence","pending_evidence","pending_evidence","","","","","","","","","","","","","","","N/ATR_20_JPY_or_native;current_price_as_of_date;contract_multiplier;tick_size;minimum_quantity;initial_margin_jpy;maintenance_margin_jpy;commission_roundtrip_jpy;spread_estimate;historical_data_availability;realtime_data_entitlement_cost;symbol_level_japan_resident_eligibility","EVD-P04-0001;EVD-P04-0002;EVD-P04-0003;EVD-P04-0004;EVD-P04-0005;EVD-P04-0006;EVD-P04-0007;EVD-P04-0008;EVD-P04-0009;EVD-P04-0010;EVD-P04-0011;EVD-P04-0012;EVD-P04-0013","Required margin, N/ATR, multiplier, minimum quantity, and symbol-level eligibility are unknown; rules prohibit pass.","P06-v0.1-no-price-no-margin-strict","2026-08-02","2026-08-02T15:17:35.0009807+09:00","Feasibility and Capital Gate Analyst","No current-price-dependent numeric result was computed because critical inputs are missing. This is intentional to avoid false pass."
"GTE-P06-20260802-0001","CAN-EXP-AGRI-US-CORN-FUTURE-STANDARD-CBOT-ZC-IBSJ","EXP-AGRI-US-CORN","CLU-EXP-AGRI-US-CORN","VEH-FUTURE-STANDARD-CBOT-ZC","ZC","CBOT","Interactive Brokers Securities Japan Inc.","grains_oilseeds","agri_grain","PG-GRAINS-OILSEEDS","Pending-evidence","pending_evidence","pending_evidence","conditional_platform_verified_symbol_pending","pending_evidence","pending_evidence","pending_evidence","pending_evidence","pending_evidence","pending_evidence","pending_evidence","pending_evidence","pending_evidence","pending_evidence","","","","","","","","","","","","","","","N/ATR_20_JPY_or_native;current_price_as_of_date;contract_multiplier;tick_size;minimum_quantity;initial_margin_jpy;maintenance_margin_jpy;commission_roundtrip_jpy;spread_estimate;historical_data_availability;realtime_data_entitlement_cost;symbol_level_japan_resident_eligibility","EVD-P04-0001;EVD-P04-0002;EVD-P04-0003;EVD-P04-0004;EVD-P04-0005;EVD-P04-0006;EVD-P04-0007;EVD-P04-0008;EVD-P04-0009;EVD-P04-0010;EVD-P04-0011;EVD-P04-0012;EVD-P04-0013","Required margin, N/ATR, multiplier, minimum quantity, and symbol-level eligibility are unknown; rules prohibit pass.","P06-v0.1-no-price-no-margin-strict","2026-08-02","2026-08-02T15:17:35.0009807+09:00","Feasibility and Capital Gate Analyst","No current-price-dependent numeric result was computed because critical inputs are missing. This is intentional to avoid false pass."
"GTE-P06-20260802-0001","CAN-EXP-AGRI-US-CORN-FUTURE-MICRO-CBOT-XC-IBSJ","EXP-AGRI-US-CORN","CLU-EXP-AGRI-US-CORN","VEH-FUTURE-MICRO-CBOT-XC","XC","CBOT","Interactive Brokers Securities Japan Inc.","grains_oilseeds","agri_grain","PG-GRAINS-OILSEEDS","Pending-evidence","pending_evidence","pending_evidence","conditional_platform_verified_symbol_pending","pending_evidence","pending_evidence","pending_evidence","pending_evidence","pending_evidence","pending_evidence","pending_evidence","pending_evidence","pending_evidence","pending_evidence","","","","","","","","","","","","","","","N/ATR_20_JPY_or_native;current_price_as_of_date;contract_multiplier;tick_size;minimum_quantity;initial_margin_jpy;maintenance_margin_jpy;commission_roundtrip_jpy;spread_estimate;historical_data_availability;realtime_data_entitlement_cost;symbol_level_japan_resident_eligibility","EVD-P04-0001;EVD-P04-0002;EVD-P04-0003;EVD-P04-0004;EVD-P04-0005;EVD-P04-0006;EVD-P04-0007;EVD-P04-0008;EVD-P04-0009;EVD-P04-0010;EVD-P04-0011;EVD-P04-0012;EVD-P04-0013","Required margin, N/ATR, multiplier, minimum quantity, and symbol-level eligibility are unknown; rules prohibit pass.","P06-v0.1-no-price-no-margin-strict","2026-08-02","2026-08-02T15:17:35.0009807+09:00","Feasibility and Capital Gate Analyst","No current-price-dependent numeric result was computed because critical inputs are missing. This is intentional to avoid false pass."
"GTE-P06-20260802-0001","CAN-EXP-AGRI-US-WHEAT-FUTURE-STANDARD-CBOT-ZW-IBSJ","EXP-AGRI-US-WHEAT","CLU-EXP-AGRI-US-WHEAT","VEH-FUTURE-STANDARD-CBOT-ZW","ZW","CBOT","Interactive Brokers Securities Japan Inc.","grains_oilseeds","agri_grain","PG-GRAINS-OILSEEDS","Pending-evidence","pending_evidence","pending_evidence","conditional_platform_verified_symbol_pending","pending_evidence","pending_evidence","pending_evidence","pending_evidence","pending_evidence","pending_evidence","pending_evidence","pending_evidence","pending_evidence","pending_evidence","","","","","","","","","","","","","","","N/ATR_20_JPY_or_native;current_price_as_of_date;contract_multiplier;tick_size;minimum_quantity;initial_margin_jpy;maintenance_margin_jpy;commission_roundtrip_jpy;spread_estimate;historical_data_availability;realtime_data_entitlement_cost;symbol_level_japan_resident_eligibility","EVD-P04-0001;EVD-P04-0002;EVD-P04-0003;EVD-P04-0004;EVD-P04-0005;EVD-P04-0006;EVD-P04-0007;EVD-P04-0008;EVD-P04-0009;EVD-P04-0010;EVD-P04-0011;EVD-P04-0012;EVD-P04-0013","Required margin, N/ATR, multiplier, minimum quantity, and symbol-level eligibility are unknown; rules prohibit pass.","P06-v0.1-no-price-no-margin-strict","2026-08-02","2026-08-02T15:17:35.0009807+09:00","Feasibility and Capital Gate Analyst","No current-price-dependent numeric result was computed because critical inputs are missing. This is intentional to avoid false pass."
"GTE-P06-20260802-0001","CAN-EXP-AGRI-US-WHEAT-FUTURE-MICRO-CBOT-XW-IBSJ","EXP-AGRI-US-WHEAT","CLU-EXP-AGRI-US-WHEAT","VEH-FUTURE-MICRO-CBOT-XW","XW","CBOT","Interactive Brokers Securities Japan Inc.","grains_oilseeds","agri_grain","PG-GRAINS-OILSEEDS","Pending-evidence","pending_evidence","pending_evidence","conditional_platform_verified_symbol_pending","pending_evidence","pending_evidence","pending_evidence","pending_evidence","pending_evidence","pending_evidence","pending_evidence","pending_evidence","pending_evidence","pending_evidence","","","","","","","","","","","","","","","N/ATR_20_JPY_or_native;current_price_as_of_date;contract_multiplier;tick_size;minimum_quantity;initial_margin_jpy;maintenance_margin_jpy;commission_roundtrip_jpy;spread_estimate;historical_data_availability;realtime_data_entitlement_cost;symbol_level_japan_resident_eligibility","EVD-P04-0001;EVD-P04-0002;EVD-P04-0003;EVD-P04-0004;EVD-P04-0005;EVD-P04-0006;EVD-P04-0007;EVD-P04-0008;EVD-P04-0009;EVD-P04-0010;EVD-P04-0011;EVD-P04-0012;EVD-P04-0013","Required margin, N/ATR, multiplier, minimum quantity, and symbol-level eligibility are unknown; rules prohibit pass.","P06-v0.1-no-price-no-margin-strict","2026-08-02","2026-08-02T15:17:35.0009807+09:00","Feasibility and Capital Gate Analyst","No current-price-dependent numeric result was computed because critical inputs are missing. This is intentional to avoid false pass."
"GTE-P06-20260802-0001","CAN-EXP-AGRI-US-SOYBEANS-FUTURE-STANDARD-CBOT-ZS-IBSJ","EXP-AGRI-US-SOYBEANS","CLU-EXP-AGRI-US-SOYBEANS","VEH-FUTURE-STANDARD-CBOT-ZS","ZS","CBOT","Interactive Brokers Securities Japan Inc.","grains_oilseeds","agri_oilseed","PG-GRAINS-OILSEEDS","Pending-evidence","pending_evidence","pending_evidence","conditional_platform_verified_symbol_pending","pending_evidence","pending_evidence","pending_evidence","pending_evidence","pending_evidence","pending_evidence","pending_evidence","pending_evidence","pending_evidence","pending_evidence","","","","","","","","","","","","","","","N/ATR_20_JPY_or_native;current_price_as_of_date;contract_multiplier;tick_size;minimum_quantity;initial_margin_jpy;maintenance_margin_jpy;commission_roundtrip_jpy;spread_estimate;historical_data_availability;realtime_data_entitlement_cost;symbol_level_japan_resident_eligibility","EVD-P04-0001;EVD-P04-0002;EVD-P04-0003;EVD-P04-0004;EVD-P04-0005;EVD-P04-0006;EVD-P04-0007;EVD-P04-0008;EVD-P04-0009;EVD-P04-0010;EVD-P04-0011;EVD-P04-0012;EVD-P04-0013","Required margin, N/ATR, multiplier, minimum quantity, and symbol-level eligibility are unknown; rules prohibit pass.","P06-v0.1-no-price-no-margin-strict","2026-08-02","2026-08-02T15:17:35.0009807+09:00","Feasibility and Capital Gate Analyst","No current-price-dependent numeric result was computed because critical inputs are missing. This is intentional to avoid false pass."
"GTE-P06-20260802-0001","CAN-EXP-AGRI-US-SOYBEANS-FUTURE-MICRO-CBOT-XK-IBSJ","EXP-AGRI-US-SOYBEANS","CLU-EXP-AGRI-US-SOYBEANS","VEH-FUTURE-MICRO-CBOT-XK","XK","CBOT","Interactive Brokers Securities Japan Inc.","grains_oilseeds","agri_oilseed","PG-GRAINS-OILSEEDS","Pending-evidence","pending_evidence","pending_evidence","conditional_platform_verified_symbol_pending","pending_evidence","pending_evidence","pending_evidence","pending_evidence","pending_evidence","pending_evidence","pending_evidence","pending_evidence","pending_evidence","pending_evidence","","","","","","","","","","","","","","","N/ATR_20_JPY_or_native;current_price_as_of_date;contract_multiplier;tick_size;minimum_quantity;initial_margin_jpy;maintenance_margin_jpy;commission_roundtrip_jpy;spread_estimate;historical_data_availability;realtime_data_entitlement_cost;symbol_level_japan_resident_eligibility","EVD-P04-0001;EVD-P04-0002;EVD-P04-0003;EVD-P04-0004;EVD-P04-0005;EVD-P04-0006;EVD-P04-0007;EVD-P04-0008;EVD-P04-0009;EVD-P04-0010;EVD-P04-0011;EVD-P04-0012;EVD-P04-0013","Required margin, N/ATR, multiplier, minimum quantity, and symbol-level eligibility are unknown; rules prohibit pass.","P06-v0.1-no-price-no-margin-strict","2026-08-02","2026-08-02T15:17:35.0009807+09:00","Feasibility and Capital Gate Analyst","No current-price-dependent numeric result was computed because critical inputs are missing. This is intentional to avoid false pass."
"GTE-P06-20260802-0001","CAN-EXP-AGRI-US-SOYMEAL-FUTURE-STANDARD-CBOT-ZM-IBSJ","EXP-AGRI-US-SOYMEAL","CLU-EXP-AGRI-US-SOYMEAL","VEH-FUTURE-STANDARD-CBOT-ZM","ZM","CBOT","Interactive Brokers Securities Japan Inc.","grains_oilseeds","agri_oilseed","PG-GRAINS-OILSEEDS","Pending-evidence","pending_evidence","pending_evidence","conditional_platform_verified_symbol_pending","pending_evidence","pending_evidence","pending_evidence","pending_evidence","pending_evidence","pending_evidence","pending_evidence","pending_evidence","pending_evidence","pending_evidence","","","","","","","","","","","","","","","N/ATR_20_JPY_or_native;current_price_as_of_date;contract_multiplier;tick_size;minimum_quantity;initial_margin_jpy;maintenance_margin_jpy;commission_roundtrip_jpy;spread_estimate;historical_data_availability;realtime_data_entitlement_cost;symbol_level_japan_resident_eligibility","EVD-P04-0001;EVD-P04-0002;EVD-P04-0003;EVD-P04-0004;EVD-P04-0005;EVD-P04-0006;EVD-P04-0007;EVD-P04-0008;EVD-P04-0009;EVD-P04-0010;EVD-P04-0011;EVD-P04-0012;EVD-P04-0013","Required margin, N/ATR, multiplier, minimum quantity, and symbol-level eligibility are unknown; rules prohibit pass.","P06-v0.1-no-price-no-margin-strict","2026-08-02","2026-08-02T15:17:35.0009807+09:00","Feasibility and Capital Gate Analyst","No current-price-dependent numeric result was computed because critical inputs are missing. This is intentional to avoid false pass."
"GTE-P06-20260802-0001","CAN-EXP-AGRI-US-SOYOIL-FUTURE-STANDARD-CBOT-ZL-IBSJ","EXP-AGRI-US-SOYOIL","CLU-EXP-AGRI-US-SOYOIL","VEH-FUTURE-STANDARD-CBOT-ZL","ZL","CBOT","Interactive Brokers Securities Japan Inc.","grains_oilseeds","agri_oilseed","PG-GRAINS-OILSEEDS","Pending-evidence","pending_evidence","pending_evidence","conditional_platform_verified_symbol_pending","pending_evidence","pending_evidence","pending_evidence","pending_evidence","pending_evidence","pending_evidence","pending_evidence","pending_evidence","pending_evidence","pending_evidence","","","","","","","","","","","","","","","N/ATR_20_JPY_or_native;current_price_as_of_date;contract_multiplier;tick_size;minimum_quantity;initial_margin_jpy;maintenance_margin_jpy;commission_roundtrip_jpy;spread_estimate;historical_data_availability;realtime_data_entitlement_cost;symbol_level_japan_resident_eligibility","EVD-P04-0001;EVD-P04-0002;EVD-P04-0003;EVD-P04-0004;EVD-P04-0005;EVD-P04-0006;EVD-P04-0007;EVD-P04-0008;EVD-P04-0009;EVD-P04-0010;EVD-P04-0011;EVD-P04-0012;EVD-P04-0013","Required margin, N/ATR, multiplier, minimum quantity, and symbol-level eligibility are unknown; rules prohibit pass.","P06-v0.1-no-price-no-margin-strict","2026-08-02","2026-08-02T15:17:35.0009807+09:00","Feasibility and Capital Gate Analyst","No current-price-dependent numeric result was computed because critical inputs are missing. This is intentional to avoid false pass."
"GTE-P06-20260802-0001","CAN-EXP-AGRI-US-KCWHEAT-FUTURE-STANDARD-CBOT-KE-IBSJ","EXP-AGRI-US-KCWHEAT","CLU-EXP-AGRI-US-KCWHEAT","VEH-FUTURE-STANDARD-CBOT-KE","KE","CBOT","Interactive Brokers Securities Japan Inc.","grains_oilseeds","agri_grain","PG-GRAINS-OILSEEDS","Pending-evidence","pending_evidence","pending_evidence","conditional_platform_verified_symbol_pending","pending_evidence","pending_evidence","pending_evidence","pending_evidence","pending_evidence","pending_evidence","pending_evidence","pending_evidence","pending_evidence","pending_evidence","","","","","","","","","","","","","","","N/ATR_20_JPY_or_native;current_price_as_of_date;contract_multiplier;tick_size;minimum_quantity;initial_margin_jpy;maintenance_margin_jpy;commission_roundtrip_jpy;spread_estimate;historical_data_availability;realtime_data_entitlement_cost;symbol_level_japan_resident_eligibility","EVD-P04-0001;EVD-P04-0002;EVD-P04-0003;EVD-P04-0004;EVD-P04-0005;EVD-P04-0006;EVD-P04-0007;EVD-P04-0008;EVD-P04-0009;EVD-P04-0010;EVD-P04-0011;EVD-P04-0012;EVD-P04-0013","Required margin, N/ATR, multiplier, minimum quantity, and symbol-level eligibility are unknown; rules prohibit pass.","P06-v0.1-no-price-no-margin-strict","2026-08-02","2026-08-02T15:17:35.0009807+09:00","Feasibility and Capital Gate Analyst","No current-price-dependent numeric result was computed because critical inputs are missing. This is intentional to avoid false pass."
"GTE-P06-20260802-0001","CAN-EXP-LIVESTOCK-US-LIVECATTLE-FUTURE-STANDARD-CME-LE-IBSJ","EXP-LIVESTOCK-US-LIVECATTLE","CLU-EXP-LIVESTOCK-US-LIVECATTLE","VEH-FUTURE-STANDARD-CME-LE","LE","CME","Interactive Brokers Securities Japan Inc.","livestock","livestock","PG-LIVESTOCK","Pending-evidence","pending_evidence","pending_evidence","conditional_platform_verified_symbol_pending","pending_evidence","pending_evidence","pending_evidence","pending_evidence","pending_evidence","pending_evidence","pending_evidence","pending_evidence","pending_evidence","pending_evidence","","","","","","","","","","","","","","","N/ATR_20_JPY_or_native;current_price_as_of_date;contract_multiplier;tick_size;minimum_quantity;initial_margin_jpy;maintenance_margin_jpy;commission_roundtrip_jpy;spread_estimate;historical_data_availability;realtime_data_entitlement_cost;symbol_level_japan_resident_eligibility","EVD-P04-0001;EVD-P04-0002;EVD-P04-0003;EVD-P04-0004;EVD-P04-0005;EVD-P04-0006;EVD-P04-0007;EVD-P04-0008;EVD-P04-0009;EVD-P04-0010;EVD-P04-0011;EVD-P04-0012;EVD-P04-0013","Required margin, N/ATR, multiplier, minimum quantity, and symbol-level eligibility are unknown; rules prohibit pass.","P06-v0.1-no-price-no-margin-strict","2026-08-02","2026-08-02T15:17:35.0009807+09:00","Feasibility and Capital Gate Analyst","No current-price-dependent numeric result was computed because critical inputs are missing. This is intentional to avoid false pass."
"GTE-P06-20260802-0001","CAN-EXP-LIVESTOCK-US-FEEDERCATTLE-FUTURE-STANDARD-CME-GF-IBSJ","EXP-LIVESTOCK-US-FEEDERCATTLE","CLU-EXP-LIVESTOCK-US-FEEDERCATTLE","VEH-FUTURE-STANDARD-CME-GF","GF","CME","Interactive Brokers Securities Japan Inc.","livestock","livestock","PG-LIVESTOCK","Pending-evidence","pending_evidence","pending_evidence","conditional_platform_verified_symbol_pending","pending_evidence","pending_evidence","pending_evidence","pending_evidence","pending_evidence","pending_evidence","pending_evidence","pending_evidence","pending_evidence","pending_evidence","","","","","","","","","","","","","","","N/ATR_20_JPY_or_native;current_price_as_of_date;contract_multiplier;tick_size;minimum_quantity;initial_margin_jpy;maintenance_margin_jpy;commission_roundtrip_jpy;spread_estimate;historical_data_availability;realtime_data_entitlement_cost;symbol_level_japan_resident_eligibility","EVD-P04-0001;EVD-P04-0002;EVD-P04-0003;EVD-P04-0004;EVD-P04-0005;EVD-P04-0006;EVD-P04-0007;EVD-P04-0008;EVD-P04-0009;EVD-P04-0010;EVD-P04-0011;EVD-P04-0012;EVD-P04-0013","Required margin, N/ATR, multiplier, minimum quantity, and symbol-level eligibility are unknown; rules prohibit pass.","P06-v0.1-no-price-no-margin-strict","2026-08-02","2026-08-02T15:17:35.0009807+09:00","Feasibility and Capital Gate Analyst","No current-price-dependent numeric result was computed because critical inputs are missing. This is intentional to avoid false pass."
"GTE-P06-20260802-0001","CAN-EXP-LIVESTOCK-US-LEANHOGS-FUTURE-STANDARD-CME-HE-IBSJ","EXP-LIVESTOCK-US-LEANHOGS","CLU-EXP-LIVESTOCK-US-LEANHOGS","VEH-FUTURE-STANDARD-CME-HE","HE","CME","Interactive Brokers Securities Japan Inc.","livestock","livestock","PG-LIVESTOCK","Pending-evidence","pending_evidence","pending_evidence","conditional_platform_verified_symbol_pending","pending_evidence","pending_evidence","pending_evidence","pending_evidence","pending_evidence","pending_evidence","pending_evidence","pending_evidence","pending_evidence","pending_evidence","","","","","","","","","","","","","","","N/ATR_20_JPY_or_native;current_price_as_of_date;contract_multiplier;tick_size;minimum_quantity;initial_margin_jpy;maintenance_margin_jpy;commission_roundtrip_jpy;spread_estimate;historical_data_availability;realtime_data_entitlement_cost;symbol_level_japan_resident_eligibility","EVD-P04-0001;EVD-P04-0002;EVD-P04-0003;EVD-P04-0004;EVD-P04-0005;EVD-P04-0006;EVD-P04-0007;EVD-P04-0008;EVD-P04-0009;EVD-P04-0010;EVD-P04-0011;EVD-P04-0012;EVD-P04-0013","Required margin, N/ATR, multiplier, minimum quantity, and symbol-level eligibility are unknown; rules prohibit pass.","P06-v0.1-no-price-no-margin-strict","2026-08-02","2026-08-02T15:17:35.0009807+09:00","Feasibility and Capital Gate Analyst","No current-price-dependent numeric result was computed because critical inputs are missing. This is intentional to avoid false pass."
"GTE-P06-20260802-0001","CAN-EXP-CRYPTO-GLOBAL-BTC-CRYPTO-FUTURE-CME-BTC-IBSJ","EXP-CRYPTO-GLOBAL-BTC","CLU-EXP-CRYPTO-GLOBAL-BTC","VEH-CRYPTO-FUTURE-CME-BTC","BTC","CME","Interactive Brokers Securities Japan Inc.","crypto","crypto_major","PG-CRYPTO-FUTURES","Pending-evidence","pending_evidence","pending_evidence","conditional_platform_verified_symbol_pending","pending_evidence","pending_evidence","pending_evidence","pending_evidence","pending_evidence","pending_evidence","pending_evidence","pending_evidence","pending_evidence","pending_evidence","","","","","","","","","","","","","","","N/ATR_20_JPY_or_native;current_price_as_of_date;contract_multiplier;tick_size;minimum_quantity;initial_margin_jpy;maintenance_margin_jpy;commission_roundtrip_jpy;spread_estimate;historical_data_availability;realtime_data_entitlement_cost;symbol_level_japan_resident_eligibility","EVD-P04-0001;EVD-P04-0002;EVD-P04-0003;EVD-P04-0004;EVD-P04-0005;EVD-P04-0006;EVD-P04-0007;EVD-P04-0008;EVD-P04-0009;EVD-P04-0010;EVD-P04-0011;EVD-P04-0012;EVD-P04-0013EVD-P04-0016","Required margin, N/ATR, multiplier, minimum quantity, and symbol-level eligibility are unknown; rules prohibit pass.","P06-v0.1-no-price-no-margin-strict","2026-08-02","2026-08-02T15:17:35.0009807+09:00","Feasibility and Capital Gate Analyst","No current-price-dependent numeric result was computed because critical inputs are missing. This is intentional to avoid false pass."
"GTE-P06-20260802-0001","CAN-EXP-CRYPTO-GLOBAL-BTC-CRYPTO-FUTURE-CME-MBT-IBSJ","EXP-CRYPTO-GLOBAL-BTC","CLU-EXP-CRYPTO-GLOBAL-BTC","VEH-CRYPTO-FUTURE-CME-MBT","MBT","CME","Interactive Brokers Securities Japan Inc.","crypto","crypto_major","PG-CRYPTO-FUTURES","Pending-evidence","pending_evidence","pending_evidence","conditional_platform_verified_symbol_pending","pending_evidence","pending_evidence","pending_evidence","pending_evidence","pending_evidence","pending_evidence","pending_evidence","pending_evidence","pending_evidence","pending_evidence","","","","","","","","","","","","","","","N/ATR_20_JPY_or_native;current_price_as_of_date;contract_multiplier;tick_size;minimum_quantity;initial_margin_jpy;maintenance_margin_jpy;commission_roundtrip_jpy;spread_estimate;historical_data_availability;realtime_data_entitlement_cost;symbol_level_japan_resident_eligibility","EVD-P04-0001;EVD-P04-0002;EVD-P04-0003;EVD-P04-0004;EVD-P04-0005;EVD-P04-0006;EVD-P04-0007;EVD-P04-0008;EVD-P04-0009;EVD-P04-0010;EVD-P04-0011;EVD-P04-0012;EVD-P04-0013EVD-P04-0016","Required margin, N/ATR, multiplier, minimum quantity, and symbol-level eligibility are unknown; rules prohibit pass.","P06-v0.1-no-price-no-margin-strict","2026-08-02","2026-08-02T15:17:35.0009807+09:00","Feasibility and Capital Gate Analyst","No current-price-dependent numeric result was computed because critical inputs are missing. This is intentional to avoid false pass."
"GTE-P06-20260802-0001","CAN-EXP-CRYPTO-GLOBAL-ETH-CRYPTO-FUTURE-CME-ETH-IBSJ","EXP-CRYPTO-GLOBAL-ETH","CLU-EXP-CRYPTO-GLOBAL-ETH","VEH-CRYPTO-FUTURE-CME-ETH","ETH","CME","Interactive Brokers Securities Japan Inc.","crypto","crypto_major","PG-CRYPTO-FUTURES","Pending-evidence","pending_evidence","pending_evidence","conditional_platform_verified_symbol_pending","pending_evidence","pending_evidence","pending_evidence","pending_evidence","pending_evidence","pending_evidence","pending_evidence","pending_evidence","pending_evidence","pending_evidence","","","","","","","","","","","","","","","N/ATR_20_JPY_or_native;current_price_as_of_date;contract_multiplier;tick_size;minimum_quantity;initial_margin_jpy;maintenance_margin_jpy;commission_roundtrip_jpy;spread_estimate;historical_data_availability;realtime_data_entitlement_cost;symbol_level_japan_resident_eligibility","EVD-P04-0001;EVD-P04-0002;EVD-P04-0003;EVD-P04-0004;EVD-P04-0005;EVD-P04-0006;EVD-P04-0007;EVD-P04-0008;EVD-P04-0009;EVD-P04-0010;EVD-P04-0011;EVD-P04-0012;EVD-P04-0013EVD-P04-0016","Required margin, N/ATR, multiplier, minimum quantity, and symbol-level eligibility are unknown; rules prohibit pass.","P06-v0.1-no-price-no-margin-strict","2026-08-02","2026-08-02T15:17:35.0009807+09:00","Feasibility and Capital Gate Analyst","No current-price-dependent numeric result was computed because critical inputs are missing. This is intentional to avoid false pass."
"GTE-P06-20260802-0001","CAN-EXP-CRYPTO-GLOBAL-ETH-CRYPTO-FUTURE-CME-MET-IBSJ","EXP-CRYPTO-GLOBAL-ETH","CLU-EXP-CRYPTO-GLOBAL-ETH","VEH-CRYPTO-FUTURE-CME-MET","MET","CME","Interactive Brokers Securities Japan Inc.","crypto","crypto_major","PG-CRYPTO-FUTURES","Pending-evidence","pending_evidence","pending_evidence","conditional_platform_verified_symbol_pending","pending_evidence","pending_evidence","pending_evidence","pending_evidence","pending_evidence","pending_evidence","pending_evidence","pending_evidence","pending_evidence","pending_evidence","","","","","","","","","","","","","","","N/ATR_20_JPY_or_native;current_price_as_of_date;contract_multiplier;tick_size;minimum_quantity;initial_margin_jpy;maintenance_margin_jpy;commission_roundtrip_jpy;spread_estimate;historical_data_availability;realtime_data_entitlement_cost;symbol_level_japan_resident_eligibility","EVD-P04-0001;EVD-P04-0002;EVD-P04-0003;EVD-P04-0004;EVD-P04-0005;EVD-P04-0006;EVD-P04-0007;EVD-P04-0008;EVD-P04-0009;EVD-P04-0010;EVD-P04-0011;EVD-P04-0012;EVD-P04-0013EVD-P04-0016","Required margin, N/ATR, multiplier, minimum quantity, and symbol-level eligibility are unknown; rules prohibit pass.","P06-v0.1-no-price-no-margin-strict","2026-08-02","2026-08-02T15:17:35.0009807+09:00","Feasibility and Capital Gate Analyst","No current-price-dependent numeric result was computed because critical inputs are missing. This is intentional to avoid false pass."
"GTE-P06-20260802-0001","CAN-EXP-CRYPTO-GLOBAL-SOL-CRYPTO-FUTURE-CME-SOL-IBSJ","EXP-CRYPTO-GLOBAL-SOL","CLU-EXP-CRYPTO-GLOBAL-SOL","VEH-CRYPTO-FUTURE-CME-SOL","SOL","CME","Interactive Brokers Securities Japan Inc.","crypto","crypto_major","PG-CRYPTO-FUTURES","Pending-evidence","pending_evidence","pending_evidence","conditional_platform_verified_symbol_pending","pending_evidence","pending_evidence","pending_evidence","pending_evidence","pending_evidence","pending_evidence","pending_evidence","pending_evidence","pending_evidence","pending_evidence","","","","","","","","","","","","","","","N/ATR_20_JPY_or_native;current_price_as_of_date;contract_multiplier;tick_size;minimum_quantity;initial_margin_jpy;maintenance_margin_jpy;commission_roundtrip_jpy;spread_estimate;historical_data_availability;realtime_data_entitlement_cost;symbol_level_japan_resident_eligibility","EVD-P04-0001;EVD-P04-0002;EVD-P04-0003;EVD-P04-0004;EVD-P04-0005;EVD-P04-0006;EVD-P04-0007;EVD-P04-0008;EVD-P04-0009;EVD-P04-0010;EVD-P04-0011;EVD-P04-0012;EVD-P04-0013EVD-P04-0016","Required margin, N/ATR, multiplier, minimum quantity, and symbol-level eligibility are unknown; rules prohibit pass.","P06-v0.1-no-price-no-margin-strict","2026-08-02","2026-08-02T15:17:35.0009807+09:00","Feasibility and Capital Gate Analyst","No current-price-dependent numeric result was computed because critical inputs are missing. This is intentional to avoid false pass."
"GTE-P06-20260802-0001","CAN-EXP-CRYPTO-GLOBAL-XRP-CRYPTO-FUTURE-CME-XRP-IBSJ","EXP-CRYPTO-GLOBAL-XRP","CLU-EXP-CRYPTO-GLOBAL-XRP","VEH-CRYPTO-FUTURE-CME-XRP","XRP","CME","Interactive Brokers Securities Japan Inc.","crypto","crypto_major","PG-CRYPTO-FUTURES","Pending-evidence","pending_evidence","pending_evidence","conditional_platform_verified_symbol_pending","pending_evidence","pending_evidence","pending_evidence","pending_evidence","pending_evidence","pending_evidence","pending_evidence","pending_evidence","pending_evidence","pending_evidence","","","","","","","","","","","","","","","N/ATR_20_JPY_or_native;current_price_as_of_date;contract_multiplier;tick_size;minimum_quantity;initial_margin_jpy;maintenance_margin_jpy;commission_roundtrip_jpy;spread_estimate;historical_data_availability;realtime_data_entitlement_cost;symbol_level_japan_resident_eligibility","EVD-P04-0001;EVD-P04-0002;EVD-P04-0003;EVD-P04-0004;EVD-P04-0005;EVD-P04-0006;EVD-P04-0007;EVD-P04-0008;EVD-P04-0009;EVD-P04-0010;EVD-P04-0011;EVD-P04-0012;EVD-P04-0013EVD-P04-0016","Required margin, N/ATR, multiplier, minimum quantity, and symbol-level eligibility are unknown; rules prohibit pass.","P06-v0.1-no-price-no-margin-strict","2026-08-02","2026-08-02T15:17:35.0009807+09:00","Feasibility and Capital Gate Analyst","No current-price-dependent numeric result was computed because critical inputs are missing. This is intentional to avoid false pass."
"GTE-P06-20260802-0001","CAN-EXP-SOFT-GLOBAL-SUGAR11-FUTURE-STANDARD-ICEUS-SB-IBSJ","EXP-SOFT-GLOBAL-SUGAR11","CLU-EXP-SOFT-GLOBAL-SUGAR11","VEH-FUTURE-STANDARD-ICEUS-SB","SB","ICEUS","Interactive Brokers Securities Japan Inc.","softs","agri_soft","PG-SOFTS","Pending-evidence","pending_evidence","pending_evidence","conditional_platform_verified_symbol_pending","pending_evidence","pending_evidence","pending_evidence","pending_evidence","pending_evidence","pending_evidence","pending_evidence","pending_evidence","pending_evidence","pending_evidence","","","","","","","","","","","","","","","N/ATR_20_JPY_or_native;current_price_as_of_date;contract_multiplier;tick_size;minimum_quantity;initial_margin_jpy;maintenance_margin_jpy;commission_roundtrip_jpy;spread_estimate;historical_data_availability;realtime_data_entitlement_cost;symbol_level_japan_resident_eligibility","EVD-P04-0001;EVD-P04-0002;EVD-P04-0003;EVD-P04-0004;EVD-P04-0005;EVD-P04-0006;EVD-P04-0007;EVD-P04-0008;EVD-P04-0009;EVD-P04-0010;EVD-P04-0011;EVD-P04-0012;EVD-P04-0013;EVD-P04-0019","Required margin, N/ATR, multiplier, minimum quantity, and symbol-level eligibility are unknown; rules prohibit pass.","P06-v0.1-no-price-no-margin-strict","2026-08-02","2026-08-02T15:17:35.0009807+09:00","Feasibility and Capital Gate Analyst","No current-price-dependent numeric result was computed because critical inputs are missing. This is intentional to avoid false pass."
"GTE-P06-20260802-0001","CAN-EXP-SOFT-GLOBAL-COFFEE-FUTURE-STANDARD-ICEUS-KC-IBSJ","EXP-SOFT-GLOBAL-COFFEE","CLU-EXP-SOFT-GLOBAL-COFFEE","VEH-FUTURE-STANDARD-ICEUS-KC","KC","ICEUS","Interactive Brokers Securities Japan Inc.","softs","agri_soft","PG-SOFTS","Pending-evidence","pending_evidence","pending_evidence","conditional_platform_verified_symbol_pending","pending_evidence","pending_evidence","pending_evidence","pending_evidence","pending_evidence","pending_evidence","pending_evidence","pending_evidence","pending_evidence","pending_evidence","","","","","","","","","","","","","","","N/ATR_20_JPY_or_native;current_price_as_of_date;contract_multiplier;tick_size;minimum_quantity;initial_margin_jpy;maintenance_margin_jpy;commission_roundtrip_jpy;spread_estimate;historical_data_availability;realtime_data_entitlement_cost;symbol_level_japan_resident_eligibility","EVD-P04-0001;EVD-P04-0002;EVD-P04-0003;EVD-P04-0004;EVD-P04-0005;EVD-P04-0006;EVD-P04-0007;EVD-P04-0008;EVD-P04-0009;EVD-P04-0010;EVD-P04-0011;EVD-P04-0012;EVD-P04-0013;EVD-P04-0019","Required margin, N/ATR, multiplier, minimum quantity, and symbol-level eligibility are unknown; rules prohibit pass.","P06-v0.1-no-price-no-margin-strict","2026-08-02","2026-08-02T15:17:35.0009807+09:00","Feasibility and Capital Gate Analyst","No current-price-dependent numeric result was computed because critical inputs are missing. This is intentional to avoid false pass."
"GTE-P06-20260802-0001","CAN-EXP-SOFT-GLOBAL-COCOA-FUTURE-STANDARD-ICEUS-CC-IBSJ","EXP-SOFT-GLOBAL-COCOA","CLU-EXP-SOFT-GLOBAL-COCOA","VEH-FUTURE-STANDARD-ICEUS-CC","CC","ICEUS","Interactive Brokers Securities Japan Inc.","softs","agri_soft","PG-SOFTS","Pending-evidence","pending_evidence","pending_evidence","conditional_platform_verified_symbol_pending","pending_evidence","pending_evidence","pending_evidence","pending_evidence","pending_evidence","pending_evidence","pending_evidence","pending_evidence","pending_evidence","pending_evidence","","","","","","","","","","","","","","","N/ATR_20_JPY_or_native;current_price_as_of_date;contract_multiplier;tick_size;minimum_quantity;initial_margin_jpy;maintenance_margin_jpy;commission_roundtrip_jpy;spread_estimate;historical_data_availability;realtime_data_entitlement_cost;symbol_level_japan_resident_eligibility","EVD-P04-0001;EVD-P04-0002;EVD-P04-0003;EVD-P04-0004;EVD-P04-0005;EVD-P04-0006;EVD-P04-0007;EVD-P04-0008;EVD-P04-0009;EVD-P04-0010;EVD-P04-0011;EVD-P04-0012;EVD-P04-0013;EVD-P04-0019","Required margin, N/ATR, multiplier, minimum quantity, and symbol-level eligibility are unknown; rules prohibit pass.","P06-v0.1-no-price-no-margin-strict","2026-08-02","2026-08-02T15:17:35.0009807+09:00","Feasibility and Capital Gate Analyst","No current-price-dependent numeric result was computed because critical inputs are missing. This is intentional to avoid false pass."
"GTE-P06-20260802-0001","CAN-EXP-SOFT-GLOBAL-COTTON-FUTURE-STANDARD-ICEUS-CT-IBSJ","EXP-SOFT-GLOBAL-COTTON","CLU-EXP-SOFT-GLOBAL-COTTON","VEH-FUTURE-STANDARD-ICEUS-CT","CT","ICEUS","Interactive Brokers Securities Japan Inc.","softs","agri_soft","PG-SOFTS","Pending-evidence","pending_evidence","pending_evidence","conditional_platform_verified_symbol_pending","pending_evidence","pending_evidence","pending_evidence","pending_evidence","pending_evidence","pending_evidence","pending_evidence","pending_evidence","pending_evidence","pending_evidence","","","","","","","","","","","","","","","N/ATR_20_JPY_or_native;current_price_as_of_date;contract_multiplier;tick_size;minimum_quantity;initial_margin_jpy;maintenance_margin_jpy;commission_roundtrip_jpy;spread_estimate;historical_data_availability;realtime_data_entitlement_cost;symbol_level_japan_resident_eligibility","EVD-P04-0001;EVD-P04-0002;EVD-P04-0003;EVD-P04-0004;EVD-P04-0005;EVD-P04-0006;EVD-P04-0007;EVD-P04-0008;EVD-P04-0009;EVD-P04-0010;EVD-P04-0011;EVD-P04-0012;EVD-P04-0013;EVD-P04-0019","Required margin, N/ATR, multiplier, minimum quantity, and symbol-level eligibility are unknown; rules prohibit pass.","P06-v0.1-no-price-no-margin-strict","2026-08-02","2026-08-02T15:17:35.0009807+09:00","Feasibility and Capital Gate Analyst","No current-price-dependent numeric result was computed because critical inputs are missing. This is intentional to avoid false pass."
"GTE-P06-20260802-0001","CAN-EXP-SOFT-GLOBAL-OJ-FUTURE-STANDARD-ICEUS-OJ-IBSJ","EXP-SOFT-GLOBAL-OJ","CLU-EXP-SOFT-GLOBAL-OJ","VEH-FUTURE-STANDARD-ICEUS-OJ","OJ","ICEUS","Interactive Brokers Securities Japan Inc.","softs","agri_soft","PG-SOFTS","Pending-evidence","pending_evidence","pending_evidence","conditional_platform_verified_symbol_pending","pending_evidence","pending_evidence","pending_evidence","pending_evidence","pending_evidence","pending_evidence","pending_evidence","pending_evidence","pending_evidence","pending_evidence","","","","","","","","","","","","","","","N/ATR_20_JPY_or_native;current_price_as_of_date;contract_multiplier;tick_size;minimum_quantity;initial_margin_jpy;maintenance_margin_jpy;commission_roundtrip_jpy;spread_estimate;historical_data_availability;realtime_data_entitlement_cost;symbol_level_japan_resident_eligibility","EVD-P04-0001;EVD-P04-0002;EVD-P04-0003;EVD-P04-0004;EVD-P04-0005;EVD-P04-0006;EVD-P04-0007;EVD-P04-0008;EVD-P04-0009;EVD-P04-0010;EVD-P04-0011;EVD-P04-0012;EVD-P04-0013;EVD-P04-0019","Required margin, N/ATR, multiplier, minimum quantity, and symbol-level eligibility are unknown; rules prohibit pass.","P06-v0.1-no-price-no-margin-strict","2026-08-02","2026-08-02T15:17:35.0009807+09:00","Feasibility and Capital Gate Analyst","No current-price-dependent numeric result was computed because critical inputs are missing. This is intentional to avoid false pass."
"GTE-P06-20260802-0001","CAN-EXP-FX-US-DOLLARINDEX-FUTURE-STANDARD-ICEUS-DX-IBSJ","EXP-FX-US-DOLLARINDEX","CLU-EXP-FX-US-DOLLARINDEX","VEH-FUTURE-STANDARD-ICEUS-DX","DX","ICEUS","Interactive Brokers Securities Japan Inc.","fx","fx_g10","PG-FX-CURRENCY-FUTURES","Pending-evidence","pending_evidence","pending_evidence","conditional_platform_verified_symbol_pending","pending_evidence","pending_evidence","pending_evidence","pending_evidence","pending_evidence","pending_evidence","pending_evidence","pending_evidence","pending_evidence","pending_evidence","","","","","","","","","","","","","","","N/ATR_20_JPY_or_native;current_price_as_of_date;contract_multiplier;tick_size;minimum_quantity;initial_margin_jpy;maintenance_margin_jpy;commission_roundtrip_jpy;spread_estimate;historical_data_availability;realtime_data_entitlement_cost;symbol_level_japan_resident_eligibility","EVD-P04-0001;EVD-P04-0002;EVD-P04-0003;EVD-P04-0004;EVD-P04-0005;EVD-P04-0006;EVD-P04-0007;EVD-P04-0008;EVD-P04-0009;EVD-P04-0010;EVD-P04-0011;EVD-P04-0012;EVD-P04-0013;EVD-P04-0019","Required margin, N/ATR, multiplier, minimum quantity, and symbol-level eligibility are unknown; rules prohibit pass.","P06-v0.1-no-price-no-margin-strict","2026-08-02","2026-08-02T15:17:35.0009807+09:00","Feasibility and Capital Gate Analyst","No current-price-dependent numeric result was computed because critical inputs are missing. This is intentional to avoid false pass."
"GTE-P06-20260802-0001","CAN-EXP-EQ-US-NYSEFANG-FUTURE-STANDARD-ICEUS-FANG-IBSJ","EXP-EQ-US-NYSEFANG","CLU-EXP-EQ-US-NYSEFANG","VEH-FUTURE-STANDARD-ICEUS-FANG","FANG","ICEUS","Interactive Brokers Securities Japan Inc.","equity_index","global_equity_us_growth","PG-EQ-US","Pending-evidence","pending_evidence","pending_evidence","conditional_platform_verified_symbol_pending","pending_evidence","pending_evidence","pending_evidence","pending_evidence","pending_evidence","pending_evidence","pending_evidence","pending_evidence","pending_evidence","pending_evidence","","","","","","","","","","","","","","","N/ATR_20_JPY_or_native;current_price_as_of_date;contract_multiplier;tick_size;minimum_quantity;initial_margin_jpy;maintenance_margin_jpy;commission_roundtrip_jpy;spread_estimate;historical_data_availability;realtime_data_entitlement_cost;symbol_level_japan_resident_eligibility","EVD-P04-0001;EVD-P04-0002;EVD-P04-0003;EVD-P04-0004;EVD-P04-0005;EVD-P04-0006;EVD-P04-0007;EVD-P04-0008;EVD-P04-0009;EVD-P04-0010;EVD-P04-0011;EVD-P04-0012;EVD-P04-0013;EVD-P04-0019","Required margin, N/ATR, multiplier, minimum quantity, and symbol-level eligibility are unknown; rules prohibit pass.","P06-v0.1-no-price-no-margin-strict","2026-08-02","2026-08-02T15:17:35.0009807+09:00","Feasibility and Capital Gate Analyst","No current-price-dependent numeric result was computed because critical inputs are missing. This is intentional to avoid false pass."
"GTE-P06-20260802-0001","CAN-EXP-ENERGY-EU-BRENT-FUTURE-STANDARD-ICEEU-B-IBSJ","EXP-ENERGY-EU-BRENT","CLU-EXP-ENERGY-EU-BRENT","VEH-FUTURE-STANDARD-ICEEU-B","B","ICEEU","Interactive Brokers Securities Japan Inc.","energy","energy_crude","PG-ENERGY-FUTURES","Pending-evidence","pending_evidence","pending_evidence","conditional_platform_verified_symbol_pending","pending_evidence","pending_evidence","pending_evidence","pending_evidence","pending_evidence","pending_evidence","pending_evidence","pending_evidence","pending_evidence","pending_evidence","","","","","","","","","","","","","","","N/ATR_20_JPY_or_native;current_price_as_of_date;contract_multiplier;tick_size;minimum_quantity;initial_margin_jpy;maintenance_margin_jpy;commission_roundtrip_jpy;spread_estimate;historical_data_availability;realtime_data_entitlement_cost;symbol_level_japan_resident_eligibility","EVD-P04-0001;EVD-P04-0002;EVD-P04-0003;EVD-P04-0004;EVD-P04-0005;EVD-P04-0006;EVD-P04-0007;EVD-P04-0008;EVD-P04-0009;EVD-P04-0010;EVD-P04-0011;EVD-P04-0012;EVD-P04-0013;EVD-P04-0019","Required margin, N/ATR, multiplier, minimum quantity, and symbol-level eligibility are unknown; rules prohibit pass.","P06-v0.1-no-price-no-margin-strict","2026-08-02","2026-08-02T15:17:35.0009807+09:00","Feasibility and Capital Gate Analyst","No current-price-dependent numeric result was computed because critical inputs are missing. This is intentional to avoid false pass."
"GTE-P06-20260802-0001","CAN-EXP-ENERGY-EU-GASOIL-FUTURE-STANDARD-ICEEU-G-IBSJ","EXP-ENERGY-EU-GASOIL","CLU-EXP-ENERGY-EU-GASOIL","VEH-FUTURE-STANDARD-ICEEU-G","G","ICEEU","Interactive Brokers Securities Japan Inc.","energy","energy_refined","PG-ENERGY-FUTURES","Pending-evidence","pending_evidence","pending_evidence","conditional_platform_verified_symbol_pending","pending_evidence","pending_evidence","pending_evidence","pending_evidence","pending_evidence","pending_evidence","pending_evidence","pending_evidence","pending_evidence","pending_evidence","","","","","","","","","","","","","","","N/ATR_20_JPY_or_native;current_price_as_of_date;contract_multiplier;tick_size;minimum_quantity;initial_margin_jpy;maintenance_margin_jpy;commission_roundtrip_jpy;spread_estimate;historical_data_availability;realtime_data_entitlement_cost;symbol_level_japan_resident_eligibility","EVD-P04-0001;EVD-P04-0002;EVD-P04-0003;EVD-P04-0004;EVD-P04-0005;EVD-P04-0006;EVD-P04-0007;EVD-P04-0008;EVD-P04-0009;EVD-P04-0010;EVD-P04-0011;EVD-P04-0012;EVD-P04-0013;EVD-P04-0019","Required margin, N/ATR, multiplier, minimum quantity, and symbol-level eligibility are unknown; rules prohibit pass.","P06-v0.1-no-price-no-margin-strict","2026-08-02","2026-08-02T15:17:35.0009807+09:00","Feasibility and Capital Gate Analyst","No current-price-dependent numeric result was computed because critical inputs are missing. This is intentional to avoid false pass."
"GTE-P06-20260802-0001","CAN-EXP-ENERGY-US-HENRYHUB-ICE-FUTURE-STANDARD-ICEUS-H-IBSJ","EXP-ENERGY-US-HENRYHUB-ICE","CLU-EXP-ENERGY-US-HENRYHUB-ICE","VEH-FUTURE-STANDARD-ICEUS-H","H","ICEUS","Interactive Brokers Securities Japan Inc.","energy","energy_gas","PG-ENERGY-FUTURES","Pending-evidence","pending_evidence","pending_evidence","conditional_platform_verified_symbol_pending","pending_evidence","pending_evidence","pending_evidence","pending_evidence","pending_evidence","pending_evidence","pending_evidence","pending_evidence","pending_evidence","pending_evidence","","","","","","","","","","","","","","","N/ATR_20_JPY_or_native;current_price_as_of_date;contract_multiplier;tick_size;minimum_quantity;initial_margin_jpy;maintenance_margin_jpy;commission_roundtrip_jpy;spread_estimate;historical_data_availability;realtime_data_entitlement_cost;symbol_level_japan_resident_eligibility","EVD-P04-0001;EVD-P04-0002;EVD-P04-0003;EVD-P04-0004;EVD-P04-0005;EVD-P04-0006;EVD-P04-0007;EVD-P04-0008;EVD-P04-0009;EVD-P04-0010;EVD-P04-0011;EVD-P04-0012;EVD-P04-0013;EVD-P04-0019","Required margin, N/ATR, multiplier, minimum quantity, and symbol-level eligibility are unknown; rules prohibit pass.","P06-v0.1-no-price-no-margin-strict","2026-08-02","2026-08-02T15:17:35.0009807+09:00","Feasibility and Capital Gate Analyst","No current-price-dependent numeric result was computed because critical inputs are missing. This is intentional to avoid false pass."
"GTE-P06-20260802-0001","CAN-EXP-ENV-EU-EUA-FUTURE-STANDARD-ICEEU-EUA-IBSJ","EXP-ENV-EU-EUA","CLU-EXP-ENV-EU-EUA","VEH-FUTURE-STANDARD-ICEEU-EUA","EUA","ICEEU","Interactive Brokers Securities Japan Inc.","environmental_power","environmental_carbon","PG-ENVIRONMENTAL-POWER","Pending-evidence","pending_evidence","pending_evidence","conditional_platform_verified_symbol_pending","pending_evidence","pending_evidence","pending_evidence","pending_evidence","pending_evidence","pending_evidence","pending_evidence","pending_evidence","pending_evidence","pending_evidence","","","","","","","","","","","","","","","N/ATR_20_JPY_or_native;current_price_as_of_date;contract_multiplier;tick_size;minimum_quantity;initial_margin_jpy;maintenance_margin_jpy;commission_roundtrip_jpy;spread_estimate;historical_data_availability;realtime_data_entitlement_cost;symbol_level_japan_resident_eligibility","EVD-P04-0001;EVD-P04-0002;EVD-P04-0003;EVD-P04-0004;EVD-P04-0005;EVD-P04-0006;EVD-P04-0007;EVD-P04-0008;EVD-P04-0009;EVD-P04-0010;EVD-P04-0011;EVD-P04-0012;EVD-P04-0013;EVD-P04-0019","Required margin, N/ATR, multiplier, minimum quantity, and symbol-level eligibility are unknown; rules prohibit pass.","P06-v0.1-no-price-no-margin-strict","2026-08-02","2026-08-02T15:17:35.0009807+09:00","Feasibility and Capital Gate Analyst","No current-price-dependent numeric result was computed because critical inputs are missing. This is intentional to avoid false pass."
"GTE-P06-20260802-0001","CAN-EXP-ENV-UK-UKA-FUTURE-STANDARD-ICEEU-UKA-IBSJ","EXP-ENV-UK-UKA","CLU-EXP-ENV-UK-UKA","VEH-FUTURE-STANDARD-ICEEU-UKA","UKA","ICEEU","Interactive Brokers Securities Japan Inc.","environmental_power","environmental_carbon","PG-ENVIRONMENTAL-POWER","Pending-evidence","pending_evidence","pending_evidence","conditional_platform_verified_symbol_pending","pending_evidence","pending_evidence","pending_evidence","pending_evidence","pending_evidence","pending_evidence","pending_evidence","pending_evidence","pending_evidence","pending_evidence","","","","","","","","","","","","","","","N/ATR_20_JPY_or_native;current_price_as_of_date;contract_multiplier;tick_size;minimum_quantity;initial_margin_jpy;maintenance_margin_jpy;commission_roundtrip_jpy;spread_estimate;historical_data_availability;realtime_data_entitlement_cost;symbol_level_japan_resident_eligibility","EVD-P04-0001;EVD-P04-0002;EVD-P04-0003;EVD-P04-0004;EVD-P04-0005;EVD-P04-0006;EVD-P04-0007;EVD-P04-0008;EVD-P04-0009;EVD-P04-0010;EVD-P04-0011;EVD-P04-0012;EVD-P04-0013;EVD-P04-0019","Required margin, N/ATR, multiplier, minimum quantity, and symbol-level eligibility are unknown; rules prohibit pass.","P06-v0.1-no-price-no-margin-strict","2026-08-02","2026-08-02T15:17:35.0009807+09:00","Feasibility and Capital Gate Analyst","No current-price-dependent numeric result was computed because critical inputs are missing. This is intentional to avoid false pass."
"GTE-P06-20260802-0001","CAN-EXP-POWER-US-ERCOT-FUTURE-STANDARD-ICEUS-ERCOT-IBSJ","EXP-POWER-US-ERCOT","CLU-EXP-POWER-US-ERCOT","VEH-FUTURE-STANDARD-ICEUS-ERCOT","ERCOT","ICEUS","Interactive Brokers Securities Japan Inc.","environmental_power","environmental_power","PG-ENVIRONMENTAL-POWER","Pending-evidence","pending_evidence","pending_evidence","conditional_platform_verified_symbol_pending","pending_evidence","pending_evidence","pending_evidence","pending_evidence","pending_evidence","pending_evidence","pending_evidence","pending_evidence","pending_evidence","pending_evidence","","","","","","","","","","","","","","","N/ATR_20_JPY_or_native;current_price_as_of_date;contract_multiplier;tick_size;minimum_quantity;initial_margin_jpy;maintenance_margin_jpy;commission_roundtrip_jpy;spread_estimate;historical_data_availability;realtime_data_entitlement_cost;symbol_level_japan_resident_eligibility","EVD-P04-0001;EVD-P04-0002;EVD-P04-0003;EVD-P04-0004;EVD-P04-0005;EVD-P04-0006;EVD-P04-0007;EVD-P04-0008;EVD-P04-0009;EVD-P04-0010;EVD-P04-0011;EVD-P04-0012;EVD-P04-0013;EVD-P04-0019","Required margin, N/ATR, multiplier, minimum quantity, and symbol-level eligibility are unknown; rules prohibit pass.","P06-v0.1-no-price-no-margin-strict","2026-08-02","2026-08-02T15:17:35.0009807+09:00","Feasibility and Capital Gate Analyst","No current-price-dependent numeric result was computed because critical inputs are missing. This is intentional to avoid false pass."
"GTE-P06-20260802-0001","CAN-EXP-POWER-US-PJM-FUTURE-STANDARD-ICEUS-PJM-IBSJ","EXP-POWER-US-PJM","CLU-EXP-POWER-US-PJM","VEH-FUTURE-STANDARD-ICEUS-PJM","PJM","ICEUS","Interactive Brokers Securities Japan Inc.","environmental_power","environmental_power","PG-ENVIRONMENTAL-POWER","Pending-evidence","pending_evidence","pending_evidence","conditional_platform_verified_symbol_pending","pending_evidence","pending_evidence","pending_evidence","pending_evidence","pending_evidence","pending_evidence","pending_evidence","pending_evidence","pending_evidence","pending_evidence","","","","","","","","","","","","","","","N/ATR_20_JPY_or_native;current_price_as_of_date;contract_multiplier;tick_size;minimum_quantity;initial_margin_jpy;maintenance_margin_jpy;commission_roundtrip_jpy;spread_estimate;historical_data_availability;realtime_data_entitlement_cost;symbol_level_japan_resident_eligibility","EVD-P04-0001;EVD-P04-0002;EVD-P04-0003;EVD-P04-0004;EVD-P04-0005;EVD-P04-0006;EVD-P04-0007;EVD-P04-0008;EVD-P04-0009;EVD-P04-0010;EVD-P04-0011;EVD-P04-0012;EVD-P04-0013;EVD-P04-0019","Required margin, N/ATR, multiplier, minimum quantity, and symbol-level eligibility are unknown; rules prohibit pass.","P06-v0.1-no-price-no-margin-strict","2026-08-02","2026-08-02T15:17:35.0009807+09:00","Feasibility and Capital Gate Analyst","No current-price-dependent numeric result was computed because critical inputs are missing. This is intentional to avoid false pass."
"GTE-P06-20260802-0001","CAN-EXP-EQ-JP-NIKKEI225-FUTURE-STANDARD-OSE-NK225L-IBSJ","EXP-EQ-JP-NIKKEI225","CLU-EXP-EQ-JP-NIKKEI225","VEH-FUTURE-STANDARD-OSE-NK225L","NK225L","OSE","Interactive Brokers Securities Japan Inc.","equity_index","global_equity_japan","PG-EQ-JAPAN","Pending-evidence","pending_evidence","pending_evidence","conditional_platform_verified_symbol_pending","pending_evidence","pending_evidence","pending_evidence","pending_evidence","pending_evidence","pending_evidence","pending_evidence","pending_evidence","pending_evidence","pending_evidence","","","","","","","","","","","","","","","N/ATR_20_JPY_or_native;current_price_as_of_date;contract_multiplier;tick_size;minimum_quantity;initial_margin_jpy;maintenance_margin_jpy;commission_roundtrip_jpy;spread_estimate;historical_data_availability;realtime_data_entitlement_cost;symbol_level_japan_resident_eligibility","EVD-P04-0001;EVD-P04-0002;EVD-P04-0003;EVD-P04-0004;EVD-P04-0005;EVD-P04-0006;EVD-P04-0007;EVD-P04-0008;EVD-P04-0009;EVD-P04-0010;EVD-P04-0011;EVD-P04-0012;EVD-P04-0014;EVD-P04-0017;EVD-P04-0022","Required margin, N/ATR, multiplier, minimum quantity, and symbol-level eligibility are unknown; rules prohibit pass.","P06-v0.1-no-price-no-margin-strict","2026-08-02","2026-08-02T15:17:35.0009807+09:00","Feasibility and Capital Gate Analyst","No current-price-dependent numeric result was computed because critical inputs are missing. This is intentional to avoid false pass."
"GTE-P06-20260802-0001","CAN-EXP-EQ-JP-NIKKEI225-FUTURE-MINI-OSE-NK225M-IBSJ","EXP-EQ-JP-NIKKEI225","CLU-EXP-EQ-JP-NIKKEI225","VEH-FUTURE-MINI-OSE-NK225M","NK225M","OSE","Interactive Brokers Securities Japan Inc.","equity_index","global_equity_japan","PG-EQ-JAPAN","Pending-evidence","pending_evidence","pending_evidence","conditional_platform_verified_symbol_pending","pending_evidence","pending_evidence","pending_evidence","pending_evidence","pending_evidence","pending_evidence","pending_evidence","pending_evidence","pending_evidence","pending_evidence","","","","","","","","","","","","","","","N/ATR_20_JPY_or_native;current_price_as_of_date;contract_multiplier;tick_size;minimum_quantity;initial_margin_jpy;maintenance_margin_jpy;commission_roundtrip_jpy;spread_estimate;historical_data_availability;realtime_data_entitlement_cost;symbol_level_japan_resident_eligibility","EVD-P04-0001;EVD-P04-0002;EVD-P04-0003;EVD-P04-0004;EVD-P04-0005;EVD-P04-0006;EVD-P04-0007;EVD-P04-0008;EVD-P04-0009;EVD-P04-0010;EVD-P04-0011;EVD-P04-0012;EVD-P04-0014;EVD-P04-0017;EVD-P04-0022","Required margin, N/ATR, multiplier, minimum quantity, and symbol-level eligibility are unknown; rules prohibit pass.","P06-v0.1-no-price-no-margin-strict","2026-08-02","2026-08-02T15:17:35.0009807+09:00","Feasibility and Capital Gate Analyst","No current-price-dependent numeric result was computed because critical inputs are missing. This is intentional to avoid false pass."
"GTE-P06-20260802-0001","CAN-EXP-EQ-JP-NIKKEI225-FUTURE-MICRO-OSE-NK225MC-IBSJ","EXP-EQ-JP-NIKKEI225","CLU-EXP-EQ-JP-NIKKEI225","VEH-FUTURE-MICRO-OSE-NK225MC","NK225MC","OSE","Interactive Brokers Securities Japan Inc.","equity_index","global_equity_japan","PG-EQ-JAPAN","Pending-evidence","pending_evidence","pending_evidence","conditional_platform_verified_symbol_pending","pending_evidence","pending_evidence","pending_evidence","pending_evidence","pending_evidence","pending_evidence","pending_evidence","pending_evidence","pending_evidence","pending_evidence","","","","","","","","","","","","","","","N/ATR_20_JPY_or_native;current_price_as_of_date;contract_multiplier;tick_size;minimum_quantity;initial_margin_jpy;maintenance_margin_jpy;commission_roundtrip_jpy;spread_estimate;historical_data_availability;realtime_data_entitlement_cost;symbol_level_japan_resident_eligibility","EVD-P04-0001;EVD-P04-0002;EVD-P04-0003;EVD-P04-0004;EVD-P04-0005;EVD-P04-0006;EVD-P04-0007;EVD-P04-0008;EVD-P04-0009;EVD-P04-0010;EVD-P04-0011;EVD-P04-0012;EVD-P04-0014;EVD-P04-0017;EVD-P04-0022","Required margin, N/ATR, multiplier, minimum quantity, and symbol-level eligibility are unknown; rules prohibit pass.","P06-v0.1-no-price-no-margin-strict","2026-08-02","2026-08-02T15:17:35.0009807+09:00","Feasibility and Capital Gate Analyst","No current-price-dependent numeric result was computed because critical inputs are missing. This is intentional to avoid false pass."
"GTE-P06-20260802-0001","CAN-EXP-EQ-JP-TOPIX-FUTURE-STANDARD-OSE-TOPIX-IBSJ","EXP-EQ-JP-TOPIX","CLU-EXP-EQ-JP-TOPIX","VEH-FUTURE-STANDARD-OSE-TOPIX","TOPIX","OSE","Interactive Brokers Securities Japan Inc.","equity_index","global_equity_japan","PG-EQ-JAPAN","Pending-evidence","pending_evidence","pending_evidence","conditional_platform_verified_symbol_pending","pending_evidence","pending_evidence","pending_evidence","pending_evidence","pending_evidence","pending_evidence","pending_evidence","pending_evidence","pending_evidence","pending_evidence","","","","","","","","","","","","","","","N/ATR_20_JPY_or_native;current_price_as_of_date;contract_multiplier;tick_size;minimum_quantity;initial_margin_jpy;maintenance_margin_jpy;commission_roundtrip_jpy;spread_estimate;historical_data_availability;realtime_data_entitlement_cost;symbol_level_japan_resident_eligibility","EVD-P04-0001;EVD-P04-0002;EVD-P04-0003;EVD-P04-0004;EVD-P04-0005;EVD-P04-0006;EVD-P04-0007;EVD-P04-0008;EVD-P04-0009;EVD-P04-0010;EVD-P04-0011;EVD-P04-0012;EVD-P04-0014;EVD-P04-0017;EVD-P04-0022","Required margin, N/ATR, multiplier, minimum quantity, and symbol-level eligibility are unknown; rules prohibit pass.","P06-v0.1-no-price-no-margin-strict","2026-08-02","2026-08-02T15:17:35.0009807+09:00","Feasibility and Capital Gate Analyst","No current-price-dependent numeric result was computed because critical inputs are missing. This is intentional to avoid false pass."
"GTE-P06-20260802-0001","CAN-EXP-EQ-JP-TOPIX-FUTURE-MINI-OSE-MTOPIX-IBSJ","EXP-EQ-JP-TOPIX","CLU-EXP-EQ-JP-TOPIX","VEH-FUTURE-MINI-OSE-MTOPIX","MTOPIX","OSE","Interactive Brokers Securities Japan Inc.","equity_index","global_equity_japan","PG-EQ-JAPAN","Pending-evidence","pending_evidence","pending_evidence","conditional_platform_verified_symbol_pending","pending_evidence","pending_evidence","pending_evidence","pending_evidence","pending_evidence","pending_evidence","pending_evidence","pending_evidence","pending_evidence","pending_evidence","","","","","","","","","","","","","","","N/ATR_20_JPY_or_native;current_price_as_of_date;contract_multiplier;tick_size;minimum_quantity;initial_margin_jpy;maintenance_margin_jpy;commission_roundtrip_jpy;spread_estimate;historical_data_availability;realtime_data_entitlement_cost;symbol_level_japan_resident_eligibility","EVD-P04-0001;EVD-P04-0002;EVD-P04-0003;EVD-P04-0004;EVD-P04-0005;EVD-P04-0006;EVD-P04-0007;EVD-P04-0008;EVD-P04-0009;EVD-P04-0010;EVD-P04-0011;EVD-P04-0012;EVD-P04-0014;EVD-P04-0017;EVD-P04-0022","Required margin, N/ATR, multiplier, minimum quantity, and symbol-level eligibility are unknown; rules prohibit pass.","P06-v0.1-no-price-no-margin-strict","2026-08-02","2026-08-02T15:17:35.0009807+09:00","Feasibility and Capital Gate Analyst","No current-price-dependent numeric result was computed because critical inputs are missing. This is intentional to avoid false pass."
"GTE-P06-20260802-0001","CAN-EXP-EQ-JP-JPX400-FUTURE-STANDARD-OSE-JPX400-IBSJ","EXP-EQ-JP-JPX400","CLU-EXP-EQ-JP-JPX400","VEH-FUTURE-STANDARD-OSE-JPX400","JPX400","OSE","Interactive Brokers Securities Japan Inc.","equity_index","global_equity_japan","PG-EQ-JAPAN","Pending-evidence","pending_evidence","pending_evidence","conditional_platform_verified_symbol_pending","pending_evidence","pending_evidence","pending_evidence","pending_evidence","pending_evidence","pending_evidence","pending_evidence","pending_evidence","pending_evidence","pending_evidence","","","","","","","","","","","","","","","N/ATR_20_JPY_or_native;current_price_as_of_date;contract_multiplier;tick_size;minimum_quantity;initial_margin_jpy;maintenance_margin_jpy;commission_roundtrip_jpy;spread_estimate;historical_data_availability;realtime_data_entitlement_cost;symbol_level_japan_resident_eligibility","EVD-P04-0001;EVD-P04-0002;EVD-P04-0003;EVD-P04-0004;EVD-P04-0005;EVD-P04-0006;EVD-P04-0007;EVD-P04-0008;EVD-P04-0009;EVD-P04-0010;EVD-P04-0011;EVD-P04-0012;EVD-P04-0014;EVD-P04-0017;EVD-P04-0022","Required margin, N/ATR, multiplier, minimum quantity, and symbol-level eligibility are unknown; rules prohibit pass.","P06-v0.1-no-price-no-margin-strict","2026-08-02","2026-08-02T15:17:35.0009807+09:00","Feasibility and Capital Gate Analyst","No current-price-dependent numeric result was computed because critical inputs are missing. This is intentional to avoid false pass."
"GTE-P06-20260802-0001","CAN-EXP-EQ-JP-PRIME150-FUTURE-STANDARD-OSE-PRIME150-IBSJ","EXP-EQ-JP-PRIME150","CLU-EXP-EQ-JP-PRIME150","VEH-FUTURE-STANDARD-OSE-PRIME150","PRIME150","OSE","Interactive Brokers Securities Japan Inc.","equity_index","global_equity_japan","PG-EQ-JAPAN","Pending-evidence","pending_evidence","pending_evidence","conditional_platform_verified_symbol_pending","pending_evidence","pending_evidence","pending_evidence","pending_evidence","pending_evidence","pending_evidence","pending_evidence","pending_evidence","pending_evidence","pending_evidence","","","","","","","","","","","","","","","N/ATR_20_JPY_or_native;current_price_as_of_date;contract_multiplier;tick_size;minimum_quantity;initial_margin_jpy;maintenance_margin_jpy;commission_roundtrip_jpy;spread_estimate;historical_data_availability;realtime_data_entitlement_cost;symbol_level_japan_resident_eligibility","EVD-P04-0001;EVD-P04-0002;EVD-P04-0003;EVD-P04-0004;EVD-P04-0005;EVD-P04-0006;EVD-P04-0007;EVD-P04-0008;EVD-P04-0009;EVD-P04-0010;EVD-P04-0011;EVD-P04-0012;EVD-P04-0014;EVD-P04-0017;EVD-P04-0022","Required margin, N/ATR, multiplier, minimum quantity, and symbol-level eligibility are unknown; rules prohibit pass.","P06-v0.1-no-price-no-margin-strict","2026-08-02","2026-08-02T15:17:35.0009807+09:00","Feasibility and Capital Gate Analyst","No current-price-dependent numeric result was computed because critical inputs are missing. This is intentional to avoid false pass."
"GTE-P06-20260802-0001","CAN-EXP-EQ-JP-GROWTH250-FUTURE-STANDARD-OSE-GROWTH250-IBSJ","EXP-EQ-JP-GROWTH250","CLU-EXP-EQ-JP-GROWTH250","VEH-FUTURE-STANDARD-OSE-GROWTH250","GROWTH250","OSE","Interactive Brokers Securities Japan Inc.","equity_index","global_equity_japan_small","PG-EQ-JAPAN","Pending-evidence","pending_evidence","pending_evidence","conditional_platform_verified_symbol_pending","pending_evidence","pending_evidence","pending_evidence","pending_evidence","pending_evidence","pending_evidence","pending_evidence","pending_evidence","pending_evidence","pending_evidence","","","","","","","","","","","","","","","N/ATR_20_JPY_or_native;current_price_as_of_date;contract_multiplier;tick_size;minimum_quantity;initial_margin_jpy;maintenance_margin_jpy;commission_roundtrip_jpy;spread_estimate;historical_data_availability;realtime_data_entitlement_cost;symbol_level_japan_resident_eligibility","EVD-P04-0001;EVD-P04-0002;EVD-P04-0003;EVD-P04-0004;EVD-P04-0005;EVD-P04-0006;EVD-P04-0007;EVD-P04-0008;EVD-P04-0009;EVD-P04-0010;EVD-P04-0011;EVD-P04-0012;EVD-P04-0014;EVD-P04-0017;EVD-P04-0022","Required margin, N/ATR, multiplier, minimum quantity, and symbol-level eligibility are unknown; rules prohibit pass.","P06-v0.1-no-price-no-margin-strict","2026-08-02","2026-08-02T15:17:35.0009807+09:00","Feasibility and Capital Gate Analyst","No current-price-dependent numeric result was computed because critical inputs are missing. This is intentional to avoid false pass."
"GTE-P06-20260802-0001","CAN-EXP-EQ-JP-TOPIXBANKS-FUTURE-STANDARD-OSE-TOPIXBANKS-IBSJ","EXP-EQ-JP-TOPIXBANKS","CLU-EXP-EQ-JP-TOPIXBANKS","VEH-FUTURE-STANDARD-OSE-TOPIXBANKS","TOPIXBANKS","OSE","Interactive Brokers Securities Japan Inc.","equity_index","global_equity_japan_sector","PG-EQ-JAPAN","Pending-evidence","pending_evidence","pending_evidence","conditional_platform_verified_symbol_pending","pending_evidence","pending_evidence","pending_evidence","pending_evidence","pending_evidence","pending_evidence","pending_evidence","pending_evidence","pending_evidence","pending_evidence","","","","","","","","","","","","","","","N/ATR_20_JPY_or_native;current_price_as_of_date;contract_multiplier;tick_size;minimum_quantity;initial_margin_jpy;maintenance_margin_jpy;commission_roundtrip_jpy;spread_estimate;historical_data_availability;realtime_data_entitlement_cost;symbol_level_japan_resident_eligibility","EVD-P04-0001;EVD-P04-0002;EVD-P04-0003;EVD-P04-0004;EVD-P04-0005;EVD-P04-0006;EVD-P04-0007;EVD-P04-0008;EVD-P04-0009;EVD-P04-0010;EVD-P04-0011;EVD-P04-0012;EVD-P04-0014;EVD-P04-0017;EVD-P04-0022","Required margin, N/ATR, multiplier, minimum quantity, and symbol-level eligibility are unknown; rules prohibit pass.","P06-v0.1-no-price-no-margin-strict","2026-08-02","2026-08-02T15:17:35.0009807+09:00","Feasibility and Capital Gate Analyst","No current-price-dependent numeric result was computed because critical inputs are missing. This is intentional to avoid false pass."
"GTE-P06-20260802-0001","CAN-EXP-EQ-US-DJIA-JPX-FUTURE-STANDARD-OSE-DJIA-IBSJ","EXP-EQ-US-DJIA-JPX","CLU-EXP-EQ-US-DJIA-JPX","VEH-FUTURE-STANDARD-OSE-DJIA","DJIA","OSE","Interactive Brokers Securities Japan Inc.","equity_index","global_equity_us_large","PG-EQ-US","Pending-evidence","pending_evidence","pending_evidence","conditional_platform_verified_symbol_pending","pending_evidence","pending_evidence","pending_evidence","pending_evidence","pending_evidence","pending_evidence","pending_evidence","pending_evidence","pending_evidence","pending_evidence","","","","","","","","","","","","","","","N/ATR_20_JPY_or_native;current_price_as_of_date;contract_multiplier;tick_size;minimum_quantity;initial_margin_jpy;maintenance_margin_jpy;commission_roundtrip_jpy;spread_estimate;historical_data_availability;realtime_data_entitlement_cost;symbol_level_japan_resident_eligibility","EVD-P04-0001;EVD-P04-0002;EVD-P04-0003;EVD-P04-0004;EVD-P04-0005;EVD-P04-0006;EVD-P04-0007;EVD-P04-0008;EVD-P04-0009;EVD-P04-0010;EVD-P04-0011;EVD-P04-0012;EVD-P04-0014;EVD-P04-0017;EVD-P04-0022","Required margin, N/ATR, multiplier, minimum quantity, and symbol-level eligibility are unknown; rules prohibit pass.","P06-v0.1-no-price-no-margin-strict","2026-08-02","2026-08-02T15:17:35.0009807+09:00","Feasibility and Capital Gate Analyst","No current-price-dependent numeric result was computed because critical inputs are missing. This is intentional to avoid false pass."
"GTE-P06-20260802-0001","CAN-EXP-EQ-TW-TAIEX-FUTURE-STANDARD-OSE-TAIEX-IBSJ","EXP-EQ-TW-TAIEX","CLU-EXP-EQ-TW-TAIEX","VEH-FUTURE-STANDARD-OSE-TAIEX","TAIEX","OSE","Interactive Brokers Securities Japan Inc.","equity_index","global_equity_asia","PG-EQ-GLOBAL-REGIONAL","Pending-evidence","pending_evidence","pending_evidence","conditional_platform_verified_symbol_pending","pending_evidence","pending_evidence","pending_evidence","pending_evidence","pending_evidence","pending_evidence","pending_evidence","pending_evidence","pending_evidence","pending_evidence","","","","","","","","","","","","","","","N/ATR_20_JPY_or_native;current_price_as_of_date;contract_multiplier;tick_size;minimum_quantity;initial_margin_jpy;maintenance_margin_jpy;commission_roundtrip_jpy;spread_estimate;historical_data_availability;realtime_data_entitlement_cost;symbol_level_japan_resident_eligibility","EVD-P04-0001;EVD-P04-0002;EVD-P04-0003;EVD-P04-0004;EVD-P04-0005;EVD-P04-0006;EVD-P04-0007;EVD-P04-0008;EVD-P04-0009;EVD-P04-0010;EVD-P04-0011;EVD-P04-0012;EVD-P04-0014;EVD-P04-0017;EVD-P04-0022","Required margin, N/ATR, multiplier, minimum quantity, and symbol-level eligibility are unknown; rules prohibit pass.","P06-v0.1-no-price-no-margin-strict","2026-08-02","2026-08-02T15:17:35.0009807+09:00","Feasibility and Capital Gate Analyst","No current-price-dependent numeric result was computed because critical inputs are missing. This is intentional to avoid false pass."
"GTE-P06-20260802-0001","CAN-EXP-EQ-CN-FTSECHINA50-FUTURE-STANDARD-OSE-FTSECHINA50-IBSJ","EXP-EQ-CN-FTSECHINA50","CLU-EXP-EQ-CN-FTSECHINA50","VEH-FUTURE-STANDARD-OSE-FTSECHINA50","FTSECHINA50","OSE","Interactive Brokers Securities Japan Inc.","equity_index","global_equity_china","PG-EQ-CHINA","Pending-evidence","pending_evidence","pending_evidence","conditional_platform_verified_symbol_pending","pending_evidence","pending_evidence","pending_evidence","pending_evidence","pending_evidence","pending_evidence","pending_evidence","pending_evidence","pending_evidence","pending_evidence","","","","","","","","","","","","","","","N/ATR_20_JPY_or_native;current_price_as_of_date;contract_multiplier;tick_size;minimum_quantity;initial_margin_jpy;maintenance_margin_jpy;commission_roundtrip_jpy;spread_estimate;historical_data_availability;realtime_data_entitlement_cost;symbol_level_japan_resident_eligibility","EVD-P04-0001;EVD-P04-0002;EVD-P04-0003;EVD-P04-0004;EVD-P04-0005;EVD-P04-0006;EVD-P04-0007;EVD-P04-0008;EVD-P04-0009;EVD-P04-0010;EVD-P04-0011;EVD-P04-0012;EVD-P04-0014;EVD-P04-0017;EVD-P04-0022","Required margin, N/ATR, multiplier, minimum quantity, and symbol-level eligibility are unknown; rules prohibit pass.","P06-v0.1-no-price-no-margin-strict","2026-08-02","2026-08-02T15:17:35.0009807+09:00","Feasibility and Capital Gate Analyst","No current-price-dependent numeric result was computed because critical inputs are missing. This is intentional to avoid false pass."
"GTE-P06-20260802-0001","CAN-EXP-VOL-JP-NIKKEIVI-FUTURE-STANDARD-OSE-NKVI-IBSJ","EXP-VOL-JP-NIKKEIVI","CLU-EXP-VOL-JP-NIKKEIVI","VEH-FUTURE-STANDARD-OSE-NKVI","NKVI","OSE","Interactive Brokers Securities Japan Inc.","volatility","vol_equity","PG-VOLATILITY","Pending-evidence","pending_evidence","pending_evidence","conditional_platform_verified_symbol_pending","pending_evidence","pending_evidence","pending_evidence","pending_evidence","pending_evidence","pending_evidence","pending_evidence","pending_evidence","pending_evidence","pending_evidence","","","","","","","","","","","","","","","N/ATR_20_JPY_or_native;current_price_as_of_date;contract_multiplier;tick_size;minimum_quantity;initial_margin_jpy;maintenance_margin_jpy;commission_roundtrip_jpy;spread_estimate;historical_data_availability;realtime_data_entitlement_cost;symbol_level_japan_resident_eligibility","EVD-P04-0001;EVD-P04-0002;EVD-P04-0003;EVD-P04-0004;EVD-P04-0005;EVD-P04-0006;EVD-P04-0007;EVD-P04-0008;EVD-P04-0009;EVD-P04-0010;EVD-P04-0011;EVD-P04-0012;EVD-P04-0014;EVD-P04-0017;EVD-P04-0022","Required margin, N/ATR, multiplier, minimum quantity, and symbol-level eligibility are unknown; rules prohibit pass.","P06-v0.1-no-price-no-margin-strict","2026-08-02","2026-08-02T15:17:35.0009807+09:00","Feasibility and Capital Gate Analyst","No current-price-dependent numeric result was computed because critical inputs are missing. This is intentional to avoid false pass."
"GTE-P06-20260802-0001","CAN-EXP-REIT-JP-TSEREIT-FUTURE-STANDARD-OSE-TSEREIT-IBSJ","EXP-REIT-JP-TSEREIT","CLU-EXP-REIT-JP-TSEREIT","VEH-FUTURE-STANDARD-OSE-TSEREIT","TSEREIT","OSE","Interactive Brokers Securities Japan Inc.","real_estate","real_estate_reit","PG-REAL-ESTATE","Pending-evidence","pending_evidence","pending_evidence","conditional_platform_verified_symbol_pending","pending_evidence","pending_evidence","pending_evidence","pending_evidence","pending_evidence","pending_evidence","pending_evidence","pending_evidence","pending_evidence","pending_evidence","","","","","","","","","","","","","","","N/ATR_20_JPY_or_native;current_price_as_of_date;contract_multiplier;tick_size;minimum_quantity;initial_margin_jpy;maintenance_margin_jpy;commission_roundtrip_jpy;spread_estimate;historical_data_availability;realtime_data_entitlement_cost;symbol_level_japan_resident_eligibility","EVD-P04-0001;EVD-P04-0002;EVD-P04-0003;EVD-P04-0004;EVD-P04-0005;EVD-P04-0006;EVD-P04-0007;EVD-P04-0008;EVD-P04-0009;EVD-P04-0010;EVD-P04-0011;EVD-P04-0012;EVD-P04-0014;EVD-P04-0017;EVD-P04-0022","Required margin, N/ATR, multiplier, minimum quantity, and symbol-level eligibility are unknown; rules prohibit pass.","P06-v0.1-no-price-no-margin-strict","2026-08-02","2026-08-02T15:17:35.0009807+09:00","Feasibility and Capital Gate Analyst","No current-price-dependent numeric result was computed because critical inputs are missing. This is intentional to avoid false pass."
"GTE-P06-20260802-0001","CAN-EXP-RATES-JP-JGB5Y-FUTURE-STANDARD-OSE-JGB5Y-IBSJ","EXP-RATES-JP-JGB5Y","CLU-EXP-RATES-JP-JGB5Y","VEH-FUTURE-STANDARD-OSE-JGB5Y","JGB5Y","OSE","Interactive Brokers Securities Japan Inc.","rates","rates_dm_jp","PG-RATES-US","Pending-evidence","pending_evidence","pending_evidence","conditional_platform_verified_symbol_pending","pending_evidence","pending_evidence","pending_evidence","pending_evidence","pending_evidence","pending_evidence","pending_evidence","pending_evidence","pending_evidence","pending_evidence","","","","","","","","","","","","","","","N/ATR_20_JPY_or_native;current_price_as_of_date;contract_multiplier;tick_size;minimum_quantity;initial_margin_jpy;maintenance_margin_jpy;commission_roundtrip_jpy;spread_estimate;historical_data_availability;realtime_data_entitlement_cost;symbol_level_japan_resident_eligibility","EVD-P04-0001;EVD-P04-0002;EVD-P04-0003;EVD-P04-0004;EVD-P04-0005;EVD-P04-0006;EVD-P04-0007;EVD-P04-0008;EVD-P04-0009;EVD-P04-0010;EVD-P04-0011;EVD-P04-0012;EVD-P04-0014;EVD-P04-0017;EVD-P04-0022","Required margin, N/ATR, multiplier, minimum quantity, and symbol-level eligibility are unknown; rules prohibit pass.","P06-v0.1-no-price-no-margin-strict","2026-08-02","2026-08-02T15:17:35.0009807+09:00","Feasibility and Capital Gate Analyst","No current-price-dependent numeric result was computed because critical inputs are missing. This is intentional to avoid false pass."
"GTE-P06-20260802-0001","CAN-EXP-RATES-JP-JGB10Y-FUTURE-STANDARD-OSE-JGB10Y-IBSJ","EXP-RATES-JP-JGB10Y","CLU-EXP-RATES-JP-JGB10Y","VEH-FUTURE-STANDARD-OSE-JGB10Y","JGB10Y","OSE","Interactive Brokers Securities Japan Inc.","rates","rates_dm_jp","PG-RATES-US","Pending-evidence","pending_evidence","pending_evidence","conditional_platform_verified_symbol_pending","pending_evidence","pending_evidence","pending_evidence","pending_evidence","pending_evidence","pending_evidence","pending_evidence","pending_evidence","pending_evidence","pending_evidence","","","","","","","","","","","","","","","N/ATR_20_JPY_or_native;current_price_as_of_date;contract_multiplier;tick_size;minimum_quantity;initial_margin_jpy;maintenance_margin_jpy;commission_roundtrip_jpy;spread_estimate;historical_data_availability;realtime_data_entitlement_cost;symbol_level_japan_resident_eligibility","EVD-P04-0001;EVD-P04-0002;EVD-P04-0003;EVD-P04-0004;EVD-P04-0005;EVD-P04-0006;EVD-P04-0007;EVD-P04-0008;EVD-P04-0009;EVD-P04-0010;EVD-P04-0011;EVD-P04-0012;EVD-P04-0014;EVD-P04-0017;EVD-P04-0022","Required margin, N/ATR, multiplier, minimum quantity, and symbol-level eligibility are unknown; rules prohibit pass.","P06-v0.1-no-price-no-margin-strict","2026-08-02","2026-08-02T15:17:35.0009807+09:00","Feasibility and Capital Gate Analyst","No current-price-dependent numeric result was computed because critical inputs are missing. This is intentional to avoid false pass."
"GTE-P06-20260802-0001","CAN-EXP-RATES-JP-JGB10Y-FUTURE-MINI-OSE-MINIJGB10Y-IBSJ","EXP-RATES-JP-JGB10Y","CLU-EXP-RATES-JP-JGB10Y","VEH-FUTURE-MINI-OSE-MINIJGB10Y","MINIJGB10Y","OSE","Interactive Brokers Securities Japan Inc.","rates","rates_dm_jp","PG-RATES-US","Pending-evidence","pending_evidence","pending_evidence","conditional_platform_verified_symbol_pending","pending_evidence","pending_evidence","pending_evidence","pending_evidence","pending_evidence","pending_evidence","pending_evidence","pending_evidence","pending_evidence","pending_evidence","","","","","","","","","","","","","","","N/ATR_20_JPY_or_native;current_price_as_of_date;contract_multiplier;tick_size;minimum_quantity;initial_margin_jpy;maintenance_margin_jpy;commission_roundtrip_jpy;spread_estimate;historical_data_availability;realtime_data_entitlement_cost;symbol_level_japan_resident_eligibility","EVD-P04-0001;EVD-P04-0002;EVD-P04-0003;EVD-P04-0004;EVD-P04-0005;EVD-P04-0006;EVD-P04-0007;EVD-P04-0008;EVD-P04-0009;EVD-P04-0010;EVD-P04-0011;EVD-P04-0012;EVD-P04-0014;EVD-P04-0017;EVD-P04-0022","Required margin, N/ATR, multiplier, minimum quantity, and symbol-level eligibility are unknown; rules prohibit pass.","P06-v0.1-no-price-no-margin-strict","2026-08-02","2026-08-02T15:17:35.0009807+09:00","Feasibility and Capital Gate Analyst","No current-price-dependent numeric result was computed because critical inputs are missing. This is intentional to avoid false pass."
"GTE-P06-20260802-0001","CAN-EXP-RATES-JP-TONA3M-FUTURE-STANDARD-OSE-TONA3M-IBSJ","EXP-RATES-JP-TONA3M","CLU-EXP-RATES-JP-TONA3M","VEH-FUTURE-STANDARD-OSE-TONA3M","TONA3M","OSE","Interactive Brokers Securities Japan Inc.","rates","rates_dm_jp_short","PG-RATES-US","Pending-evidence","pending_evidence","pending_evidence","conditional_platform_verified_symbol_pending","pending_evidence","pending_evidence","pending_evidence","pending_evidence","pending_evidence","pending_evidence","pending_evidence","pending_evidence","pending_evidence","pending_evidence","","","","","","","","","","","","","","","N/ATR_20_JPY_or_native;current_price_as_of_date;contract_multiplier;tick_size;minimum_quantity;initial_margin_jpy;maintenance_margin_jpy;commission_roundtrip_jpy;spread_estimate;historical_data_availability;realtime_data_entitlement_cost;symbol_level_japan_resident_eligibility","EVD-P04-0001;EVD-P04-0002;EVD-P04-0003;EVD-P04-0004;EVD-P04-0005;EVD-P04-0006;EVD-P04-0007;EVD-P04-0008;EVD-P04-0009;EVD-P04-0010;EVD-P04-0011;EVD-P04-0012;EVD-P04-0014;EVD-P04-0017;EVD-P04-0022","Required margin, N/ATR, multiplier, minimum quantity, and symbol-level eligibility are unknown; rules prohibit pass.","P06-v0.1-no-price-no-margin-strict","2026-08-02","2026-08-02T15:17:35.0009807+09:00","Feasibility and Capital Gate Analyst","No current-price-dependent numeric result was computed because critical inputs are missing. This is intentional to avoid false pass."
"GTE-P06-20260802-0001","CAN-EXP-FX-G10-USDJPY-JPX-FUTURE-STANDARD-OSE-USDJPY-IBSJ","EXP-FX-G10-USDJPY-JPX","CLU-EXP-FX-G10-USDJPY-JPX","VEH-FUTURE-STANDARD-OSE-USDJPY","USDJPY","OSE","Interactive Brokers Securities Japan Inc.","fx","fx_g10","PG-FX-CURRENCY-FUTURES","Pending-evidence","pending_evidence","pending_evidence","conditional_platform_verified_symbol_pending","pending_evidence","pending_evidence","pending_evidence","pending_evidence","pending_evidence","pending_evidence","pending_evidence","pending_evidence","pending_evidence","pending_evidence","","","","","","","","","","","","","","","N/ATR_20_JPY_or_native;current_price_as_of_date;contract_multiplier;tick_size;minimum_quantity;initial_margin_jpy;maintenance_margin_jpy;commission_roundtrip_jpy;spread_estimate;historical_data_availability;realtime_data_entitlement_cost;symbol_level_japan_resident_eligibility","EVD-P04-0001;EVD-P04-0002;EVD-P04-0003;EVD-P04-0004;EVD-P04-0005;EVD-P04-0006;EVD-P04-0007;EVD-P04-0008;EVD-P04-0009;EVD-P04-0010;EVD-P04-0011;EVD-P04-0012;EVD-P04-0014;EVD-P04-0017;EVD-P04-0022","Required margin, N/ATR, multiplier, minimum quantity, and symbol-level eligibility are unknown; rules prohibit pass.","P06-v0.1-no-price-no-margin-strict","2026-08-02","2026-08-02T15:17:35.0009807+09:00","Feasibility and Capital Gate Analyst","No current-price-dependent numeric result was computed because critical inputs are missing. This is intentional to avoid false pass."
"GTE-P06-20260802-0001","CAN-EXP-FX-G10-EURJPY-FUTURE-STANDARD-OSE-EURJPY-IBSJ","EXP-FX-G10-EURJPY","CLU-EXP-FX-G10-EURJPY","VEH-FUTURE-STANDARD-OSE-EURJPY","EURJPY","OSE","Interactive Brokers Securities Japan Inc.","fx","fx_g10","PG-FX-CURRENCY-FUTURES","Pending-evidence","pending_evidence","pending_evidence","conditional_platform_verified_symbol_pending","pending_evidence","pending_evidence","pending_evidence","pending_evidence","pending_evidence","pending_evidence","pending_evidence","pending_evidence","pending_evidence","pending_evidence","","","","","","","","","","","","","","","N/ATR_20_JPY_or_native;current_price_as_of_date;contract_multiplier;tick_size;minimum_quantity;initial_margin_jpy;maintenance_margin_jpy;commission_roundtrip_jpy;spread_estimate;historical_data_availability;realtime_data_entitlement_cost;symbol_level_japan_resident_eligibility","EVD-P04-0001;EVD-P04-0002;EVD-P04-0003;EVD-P04-0004;EVD-P04-0005;EVD-P04-0006;EVD-P04-0007;EVD-P04-0008;EVD-P04-0009;EVD-P04-0010;EVD-P04-0011;EVD-P04-0012;EVD-P04-0014;EVD-P04-0017;EVD-P04-0022","Required margin, N/ATR, multiplier, minimum quantity, and symbol-level eligibility are unknown; rules prohibit pass.","P06-v0.1-no-price-no-margin-strict","2026-08-02","2026-08-02T15:17:35.0009807+09:00","Feasibility and Capital Gate Analyst","No current-price-dependent numeric result was computed because critical inputs are missing. This is intentional to avoid false pass."
"GTE-P06-20260802-0001","CAN-EXP-FX-EM-CNHJPY-FUTURE-STANDARD-OSE-CNHJPY-IBSJ","EXP-FX-EM-CNHJPY","CLU-EXP-FX-EM-CNHJPY","VEH-FUTURE-STANDARD-OSE-CNHJPY","CNHJPY","OSE","Interactive Brokers Securities Japan Inc.","fx","fx_em","PG-FX-CURRENCY-FUTURES","Pending-evidence","pending_evidence","pending_evidence","conditional_platform_verified_symbol_pending","pending_evidence","pending_evidence","pending_evidence","pending_evidence","pending_evidence","pending_evidence","pending_evidence","pending_evidence","pending_evidence","pending_evidence","","","","","","","","","","","","","","","N/ATR_20_JPY_or_native;current_price_as_of_date;contract_multiplier;tick_size;minimum_quantity;initial_margin_jpy;maintenance_margin_jpy;commission_roundtrip_jpy;spread_estimate;historical_data_availability;realtime_data_entitlement_cost;symbol_level_japan_resident_eligibility","EVD-P04-0001;EVD-P04-0002;EVD-P04-0003;EVD-P04-0004;EVD-P04-0005;EVD-P04-0006;EVD-P04-0007;EVD-P04-0008;EVD-P04-0009;EVD-P04-0010;EVD-P04-0011;EVD-P04-0012;EVD-P04-0014;EVD-P04-0017;EVD-P04-0022","Required margin, N/ATR, multiplier, minimum quantity, and symbol-level eligibility are unknown; rules prohibit pass.","P06-v0.1-no-price-no-margin-strict","2026-08-02","2026-08-02T15:17:35.0009807+09:00","Feasibility and Capital Gate Analyst","No current-price-dependent numeric result was computed because critical inputs are missing. This is intentional to avoid false pass."
"GTE-P06-20260802-0001","CAN-EXP-METAL-JP-GOLD-FUTURE-STANDARD-OSE-GOLDSTD-IBSJ","EXP-METAL-JP-GOLD","CLU-EXP-METAL-JP-GOLD","VEH-FUTURE-STANDARD-OSE-GOLDSTD","GOLDSTD","OSE","Interactive Brokers Securities Japan Inc.","metals","metals_precious","PG-METALS-FUTURES","Pending-evidence","pending_evidence","pending_evidence","conditional_platform_verified_symbol_pending","pending_evidence","pending_evidence","pending_evidence","pending_evidence","pending_evidence","pending_evidence","pending_evidence","pending_evidence","pending_evidence","pending_evidence","","","","","","","","","","","","","","","N/ATR_20_JPY_or_native;current_price_as_of_date;contract_multiplier;tick_size;minimum_quantity;initial_margin_jpy;maintenance_margin_jpy;commission_roundtrip_jpy;spread_estimate;historical_data_availability;realtime_data_entitlement_cost;symbol_level_japan_resident_eligibility","EVD-P04-0001;EVD-P04-0002;EVD-P04-0003;EVD-P04-0004;EVD-P04-0005;EVD-P04-0006;EVD-P04-0007;EVD-P04-0008;EVD-P04-0009;EVD-P04-0010;EVD-P04-0011;EVD-P04-0012;EVD-P04-0014;EVD-P04-0017;EVD-P04-0022","Required margin, N/ATR, multiplier, minimum quantity, and symbol-level eligibility are unknown; rules prohibit pass.","P06-v0.1-no-price-no-margin-strict","2026-08-02","2026-08-02T15:17:35.0009807+09:00","Feasibility and Capital Gate Analyst","No current-price-dependent numeric result was computed because critical inputs are missing. This is intentional to avoid false pass."
"GTE-P06-20260802-0001","CAN-EXP-METAL-JP-GOLD-FUTURE-MINI-OSE-GOLDMINI-IBSJ","EXP-METAL-JP-GOLD","CLU-EXP-METAL-JP-GOLD","VEH-FUTURE-MINI-OSE-GOLDMINI","GOLDMINI","OSE","Interactive Brokers Securities Japan Inc.","metals","metals_precious","PG-METALS-FUTURES","Pending-evidence","pending_evidence","pending_evidence","conditional_platform_verified_symbol_pending","pending_evidence","pending_evidence","pending_evidence","pending_evidence","pending_evidence","pending_evidence","pending_evidence","pending_evidence","pending_evidence","pending_evidence","","","","","","","","","","","","","","","N/ATR_20_JPY_or_native;current_price_as_of_date;contract_multiplier;tick_size;minimum_quantity;initial_margin_jpy;maintenance_margin_jpy;commission_roundtrip_jpy;spread_estimate;historical_data_availability;realtime_data_entitlement_cost;symbol_level_japan_resident_eligibility","EVD-P04-0001;EVD-P04-0002;EVD-P04-0003;EVD-P04-0004;EVD-P04-0005;EVD-P04-0006;EVD-P04-0007;EVD-P04-0008;EVD-P04-0009;EVD-P04-0010;EVD-P04-0011;EVD-P04-0012;EVD-P04-0014;EVD-P04-0017;EVD-P04-0022","Required margin, N/ATR, multiplier, minimum quantity, and symbol-level eligibility are unknown; rules prohibit pass.","P06-v0.1-no-price-no-margin-strict","2026-08-02","2026-08-02T15:17:35.0009807+09:00","Feasibility and Capital Gate Analyst","No current-price-dependent numeric result was computed because critical inputs are missing. This is intentional to avoid false pass."
"GTE-P06-20260802-0001","CAN-EXP-METAL-JP-GOLD-FUTURE-MICRO-OSE-POCKETGOLD100-IBSJ","EXP-METAL-JP-GOLD","CLU-EXP-METAL-JP-GOLD","VEH-FUTURE-MICRO-OSE-POCKETGOLD100","POCKETGOLD100","OSE","Interactive Brokers Securities Japan Inc.","metals","metals_precious","PG-METALS-FUTURES","Pending-evidence","pending_evidence","pending_evidence","conditional_platform_verified_symbol_pending","pending_evidence","pending_evidence","pending_evidence","pending_evidence","pending_evidence","pending_evidence","pending_evidence","pending_evidence","pending_evidence","pending_evidence","","","","","","","","","","","","","","","N/ATR_20_JPY_or_native;current_price_as_of_date;contract_multiplier;tick_size;minimum_quantity;initial_margin_jpy;maintenance_margin_jpy;commission_roundtrip_jpy;spread_estimate;historical_data_availability;realtime_data_entitlement_cost;symbol_level_japan_resident_eligibility","EVD-P04-0001;EVD-P04-0002;EVD-P04-0003;EVD-P04-0004;EVD-P04-0005;EVD-P04-0006;EVD-P04-0007;EVD-P04-0008;EVD-P04-0009;EVD-P04-0010;EVD-P04-0011;EVD-P04-0012;EVD-P04-0014;EVD-P04-0017;EVD-P04-0022","Required margin, N/ATR, multiplier, minimum quantity, and symbol-level eligibility are unknown; rules prohibit pass.","P06-v0.1-no-price-no-margin-strict","2026-08-02","2026-08-02T15:17:35.0009807+09:00","Feasibility and Capital Gate Analyst","No current-price-dependent numeric result was computed because critical inputs are missing. This is intentional to avoid false pass."
"GTE-P06-20260802-0001","CAN-EXP-METAL-JP-SILVER-FUTURE-STANDARD-OSE-SILVER-IBSJ","EXP-METAL-JP-SILVER","CLU-EXP-METAL-JP-SILVER","VEH-FUTURE-STANDARD-OSE-SILVER","SILVER","OSE","Interactive Brokers Securities Japan Inc.","metals","metals_precious","PG-METALS-FUTURES","Pending-evidence","pending_evidence","pending_evidence","conditional_platform_verified_symbol_pending","pending_evidence","pending_evidence","pending_evidence","pending_evidence","pending_evidence","pending_evidence","pending_evidence","pending_evidence","pending_evidence","pending_evidence","","","","","","","","","","","","","","","N/ATR_20_JPY_or_native;current_price_as_of_date;contract_multiplier;tick_size;minimum_quantity;initial_margin_jpy;maintenance_margin_jpy;commission_roundtrip_jpy;spread_estimate;historical_data_availability;realtime_data_entitlement_cost;symbol_level_japan_resident_eligibility","EVD-P04-0001;EVD-P04-0002;EVD-P04-0003;EVD-P04-0004;EVD-P04-0005;EVD-P04-0006;EVD-P04-0007;EVD-P04-0008;EVD-P04-0009;EVD-P04-0010;EVD-P04-0011;EVD-P04-0012;EVD-P04-0014;EVD-P04-0017;EVD-P04-0022","Required margin, N/ATR, multiplier, minimum quantity, and symbol-level eligibility are unknown; rules prohibit pass.","P06-v0.1-no-price-no-margin-strict","2026-08-02","2026-08-02T15:17:35.0009807+09:00","Feasibility and Capital Gate Analyst","No current-price-dependent numeric result was computed because critical inputs are missing. This is intentional to avoid false pass."
"GTE-P06-20260802-0001","CAN-EXP-METAL-JP-PLATINUM-FUTURE-STANDARD-OSE-PLATSTD-IBSJ","EXP-METAL-JP-PLATINUM","CLU-EXP-METAL-JP-PLATINUM","VEH-FUTURE-STANDARD-OSE-PLATSTD","PLATSTD","OSE","Interactive Brokers Securities Japan Inc.","metals","metals_precious","PG-METALS-FUTURES","Pending-evidence","pending_evidence","pending_evidence","conditional_platform_verified_symbol_pending","pending_evidence","pending_evidence","pending_evidence","pending_evidence","pending_evidence","pending_evidence","pending_evidence","pending_evidence","pending_evidence","pending_evidence","","","","","","","","","","","","","","","N/ATR_20_JPY_or_native;current_price_as_of_date;contract_multiplier;tick_size;minimum_quantity;initial_margin_jpy;maintenance_margin_jpy;commission_roundtrip_jpy;spread_estimate;historical_data_availability;realtime_data_entitlement_cost;symbol_level_japan_resident_eligibility","EVD-P04-0001;EVD-P04-0002;EVD-P04-0003;EVD-P04-0004;EVD-P04-0005;EVD-P04-0006;EVD-P04-0007;EVD-P04-0008;EVD-P04-0009;EVD-P04-0010;EVD-P04-0011;EVD-P04-0012;EVD-P04-0014;EVD-P04-0017;EVD-P04-0022","Required margin, N/ATR, multiplier, minimum quantity, and symbol-level eligibility are unknown; rules prohibit pass.","P06-v0.1-no-price-no-margin-strict","2026-08-02","2026-08-02T15:17:35.0009807+09:00","Feasibility and Capital Gate Analyst","No current-price-dependent numeric result was computed because critical inputs are missing. This is intentional to avoid false pass."
"GTE-P06-20260802-0001","CAN-EXP-METAL-JP-PLATINUM-FUTURE-MINI-OSE-PLATMINI-IBSJ","EXP-METAL-JP-PLATINUM","CLU-EXP-METAL-JP-PLATINUM","VEH-FUTURE-MINI-OSE-PLATMINI","PLATMINI","OSE","Interactive Brokers Securities Japan Inc.","metals","metals_precious","PG-METALS-FUTURES","Pending-evidence","pending_evidence","pending_evidence","conditional_platform_verified_symbol_pending","pending_evidence","pending_evidence","pending_evidence","pending_evidence","pending_evidence","pending_evidence","pending_evidence","pending_evidence","pending_evidence","pending_evidence","","","","","","","","","","","","","","","N/ATR_20_JPY_or_native;current_price_as_of_date;contract_multiplier;tick_size;minimum_quantity;initial_margin_jpy;maintenance_margin_jpy;commission_roundtrip_jpy;spread_estimate;historical_data_availability;realtime_data_entitlement_cost;symbol_level_japan_resident_eligibility","EVD-P04-0001;EVD-P04-0002;EVD-P04-0003;EVD-P04-0004;EVD-P04-0005;EVD-P04-0006;EVD-P04-0007;EVD-P04-0008;EVD-P04-0009;EVD-P04-0010;EVD-P04-0011;EVD-P04-0012;EVD-P04-0014;EVD-P04-0017;EVD-P04-0022","Required margin, N/ATR, multiplier, minimum quantity, and symbol-level eligibility are unknown; rules prohibit pass.","P06-v0.1-no-price-no-margin-strict","2026-08-02","2026-08-02T15:17:35.0009807+09:00","Feasibility and Capital Gate Analyst","No current-price-dependent numeric result was computed because critical inputs are missing. This is intentional to avoid false pass."
"GTE-P06-20260802-0001","CAN-EXP-METAL-JP-PALLADIUM-FUTURE-STANDARD-OSE-PALLADIUM-IBSJ","EXP-METAL-JP-PALLADIUM","CLU-EXP-METAL-JP-PALLADIUM","VEH-FUTURE-STANDARD-OSE-PALLADIUM","PALLADIUM","OSE","Interactive Brokers Securities Japan Inc.","metals","metals_precious","PG-METALS-FUTURES","Pending-evidence","pending_evidence","pending_evidence","conditional_platform_verified_symbol_pending","pending_evidence","pending_evidence","pending_evidence","pending_evidence","pending_evidence","pending_evidence","pending_evidence","pending_evidence","pending_evidence","pending_evidence","","","","","","","","","","","","","","","N/ATR_20_JPY_or_native;current_price_as_of_date;contract_multiplier;tick_size;minimum_quantity;initial_margin_jpy;maintenance_margin_jpy;commission_roundtrip_jpy;spread_estimate;historical_data_availability;realtime_data_entitlement_cost;symbol_level_japan_resident_eligibility","EVD-P04-0001;EVD-P04-0002;EVD-P04-0003;EVD-P04-0004;EVD-P04-0005;EVD-P04-0006;EVD-P04-0007;EVD-P04-0008;EVD-P04-0009;EVD-P04-0010;EVD-P04-0011;EVD-P04-0012;EVD-P04-0014;EVD-P04-0017;EVD-P04-0022","Required margin, N/ATR, multiplier, minimum quantity, and symbol-level eligibility are unknown; rules prohibit pass.","P06-v0.1-no-price-no-margin-strict","2026-08-02","2026-08-02T15:17:35.0009807+09:00","Feasibility and Capital Gate Analyst","No current-price-dependent numeric result was computed because critical inputs are missing. This is intentional to avoid false pass."
"GTE-P06-20260802-0001","CAN-EXP-AGRI-JP-CORN-FUTURE-STANDARD-OSE-CORNJPX-IBSJ","EXP-AGRI-JP-CORN","CLU-EXP-AGRI-JP-CORN","VEH-FUTURE-STANDARD-OSE-CORNJPX","CORNJPX","OSE","Interactive Brokers Securities Japan Inc.","grains_oilseeds","agri_grain","PG-GRAINS-OILSEEDS","Pending-evidence","pending_evidence","pending_evidence","conditional_platform_verified_symbol_pending","pending_evidence","pending_evidence","pending_evidence","pending_evidence","pending_evidence","pending_evidence","pending_evidence","pending_evidence","pending_evidence","pending_evidence","","","","","","","","","","","","","","","N/ATR_20_JPY_or_native;current_price_as_of_date;contract_multiplier;tick_size;minimum_quantity;initial_margin_jpy;maintenance_margin_jpy;commission_roundtrip_jpy;spread_estimate;historical_data_availability;realtime_data_entitlement_cost;symbol_level_japan_resident_eligibility","EVD-P04-0001;EVD-P04-0002;EVD-P04-0003;EVD-P04-0004;EVD-P04-0005;EVD-P04-0006;EVD-P04-0007;EVD-P04-0008;EVD-P04-0009;EVD-P04-0010;EVD-P04-0011;EVD-P04-0012;EVD-P04-0014;EVD-P04-0017;EVD-P04-0022","Required margin, N/ATR, multiplier, minimum quantity, and symbol-level eligibility are unknown; rules prohibit pass.","P06-v0.1-no-price-no-margin-strict","2026-08-02","2026-08-02T15:17:35.0009807+09:00","Feasibility and Capital Gate Analyst","No current-price-dependent numeric result was computed because critical inputs are missing. This is intentional to avoid false pass."
"GTE-P06-20260802-0001","CAN-EXP-AGRI-JP-SOYBEAN-FUTURE-STANDARD-OSE-SOYBEANJPX-IBSJ","EXP-AGRI-JP-SOYBEAN","CLU-EXP-AGRI-JP-SOYBEAN","VEH-FUTURE-STANDARD-OSE-SOYBEANJPX","SOYBEANJPX","OSE","Interactive Brokers Securities Japan Inc.","grains_oilseeds","agri_oilseed","PG-GRAINS-OILSEEDS","Pending-evidence","pending_evidence","pending_evidence","conditional_platform_verified_symbol_pending","pending_evidence","pending_evidence","pending_evidence","pending_evidence","pending_evidence","pending_evidence","pending_evidence","pending_evidence","pending_evidence","pending_evidence","","","","","","","","","","","","","","","N/ATR_20_JPY_or_native;current_price_as_of_date;contract_multiplier;tick_size;minimum_quantity;initial_margin_jpy;maintenance_margin_jpy;commission_roundtrip_jpy;spread_estimate;historical_data_availability;realtime_data_entitlement_cost;symbol_level_japan_resident_eligibility","EVD-P04-0001;EVD-P04-0002;EVD-P04-0003;EVD-P04-0004;EVD-P04-0005;EVD-P04-0006;EVD-P04-0007;EVD-P04-0008;EVD-P04-0009;EVD-P04-0010;EVD-P04-0011;EVD-P04-0012;EVD-P04-0014;EVD-P04-0017;EVD-P04-0022","Required margin, N/ATR, multiplier, minimum quantity, and symbol-level eligibility are unknown; rules prohibit pass.","P06-v0.1-no-price-no-margin-strict","2026-08-02","2026-08-02T15:17:35.0009807+09:00","Feasibility and Capital Gate Analyst","No current-price-dependent numeric result was computed because critical inputs are missing. This is intentional to avoid false pass."
"GTE-P06-20260802-0001","CAN-EXP-AGRI-JP-AZUKI-FUTURE-STANDARD-OSE-AZUKI-IBSJ","EXP-AGRI-JP-AZUKI","CLU-EXP-AGRI-JP-AZUKI","VEH-FUTURE-STANDARD-OSE-AZUKI","AZUKI","OSE","Interactive Brokers Securities Japan Inc.","grains_oilseeds","agri_grain","PG-GRAINS-OILSEEDS","Pending-evidence","pending_evidence","pending_evidence","conditional_platform_verified_symbol_pending","pending_evidence","pending_evidence","pending_evidence","pending_evidence","pending_evidence","pending_evidence","pending_evidence","pending_evidence","pending_evidence","pending_evidence","","","","","","","","","","","","","","","N/ATR_20_JPY_or_native;current_price_as_of_date;contract_multiplier;tick_size;minimum_quantity;initial_margin_jpy;maintenance_margin_jpy;commission_roundtrip_jpy;spread_estimate;historical_data_availability;realtime_data_entitlement_cost;symbol_level_japan_resident_eligibility","EVD-P04-0001;EVD-P04-0002;EVD-P04-0003;EVD-P04-0004;EVD-P04-0005;EVD-P04-0006;EVD-P04-0007;EVD-P04-0008;EVD-P04-0009;EVD-P04-0010;EVD-P04-0011;EVD-P04-0012;EVD-P04-0014;EVD-P04-0017;EVD-P04-0022","Required margin, N/ATR, multiplier, minimum quantity, and symbol-level eligibility are unknown; rules prohibit pass.","P06-v0.1-no-price-no-margin-strict","2026-08-02","2026-08-02T15:17:35.0009807+09:00","Feasibility and Capital Gate Analyst","No current-price-dependent numeric result was computed because critical inputs are missing. This is intentional to avoid false pass."
"GTE-P06-20260802-0001","CAN-EXP-ENERGY-JP-DUBAICRUDE-FUTURE-STANDARD-TOCOM-DUBAICRUDE-IBSJ","EXP-ENERGY-JP-DUBAICRUDE","CLU-EXP-ENERGY-JP-DUBAICRUDE","VEH-FUTURE-STANDARD-TOCOM-DUBAICRUDE","DUBAICRUDE","TOCOM","Interactive Brokers Securities Japan Inc.","energy","energy_crude","PG-ENERGY-FUTURES","Pending-evidence","pending_evidence","pending_evidence","conditional_platform_verified_symbol_pending","pending_evidence","pending_evidence","pending_evidence","pending_evidence","pending_evidence","pending_evidence","pending_evidence","pending_evidence","pending_evidence","pending_evidence","","","","","","","","","","","","","","","N/ATR_20_JPY_or_native;current_price_as_of_date;contract_multiplier;tick_size;minimum_quantity;initial_margin_jpy;maintenance_margin_jpy;commission_roundtrip_jpy;spread_estimate;historical_data_availability;realtime_data_entitlement_cost;symbol_level_japan_resident_eligibility","EVD-P04-0001;EVD-P04-0002;EVD-P04-0003;EVD-P04-0004;EVD-P04-0005;EVD-P04-0006;EVD-P04-0007;EVD-P04-0008;EVD-P04-0009;EVD-P04-0010;EVD-P04-0011;EVD-P04-0012;EVD-P04-0014;EVD-P04-0017","Required margin, N/ATR, multiplier, minimum quantity, and symbol-level eligibility are unknown; rules prohibit pass.","P06-v0.1-no-price-no-margin-strict","2026-08-02","2026-08-02T15:17:35.0009807+09:00","Feasibility and Capital Gate Analyst","No current-price-dependent numeric result was computed because critical inputs are missing. This is intentional to avoid false pass."
"GTE-P06-20260802-0001","CAN-EXP-ENERGY-JP-GASOLINE-FUTURE-STANDARD-TOCOM-GASOLINE-IBSJ","EXP-ENERGY-JP-GASOLINE","CLU-EXP-ENERGY-JP-GASOLINE","VEH-FUTURE-STANDARD-TOCOM-GASOLINE","GASOLINE","TOCOM","Interactive Brokers Securities Japan Inc.","energy","energy_refined","PG-ENERGY-FUTURES","Pending-evidence","pending_evidence","pending_evidence","conditional_platform_verified_symbol_pending","pending_evidence","pending_evidence","pending_evidence","pending_evidence","pending_evidence","pending_evidence","pending_evidence","pending_evidence","pending_evidence","pending_evidence","","","","","","","","","","","","","","","N/ATR_20_JPY_or_native;current_price_as_of_date;contract_multiplier;tick_size;minimum_quantity;initial_margin_jpy;maintenance_margin_jpy;commission_roundtrip_jpy;spread_estimate;historical_data_availability;realtime_data_entitlement_cost;symbol_level_japan_resident_eligibility","EVD-P04-0001;EVD-P04-0002;EVD-P04-0003;EVD-P04-0004;EVD-P04-0005;EVD-P04-0006;EVD-P04-0007;EVD-P04-0008;EVD-P04-0009;EVD-P04-0010;EVD-P04-0011;EVD-P04-0012;EVD-P04-0014;EVD-P04-0017","Required margin, N/ATR, multiplier, minimum quantity, and symbol-level eligibility are unknown; rules prohibit pass.","P06-v0.1-no-price-no-margin-strict","2026-08-02","2026-08-02T15:17:35.0009807+09:00","Feasibility and Capital Gate Analyst","No current-price-dependent numeric result was computed because critical inputs are missing. This is intentional to avoid false pass."
"GTE-P06-20260802-0001","CAN-EXP-ENERGY-JP-KEROSENE-FUTURE-STANDARD-TOCOM-KEROSENE-IBSJ","EXP-ENERGY-JP-KEROSENE","CLU-EXP-ENERGY-JP-KEROSENE","VEH-FUTURE-STANDARD-TOCOM-KEROSENE","KEROSENE","TOCOM","Interactive Brokers Securities Japan Inc.","energy","energy_refined","PG-ENERGY-FUTURES","Pending-evidence","pending_evidence","pending_evidence","conditional_platform_verified_symbol_pending","pending_evidence","pending_evidence","pending_evidence","pending_evidence","pending_evidence","pending_evidence","pending_evidence","pending_evidence","pending_evidence","pending_evidence","","","","","","","","","","","","","","","N/ATR_20_JPY_or_native;current_price_as_of_date;contract_multiplier;tick_size;minimum_quantity;initial_margin_jpy;maintenance_margin_jpy;commission_roundtrip_jpy;spread_estimate;historical_data_availability;realtime_data_entitlement_cost;symbol_level_japan_resident_eligibility","EVD-P04-0001;EVD-P04-0002;EVD-P04-0003;EVD-P04-0004;EVD-P04-0005;EVD-P04-0006;EVD-P04-0007;EVD-P04-0008;EVD-P04-0009;EVD-P04-0010;EVD-P04-0011;EVD-P04-0012;EVD-P04-0014;EVD-P04-0017","Required margin, N/ATR, multiplier, minimum quantity, and symbol-level eligibility are unknown; rules prohibit pass.","P06-v0.1-no-price-no-margin-strict","2026-08-02","2026-08-02T15:17:35.0009807+09:00","Feasibility and Capital Gate Analyst","No current-price-dependent numeric result was computed because critical inputs are missing. This is intentional to avoid false pass."
"GTE-P06-20260802-0001","CAN-EXP-ENERGY-JP-GASOIL-FUTURE-STANDARD-TOCOM-GASOIL-IBSJ","EXP-ENERGY-JP-GASOIL","CLU-EXP-ENERGY-JP-GASOIL","VEH-FUTURE-STANDARD-TOCOM-GASOIL","GASOIL","TOCOM","Interactive Brokers Securities Japan Inc.","energy","energy_refined","PG-ENERGY-FUTURES","Pending-evidence","pending_evidence","pending_evidence","conditional_platform_verified_symbol_pending","pending_evidence","pending_evidence","pending_evidence","pending_evidence","pending_evidence","pending_evidence","pending_evidence","pending_evidence","pending_evidence","pending_evidence","","","","","","","","","","","","","","","N/ATR_20_JPY_or_native;current_price_as_of_date;contract_multiplier;tick_size;minimum_quantity;initial_margin_jpy;maintenance_margin_jpy;commission_roundtrip_jpy;spread_estimate;historical_data_availability;realtime_data_entitlement_cost;symbol_level_japan_resident_eligibility","EVD-P04-0001;EVD-P04-0002;EVD-P04-0003;EVD-P04-0004;EVD-P04-0005;EVD-P04-0006;EVD-P04-0007;EVD-P04-0008;EVD-P04-0009;EVD-P04-0010;EVD-P04-0011;EVD-P04-0012;EVD-P04-0014;EVD-P04-0017","Required margin, N/ATR, multiplier, minimum quantity, and symbol-level eligibility are unknown; rules prohibit pass.","P06-v0.1-no-price-no-margin-strict","2026-08-02","2026-08-02T15:17:35.0009807+09:00","Feasibility and Capital Gate Analyst","No current-price-dependent numeric result was computed because critical inputs are missing. This is intentional to avoid false pass."
"GTE-P06-20260802-0001","CAN-EXP-ENERGY-ASIA-LNGJKM-FUTURE-STANDARD-TOCOM-LNGJKM-IBSJ","EXP-ENERGY-ASIA-LNGJKM","CLU-EXP-ENERGY-ASIA-LNGJKM","VEH-FUTURE-STANDARD-TOCOM-LNGJKM","LNGJKM","TOCOM","Interactive Brokers Securities Japan Inc.","energy","energy_gas","PG-ENERGY-FUTURES","Pending-evidence","pending_evidence","pending_evidence","conditional_platform_verified_symbol_pending","pending_evidence","pending_evidence","pending_evidence","pending_evidence","pending_evidence","pending_evidence","pending_evidence","pending_evidence","pending_evidence","pending_evidence","","","","","","","","","","","","","","","N/ATR_20_JPY_or_native;current_price_as_of_date;contract_multiplier;tick_size;minimum_quantity;initial_margin_jpy;maintenance_margin_jpy;commission_roundtrip_jpy;spread_estimate;historical_data_availability;realtime_data_entitlement_cost;symbol_level_japan_resident_eligibility","EVD-P04-0001;EVD-P04-0002;EVD-P04-0003;EVD-P04-0004;EVD-P04-0005;EVD-P04-0006;EVD-P04-0007;EVD-P04-0008;EVD-P04-0009;EVD-P04-0010;EVD-P04-0011;EVD-P04-0012;EVD-P04-0014;EVD-P04-0017","Required margin, N/ATR, multiplier, minimum quantity, and symbol-level eligibility are unknown; rules prohibit pass.","P06-v0.1-no-price-no-margin-strict","2026-08-02","2026-08-02T15:17:35.0009807+09:00","Feasibility and Capital Gate Analyst","No current-price-dependent numeric result was computed because critical inputs are missing. This is intentional to avoid false pass."
"GTE-P06-20260802-0001","CAN-EXP-POWER-JP-EASTBASE-FUTURE-STANDARD-TOCOM-EASTBASE-IBSJ","EXP-POWER-JP-EASTBASE","CLU-EXP-POWER-JP-EASTBASE","VEH-FUTURE-STANDARD-TOCOM-EASTBASE","EASTBASE","TOCOM","Interactive Brokers Securities Japan Inc.","environmental_power","environmental_power","PG-ENVIRONMENTAL-POWER","Pending-evidence","pending_evidence","pending_evidence","conditional_platform_verified_symbol_pending","pending_evidence","pending_evidence","pending_evidence","pending_evidence","pending_evidence","pending_evidence","pending_evidence","pending_evidence","pending_evidence","pending_evidence","","","","","","","","","","","","","","","N/ATR_20_JPY_or_native;current_price_as_of_date;contract_multiplier;tick_size;minimum_quantity;initial_margin_jpy;maintenance_margin_jpy;commission_roundtrip_jpy;spread_estimate;historical_data_availability;realtime_data_entitlement_cost;symbol_level_japan_resident_eligibility","EVD-P04-0001;EVD-P04-0002;EVD-P04-0003;EVD-P04-0004;EVD-P04-0005;EVD-P04-0006;EVD-P04-0007;EVD-P04-0008;EVD-P04-0009;EVD-P04-0010;EVD-P04-0011;EVD-P04-0012;EVD-P04-0014;EVD-P04-0017","Required margin, N/ATR, multiplier, minimum quantity, and symbol-level eligibility are unknown; rules prohibit pass.","P06-v0.1-no-price-no-margin-strict","2026-08-02","2026-08-02T15:17:35.0009807+09:00","Feasibility and Capital Gate Analyst","No current-price-dependent numeric result was computed because critical inputs are missing. This is intentional to avoid false pass."
"GTE-P06-20260802-0001","CAN-EXP-POWER-JP-WESTBASE-FUTURE-STANDARD-TOCOM-WESTBASE-IBSJ","EXP-POWER-JP-WESTBASE","CLU-EXP-POWER-JP-WESTBASE","VEH-FUTURE-STANDARD-TOCOM-WESTBASE","WESTBASE","TOCOM","Interactive Brokers Securities Japan Inc.","environmental_power","environmental_power","PG-ENVIRONMENTAL-POWER","Pending-evidence","pending_evidence","pending_evidence","conditional_platform_verified_symbol_pending","pending_evidence","pending_evidence","pending_evidence","pending_evidence","pending_evidence","pending_evidence","pending_evidence","pending_evidence","pending_evidence","pending_evidence","","","","","","","","","","","","","","","N/ATR_20_JPY_or_native;current_price_as_of_date;contract_multiplier;tick_size;minimum_quantity;initial_margin_jpy;maintenance_margin_jpy;commission_roundtrip_jpy;spread_estimate;historical_data_availability;realtime_data_entitlement_cost;symbol_level_japan_resident_eligibility","EVD-P04-0001;EVD-P04-0002;EVD-P04-0003;EVD-P04-0004;EVD-P04-0005;EVD-P04-0006;EVD-P04-0007;EVD-P04-0008;EVD-P04-0009;EVD-P04-0010;EVD-P04-0011;EVD-P04-0012;EVD-P04-0014;EVD-P04-0017","Required margin, N/ATR, multiplier, minimum quantity, and symbol-level eligibility are unknown; rules prohibit pass.","P06-v0.1-no-price-no-margin-strict","2026-08-02","2026-08-02T15:17:35.0009807+09:00","Feasibility and Capital Gate Analyst","No current-price-dependent numeric result was computed because critical inputs are missing. This is intentional to avoid false pass."
"GTE-P06-20260802-0001","CAN-EXP-POWER-JP-EASTPEAK-FUTURE-STANDARD-TOCOM-EASTPEAK-IBSJ","EXP-POWER-JP-EASTPEAK","CLU-EXP-POWER-JP-EASTPEAK","VEH-FUTURE-STANDARD-TOCOM-EASTPEAK","EASTPEAK","TOCOM","Interactive Brokers Securities Japan Inc.","environmental_power","environmental_power","PG-ENVIRONMENTAL-POWER","Pending-evidence","pending_evidence","pending_evidence","conditional_platform_verified_symbol_pending","pending_evidence","pending_evidence","pending_evidence","pending_evidence","pending_evidence","pending_evidence","pending_evidence","pending_evidence","pending_evidence","pending_evidence","","","","","","","","","","","","","","","N/ATR_20_JPY_or_native;current_price_as_of_date;contract_multiplier;tick_size;minimum_quantity;initial_margin_jpy;maintenance_margin_jpy;commission_roundtrip_jpy;spread_estimate;historical_data_availability;realtime_data_entitlement_cost;symbol_level_japan_resident_eligibility","EVD-P04-0001;EVD-P04-0002;EVD-P04-0003;EVD-P04-0004;EVD-P04-0005;EVD-P04-0006;EVD-P04-0007;EVD-P04-0008;EVD-P04-0009;EVD-P04-0010;EVD-P04-0011;EVD-P04-0012;EVD-P04-0014;EVD-P04-0017","Required margin, N/ATR, multiplier, minimum quantity, and symbol-level eligibility are unknown; rules prohibit pass.","P06-v0.1-no-price-no-margin-strict","2026-08-02","2026-08-02T15:17:35.0009807+09:00","Feasibility and Capital Gate Analyst","No current-price-dependent numeric result was computed because critical inputs are missing. This is intentional to avoid false pass."
"GTE-P06-20260802-0001","CAN-EXP-POWER-JP-WESTPEAK-FUTURE-STANDARD-TOCOM-WESTPEAK-IBSJ","EXP-POWER-JP-WESTPEAK","CLU-EXP-POWER-JP-WESTPEAK","VEH-FUTURE-STANDARD-TOCOM-WESTPEAK","WESTPEAK","TOCOM","Interactive Brokers Securities Japan Inc.","environmental_power","environmental_power","PG-ENVIRONMENTAL-POWER","Pending-evidence","pending_evidence","pending_evidence","conditional_platform_verified_symbol_pending","pending_evidence","pending_evidence","pending_evidence","pending_evidence","pending_evidence","pending_evidence","pending_evidence","pending_evidence","pending_evidence","pending_evidence","","","","","","","","","","","","","","","N/ATR_20_JPY_or_native;current_price_as_of_date;contract_multiplier;tick_size;minimum_quantity;initial_margin_jpy;maintenance_margin_jpy;commission_roundtrip_jpy;spread_estimate;historical_data_availability;realtime_data_entitlement_cost;symbol_level_japan_resident_eligibility","EVD-P04-0001;EVD-P04-0002;EVD-P04-0003;EVD-P04-0004;EVD-P04-0005;EVD-P04-0006;EVD-P04-0007;EVD-P04-0008;EVD-P04-0009;EVD-P04-0010;EVD-P04-0011;EVD-P04-0012;EVD-P04-0014;EVD-P04-0017","Required margin, N/ATR, multiplier, minimum quantity, and symbol-level eligibility are unknown; rules prohibit pass.","P06-v0.1-no-price-no-margin-strict","2026-08-02","2026-08-02T15:17:35.0009807+09:00","Feasibility and Capital Gate Analyst","No current-price-dependent numeric result was computed because critical inputs are missing. This is intentional to avoid false pass."
"GTE-P06-20260802-0001","CAN-EXP-EQ-EU-EUROSTOXX50-FUTURE-STANDARD-EUREX-FESX-IBSJ","EXP-EQ-EU-EUROSTOXX50","CLU-EXP-EQ-EU-EUROSTOXX50","VEH-FUTURE-STANDARD-EUREX-FESX","FESX","EUREX","Interactive Brokers Securities Japan Inc.","equity_index","global_equity_europe","PG-EQ-EUROPE","Pending-evidence","pending_evidence","pending_evidence","conditional_platform_verified_symbol_pending","pending_evidence","pending_evidence","pending_evidence","pending_evidence","pending_evidence","pending_evidence","pending_evidence","pending_evidence","pending_evidence","pending_evidence","","","","","","","","","","","","","","","N/ATR_20_JPY_or_native;current_price_as_of_date;contract_multiplier;tick_size;minimum_quantity;initial_margin_jpy;maintenance_margin_jpy;commission_roundtrip_jpy;spread_estimate;historical_data_availability;realtime_data_entitlement_cost;symbol_level_japan_resident_eligibility","EVD-P04-0001;EVD-P04-0002;EVD-P04-0003;EVD-P04-0004;EVD-P04-0005;EVD-P04-0006;EVD-P04-0007;EVD-P04-0008;EVD-P04-0009;EVD-P04-0010;EVD-P04-0011;EVD-P04-0012;EVD-P04-0020","Required margin, N/ATR, multiplier, minimum quantity, and symbol-level eligibility are unknown; rules prohibit pass.","P06-v0.1-no-price-no-margin-strict","2026-08-02","2026-08-02T15:17:35.0009807+09:00","Feasibility and Capital Gate Analyst","No current-price-dependent numeric result was computed because critical inputs are missing. This is intentional to avoid false pass."
"GTE-P06-20260802-0001","CAN-EXP-EQ-EU-STOXX600-FUTURE-STANDARD-EUREX-FXXP-IBSJ","EXP-EQ-EU-STOXX600","CLU-EXP-EQ-EU-STOXX600","VEH-FUTURE-STANDARD-EUREX-FXXP","FXXP","EUREX","Interactive Brokers Securities Japan Inc.","equity_index","global_equity_europe","PG-EQ-EUROPE","Pending-evidence","pending_evidence","pending_evidence","conditional_platform_verified_symbol_pending","pending_evidence","pending_evidence","pending_evidence","pending_evidence","pending_evidence","pending_evidence","pending_evidence","pending_evidence","pending_evidence","pending_evidence","","","","","","","","","","","","","","","N/ATR_20_JPY_or_native;current_price_as_of_date;contract_multiplier;tick_size;minimum_quantity;initial_margin_jpy;maintenance_margin_jpy;commission_roundtrip_jpy;spread_estimate;historical_data_availability;realtime_data_entitlement_cost;symbol_level_japan_resident_eligibility","EVD-P04-0001;EVD-P04-0002;EVD-P04-0003;EVD-P04-0004;EVD-P04-0005;EVD-P04-0006;EVD-P04-0007;EVD-P04-0008;EVD-P04-0009;EVD-P04-0010;EVD-P04-0011;EVD-P04-0012;EVD-P04-0020","Required margin, N/ATR, multiplier, minimum quantity, and symbol-level eligibility are unknown; rules prohibit pass.","P06-v0.1-no-price-no-margin-strict","2026-08-02","2026-08-02T15:17:35.0009807+09:00","Feasibility and Capital Gate Analyst","No current-price-dependent numeric result was computed because critical inputs are missing. This is intentional to avoid false pass."
"GTE-P06-20260802-0001","CAN-EXP-EQ-DE-DAX-FUTURE-STANDARD-EUREX-FDAX-IBSJ","EXP-EQ-DE-DAX","CLU-EXP-EQ-DE-DAX","VEH-FUTURE-STANDARD-EUREX-FDAX","FDAX","EUREX","Interactive Brokers Securities Japan Inc.","equity_index","global_equity_europe","PG-EQ-EUROPE","Pending-evidence","pending_evidence","pending_evidence","conditional_platform_verified_symbol_pending","pending_evidence","pending_evidence","pending_evidence","pending_evidence","pending_evidence","pending_evidence","pending_evidence","pending_evidence","pending_evidence","pending_evidence","","","","","","","","","","","","","","","N/ATR_20_JPY_or_native;current_price_as_of_date;contract_multiplier;tick_size;minimum_quantity;initial_margin_jpy;maintenance_margin_jpy;commission_roundtrip_jpy;spread_estimate;historical_data_availability;realtime_data_entitlement_cost;symbol_level_japan_resident_eligibility","EVD-P04-0001;EVD-P04-0002;EVD-P04-0003;EVD-P04-0004;EVD-P04-0005;EVD-P04-0006;EVD-P04-0007;EVD-P04-0008;EVD-P04-0009;EVD-P04-0010;EVD-P04-0011;EVD-P04-0012;EVD-P04-0020","Required margin, N/ATR, multiplier, minimum quantity, and symbol-level eligibility are unknown; rules prohibit pass.","P06-v0.1-no-price-no-margin-strict","2026-08-02","2026-08-02T15:17:35.0009807+09:00","Feasibility and Capital Gate Analyst","No current-price-dependent numeric result was computed because critical inputs are missing. This is intentional to avoid false pass."
"GTE-P06-20260802-0001","CAN-EXP-EQ-DE-DAX-FUTURE-MINI-EUREX-FDXM-IBSJ","EXP-EQ-DE-DAX","CLU-EXP-EQ-DE-DAX","VEH-FUTURE-MINI-EUREX-FDXM","FDXM","EUREX","Interactive Brokers Securities Japan Inc.","equity_index","global_equity_europe","PG-EQ-EUROPE","Pending-evidence","pending_evidence","pending_evidence","conditional_platform_verified_symbol_pending","pending_evidence","pending_evidence","pending_evidence","pending_evidence","pending_evidence","pending_evidence","pending_evidence","pending_evidence","pending_evidence","pending_evidence","","","","","","","","","","","","","","","N/ATR_20_JPY_or_native;current_price_as_of_date;contract_multiplier;tick_size;minimum_quantity;initial_margin_jpy;maintenance_margin_jpy;commission_roundtrip_jpy;spread_estimate;historical_data_availability;realtime_data_entitlement_cost;symbol_level_japan_resident_eligibility","EVD-P04-0001;EVD-P04-0002;EVD-P04-0003;EVD-P04-0004;EVD-P04-0005;EVD-P04-0006;EVD-P04-0007;EVD-P04-0008;EVD-P04-0009;EVD-P04-0010;EVD-P04-0011;EVD-P04-0012;EVD-P04-0020","Required margin, N/ATR, multiplier, minimum quantity, and symbol-level eligibility are unknown; rules prohibit pass.","P06-v0.1-no-price-no-margin-strict","2026-08-02","2026-08-02T15:17:35.0009807+09:00","Feasibility and Capital Gate Analyst","No current-price-dependent numeric result was computed because critical inputs are missing. This is intentional to avoid false pass."
"GTE-P06-20260802-0001","CAN-EXP-EQ-GLOBAL-MSCIWORLD-FUTURE-STANDARD-EUREX-FMWO-IBSJ","EXP-EQ-GLOBAL-MSCIWORLD","CLU-EXP-EQ-GLOBAL-MSCIWORLD","VEH-FUTURE-STANDARD-EUREX-FMWO","FMWO","EUREX","Interactive Brokers Securities Japan Inc.","equity_index","global_equity_world","PG-EQ-GLOBAL-REGIONAL","Pending-evidence","pending_evidence","pending_evidence","conditional_platform_verified_symbol_pending","pending_evidence","pending_evidence","pending_evidence","pending_evidence","pending_evidence","pending_evidence","pending_evidence","pending_evidence","pending_evidence","pending_evidence","","","","","","","","","","","","","","","N/ATR_20_JPY_or_native;current_price_as_of_date;contract_multiplier;tick_size;minimum_quantity;initial_margin_jpy;maintenance_margin_jpy;commission_roundtrip_jpy;spread_estimate;historical_data_availability;realtime_data_entitlement_cost;symbol_level_japan_resident_eligibility","EVD-P04-0001;EVD-P04-0002;EVD-P04-0003;EVD-P04-0004;EVD-P04-0005;EVD-P04-0006;EVD-P04-0007;EVD-P04-0008;EVD-P04-0009;EVD-P04-0010;EVD-P04-0011;EVD-P04-0012;EVD-P04-0020","Required margin, N/ATR, multiplier, minimum quantity, and symbol-level eligibility are unknown; rules prohibit pass.","P06-v0.1-no-price-no-margin-strict","2026-08-02","2026-08-02T15:17:35.0009807+09:00","Feasibility and Capital Gate Analyst","No current-price-dependent numeric result was computed because critical inputs are missing. This is intentional to avoid false pass."
"GTE-P06-20260802-0001","CAN-EXP-EQ-JP-MSCIJAPAN-FUTURE-STANDARD-EUREX-FMJP-IBSJ","EXP-EQ-JP-MSCIJAPAN","CLU-EXP-EQ-JP-MSCIJAPAN","VEH-FUTURE-STANDARD-EUREX-FMJP","FMJP","EUREX","Interactive Brokers Securities Japan Inc.","equity_index","global_equity_japan","PG-EQ-JAPAN","Pending-evidence","pending_evidence","pending_evidence","conditional_platform_verified_symbol_pending","pending_evidence","pending_evidence","pending_evidence","pending_evidence","pending_evidence","pending_evidence","pending_evidence","pending_evidence","pending_evidence","pending_evidence","","","","","","","","","","","","","","","N/ATR_20_JPY_or_native;current_price_as_of_date;contract_multiplier;tick_size;minimum_quantity;initial_margin_jpy;maintenance_margin_jpy;commission_roundtrip_jpy;spread_estimate;historical_data_availability;realtime_data_entitlement_cost;symbol_level_japan_resident_eligibility","EVD-P04-0001;EVD-P04-0002;EVD-P04-0003;EVD-P04-0004;EVD-P04-0005;EVD-P04-0006;EVD-P04-0007;EVD-P04-0008;EVD-P04-0009;EVD-P04-0010;EVD-P04-0011;EVD-P04-0012;EVD-P04-0020","Required margin, N/ATR, multiplier, minimum quantity, and symbol-level eligibility are unknown; rules prohibit pass.","P06-v0.1-no-price-no-margin-strict","2026-08-02","2026-08-02T15:17:35.0009807+09:00","Feasibility and Capital Gate Analyst","No current-price-dependent numeric result was computed because critical inputs are missing. This is intentional to avoid false pass."
"GTE-P06-20260802-0001","CAN-EXP-EQ-KR-MSCIKOREA-FUTURE-STANDARD-EUREX-FMKR-IBSJ","EXP-EQ-KR-MSCIKOREA","CLU-EXP-EQ-KR-MSCIKOREA","VEH-FUTURE-STANDARD-EUREX-FMKR","FMKR","EUREX","Interactive Brokers Securities Japan Inc.","equity_index","global_equity_asia","PG-EQ-GLOBAL-REGIONAL","Pending-evidence","pending_evidence","pending_evidence","conditional_platform_verified_symbol_pending","pending_evidence","pending_evidence","pending_evidence","pending_evidence","pending_evidence","pending_evidence","pending_evidence","pending_evidence","pending_evidence","pending_evidence","","","","","","","","","","","","","","","N/ATR_20_JPY_or_native;current_price_as_of_date;contract_multiplier;tick_size;minimum_quantity;initial_margin_jpy;maintenance_margin_jpy;commission_roundtrip_jpy;spread_estimate;historical_data_availability;realtime_data_entitlement_cost;symbol_level_japan_resident_eligibility","EVD-P04-0001;EVD-P04-0002;EVD-P04-0003;EVD-P04-0004;EVD-P04-0005;EVD-P04-0006;EVD-P04-0007;EVD-P04-0008;EVD-P04-0009;EVD-P04-0010;EVD-P04-0011;EVD-P04-0012;EVD-P04-0020","Required margin, N/ATR, multiplier, minimum quantity, and symbol-level eligibility are unknown; rules prohibit pass.","P06-v0.1-no-price-no-margin-strict","2026-08-02","2026-08-02T15:17:35.0009807+09:00","Feasibility and Capital Gate Analyst","No current-price-dependent numeric result was computed because critical inputs are missing. This is intentional to avoid false pass."
"GTE-P06-20260802-0001","CAN-EXP-RATES-DE-SCHATZ-FUTURE-STANDARD-EUREX-FGBS-IBSJ","EXP-RATES-DE-SCHATZ","CLU-EXP-RATES-DE-SCHATZ","VEH-FUTURE-STANDARD-EUREX-FGBS","FGBS","EUREX","Interactive Brokers Securities Japan Inc.","rates","rates_dm_eu","PG-RATES-US","Pending-evidence","pending_evidence","pending_evidence","conditional_platform_verified_symbol_pending","pending_evidence","pending_evidence","pending_evidence","pending_evidence","pending_evidence","pending_evidence","pending_evidence","pending_evidence","pending_evidence","pending_evidence","","","","","","","","","","","","","","","N/ATR_20_JPY_or_native;current_price_as_of_date;contract_multiplier;tick_size;minimum_quantity;initial_margin_jpy;maintenance_margin_jpy;commission_roundtrip_jpy;spread_estimate;historical_data_availability;realtime_data_entitlement_cost;symbol_level_japan_resident_eligibility","EVD-P04-0001;EVD-P04-0002;EVD-P04-0003;EVD-P04-0004;EVD-P04-0005;EVD-P04-0006;EVD-P04-0007;EVD-P04-0008;EVD-P04-0009;EVD-P04-0010;EVD-P04-0011;EVD-P04-0012;EVD-P04-0020","Required margin, N/ATR, multiplier, minimum quantity, and symbol-level eligibility are unknown; rules prohibit pass.","P06-v0.1-no-price-no-margin-strict","2026-08-02","2026-08-02T15:17:35.0009807+09:00","Feasibility and Capital Gate Analyst","No current-price-dependent numeric result was computed because critical inputs are missing. This is intentional to avoid false pass."
"GTE-P06-20260802-0001","CAN-EXP-RATES-DE-BOBL-FUTURE-STANDARD-EUREX-FGBM-IBSJ","EXP-RATES-DE-BOBL","CLU-EXP-RATES-DE-BOBL","VEH-FUTURE-STANDARD-EUREX-FGBM","FGBM","EUREX","Interactive Brokers Securities Japan Inc.","rates","rates_dm_eu","PG-RATES-US","Pending-evidence","pending_evidence","pending_evidence","conditional_platform_verified_symbol_pending","pending_evidence","pending_evidence","pending_evidence","pending_evidence","pending_evidence","pending_evidence","pending_evidence","pending_evidence","pending_evidence","pending_evidence","","","","","","","","","","","","","","","N/ATR_20_JPY_or_native;current_price_as_of_date;contract_multiplier;tick_size;minimum_quantity;initial_margin_jpy;maintenance_margin_jpy;commission_roundtrip_jpy;spread_estimate;historical_data_availability;realtime_data_entitlement_cost;symbol_level_japan_resident_eligibility","EVD-P04-0001;EVD-P04-0002;EVD-P04-0003;EVD-P04-0004;EVD-P04-0005;EVD-P04-0006;EVD-P04-0007;EVD-P04-0008;EVD-P04-0009;EVD-P04-0010;EVD-P04-0011;EVD-P04-0012;EVD-P04-0020","Required margin, N/ATR, multiplier, minimum quantity, and symbol-level eligibility are unknown; rules prohibit pass.","P06-v0.1-no-price-no-margin-strict","2026-08-02","2026-08-02T15:17:35.0009807+09:00","Feasibility and Capital Gate Analyst","No current-price-dependent numeric result was computed because critical inputs are missing. This is intentional to avoid false pass."
"GTE-P06-20260802-0001","CAN-EXP-RATES-DE-BUND-FUTURE-STANDARD-EUREX-FGBL-IBSJ","EXP-RATES-DE-BUND","CLU-EXP-RATES-DE-BUND","VEH-FUTURE-STANDARD-EUREX-FGBL","FGBL","EUREX","Interactive Brokers Securities Japan Inc.","rates","rates_dm_eu","PG-RATES-US","Pending-evidence","pending_evidence","pending_evidence","conditional_platform_verified_symbol_pending","pending_evidence","pending_evidence","pending_evidence","pending_evidence","pending_evidence","pending_evidence","pending_evidence","pending_evidence","pending_evidence","pending_evidence","","","","","","","","","","","","","","","N/ATR_20_JPY_or_native;current_price_as_of_date;contract_multiplier;tick_size;minimum_quantity;initial_margin_jpy;maintenance_margin_jpy;commission_roundtrip_jpy;spread_estimate;historical_data_availability;realtime_data_entitlement_cost;symbol_level_japan_resident_eligibility","EVD-P04-0001;EVD-P04-0002;EVD-P04-0003;EVD-P04-0004;EVD-P04-0005;EVD-P04-0006;EVD-P04-0007;EVD-P04-0008;EVD-P04-0009;EVD-P04-0010;EVD-P04-0011;EVD-P04-0012;EVD-P04-0020","Required margin, N/ATR, multiplier, minimum quantity, and symbol-level eligibility are unknown; rules prohibit pass.","P06-v0.1-no-price-no-margin-strict","2026-08-02","2026-08-02T15:17:35.0009807+09:00","Feasibility and Capital Gate Analyst","No current-price-dependent numeric result was computed because critical inputs are missing. This is intentional to avoid false pass."
"GTE-P06-20260802-0001","CAN-EXP-RATES-DE-BUXL-FUTURE-STANDARD-EUREX-FGBX-IBSJ","EXP-RATES-DE-BUXL","CLU-EXP-RATES-DE-BUXL","VEH-FUTURE-STANDARD-EUREX-FGBX","FGBX","EUREX","Interactive Brokers Securities Japan Inc.","rates","rates_dm_eu","PG-RATES-US","Pending-evidence","pending_evidence","pending_evidence","conditional_platform_verified_symbol_pending","pending_evidence","pending_evidence","pending_evidence","pending_evidence","pending_evidence","pending_evidence","pending_evidence","pending_evidence","pending_evidence","pending_evidence","","","","","","","","","","","","","","","N/ATR_20_JPY_or_native;current_price_as_of_date;contract_multiplier;tick_size;minimum_quantity;initial_margin_jpy;maintenance_margin_jpy;commission_roundtrip_jpy;spread_estimate;historical_data_availability;realtime_data_entitlement_cost;symbol_level_japan_resident_eligibility","EVD-P04-0001;EVD-P04-0002;EVD-P04-0003;EVD-P04-0004;EVD-P04-0005;EVD-P04-0006;EVD-P04-0007;EVD-P04-0008;EVD-P04-0009;EVD-P04-0010;EVD-P04-0011;EVD-P04-0012;EVD-P04-0020","Required margin, N/ATR, multiplier, minimum quantity, and symbol-level eligibility are unknown; rules prohibit pass.","P06-v0.1-no-price-no-margin-strict","2026-08-02","2026-08-02T15:17:35.0009807+09:00","Feasibility and Capital Gate Analyst","No current-price-dependent numeric result was computed because critical inputs are missing. This is intentional to avoid false pass."
"GTE-P06-20260802-0001","CAN-EXP-RATES-IT-BTP-FUTURE-STANDARD-EUREX-FBTP-IBSJ","EXP-RATES-IT-BTP","CLU-EXP-RATES-IT-BTP","VEH-FUTURE-STANDARD-EUREX-FBTP","FBTP","EUREX","Interactive Brokers Securities Japan Inc.","rates","rates_dm_eu_peripheral","PG-RATES-US","Pending-evidence","pending_evidence","pending_evidence","conditional_platform_verified_symbol_pending","pending_evidence","pending_evidence","pending_evidence","pending_evidence","pending_evidence","pending_evidence","pending_evidence","pending_evidence","pending_evidence","pending_evidence","","","","","","","","","","","","","","","N/ATR_20_JPY_or_native;current_price_as_of_date;contract_multiplier;tick_size;minimum_quantity;initial_margin_jpy;maintenance_margin_jpy;commission_roundtrip_jpy;spread_estimate;historical_data_availability;realtime_data_entitlement_cost;symbol_level_japan_resident_eligibility","EVD-P04-0001;EVD-P04-0002;EVD-P04-0003;EVD-P04-0004;EVD-P04-0005;EVD-P04-0006;EVD-P04-0007;EVD-P04-0008;EVD-P04-0009;EVD-P04-0010;EVD-P04-0011;EVD-P04-0012;EVD-P04-0020","Required margin, N/ATR, multiplier, minimum quantity, and symbol-level eligibility are unknown; rules prohibit pass.","P06-v0.1-no-price-no-margin-strict","2026-08-02","2026-08-02T15:17:35.0009807+09:00","Feasibility and Capital Gate Analyst","No current-price-dependent numeric result was computed because critical inputs are missing. This is intentional to avoid false pass."
"GTE-P06-20260802-0001","CAN-EXP-RATES-FR-OAT-FUTURE-STANDARD-EUREX-FOAT-IBSJ","EXP-RATES-FR-OAT","CLU-EXP-RATES-FR-OAT","VEH-FUTURE-STANDARD-EUREX-FOAT","FOAT","EUREX","Interactive Brokers Securities Japan Inc.","rates","rates_dm_eu","PG-RATES-US","Pending-evidence","pending_evidence","pending_evidence","conditional_platform_verified_symbol_pending","pending_evidence","pending_evidence","pending_evidence","pending_evidence","pending_evidence","pending_evidence","pending_evidence","pending_evidence","pending_evidence","pending_evidence","","","","","","","","","","","","","","","N/ATR_20_JPY_or_native;current_price_as_of_date;contract_multiplier;tick_size;minimum_quantity;initial_margin_jpy;maintenance_margin_jpy;commission_roundtrip_jpy;spread_estimate;historical_data_availability;realtime_data_entitlement_cost;symbol_level_japan_resident_eligibility","EVD-P04-0001;EVD-P04-0002;EVD-P04-0003;EVD-P04-0004;EVD-P04-0005;EVD-P04-0006;EVD-P04-0007;EVD-P04-0008;EVD-P04-0009;EVD-P04-0010;EVD-P04-0011;EVD-P04-0012;EVD-P04-0020","Required margin, N/ATR, multiplier, minimum quantity, and symbol-level eligibility are unknown; rules prohibit pass.","P06-v0.1-no-price-no-margin-strict","2026-08-02","2026-08-02T15:17:35.0009807+09:00","Feasibility and Capital Gate Analyst","No current-price-dependent numeric result was computed because critical inputs are missing. This is intentional to avoid false pass."
"GTE-P06-20260802-0001","CAN-EXP-VOL-EU-VSTOXX-FUTURE-STANDARD-EUREX-FVS-IBSJ","EXP-VOL-EU-VSTOXX","CLU-EXP-VOL-EU-VSTOXX","VEH-FUTURE-STANDARD-EUREX-FVS","FVS","EUREX","Interactive Brokers Securities Japan Inc.","volatility","vol_equity","PG-VOLATILITY","Pending-evidence","pending_evidence","pending_evidence","conditional_platform_verified_symbol_pending","pending_evidence","pending_evidence","pending_evidence","pending_evidence","pending_evidence","pending_evidence","pending_evidence","pending_evidence","pending_evidence","pending_evidence","","","","","","","","","","","","","","","N/ATR_20_JPY_or_native;current_price_as_of_date;contract_multiplier;tick_size;minimum_quantity;initial_margin_jpy;maintenance_margin_jpy;commission_roundtrip_jpy;spread_estimate;historical_data_availability;realtime_data_entitlement_cost;symbol_level_japan_resident_eligibility","EVD-P04-0001;EVD-P04-0002;EVD-P04-0003;EVD-P04-0004;EVD-P04-0005;EVD-P04-0006;EVD-P04-0007;EVD-P04-0008;EVD-P04-0009;EVD-P04-0010;EVD-P04-0011;EVD-P04-0012;EVD-P04-0020","Required margin, N/ATR, multiplier, minimum quantity, and symbol-level eligibility are unknown; rules prohibit pass.","P06-v0.1-no-price-no-margin-strict","2026-08-02","2026-08-02T15:17:35.0009807+09:00","Feasibility and Capital Gate Analyst","No current-price-dependent numeric result was computed because critical inputs are missing. This is intentional to avoid false pass."
"GTE-P06-20260802-0001","CAN-EXP-EQ-CN-FTSEA50-FUTURE-STANDARD-SGX-CN-IBSJ","EXP-EQ-CN-FTSEA50","CLU-EXP-EQ-CN-FTSEA50","VEH-FUTURE-STANDARD-SGX-CN","CN","SGX","Interactive Brokers Securities Japan Inc.","equity_index","global_equity_china","PG-EQ-CHINA","Pending-evidence","pending_evidence","pending_evidence","conditional_platform_verified_symbol_pending","pending_evidence","pending_evidence","pending_evidence","pending_evidence","pending_evidence","pending_evidence","pending_evidence","pending_evidence","pending_evidence","pending_evidence","","","","","","","","","","","","","","","N/ATR_20_JPY_or_native;current_price_as_of_date;contract_multiplier;tick_size;minimum_quantity;initial_margin_jpy;maintenance_margin_jpy;commission_roundtrip_jpy;spread_estimate;historical_data_availability;realtime_data_entitlement_cost;symbol_level_japan_resident_eligibility","EVD-P04-0001;EVD-P04-0002;EVD-P04-0003;EVD-P04-0004;EVD-P04-0005;EVD-P04-0006;EVD-P04-0007;EVD-P04-0008;EVD-P04-0009;EVD-P04-0010;EVD-P04-0011;EVD-P04-0012;EVD-P04-0013;EVD-P04-0015;EVD-P04-0018","Required margin, N/ATR, multiplier, minimum quantity, and symbol-level eligibility are unknown; rules prohibit pass.","P06-v0.1-no-price-no-margin-strict","2026-08-02","2026-08-02T15:17:35.0009807+09:00","Feasibility and Capital Gate Analyst","No current-price-dependent numeric result was computed because critical inputs are missing. This is intentional to avoid false pass."
"GTE-P06-20260802-0001","CAN-EXP-EQ-JP-NIKKEI225-SGX-FUTURE-STANDARD-SGX-NK-IBSJ","EXP-EQ-JP-NIKKEI225-SGX","CLU-EXP-EQ-JP-NIKKEI225-SGX","VEH-FUTURE-STANDARD-SGX-NK","NK","SGX","Interactive Brokers Securities Japan Inc.","equity_index","global_equity_japan","PG-EQ-JAPAN","Pending-evidence","pending_evidence","pending_evidence","conditional_platform_verified_symbol_pending","pending_evidence","pending_evidence","pending_evidence","pending_evidence","pending_evidence","pending_evidence","pending_evidence","pending_evidence","pending_evidence","pending_evidence","","","","","","","","","","","","","","","N/ATR_20_JPY_or_native;current_price_as_of_date;contract_multiplier;tick_size;minimum_quantity;initial_margin_jpy;maintenance_margin_jpy;commission_roundtrip_jpy;spread_estimate;historical_data_availability;realtime_data_entitlement_cost;symbol_level_japan_resident_eligibility","EVD-P04-0001;EVD-P04-0002;EVD-P04-0003;EVD-P04-0004;EVD-P04-0005;EVD-P04-0006;EVD-P04-0007;EVD-P04-0008;EVD-P04-0009;EVD-P04-0010;EVD-P04-0011;EVD-P04-0012;EVD-P04-0013;EVD-P04-0015;EVD-P04-0018","Required margin, N/ATR, multiplier, minimum quantity, and symbol-level eligibility are unknown; rules prohibit pass.","P06-v0.1-no-price-no-margin-strict","2026-08-02","2026-08-02T15:17:35.0009807+09:00","Feasibility and Capital Gate Analyst","No current-price-dependent numeric result was computed because critical inputs are missing. This is intentional to avoid false pass."
"GTE-P06-20260802-0001","CAN-EXP-EQ-TW-FTSETAIWAN-FUTURE-STANDARD-SGX-TW-IBSJ","EXP-EQ-TW-FTSETAIWAN","CLU-EXP-EQ-TW-FTSETAIWAN","VEH-FUTURE-STANDARD-SGX-TW","TW","SGX","Interactive Brokers Securities Japan Inc.","equity_index","global_equity_asia","PG-EQ-GLOBAL-REGIONAL","Pending-evidence","pending_evidence","pending_evidence","conditional_platform_verified_symbol_pending","pending_evidence","pending_evidence","pending_evidence","pending_evidence","pending_evidence","pending_evidence","pending_evidence","pending_evidence","pending_evidence","pending_evidence","","","","","","","","","","","","","","","N/ATR_20_JPY_or_native;current_price_as_of_date;contract_multiplier;tick_size;minimum_quantity;initial_margin_jpy;maintenance_margin_jpy;commission_roundtrip_jpy;spread_estimate;historical_data_availability;realtime_data_entitlement_cost;symbol_level_japan_resident_eligibility","EVD-P04-0001;EVD-P04-0002;EVD-P04-0003;EVD-P04-0004;EVD-P04-0005;EVD-P04-0006;EVD-P04-0007;EVD-P04-0008;EVD-P04-0009;EVD-P04-0010;EVD-P04-0011;EVD-P04-0012;EVD-P04-0013;EVD-P04-0015;EVD-P04-0018","Required margin, N/ATR, multiplier, minimum quantity, and symbol-level eligibility are unknown; rules prohibit pass.","P06-v0.1-no-price-no-margin-strict","2026-08-02","2026-08-02T15:17:35.0009807+09:00","Feasibility and Capital Gate Analyst","No current-price-dependent numeric result was computed because critical inputs are missing. This is intentional to avoid false pass."
"GTE-P06-20260802-0001","CAN-EXP-EQ-SG-MSCISINGAPORE-FUTURE-STANDARD-SGX-SG-IBSJ","EXP-EQ-SG-MSCISINGAPORE","CLU-EXP-EQ-SG-MSCISINGAPORE","VEH-FUTURE-STANDARD-SGX-SG","SG","SGX","Interactive Brokers Securities Japan Inc.","equity_index","global_equity_asia","PG-EQ-GLOBAL-REGIONAL","Pending-evidence","pending_evidence","pending_evidence","conditional_platform_verified_symbol_pending","pending_evidence","pending_evidence","pending_evidence","pending_evidence","pending_evidence","pending_evidence","pending_evidence","pending_evidence","pending_evidence","pending_evidence","","","","","","","","","","","","","","","N/ATR_20_JPY_or_native;current_price_as_of_date;contract_multiplier;tick_size;minimum_quantity;initial_margin_jpy;maintenance_margin_jpy;commission_roundtrip_jpy;spread_estimate;historical_data_availability;realtime_data_entitlement_cost;symbol_level_japan_resident_eligibility","EVD-P04-0001;EVD-P04-0002;EVD-P04-0003;EVD-P04-0004;EVD-P04-0005;EVD-P04-0006;EVD-P04-0007;EVD-P04-0008;EVD-P04-0009;EVD-P04-0010;EVD-P04-0011;EVD-P04-0012;EVD-P04-0013;EVD-P04-0015;EVD-P04-0018","Required margin, N/ATR, multiplier, minimum quantity, and symbol-level eligibility are unknown; rules prohibit pass.","P06-v0.1-no-price-no-margin-strict","2026-08-02","2026-08-02T15:17:35.0009807+09:00","Feasibility and Capital Gate Analyst","No current-price-dependent numeric result was computed because critical inputs are missing. This is intentional to avoid false pass."
"GTE-P06-20260802-0001","CAN-EXP-EQ-CN-FTSECHINAH50-FUTURE-STANDARD-SGX-CH-IBSJ","EXP-EQ-CN-FTSECHINAH50","CLU-EXP-EQ-CN-FTSECHINAH50","VEH-FUTURE-STANDARD-SGX-CH","CH","SGX","Interactive Brokers Securities Japan Inc.","equity_index","global_equity_china","PG-EQ-CHINA","Pending-evidence","pending_evidence","pending_evidence","conditional_platform_verified_symbol_pending","pending_evidence","pending_evidence","pending_evidence","pending_evidence","pending_evidence","pending_evidence","pending_evidence","pending_evidence","pending_evidence","pending_evidence","","","","","","","","","","","","","","","N/ATR_20_JPY_or_native;current_price_as_of_date;contract_multiplier;tick_size;minimum_quantity;initial_margin_jpy;maintenance_margin_jpy;commission_roundtrip_jpy;spread_estimate;historical_data_availability;realtime_data_entitlement_cost;symbol_level_japan_resident_eligibility","EVD-P04-0001;EVD-P04-0002;EVD-P04-0003;EVD-P04-0004;EVD-P04-0005;EVD-P04-0006;EVD-P04-0007;EVD-P04-0008;EVD-P04-0009;EVD-P04-0010;EVD-P04-0011;EVD-P04-0012;EVD-P04-0013;EVD-P04-0015;EVD-P04-0018","Required margin, N/ATR, multiplier, minimum quantity, and symbol-level eligibility are unknown; rules prohibit pass.","P06-v0.1-no-price-no-margin-strict","2026-08-02","2026-08-02T15:17:35.0009807+09:00","Feasibility and Capital Gate Analyst","No current-price-dependent numeric result was computed because critical inputs are missing. This is intentional to avoid false pass."
"GTE-P06-20260802-0001","CAN-EXP-FX-G10-AUDJPY-SGX-FUTURE-STANDARD-SGX-AUDJPY-IBSJ","EXP-FX-G10-AUDJPY-SGX","CLU-EXP-FX-G10-AUDJPY-SGX","VEH-FUTURE-STANDARD-SGX-AUDJPY","AUDJPY","SGX","Interactive Brokers Securities Japan Inc.","fx","fx_g10","PG-FX-CURRENCY-FUTURES","Pending-evidence","pending_evidence","pending_evidence","conditional_platform_verified_symbol_pending","pending_evidence","pending_evidence","pending_evidence","pending_evidence","pending_evidence","pending_evidence","pending_evidence","pending_evidence","pending_evidence","pending_evidence","","","","","","","","","","","","","","","N/ATR_20_JPY_or_native;current_price_as_of_date;contract_multiplier;tick_size;minimum_quantity;initial_margin_jpy;maintenance_margin_jpy;commission_roundtrip_jpy;spread_estimate;historical_data_availability;realtime_data_entitlement_cost;symbol_level_japan_resident_eligibility","EVD-P04-0001;EVD-P04-0002;EVD-P04-0003;EVD-P04-0004;EVD-P04-0005;EVD-P04-0006;EVD-P04-0007;EVD-P04-0008;EVD-P04-0009;EVD-P04-0010;EVD-P04-0011;EVD-P04-0012;EVD-P04-0013;EVD-P04-0015;EVD-P04-0018","Required margin, N/ATR, multiplier, minimum quantity, and symbol-level eligibility are unknown; rules prohibit pass.","P06-v0.1-no-price-no-margin-strict","2026-08-02","2026-08-02T15:17:35.0009807+09:00","Feasibility and Capital Gate Analyst","No current-price-dependent numeric result was computed because critical inputs are missing. This is intentional to avoid false pass."
"GTE-P06-20260802-0001","CAN-EXP-FX-G10-AUDUSD-SGX-FUTURE-STANDARD-SGX-AUDUSD-IBSJ","EXP-FX-G10-AUDUSD-SGX","CLU-EXP-FX-G10-AUDUSD-SGX","VEH-FUTURE-STANDARD-SGX-AUDUSD","AUDUSD","SGX","Interactive Brokers Securities Japan Inc.","fx","fx_g10","PG-FX-CURRENCY-FUTURES","Pending-evidence","pending_evidence","pending_evidence","conditional_platform_verified_symbol_pending","pending_evidence","pending_evidence","pending_evidence","pending_evidence","pending_evidence","pending_evidence","pending_evidence","pending_evidence","pending_evidence","pending_evidence","","","","","","","","","","","","","","","N/ATR_20_JPY_or_native;current_price_as_of_date;contract_multiplier;tick_size;minimum_quantity;initial_margin_jpy;maintenance_margin_jpy;commission_roundtrip_jpy;spread_estimate;historical_data_availability;realtime_data_entitlement_cost;symbol_level_japan_resident_eligibility","EVD-P04-0001;EVD-P04-0002;EVD-P04-0003;EVD-P04-0004;EVD-P04-0005;EVD-P04-0006;EVD-P04-0007;EVD-P04-0008;EVD-P04-0009;EVD-P04-0010;EVD-P04-0011;EVD-P04-0012;EVD-P04-0013;EVD-P04-0015;EVD-P04-0018","Required margin, N/ATR, multiplier, minimum quantity, and symbol-level eligibility are unknown; rules prohibit pass.","P06-v0.1-no-price-no-margin-strict","2026-08-02","2026-08-02T15:17:35.0009807+09:00","Feasibility and Capital Gate Analyst","No current-price-dependent numeric result was computed because critical inputs are missing. This is intentional to avoid false pass."
"GTE-P06-20260802-0001","CAN-EXP-FX-EM-BRLUSD-SGX-FUTURE-STANDARD-SGX-BRLUSD-IBSJ","EXP-FX-EM-BRLUSD-SGX","CLU-EXP-FX-EM-BRLUSD-SGX","VEH-FUTURE-STANDARD-SGX-BRLUSD","BRLUSD","SGX","Interactive Brokers Securities Japan Inc.","fx","fx_em","PG-FX-CURRENCY-FUTURES","Pending-evidence","pending_evidence","pending_evidence","conditional_platform_verified_symbol_pending","pending_evidence","pending_evidence","pending_evidence","pending_evidence","pending_evidence","pending_evidence","pending_evidence","pending_evidence","pending_evidence","pending_evidence","","","","","","","","","","","","","","","N/ATR_20_JPY_or_native;current_price_as_of_date;contract_multiplier;tick_size;minimum_quantity;initial_margin_jpy;maintenance_margin_jpy;commission_roundtrip_jpy;spread_estimate;historical_data_availability;realtime_data_entitlement_cost;symbol_level_japan_resident_eligibility","EVD-P04-0001;EVD-P04-0002;EVD-P04-0003;EVD-P04-0004;EVD-P04-0005;EVD-P04-0006;EVD-P04-0007;EVD-P04-0008;EVD-P04-0009;EVD-P04-0010;EVD-P04-0011;EVD-P04-0012;EVD-P04-0013;EVD-P04-0015;EVD-P04-0018","Required margin, N/ATR, multiplier, minimum quantity, and symbol-level eligibility are unknown; rules prohibit pass.","P06-v0.1-no-price-no-margin-strict","2026-08-02","2026-08-02T15:17:35.0009807+09:00","Feasibility and Capital Gate Analyst","No current-price-dependent numeric result was computed because critical inputs are missing. This is intentional to avoid false pass."
"GTE-P06-20260802-0001","CAN-EXP-FX-EM-CNYUSD-SGX-FUTURE-STANDARD-SGX-CNYUSD-IBSJ","EXP-FX-EM-CNYUSD-SGX","CLU-EXP-FX-EM-CNYUSD-SGX","VEH-FUTURE-STANDARD-SGX-CNYUSD","CNYUSD","SGX","Interactive Brokers Securities Japan Inc.","fx","fx_em","PG-FX-CURRENCY-FUTURES","Pending-evidence","pending_evidence","pending_evidence","conditional_platform_verified_symbol_pending","pending_evidence","pending_evidence","pending_evidence","pending_evidence","pending_evidence","pending_evidence","pending_evidence","pending_evidence","pending_evidence","pending_evidence","","","","","","","","","","","","","","","N/ATR_20_JPY_or_native;current_price_as_of_date;contract_multiplier;tick_size;minimum_quantity;initial_margin_jpy;maintenance_margin_jpy;commission_roundtrip_jpy;spread_estimate;historical_data_availability;realtime_data_entitlement_cost;symbol_level_japan_resident_eligibility","EVD-P04-0001;EVD-P04-0002;EVD-P04-0003;EVD-P04-0004;EVD-P04-0005;EVD-P04-0006;EVD-P04-0007;EVD-P04-0008;EVD-P04-0009;EVD-P04-0010;EVD-P04-0011;EVD-P04-0012;EVD-P04-0013;EVD-P04-0015;EVD-P04-0018","Required margin, N/ATR, multiplier, minimum quantity, and symbol-level eligibility are unknown; rules prohibit pass.","P06-v0.1-no-price-no-margin-strict","2026-08-02","2026-08-02T15:17:35.0009807+09:00","Feasibility and Capital Gate Analyst","No current-price-dependent numeric result was computed because critical inputs are missing. This is intentional to avoid false pass."
"GTE-P06-20260802-0001","CAN-EXP-FX-EM-INRUSD-SGX-FUTURE-STANDARD-SGX-INRUSD-IBSJ","EXP-FX-EM-INRUSD-SGX","CLU-EXP-FX-EM-INRUSD-SGX","VEH-FUTURE-STANDARD-SGX-INRUSD","INRUSD","SGX","Interactive Brokers Securities Japan Inc.","fx","fx_em","PG-FX-CURRENCY-FUTURES","Pending-evidence","pending_evidence","pending_evidence","conditional_platform_verified_symbol_pending","pending_evidence","pending_evidence","pending_evidence","pending_evidence","pending_evidence","pending_evidence","pending_evidence","pending_evidence","pending_evidence","pending_evidence","","","","","","","","","","","","","","","N/ATR_20_JPY_or_native;current_price_as_of_date;contract_multiplier;tick_size;minimum_quantity;initial_margin_jpy;maintenance_margin_jpy;commission_roundtrip_jpy;spread_estimate;historical_data_availability;realtime_data_entitlement_cost;symbol_level_japan_resident_eligibility","EVD-P04-0001;EVD-P04-0002;EVD-P04-0003;EVD-P04-0004;EVD-P04-0005;EVD-P04-0006;EVD-P04-0007;EVD-P04-0008;EVD-P04-0009;EVD-P04-0010;EVD-P04-0011;EVD-P04-0012;EVD-P04-0013;EVD-P04-0015;EVD-P04-0018","Required margin, N/ATR, multiplier, minimum quantity, and symbol-level eligibility are unknown; rules prohibit pass.","P06-v0.1-no-price-no-margin-strict","2026-08-02","2026-08-02T15:17:35.0009807+09:00","Feasibility and Capital Gate Analyst","No current-price-dependent numeric result was computed because critical inputs are missing. This is intentional to avoid false pass."
"GTE-P06-20260802-0001","CAN-EXP-FX-EM-KRWUSD-SGX-FUTURE-STANDARD-SGX-KRWUSD-IBSJ","EXP-FX-EM-KRWUSD-SGX","CLU-EXP-FX-EM-KRWUSD-SGX","VEH-FUTURE-STANDARD-SGX-KRWUSD","KRWUSD","SGX","Interactive Brokers Securities Japan Inc.","fx","fx_em","PG-FX-CURRENCY-FUTURES","Pending-evidence","pending_evidence","pending_evidence","conditional_platform_verified_symbol_pending","pending_evidence","pending_evidence","pending_evidence","pending_evidence","pending_evidence","pending_evidence","pending_evidence","pending_evidence","pending_evidence","pending_evidence","","","","","","","","","","","","","","","N/ATR_20_JPY_or_native;current_price_as_of_date;contract_multiplier;tick_size;minimum_quantity;initial_margin_jpy;maintenance_margin_jpy;commission_roundtrip_jpy;spread_estimate;historical_data_availability;realtime_data_entitlement_cost;symbol_level_japan_resident_eligibility","EVD-P04-0001;EVD-P04-0002;EVD-P04-0003;EVD-P04-0004;EVD-P04-0005;EVD-P04-0006;EVD-P04-0007;EVD-P04-0008;EVD-P04-0009;EVD-P04-0010;EVD-P04-0011;EVD-P04-0012;EVD-P04-0013;EVD-P04-0015;EVD-P04-0018","Required margin, N/ATR, multiplier, minimum quantity, and symbol-level eligibility are unknown; rules prohibit pass.","P06-v0.1-no-price-no-margin-strict","2026-08-02","2026-08-02T15:17:35.0009807+09:00","Feasibility and Capital Gate Analyst","No current-price-dependent numeric result was computed because critical inputs are missing. This is intentional to avoid false pass."
"GTE-P06-20260802-0001","CAN-EXP-FX-G10-USDJPY-SGX-FUTURE-STANDARD-SGX-USDJPY-IBSJ","EXP-FX-G10-USDJPY-SGX","CLU-EXP-FX-G10-USDJPY-SGX","VEH-FUTURE-STANDARD-SGX-USDJPY","USDJPY","SGX","Interactive Brokers Securities Japan Inc.","fx","fx_g10","PG-FX-CURRENCY-FUTURES","Pending-evidence","pending_evidence","pending_evidence","conditional_platform_verified_symbol_pending","pending_evidence","pending_evidence","pending_evidence","pending_evidence","pending_evidence","pending_evidence","pending_evidence","pending_evidence","pending_evidence","pending_evidence","","","","","","","","","","","","","","","N/ATR_20_JPY_or_native;current_price_as_of_date;contract_multiplier;tick_size;minimum_quantity;initial_margin_jpy;maintenance_margin_jpy;commission_roundtrip_jpy;spread_estimate;historical_data_availability;realtime_data_entitlement_cost;symbol_level_japan_resident_eligibility","EVD-P04-0001;EVD-P04-0002;EVD-P04-0003;EVD-P04-0004;EVD-P04-0005;EVD-P04-0006;EVD-P04-0007;EVD-P04-0008;EVD-P04-0009;EVD-P04-0010;EVD-P04-0011;EVD-P04-0012;EVD-P04-0013;EVD-P04-0015;EVD-P04-0018","Required margin, N/ATR, multiplier, minimum quantity, and symbol-level eligibility are unknown; rules prohibit pass.","P06-v0.1-no-price-no-margin-strict","2026-08-02","2026-08-02T15:17:35.0009807+09:00","Feasibility and Capital Gate Analyst","No current-price-dependent numeric result was computed because critical inputs are missing. This is intentional to avoid false pass."
"GTE-P06-20260802-0001","CAN-EXP-FX-EM-USDCNH-SGX-FUTURE-STANDARD-SGX-USDCNH-IBSJ","EXP-FX-EM-USDCNH-SGX","CLU-EXP-FX-EM-USDCNH-SGX","VEH-FUTURE-STANDARD-SGX-USDCNH","USDCNH","SGX","Interactive Brokers Securities Japan Inc.","fx","fx_em","PG-FX-CURRENCY-FUTURES","Pending-evidence","pending_evidence","pending_evidence","conditional_platform_verified_symbol_pending","pending_evidence","pending_evidence","pending_evidence","pending_evidence","pending_evidence","pending_evidence","pending_evidence","pending_evidence","pending_evidence","pending_evidence","","","","","","","","","","","","","","","N/ATR_20_JPY_or_native;current_price_as_of_date;contract_multiplier;tick_size;minimum_quantity;initial_margin_jpy;maintenance_margin_jpy;commission_roundtrip_jpy;spread_estimate;historical_data_availability;realtime_data_entitlement_cost;symbol_level_japan_resident_eligibility","EVD-P04-0001;EVD-P04-0002;EVD-P04-0003;EVD-P04-0004;EVD-P04-0005;EVD-P04-0006;EVD-P04-0007;EVD-P04-0008;EVD-P04-0009;EVD-P04-0010;EVD-P04-0011;EVD-P04-0012;EVD-P04-0013;EVD-P04-0015;EVD-P04-0018","Required margin, N/ATR, multiplier, minimum quantity, and symbol-level eligibility are unknown; rules prohibit pass.","P06-v0.1-no-price-no-margin-strict","2026-08-02","2026-08-02T15:17:35.0009807+09:00","Feasibility and Capital Gate Analyst","No current-price-dependent numeric result was computed because critical inputs are missing. This is intentional to avoid false pass."
"GTE-P06-20260802-0001","CAN-EXP-VOL-US-VIX-FUTURE-STANDARD-CFE-VX-IBSJ","EXP-VOL-US-VIX","CLU-EXP-VOL-US-VIX","VEH-FUTURE-STANDARD-CFE-VX","VX","CFE","Interactive Brokers Securities Japan Inc.","volatility","vol_equity","PG-VOLATILITY","Pending-evidence","pending_evidence","pending_evidence","conditional_platform_verified_symbol_pending","pending_evidence","pending_evidence","pending_evidence","pending_evidence","pending_evidence","pending_evidence","pending_evidence","pending_evidence","pending_evidence","pending_evidence","","","","","","","","","","","","","","","N/ATR_20_JPY_or_native;current_price_as_of_date;contract_multiplier;tick_size;minimum_quantity;initial_margin_jpy;maintenance_margin_jpy;commission_roundtrip_jpy;spread_estimate;historical_data_availability;realtime_data_entitlement_cost;symbol_level_japan_resident_eligibility","EVD-P04-0001;EVD-P04-0002;EVD-P04-0003;EVD-P04-0004;EVD-P04-0005;EVD-P04-0006;EVD-P04-0007;EVD-P04-0008;EVD-P04-0009;EVD-P04-0010;EVD-P04-0011;EVD-P04-0012;EVD-P04-0013;EVD-P04-0021","Required margin, N/ATR, multiplier, minimum quantity, and symbol-level eligibility are unknown; rules prohibit pass.","P06-v0.1-no-price-no-margin-strict","2026-08-02","2026-08-02T15:17:35.0009807+09:00","Feasibility and Capital Gate Analyst","No current-price-dependent numeric result was computed because critical inputs are missing. This is intentional to avoid false pass."
"GTE-P06-20260802-0001","CAN-EXP-VOL-US-VIXWEEKLY-FUTURE-STANDARD-CFE-VXW-IBSJ","EXP-VOL-US-VIXWEEKLY","CLU-EXP-VOL-US-VIXWEEKLY","VEH-FUTURE-STANDARD-CFE-VXW","VXW","CFE","Interactive Brokers Securities Japan Inc.","volatility","vol_equity","PG-VOLATILITY","Pending-evidence","pending_evidence","pending_evidence","conditional_platform_verified_symbol_pending","pending_evidence","pending_evidence","pending_evidence","pending_evidence","pending_evidence","pending_evidence","pending_evidence","pending_evidence","pending_evidence","pending_evidence","","","","","","","","","","","","","","","N/ATR_20_JPY_or_native;current_price_as_of_date;contract_multiplier;tick_size;minimum_quantity;initial_margin_jpy;maintenance_margin_jpy;commission_roundtrip_jpy;spread_estimate;historical_data_availability;realtime_data_entitlement_cost;symbol_level_japan_resident_eligibility","EVD-P04-0001;EVD-P04-0002;EVD-P04-0003;EVD-P04-0004;EVD-P04-0005;EVD-P04-0006;EVD-P04-0007;EVD-P04-0008;EVD-P04-0009;EVD-P04-0010;EVD-P04-0011;EVD-P04-0012;EVD-P04-0013;EVD-P04-0021","Required margin, N/ATR, multiplier, minimum quantity, and symbol-level eligibility are unknown; rules prohibit pass.","P06-v0.1-no-price-no-margin-strict","2026-08-02","2026-08-02T15:17:35.0009807+09:00","Feasibility and Capital Gate Analyst","No current-price-dependent numeric result was computed because critical inputs are missing. This is intentional to avoid false pass."
"GTE-P06-20260802-0001","CAN-EXP-POWER-NORDIC-BASE-FUTURE-STANDARD-NASDAQ-NORDICPOWER-IBSJ","EXP-POWER-NORDIC-BASE","CLU-EXP-POWER-NORDIC-BASE","VEH-FUTURE-STANDARD-NASDAQ-NORDICPOWER","NORDICPOWER","NASDAQ","Interactive Brokers Securities Japan Inc.","environmental_power","environmental_power","PG-RESEARCH-DATA-ONLY","Research-only","research_only","research_only","conditional_platform_verified_symbol_pending","pending_evidence","pending_evidence","pending_evidence","pending_evidence","pending_evidence","pending_evidence","pending_evidence","pending_evidence","pending_evidence","pending_evidence","","","","","","","","","","","","","","","N/ATR_20_JPY_or_native;current_price_as_of_date;contract_multiplier;tick_size;minimum_quantity;initial_margin_jpy;maintenance_margin_jpy;commission_roundtrip_jpy;spread_estimate;historical_data_availability;realtime_data_entitlement_cost;executable_broker_venue_mapping","EVD-P04-0001;EVD-P04-0002;EVD-P04-0003;EVD-P04-0004;EVD-P04-0005;EVD-P04-0006;EVD-P04-0007;EVD-P04-0008;EVD-P04-0009;EVD-P04-0010;EVD-P04-0011;EVD-P04-0012","Executable broker/venue mapping is not verified; candidate cannot enter capital gate.","P06-v0.1-no-price-no-margin-strict","2026-08-02","2026-08-02T15:17:35.0009807+09:00","Feasibility and Capital Gate Analyst","No current-price-dependent numeric result was computed because critical inputs are missing. This is intentional to avoid false pass."
"GTE-P06-20260802-0001","CAN-EXP-ENV-EU-EUA-NASDAQ-FUTURE-STANDARD-NASDAQ-EUA-IBSJ","EXP-ENV-EU-EUA-NASDAQ","CLU-EXP-ENV-EU-EUA-NASDAQ","VEH-FUTURE-STANDARD-NASDAQ-EUA","EUA","NASDAQ","Interactive Brokers Securities Japan Inc.","environmental_power","environmental_carbon","PG-RESEARCH-DATA-ONLY","Research-only","research_only","research_only","conditional_platform_verified_symbol_pending","pending_evidence","pending_evidence","pending_evidence","pending_evidence","pending_evidence","pending_evidence","pending_evidence","pending_evidence","pending_evidence","pending_evidence","","","","","","","","","","","","","","","N/ATR_20_JPY_or_native;current_price_as_of_date;contract_multiplier;tick_size;minimum_quantity;initial_margin_jpy;maintenance_margin_jpy;commission_roundtrip_jpy;spread_estimate;historical_data_availability;realtime_data_entitlement_cost;executable_broker_venue_mapping","EVD-P04-0001;EVD-P04-0002;EVD-P04-0003;EVD-P04-0004;EVD-P04-0005;EVD-P04-0006;EVD-P04-0007;EVD-P04-0008;EVD-P04-0009;EVD-P04-0010;EVD-P04-0011;EVD-P04-0012","Executable broker/venue mapping is not verified; candidate cannot enter capital gate.","P06-v0.1-no-price-no-margin-strict","2026-08-02","2026-08-02T15:17:35.0009807+09:00","Feasibility and Capital Gate Analyst","No current-price-dependent numeric result was computed because critical inputs are missing. This is intentional to avoid false pass."
"GTE-P06-20260802-0001","CAN-EXP-ENERGY-EU-NATGAS-NASDAQ-FUTURE-STANDARD-NASDAQ-EUNATGAS-IBSJ","EXP-ENERGY-EU-NATGAS-NASDAQ","CLU-EXP-ENERGY-EU-NATGAS-NASDAQ","VEH-FUTURE-STANDARD-NASDAQ-EUNATGAS","EUNATGAS","NASDAQ","Interactive Brokers Securities Japan Inc.","energy","energy_gas","PG-RESEARCH-DATA-ONLY","Research-only","research_only","research_only","conditional_platform_verified_symbol_pending","pending_evidence","pending_evidence","pending_evidence","pending_evidence","pending_evidence","pending_evidence","pending_evidence","pending_evidence","pending_evidence","pending_evidence","","","","","","","","","","","","","","","N/ATR_20_JPY_or_native;current_price_as_of_date;contract_multiplier;tick_size;minimum_quantity;initial_margin_jpy;maintenance_margin_jpy;commission_roundtrip_jpy;spread_estimate;historical_data_availability;realtime_data_entitlement_cost;executable_broker_venue_mapping","EVD-P04-0001;EVD-P04-0002;EVD-P04-0003;EVD-P04-0004;EVD-P04-0005;EVD-P04-0006;EVD-P04-0007;EVD-P04-0008;EVD-P04-0009;EVD-P04-0010;EVD-P04-0011;EVD-P04-0012","Executable broker/venue mapping is not verified; candidate cannot enter capital gate.","P06-v0.1-no-price-no-margin-strict","2026-08-02","2026-08-02T15:17:35.0009807+09:00","Feasibility and Capital Gate Analyst","No current-price-dependent numeric result was computed because critical inputs are missing. This is intentional to avoid false pass."
"GTE-P06-20260802-0001","CAN-EXP-POWER-UK-POWER-FUTURE-STANDARD-NASDAQ-UKPOWER-IBSJ","EXP-POWER-UK-POWER","CLU-EXP-POWER-UK-POWER","VEH-FUTURE-STANDARD-NASDAQ-UKPOWER","UKPOWER","NASDAQ","Interactive Brokers Securities Japan Inc.","environmental_power","environmental_power","PG-RESEARCH-DATA-ONLY","Research-only","research_only","research_only","conditional_platform_verified_symbol_pending","pending_evidence","pending_evidence","pending_evidence","pending_evidence","pending_evidence","pending_evidence","pending_evidence","pending_evidence","pending_evidence","pending_evidence","","","","","","","","","","","","","","","N/ATR_20_JPY_or_native;current_price_as_of_date;contract_multiplier;tick_size;minimum_quantity;initial_margin_jpy;maintenance_margin_jpy;commission_roundtrip_jpy;spread_estimate;historical_data_availability;realtime_data_entitlement_cost;executable_broker_venue_mapping","EVD-P04-0001;EVD-P04-0002;EVD-P04-0003;EVD-P04-0004;EVD-P04-0005;EVD-P04-0006;EVD-P04-0007;EVD-P04-0008;EVD-P04-0009;EVD-P04-0010;EVD-P04-0011;EVD-P04-0012","Executable broker/venue mapping is not verified; candidate cannot enter capital gate.","P06-v0.1-no-price-no-margin-strict","2026-08-02","2026-08-02T15:17:35.0009807+09:00","Feasibility and Capital Gate Analyst","No current-price-dependent numeric result was computed because critical inputs are missing. This is intentional to avoid false pass."
"GTE-P06-20260802-0001","CAN-EXP-POWER-DE-POWER-FUTURE-STANDARD-NASDAQ-DEPOWER-IBSJ","EXP-POWER-DE-POWER","CLU-EXP-POWER-DE-POWER","VEH-FUTURE-STANDARD-NASDAQ-DEPOWER","DEPOWER","NASDAQ","Interactive Brokers Securities Japan Inc.","environmental_power","environmental_power","PG-RESEARCH-DATA-ONLY","Research-only","research_only","research_only","conditional_platform_verified_symbol_pending","pending_evidence","pending_evidence","pending_evidence","pending_evidence","pending_evidence","pending_evidence","pending_evidence","pending_evidence","pending_evidence","pending_evidence","","","","","","","","","","","","","","","N/ATR_20_JPY_or_native;current_price_as_of_date;contract_multiplier;tick_size;minimum_quantity;initial_margin_jpy;maintenance_margin_jpy;commission_roundtrip_jpy;spread_estimate;historical_data_availability;realtime_data_entitlement_cost;executable_broker_venue_mapping","EVD-P04-0001;EVD-P04-0002;EVD-P04-0003;EVD-P04-0004;EVD-P04-0005;EVD-P04-0006;EVD-P04-0007;EVD-P04-0008;EVD-P04-0009;EVD-P04-0010;EVD-P04-0011;EVD-P04-0012","Executable broker/venue mapping is not verified; candidate cannot enter capital gate.","P06-v0.1-no-price-no-margin-strict","2026-08-02","2026-08-02T15:17:35.0009807+09:00","Feasibility and Capital Gate Analyst","No current-price-dependent numeric result was computed because critical inputs are missing. This is intentional to avoid false pass."
