"candidate_id","exposure_id","vehicle_id","exposure_name_ja","exposure_name_en","asset_class","risk_cluster","economic_driver","region","base_currency","vehicle_type","symbol","exchange_or_venue","broker","broker_contract_id","currency","long_available","short_available","api_order_available","api_account_available","japan_resident_eligible","trading_hours","tick_size","contract_multiplier","minimum_quantity","last_trade_rule","first_notice_rule","physical_delivery_risk","margin_initial_jpy","margin_maintenance_jpy","median_daily_volume","median_open_interest","median_spread","history_start","minute_data_available","realtime_data_available","estimated_monthly_data_cost_jpy","commission_roundtrip_jpy","funding_borrow_roll_method","evidence_confidence","evidence_ids","hard_gate_status","hard_gate_reasons","structural_score","robustness_score","final_score","rank_stability","selection_status","review_notes","created_at","updated_at"
"CAN-EXP-EQ-US-SP500-FUTURE-STANDARD-CME-ES-IBSJ","EXP-EQ-US-SP500","VEH-FUTURE-STANDARD-CME-ES","米国大型株指数","S&P 500 Index","equity_index","global_equity_us_large","unknown","unknown","unknown","future_standard","ES","CME","Interactive Brokers Securities Japan Inc.","","unknown","unknown","unknown","true","true","unknown","See CME trading-hours page. Session differs by product family.","","","","","","unknown","","","","","","","unknown","unknown","","","","B","EVD-P04-0001;EVD-P04-0002;EVD-P04-0003;EVD-P04-0004;EVD-P04-0005;EVD-P04-0006;EVD-P04-0007;EVD-P04-0008;EVD-P04-0009;EVD-P04-0010;EVD-P04-0011;EVD-P04-0012;EVD-P04-0013","pending_evidence","Broker-level API and paper environment verified; symbol-level eligibility, margin, contract spec, and data entitlements still require product-level evidence.","","","","","pending","Global futures access verified at broker level; symbol-level permissions and margins pending.","2026-08-02T13:53:07.1831656+09:00","2026-08-02T13:53:07.1831656+09:00"
"CAN-EXP-EQ-US-SP500-FUTURE-MICRO-CME-MES-IBSJ","EXP-EQ-US-SP500","VEH-FUTURE-MICRO-CME-MES","米国大型株指数","S&P 500 Index","equity_index","global_equity_us_large","unknown","unknown","unknown","future_micro","MES","CME","Interactive Brokers Securities Japan Inc.","","unknown","unknown","unknown","true","true","unknown","See CME trading-hours page. Session differs by product family.","","","","","","unknown","","","","","","","unknown","unknown","","","","B","EVD-P04-0001;EVD-P04-0002;EVD-P04-0003;EVD-P04-0004;EVD-P04-0005;EVD-P04-0006;EVD-P04-0007;EVD-P04-0008;EVD-P04-0009;EVD-P04-0010;EVD-P04-0011;EVD-P04-0012;EVD-P04-0013","pending_evidence","Broker-level API and paper environment verified; symbol-level eligibility, margin, contract spec, and data entitlements still require product-level evidence.","","","","","pending","Global futures access verified at broker level; symbol-level permissions and margins pending.","2026-08-02T13:53:07.1831656+09:00","2026-08-02T13:53:07.1831656+09:00"
"CAN-EXP-EQ-US-NASDAQ100-FUTURE-STANDARD-CME-NQ-IBSJ","EXP-EQ-US-NASDAQ100","VEH-FUTURE-STANDARD-CME-NQ","米国ナスダック100指数","Nasdaq 100 Index","equity_index","global_equity_us_growth","unknown","unknown","unknown","future_standard","NQ","CME","Interactive Brokers Securities Japan Inc.","","unknown","unknown","unknown","true","true","unknown","See CME trading-hours page. Session differs by product family.","","","","","","unknown","","","","","","","unknown","unknown","","","","B","EVD-P04-0001;EVD-P04-0002;EVD-P04-0003;EVD-P04-0004;EVD-P04-0005;EVD-P04-0006;EVD-P04-0007;EVD-P04-0008;EVD-P04-0009;EVD-P04-0010;EVD-P04-0011;EVD-P04-0012;EVD-P04-0013","pending_evidence","Broker-level API and paper environment verified; symbol-level eligibility, margin, contract spec, and data entitlements still require product-level evidence.","","","","","pending","Global futures access verified at broker level; symbol-level permissions and margins pending.","2026-08-02T13:53:07.1831656+09:00","2026-08-02T13:53:07.1831656+09:00"
"CAN-EXP-EQ-US-NASDAQ100-FUTURE-MICRO-CME-MNQ-IBSJ","EXP-EQ-US-NASDAQ100","VEH-FUTURE-MICRO-CME-MNQ","米国ナスダック100指数","Nasdaq 100 Index","equity_index","global_equity_us_growth","unknown","unknown","unknown","future_micro","MNQ","CME","Interactive Brokers Securities Japan Inc.","","unknown","unknown","unknown","true","true","unknown","See CME trading-hours page. Session differs by product family.","","","","","","unknown","","","","","","","unknown","unknown","","","","B","EVD-P04-0001;EVD-P04-0002;EVD-P04-0003;EVD-P04-0004;EVD-P04-0005;EVD-P04-0006;EVD-P04-0007;EVD-P04-0008;EVD-P04-0009;EVD-P04-0010;EVD-P04-0011;EVD-P04-0012;EVD-P04-0013","pending_evidence","Broker-level API and paper environment verified; symbol-level eligibility, margin, contract spec, and data entitlements still require product-level evidence.","","","","","pending","Global futures access verified at broker level; symbol-level permissions and margins pending.","2026-08-02T13:53:07.1831656+09:00","2026-08-02T13:53:07.1831656+09:00"
"CAN-EXP-EQ-US-RUSSELL2000-FUTURE-STANDARD-CME-RTY-IBSJ","EXP-EQ-US-RUSSELL2000","VEH-FUTURE-STANDARD-CME-RTY","米国小型株指数","Russell 2000 Index","equity_index","global_equity_us_small","unknown","unknown","unknown","future_standard","RTY","CME","Interactive Brokers Securities Japan Inc.","","unknown","unknown","unknown","true","true","unknown","See CME trading-hours page. Session differs by product family.","","","","","","unknown","","","","","","","unknown","unknown","","","","B","EVD-P04-0001;EVD-P04-0002;EVD-P04-0003;EVD-P04-0004;EVD-P04-0005;EVD-P04-0006;EVD-P04-0007;EVD-P04-0008;EVD-P04-0009;EVD-P04-0010;EVD-P04-0011;EVD-P04-0012;EVD-P04-0013","pending_evidence","Broker-level API and paper environment verified; symbol-level eligibility, margin, contract spec, and data entitlements still require product-level evidence.","","","","","pending","Global futures access verified at broker level; symbol-level permissions and margins pending.","2026-08-02T13:53:07.1831656+09:00","2026-08-02T13:53:07.1831656+09:00"
"CAN-EXP-EQ-US-RUSSELL2000-FUTURE-MICRO-CME-M2K-IBSJ","EXP-EQ-US-RUSSELL2000","VEH-FUTURE-MICRO-CME-M2K","米国小型株指数","Russell 2000 Index","equity_index","global_equity_us_small","unknown","unknown","unknown","future_micro","M2K","CME","Interactive Brokers Securities Japan Inc.","","unknown","unknown","unknown","true","true","unknown","See CME trading-hours page. Session differs by product family.","","","","","","unknown","","","","","","","unknown","unknown","","","","B","EVD-P04-0001;EVD-P04-0002;EVD-P04-0003;EVD-P04-0004;EVD-P04-0005;EVD-P04-0006;EVD-P04-0007;EVD-P04-0008;EVD-P04-0009;EVD-P04-0010;EVD-P04-0011;EVD-P04-0012;EVD-P04-0013","pending_evidence","Broker-level API and paper environment verified; symbol-level eligibility, margin, contract spec, and data entitlements still require product-level evidence.","","","","","pending","Global futures access verified at broker level; symbol-level permissions and margins pending.","2026-08-02T13:53:07.1831656+09:00","2026-08-02T13:53:07.1831656+09:00"
"CAN-EXP-EQ-US-DOW-FUTURE-STANDARD-CME-YM-IBSJ","EXP-EQ-US-DOW","VEH-FUTURE-STANDARD-CME-YM","米国ダウ工業株指数","Dow Jones Industrial Average","equity_index","global_equity_us_large","unknown","unknown","unknown","future_standard","YM","CME","Interactive Brokers Securities Japan Inc.","","unknown","unknown","unknown","true","true","unknown","See CME trading-hours page. Session differs by product family.","","","","","","unknown","","","","","","","unknown","unknown","","","","B","EVD-P04-0001;EVD-P04-0002;EVD-P04-0003;EVD-P04-0004;EVD-P04-0005;EVD-P04-0006;EVD-P04-0007;EVD-P04-0008;EVD-P04-0009;EVD-P04-0010;EVD-P04-0011;EVD-P04-0012;EVD-P04-0013","pending_evidence","Broker-level API and paper environment verified; symbol-level eligibility, margin, contract spec, and data entitlements still require product-level evidence.","","","","","pending","Global futures access verified at broker level; symbol-level permissions and margins pending.","2026-08-02T13:53:07.1831656+09:00","2026-08-02T13:53:07.1831656+09:00"
"CAN-EXP-EQ-US-DOW-FUTURE-MICRO-CME-MYM-IBSJ","EXP-EQ-US-DOW","VEH-FUTURE-MICRO-CME-MYM","米国ダウ工業株指数","Dow Jones Industrial Average","equity_index","global_equity_us_large","unknown","unknown","unknown","future_micro","MYM","CME","Interactive Brokers Securities Japan Inc.","","unknown","unknown","unknown","true","true","unknown","See CME trading-hours page. Session differs by product family.","","","","","","unknown","","","","","","","unknown","unknown","","","","B","EVD-P04-0001;EVD-P04-0002;EVD-P04-0003;EVD-P04-0004;EVD-P04-0005;EVD-P04-0006;EVD-P04-0007;EVD-P04-0008;EVD-P04-0009;EVD-P04-0010;EVD-P04-0011;EVD-P04-0012;EVD-P04-0013","pending_evidence","Broker-level API and paper environment verified; symbol-level eligibility, margin, contract spec, and data entitlements still require product-level evidence.","","","","","pending","Global futures access verified at broker level; symbol-level permissions and margins pending.","2026-08-02T13:53:07.1831656+09:00","2026-08-02T13:53:07.1831656+09:00"
"CAN-EXP-EQ-US-MIDCAP400-FUTURE-STANDARD-CME-EMD-IBSJ","EXP-EQ-US-MIDCAP400","VEH-FUTURE-STANDARD-CME-EMD","米国中型株指数","S&P MidCap 400 Index","equity_index","global_equity_us_mid","unknown","unknown","unknown","future_standard","EMD","CME","Interactive Brokers Securities Japan Inc.","","unknown","unknown","unknown","true","true","unknown","See CME trading-hours page. Session differs by product family.","","","","","","unknown","","","","","","","unknown","unknown","","","","B","EVD-P04-0001;EVD-P04-0002;EVD-P04-0003;EVD-P04-0004;EVD-P04-0005;EVD-P04-0006;EVD-P04-0007;EVD-P04-0008;EVD-P04-0009;EVD-P04-0010;EVD-P04-0011;EVD-P04-0012;EVD-P04-0013","pending_evidence","Broker-level API and paper environment verified; symbol-level eligibility, margin, contract spec, and data entitlements still require product-level evidence.","","","","","pending","Global futures access verified at broker level; symbol-level permissions and margins pending.","2026-08-02T13:53:07.1831656+09:00","2026-08-02T13:53:07.1831656+09:00"
"CAN-EXP-EQ-JP-NIKKEI225-USD-FUTURE-STANDARD-CME-NIY-IBSJ","EXP-EQ-JP-NIKKEI225-USD","VEH-FUTURE-STANDARD-CME-NIY","日経225米ドル建て","Nikkei 225 Dollar Index","equity_index","global_equity_japan","unknown","unknown","unknown","future_standard","NIY","CME","Interactive Brokers Securities Japan Inc.","","unknown","unknown","unknown","true","true","unknown","See CME trading-hours page. Session differs by product family.","","","","","","unknown","","","","","","","unknown","unknown","","","","B","EVD-P04-0001;EVD-P04-0002;EVD-P04-0003;EVD-P04-0004;EVD-P04-0005;EVD-P04-0006;EVD-P04-0007;EVD-P04-0008;EVD-P04-0009;EVD-P04-0010;EVD-P04-0011;EVD-P04-0012;EVD-P04-0013","pending_evidence","Broker-level API and paper environment verified; symbol-level eligibility, margin, contract spec, and data entitlements still require product-level evidence.","","","","","pending","Global futures access verified at broker level; symbol-level permissions and margins pending.","2026-08-02T13:53:07.1831656+09:00","2026-08-02T13:53:07.1831656+09:00"
"CAN-EXP-RATES-US-2Y-FUTURE-STANDARD-CBOT-ZT-IBSJ","EXP-RATES-US-2Y","VEH-FUTURE-STANDARD-CBOT-ZT","米国2年国債","2-Year U.S. Treasury Note","rates","rates_dm_us","unknown","unknown","unknown","future_standard","ZT","CBOT","Interactive Brokers Securities Japan Inc.","","unknown","unknown","unknown","true","true","unknown","See CME/CBOT trading-hours page. Session differs by product family.","","","","","","unknown","","","","","","","unknown","unknown","","","","B","EVD-P04-0001;EVD-P04-0002;EVD-P04-0003;EVD-P04-0004;EVD-P04-0005;EVD-P04-0006;EVD-P04-0007;EVD-P04-0008;EVD-P04-0009;EVD-P04-0010;EVD-P04-0011;EVD-P04-0012;EVD-P04-0013","pending_evidence","Broker-level API and paper environment verified; symbol-level eligibility, margin, contract spec, and data entitlements still require product-level evidence.","","","","","pending","Global futures access verified at broker level; symbol-level permissions and margins pending.","2026-08-02T13:53:07.1831656+09:00","2026-08-02T13:53:07.1831656+09:00"
"CAN-EXP-RATES-US-5Y-FUTURE-STANDARD-CBOT-ZF-IBSJ","EXP-RATES-US-5Y","VEH-FUTURE-STANDARD-CBOT-ZF","米国5年国債","5-Year U.S. Treasury Note","rates","rates_dm_us","unknown","unknown","unknown","future_standard","ZF","CBOT","Interactive Brokers Securities Japan Inc.","","unknown","unknown","unknown","true","true","unknown","See CME/CBOT trading-hours page. Session differs by product family.","","","","","","unknown","","","","","","","unknown","unknown","","","","B","EVD-P04-0001;EVD-P04-0002;EVD-P04-0003;EVD-P04-0004;EVD-P04-0005;EVD-P04-0006;EVD-P04-0007;EVD-P04-0008;EVD-P04-0009;EVD-P04-0010;EVD-P04-0011;EVD-P04-0012;EVD-P04-0013","pending_evidence","Broker-level API and paper environment verified; symbol-level eligibility, margin, contract spec, and data entitlements still require product-level evidence.","","","","","pending","Global futures access verified at broker level; symbol-level permissions and margins pending.","2026-08-02T13:53:07.1831656+09:00","2026-08-02T13:53:07.1831656+09:00"
"CAN-EXP-RATES-US-10Y-FUTURE-STANDARD-CBOT-ZN-IBSJ","EXP-RATES-US-10Y","VEH-FUTURE-STANDARD-CBOT-ZN","米国10年国債","10-Year U.S. Treasury Note","rates","rates_dm_us","unknown","unknown","unknown","future_standard","ZN","CBOT","Interactive Brokers Securities Japan Inc.","","unknown","unknown","unknown","true","true","unknown","See CME/CBOT trading-hours page. Session differs by product family.","","","","","","unknown","","","","","","","unknown","unknown","","","","B","EVD-P04-0001;EVD-P04-0002;EVD-P04-0003;EVD-P04-0004;EVD-P04-0005;EVD-P04-0006;EVD-P04-0007;EVD-P04-0008;EVD-P04-0009;EVD-P04-0010;EVD-P04-0011;EVD-P04-0012;EVD-P04-0013","pending_evidence","Broker-level API and paper environment verified; symbol-level eligibility, margin, contract spec, and data entitlements still require product-level evidence.","","","","","pending","Global futures access verified at broker level; symbol-level permissions and margins pending.","2026-08-02T13:53:07.1831656+09:00","2026-08-02T13:53:07.1831656+09:00"
"CAN-EXP-RATES-US-30Y-FUTURE-STANDARD-CBOT-ZB-IBSJ","EXP-RATES-US-30Y","VEH-FUTURE-STANDARD-CBOT-ZB","米国30年国債","U.S. Treasury Bond","rates","rates_dm_us","unknown","unknown","unknown","future_standard","ZB","CBOT","Interactive Brokers Securities Japan Inc.","","unknown","unknown","unknown","true","true","unknown","See CME/CBOT trading-hours page. Session differs by product family.","","","","","","unknown","","","","","","","unknown","unknown","","","","B","EVD-P04-0001;EVD-P04-0002;EVD-P04-0003;EVD-P04-0004;EVD-P04-0005;EVD-P04-0006;EVD-P04-0007;EVD-P04-0008;EVD-P04-0009;EVD-P04-0010;EVD-P04-0011;EVD-P04-0012;EVD-P04-0013","pending_evidence","Broker-level API and paper environment verified; symbol-level eligibility, margin, contract spec, and data entitlements still require product-level evidence.","","","","","pending","Global futures access verified at broker level; symbol-level permissions and margins pending.","2026-08-02T13:53:07.1831656+09:00","2026-08-02T13:53:07.1831656+09:00"
"CAN-EXP-RATES-US-ULTRABOND-FUTURE-STANDARD-CBOT-UB-IBSJ","EXP-RATES-US-ULTRABOND","VEH-FUTURE-STANDARD-CBOT-UB","米国超長期国債","Ultra U.S. Treasury Bond","rates","rates_dm_us","unknown","unknown","unknown","future_standard","UB","CBOT","Interactive Brokers Securities Japan Inc.","","unknown","unknown","unknown","true","true","unknown","See CME/CBOT trading-hours page. Session differs by product family.","","","","","","unknown","","","","","","","unknown","unknown","","","","B","EVD-P04-0001;EVD-P04-0002;EVD-P04-0003;EVD-P04-0004;EVD-P04-0005;EVD-P04-0006;EVD-P04-0007;EVD-P04-0008;EVD-P04-0009;EVD-P04-0010;EVD-P04-0011;EVD-P04-0012;EVD-P04-0013","pending_evidence","Broker-level API and paper environment verified; symbol-level eligibility, margin, contract spec, and data entitlements still require product-level evidence.","","","","","pending","Global futures access verified at broker level; symbol-level permissions and margins pending.","2026-08-02T13:53:07.1831656+09:00","2026-08-02T13:53:07.1831656+09:00"
"CAN-EXP-RATES-US-SOFR3M-FUTURE-STANDARD-CME-SR3-IBSJ","EXP-RATES-US-SOFR3M","VEH-FUTURE-STANDARD-CME-SR3","米国3カ月SOFR","3-Month SOFR","rates","rates_dm_us_short","unknown","unknown","unknown","future_standard","SR3","CME","Interactive Brokers Securities Japan Inc.","","unknown","unknown","unknown","true","true","unknown","See CME trading-hours page. Session differs by product family.","","","","","","unknown","","","","","","","unknown","unknown","","","","B","EVD-P04-0001;EVD-P04-0002;EVD-P04-0003;EVD-P04-0004;EVD-P04-0005;EVD-P04-0006;EVD-P04-0007;EVD-P04-0008;EVD-P04-0009;EVD-P04-0010;EVD-P04-0011;EVD-P04-0012;EVD-P04-0013","pending_evidence","Broker-level API and paper environment verified; symbol-level eligibility, margin, contract spec, and data entitlements still require product-level evidence.","","","","","pending","Global futures access verified at broker level; symbol-level permissions and margins pending.","2026-08-02T13:53:07.1831656+09:00","2026-08-02T13:53:07.1831656+09:00"
"CAN-EXP-RATES-US-FEDFUND-FUTURE-STANDARD-CBOT-ZQ-IBSJ","EXP-RATES-US-FEDFUND","VEH-FUTURE-STANDARD-CBOT-ZQ","米国FF金利","Fed Funds Rate","rates","rates_dm_us_short","unknown","unknown","unknown","future_standard","ZQ","CBOT","Interactive Brokers Securities Japan Inc.","","unknown","unknown","unknown","true","true","unknown","See CME/CBOT trading-hours page. Session differs by product family.","","","","","","unknown","","","","","","","unknown","unknown","","","","B","EVD-P04-0001;EVD-P04-0002;EVD-P04-0003;EVD-P04-0004;EVD-P04-0005;EVD-P04-0006;EVD-P04-0007;EVD-P04-0008;EVD-P04-0009;EVD-P04-0010;EVD-P04-0011;EVD-P04-0012;EVD-P04-0013","pending_evidence","Broker-level API and paper environment verified; symbol-level eligibility, margin, contract spec, and data entitlements still require product-level evidence.","","","","","pending","Global futures access verified at broker level; symbol-level permissions and margins pending.","2026-08-02T13:53:07.1831656+09:00","2026-08-02T13:53:07.1831656+09:00"
"CAN-EXP-RATES-US-10Y-MICRO-FUTURE-MICRO-CME-10Y-IBSJ","EXP-RATES-US-10Y-MICRO","VEH-FUTURE-MICRO-CME-10Y","米国10年利回りMicro","Micro 10-Year Yield","rates","rates_dm_us","unknown","unknown","unknown","future_micro","10Y","CME","Interactive Brokers Securities Japan Inc.","","unknown","unknown","unknown","true","true","unknown","See CME trading-hours page. Session differs by product family.","","","","","","unknown","","","","","","","unknown","unknown","","","","B","EVD-P04-0001;EVD-P04-0002;EVD-P04-0003;EVD-P04-0004;EVD-P04-0005;EVD-P04-0006;EVD-P04-0007;EVD-P04-0008;EVD-P04-0009;EVD-P04-0010;EVD-P04-0011;EVD-P04-0012;EVD-P04-0013","pending_evidence","Broker-level API and paper environment verified; symbol-level eligibility, margin, contract spec, and data entitlements still require product-level evidence.","","","","","pending","Global futures access verified at broker level; symbol-level permissions and margins pending.","2026-08-02T13:53:07.1831656+09:00","2026-08-02T13:53:07.1831656+09:00"
"CAN-EXP-RATES-US-2Y-MICRO-FUTURE-MICRO-CME-2YY-IBSJ","EXP-RATES-US-2Y-MICRO","VEH-FUTURE-MICRO-CME-2YY","米国2年利回りMicro","Micro 2-Year Yield","rates","rates_dm_us","unknown","unknown","unknown","future_micro","2YY","CME","Interactive Brokers Securities Japan Inc.","","unknown","unknown","unknown","true","true","unknown","See CME trading-hours page. Session differs by product family.","","","","","","unknown","","","","","","","unknown","unknown","","","","B","EVD-P04-0001;EVD-P04-0002;EVD-P04-0003;EVD-P04-0004;EVD-P04-0005;EVD-P04-0006;EVD-P04-0007;EVD-P04-0008;EVD-P04-0009;EVD-P04-0010;EVD-P04-0011;EVD-P04-0012;EVD-P04-0013","pending_evidence","Broker-level API and paper environment verified; symbol-level eligibility, margin, contract spec, and data entitlements still require product-level evidence.","","","","","pending","Global futures access verified at broker level; symbol-level permissions and margins pending.","2026-08-02T13:53:07.1831656+09:00","2026-08-02T13:53:07.1831656+09:00"
"CAN-EXP-RATES-US-30Y-MICRO-FUTURE-MICRO-CME-30Y-IBSJ","EXP-RATES-US-30Y-MICRO","VEH-FUTURE-MICRO-CME-30Y","米国30年利回りMicro","Micro 30-Year Yield","rates","rates_dm_us","unknown","unknown","unknown","future_micro","30Y","CME","Interactive Brokers Securities Japan Inc.","","unknown","unknown","unknown","true","true","unknown","See CME trading-hours page. Session differs by product family.","","","","","","unknown","","","","","","","unknown","unknown","","","","B","EVD-P04-0001;EVD-P04-0002;EVD-P04-0003;EVD-P04-0004;EVD-P04-0005;EVD-P04-0006;EVD-P04-0007;EVD-P04-0008;EVD-P04-0009;EVD-P04-0010;EVD-P04-0011;EVD-P04-0012;EVD-P04-0013","pending_evidence","Broker-level API and paper environment verified; symbol-level eligibility, margin, contract spec, and data entitlements still require product-level evidence.","","","","","pending","Global futures access verified at broker level; symbol-level permissions and margins pending.","2026-08-02T13:53:07.1831656+09:00","2026-08-02T13:53:07.1831656+09:00"
"CAN-EXP-FX-G10-EURUSD-FUTURE-STANDARD-CME-6E-IBSJ","EXP-FX-G10-EURUSD","VEH-FUTURE-STANDARD-CME-6E","ユーロ米ドル","EUR/USD","fx","fx_g10","unknown","unknown","unknown","future_standard","6E","CME","Interactive Brokers Securities Japan Inc.","","unknown","unknown","unknown","true","true","unknown","See CME trading-hours page. Session differs by product family.","","","","","","unknown","","","","","","","unknown","unknown","","","","B","EVD-P04-0001;EVD-P04-0002;EVD-P04-0003;EVD-P04-0004;EVD-P04-0005;EVD-P04-0006;EVD-P04-0007;EVD-P04-0008;EVD-P04-0009;EVD-P04-0010;EVD-P04-0011;EVD-P04-0012;EVD-P04-0013","pending_evidence","Broker-level API and paper environment verified; symbol-level eligibility, margin, contract spec, and data entitlements still require product-level evidence.","","","","","pending","Global futures access verified at broker level; symbol-level permissions and margins pending.","2026-08-02T13:53:07.1831656+09:00","2026-08-02T13:53:07.1831656+09:00"
"CAN-EXP-FX-G10-EURUSD-FUTURE-MICRO-CME-M6E-IBSJ","EXP-FX-G10-EURUSD","VEH-FUTURE-MICRO-CME-M6E","ユーロ米ドル","EUR/USD","fx","fx_g10","unknown","unknown","unknown","future_micro","M6E","CME","Interactive Brokers Securities Japan Inc.","","unknown","unknown","unknown","true","true","unknown","See CME trading-hours page. Session differs by product family.","","","","","","unknown","","","","","","","unknown","unknown","","","","B","EVD-P04-0001;EVD-P04-0002;EVD-P04-0003;EVD-P04-0004;EVD-P04-0005;EVD-P04-0006;EVD-P04-0007;EVD-P04-0008;EVD-P04-0009;EVD-P04-0010;EVD-P04-0011;EVD-P04-0012;EVD-P04-0013","pending_evidence","Broker-level API and paper environment verified; symbol-level eligibility, margin, contract spec, and data entitlements still require product-level evidence.","","","","","pending","Global futures access verified at broker level; symbol-level permissions and margins pending.","2026-08-02T13:53:07.1831656+09:00","2026-08-02T13:53:07.1831656+09:00"
"CAN-EXP-FX-G10-USDJPY-FUTURE-STANDARD-CME-6J-IBSJ","EXP-FX-G10-USDJPY","VEH-FUTURE-STANDARD-CME-6J","米ドル円","USD/JPY","fx","fx_g10","unknown","unknown","unknown","future_standard","6J","CME","Interactive Brokers Securities Japan Inc.","","unknown","unknown","unknown","true","true","unknown","See CME trading-hours page. Session differs by product family.","","","","","","unknown","","","","","","","unknown","unknown","","","","B","EVD-P04-0001;EVD-P04-0002;EVD-P04-0003;EVD-P04-0004;EVD-P04-0005;EVD-P04-0006;EVD-P04-0007;EVD-P04-0008;EVD-P04-0009;EVD-P04-0010;EVD-P04-0011;EVD-P04-0012;EVD-P04-0013","pending_evidence","Broker-level API and paper environment verified; symbol-level eligibility, margin, contract spec, and data entitlements still require product-level evidence.","","","","","pending","Global futures access verified at broker level; symbol-level permissions and margins pending.","2026-08-02T13:53:07.1831656+09:00","2026-08-02T13:53:07.1831656+09:00"
"CAN-EXP-FX-G10-USDJPY-FUTURE-MICRO-CME-MJY-IBSJ","EXP-FX-G10-USDJPY","VEH-FUTURE-MICRO-CME-MJY","米ドル円","USD/JPY","fx","fx_g10","unknown","unknown","unknown","future_micro","MJY","CME","Interactive Brokers Securities Japan Inc.","","unknown","unknown","unknown","true","true","unknown","See CME trading-hours page. Session differs by product family.","","","","","","unknown","","","","","","","unknown","unknown","","","","B","EVD-P04-0001;EVD-P04-0002;EVD-P04-0003;EVD-P04-0004;EVD-P04-0005;EVD-P04-0006;EVD-P04-0007;EVD-P04-0008;EVD-P04-0009;EVD-P04-0010;EVD-P04-0011;EVD-P04-0012;EVD-P04-0013","pending_evidence","Broker-level API and paper environment verified; symbol-level eligibility, margin, contract spec, and data entitlements still require product-level evidence.","","","","","pending","Global futures access verified at broker level; symbol-level permissions and margins pending.","2026-08-02T13:53:07.1831656+09:00","2026-08-02T13:53:07.1831656+09:00"
"CAN-EXP-FX-G10-GBPUSD-FUTURE-STANDARD-CME-6B-IBSJ","EXP-FX-G10-GBPUSD","VEH-FUTURE-STANDARD-CME-6B","英ポンド米ドル","GBP/USD","fx","fx_g10","unknown","unknown","unknown","future_standard","6B","CME","Interactive Brokers Securities Japan Inc.","","unknown","unknown","unknown","true","true","unknown","See CME trading-hours page. Session differs by product family.","","","","","","unknown","","","","","","","unknown","unknown","","","","B","EVD-P04-0001;EVD-P04-0002;EVD-P04-0003;EVD-P04-0004;EVD-P04-0005;EVD-P04-0006;EVD-P04-0007;EVD-P04-0008;EVD-P04-0009;EVD-P04-0010;EVD-P04-0011;EVD-P04-0012;EVD-P04-0013","pending_evidence","Broker-level API and paper environment verified; symbol-level eligibility, margin, contract spec, and data entitlements still require product-level evidence.","","","","","pending","Global futures access verified at broker level; symbol-level permissions and margins pending.","2026-08-02T13:53:07.1831656+09:00","2026-08-02T13:53:07.1831656+09:00"
"CAN-EXP-FX-G10-GBPUSD-FUTURE-MICRO-CME-M6B-IBSJ","EXP-FX-G10-GBPUSD","VEH-FUTURE-MICRO-CME-M6B","英ポンド米ドル","GBP/USD","fx","fx_g10","unknown","unknown","unknown","future_micro","M6B","CME","Interactive Brokers Securities Japan Inc.","","unknown","unknown","unknown","true","true","unknown","See CME trading-hours page. Session differs by product family.","","","","","","unknown","","","","","","","unknown","unknown","","","","B","EVD-P04-0001;EVD-P04-0002;EVD-P04-0003;EVD-P04-0004;EVD-P04-0005;EVD-P04-0006;EVD-P04-0007;EVD-P04-0008;EVD-P04-0009;EVD-P04-0010;EVD-P04-0011;EVD-P04-0012;EVD-P04-0013","pending_evidence","Broker-level API and paper environment verified; symbol-level eligibility, margin, contract spec, and data entitlements still require product-level evidence.","","","","","pending","Global futures access verified at broker level; symbol-level permissions and margins pending.","2026-08-02T13:53:07.1831656+09:00","2026-08-02T13:53:07.1831656+09:00"
"CAN-EXP-FX-G10-AUDUSD-FUTURE-STANDARD-CME-6A-IBSJ","EXP-FX-G10-AUDUSD","VEH-FUTURE-STANDARD-CME-6A","豪ドル米ドル","AUD/USD","fx","fx_g10","unknown","unknown","unknown","future_standard","6A","CME","Interactive Brokers Securities Japan Inc.","","unknown","unknown","unknown","true","true","unknown","See CME trading-hours page. Session differs by product family.","","","","","","unknown","","","","","","","unknown","unknown","","","","B","EVD-P04-0001;EVD-P04-0002;EVD-P04-0003;EVD-P04-0004;EVD-P04-0005;EVD-P04-0006;EVD-P04-0007;EVD-P04-0008;EVD-P04-0009;EVD-P04-0010;EVD-P04-0011;EVD-P04-0012;EVD-P04-0013","pending_evidence","Broker-level API and paper environment verified; symbol-level eligibility, margin, contract spec, and data entitlements still require product-level evidence.","","","","","pending","Global futures access verified at broker level; symbol-level permissions and margins pending.","2026-08-02T13:53:07.1831656+09:00","2026-08-02T13:53:07.1831656+09:00"
"CAN-EXP-FX-G10-AUDUSD-FUTURE-MICRO-CME-M6A-IBSJ","EXP-FX-G10-AUDUSD","VEH-FUTURE-MICRO-CME-M6A","豪ドル米ドル","AUD/USD","fx","fx_g10","unknown","unknown","unknown","future_micro","M6A","CME","Interactive Brokers Securities Japan Inc.","","unknown","unknown","unknown","true","true","unknown","See CME trading-hours page. Session differs by product family.","","","","","","unknown","","","","","","","unknown","unknown","","","","B","EVD-P04-0001;EVD-P04-0002;EVD-P04-0003;EVD-P04-0004;EVD-P04-0005;EVD-P04-0006;EVD-P04-0007;EVD-P04-0008;EVD-P04-0009;EVD-P04-0010;EVD-P04-0011;EVD-P04-0012;EVD-P04-0013","pending_evidence","Broker-level API and paper environment verified; symbol-level eligibility, margin, contract spec, and data entitlements still require product-level evidence.","","","","","pending","Global futures access verified at broker level; symbol-level permissions and margins pending.","2026-08-02T13:53:07.1831656+09:00","2026-08-02T13:53:07.1831656+09:00"
"CAN-EXP-FX-G10-CADUSD-FUTURE-STANDARD-CME-6C-IBSJ","EXP-FX-G10-CADUSD","VEH-FUTURE-STANDARD-CME-6C","カナダドル米ドル","CAD/USD","fx","fx_g10","unknown","unknown","unknown","future_standard","6C","CME","Interactive Brokers Securities Japan Inc.","","unknown","unknown","unknown","true","true","unknown","See CME trading-hours page. Session differs by product family.","","","","","","unknown","","","","","","","unknown","unknown","","","","B","EVD-P04-0001;EVD-P04-0002;EVD-P04-0003;EVD-P04-0004;EVD-P04-0005;EVD-P04-0006;EVD-P04-0007;EVD-P04-0008;EVD-P04-0009;EVD-P04-0010;EVD-P04-0011;EVD-P04-0012;EVD-P04-0013","pending_evidence","Broker-level API and paper environment verified; symbol-level eligibility, margin, contract spec, and data entitlements still require product-level evidence.","","","","","pending","Global futures access verified at broker level; symbol-level permissions and margins pending.","2026-08-02T13:53:07.1831656+09:00","2026-08-02T13:53:07.1831656+09:00"
"CAN-EXP-FX-G10-CHFUSD-FUTURE-STANDARD-CME-6S-IBSJ","EXP-FX-G10-CHFUSD","VEH-FUTURE-STANDARD-CME-6S","スイスフラン米ドル","CHF/USD","fx","fx_g10","unknown","unknown","unknown","future_standard","6S","CME","Interactive Brokers Securities Japan Inc.","","unknown","unknown","unknown","true","true","unknown","See CME trading-hours page. Session differs by product family.","","","","","","unknown","","","","","","","unknown","unknown","","","","B","EVD-P04-0001;EVD-P04-0002;EVD-P04-0003;EVD-P04-0004;EVD-P04-0005;EVD-P04-0006;EVD-P04-0007;EVD-P04-0008;EVD-P04-0009;EVD-P04-0010;EVD-P04-0011;EVD-P04-0012;EVD-P04-0013","pending_evidence","Broker-level API and paper environment verified; symbol-level eligibility, margin, contract spec, and data entitlements still require product-level evidence.","","","","","pending","Global futures access verified at broker level; symbol-level permissions and margins pending.","2026-08-02T13:53:07.1831656+09:00","2026-08-02T13:53:07.1831656+09:00"
"CAN-EXP-FX-G10-NZDUSD-FUTURE-STANDARD-CME-6N-IBSJ","EXP-FX-G10-NZDUSD","VEH-FUTURE-STANDARD-CME-6N","NZドル米ドル","NZD/USD","fx","fx_g10","unknown","unknown","unknown","future_standard","6N","CME","Interactive Brokers Securities Japan Inc.","","unknown","unknown","unknown","true","true","unknown","See CME trading-hours page. Session differs by product family.","","","","","","unknown","","","","","","","unknown","unknown","","","","B","EVD-P04-0001;EVD-P04-0002;EVD-P04-0003;EVD-P04-0004;EVD-P04-0005;EVD-P04-0006;EVD-P04-0007;EVD-P04-0008;EVD-P04-0009;EVD-P04-0010;EVD-P04-0011;EVD-P04-0012;EVD-P04-0013","pending_evidence","Broker-level API and paper environment verified; symbol-level eligibility, margin, contract spec, and data entitlements still require product-level evidence.","","","","","pending","Global futures access verified at broker level; symbol-level permissions and margins pending.","2026-08-02T13:53:07.1831656+09:00","2026-08-02T13:53:07.1831656+09:00"
"CAN-EXP-FX-EM-MXNUSD-FUTURE-STANDARD-CME-6M-IBSJ","EXP-FX-EM-MXNUSD","VEH-FUTURE-STANDARD-CME-6M","メキシコペソ米ドル","MXN/USD","fx","fx_em","unknown","unknown","unknown","future_standard","6M","CME","Interactive Brokers Securities Japan Inc.","","unknown","unknown","unknown","true","true","unknown","See CME trading-hours page. Session differs by product family.","","","","","","unknown","","","","","","","unknown","unknown","","","","B","EVD-P04-0001;EVD-P04-0002;EVD-P04-0003;EVD-P04-0004;EVD-P04-0005;EVD-P04-0006;EVD-P04-0007;EVD-P04-0008;EVD-P04-0009;EVD-P04-0010;EVD-P04-0011;EVD-P04-0012;EVD-P04-0013","pending_evidence","Broker-level API and paper environment verified; symbol-level eligibility, margin, contract spec, and data entitlements still require product-level evidence.","","","","","pending","Global futures access verified at broker level; symbol-level permissions and margins pending.","2026-08-02T13:53:07.1831656+09:00","2026-08-02T13:53:07.1831656+09:00"
"CAN-EXP-FX-EM-BRLUSD-FUTURE-STANDARD-CME-6L-IBSJ","EXP-FX-EM-BRLUSD","VEH-FUTURE-STANDARD-CME-6L","ブラジルレアル米ドル","BRL/USD","fx","fx_em","unknown","unknown","unknown","future_standard","6L","CME","Interactive Brokers Securities Japan Inc.","","unknown","unknown","unknown","true","true","unknown","See CME trading-hours page. Session differs by product family.","","","","","","unknown","","","","","","","unknown","unknown","","","","B","EVD-P04-0001;EVD-P04-0002;EVD-P04-0003;EVD-P04-0004;EVD-P04-0005;EVD-P04-0006;EVD-P04-0007;EVD-P04-0008;EVD-P04-0009;EVD-P04-0010;EVD-P04-0011;EVD-P04-0012;EVD-P04-0013","pending_evidence","Broker-level API and paper environment verified; symbol-level eligibility, margin, contract spec, and data entitlements still require product-level evidence.","","","","","pending","Global futures access verified at broker level; symbol-level permissions and margins pending.","2026-08-02T13:53:07.1831656+09:00","2026-08-02T13:53:07.1831656+09:00"
"CAN-EXP-ENERGY-US-WTI-FUTURE-STANDARD-NYMEX-CL-IBSJ","EXP-ENERGY-US-WTI","VEH-FUTURE-STANDARD-NYMEX-CL","WTI原油","WTI Crude Oil","energy","energy_crude","unknown","unknown","unknown","future_standard","CL","NYMEX","Interactive Brokers Securities Japan Inc.","","unknown","unknown","unknown","true","true","unknown","See CME/NYMEX trading-hours page. Session differs by product family.","","","","","","unknown","","","","","","","unknown","unknown","","","","B","EVD-P04-0001;EVD-P04-0002;EVD-P04-0003;EVD-P04-0004;EVD-P04-0005;EVD-P04-0006;EVD-P04-0007;EVD-P04-0008;EVD-P04-0009;EVD-P04-0010;EVD-P04-0011;EVD-P04-0012;EVD-P04-0013","pending_evidence","Broker-level API and paper environment verified; symbol-level eligibility, margin, contract spec, and data entitlements still require product-level evidence.","","","","","pending","Global futures access verified at broker level; symbol-level permissions and margins pending.","2026-08-02T13:53:07.1831656+09:00","2026-08-02T13:53:07.1831656+09:00"
"CAN-EXP-ENERGY-US-WTI-FUTURE-MICRO-NYMEX-MCL-IBSJ","EXP-ENERGY-US-WTI","VEH-FUTURE-MICRO-NYMEX-MCL","WTI原油","WTI Crude Oil","energy","energy_crude","unknown","unknown","unknown","future_micro","MCL","NYMEX","Interactive Brokers Securities Japan Inc.","","unknown","unknown","unknown","true","true","unknown","See CME/NYMEX trading-hours page. Session differs by product family.","","","","","","unknown","","","","","","","unknown","unknown","","","","B","EVD-P04-0001;EVD-P04-0002;EVD-P04-0003;EVD-P04-0004;EVD-P04-0005;EVD-P04-0006;EVD-P04-0007;EVD-P04-0008;EVD-P04-0009;EVD-P04-0010;EVD-P04-0011;EVD-P04-0012;EVD-P04-0013","pending_evidence","Broker-level API and paper environment verified; symbol-level eligibility, margin, contract spec, and data entitlements still require product-level evidence.","","","","","pending","Global futures access verified at broker level; symbol-level permissions and margins pending.","2026-08-02T13:53:07.1831656+09:00","2026-08-02T13:53:07.1831656+09:00"
"CAN-EXP-ENERGY-GLOBAL-BRENT-FUTURE-STANDARD-NYMEX-BZ-IBSJ","EXP-ENERGY-GLOBAL-BRENT","VEH-FUTURE-STANDARD-NYMEX-BZ","ブレント原油","Brent Crude Oil","energy","energy_crude","unknown","unknown","unknown","future_standard","BZ","NYMEX","Interactive Brokers Securities Japan Inc.","","unknown","unknown","unknown","true","true","unknown","See CME/NYMEX trading-hours page. Session differs by product family.","","","","","","unknown","","","","","","","unknown","unknown","","","","B","EVD-P04-0001;EVD-P04-0002;EVD-P04-0003;EVD-P04-0004;EVD-P04-0005;EVD-P04-0006;EVD-P04-0007;EVD-P04-0008;EVD-P04-0009;EVD-P04-0010;EVD-P04-0011;EVD-P04-0012;EVD-P04-0013","pending_evidence","Broker-level API and paper environment verified; symbol-level eligibility, margin, contract spec, and data entitlements still require product-level evidence.","","","","","pending","Global futures access verified at broker level; symbol-level permissions and margins pending.","2026-08-02T13:53:07.1831656+09:00","2026-08-02T13:53:07.1831656+09:00"
"CAN-EXP-ENERGY-US-NATGAS-FUTURE-STANDARD-NYMEX-NG-IBSJ","EXP-ENERGY-US-NATGAS","VEH-FUTURE-STANDARD-NYMEX-NG","米国天然ガス","Henry Hub Natural Gas","energy","energy_gas","unknown","unknown","unknown","future_standard","NG","NYMEX","Interactive Brokers Securities Japan Inc.","","unknown","unknown","unknown","true","true","unknown","See CME/NYMEX trading-hours page. Session differs by product family.","","","","","","unknown","","","","","","","unknown","unknown","","","","B","EVD-P04-0001;EVD-P04-0002;EVD-P04-0003;EVD-P04-0004;EVD-P04-0005;EVD-P04-0006;EVD-P04-0007;EVD-P04-0008;EVD-P04-0009;EVD-P04-0010;EVD-P04-0011;EVD-P04-0012;EVD-P04-0013","pending_evidence","Broker-level API and paper environment verified; symbol-level eligibility, margin, contract spec, and data entitlements still require product-level evidence.","","","","","pending","Global futures access verified at broker level; symbol-level permissions and margins pending.","2026-08-02T13:53:07.1831656+09:00","2026-08-02T13:53:07.1831656+09:00"
"CAN-EXP-ENERGY-US-GASOLINE-FUTURE-STANDARD-NYMEX-RB-IBSJ","EXP-ENERGY-US-GASOLINE","VEH-FUTURE-STANDARD-NYMEX-RB","米国ガソリン","RBOB Gasoline","energy","energy_refined","unknown","unknown","unknown","future_standard","RB","NYMEX","Interactive Brokers Securities Japan Inc.","","unknown","unknown","unknown","true","true","unknown","See CME/NYMEX trading-hours page. Session differs by product family.","","","","","","unknown","","","","","","","unknown","unknown","","","","B","EVD-P04-0001;EVD-P04-0002;EVD-P04-0003;EVD-P04-0004;EVD-P04-0005;EVD-P04-0006;EVD-P04-0007;EVD-P04-0008;EVD-P04-0009;EVD-P04-0010;EVD-P04-0011;EVD-P04-0012;EVD-P04-0013","pending_evidence","Broker-level API and paper environment verified; symbol-level eligibility, margin, contract spec, and data entitlements still require product-level evidence.","","","","","pending","Global futures access verified at broker level; symbol-level permissions and margins pending.","2026-08-02T13:53:07.1831656+09:00","2026-08-02T13:53:07.1831656+09:00"
"CAN-EXP-ENERGY-US-HEATINGOIL-FUTURE-STANDARD-NYMEX-HO-IBSJ","EXP-ENERGY-US-HEATINGOIL","VEH-FUTURE-STANDARD-NYMEX-HO","米国暖房油","Heating Oil","energy","energy_refined","unknown","unknown","unknown","future_standard","HO","NYMEX","Interactive Brokers Securities Japan Inc.","","unknown","unknown","unknown","true","true","unknown","See CME/NYMEX trading-hours page. Session differs by product family.","","","","","","unknown","","","","","","","unknown","unknown","","","","B","EVD-P04-0001;EVD-P04-0002;EVD-P04-0003;EVD-P04-0004;EVD-P04-0005;EVD-P04-0006;EVD-P04-0007;EVD-P04-0008;EVD-P04-0009;EVD-P04-0010;EVD-P04-0011;EVD-P04-0012;EVD-P04-0013","pending_evidence","Broker-level API and paper environment verified; symbol-level eligibility, margin, contract spec, and data entitlements still require product-level evidence.","","","","","pending","Global futures access verified at broker level; symbol-level permissions and margins pending.","2026-08-02T13:53:07.1831656+09:00","2026-08-02T13:53:07.1831656+09:00"
"CAN-EXP-ENV-GLOBAL-GEO-FUTURE-STANDARD-NYMEX-GEO-IBSJ","EXP-ENV-GLOBAL-GEO","VEH-FUTURE-STANDARD-NYMEX-GEO","Global Emissions Offset","Global Emissions Offset","environmental_power","environmental_carbon","unknown","unknown","unknown","future_standard","GEO","NYMEX","Interactive Brokers Securities Japan Inc.","","unknown","unknown","unknown","true","true","unknown","See CME/NYMEX trading-hours page. Session differs by product family.","","","","","","unknown","","","","","","","unknown","unknown","","","","B","EVD-P04-0001;EVD-P04-0002;EVD-P04-0003;EVD-P04-0004;EVD-P04-0005;EVD-P04-0006;EVD-P04-0007;EVD-P04-0008;EVD-P04-0009;EVD-P04-0010;EVD-P04-0011;EVD-P04-0012;EVD-P04-0013","pending_evidence","Broker-level API and paper environment verified; symbol-level eligibility, margin, contract spec, and data entitlements still require product-level evidence.","","","","","pending","Global futures access verified at broker level; symbol-level permissions and margins pending.","2026-08-02T13:53:07.1831656+09:00","2026-08-02T13:53:07.1831656+09:00"
"CAN-EXP-METAL-GLOBAL-GOLD-FUTURE-STANDARD-COMEX-GC-IBSJ","EXP-METAL-GLOBAL-GOLD","VEH-FUTURE-STANDARD-COMEX-GC","金","Gold","metals","metals_precious","unknown","unknown","unknown","future_standard","GC","COMEX","Interactive Brokers Securities Japan Inc.","","unknown","unknown","unknown","true","true","unknown","See CME/COMEX trading-hours page. Session differs by product family.","","","","","","unknown","","","","","","","unknown","unknown","","","","B","EVD-P04-0001;EVD-P04-0002;EVD-P04-0003;EVD-P04-0004;EVD-P04-0005;EVD-P04-0006;EVD-P04-0007;EVD-P04-0008;EVD-P04-0009;EVD-P04-0010;EVD-P04-0011;EVD-P04-0012;EVD-P04-0013","pending_evidence","Broker-level API and paper environment verified; symbol-level eligibility, margin, contract spec, and data entitlements still require product-level evidence.","","","","","pending","Global futures access verified at broker level; symbol-level permissions and margins pending.","2026-08-02T13:53:07.1831656+09:00","2026-08-02T13:53:07.1831656+09:00"
"CAN-EXP-METAL-GLOBAL-GOLD-FUTURE-MICRO-COMEX-MGC-IBSJ","EXP-METAL-GLOBAL-GOLD","VEH-FUTURE-MICRO-COMEX-MGC","金","Gold","metals","metals_precious","unknown","unknown","unknown","future_micro","MGC","COMEX","Interactive Brokers Securities Japan Inc.","","unknown","unknown","unknown","true","true","unknown","See CME/COMEX trading-hours page. Session differs by product family.","","","","","","unknown","","","","","","","unknown","unknown","","","","B","EVD-P04-0001;EVD-P04-0002;EVD-P04-0003;EVD-P04-0004;EVD-P04-0005;EVD-P04-0006;EVD-P04-0007;EVD-P04-0008;EVD-P04-0009;EVD-P04-0010;EVD-P04-0011;EVD-P04-0012;EVD-P04-0013","pending_evidence","Broker-level API and paper environment verified; symbol-level eligibility, margin, contract spec, and data entitlements still require product-level evidence.","","","","","pending","Global futures access verified at broker level; symbol-level permissions and margins pending.","2026-08-02T13:53:07.1831656+09:00","2026-08-02T13:53:07.1831656+09:00"
"CAN-EXP-METAL-GLOBAL-SILVER-FUTURE-STANDARD-COMEX-SI-IBSJ","EXP-METAL-GLOBAL-SILVER","VEH-FUTURE-STANDARD-COMEX-SI","銀","Silver","metals","metals_precious","unknown","unknown","unknown","future_standard","SI","COMEX","Interactive Brokers Securities Japan Inc.","","unknown","unknown","unknown","true","true","unknown","See CME/COMEX trading-hours page. Session differs by product family.","","","","","","unknown","","","","","","","unknown","unknown","","","","B","EVD-P04-0001;EVD-P04-0002;EVD-P04-0003;EVD-P04-0004;EVD-P04-0005;EVD-P04-0006;EVD-P04-0007;EVD-P04-0008;EVD-P04-0009;EVD-P04-0010;EVD-P04-0011;EVD-P04-0012;EVD-P04-0013","pending_evidence","Broker-level API and paper environment verified; symbol-level eligibility, margin, contract spec, and data entitlements still require product-level evidence.","","","","","pending","Global futures access verified at broker level; symbol-level permissions and margins pending.","2026-08-02T13:53:07.1831656+09:00","2026-08-02T13:53:07.1831656+09:00"
"CAN-EXP-METAL-GLOBAL-SILVER-FUTURE-MICRO-COMEX-SIL-IBSJ","EXP-METAL-GLOBAL-SILVER","VEH-FUTURE-MICRO-COMEX-SIL","銀","Silver","metals","metals_precious","unknown","unknown","unknown","future_micro","SIL","COMEX","Interactive Brokers Securities Japan Inc.","","unknown","unknown","unknown","true","true","unknown","See CME/COMEX trading-hours page. Session differs by product family.","","","","","","unknown","","","","","","","unknown","unknown","","","","B","EVD-P04-0001;EVD-P04-0002;EVD-P04-0003;EVD-P04-0004;EVD-P04-0005;EVD-P04-0006;EVD-P04-0007;EVD-P04-0008;EVD-P04-0009;EVD-P04-0010;EVD-P04-0011;EVD-P04-0012;EVD-P04-0013","pending_evidence","Broker-level API and paper environment verified; symbol-level eligibility, margin, contract spec, and data entitlements still require product-level evidence.","","","","","pending","Global futures access verified at broker level; symbol-level permissions and margins pending.","2026-08-02T13:53:07.1831656+09:00","2026-08-02T13:53:07.1831656+09:00"
"CAN-EXP-METAL-GLOBAL-COPPER-FUTURE-STANDARD-COMEX-HG-IBSJ","EXP-METAL-GLOBAL-COPPER","VEH-FUTURE-STANDARD-COMEX-HG","銅","Copper","metals","metals_industrial","unknown","unknown","unknown","future_standard","HG","COMEX","Interactive Brokers Securities Japan Inc.","","unknown","unknown","unknown","true","true","unknown","See CME/COMEX trading-hours page. Session differs by product family.","","","","","","unknown","","","","","","","unknown","unknown","","","","B","EVD-P04-0001;EVD-P04-0002;EVD-P04-0003;EVD-P04-0004;EVD-P04-0005;EVD-P04-0006;EVD-P04-0007;EVD-P04-0008;EVD-P04-0009;EVD-P04-0010;EVD-P04-0011;EVD-P04-0012;EVD-P04-0013","pending_evidence","Broker-level API and paper environment verified; symbol-level eligibility, margin, contract spec, and data entitlements still require product-level evidence.","","","","","pending","Global futures access verified at broker level; symbol-level permissions and margins pending.","2026-08-02T13:53:07.1831656+09:00","2026-08-02T13:53:07.1831656+09:00"
"CAN-EXP-METAL-GLOBAL-COPPER-FUTURE-MICRO-COMEX-MHG-IBSJ","EXP-METAL-GLOBAL-COPPER","VEH-FUTURE-MICRO-COMEX-MHG","銅","Copper","metals","metals_industrial","unknown","unknown","unknown","future_micro","MHG","COMEX","Interactive Brokers Securities Japan Inc.","","unknown","unknown","unknown","true","true","unknown","See CME/COMEX trading-hours page. Session differs by product family.","","","","","","unknown","","","","","","","unknown","unknown","","","","B","EVD-P04-0001;EVD-P04-0002;EVD-P04-0003;EVD-P04-0004;EVD-P04-0005;EVD-P04-0006;EVD-P04-0007;EVD-P04-0008;EVD-P04-0009;EVD-P04-0010;EVD-P04-0011;EVD-P04-0012;EVD-P04-0013","pending_evidence","Broker-level API and paper environment verified; symbol-level eligibility, margin, contract spec, and data entitlements still require product-level evidence.","","","","","pending","Global futures access verified at broker level; symbol-level permissions and margins pending.","2026-08-02T13:53:07.1831656+09:00","2026-08-02T13:53:07.1831656+09:00"
"CAN-EXP-METAL-GLOBAL-PLATINUM-FUTURE-STANDARD-NYMEX-PL-IBSJ","EXP-METAL-GLOBAL-PLATINUM","VEH-FUTURE-STANDARD-NYMEX-PL","プラチナ","Platinum","metals","metals_precious","unknown","unknown","unknown","future_standard","PL","NYMEX","Interactive Brokers Securities Japan Inc.","","unknown","unknown","unknown","true","true","unknown","See CME/NYMEX trading-hours page. Session differs by product family.","","","","","","unknown","","","","","","","unknown","unknown","","","","B","EVD-P04-0001;EVD-P04-0002;EVD-P04-0003;EVD-P04-0004;EVD-P04-0005;EVD-P04-0006;EVD-P04-0007;EVD-P04-0008;EVD-P04-0009;EVD-P04-0010;EVD-P04-0011;EVD-P04-0012;EVD-P04-0013","pending_evidence","Broker-level API and paper environment verified; symbol-level eligibility, margin, contract spec, and data entitlements still require product-level evidence.","","","","","pending","Global futures access verified at broker level; symbol-level permissions and margins pending.","2026-08-02T13:53:07.1831656+09:00","2026-08-02T13:53:07.1831656+09:00"
"CAN-EXP-METAL-GLOBAL-PALLADIUM-FUTURE-STANDARD-NYMEX-PA-IBSJ","EXP-METAL-GLOBAL-PALLADIUM","VEH-FUTURE-STANDARD-NYMEX-PA","パラジウム","Palladium","metals","metals_precious","unknown","unknown","unknown","future_standard","PA","NYMEX","Interactive Brokers Securities Japan Inc.","","unknown","unknown","unknown","true","true","unknown","See CME/NYMEX trading-hours page. Session differs by product family.","","","","","","unknown","","","","","","","unknown","unknown","","","","B","EVD-P04-0001;EVD-P04-0002;EVD-P04-0003;EVD-P04-0004;EVD-P04-0005;EVD-P04-0006;EVD-P04-0007;EVD-P04-0008;EVD-P04-0009;EVD-P04-0010;EVD-P04-0011;EVD-P04-0012;EVD-P04-0013","pending_evidence","Broker-level API and paper environment verified; symbol-level eligibility, margin, contract spec, and data entitlements still require product-level evidence.","","","","","pending","Global futures access verified at broker level; symbol-level permissions and margins pending.","2026-08-02T13:53:07.1831656+09:00","2026-08-02T13:53:07.1831656+09:00"
"CAN-EXP-AGRI-US-CORN-FUTURE-STANDARD-CBOT-ZC-IBSJ","EXP-AGRI-US-CORN","VEH-FUTURE-STANDARD-CBOT-ZC","とうもろこし","Corn","grains_oilseeds","agri_grain","unknown","unknown","unknown","future_standard","ZC","CBOT","Interactive Brokers Securities Japan Inc.","","unknown","unknown","unknown","true","true","unknown","See CME/CBOT trading-hours page. Session differs by product family.","","","","","","unknown","","","","","","","unknown","unknown","","","","B","EVD-P04-0001;EVD-P04-0002;EVD-P04-0003;EVD-P04-0004;EVD-P04-0005;EVD-P04-0006;EVD-P04-0007;EVD-P04-0008;EVD-P04-0009;EVD-P04-0010;EVD-P04-0011;EVD-P04-0012;EVD-P04-0013","pending_evidence","Broker-level API and paper environment verified; symbol-level eligibility, margin, contract spec, and data entitlements still require product-level evidence.","","","","","pending","Global futures access verified at broker level; symbol-level permissions and margins pending.","2026-08-02T13:53:07.1831656+09:00","2026-08-02T13:53:07.1831656+09:00"
"CAN-EXP-AGRI-US-CORN-FUTURE-MICRO-CBOT-XC-IBSJ","EXP-AGRI-US-CORN","VEH-FUTURE-MICRO-CBOT-XC","とうもろこし","Corn","grains_oilseeds","agri_grain","unknown","unknown","unknown","future_micro","XC","CBOT","Interactive Brokers Securities Japan Inc.","","unknown","unknown","unknown","true","true","unknown","See CME/CBOT trading-hours page. Session differs by product family.","","","","","","unknown","","","","","","","unknown","unknown","","","","B","EVD-P04-0001;EVD-P04-0002;EVD-P04-0003;EVD-P04-0004;EVD-P04-0005;EVD-P04-0006;EVD-P04-0007;EVD-P04-0008;EVD-P04-0009;EVD-P04-0010;EVD-P04-0011;EVD-P04-0012;EVD-P04-0013","pending_evidence","Broker-level API and paper environment verified; symbol-level eligibility, margin, contract spec, and data entitlements still require product-level evidence.","","","","","pending","Global futures access verified at broker level; symbol-level permissions and margins pending.","2026-08-02T13:53:07.1831656+09:00","2026-08-02T13:53:07.1831656+09:00"
"CAN-EXP-AGRI-US-WHEAT-FUTURE-STANDARD-CBOT-ZW-IBSJ","EXP-AGRI-US-WHEAT","VEH-FUTURE-STANDARD-CBOT-ZW","シカゴ小麦","Chicago Wheat","grains_oilseeds","agri_grain","unknown","unknown","unknown","future_standard","ZW","CBOT","Interactive Brokers Securities Japan Inc.","","unknown","unknown","unknown","true","true","unknown","See CME/CBOT trading-hours page. Session differs by product family.","","","","","","unknown","","","","","","","unknown","unknown","","","","B","EVD-P04-0001;EVD-P04-0002;EVD-P04-0003;EVD-P04-0004;EVD-P04-0005;EVD-P04-0006;EVD-P04-0007;EVD-P04-0008;EVD-P04-0009;EVD-P04-0010;EVD-P04-0011;EVD-P04-0012;EVD-P04-0013","pending_evidence","Broker-level API and paper environment verified; symbol-level eligibility, margin, contract spec, and data entitlements still require product-level evidence.","","","","","pending","Global futures access verified at broker level; symbol-level permissions and margins pending.","2026-08-02T13:53:07.1831656+09:00","2026-08-02T13:53:07.1831656+09:00"
"CAN-EXP-AGRI-US-WHEAT-FUTURE-MICRO-CBOT-XW-IBSJ","EXP-AGRI-US-WHEAT","VEH-FUTURE-MICRO-CBOT-XW","シカゴ小麦","Chicago Wheat","grains_oilseeds","agri_grain","unknown","unknown","unknown","future_micro","XW","CBOT","Interactive Brokers Securities Japan Inc.","","unknown","unknown","unknown","true","true","unknown","See CME/CBOT trading-hours page. Session differs by product family.","","","","","","unknown","","","","","","","unknown","unknown","","","","B","EVD-P04-0001;EVD-P04-0002;EVD-P04-0003;EVD-P04-0004;EVD-P04-0005;EVD-P04-0006;EVD-P04-0007;EVD-P04-0008;EVD-P04-0009;EVD-P04-0010;EVD-P04-0011;EVD-P04-0012;EVD-P04-0013","pending_evidence","Broker-level API and paper environment verified; symbol-level eligibility, margin, contract spec, and data entitlements still require product-level evidence.","","","","","pending","Global futures access verified at broker level; symbol-level permissions and margins pending.","2026-08-02T13:53:07.1831656+09:00","2026-08-02T13:53:07.1831656+09:00"
"CAN-EXP-AGRI-US-SOYBEANS-FUTURE-STANDARD-CBOT-ZS-IBSJ","EXP-AGRI-US-SOYBEANS","VEH-FUTURE-STANDARD-CBOT-ZS","大豆","Soybeans","grains_oilseeds","agri_oilseed","unknown","unknown","unknown","future_standard","ZS","CBOT","Interactive Brokers Securities Japan Inc.","","unknown","unknown","unknown","true","true","unknown","See CME/CBOT trading-hours page. Session differs by product family.","","","","","","unknown","","","","","","","unknown","unknown","","","","B","EVD-P04-0001;EVD-P04-0002;EVD-P04-0003;EVD-P04-0004;EVD-P04-0005;EVD-P04-0006;EVD-P04-0007;EVD-P04-0008;EVD-P04-0009;EVD-P04-0010;EVD-P04-0011;EVD-P04-0012;EVD-P04-0013","pending_evidence","Broker-level API and paper environment verified; symbol-level eligibility, margin, contract spec, and data entitlements still require product-level evidence.","","","","","pending","Global futures access verified at broker level; symbol-level permissions and margins pending.","2026-08-02T13:53:07.1831656+09:00","2026-08-02T13:53:07.1831656+09:00"
"CAN-EXP-AGRI-US-SOYBEANS-FUTURE-MICRO-CBOT-XK-IBSJ","EXP-AGRI-US-SOYBEANS","VEH-FUTURE-MICRO-CBOT-XK","大豆","Soybeans","grains_oilseeds","agri_oilseed","unknown","unknown","unknown","future_micro","XK","CBOT","Interactive Brokers Securities Japan Inc.","","unknown","unknown","unknown","true","true","unknown","See CME/CBOT trading-hours page. Session differs by product family.","","","","","","unknown","","","","","","","unknown","unknown","","","","B","EVD-P04-0001;EVD-P04-0002;EVD-P04-0003;EVD-P04-0004;EVD-P04-0005;EVD-P04-0006;EVD-P04-0007;EVD-P04-0008;EVD-P04-0009;EVD-P04-0010;EVD-P04-0011;EVD-P04-0012;EVD-P04-0013","pending_evidence","Broker-level API and paper environment verified; symbol-level eligibility, margin, contract spec, and data entitlements still require product-level evidence.","","","","","pending","Global futures access verified at broker level; symbol-level permissions and margins pending.","2026-08-02T13:53:07.1831656+09:00","2026-08-02T13:53:07.1831656+09:00"
"CAN-EXP-AGRI-US-SOYMEAL-FUTURE-STANDARD-CBOT-ZM-IBSJ","EXP-AGRI-US-SOYMEAL","VEH-FUTURE-STANDARD-CBOT-ZM","大豆ミール","Soybean Meal","grains_oilseeds","agri_oilseed","unknown","unknown","unknown","future_standard","ZM","CBOT","Interactive Brokers Securities Japan Inc.","","unknown","unknown","unknown","true","true","unknown","See CME/CBOT trading-hours page. Session differs by product family.","","","","","","unknown","","","","","","","unknown","unknown","","","","B","EVD-P04-0001;EVD-P04-0002;EVD-P04-0003;EVD-P04-0004;EVD-P04-0005;EVD-P04-0006;EVD-P04-0007;EVD-P04-0008;EVD-P04-0009;EVD-P04-0010;EVD-P04-0011;EVD-P04-0012;EVD-P04-0013","pending_evidence","Broker-level API and paper environment verified; symbol-level eligibility, margin, contract spec, and data entitlements still require product-level evidence.","","","","","pending","Global futures access verified at broker level; symbol-level permissions and margins pending.","2026-08-02T13:53:07.1831656+09:00","2026-08-02T13:53:07.1831656+09:00"
"CAN-EXP-AGRI-US-SOYOIL-FUTURE-STANDARD-CBOT-ZL-IBSJ","EXP-AGRI-US-SOYOIL","VEH-FUTURE-STANDARD-CBOT-ZL","大豆油","Soybean Oil","grains_oilseeds","agri_oilseed","unknown","unknown","unknown","future_standard","ZL","CBOT","Interactive Brokers Securities Japan Inc.","","unknown","unknown","unknown","true","true","unknown","See CME/CBOT trading-hours page. Session differs by product family.","","","","","","unknown","","","","","","","unknown","unknown","","","","B","EVD-P04-0001;EVD-P04-0002;EVD-P04-0003;EVD-P04-0004;EVD-P04-0005;EVD-P04-0006;EVD-P04-0007;EVD-P04-0008;EVD-P04-0009;EVD-P04-0010;EVD-P04-0011;EVD-P04-0012;EVD-P04-0013","pending_evidence","Broker-level API and paper environment verified; symbol-level eligibility, margin, contract spec, and data entitlements still require product-level evidence.","","","","","pending","Global futures access verified at broker level; symbol-level permissions and margins pending.","2026-08-02T13:53:07.1831656+09:00","2026-08-02T13:53:07.1831656+09:00"
"CAN-EXP-AGRI-US-KCWHEAT-FUTURE-STANDARD-CBOT-KE-IBSJ","EXP-AGRI-US-KCWHEAT","VEH-FUTURE-STANDARD-CBOT-KE","KC小麦","Kansas City HRW Wheat","grains_oilseeds","agri_grain","unknown","unknown","unknown","future_standard","KE","CBOT","Interactive Brokers Securities Japan Inc.","","unknown","unknown","unknown","true","true","unknown","See CME/CBOT trading-hours page. Session differs by product family.","","","","","","unknown","","","","","","","unknown","unknown","","","","B","EVD-P04-0001;EVD-P04-0002;EVD-P04-0003;EVD-P04-0004;EVD-P04-0005;EVD-P04-0006;EVD-P04-0007;EVD-P04-0008;EVD-P04-0009;EVD-P04-0010;EVD-P04-0011;EVD-P04-0012;EVD-P04-0013","pending_evidence","Broker-level API and paper environment verified; symbol-level eligibility, margin, contract spec, and data entitlements still require product-level evidence.","","","","","pending","Global futures access verified at broker level; symbol-level permissions and margins pending.","2026-08-02T13:53:07.1831656+09:00","2026-08-02T13:53:07.1831656+09:00"
"CAN-EXP-LIVESTOCK-US-LIVECATTLE-FUTURE-STANDARD-CME-LE-IBSJ","EXP-LIVESTOCK-US-LIVECATTLE","VEH-FUTURE-STANDARD-CME-LE","生牛","Live Cattle","livestock","livestock","unknown","unknown","unknown","future_standard","LE","CME","Interactive Brokers Securities Japan Inc.","","unknown","unknown","unknown","true","true","unknown","See CME trading-hours page. Session differs by product family.","","","","","","unknown","","","","","","","unknown","unknown","","","","B","EVD-P04-0001;EVD-P04-0002;EVD-P04-0003;EVD-P04-0004;EVD-P04-0005;EVD-P04-0006;EVD-P04-0007;EVD-P04-0008;EVD-P04-0009;EVD-P04-0010;EVD-P04-0011;EVD-P04-0012;EVD-P04-0013","pending_evidence","Broker-level API and paper environment verified; symbol-level eligibility, margin, contract spec, and data entitlements still require product-level evidence.","","","","","pending","Global futures access verified at broker level; symbol-level permissions and margins pending.","2026-08-02T13:53:07.1831656+09:00","2026-08-02T13:53:07.1831656+09:00"
"CAN-EXP-LIVESTOCK-US-FEEDERCATTLE-FUTURE-STANDARD-CME-GF-IBSJ","EXP-LIVESTOCK-US-FEEDERCATTLE","VEH-FUTURE-STANDARD-CME-GF","肥育牛","Feeder Cattle","livestock","livestock","unknown","unknown","unknown","future_standard","GF","CME","Interactive Brokers Securities Japan Inc.","","unknown","unknown","unknown","true","true","unknown","See CME trading-hours page. Session differs by product family.","","","","","","unknown","","","","","","","unknown","unknown","","","","B","EVD-P04-0001;EVD-P04-0002;EVD-P04-0003;EVD-P04-0004;EVD-P04-0005;EVD-P04-0006;EVD-P04-0007;EVD-P04-0008;EVD-P04-0009;EVD-P04-0010;EVD-P04-0011;EVD-P04-0012;EVD-P04-0013","pending_evidence","Broker-level API and paper environment verified; symbol-level eligibility, margin, contract spec, and data entitlements still require product-level evidence.","","","","","pending","Global futures access verified at broker level; symbol-level permissions and margins pending.","2026-08-02T13:53:07.1831656+09:00","2026-08-02T13:53:07.1831656+09:00"
"CAN-EXP-LIVESTOCK-US-LEANHOGS-FUTURE-STANDARD-CME-HE-IBSJ","EXP-LIVESTOCK-US-LEANHOGS","VEH-FUTURE-STANDARD-CME-HE","豚赤身肉","Lean Hogs","livestock","livestock","unknown","unknown","unknown","future_standard","HE","CME","Interactive Brokers Securities Japan Inc.","","unknown","unknown","unknown","true","true","unknown","See CME trading-hours page. Session differs by product family.","","","","","","unknown","","","","","","","unknown","unknown","","","","B","EVD-P04-0001;EVD-P04-0002;EVD-P04-0003;EVD-P04-0004;EVD-P04-0005;EVD-P04-0006;EVD-P04-0007;EVD-P04-0008;EVD-P04-0009;EVD-P04-0010;EVD-P04-0011;EVD-P04-0012;EVD-P04-0013","pending_evidence","Broker-level API and paper environment verified; symbol-level eligibility, margin, contract spec, and data entitlements still require product-level evidence.","","","","","pending","Global futures access verified at broker level; symbol-level permissions and margins pending.","2026-08-02T13:53:07.1831656+09:00","2026-08-02T13:53:07.1831656+09:00"
"CAN-EXP-CRYPTO-GLOBAL-BTC-CRYPTO-FUTURE-CME-BTC-IBSJ","EXP-CRYPTO-GLOBAL-BTC","VEH-CRYPTO-FUTURE-CME-BTC","ビットコイン","Bitcoin","crypto","crypto_major","unknown","unknown","unknown","crypto_future","BTC","CME","Interactive Brokers Securities Japan Inc.","","unknown","unknown","unknown","true","true","unknown","CME crypto futures trade 24/7 with Saturday maintenance.","","","","","","unknown","","","","","","","unknown","unknown","","","","B","EVD-P04-0001;EVD-P04-0002;EVD-P04-0003;EVD-P04-0004;EVD-P04-0005;EVD-P04-0006;EVD-P04-0007;EVD-P04-0008;EVD-P04-0009;EVD-P04-0010;EVD-P04-0011;EVD-P04-0012;EVD-P04-0013EVD-P04-0016","pending_evidence","Broker-level API and paper environment verified; symbol-level eligibility, margin, contract spec, and data entitlements still require product-level evidence.","","","","","pending","Crypto hours verified; market-data entitlements and permissions still required.","2026-08-02T13:53:07.1831656+09:00","2026-08-02T13:53:07.1831656+09:00"
"CAN-EXP-CRYPTO-GLOBAL-BTC-CRYPTO-FUTURE-CME-MBT-IBSJ","EXP-CRYPTO-GLOBAL-BTC","VEH-CRYPTO-FUTURE-CME-MBT","ビットコイン","Bitcoin","crypto","crypto_major","unknown","unknown","unknown","crypto_future","MBT","CME","Interactive Brokers Securities Japan Inc.","","unknown","unknown","unknown","true","true","unknown","CME crypto futures trade 24/7 with Saturday maintenance.","","","","","","unknown","","","","","","","unknown","unknown","","","","B","EVD-P04-0001;EVD-P04-0002;EVD-P04-0003;EVD-P04-0004;EVD-P04-0005;EVD-P04-0006;EVD-P04-0007;EVD-P04-0008;EVD-P04-0009;EVD-P04-0010;EVD-P04-0011;EVD-P04-0012;EVD-P04-0013EVD-P04-0016","pending_evidence","Broker-level API and paper environment verified; symbol-level eligibility, margin, contract spec, and data entitlements still require product-level evidence.","","","","","pending","Crypto hours verified; market-data entitlements and permissions still required.","2026-08-02T13:53:07.1831656+09:00","2026-08-02T13:53:07.1831656+09:00"
"CAN-EXP-CRYPTO-GLOBAL-ETH-CRYPTO-FUTURE-CME-ETH-IBSJ","EXP-CRYPTO-GLOBAL-ETH","VEH-CRYPTO-FUTURE-CME-ETH","イーサリアム","Ether","crypto","crypto_major","unknown","unknown","unknown","crypto_future","ETH","CME","Interactive Brokers Securities Japan Inc.","","unknown","unknown","unknown","true","true","unknown","CME crypto futures trade 24/7 with Saturday maintenance.","","","","","","unknown","","","","","","","unknown","unknown","","","","B","EVD-P04-0001;EVD-P04-0002;EVD-P04-0003;EVD-P04-0004;EVD-P04-0005;EVD-P04-0006;EVD-P04-0007;EVD-P04-0008;EVD-P04-0009;EVD-P04-0010;EVD-P04-0011;EVD-P04-0012;EVD-P04-0013EVD-P04-0016","pending_evidence","Broker-level API and paper environment verified; symbol-level eligibility, margin, contract spec, and data entitlements still require product-level evidence.","","","","","pending","Crypto hours verified; market-data entitlements and permissions still required.","2026-08-02T13:53:07.1831656+09:00","2026-08-02T13:53:07.1831656+09:00"
"CAN-EXP-CRYPTO-GLOBAL-ETH-CRYPTO-FUTURE-CME-MET-IBSJ","EXP-CRYPTO-GLOBAL-ETH","VEH-CRYPTO-FUTURE-CME-MET","イーサリアム","Ether","crypto","crypto_major","unknown","unknown","unknown","crypto_future","MET","CME","Interactive Brokers Securities Japan Inc.","","unknown","unknown","unknown","true","true","unknown","CME crypto futures trade 24/7 with Saturday maintenance.","","","","","","unknown","","","","","","","unknown","unknown","","","","B","EVD-P04-0001;EVD-P04-0002;EVD-P04-0003;EVD-P04-0004;EVD-P04-0005;EVD-P04-0006;EVD-P04-0007;EVD-P04-0008;EVD-P04-0009;EVD-P04-0010;EVD-P04-0011;EVD-P04-0012;EVD-P04-0013EVD-P04-0016","pending_evidence","Broker-level API and paper environment verified; symbol-level eligibility, margin, contract spec, and data entitlements still require product-level evidence.","","","","","pending","Crypto hours verified; market-data entitlements and permissions still required.","2026-08-02T13:53:07.1831656+09:00","2026-08-02T13:53:07.1831656+09:00"
"CAN-EXP-CRYPTO-GLOBAL-SOL-CRYPTO-FUTURE-CME-SOL-IBSJ","EXP-CRYPTO-GLOBAL-SOL","VEH-CRYPTO-FUTURE-CME-SOL","ソラナ","Solana","crypto","crypto_major","unknown","unknown","unknown","crypto_future","SOL","CME","Interactive Brokers Securities Japan Inc.","","unknown","unknown","unknown","true","true","unknown","CME crypto futures trade 24/7 with Saturday maintenance.","","","","","","unknown","","","","","","","unknown","unknown","","","","B","EVD-P04-0001;EVD-P04-0002;EVD-P04-0003;EVD-P04-0004;EVD-P04-0005;EVD-P04-0006;EVD-P04-0007;EVD-P04-0008;EVD-P04-0009;EVD-P04-0010;EVD-P04-0011;EVD-P04-0012;EVD-P04-0013EVD-P04-0016","pending_evidence","Broker-level API and paper environment verified; symbol-level eligibility, margin, contract spec, and data entitlements still require product-level evidence.","","","","","pending","Crypto hours verified; market-data entitlements and permissions still required.","2026-08-02T13:53:07.1831656+09:00","2026-08-02T13:53:07.1831656+09:00"
"CAN-EXP-CRYPTO-GLOBAL-XRP-CRYPTO-FUTURE-CME-XRP-IBSJ","EXP-CRYPTO-GLOBAL-XRP","VEH-CRYPTO-FUTURE-CME-XRP","XRP","XRP","crypto","crypto_major","unknown","unknown","unknown","crypto_future","XRP","CME","Interactive Brokers Securities Japan Inc.","","unknown","unknown","unknown","true","true","unknown","CME crypto futures trade 24/7 with Saturday maintenance.","","","","","","unknown","","","","","","","unknown","unknown","","","","B","EVD-P04-0001;EVD-P04-0002;EVD-P04-0003;EVD-P04-0004;EVD-P04-0005;EVD-P04-0006;EVD-P04-0007;EVD-P04-0008;EVD-P04-0009;EVD-P04-0010;EVD-P04-0011;EVD-P04-0012;EVD-P04-0013EVD-P04-0016","pending_evidence","Broker-level API and paper environment verified; symbol-level eligibility, margin, contract spec, and data entitlements still require product-level evidence.","","","","","pending","Crypto hours verified; market-data entitlements and permissions still required.","2026-08-02T13:53:07.1831656+09:00","2026-08-02T13:53:07.1831656+09:00"
"CAN-EXP-SOFT-GLOBAL-SUGAR11-FUTURE-STANDARD-ICEUS-SB-IBSJ","EXP-SOFT-GLOBAL-SUGAR11","VEH-FUTURE-STANDARD-ICEUS-SB","砂糖11番","Sugar No 11","softs","agri_soft","unknown","unknown","unknown","future_standard","SB","ICEUS","Interactive Brokers Securities Japan Inc.","","unknown","unknown","unknown","true","true","unknown","Venue-specific; exchange presence and fee schedule found, symbol-level hours pending.","","","","","","unknown","","","","","","","unknown","unknown","","","","B","EVD-P04-0001;EVD-P04-0002;EVD-P04-0003;EVD-P04-0004;EVD-P04-0005;EVD-P04-0006;EVD-P04-0007;EVD-P04-0008;EVD-P04-0009;EVD-P04-0010;EVD-P04-0011;EVD-P04-0012;EVD-P04-0013;EVD-P04-0019","pending_evidence","Broker-level API and paper environment verified; symbol-level eligibility, margin, contract spec, and data entitlements still require product-level evidence.","","","","","pending","Exchange presence and fee evidence found, but not all symbols are individually confirmed.","2026-08-02T13:53:07.1831656+09:00","2026-08-02T13:53:07.1831656+09:00"
"CAN-EXP-SOFT-GLOBAL-COFFEE-FUTURE-STANDARD-ICEUS-KC-IBSJ","EXP-SOFT-GLOBAL-COFFEE","VEH-FUTURE-STANDARD-ICEUS-KC","コーヒー","Coffee C","softs","agri_soft","unknown","unknown","unknown","future_standard","KC","ICEUS","Interactive Brokers Securities Japan Inc.","","unknown","unknown","unknown","true","true","unknown","Venue-specific; exchange presence and fee schedule found, symbol-level hours pending.","","","","","","unknown","","","","","","","unknown","unknown","","","","B","EVD-P04-0001;EVD-P04-0002;EVD-P04-0003;EVD-P04-0004;EVD-P04-0005;EVD-P04-0006;EVD-P04-0007;EVD-P04-0008;EVD-P04-0009;EVD-P04-0010;EVD-P04-0011;EVD-P04-0012;EVD-P04-0013;EVD-P04-0019","pending_evidence","Broker-level API and paper environment verified; symbol-level eligibility, margin, contract spec, and data entitlements still require product-level evidence.","","","","","pending","Exchange presence and fee evidence found, but not all symbols are individually confirmed.","2026-08-02T13:53:07.1831656+09:00","2026-08-02T13:53:07.1831656+09:00"
"CAN-EXP-SOFT-GLOBAL-COCOA-FUTURE-STANDARD-ICEUS-CC-IBSJ","EXP-SOFT-GLOBAL-COCOA","VEH-FUTURE-STANDARD-ICEUS-CC","ココア","Cocoa","softs","agri_soft","unknown","unknown","unknown","future_standard","CC","ICEUS","Interactive Brokers Securities Japan Inc.","","unknown","unknown","unknown","true","true","unknown","Venue-specific; exchange presence and fee schedule found, symbol-level hours pending.","","","","","","unknown","","","","","","","unknown","unknown","","","","B","EVD-P04-0001;EVD-P04-0002;EVD-P04-0003;EVD-P04-0004;EVD-P04-0005;EVD-P04-0006;EVD-P04-0007;EVD-P04-0008;EVD-P04-0009;EVD-P04-0010;EVD-P04-0011;EVD-P04-0012;EVD-P04-0013;EVD-P04-0019","pending_evidence","Broker-level API and paper environment verified; symbol-level eligibility, margin, contract spec, and data entitlements still require product-level evidence.","","","","","pending","Exchange presence and fee evidence found, but not all symbols are individually confirmed.","2026-08-02T13:53:07.1831656+09:00","2026-08-02T13:53:07.1831656+09:00"
"CAN-EXP-SOFT-GLOBAL-COTTON-FUTURE-STANDARD-ICEUS-CT-IBSJ","EXP-SOFT-GLOBAL-COTTON","VEH-FUTURE-STANDARD-ICEUS-CT","綿花","Cotton No 2","softs","agri_soft","unknown","unknown","unknown","future_standard","CT","ICEUS","Interactive Brokers Securities Japan Inc.","","unknown","unknown","unknown","true","true","unknown","Venue-specific; exchange presence and fee schedule found, symbol-level hours pending.","","","","","","unknown","","","","","","","unknown","unknown","","","","B","EVD-P04-0001;EVD-P04-0002;EVD-P04-0003;EVD-P04-0004;EVD-P04-0005;EVD-P04-0006;EVD-P04-0007;EVD-P04-0008;EVD-P04-0009;EVD-P04-0010;EVD-P04-0011;EVD-P04-0012;EVD-P04-0013;EVD-P04-0019","pending_evidence","Broker-level API and paper environment verified; symbol-level eligibility, margin, contract spec, and data entitlements still require product-level evidence.","","","","","pending","Exchange presence and fee evidence found, but not all symbols are individually confirmed.","2026-08-02T13:53:07.1831656+09:00","2026-08-02T13:53:07.1831656+09:00"
"CAN-EXP-SOFT-GLOBAL-OJ-FUTURE-STANDARD-ICEUS-OJ-IBSJ","EXP-SOFT-GLOBAL-OJ","VEH-FUTURE-STANDARD-ICEUS-OJ","オレンジジュース","Frozen Concentrated Orange Juice","softs","agri_soft","unknown","unknown","unknown","future_standard","OJ","ICEUS","Interactive Brokers Securities Japan Inc.","","unknown","unknown","unknown","true","true","unknown","Venue-specific; exchange presence and fee schedule found, symbol-level hours pending.","","","","","","unknown","","","","","","","unknown","unknown","","","","B","EVD-P04-0001;EVD-P04-0002;EVD-P04-0003;EVD-P04-0004;EVD-P04-0005;EVD-P04-0006;EVD-P04-0007;EVD-P04-0008;EVD-P04-0009;EVD-P04-0010;EVD-P04-0011;EVD-P04-0012;EVD-P04-0013;EVD-P04-0019","pending_evidence","Broker-level API and paper environment verified; symbol-level eligibility, margin, contract spec, and data entitlements still require product-level evidence.","","","","","pending","Exchange presence and fee evidence found, but not all symbols are individually confirmed.","2026-08-02T13:53:07.1831656+09:00","2026-08-02T13:53:07.1831656+09:00"
"CAN-EXP-FX-US-DOLLARINDEX-FUTURE-STANDARD-ICEUS-DX-IBSJ","EXP-FX-US-DOLLARINDEX","VEH-FUTURE-STANDARD-ICEUS-DX","米ドル指数","U.S. Dollar Index","fx","fx_g10","unknown","unknown","unknown","future_standard","DX","ICEUS","Interactive Brokers Securities Japan Inc.","","unknown","unknown","unknown","true","true","unknown","Venue-specific; exchange presence and fee schedule found, symbol-level hours pending.","","","","","","unknown","","","","","","","unknown","unknown","","","","B","EVD-P04-0001;EVD-P04-0002;EVD-P04-0003;EVD-P04-0004;EVD-P04-0005;EVD-P04-0006;EVD-P04-0007;EVD-P04-0008;EVD-P04-0009;EVD-P04-0010;EVD-P04-0011;EVD-P04-0012;EVD-P04-0013;EVD-P04-0019","pending_evidence","Broker-level API and paper environment verified; symbol-level eligibility, margin, contract spec, and data entitlements still require product-level evidence.","","","","","pending","Exchange presence and fee evidence found, but not all symbols are individually confirmed.","2026-08-02T13:53:07.1831656+09:00","2026-08-02T13:53:07.1831656+09:00"
"CAN-EXP-EQ-US-NYSEFANG-FUTURE-STANDARD-ICEUS-FANG-IBSJ","EXP-EQ-US-NYSEFANG","VEH-FUTURE-STANDARD-ICEUS-FANG","NYSE FANG+指数","NYSE FANG+ Index","equity_index","global_equity_us_growth","unknown","unknown","unknown","future_standard","FANG","ICEUS","Interactive Brokers Securities Japan Inc.","","unknown","unknown","unknown","true","true","unknown","Venue-specific; exchange presence and fee schedule found, symbol-level hours pending.","","","","","","unknown","","","","","","","unknown","unknown","","","","B","EVD-P04-0001;EVD-P04-0002;EVD-P04-0003;EVD-P04-0004;EVD-P04-0005;EVD-P04-0006;EVD-P04-0007;EVD-P04-0008;EVD-P04-0009;EVD-P04-0010;EVD-P04-0011;EVD-P04-0012;EVD-P04-0013;EVD-P04-0019","pending_evidence","Broker-level API and paper environment verified; symbol-level eligibility, margin, contract spec, and data entitlements still require product-level evidence.","","","","","pending","Exchange presence and fee evidence found, but not all symbols are individually confirmed.","2026-08-02T13:53:07.1831656+09:00","2026-08-02T13:53:07.1831656+09:00"
"CAN-EXP-ENERGY-EU-BRENT-FUTURE-STANDARD-ICEEU-B-IBSJ","EXP-ENERGY-EU-BRENT","VEH-FUTURE-STANDARD-ICEEU-B","ICEブレント原油","ICE Brent Crude","energy","energy_crude","unknown","unknown","unknown","future_standard","B","ICEEU","Interactive Brokers Securities Japan Inc.","","unknown","unknown","unknown","true","true","unknown","Venue-specific; exchange presence and fee schedule found, symbol-level hours pending.","","","","","","unknown","","","","","","","unknown","unknown","","","","B","EVD-P04-0001;EVD-P04-0002;EVD-P04-0003;EVD-P04-0004;EVD-P04-0005;EVD-P04-0006;EVD-P04-0007;EVD-P04-0008;EVD-P04-0009;EVD-P04-0010;EVD-P04-0011;EVD-P04-0012;EVD-P04-0013;EVD-P04-0019","pending_evidence","Broker-level API and paper environment verified; symbol-level eligibility, margin, contract spec, and data entitlements still require product-level evidence.","","","","","pending","Exchange presence and fee evidence found, but not all symbols are individually confirmed.","2026-08-02T13:53:07.1831656+09:00","2026-08-02T13:53:07.1831656+09:00"
"CAN-EXP-ENERGY-EU-GASOIL-FUTURE-STANDARD-ICEEU-G-IBSJ","EXP-ENERGY-EU-GASOIL","VEH-FUTURE-STANDARD-ICEEU-G","ICE軽油","Low Sulphur Gasoil","energy","energy_refined","unknown","unknown","unknown","future_standard","G","ICEEU","Interactive Brokers Securities Japan Inc.","","unknown","unknown","unknown","true","true","unknown","Venue-specific; exchange presence and fee schedule found, symbol-level hours pending.","","","","","","unknown","","","","","","","unknown","unknown","","","","B","EVD-P04-0001;EVD-P04-0002;EVD-P04-0003;EVD-P04-0004;EVD-P04-0005;EVD-P04-0006;EVD-P04-0007;EVD-P04-0008;EVD-P04-0009;EVD-P04-0010;EVD-P04-0011;EVD-P04-0012;EVD-P04-0013;EVD-P04-0019","pending_evidence","Broker-level API and paper environment verified; symbol-level eligibility, margin, contract spec, and data entitlements still require product-level evidence.","","","","","pending","Exchange presence and fee evidence found, but not all symbols are individually confirmed.","2026-08-02T13:53:07.1831656+09:00","2026-08-02T13:53:07.1831656+09:00"
"CAN-EXP-ENERGY-US-HENRYHUB-ICE-FUTURE-STANDARD-ICEUS-H-IBSJ","EXP-ENERGY-US-HENRYHUB-ICE","VEH-FUTURE-STANDARD-ICEUS-H","ICE米国天然ガス","ICE Henry Hub Natural Gas","energy","energy_gas","unknown","unknown","unknown","future_standard","H","ICEUS","Interactive Brokers Securities Japan Inc.","","unknown","unknown","unknown","true","true","unknown","Venue-specific; exchange presence and fee schedule found, symbol-level hours pending.","","","","","","unknown","","","","","","","unknown","unknown","","","","B","EVD-P04-0001;EVD-P04-0002;EVD-P04-0003;EVD-P04-0004;EVD-P04-0005;EVD-P04-0006;EVD-P04-0007;EVD-P04-0008;EVD-P04-0009;EVD-P04-0010;EVD-P04-0011;EVD-P04-0012;EVD-P04-0013;EVD-P04-0019","pending_evidence","Broker-level API and paper environment verified; symbol-level eligibility, margin, contract spec, and data entitlements still require product-level evidence.","","","","","pending","Exchange presence and fee evidence found, but not all symbols are individually confirmed.","2026-08-02T13:53:07.1831656+09:00","2026-08-02T13:53:07.1831656+09:00"
"CAN-EXP-ENV-EU-EUA-FUTURE-STANDARD-ICEEU-EUA-IBSJ","EXP-ENV-EU-EUA","VEH-FUTURE-STANDARD-ICEEU-EUA","EU排出権","EU Allowance","environmental_power","environmental_carbon","unknown","unknown","unknown","future_standard","EUA","ICEEU","Interactive Brokers Securities Japan Inc.","","unknown","unknown","unknown","true","true","unknown","Venue-specific; exchange presence and fee schedule found, symbol-level hours pending.","","","","","","unknown","","","","","","","unknown","unknown","","","","B","EVD-P04-0001;EVD-P04-0002;EVD-P04-0003;EVD-P04-0004;EVD-P04-0005;EVD-P04-0006;EVD-P04-0007;EVD-P04-0008;EVD-P04-0009;EVD-P04-0010;EVD-P04-0011;EVD-P04-0012;EVD-P04-0013;EVD-P04-0019","pending_evidence","Broker-level API and paper environment verified; symbol-level eligibility, margin, contract spec, and data entitlements still require product-level evidence.","","","","","pending","Exchange presence and fee evidence found, but not all symbols are individually confirmed.","2026-08-02T13:53:07.1831656+09:00","2026-08-02T13:53:07.1831656+09:00"
"CAN-EXP-ENV-UK-UKA-FUTURE-STANDARD-ICEEU-UKA-IBSJ","EXP-ENV-UK-UKA","VEH-FUTURE-STANDARD-ICEEU-UKA","英国排出権","UK Allowance","environmental_power","environmental_carbon","unknown","unknown","unknown","future_standard","UKA","ICEEU","Interactive Brokers Securities Japan Inc.","","unknown","unknown","unknown","true","true","unknown","Venue-specific; exchange presence and fee schedule found, symbol-level hours pending.","","","","","","unknown","","","","","","","unknown","unknown","","","","B","EVD-P04-0001;EVD-P04-0002;EVD-P04-0003;EVD-P04-0004;EVD-P04-0005;EVD-P04-0006;EVD-P04-0007;EVD-P04-0008;EVD-P04-0009;EVD-P04-0010;EVD-P04-0011;EVD-P04-0012;EVD-P04-0013;EVD-P04-0019","pending_evidence","Broker-level API and paper environment verified; symbol-level eligibility, margin, contract spec, and data entitlements still require product-level evidence.","","","","","pending","Exchange presence and fee evidence found, but not all symbols are individually confirmed.","2026-08-02T13:53:07.1831656+09:00","2026-08-02T13:53:07.1831656+09:00"
"CAN-EXP-POWER-US-ERCOT-FUTURE-STANDARD-ICEUS-ERCOT-IBSJ","EXP-POWER-US-ERCOT","VEH-FUTURE-STANDARD-ICEUS-ERCOT","ERCOT電力","ERCOT Power","environmental_power","environmental_power","unknown","unknown","unknown","future_standard","ERCOT","ICEUS","Interactive Brokers Securities Japan Inc.","","unknown","unknown","unknown","true","true","unknown","Venue-specific; exchange presence and fee schedule found, symbol-level hours pending.","","","","","","unknown","","","","","","","unknown","unknown","","","","B","EVD-P04-0001;EVD-P04-0002;EVD-P04-0003;EVD-P04-0004;EVD-P04-0005;EVD-P04-0006;EVD-P04-0007;EVD-P04-0008;EVD-P04-0009;EVD-P04-0010;EVD-P04-0011;EVD-P04-0012;EVD-P04-0013;EVD-P04-0019","pending_evidence","Broker-level API and paper environment verified; symbol-level eligibility, margin, contract spec, and data entitlements still require product-level evidence.","","","","","pending","Exchange presence and fee evidence found, but not all symbols are individually confirmed.","2026-08-02T13:53:07.1831656+09:00","2026-08-02T13:53:07.1831656+09:00"
"CAN-EXP-POWER-US-PJM-FUTURE-STANDARD-ICEUS-PJM-IBSJ","EXP-POWER-US-PJM","VEH-FUTURE-STANDARD-ICEUS-PJM","PJM電力","PJM Power","environmental_power","environmental_power","unknown","unknown","unknown","future_standard","PJM","ICEUS","Interactive Brokers Securities Japan Inc.","","unknown","unknown","unknown","true","true","unknown","Venue-specific; exchange presence and fee schedule found, symbol-level hours pending.","","","","","","unknown","","","","","","","unknown","unknown","","","","B","EVD-P04-0001;EVD-P04-0002;EVD-P04-0003;EVD-P04-0004;EVD-P04-0005;EVD-P04-0006;EVD-P04-0007;EVD-P04-0008;EVD-P04-0009;EVD-P04-0010;EVD-P04-0011;EVD-P04-0012;EVD-P04-0013;EVD-P04-0019","pending_evidence","Broker-level API and paper environment verified; symbol-level eligibility, margin, contract spec, and data entitlements still require product-level evidence.","","","","","pending","Exchange presence and fee evidence found, but not all symbols are individually confirmed.","2026-08-02T13:53:07.1831656+09:00","2026-08-02T13:53:07.1831656+09:00"
"CAN-EXP-EQ-JP-NIKKEI225-FUTURE-STANDARD-OSE-NK225L-IBSJ","EXP-EQ-JP-NIKKEI225","VEH-FUTURE-STANDARD-OSE-NK225L","日経225","Nikkei 225","equity_index","global_equity_japan","unknown","unknown","unknown","future_standard","NK225L","OSE","Interactive Brokers Securities Japan Inc.","","unknown","unknown","unknown","true","true","unknown","See IBSJ trading rules and JPX holiday trading. Product-specific day/night sessions apply.","","","","","","unknown","","","","","","","unknown","unknown","","","","A","EVD-P04-0001;EVD-P04-0002;EVD-P04-0003;EVD-P04-0004;EVD-P04-0005;EVD-P04-0006;EVD-P04-0007;EVD-P04-0008;EVD-P04-0009;EVD-P04-0010;EVD-P04-0011;EVD-P04-0012;EVD-P04-0014;EVD-P04-0017;EVD-P04-0022","pending_evidence","Broker-level API and paper environment verified; symbol-level eligibility, margin, contract spec, and data entitlements still require product-level evidence.","","","","","pending","Domestic derivatives track. Strongest broker-side evidence in P04.","2026-08-02T13:53:07.1831656+09:00","2026-08-02T13:53:07.1831656+09:00"
"CAN-EXP-EQ-JP-NIKKEI225-FUTURE-MINI-OSE-NK225M-IBSJ","EXP-EQ-JP-NIKKEI225","VEH-FUTURE-MINI-OSE-NK225M","日経225","Nikkei 225","equity_index","global_equity_japan","unknown","unknown","unknown","future_mini","NK225M","OSE","Interactive Brokers Securities Japan Inc.","","unknown","unknown","unknown","true","true","unknown","See IBSJ trading rules and JPX holiday trading. Product-specific day/night sessions apply.","","","","","","unknown","","","","","","","unknown","unknown","","","","A","EVD-P04-0001;EVD-P04-0002;EVD-P04-0003;EVD-P04-0004;EVD-P04-0005;EVD-P04-0006;EVD-P04-0007;EVD-P04-0008;EVD-P04-0009;EVD-P04-0010;EVD-P04-0011;EVD-P04-0012;EVD-P04-0014;EVD-P04-0017;EVD-P04-0022","pending_evidence","Broker-level API and paper environment verified; symbol-level eligibility, margin, contract spec, and data entitlements still require product-level evidence.","","","","","pending","Domestic derivatives track. Strongest broker-side evidence in P04.","2026-08-02T13:53:07.1831656+09:00","2026-08-02T13:53:07.1831656+09:00"
"CAN-EXP-EQ-JP-NIKKEI225-FUTURE-MICRO-OSE-NK225MC-IBSJ","EXP-EQ-JP-NIKKEI225","VEH-FUTURE-MICRO-OSE-NK225MC","日経225","Nikkei 225","equity_index","global_equity_japan","unknown","unknown","unknown","future_micro","NK225MC","OSE","Interactive Brokers Securities Japan Inc.","","unknown","unknown","unknown","true","true","unknown","See IBSJ trading rules and JPX holiday trading. Product-specific day/night sessions apply.","","","","","","unknown","","","","","","","unknown","unknown","","","","A","EVD-P04-0001;EVD-P04-0002;EVD-P04-0003;EVD-P04-0004;EVD-P04-0005;EVD-P04-0006;EVD-P04-0007;EVD-P04-0008;EVD-P04-0009;EVD-P04-0010;EVD-P04-0011;EVD-P04-0012;EVD-P04-0014;EVD-P04-0017;EVD-P04-0022","pending_evidence","Broker-level API and paper environment verified; symbol-level eligibility, margin, contract spec, and data entitlements still require product-level evidence.","","","","","pending","Domestic derivatives track. Strongest broker-side evidence in P04.","2026-08-02T13:53:07.1831656+09:00","2026-08-02T13:53:07.1831656+09:00"
"CAN-EXP-EQ-JP-TOPIX-FUTURE-STANDARD-OSE-TOPIX-IBSJ","EXP-EQ-JP-TOPIX","VEH-FUTURE-STANDARD-OSE-TOPIX","TOPIX","TOPIX","equity_index","global_equity_japan","unknown","unknown","unknown","future_standard","TOPIX","OSE","Interactive Brokers Securities Japan Inc.","","unknown","unknown","unknown","true","true","unknown","See IBSJ trading rules and JPX holiday trading. Product-specific day/night sessions apply.","","","","","","unknown","","","","","","","unknown","unknown","","","","A","EVD-P04-0001;EVD-P04-0002;EVD-P04-0003;EVD-P04-0004;EVD-P04-0005;EVD-P04-0006;EVD-P04-0007;EVD-P04-0008;EVD-P04-0009;EVD-P04-0010;EVD-P04-0011;EVD-P04-0012;EVD-P04-0014;EVD-P04-0017;EVD-P04-0022","pending_evidence","Broker-level API and paper environment verified; symbol-level eligibility, margin, contract spec, and data entitlements still require product-level evidence.","","","","","pending","Domestic derivatives track. Strongest broker-side evidence in P04.","2026-08-02T13:53:07.1831656+09:00","2026-08-02T13:53:07.1831656+09:00"
"CAN-EXP-EQ-JP-TOPIX-FUTURE-MINI-OSE-MTOPIX-IBSJ","EXP-EQ-JP-TOPIX","VEH-FUTURE-MINI-OSE-MTOPIX","TOPIX","TOPIX","equity_index","global_equity_japan","unknown","unknown","unknown","future_mini","MTOPIX","OSE","Interactive Brokers Securities Japan Inc.","","unknown","unknown","unknown","true","true","unknown","See IBSJ trading rules and JPX holiday trading. Product-specific day/night sessions apply.","","","","","","unknown","","","","","","","unknown","unknown","","","","A","EVD-P04-0001;EVD-P04-0002;EVD-P04-0003;EVD-P04-0004;EVD-P04-0005;EVD-P04-0006;EVD-P04-0007;EVD-P04-0008;EVD-P04-0009;EVD-P04-0010;EVD-P04-0011;EVD-P04-0012;EVD-P04-0014;EVD-P04-0017;EVD-P04-0022","pending_evidence","Broker-level API and paper environment verified; symbol-level eligibility, margin, contract spec, and data entitlements still require product-level evidence.","","","","","pending","Domestic derivatives track. Strongest broker-side evidence in P04.","2026-08-02T13:53:07.1831656+09:00","2026-08-02T13:53:07.1831656+09:00"
"CAN-EXP-EQ-JP-JPX400-FUTURE-STANDARD-OSE-JPX400-IBSJ","EXP-EQ-JP-JPX400","VEH-FUTURE-STANDARD-OSE-JPX400","JPX日経400","JPX Nikkei 400","equity_index","global_equity_japan","unknown","unknown","unknown","future_standard","JPX400","OSE","Interactive Brokers Securities Japan Inc.","","unknown","unknown","unknown","true","true","unknown","See IBSJ trading rules and JPX holiday trading. Product-specific day/night sessions apply.","","","","","","unknown","","","","","","","unknown","unknown","","","","A","EVD-P04-0001;EVD-P04-0002;EVD-P04-0003;EVD-P04-0004;EVD-P04-0005;EVD-P04-0006;EVD-P04-0007;EVD-P04-0008;EVD-P04-0009;EVD-P04-0010;EVD-P04-0011;EVD-P04-0012;EVD-P04-0014;EVD-P04-0017;EVD-P04-0022","pending_evidence","Broker-level API and paper environment verified; symbol-level eligibility, margin, contract spec, and data entitlements still require product-level evidence.","","","","","pending","Domestic derivatives track. Strongest broker-side evidence in P04.","2026-08-02T13:53:07.1831656+09:00","2026-08-02T13:53:07.1831656+09:00"
"CAN-EXP-EQ-JP-PRIME150-FUTURE-STANDARD-OSE-PRIME150-IBSJ","EXP-EQ-JP-PRIME150","VEH-FUTURE-STANDARD-OSE-PRIME150","JPXプライム150","JPX Prime 150","equity_index","global_equity_japan","unknown","unknown","unknown","future_standard","PRIME150","OSE","Interactive Brokers Securities Japan Inc.","","unknown","unknown","unknown","true","true","unknown","See IBSJ trading rules and JPX holiday trading. Product-specific day/night sessions apply.","","","","","","unknown","","","","","","","unknown","unknown","","","","A","EVD-P04-0001;EVD-P04-0002;EVD-P04-0003;EVD-P04-0004;EVD-P04-0005;EVD-P04-0006;EVD-P04-0007;EVD-P04-0008;EVD-P04-0009;EVD-P04-0010;EVD-P04-0011;EVD-P04-0012;EVD-P04-0014;EVD-P04-0017;EVD-P04-0022","pending_evidence","Broker-level API and paper environment verified; symbol-level eligibility, margin, contract spec, and data entitlements still require product-level evidence.","","","","","pending","Domestic derivatives track. Strongest broker-side evidence in P04.","2026-08-02T13:53:07.1831656+09:00","2026-08-02T13:53:07.1831656+09:00"
"CAN-EXP-EQ-JP-GROWTH250-FUTURE-STANDARD-OSE-GROWTH250-IBSJ","EXP-EQ-JP-GROWTH250","VEH-FUTURE-STANDARD-OSE-GROWTH250","東証グロース250","TSE Growth Market 250","equity_index","global_equity_japan_small","unknown","unknown","unknown","future_standard","GROWTH250","OSE","Interactive Brokers Securities Japan Inc.","","unknown","unknown","unknown","true","true","unknown","See IBSJ trading rules and JPX holiday trading. Product-specific day/night sessions apply.","","","","","","unknown","","","","","","","unknown","unknown","","","","A","EVD-P04-0001;EVD-P04-0002;EVD-P04-0003;EVD-P04-0004;EVD-P04-0005;EVD-P04-0006;EVD-P04-0007;EVD-P04-0008;EVD-P04-0009;EVD-P04-0010;EVD-P04-0011;EVD-P04-0012;EVD-P04-0014;EVD-P04-0017;EVD-P04-0022","pending_evidence","Broker-level API and paper environment verified; symbol-level eligibility, margin, contract spec, and data entitlements still require product-level evidence.","","","","","pending","Domestic derivatives track. Strongest broker-side evidence in P04.","2026-08-02T13:53:07.1831656+09:00","2026-08-02T13:53:07.1831656+09:00"
"CAN-EXP-EQ-JP-TOPIXBANKS-FUTURE-STANDARD-OSE-TOPIXBANKS-IBSJ","EXP-EQ-JP-TOPIXBANKS","VEH-FUTURE-STANDARD-OSE-TOPIXBANKS","TOPIX銀行業指数","TOPIX Banks Index","equity_index","global_equity_japan_sector","unknown","unknown","unknown","future_standard","TOPIXBANKS","OSE","Interactive Brokers Securities Japan Inc.","","unknown","unknown","unknown","true","true","unknown","See IBSJ trading rules and JPX holiday trading. Product-specific day/night sessions apply.","","","","","","unknown","","","","","","","unknown","unknown","","","","A","EVD-P04-0001;EVD-P04-0002;EVD-P04-0003;EVD-P04-0004;EVD-P04-0005;EVD-P04-0006;EVD-P04-0007;EVD-P04-0008;EVD-P04-0009;EVD-P04-0010;EVD-P04-0011;EVD-P04-0012;EVD-P04-0014;EVD-P04-0017;EVD-P04-0022","pending_evidence","Broker-level API and paper environment verified; symbol-level eligibility, margin, contract spec, and data entitlements still require product-level evidence.","","","","","pending","Domestic derivatives track. Strongest broker-side evidence in P04.","2026-08-02T13:53:07.1831656+09:00","2026-08-02T13:53:07.1831656+09:00"
"CAN-EXP-EQ-US-DJIA-JPX-FUTURE-STANDARD-OSE-DJIA-IBSJ","EXP-EQ-US-DJIA-JPX","VEH-FUTURE-STANDARD-OSE-DJIA","ダウ工業株30種","Dow Jones Industrial Average","equity_index","global_equity_us_large","unknown","unknown","unknown","future_standard","DJIA","OSE","Interactive Brokers Securities Japan Inc.","","unknown","unknown","unknown","true","true","unknown","See IBSJ trading rules and JPX holiday trading. Product-specific day/night sessions apply.","","","","","","unknown","","","","","","","unknown","unknown","","","","A","EVD-P04-0001;EVD-P04-0002;EVD-P04-0003;EVD-P04-0004;EVD-P04-0005;EVD-P04-0006;EVD-P04-0007;EVD-P04-0008;EVD-P04-0009;EVD-P04-0010;EVD-P04-0011;EVD-P04-0012;EVD-P04-0014;EVD-P04-0017;EVD-P04-0022","pending_evidence","Broker-level API and paper environment verified; symbol-level eligibility, margin, contract spec, and data entitlements still require product-level evidence.","","","","","pending","Domestic derivatives track. Strongest broker-side evidence in P04.","2026-08-02T13:53:07.1831656+09:00","2026-08-02T13:53:07.1831656+09:00"
"CAN-EXP-EQ-TW-TAIEX-FUTURE-STANDARD-OSE-TAIEX-IBSJ","EXP-EQ-TW-TAIEX","VEH-FUTURE-STANDARD-OSE-TAIEX","台湾加権指数","TAIEX","equity_index","global_equity_asia","unknown","unknown","unknown","future_standard","TAIEX","OSE","Interactive Brokers Securities Japan Inc.","","unknown","unknown","unknown","true","true","unknown","See IBSJ trading rules and JPX holiday trading. Product-specific day/night sessions apply.","","","","","","unknown","","","","","","","unknown","unknown","","","","A","EVD-P04-0001;EVD-P04-0002;EVD-P04-0003;EVD-P04-0004;EVD-P04-0005;EVD-P04-0006;EVD-P04-0007;EVD-P04-0008;EVD-P04-0009;EVD-P04-0010;EVD-P04-0011;EVD-P04-0012;EVD-P04-0014;EVD-P04-0017;EVD-P04-0022","pending_evidence","Broker-level API and paper environment verified; symbol-level eligibility, margin, contract spec, and data entitlements still require product-level evidence.","","","","","pending","Domestic derivatives track. Strongest broker-side evidence in P04.","2026-08-02T13:53:07.1831656+09:00","2026-08-02T13:53:07.1831656+09:00"
"CAN-EXP-EQ-CN-FTSECHINA50-FUTURE-STANDARD-OSE-FTSECHINA50-IBSJ","EXP-EQ-CN-FTSECHINA50","VEH-FUTURE-STANDARD-OSE-FTSECHINA50","FTSE中国50指数","FTSE China 50","equity_index","global_equity_china","unknown","unknown","unknown","future_standard","FTSECHINA50","OSE","Interactive Brokers Securities Japan Inc.","","unknown","unknown","unknown","true","true","unknown","See IBSJ trading rules and JPX holiday trading. Product-specific day/night sessions apply.","","","","","","unknown","","","","","","","unknown","unknown","","","","A","EVD-P04-0001;EVD-P04-0002;EVD-P04-0003;EVD-P04-0004;EVD-P04-0005;EVD-P04-0006;EVD-P04-0007;EVD-P04-0008;EVD-P04-0009;EVD-P04-0010;EVD-P04-0011;EVD-P04-0012;EVD-P04-0014;EVD-P04-0017;EVD-P04-0022","pending_evidence","Broker-level API and paper environment verified; symbol-level eligibility, margin, contract spec, and data entitlements still require product-level evidence.","","","","","pending","Domestic derivatives track. Strongest broker-side evidence in P04.","2026-08-02T13:53:07.1831656+09:00","2026-08-02T13:53:07.1831656+09:00"
"CAN-EXP-VOL-JP-NIKKEIVI-FUTURE-STANDARD-OSE-NKVI-IBSJ","EXP-VOL-JP-NIKKEIVI","VEH-FUTURE-STANDARD-OSE-NKVI","日経平均VI","Nikkei 225 Volatility Index","volatility","vol_equity","unknown","unknown","unknown","future_standard","NKVI","OSE","Interactive Brokers Securities Japan Inc.","","unknown","unknown","unknown","true","true","unknown","See IBSJ trading rules and JPX holiday trading. Product-specific day/night sessions apply.","","","","","","unknown","","","","","","","unknown","unknown","","","","A","EVD-P04-0001;EVD-P04-0002;EVD-P04-0003;EVD-P04-0004;EVD-P04-0005;EVD-P04-0006;EVD-P04-0007;EVD-P04-0008;EVD-P04-0009;EVD-P04-0010;EVD-P04-0011;EVD-P04-0012;EVD-P04-0014;EVD-P04-0017;EVD-P04-0022","pending_evidence","Broker-level API and paper environment verified; symbol-level eligibility, margin, contract spec, and data entitlements still require product-level evidence.","","","","","pending","Domestic derivatives track. Strongest broker-side evidence in P04.","2026-08-02T13:53:07.1831656+09:00","2026-08-02T13:53:07.1831656+09:00"
"CAN-EXP-REIT-JP-TSEREIT-FUTURE-STANDARD-OSE-TSEREIT-IBSJ","EXP-REIT-JP-TSEREIT","VEH-FUTURE-STANDARD-OSE-TSEREIT","東証REIT指数","TSE REIT Index","real_estate","real_estate_reit","unknown","unknown","unknown","future_standard","TSEREIT","OSE","Interactive Brokers Securities Japan Inc.","","unknown","unknown","unknown","true","true","unknown","See IBSJ trading rules and JPX holiday trading. Product-specific day/night sessions apply.","","","","","","unknown","","","","","","","unknown","unknown","","","","A","EVD-P04-0001;EVD-P04-0002;EVD-P04-0003;EVD-P04-0004;EVD-P04-0005;EVD-P04-0006;EVD-P04-0007;EVD-P04-0008;EVD-P04-0009;EVD-P04-0010;EVD-P04-0011;EVD-P04-0012;EVD-P04-0014;EVD-P04-0017;EVD-P04-0022","pending_evidence","Broker-level API and paper environment verified; symbol-level eligibility, margin, contract spec, and data entitlements still require product-level evidence.","","","","","pending","Domestic derivatives track. Strongest broker-side evidence in P04.","2026-08-02T13:53:07.1831656+09:00","2026-08-02T13:53:07.1831656+09:00"
"CAN-EXP-RATES-JP-JGB5Y-FUTURE-STANDARD-OSE-JGB5Y-IBSJ","EXP-RATES-JP-JGB5Y","VEH-FUTURE-STANDARD-OSE-JGB5Y","日本5年国債","5-Year JGB","rates","rates_dm_jp","unknown","unknown","unknown","future_standard","JGB5Y","OSE","Interactive Brokers Securities Japan Inc.","","unknown","unknown","unknown","true","true","unknown","See IBSJ trading rules and JPX holiday trading. Product-specific day/night sessions apply.","","","","","","unknown","","","","","","","unknown","unknown","","","","A","EVD-P04-0001;EVD-P04-0002;EVD-P04-0003;EVD-P04-0004;EVD-P04-0005;EVD-P04-0006;EVD-P04-0007;EVD-P04-0008;EVD-P04-0009;EVD-P04-0010;EVD-P04-0011;EVD-P04-0012;EVD-P04-0014;EVD-P04-0017;EVD-P04-0022","pending_evidence","Broker-level API and paper environment verified; symbol-level eligibility, margin, contract spec, and data entitlements still require product-level evidence.","","","","","pending","Domestic derivatives track. Strongest broker-side evidence in P04.","2026-08-02T13:53:07.1831656+09:00","2026-08-02T13:53:07.1831656+09:00"
"CAN-EXP-RATES-JP-JGB10Y-FUTURE-STANDARD-OSE-JGB10Y-IBSJ","EXP-RATES-JP-JGB10Y","VEH-FUTURE-STANDARD-OSE-JGB10Y","日本10年国債","10-Year JGB","rates","rates_dm_jp","unknown","unknown","unknown","future_standard","JGB10Y","OSE","Interactive Brokers Securities Japan Inc.","","unknown","unknown","unknown","true","true","unknown","See IBSJ trading rules and JPX holiday trading. Product-specific day/night sessions apply.","","","","","","unknown","","","","","","","unknown","unknown","","","","A","EVD-P04-0001;EVD-P04-0002;EVD-P04-0003;EVD-P04-0004;EVD-P04-0005;EVD-P04-0006;EVD-P04-0007;EVD-P04-0008;EVD-P04-0009;EVD-P04-0010;EVD-P04-0011;EVD-P04-0012;EVD-P04-0014;EVD-P04-0017;EVD-P04-0022","pending_evidence","Broker-level API and paper environment verified; symbol-level eligibility, margin, contract spec, and data entitlements still require product-level evidence.","","","","","pending","Domestic derivatives track. Strongest broker-side evidence in P04.","2026-08-02T13:53:07.1831656+09:00","2026-08-02T13:53:07.1831656+09:00"
"CAN-EXP-RATES-JP-JGB10Y-FUTURE-MINI-OSE-MINIJGB10Y-IBSJ","EXP-RATES-JP-JGB10Y","VEH-FUTURE-MINI-OSE-MINIJGB10Y","日本10年国債","10-Year JGB","rates","rates_dm_jp","unknown","unknown","unknown","future_mini","MINIJGB10Y","OSE","Interactive Brokers Securities Japan Inc.","","unknown","unknown","unknown","true","true","unknown","See IBSJ trading rules and JPX holiday trading. Product-specific day/night sessions apply.","","","","","","unknown","","","","","","","unknown","unknown","","","","A","EVD-P04-0001;EVD-P04-0002;EVD-P04-0003;EVD-P04-0004;EVD-P04-0005;EVD-P04-0006;EVD-P04-0007;EVD-P04-0008;EVD-P04-0009;EVD-P04-0010;EVD-P04-0011;EVD-P04-0012;EVD-P04-0014;EVD-P04-0017;EVD-P04-0022","pending_evidence","Broker-level API and paper environment verified; symbol-level eligibility, margin, contract spec, and data entitlements still require product-level evidence.","","","","","pending","Domestic derivatives track. Strongest broker-side evidence in P04.","2026-08-02T13:53:07.1831656+09:00","2026-08-02T13:53:07.1831656+09:00"
"CAN-EXP-RATES-JP-TONA3M-FUTURE-STANDARD-OSE-TONA3M-IBSJ","EXP-RATES-JP-TONA3M","VEH-FUTURE-STANDARD-OSE-TONA3M","3カ月TONA","3-Month TONA","rates","rates_dm_jp_short","unknown","unknown","unknown","future_standard","TONA3M","OSE","Interactive Brokers Securities Japan Inc.","","unknown","unknown","unknown","true","true","unknown","See IBSJ trading rules and JPX holiday trading. Product-specific day/night sessions apply.","","","","","","unknown","","","","","","","unknown","unknown","","","","A","EVD-P04-0001;EVD-P04-0002;EVD-P04-0003;EVD-P04-0004;EVD-P04-0005;EVD-P04-0006;EVD-P04-0007;EVD-P04-0008;EVD-P04-0009;EVD-P04-0010;EVD-P04-0011;EVD-P04-0012;EVD-P04-0014;EVD-P04-0017;EVD-P04-0022","pending_evidence","Broker-level API and paper environment verified; symbol-level eligibility, margin, contract spec, and data entitlements still require product-level evidence.","","","","","pending","Domestic derivatives track. Strongest broker-side evidence in P04.","2026-08-02T13:53:07.1831656+09:00","2026-08-02T13:53:07.1831656+09:00"
"CAN-EXP-FX-G10-USDJPY-JPX-FUTURE-STANDARD-OSE-USDJPY-IBSJ","EXP-FX-G10-USDJPY-JPX","VEH-FUTURE-STANDARD-OSE-USDJPY","米ドル円","USD/JPY","fx","fx_g10","unknown","unknown","unknown","future_standard","USDJPY","OSE","Interactive Brokers Securities Japan Inc.","","unknown","unknown","unknown","true","true","unknown","See IBSJ trading rules and JPX holiday trading. Product-specific day/night sessions apply.","","","","","","unknown","","","","","","","unknown","unknown","","","","A","EVD-P04-0001;EVD-P04-0002;EVD-P04-0003;EVD-P04-0004;EVD-P04-0005;EVD-P04-0006;EVD-P04-0007;EVD-P04-0008;EVD-P04-0009;EVD-P04-0010;EVD-P04-0011;EVD-P04-0012;EVD-P04-0014;EVD-P04-0017;EVD-P04-0022","pending_evidence","Broker-level API and paper environment verified; symbol-level eligibility, margin, contract spec, and data entitlements still require product-level evidence.","","","","","pending","Domestic derivatives track. Strongest broker-side evidence in P04.","2026-08-02T13:53:07.1831656+09:00","2026-08-02T13:53:07.1831656+09:00"
"CAN-EXP-FX-G10-EURJPY-FUTURE-STANDARD-OSE-EURJPY-IBSJ","EXP-FX-G10-EURJPY","VEH-FUTURE-STANDARD-OSE-EURJPY","ユーロ円","EUR/JPY","fx","fx_g10","unknown","unknown","unknown","future_standard","EURJPY","OSE","Interactive Brokers Securities Japan Inc.","","unknown","unknown","unknown","true","true","unknown","See IBSJ trading rules and JPX holiday trading. Product-specific day/night sessions apply.","","","","","","unknown","","","","","","","unknown","unknown","","","","A","EVD-P04-0001;EVD-P04-0002;EVD-P04-0003;EVD-P04-0004;EVD-P04-0005;EVD-P04-0006;EVD-P04-0007;EVD-P04-0008;EVD-P04-0009;EVD-P04-0010;EVD-P04-0011;EVD-P04-0012;EVD-P04-0014;EVD-P04-0017;EVD-P04-0022","pending_evidence","Broker-level API and paper environment verified; symbol-level eligibility, margin, contract spec, and data entitlements still require product-level evidence.","","","","","pending","Domestic derivatives track. Strongest broker-side evidence in P04.","2026-08-02T13:53:07.1831656+09:00","2026-08-02T13:53:07.1831656+09:00"
"CAN-EXP-FX-EM-CNHJPY-FUTURE-STANDARD-OSE-CNHJPY-IBSJ","EXP-FX-EM-CNHJPY","VEH-FUTURE-STANDARD-OSE-CNHJPY","人民元円","CNH/JPY","fx","fx_em","unknown","unknown","unknown","future_standard","CNHJPY","OSE","Interactive Brokers Securities Japan Inc.","","unknown","unknown","unknown","true","true","unknown","See IBSJ trading rules and JPX holiday trading. Product-specific day/night sessions apply.","","","","","","unknown","","","","","","","unknown","unknown","","","","A","EVD-P04-0001;EVD-P04-0002;EVD-P04-0003;EVD-P04-0004;EVD-P04-0005;EVD-P04-0006;EVD-P04-0007;EVD-P04-0008;EVD-P04-0009;EVD-P04-0010;EVD-P04-0011;EVD-P04-0012;EVD-P04-0014;EVD-P04-0017;EVD-P04-0022","pending_evidence","Broker-level API and paper environment verified; symbol-level eligibility, margin, contract spec, and data entitlements still require product-level evidence.","","","","","pending","Domestic derivatives track. Strongest broker-side evidence in P04.","2026-08-02T13:53:07.1831656+09:00","2026-08-02T13:53:07.1831656+09:00"
"CAN-EXP-METAL-JP-GOLD-FUTURE-STANDARD-OSE-GOLDSTD-IBSJ","EXP-METAL-JP-GOLD","VEH-FUTURE-STANDARD-OSE-GOLDSTD","金JPX","Gold JPX","metals","metals_precious","unknown","unknown","unknown","future_standard","GOLDSTD","OSE","Interactive Brokers Securities Japan Inc.","","unknown","unknown","unknown","true","true","unknown","See IBSJ trading rules and JPX holiday trading. Product-specific day/night sessions apply.","","","","","","unknown","","","","","","","unknown","unknown","","","","A","EVD-P04-0001;EVD-P04-0002;EVD-P04-0003;EVD-P04-0004;EVD-P04-0005;EVD-P04-0006;EVD-P04-0007;EVD-P04-0008;EVD-P04-0009;EVD-P04-0010;EVD-P04-0011;EVD-P04-0012;EVD-P04-0014;EVD-P04-0017;EVD-P04-0022","pending_evidence","Broker-level API and paper environment verified; symbol-level eligibility, margin, contract spec, and data entitlements still require product-level evidence.","","","","","pending","Domestic derivatives track. Strongest broker-side evidence in P04.","2026-08-02T13:53:07.1831656+09:00","2026-08-02T13:53:07.1831656+09:00"
"CAN-EXP-METAL-JP-GOLD-FUTURE-MINI-OSE-GOLDMINI-IBSJ","EXP-METAL-JP-GOLD","VEH-FUTURE-MINI-OSE-GOLDMINI","金JPX","Gold JPX","metals","metals_precious","unknown","unknown","unknown","future_mini","GOLDMINI","OSE","Interactive Brokers Securities Japan Inc.","","unknown","unknown","unknown","true","true","unknown","See IBSJ trading rules and JPX holiday trading. Product-specific day/night sessions apply.","","","","","","unknown","","","","","","","unknown","unknown","","","","A","EVD-P04-0001;EVD-P04-0002;EVD-P04-0003;EVD-P04-0004;EVD-P04-0005;EVD-P04-0006;EVD-P04-0007;EVD-P04-0008;EVD-P04-0009;EVD-P04-0010;EVD-P04-0011;EVD-P04-0012;EVD-P04-0014;EVD-P04-0017;EVD-P04-0022","pending_evidence","Broker-level API and paper environment verified; symbol-level eligibility, margin, contract spec, and data entitlements still require product-level evidence.","","","","","pending","Domestic derivatives track. Strongest broker-side evidence in P04.","2026-08-02T13:53:07.1831656+09:00","2026-08-02T13:53:07.1831656+09:00"
"CAN-EXP-METAL-JP-GOLD-FUTURE-MICRO-OSE-POCKETGOLD100-IBSJ","EXP-METAL-JP-GOLD","VEH-FUTURE-MICRO-OSE-POCKETGOLD100","金JPX","Gold JPX","metals","metals_precious","unknown","unknown","unknown","future_micro","POCKETGOLD100","OSE","Interactive Brokers Securities Japan Inc.","","unknown","unknown","unknown","true","true","unknown","See IBSJ trading rules and JPX holiday trading. Product-specific day/night sessions apply.","","","","","","unknown","","","","","","","unknown","unknown","","","","A","EVD-P04-0001;EVD-P04-0002;EVD-P04-0003;EVD-P04-0004;EVD-P04-0005;EVD-P04-0006;EVD-P04-0007;EVD-P04-0008;EVD-P04-0009;EVD-P04-0010;EVD-P04-0011;EVD-P04-0012;EVD-P04-0014;EVD-P04-0017;EVD-P04-0022","pending_evidence","Broker-level API and paper environment verified; symbol-level eligibility, margin, contract spec, and data entitlements still require product-level evidence.","","","","","pending","Domestic derivatives track. Strongest broker-side evidence in P04.","2026-08-02T13:53:07.1831656+09:00","2026-08-02T13:53:07.1831656+09:00"
"CAN-EXP-METAL-JP-SILVER-FUTURE-STANDARD-OSE-SILVER-IBSJ","EXP-METAL-JP-SILVER","VEH-FUTURE-STANDARD-OSE-SILVER","銀JPX","Silver JPX","metals","metals_precious","unknown","unknown","unknown","future_standard","SILVER","OSE","Interactive Brokers Securities Japan Inc.","","unknown","unknown","unknown","true","true","unknown","See IBSJ trading rules and JPX holiday trading. Product-specific day/night sessions apply.","","","","","","unknown","","","","","","","unknown","unknown","","","","A","EVD-P04-0001;EVD-P04-0002;EVD-P04-0003;EVD-P04-0004;EVD-P04-0005;EVD-P04-0006;EVD-P04-0007;EVD-P04-0008;EVD-P04-0009;EVD-P04-0010;EVD-P04-0011;EVD-P04-0012;EVD-P04-0014;EVD-P04-0017;EVD-P04-0022","pending_evidence","Broker-level API and paper environment verified; symbol-level eligibility, margin, contract spec, and data entitlements still require product-level evidence.","","","","","pending","Domestic derivatives track. Strongest broker-side evidence in P04.","2026-08-02T13:53:07.1831656+09:00","2026-08-02T13:53:07.1831656+09:00"
"CAN-EXP-METAL-JP-PLATINUM-FUTURE-STANDARD-OSE-PLATSTD-IBSJ","EXP-METAL-JP-PLATINUM","VEH-FUTURE-STANDARD-OSE-PLATSTD","プラチナJPX","Platinum JPX","metals","metals_precious","unknown","unknown","unknown","future_standard","PLATSTD","OSE","Interactive Brokers Securities Japan Inc.","","unknown","unknown","unknown","true","true","unknown","See IBSJ trading rules and JPX holiday trading. Product-specific day/night sessions apply.","","","","","","unknown","","","","","","","unknown","unknown","","","","A","EVD-P04-0001;EVD-P04-0002;EVD-P04-0003;EVD-P04-0004;EVD-P04-0005;EVD-P04-0006;EVD-P04-0007;EVD-P04-0008;EVD-P04-0009;EVD-P04-0010;EVD-P04-0011;EVD-P04-0012;EVD-P04-0014;EVD-P04-0017;EVD-P04-0022","pending_evidence","Broker-level API and paper environment verified; symbol-level eligibility, margin, contract spec, and data entitlements still require product-level evidence.","","","","","pending","Domestic derivatives track. Strongest broker-side evidence in P04.","2026-08-02T13:53:07.1831656+09:00","2026-08-02T13:53:07.1831656+09:00"
"CAN-EXP-METAL-JP-PLATINUM-FUTURE-MINI-OSE-PLATMINI-IBSJ","EXP-METAL-JP-PLATINUM","VEH-FUTURE-MINI-OSE-PLATMINI","プラチナJPX","Platinum JPX","metals","metals_precious","unknown","unknown","unknown","future_mini","PLATMINI","OSE","Interactive Brokers Securities Japan Inc.","","unknown","unknown","unknown","true","true","unknown","See IBSJ trading rules and JPX holiday trading. Product-specific day/night sessions apply.","","","","","","unknown","","","","","","","unknown","unknown","","","","A","EVD-P04-0001;EVD-P04-0002;EVD-P04-0003;EVD-P04-0004;EVD-P04-0005;EVD-P04-0006;EVD-P04-0007;EVD-P04-0008;EVD-P04-0009;EVD-P04-0010;EVD-P04-0011;EVD-P04-0012;EVD-P04-0014;EVD-P04-0017;EVD-P04-0022","pending_evidence","Broker-level API and paper environment verified; symbol-level eligibility, margin, contract spec, and data entitlements still require product-level evidence.","","","","","pending","Domestic derivatives track. Strongest broker-side evidence in P04.","2026-08-02T13:53:07.1831656+09:00","2026-08-02T13:53:07.1831656+09:00"
"CAN-EXP-METAL-JP-PALLADIUM-FUTURE-STANDARD-OSE-PALLADIUM-IBSJ","EXP-METAL-JP-PALLADIUM","VEH-FUTURE-STANDARD-OSE-PALLADIUM","パラジウムJPX","Palladium JPX","metals","metals_precious","unknown","unknown","unknown","future_standard","PALLADIUM","OSE","Interactive Brokers Securities Japan Inc.","","unknown","unknown","unknown","true","true","unknown","See IBSJ trading rules and JPX holiday trading. Product-specific day/night sessions apply.","","","","","","unknown","","","","","","","unknown","unknown","","","","A","EVD-P04-0001;EVD-P04-0002;EVD-P04-0003;EVD-P04-0004;EVD-P04-0005;EVD-P04-0006;EVD-P04-0007;EVD-P04-0008;EVD-P04-0009;EVD-P04-0010;EVD-P04-0011;EVD-P04-0012;EVD-P04-0014;EVD-P04-0017;EVD-P04-0022","pending_evidence","Broker-level API and paper environment verified; symbol-level eligibility, margin, contract spec, and data entitlements still require product-level evidence.","","","","","pending","Domestic derivatives track. Strongest broker-side evidence in P04.","2026-08-02T13:53:07.1831656+09:00","2026-08-02T13:53:07.1831656+09:00"
"CAN-EXP-AGRI-JP-CORN-FUTURE-STANDARD-OSE-CORNJPX-IBSJ","EXP-AGRI-JP-CORN","VEH-FUTURE-STANDARD-OSE-CORNJPX","とうもろこしJPX","Corn JPX","grains_oilseeds","agri_grain","unknown","unknown","unknown","future_standard","CORNJPX","OSE","Interactive Brokers Securities Japan Inc.","","unknown","unknown","unknown","true","true","unknown","See IBSJ trading rules and JPX holiday trading. Product-specific day/night sessions apply.","","","","","","unknown","","","","","","","unknown","unknown","","","","A","EVD-P04-0001;EVD-P04-0002;EVD-P04-0003;EVD-P04-0004;EVD-P04-0005;EVD-P04-0006;EVD-P04-0007;EVD-P04-0008;EVD-P04-0009;EVD-P04-0010;EVD-P04-0011;EVD-P04-0012;EVD-P04-0014;EVD-P04-0017;EVD-P04-0022","pending_evidence","Broker-level API and paper environment verified; symbol-level eligibility, margin, contract spec, and data entitlements still require product-level evidence.","","","","","pending","Domestic derivatives track. Strongest broker-side evidence in P04.","2026-08-02T13:53:07.1831656+09:00","2026-08-02T13:53:07.1831656+09:00"
"CAN-EXP-AGRI-JP-SOYBEAN-FUTURE-STANDARD-OSE-SOYBEANJPX-IBSJ","EXP-AGRI-JP-SOYBEAN","VEH-FUTURE-STANDARD-OSE-SOYBEANJPX","大豆JPX","Soybean JPX","grains_oilseeds","agri_oilseed","unknown","unknown","unknown","future_standard","SOYBEANJPX","OSE","Interactive Brokers Securities Japan Inc.","","unknown","unknown","unknown","true","true","unknown","See IBSJ trading rules and JPX holiday trading. Product-specific day/night sessions apply.","","","","","","unknown","","","","","","","unknown","unknown","","","","A","EVD-P04-0001;EVD-P04-0002;EVD-P04-0003;EVD-P04-0004;EVD-P04-0005;EVD-P04-0006;EVD-P04-0007;EVD-P04-0008;EVD-P04-0009;EVD-P04-0010;EVD-P04-0011;EVD-P04-0012;EVD-P04-0014;EVD-P04-0017;EVD-P04-0022","pending_evidence","Broker-level API and paper environment verified; symbol-level eligibility, margin, contract spec, and data entitlements still require product-level evidence.","","","","","pending","Domestic derivatives track. Strongest broker-side evidence in P04.","2026-08-02T13:53:07.1831656+09:00","2026-08-02T13:53:07.1831656+09:00"
"CAN-EXP-AGRI-JP-AZUKI-FUTURE-STANDARD-OSE-AZUKI-IBSJ","EXP-AGRI-JP-AZUKI","VEH-FUTURE-STANDARD-OSE-AZUKI","小豆","Azuki Red Bean","grains_oilseeds","agri_grain","unknown","unknown","unknown","future_standard","AZUKI","OSE","Interactive Brokers Securities Japan Inc.","","unknown","unknown","unknown","true","true","unknown","See IBSJ trading rules and JPX holiday trading. Product-specific day/night sessions apply.","","","","","","unknown","","","","","","","unknown","unknown","","","","A","EVD-P04-0001;EVD-P04-0002;EVD-P04-0003;EVD-P04-0004;EVD-P04-0005;EVD-P04-0006;EVD-P04-0007;EVD-P04-0008;EVD-P04-0009;EVD-P04-0010;EVD-P04-0011;EVD-P04-0012;EVD-P04-0014;EVD-P04-0017;EVD-P04-0022","pending_evidence","Broker-level API and paper environment verified; symbol-level eligibility, margin, contract spec, and data entitlements still require product-level evidence.","","","","","pending","Domestic derivatives track. Strongest broker-side evidence in P04.","2026-08-02T13:53:07.1831656+09:00","2026-08-02T13:53:07.1831656+09:00"
"CAN-EXP-ENERGY-JP-DUBAICRUDE-FUTURE-STANDARD-TOCOM-DUBAICRUDE-IBSJ","EXP-ENERGY-JP-DUBAICRUDE","VEH-FUTURE-STANDARD-TOCOM-DUBAICRUDE","ドバイ原油","Dubai Crude Oil","energy","energy_crude","unknown","unknown","unknown","future_standard","DUBAICRUDE","TOCOM","Interactive Brokers Securities Japan Inc.","","unknown","unknown","unknown","true","true","unknown","See JPX/TOCOM holiday trading and contract rules. Product-specific sessions apply.","","","","","","unknown","","","","","","","unknown","unknown","","","","A","EVD-P04-0001;EVD-P04-0002;EVD-P04-0003;EVD-P04-0004;EVD-P04-0005;EVD-P04-0006;EVD-P04-0007;EVD-P04-0008;EVD-P04-0009;EVD-P04-0010;EVD-P04-0011;EVD-P04-0012;EVD-P04-0014;EVD-P04-0017","pending_evidence","Broker-level API and paper environment verified; symbol-level eligibility, margin, contract spec, and data entitlements still require product-level evidence.","","","","","pending","Domestic commodity derivatives track. Product-level contract specs still pending.","2026-08-02T13:53:07.1831656+09:00","2026-08-02T13:53:07.1831656+09:00"
"CAN-EXP-ENERGY-JP-GASOLINE-FUTURE-STANDARD-TOCOM-GASOLINE-IBSJ","EXP-ENERGY-JP-GASOLINE","VEH-FUTURE-STANDARD-TOCOM-GASOLINE","ガソリンJPX","Gasoline JPX","energy","energy_refined","unknown","unknown","unknown","future_standard","GASOLINE","TOCOM","Interactive Brokers Securities Japan Inc.","","unknown","unknown","unknown","true","true","unknown","See JPX/TOCOM holiday trading and contract rules. Product-specific sessions apply.","","","","","","unknown","","","","","","","unknown","unknown","","","","A","EVD-P04-0001;EVD-P04-0002;EVD-P04-0003;EVD-P04-0004;EVD-P04-0005;EVD-P04-0006;EVD-P04-0007;EVD-P04-0008;EVD-P04-0009;EVD-P04-0010;EVD-P04-0011;EVD-P04-0012;EVD-P04-0014;EVD-P04-0017","pending_evidence","Broker-level API and paper environment verified; symbol-level eligibility, margin, contract spec, and data entitlements still require product-level evidence.","","","","","pending","Domestic commodity derivatives track. Product-level contract specs still pending.","2026-08-02T13:53:07.1831656+09:00","2026-08-02T13:53:07.1831656+09:00"
"CAN-EXP-ENERGY-JP-KEROSENE-FUTURE-STANDARD-TOCOM-KEROSENE-IBSJ","EXP-ENERGY-JP-KEROSENE","VEH-FUTURE-STANDARD-TOCOM-KEROSENE","灯油JPX","Kerosene JPX","energy","energy_refined","unknown","unknown","unknown","future_standard","KEROSENE","TOCOM","Interactive Brokers Securities Japan Inc.","","unknown","unknown","unknown","true","true","unknown","See JPX/TOCOM holiday trading and contract rules. Product-specific sessions apply.","","","","","","unknown","","","","","","","unknown","unknown","","","","A","EVD-P04-0001;EVD-P04-0002;EVD-P04-0003;EVD-P04-0004;EVD-P04-0005;EVD-P04-0006;EVD-P04-0007;EVD-P04-0008;EVD-P04-0009;EVD-P04-0010;EVD-P04-0011;EVD-P04-0012;EVD-P04-0014;EVD-P04-0017","pending_evidence","Broker-level API and paper environment verified; symbol-level eligibility, margin, contract spec, and data entitlements still require product-level evidence.","","","","","pending","Domestic commodity derivatives track. Product-level contract specs still pending.","2026-08-02T13:53:07.1831656+09:00","2026-08-02T13:53:07.1831656+09:00"
"CAN-EXP-ENERGY-JP-GASOIL-FUTURE-STANDARD-TOCOM-GASOIL-IBSJ","EXP-ENERGY-JP-GASOIL","VEH-FUTURE-STANDARD-TOCOM-GASOIL","軽油JPX","Gas Oil JPX","energy","energy_refined","unknown","unknown","unknown","future_standard","GASOIL","TOCOM","Interactive Brokers Securities Japan Inc.","","unknown","unknown","unknown","true","true","unknown","See JPX/TOCOM holiday trading and contract rules. Product-specific sessions apply.","","","","","","unknown","","","","","","","unknown","unknown","","","","A","EVD-P04-0001;EVD-P04-0002;EVD-P04-0003;EVD-P04-0004;EVD-P04-0005;EVD-P04-0006;EVD-P04-0007;EVD-P04-0008;EVD-P04-0009;EVD-P04-0010;EVD-P04-0011;EVD-P04-0012;EVD-P04-0014;EVD-P04-0017","pending_evidence","Broker-level API and paper environment verified; symbol-level eligibility, margin, contract spec, and data entitlements still require product-level evidence.","","","","","pending","Domestic commodity derivatives track. Product-level contract specs still pending.","2026-08-02T13:53:07.1831656+09:00","2026-08-02T13:53:07.1831656+09:00"
"CAN-EXP-ENERGY-ASIA-LNGJKM-FUTURE-STANDARD-TOCOM-LNGJKM-IBSJ","EXP-ENERGY-ASIA-LNGJKM","VEH-FUTURE-STANDARD-TOCOM-LNGJKM","LNG JKM","LNG Platts JKM","energy","energy_gas","unknown","unknown","unknown","future_standard","LNGJKM","TOCOM","Interactive Brokers Securities Japan Inc.","","unknown","unknown","unknown","true","true","unknown","See JPX/TOCOM holiday trading and contract rules. Product-specific sessions apply.","","","","","","unknown","","","","","","","unknown","unknown","","","","A","EVD-P04-0001;EVD-P04-0002;EVD-P04-0003;EVD-P04-0004;EVD-P04-0005;EVD-P04-0006;EVD-P04-0007;EVD-P04-0008;EVD-P04-0009;EVD-P04-0010;EVD-P04-0011;EVD-P04-0012;EVD-P04-0014;EVD-P04-0017","pending_evidence","Broker-level API and paper environment verified; symbol-level eligibility, margin, contract spec, and data entitlements still require product-level evidence.","","","","","pending","Domestic commodity derivatives track. Product-level contract specs still pending.","2026-08-02T13:53:07.1831656+09:00","2026-08-02T13:53:07.1831656+09:00"
"CAN-EXP-POWER-JP-EASTBASE-FUTURE-STANDARD-TOCOM-EASTBASE-IBSJ","EXP-POWER-JP-EASTBASE","VEH-FUTURE-STANDARD-TOCOM-EASTBASE","東日本ベースロード電力","East Area Baseload Electricity","environmental_power","environmental_power","unknown","unknown","unknown","future_standard","EASTBASE","TOCOM","Interactive Brokers Securities Japan Inc.","","unknown","unknown","unknown","true","true","unknown","See JPX/TOCOM holiday trading and contract rules. Product-specific sessions apply.","","","","","","unknown","","","","","","","unknown","unknown","","","","A","EVD-P04-0001;EVD-P04-0002;EVD-P04-0003;EVD-P04-0004;EVD-P04-0005;EVD-P04-0006;EVD-P04-0007;EVD-P04-0008;EVD-P04-0009;EVD-P04-0010;EVD-P04-0011;EVD-P04-0012;EVD-P04-0014;EVD-P04-0017","pending_evidence","Broker-level API and paper environment verified; symbol-level eligibility, margin, contract spec, and data entitlements still require product-level evidence.","","","","","pending","Domestic commodity derivatives track. Product-level contract specs still pending.","2026-08-02T13:53:07.1831656+09:00","2026-08-02T13:53:07.1831656+09:00"
"CAN-EXP-POWER-JP-WESTBASE-FUTURE-STANDARD-TOCOM-WESTBASE-IBSJ","EXP-POWER-JP-WESTBASE","VEH-FUTURE-STANDARD-TOCOM-WESTBASE","西日本ベースロード電力","West Area Baseload Electricity","environmental_power","environmental_power","unknown","unknown","unknown","future_standard","WESTBASE","TOCOM","Interactive Brokers Securities Japan Inc.","","unknown","unknown","unknown","true","true","unknown","See JPX/TOCOM holiday trading and contract rules. Product-specific sessions apply.","","","","","","unknown","","","","","","","unknown","unknown","","","","A","EVD-P04-0001;EVD-P04-0002;EVD-P04-0003;EVD-P04-0004;EVD-P04-0005;EVD-P04-0006;EVD-P04-0007;EVD-P04-0008;EVD-P04-0009;EVD-P04-0010;EVD-P04-0011;EVD-P04-0012;EVD-P04-0014;EVD-P04-0017","pending_evidence","Broker-level API and paper environment verified; symbol-level eligibility, margin, contract spec, and data entitlements still require product-level evidence.","","","","","pending","Domestic commodity derivatives track. Product-level contract specs still pending.","2026-08-02T13:53:07.1831656+09:00","2026-08-02T13:53:07.1831656+09:00"
"CAN-EXP-POWER-JP-EASTPEAK-FUTURE-STANDARD-TOCOM-EASTPEAK-IBSJ","EXP-POWER-JP-EASTPEAK","VEH-FUTURE-STANDARD-TOCOM-EASTPEAK","東日本ピークロード電力","East Area Peakload Electricity","environmental_power","environmental_power","unknown","unknown","unknown","future_standard","EASTPEAK","TOCOM","Interactive Brokers Securities Japan Inc.","","unknown","unknown","unknown","true","true","unknown","See JPX/TOCOM holiday trading and contract rules. Product-specific sessions apply.","","","","","","unknown","","","","","","","unknown","unknown","","","","A","EVD-P04-0001;EVD-P04-0002;EVD-P04-0003;EVD-P04-0004;EVD-P04-0005;EVD-P04-0006;EVD-P04-0007;EVD-P04-0008;EVD-P04-0009;EVD-P04-0010;EVD-P04-0011;EVD-P04-0012;EVD-P04-0014;EVD-P04-0017","pending_evidence","Broker-level API and paper environment verified; symbol-level eligibility, margin, contract spec, and data entitlements still require product-level evidence.","","","","","pending","Domestic commodity derivatives track. Product-level contract specs still pending.","2026-08-02T13:53:07.1831656+09:00","2026-08-02T13:53:07.1831656+09:00"
"CAN-EXP-POWER-JP-WESTPEAK-FUTURE-STANDARD-TOCOM-WESTPEAK-IBSJ","EXP-POWER-JP-WESTPEAK","VEH-FUTURE-STANDARD-TOCOM-WESTPEAK","西日本ピークロード電力","West Area Peakload Electricity","environmental_power","environmental_power","unknown","unknown","unknown","future_standard","WESTPEAK","TOCOM","Interactive Brokers Securities Japan Inc.","","unknown","unknown","unknown","true","true","unknown","See JPX/TOCOM holiday trading and contract rules. Product-specific sessions apply.","","","","","","unknown","","","","","","","unknown","unknown","","","","A","EVD-P04-0001;EVD-P04-0002;EVD-P04-0003;EVD-P04-0004;EVD-P04-0005;EVD-P04-0006;EVD-P04-0007;EVD-P04-0008;EVD-P04-0009;EVD-P04-0010;EVD-P04-0011;EVD-P04-0012;EVD-P04-0014;EVD-P04-0017","pending_evidence","Broker-level API and paper environment verified; symbol-level eligibility, margin, contract spec, and data entitlements still require product-level evidence.","","","","","pending","Domestic commodity derivatives track. Product-level contract specs still pending.","2026-08-02T13:53:07.1831656+09:00","2026-08-02T13:53:07.1831656+09:00"
"CAN-EXP-EQ-EU-EUROSTOXX50-FUTURE-STANDARD-EUREX-FESX-IBSJ","EXP-EQ-EU-EUROSTOXX50","VEH-FUTURE-STANDARD-EUREX-FESX","ユーロストックス50","EURO STOXX 50","equity_index","global_equity_europe","unknown","unknown","unknown","future_standard","FESX","EUREX","Interactive Brokers Securities Japan Inc.","","unknown","unknown","unknown","true","true","unknown","Venue-specific; fee evidence found, product-level session verification pending.","","","","","","unknown","","","","","","","unknown","unknown","","","","B","EVD-P04-0001;EVD-P04-0002;EVD-P04-0003;EVD-P04-0004;EVD-P04-0005;EVD-P04-0006;EVD-P04-0007;EVD-P04-0008;EVD-P04-0009;EVD-P04-0010;EVD-P04-0011;EVD-P04-0012;EVD-P04-0020","pending_evidence","Broker-level API and paper environment verified; symbol-level eligibility, margin, contract spec, and data entitlements still require product-level evidence.","","","","","pending","Selected Eurex symbols supported by fee evidence. Full venue-wide claim remains pending.","2026-08-02T13:53:07.1831656+09:00","2026-08-02T13:53:07.1831656+09:00"
"CAN-EXP-EQ-EU-STOXX600-FUTURE-STANDARD-EUREX-FXXP-IBSJ","EXP-EQ-EU-STOXX600","VEH-FUTURE-STANDARD-EUREX-FXXP","ストックス欧州600","STOXX Europe 600","equity_index","global_equity_europe","unknown","unknown","unknown","future_standard","FXXP","EUREX","Interactive Brokers Securities Japan Inc.","","unknown","unknown","unknown","true","true","unknown","Venue-specific; fee evidence found, product-level session verification pending.","","","","","","unknown","","","","","","","unknown","unknown","","","","B","EVD-P04-0001;EVD-P04-0002;EVD-P04-0003;EVD-P04-0004;EVD-P04-0005;EVD-P04-0006;EVD-P04-0007;EVD-P04-0008;EVD-P04-0009;EVD-P04-0010;EVD-P04-0011;EVD-P04-0012;EVD-P04-0020","pending_evidence","Broker-level API and paper environment verified; symbol-level eligibility, margin, contract spec, and data entitlements still require product-level evidence.","","","","","pending","Selected Eurex symbols supported by fee evidence. Full venue-wide claim remains pending.","2026-08-02T13:53:07.1831656+09:00","2026-08-02T13:53:07.1831656+09:00"
"CAN-EXP-EQ-DE-DAX-FUTURE-STANDARD-EUREX-FDAX-IBSJ","EXP-EQ-DE-DAX","VEH-FUTURE-STANDARD-EUREX-FDAX","ドイツDAX","DAX","equity_index","global_equity_europe","unknown","unknown","unknown","future_standard","FDAX","EUREX","Interactive Brokers Securities Japan Inc.","","unknown","unknown","unknown","true","true","unknown","Venue-specific; fee evidence found, product-level session verification pending.","","","","","","unknown","","","","","","","unknown","unknown","","","","B","EVD-P04-0001;EVD-P04-0002;EVD-P04-0003;EVD-P04-0004;EVD-P04-0005;EVD-P04-0006;EVD-P04-0007;EVD-P04-0008;EVD-P04-0009;EVD-P04-0010;EVD-P04-0011;EVD-P04-0012;EVD-P04-0020","pending_evidence","Broker-level API and paper environment verified; symbol-level eligibility, margin, contract spec, and data entitlements still require product-level evidence.","","","","","pending","Selected Eurex symbols supported by fee evidence. Full venue-wide claim remains pending.","2026-08-02T13:53:07.1831656+09:00","2026-08-02T13:53:07.1831656+09:00"
"CAN-EXP-EQ-DE-DAX-FUTURE-MINI-EUREX-FDXM-IBSJ","EXP-EQ-DE-DAX","VEH-FUTURE-MINI-EUREX-FDXM","ドイツDAX","DAX","equity_index","global_equity_europe","unknown","unknown","unknown","future_mini","FDXM","EUREX","Interactive Brokers Securities Japan Inc.","","unknown","unknown","unknown","true","true","unknown","Venue-specific; fee evidence found, product-level session verification pending.","","","","","","unknown","","","","","","","unknown","unknown","","","","B","EVD-P04-0001;EVD-P04-0002;EVD-P04-0003;EVD-P04-0004;EVD-P04-0005;EVD-P04-0006;EVD-P04-0007;EVD-P04-0008;EVD-P04-0009;EVD-P04-0010;EVD-P04-0011;EVD-P04-0012;EVD-P04-0020","pending_evidence","Broker-level API and paper environment verified; symbol-level eligibility, margin, contract spec, and data entitlements still require product-level evidence.","","","","","pending","Selected Eurex symbols supported by fee evidence. Full venue-wide claim remains pending.","2026-08-02T13:53:07.1831656+09:00","2026-08-02T13:53:07.1831656+09:00"
"CAN-EXP-EQ-GLOBAL-MSCIWORLD-FUTURE-STANDARD-EUREX-FMWO-IBSJ","EXP-EQ-GLOBAL-MSCIWORLD","VEH-FUTURE-STANDARD-EUREX-FMWO","MSCI世界株","MSCI World","equity_index","global_equity_world","unknown","unknown","unknown","future_standard","FMWO","EUREX","Interactive Brokers Securities Japan Inc.","","unknown","unknown","unknown","true","true","unknown","Venue-specific; fee evidence found, product-level session verification pending.","","","","","","unknown","","","","","","","unknown","unknown","","","","B","EVD-P04-0001;EVD-P04-0002;EVD-P04-0003;EVD-P04-0004;EVD-P04-0005;EVD-P04-0006;EVD-P04-0007;EVD-P04-0008;EVD-P04-0009;EVD-P04-0010;EVD-P04-0011;EVD-P04-0012;EVD-P04-0020","pending_evidence","Broker-level API and paper environment verified; symbol-level eligibility, margin, contract spec, and data entitlements still require product-level evidence.","","","","","pending","Selected Eurex symbols supported by fee evidence. Full venue-wide claim remains pending.","2026-08-02T13:53:07.1831656+09:00","2026-08-02T13:53:07.1831656+09:00"
"CAN-EXP-EQ-JP-MSCIJAPAN-FUTURE-STANDARD-EUREX-FMJP-IBSJ","EXP-EQ-JP-MSCIJAPAN","VEH-FUTURE-STANDARD-EUREX-FMJP","MSCI日本","MSCI Japan","equity_index","global_equity_japan","unknown","unknown","unknown","future_standard","FMJP","EUREX","Interactive Brokers Securities Japan Inc.","","unknown","unknown","unknown","true","true","unknown","Venue-specific; fee evidence found, product-level session verification pending.","","","","","","unknown","","","","","","","unknown","unknown","","","","B","EVD-P04-0001;EVD-P04-0002;EVD-P04-0003;EVD-P04-0004;EVD-P04-0005;EVD-P04-0006;EVD-P04-0007;EVD-P04-0008;EVD-P04-0009;EVD-P04-0010;EVD-P04-0011;EVD-P04-0012;EVD-P04-0020","pending_evidence","Broker-level API and paper environment verified; symbol-level eligibility, margin, contract spec, and data entitlements still require product-level evidence.","","","","","pending","Selected Eurex symbols supported by fee evidence. Full venue-wide claim remains pending.","2026-08-02T13:53:07.1831656+09:00","2026-08-02T13:53:07.1831656+09:00"
"CAN-EXP-EQ-KR-MSCIKOREA-FUTURE-STANDARD-EUREX-FMKR-IBSJ","EXP-EQ-KR-MSCIKOREA","VEH-FUTURE-STANDARD-EUREX-FMKR","MSCI韓国","MSCI Korea","equity_index","global_equity_asia","unknown","unknown","unknown","future_standard","FMKR","EUREX","Interactive Brokers Securities Japan Inc.","","unknown","unknown","unknown","true","true","unknown","Venue-specific; fee evidence found, product-level session verification pending.","","","","","","unknown","","","","","","","unknown","unknown","","","","B","EVD-P04-0001;EVD-P04-0002;EVD-P04-0003;EVD-P04-0004;EVD-P04-0005;EVD-P04-0006;EVD-P04-0007;EVD-P04-0008;EVD-P04-0009;EVD-P04-0010;EVD-P04-0011;EVD-P04-0012;EVD-P04-0020","pending_evidence","Broker-level API and paper environment verified; symbol-level eligibility, margin, contract spec, and data entitlements still require product-level evidence.","","","","","pending","Selected Eurex symbols supported by fee evidence. Full venue-wide claim remains pending.","2026-08-02T13:53:07.1831656+09:00","2026-08-02T13:53:07.1831656+09:00"
"CAN-EXP-RATES-DE-SCHATZ-FUTURE-STANDARD-EUREX-FGBS-IBSJ","EXP-RATES-DE-SCHATZ","VEH-FUTURE-STANDARD-EUREX-FGBS","独2年債","Euro Schatz","rates","rates_dm_eu","unknown","unknown","unknown","future_standard","FGBS","EUREX","Interactive Brokers Securities Japan Inc.","","unknown","unknown","unknown","true","true","unknown","Venue-specific; fee evidence found, product-level session verification pending.","","","","","","unknown","","","","","","","unknown","unknown","","","","B","EVD-P04-0001;EVD-P04-0002;EVD-P04-0003;EVD-P04-0004;EVD-P04-0005;EVD-P04-0006;EVD-P04-0007;EVD-P04-0008;EVD-P04-0009;EVD-P04-0010;EVD-P04-0011;EVD-P04-0012;EVD-P04-0020","pending_evidence","Broker-level API and paper environment verified; symbol-level eligibility, margin, contract spec, and data entitlements still require product-level evidence.","","","","","pending","Selected Eurex symbols supported by fee evidence. Full venue-wide claim remains pending.","2026-08-02T13:53:07.1831656+09:00","2026-08-02T13:53:07.1831656+09:00"
"CAN-EXP-RATES-DE-BOBL-FUTURE-STANDARD-EUREX-FGBM-IBSJ","EXP-RATES-DE-BOBL","VEH-FUTURE-STANDARD-EUREX-FGBM","独5年債","Euro Bobl","rates","rates_dm_eu","unknown","unknown","unknown","future_standard","FGBM","EUREX","Interactive Brokers Securities Japan Inc.","","unknown","unknown","unknown","true","true","unknown","Venue-specific; fee evidence found, product-level session verification pending.","","","","","","unknown","","","","","","","unknown","unknown","","","","B","EVD-P04-0001;EVD-P04-0002;EVD-P04-0003;EVD-P04-0004;EVD-P04-0005;EVD-P04-0006;EVD-P04-0007;EVD-P04-0008;EVD-P04-0009;EVD-P04-0010;EVD-P04-0011;EVD-P04-0012;EVD-P04-0020","pending_evidence","Broker-level API and paper environment verified; symbol-level eligibility, margin, contract spec, and data entitlements still require product-level evidence.","","","","","pending","Selected Eurex symbols supported by fee evidence. Full venue-wide claim remains pending.","2026-08-02T13:53:07.1831656+09:00","2026-08-02T13:53:07.1831656+09:00"
"CAN-EXP-RATES-DE-BUND-FUTURE-STANDARD-EUREX-FGBL-IBSJ","EXP-RATES-DE-BUND","VEH-FUTURE-STANDARD-EUREX-FGBL","独10年債","Euro Bund","rates","rates_dm_eu","unknown","unknown","unknown","future_standard","FGBL","EUREX","Interactive Brokers Securities Japan Inc.","","unknown","unknown","unknown","true","true","unknown","Venue-specific; fee evidence found, product-level session verification pending.","","","","","","unknown","","","","","","","unknown","unknown","","","","B","EVD-P04-0001;EVD-P04-0002;EVD-P04-0003;EVD-P04-0004;EVD-P04-0005;EVD-P04-0006;EVD-P04-0007;EVD-P04-0008;EVD-P04-0009;EVD-P04-0010;EVD-P04-0011;EVD-P04-0012;EVD-P04-0020","pending_evidence","Broker-level API and paper environment verified; symbol-level eligibility, margin, contract spec, and data entitlements still require product-level evidence.","","","","","pending","Selected Eurex symbols supported by fee evidence. Full venue-wide claim remains pending.","2026-08-02T13:53:07.1831656+09:00","2026-08-02T13:53:07.1831656+09:00"
"CAN-EXP-RATES-DE-BUXL-FUTURE-STANDARD-EUREX-FGBX-IBSJ","EXP-RATES-DE-BUXL","VEH-FUTURE-STANDARD-EUREX-FGBX","独超長期債","Euro Buxl","rates","rates_dm_eu","unknown","unknown","unknown","future_standard","FGBX","EUREX","Interactive Brokers Securities Japan Inc.","","unknown","unknown","unknown","true","true","unknown","Venue-specific; fee evidence found, product-level session verification pending.","","","","","","unknown","","","","","","","unknown","unknown","","","","B","EVD-P04-0001;EVD-P04-0002;EVD-P04-0003;EVD-P04-0004;EVD-P04-0005;EVD-P04-0006;EVD-P04-0007;EVD-P04-0008;EVD-P04-0009;EVD-P04-0010;EVD-P04-0011;EVD-P04-0012;EVD-P04-0020","pending_evidence","Broker-level API and paper environment verified; symbol-level eligibility, margin, contract spec, and data entitlements still require product-level evidence.","","","","","pending","Selected Eurex symbols supported by fee evidence. Full venue-wide claim remains pending.","2026-08-02T13:53:07.1831656+09:00","2026-08-02T13:53:07.1831656+09:00"
"CAN-EXP-RATES-IT-BTP-FUTURE-STANDARD-EUREX-FBTP-IBSJ","EXP-RATES-IT-BTP","VEH-FUTURE-STANDARD-EUREX-FBTP","イタリア国債","BTP Bond","rates","rates_dm_eu_peripheral","unknown","unknown","unknown","future_standard","FBTP","EUREX","Interactive Brokers Securities Japan Inc.","","unknown","unknown","unknown","true","true","unknown","Venue-specific; fee evidence found, product-level session verification pending.","","","","","","unknown","","","","","","","unknown","unknown","","","","B","EVD-P04-0001;EVD-P04-0002;EVD-P04-0003;EVD-P04-0004;EVD-P04-0005;EVD-P04-0006;EVD-P04-0007;EVD-P04-0008;EVD-P04-0009;EVD-P04-0010;EVD-P04-0011;EVD-P04-0012;EVD-P04-0020","pending_evidence","Broker-level API and paper environment verified; symbol-level eligibility, margin, contract spec, and data entitlements still require product-level evidence.","","","","","pending","Selected Eurex symbols supported by fee evidence. Full venue-wide claim remains pending.","2026-08-02T13:53:07.1831656+09:00","2026-08-02T13:53:07.1831656+09:00"
"CAN-EXP-RATES-FR-OAT-FUTURE-STANDARD-EUREX-FOAT-IBSJ","EXP-RATES-FR-OAT","VEH-FUTURE-STANDARD-EUREX-FOAT","フランス国債","Euro OAT","rates","rates_dm_eu","unknown","unknown","unknown","future_standard","FOAT","EUREX","Interactive Brokers Securities Japan Inc.","","unknown","unknown","unknown","true","true","unknown","Venue-specific; fee evidence found, product-level session verification pending.","","","","","","unknown","","","","","","","unknown","unknown","","","","B","EVD-P04-0001;EVD-P04-0002;EVD-P04-0003;EVD-P04-0004;EVD-P04-0005;EVD-P04-0006;EVD-P04-0007;EVD-P04-0008;EVD-P04-0009;EVD-P04-0010;EVD-P04-0011;EVD-P04-0012;EVD-P04-0020","pending_evidence","Broker-level API and paper environment verified; symbol-level eligibility, margin, contract spec, and data entitlements still require product-level evidence.","","","","","pending","Selected Eurex symbols supported by fee evidence. Full venue-wide claim remains pending.","2026-08-02T13:53:07.1831656+09:00","2026-08-02T13:53:07.1831656+09:00"
"CAN-EXP-VOL-EU-VSTOXX-FUTURE-STANDARD-EUREX-FVS-IBSJ","EXP-VOL-EU-VSTOXX","VEH-FUTURE-STANDARD-EUREX-FVS","欧州株式ボラティリティ","VSTOXX","volatility","vol_equity","unknown","unknown","unknown","future_standard","FVS","EUREX","Interactive Brokers Securities Japan Inc.","","unknown","unknown","unknown","true","true","unknown","Venue-specific; fee evidence found, product-level session verification pending.","","","","","","unknown","","","","","","","unknown","unknown","","","","B","EVD-P04-0001;EVD-P04-0002;EVD-P04-0003;EVD-P04-0004;EVD-P04-0005;EVD-P04-0006;EVD-P04-0007;EVD-P04-0008;EVD-P04-0009;EVD-P04-0010;EVD-P04-0011;EVD-P04-0012;EVD-P04-0020","pending_evidence","Broker-level API and paper environment verified; symbol-level eligibility, margin, contract spec, and data entitlements still require product-level evidence.","","","","","pending","Selected Eurex symbols supported by fee evidence. Full venue-wide claim remains pending.","2026-08-02T13:53:07.1831656+09:00","2026-08-02T13:53:07.1831656+09:00"
"CAN-EXP-EQ-CN-FTSEA50-FUTURE-STANDARD-SGX-CN-IBSJ","EXP-EQ-CN-FTSEA50","VEH-FUTURE-STANDARD-SGX-CN","FTSE中国A50","FTSE China A50","equity_index","global_equity_china","unknown","unknown","unknown","future_standard","CN","SGX","Interactive Brokers Securities Japan Inc.","","unknown","unknown","unknown","true","true","unknown","Venue-specific. JPY-denominated SGX futures are explicitly referenced in IBSJ trading rules.","","","","","","unknown","","","","","","","unknown","unknown","","","","B","EVD-P04-0001;EVD-P04-0002;EVD-P04-0003;EVD-P04-0004;EVD-P04-0005;EVD-P04-0006;EVD-P04-0007;EVD-P04-0008;EVD-P04-0009;EVD-P04-0010;EVD-P04-0011;EVD-P04-0012;EVD-P04-0013;EVD-P04-0015;EVD-P04-0018","pending_evidence","Broker-level API and paper environment verified; symbol-level eligibility, margin, contract spec, and data entitlements still require product-level evidence.","","","","","pending","Broker-side evidence is stronger for JPY-denominated SGX contracts than for all SGX symbols.","2026-08-02T13:53:07.1831656+09:00","2026-08-02T13:53:07.1831656+09:00"
"CAN-EXP-EQ-JP-NIKKEI225-SGX-FUTURE-STANDARD-SGX-NK-IBSJ","EXP-EQ-JP-NIKKEI225-SGX","VEH-FUTURE-STANDARD-SGX-NK","日経225SGX","Nikkei 225 Index","equity_index","global_equity_japan","unknown","unknown","unknown","future_standard","NK","SGX","Interactive Brokers Securities Japan Inc.","","unknown","unknown","unknown","true","true","unknown","Venue-specific. JPY-denominated SGX futures are explicitly referenced in IBSJ trading rules.","","","","","","unknown","","","","","","","unknown","unknown","","","","B","EVD-P04-0001;EVD-P04-0002;EVD-P04-0003;EVD-P04-0004;EVD-P04-0005;EVD-P04-0006;EVD-P04-0007;EVD-P04-0008;EVD-P04-0009;EVD-P04-0010;EVD-P04-0011;EVD-P04-0012;EVD-P04-0013;EVD-P04-0015;EVD-P04-0018","pending_evidence","Broker-level API and paper environment verified; symbol-level eligibility, margin, contract spec, and data entitlements still require product-level evidence.","","","","","pending","Broker-side evidence is stronger for JPY-denominated SGX contracts than for all SGX symbols.","2026-08-02T13:53:07.1831656+09:00","2026-08-02T13:53:07.1831656+09:00"
"CAN-EXP-EQ-TW-FTSETAIWAN-FUTURE-STANDARD-SGX-TW-IBSJ","EXP-EQ-TW-FTSETAIWAN","VEH-FUTURE-STANDARD-SGX-TW","FTSE台湾","FTSE Taiwan Index","equity_index","global_equity_asia","unknown","unknown","unknown","future_standard","TW","SGX","Interactive Brokers Securities Japan Inc.","","unknown","unknown","unknown","true","true","unknown","Venue-specific. JPY-denominated SGX futures are explicitly referenced in IBSJ trading rules.","","","","","","unknown","","","","","","","unknown","unknown","","","","B","EVD-P04-0001;EVD-P04-0002;EVD-P04-0003;EVD-P04-0004;EVD-P04-0005;EVD-P04-0006;EVD-P04-0007;EVD-P04-0008;EVD-P04-0009;EVD-P04-0010;EVD-P04-0011;EVD-P04-0012;EVD-P04-0013;EVD-P04-0015;EVD-P04-0018","pending_evidence","Broker-level API and paper environment verified; symbol-level eligibility, margin, contract spec, and data entitlements still require product-level evidence.","","","","","pending","Broker-side evidence is stronger for JPY-denominated SGX contracts than for all SGX symbols.","2026-08-02T13:53:07.1831656+09:00","2026-08-02T13:53:07.1831656+09:00"
"CAN-EXP-EQ-SG-MSCISINGAPORE-FUTURE-STANDARD-SGX-SG-IBSJ","EXP-EQ-SG-MSCISINGAPORE","VEH-FUTURE-STANDARD-SGX-SG","MSCIシンガポール","MSCI Singapore Index","equity_index","global_equity_asia","unknown","unknown","unknown","future_standard","SG","SGX","Interactive Brokers Securities Japan Inc.","","unknown","unknown","unknown","true","true","unknown","Venue-specific. JPY-denominated SGX futures are explicitly referenced in IBSJ trading rules.","","","","","","unknown","","","","","","","unknown","unknown","","","","B","EVD-P04-0001;EVD-P04-0002;EVD-P04-0003;EVD-P04-0004;EVD-P04-0005;EVD-P04-0006;EVD-P04-0007;EVD-P04-0008;EVD-P04-0009;EVD-P04-0010;EVD-P04-0011;EVD-P04-0012;EVD-P04-0013;EVD-P04-0015;EVD-P04-0018","pending_evidence","Broker-level API and paper environment verified; symbol-level eligibility, margin, contract spec, and data entitlements still require product-level evidence.","","","","","pending","Broker-side evidence is stronger for JPY-denominated SGX contracts than for all SGX symbols.","2026-08-02T13:53:07.1831656+09:00","2026-08-02T13:53:07.1831656+09:00"
"CAN-EXP-EQ-CN-FTSECHINAH50-FUTURE-STANDARD-SGX-CH-IBSJ","EXP-EQ-CN-FTSECHINAH50","VEH-FUTURE-STANDARD-SGX-CH","FTSE中国H50","FTSE China H50","equity_index","global_equity_china","unknown","unknown","unknown","future_standard","CH","SGX","Interactive Brokers Securities Japan Inc.","","unknown","unknown","unknown","true","true","unknown","Venue-specific. JPY-denominated SGX futures are explicitly referenced in IBSJ trading rules.","","","","","","unknown","","","","","","","unknown","unknown","","","","B","EVD-P04-0001;EVD-P04-0002;EVD-P04-0003;EVD-P04-0004;EVD-P04-0005;EVD-P04-0006;EVD-P04-0007;EVD-P04-0008;EVD-P04-0009;EVD-P04-0010;EVD-P04-0011;EVD-P04-0012;EVD-P04-0013;EVD-P04-0015;EVD-P04-0018","pending_evidence","Broker-level API and paper environment verified; symbol-level eligibility, margin, contract spec, and data entitlements still require product-level evidence.","","","","","pending","Broker-side evidence is stronger for JPY-denominated SGX contracts than for all SGX symbols.","2026-08-02T13:53:07.1831656+09:00","2026-08-02T13:53:07.1831656+09:00"
"CAN-EXP-FX-G10-AUDJPY-SGX-FUTURE-STANDARD-SGX-AUDJPY-IBSJ","EXP-FX-G10-AUDJPY-SGX","VEH-FUTURE-STANDARD-SGX-AUDJPY","豪ドル円","AUD/JPY","fx","fx_g10","unknown","unknown","unknown","future_standard","AUDJPY","SGX","Interactive Brokers Securities Japan Inc.","","unknown","unknown","unknown","true","true","unknown","Venue-specific. JPY-denominated SGX futures are explicitly referenced in IBSJ trading rules.","","","","","","unknown","","","","","","","unknown","unknown","","","","B","EVD-P04-0001;EVD-P04-0002;EVD-P04-0003;EVD-P04-0004;EVD-P04-0005;EVD-P04-0006;EVD-P04-0007;EVD-P04-0008;EVD-P04-0009;EVD-P04-0010;EVD-P04-0011;EVD-P04-0012;EVD-P04-0013;EVD-P04-0015;EVD-P04-0018","pending_evidence","Broker-level API and paper environment verified; symbol-level eligibility, margin, contract spec, and data entitlements still require product-level evidence.","","","","","pending","Broker-side evidence is stronger for JPY-denominated SGX contracts than for all SGX symbols.","2026-08-02T13:53:07.1831656+09:00","2026-08-02T13:53:07.1831656+09:00"
"CAN-EXP-FX-G10-AUDUSD-SGX-FUTURE-STANDARD-SGX-AUDUSD-IBSJ","EXP-FX-G10-AUDUSD-SGX","VEH-FUTURE-STANDARD-SGX-AUDUSD","豪ドル米ドル","AUD/USD","fx","fx_g10","unknown","unknown","unknown","future_standard","AUDUSD","SGX","Interactive Brokers Securities Japan Inc.","","unknown","unknown","unknown","true","true","unknown","Venue-specific. JPY-denominated SGX futures are explicitly referenced in IBSJ trading rules.","","","","","","unknown","","","","","","","unknown","unknown","","","","B","EVD-P04-0001;EVD-P04-0002;EVD-P04-0003;EVD-P04-0004;EVD-P04-0005;EVD-P04-0006;EVD-P04-0007;EVD-P04-0008;EVD-P04-0009;EVD-P04-0010;EVD-P04-0011;EVD-P04-0012;EVD-P04-0013;EVD-P04-0015;EVD-P04-0018","pending_evidence","Broker-level API and paper environment verified; symbol-level eligibility, margin, contract spec, and data entitlements still require product-level evidence.","","","","","pending","Broker-side evidence is stronger for JPY-denominated SGX contracts than for all SGX symbols.","2026-08-02T13:53:07.1831656+09:00","2026-08-02T13:53:07.1831656+09:00"
"CAN-EXP-FX-EM-BRLUSD-SGX-FUTURE-STANDARD-SGX-BRLUSD-IBSJ","EXP-FX-EM-BRLUSD-SGX","VEH-FUTURE-STANDARD-SGX-BRLUSD","ブラジルレアル米ドル","BRL/USD","fx","fx_em","unknown","unknown","unknown","future_standard","BRLUSD","SGX","Interactive Brokers Securities Japan Inc.","","unknown","unknown","unknown","true","true","unknown","Venue-specific. JPY-denominated SGX futures are explicitly referenced in IBSJ trading rules.","","","","","","unknown","","","","","","","unknown","unknown","","","","B","EVD-P04-0001;EVD-P04-0002;EVD-P04-0003;EVD-P04-0004;EVD-P04-0005;EVD-P04-0006;EVD-P04-0007;EVD-P04-0008;EVD-P04-0009;EVD-P04-0010;EVD-P04-0011;EVD-P04-0012;EVD-P04-0013;EVD-P04-0015;EVD-P04-0018","pending_evidence","Broker-level API and paper environment verified; symbol-level eligibility, margin, contract spec, and data entitlements still require product-level evidence.","","","","","pending","Broker-side evidence is stronger for JPY-denominated SGX contracts than for all SGX symbols.","2026-08-02T13:53:07.1831656+09:00","2026-08-02T13:53:07.1831656+09:00"
"CAN-EXP-FX-EM-CNYUSD-SGX-FUTURE-STANDARD-SGX-CNYUSD-IBSJ","EXP-FX-EM-CNYUSD-SGX","VEH-FUTURE-STANDARD-SGX-CNYUSD","人民元米ドル","CNY/USD","fx","fx_em","unknown","unknown","unknown","future_standard","CNYUSD","SGX","Interactive Brokers Securities Japan Inc.","","unknown","unknown","unknown","true","true","unknown","Venue-specific. JPY-denominated SGX futures are explicitly referenced in IBSJ trading rules.","","","","","","unknown","","","","","","","unknown","unknown","","","","B","EVD-P04-0001;EVD-P04-0002;EVD-P04-0003;EVD-P04-0004;EVD-P04-0005;EVD-P04-0006;EVD-P04-0007;EVD-P04-0008;EVD-P04-0009;EVD-P04-0010;EVD-P04-0011;EVD-P04-0012;EVD-P04-0013;EVD-P04-0015;EVD-P04-0018","pending_evidence","Broker-level API and paper environment verified; symbol-level eligibility, margin, contract spec, and data entitlements still require product-level evidence.","","","","","pending","Broker-side evidence is stronger for JPY-denominated SGX contracts than for all SGX symbols.","2026-08-02T13:53:07.1831656+09:00","2026-08-02T13:53:07.1831656+09:00"
"CAN-EXP-FX-EM-INRUSD-SGX-FUTURE-STANDARD-SGX-INRUSD-IBSJ","EXP-FX-EM-INRUSD-SGX","VEH-FUTURE-STANDARD-SGX-INRUSD","インドルピー米ドル","INR/USD","fx","fx_em","unknown","unknown","unknown","future_standard","INRUSD","SGX","Interactive Brokers Securities Japan Inc.","","unknown","unknown","unknown","true","true","unknown","Venue-specific. JPY-denominated SGX futures are explicitly referenced in IBSJ trading rules.","","","","","","unknown","","","","","","","unknown","unknown","","","","B","EVD-P04-0001;EVD-P04-0002;EVD-P04-0003;EVD-P04-0004;EVD-P04-0005;EVD-P04-0006;EVD-P04-0007;EVD-P04-0008;EVD-P04-0009;EVD-P04-0010;EVD-P04-0011;EVD-P04-0012;EVD-P04-0013;EVD-P04-0015;EVD-P04-0018","pending_evidence","Broker-level API and paper environment verified; symbol-level eligibility, margin, contract spec, and data entitlements still require product-level evidence.","","","","","pending","Broker-side evidence is stronger for JPY-denominated SGX contracts than for all SGX symbols.","2026-08-02T13:53:07.1831656+09:00","2026-08-02T13:53:07.1831656+09:00"
"CAN-EXP-FX-EM-KRWUSD-SGX-FUTURE-STANDARD-SGX-KRWUSD-IBSJ","EXP-FX-EM-KRWUSD-SGX","VEH-FUTURE-STANDARD-SGX-KRWUSD","韓国ウォン米ドル","KRW/USD","fx","fx_em","unknown","unknown","unknown","future_standard","KRWUSD","SGX","Interactive Brokers Securities Japan Inc.","","unknown","unknown","unknown","true","true","unknown","Venue-specific. JPY-denominated SGX futures are explicitly referenced in IBSJ trading rules.","","","","","","unknown","","","","","","","unknown","unknown","","","","B","EVD-P04-0001;EVD-P04-0002;EVD-P04-0003;EVD-P04-0004;EVD-P04-0005;EVD-P04-0006;EVD-P04-0007;EVD-P04-0008;EVD-P04-0009;EVD-P04-0010;EVD-P04-0011;EVD-P04-0012;EVD-P04-0013;EVD-P04-0015;EVD-P04-0018","pending_evidence","Broker-level API and paper environment verified; symbol-level eligibility, margin, contract spec, and data entitlements still require product-level evidence.","","","","","pending","Broker-side evidence is stronger for JPY-denominated SGX contracts than for all SGX symbols.","2026-08-02T13:53:07.1831656+09:00","2026-08-02T13:53:07.1831656+09:00"
"CAN-EXP-FX-G10-USDJPY-SGX-FUTURE-STANDARD-SGX-USDJPY-IBSJ","EXP-FX-G10-USDJPY-SGX","VEH-FUTURE-STANDARD-SGX-USDJPY","米ドル円","USD/JPY","fx","fx_g10","unknown","unknown","unknown","future_standard","USDJPY","SGX","Interactive Brokers Securities Japan Inc.","","unknown","unknown","unknown","true","true","unknown","Venue-specific. JPY-denominated SGX futures are explicitly referenced in IBSJ trading rules.","","","","","","unknown","","","","","","","unknown","unknown","","","","B","EVD-P04-0001;EVD-P04-0002;EVD-P04-0003;EVD-P04-0004;EVD-P04-0005;EVD-P04-0006;EVD-P04-0007;EVD-P04-0008;EVD-P04-0009;EVD-P04-0010;EVD-P04-0011;EVD-P04-0012;EVD-P04-0013;EVD-P04-0015;EVD-P04-0018","pending_evidence","Broker-level API and paper environment verified; symbol-level eligibility, margin, contract spec, and data entitlements still require product-level evidence.","","","","","pending","Broker-side evidence is stronger for JPY-denominated SGX contracts than for all SGX symbols.","2026-08-02T13:53:07.1831656+09:00","2026-08-02T13:53:07.1831656+09:00"
"CAN-EXP-FX-EM-USDCNH-SGX-FUTURE-STANDARD-SGX-USDCNH-IBSJ","EXP-FX-EM-USDCNH-SGX","VEH-FUTURE-STANDARD-SGX-USDCNH","米ドル人民元","USD/CNH","fx","fx_em","unknown","unknown","unknown","future_standard","USDCNH","SGX","Interactive Brokers Securities Japan Inc.","","unknown","unknown","unknown","true","true","unknown","Venue-specific. JPY-denominated SGX futures are explicitly referenced in IBSJ trading rules.","","","","","","unknown","","","","","","","unknown","unknown","","","","B","EVD-P04-0001;EVD-P04-0002;EVD-P04-0003;EVD-P04-0004;EVD-P04-0005;EVD-P04-0006;EVD-P04-0007;EVD-P04-0008;EVD-P04-0009;EVD-P04-0010;EVD-P04-0011;EVD-P04-0012;EVD-P04-0013;EVD-P04-0015;EVD-P04-0018","pending_evidence","Broker-level API and paper environment verified; symbol-level eligibility, margin, contract spec, and data entitlements still require product-level evidence.","","","","","pending","Broker-side evidence is stronger for JPY-denominated SGX contracts than for all SGX symbols.","2026-08-02T13:53:07.1831656+09:00","2026-08-02T13:53:07.1831656+09:00"
"CAN-EXP-VOL-US-VIX-FUTURE-STANDARD-CFE-VX-IBSJ","EXP-VOL-US-VIX","VEH-FUTURE-STANDARD-CFE-VX","VIX指数","Cboe Volatility Index","volatility","vol_equity","unknown","unknown","unknown","future_standard","VX","CFE","Interactive Brokers Securities Japan Inc.","","unknown","unknown","unknown","true","true","unknown","Venue-specific; VIX fee evidence found, product-level session verification pending.","","","","","","unknown","","","","","","","unknown","unknown","","","","B","EVD-P04-0001;EVD-P04-0002;EVD-P04-0003;EVD-P04-0004;EVD-P04-0005;EVD-P04-0006;EVD-P04-0007;EVD-P04-0008;EVD-P04-0009;EVD-P04-0010;EVD-P04-0011;EVD-P04-0012;EVD-P04-0013;EVD-P04-0021","pending_evidence","Broker-level API and paper environment verified; symbol-level eligibility, margin, contract spec, and data entitlements still require product-level evidence.","","","","","pending","VIX support verified by fee evidence. Other volatility contracts remain partially evidenced.","2026-08-02T13:53:07.1831656+09:00","2026-08-02T13:53:07.1831656+09:00"
"CAN-EXP-VOL-US-VIXWEEKLY-FUTURE-STANDARD-CFE-VXW-IBSJ","EXP-VOL-US-VIXWEEKLY","VEH-FUTURE-STANDARD-CFE-VXW","VIX週次先物","VIX Weekly Futures","volatility","vol_equity","unknown","unknown","unknown","future_standard","VXW","CFE","Interactive Brokers Securities Japan Inc.","","unknown","unknown","unknown","true","true","unknown","Venue-specific; VIX fee evidence found, product-level session verification pending.","","","","","","unknown","","","","","","","unknown","unknown","","","","B","EVD-P04-0001;EVD-P04-0002;EVD-P04-0003;EVD-P04-0004;EVD-P04-0005;EVD-P04-0006;EVD-P04-0007;EVD-P04-0008;EVD-P04-0009;EVD-P04-0010;EVD-P04-0011;EVD-P04-0012;EVD-P04-0013;EVD-P04-0021","pending_evidence","Broker-level API and paper environment verified; symbol-level eligibility, margin, contract spec, and data entitlements still require product-level evidence.","","","","","pending","VIX support verified by fee evidence. Other volatility contracts remain partially evidenced.","2026-08-02T13:53:07.1831656+09:00","2026-08-02T13:53:07.1831656+09:00"
"CAN-EXP-POWER-NORDIC-BASE-FUTURE-STANDARD-NASDAQ-NORDICPOWER-IBSJ","EXP-POWER-NORDIC-BASE","VEH-FUTURE-STANDARD-NASDAQ-NORDICPOWER","北欧電力","Nordic Power","environmental_power","environmental_power","unknown","unknown","unknown","future_standard","NORDICPOWER","NASDAQ","Interactive Brokers Securities Japan Inc.","","unknown","unknown","unknown","true","true","unknown","Pending executable venue verification.","","","","","","unknown","","","","","","","unknown","unknown","","","","C","EVD-P04-0001;EVD-P04-0002;EVD-P04-0003;EVD-P04-0004;EVD-P04-0005;EVD-P04-0006;EVD-P04-0007;EVD-P04-0008;EVD-P04-0009;EVD-P04-0010;EVD-P04-0011;EVD-P04-0012","research_only","Executable broker/venue mapping not verified. Treat as research-only discovery until tradable venue is identified.","","","","","research_only","Current NASDAQ rows are not treated as tradable venue candidates in P04.","2026-08-02T13:53:07.1831656+09:00","2026-08-02T13:53:07.1831656+09:00"
"CAN-EXP-ENV-EU-EUA-NASDAQ-FUTURE-STANDARD-NASDAQ-EUA-IBSJ","EXP-ENV-EU-EUA-NASDAQ","VEH-FUTURE-STANDARD-NASDAQ-EUA","EU排出権Nasdaq","EU Allowance Nasdaq","environmental_power","environmental_carbon","unknown","unknown","unknown","future_standard","EUA","NASDAQ","Interactive Brokers Securities Japan Inc.","","unknown","unknown","unknown","true","true","unknown","Pending executable venue verification.","","","","","","unknown","","","","","","","unknown","unknown","","","","C","EVD-P04-0001;EVD-P04-0002;EVD-P04-0003;EVD-P04-0004;EVD-P04-0005;EVD-P04-0006;EVD-P04-0007;EVD-P04-0008;EVD-P04-0009;EVD-P04-0010;EVD-P04-0011;EVD-P04-0012","research_only","Executable broker/venue mapping not verified. Treat as research-only discovery until tradable venue is identified.","","","","","research_only","Current NASDAQ rows are not treated as tradable venue candidates in P04.","2026-08-02T13:53:07.1831656+09:00","2026-08-02T13:53:07.1831656+09:00"
"CAN-EXP-ENERGY-EU-NATGAS-NASDAQ-FUTURE-STANDARD-NASDAQ-EUNATGAS-IBSJ","EXP-ENERGY-EU-NATGAS-NASDAQ","VEH-FUTURE-STANDARD-NASDAQ-EUNATGAS","欧州天然ガスNasdaq","European Natural Gas Nasdaq","energy","energy_gas","unknown","unknown","unknown","future_standard","EUNATGAS","NASDAQ","Interactive Brokers Securities Japan Inc.","","unknown","unknown","unknown","true","true","unknown","Pending executable venue verification.","","","","","","unknown","","","","","","","unknown","unknown","","","","C","EVD-P04-0001;EVD-P04-0002;EVD-P04-0003;EVD-P04-0004;EVD-P04-0005;EVD-P04-0006;EVD-P04-0007;EVD-P04-0008;EVD-P04-0009;EVD-P04-0010;EVD-P04-0011;EVD-P04-0012","research_only","Executable broker/venue mapping not verified. Treat as research-only discovery until tradable venue is identified.","","","","","research_only","Current NASDAQ rows are not treated as tradable venue candidates in P04.","2026-08-02T13:53:07.1831656+09:00","2026-08-02T13:53:07.1831656+09:00"
"CAN-EXP-POWER-UK-POWER-FUTURE-STANDARD-NASDAQ-UKPOWER-IBSJ","EXP-POWER-UK-POWER","VEH-FUTURE-STANDARD-NASDAQ-UKPOWER","英国電力","UK Power","environmental_power","environmental_power","unknown","unknown","unknown","future_standard","UKPOWER","NASDAQ","Interactive Brokers Securities Japan Inc.","","unknown","unknown","unknown","true","true","unknown","Pending executable venue verification.","","","","","","unknown","","","","","","","unknown","unknown","","","","C","EVD-P04-0001;EVD-P04-0002;EVD-P04-0003;EVD-P04-0004;EVD-P04-0005;EVD-P04-0006;EVD-P04-0007;EVD-P04-0008;EVD-P04-0009;EVD-P04-0010;EVD-P04-0011;EVD-P04-0012","research_only","Executable broker/venue mapping not verified. Treat as research-only discovery until tradable venue is identified.","","","","","research_only","Current NASDAQ rows are not treated as tradable venue candidates in P04.","2026-08-02T13:53:07.1831656+09:00","2026-08-02T13:53:07.1831656+09:00"
"CAN-EXP-POWER-DE-POWER-FUTURE-STANDARD-NASDAQ-DEPOWER-IBSJ","EXP-POWER-DE-POWER","VEH-FUTURE-STANDARD-NASDAQ-DEPOWER","ドイツ電力","German Power","environmental_power","environmental_power","unknown","unknown","unknown","future_standard","DEPOWER","NASDAQ","Interactive Brokers Securities Japan Inc.","","unknown","unknown","unknown","true","true","unknown","Pending executable venue verification.","","","","","","unknown","","","","","","","unknown","unknown","","","","C","EVD-P04-0001;EVD-P04-0002;EVD-P04-0003;EVD-P04-0004;EVD-P04-0005;EVD-P04-0006;EVD-P04-0007;EVD-P04-0008;EVD-P04-0009;EVD-P04-0010;EVD-P04-0011;EVD-P04-0012","research_only","Executable broker/venue mapping not verified. Treat as research-only discovery until tradable venue is identified.","","","","","research_only","Current NASDAQ rows are not treated as tradable venue candidates in P04.","2026-08-02T13:53:07.1831656+09:00","2026-08-02T13:53:07.1831656+09:00"
