timestamp,open,high,low,close,volume
2026-07-01 00:00:00+00:00,0.6903,0.6903,0.6903,0.6903,2
2026-07-01 00:01:00+00:00,0.6903,0.6904,0.6903,0.6903,6
2026-07-01 00:03:00+00:00,0.6903,0.6903,0.6903,0.6903,4
2026-07-01 00:04:00+00:00,0.6904,0.6904,0.6904,0.6904,1
2026-07-01 00:05:00+00:00,0.6904,0.6904,0.6904,0.6904,7
2026-07-01 00:07:00+00:00,0.6904,0.6904,0.6904,0.6904,1
2026-07-01 00:08:00+00:00,0.6903,0.6903,0.6903,0.6903,1
2026-07-01 00:09:00+00:00,0.6904,0.6904,0.6904,0.6904,3
2026-07-01 00:11:00+00:00,0.6904,0.6904,0.6904,0.6904,1
2026-07-01 00:13:00+00:00,0.6903,0.6903,0.6903,0.6903,5
2026-07-01 00:15:00+00:00,0.6903,0.6903,0.6901,0.6901,5
2026-07-01 00:16:00+00:00,0.6901,0.6901,0.69,0.69,8
2026-07-01 00:18:00+00:00,0.69,0.69,0.69,0.69,7
2026-07-01 00:19:00+00:00,0.69,0.69,0.69,0.69,3
2026-07-01 00:20:00+00:00,0.69,0.69,0.69,0.69,2
2026-07-01 00:22:00+00:00,0.6899,0.6899,0.6898,0.6898,7
2026-07-01 00:23:00+00:00,0.6898,0.6898,0.6898,0.6898,1
2026-07-01 00:24:00+00:00,0.6899,0.6899,0.6899,0.6899,1
2026-07-01 00:25:00+00:00,0.6899,0.6899,0.6899,0.6899,1
2026-07-01 00:26:00+00:00,0.6897,0.6897,0.6896,0.6896,4
2026-07-01 00:27:00+00:00,0.6897,0.6898,0.6897,0.6898,3
2026-07-01 00:28:00+00:00,0.6898,0.6898,0.6898,0.6898,1
2026-07-01 00:29:00+00:00,0.6897,0.6897,0.6897,0.6897,16
2026-07-01 00:32:00+00:00,0.6899,0.6899,0.6899,0.6899,2
2026-07-01 00:33:00+00:00,0.69,0.69,0.69,0.69,1
2026-07-01 00:35:00+00:00,0.6898,0.6898,0.6897,0.6897,24
2026-07-01 00:37:00+00:00,0.6897,0.6897,0.6897,0.6897,1
2026-07-01 00:40:00+00:00,0.6898,0.6898,0.6898,0.6898,1
2026-07-01 00:41:00+00:00,0.6897,0.6897,0.6896,0.6896,4
2026-07-01 00:44:00+00:00,0.6894,0.6894,0.6894,0.6894,2
2026-07-01 00:45:00+00:00,0.6894,0.6894,0.6894,0.6894,111
2026-07-01 00:46:00+00:00,0.6894,0.6895,0.6894,0.6895,4
2026-07-01 00:47:00+00:00,0.6894,0.6894,0.6893,0.6893,9
2026-07-01 00:48:00+00:00,0.6892,0.6893,0.6892,0.6893,10
2026-07-01 00:49:00+00:00,0.6893,0.6893,0.6893,0.6893,2
2026-07-01 00:50:00+00:00,0.6893,0.6893,0.6892,0.6893,46
2026-07-01 00:51:00+00:00,0.6894,0.6894,0.6894,0.6894,1
2026-07-01 00:52:00+00:00,0.6893,0.6893,0.6893,0.6893,1
2026-07-01 00:53:00+00:00,0.6894,0.6894,0.6894,0.6894,1
2026-07-01 00:54:00+00:00,0.6894,0.6894,0.6893,0.6893,45
2026-07-01 00:56:00+00:00,0.6893,0.6893,0.6893,0.6893,5
2026-07-01 00:57:00+00:00,0.6893,0.6893,0.6893,0.6893,4
2026-07-01 00:58:00+00:00,0.6893,0.6893,0.6893,0.6893,5
2026-07-01 01:00:00+00:00,0.6892,0.6892,0.6892,0.6892,6
2026-07-01 01:02:00+00:00,0.6892,0.6892,0.6892,0.6892,1
2026-07-01 01:03:00+00:00,0.6891,0.6892,0.689,0.6891,26
2026-07-01 01:04:00+00:00,0.6891,0.6891,0.6891,0.6891,9
2026-07-01 01:05:00+00:00,0.6891,0.6891,0.6891,0.6891,8
2026-07-01 01:06:00+00:00,0.6891,0.6891,0.689,0.689,2
2026-07-01 01:07:00+00:00,0.689,0.689,0.689,0.689,23
2026-07-01 01:08:00+00:00,0.6889,0.6889,0.6889,0.6889,7
2026-07-01 01:09:00+00:00,0.6889,0.689,0.6888,0.6888,3
2026-07-01 01:11:00+00:00,0.6888,0.6888,0.6888,0.6888,3
2026-07-01 01:12:00+00:00,0.6888,0.6888,0.6887,0.6887,9
2026-07-01 01:13:00+00:00,0.6887,0.6887,0.6886,0.6887,5
2026-07-01 01:13:00+00:00,0.6877,0.6877,0.6877,0.6877,4
2026-07-01 01:14:00+00:00,0.6887,0.6887,0.6887,0.6887,3
2026-07-01 01:15:00+00:00,0.6888,0.6889,0.6888,0.6889,9
2026-07-01 01:16:00+00:00,0.6888,0.6888,0.6888,0.6888,2
2026-07-01 01:17:00+00:00,0.6886,0.6886,0.6885,0.6885,19
2026-07-01 01:18:00+00:00,0.6886,0.6886,0.6886,0.6886,2
2026-07-01 01:19:00+00:00,0.6887,0.6887,0.6887,0.6887,2
2026-07-01 01:20:00+00:00,0.6887,0.6887,0.6887,0.6887,5
2026-07-01 01:22:00+00:00,0.6877,0.6877,0.6877,0.6877,1
2026-07-01 01:22:00+00:00,0.6887,0.6887,0.6887,0.6887,8
2026-07-01 01:23:00+00:00,0.6888,0.6888,0.6888,0.6888,25
2026-07-01 01:24:00+00:00,0.6889,0.6889,0.6888,0.6888,6
2026-07-01 01:25:00+00:00,0.6887,0.6887,0.6887,0.6887,9
2026-07-01 01:26:00+00:00,0.6887,0.6889,0.6887,0.6889,2
2026-07-01 01:27:00+00:00,0.6887,0.6887,0.6887,0.6887,3
2026-07-01 01:29:00+00:00,0.6887,0.6887,0.6887,0.6887,1
2026-07-01 01:30:00+00:00,0.6887,0.6887,0.6887,0.6887,1
2026-07-01 01:33:00+00:00,0.6885,0.6885,0.6885,0.6885,1
2026-07-01 01:34:00+00:00,0.6885,0.6887,0.6885,0.6887,10
2026-07-01 01:36:00+00:00,0.6886,0.6887,0.6886,0.6887,2
2026-07-01 01:37:00+00:00,0.6886,0.6886,0.6885,0.6885,6
2026-07-01 01:40:00+00:00,0.6885,0.6885,0.6885,0.6885,1
2026-07-01 01:41:00+00:00,0.6885,0.6885,0.6885,0.6885,1
2026-07-01 01:42:00+00:00,0.6884,0.6884,0.6883,0.6883,2
2026-07-01 01:44:00+00:00,0.6885,0.6886,0.6885,0.6886,9
2026-07-01 01:45:00+00:00,0.6885,0.6885,0.6885,0.6885,19
2026-07-01 01:46:00+00:00,0.6885,0.6885,0.6885,0.6885,1
2026-07-01 01:48:00+00:00,0.6883,0.6883,0.6881,0.6881,10
2026-07-01 01:51:00+00:00,0.6881,0.6881,0.6881,0.6881,3
2026-07-01 01:52:00+00:00,0.6881,0.6881,0.6881,0.6881,1
2026-07-01 01:54:00+00:00,0.6881,0.6881,0.6879,0.6879,21
2026-07-01 01:55:00+00:00,0.6881,0.6881,0.6881,0.6881,1
2026-07-01 01:56:00+00:00,0.6882,0.6882,0.6881,0.6881,24
2026-07-01 01:58:00+00:00,0.6881,0.6881,0.6881,0.6881,1
2026-07-01 02:00:00+00:00,0.6882,0.6882,0.6882,0.6882,2
2026-07-01 02:04:00+00:00,0.6881,0.6881,0.688,0.688,27
2026-07-01 02:04:00+00:00,0.687,0.687,0.687,0.687,1
2026-07-01 02:05:00+00:00,0.6879,0.688,0.6877,0.6877,10
2026-07-01 02:06:00+00:00,0.6877,0.6877,0.6877,0.6877,2
2026-07-01 02:07:00+00:00,0.6877,0.6877,0.6877,0.6877,4
2026-07-01 02:08:00+00:00,0.6877,0.6877,0.6877,0.6877,1
2026-07-01 02:09:00+00:00,0.6876,0.6876,0.6875,0.6875,3
2026-07-01 02:10:00+00:00,0.6875,0.6875,0.6875,0.6875,13
2026-07-01 02:12:00+00:00,0.6874,0.6874,0.6873,0.6874,6
2026-07-01 02:13:00+00:00,0.6875,0.6875,0.6875,0.6875,2
2026-07-01 02:14:00+00:00,0.6877,0.6877,0.6877,0.6877,1
2026-07-01 02:18:00+00:00,0.6878,0.6878,0.6878,0.6878,1
2026-07-01 02:19:00+00:00,0.6879,0.6879,0.6878,0.6878,3
2026-07-01 02:20:00+00:00,0.6878,0.6878,0.6878,0.6878,10
2026-07-01 02:21:00+00:00,0.6879,0.6879,0.6879,0.6879,2
2026-07-01 02:22:00+00:00,0.6879,0.6879,0.6879,0.6879,1
2026-07-01 02:25:00+00:00,0.6878,0.6878,0.6878,0.6878,1
2026-07-01 02:26:00+00:00,0.6879,0.6879,0.6879,0.6879,1
2026-07-01 02:27:00+00:00,0.6879,0.6879,0.6879,0.6879,1
2026-07-01 02:29:00+00:00,0.6878,0.6878,0.6878,0.6878,3
2026-07-01 02:34:00+00:00,0.688,0.688,0.6879,0.6879,6
2026-07-01 02:35:00+00:00,0.6879,0.6879,0.6879,0.6879,5
2026-07-01 02:37:00+00:00,0.6881,0.6881,0.6881,0.6881,21
2026-07-01 02:39:00+00:00,0.6881,0.6881,0.6881,0.6881,22
2026-07-01 02:41:00+00:00,0.6881,0.6881,0.6881,0.6881,18
2026-07-01 02:42:00+00:00,0.6882,0.6883,0.6882,0.6882,4
2026-07-01 02:43:00+00:00,0.6882,0.6884,0.6882,0.6883,7
2026-07-01 02:46:00+00:00,0.6884,0.6884,0.6883,0.6883,2
2026-07-01 02:47:00+00:00,0.6883,0.6883,0.6883,0.6883,3
2026-07-01 02:48:00+00:00,0.6883,0.6883,0.6882,0.6882,3
2026-07-01 02:49:00+00:00,0.6882,0.6882,0.6882,0.6882,1
2026-07-01 02:52:00+00:00,0.6882,0.6882,0.6882,0.6882,4
2026-07-01 02:56:00+00:00,0.6882,0.6882,0.6882,0.6882,1
2026-07-01 02:57:00+00:00,0.6882,0.6882,0.6882,0.6882,1
2026-07-01 02:58:00+00:00,0.6881,0.6881,0.6881,0.6881,4
2026-07-01 02:59:00+00:00,0.688,0.688,0.688,0.688,3
2026-07-01 03:00:00+00:00,0.688,0.688,0.688,0.688,1
2026-07-01 03:02:00+00:00,0.6879,0.6879,0.6878,0.6878,2
2026-07-01 03:05:00+00:00,0.6881,0.6881,0.6881,0.6881,1
2026-07-01 03:06:00+00:00,0.6881,0.6881,0.6881,0.6881,3
2026-07-01 03:07:00+00:00,0.6882,0.6882,0.6882,0.6882,7
2026-07-01 03:08:00+00:00,0.6883,0.6883,0.6883,0.6883,1
2026-07-01 03:09:00+00:00,0.6882,0.6882,0.6882,0.6882,7
2026-07-01 03:10:00+00:00,0.6882,0.6882,0.6882,0.6882,6
2026-07-01 03:13:00+00:00,0.6883,0.6883,0.6882,0.6882,2
2026-07-01 03:14:00+00:00,0.6882,0.6882,0.6882,0.6882,1
2026-07-01 03:17:00+00:00,0.6882,0.6882,0.6881,0.6881,6
2026-07-01 03:18:00+00:00,0.688,0.688,0.688,0.688,4
2026-07-01 03:29:00+00:00,0.6879,0.6879,0.6879,0.6879,2
2026-07-01 03:30:00+00:00,0.6881,0.6881,0.6881,0.6881,3
2026-07-01 03:34:00+00:00,0.6879,0.6879,0.6879,0.6879,1
2026-07-01 03:35:00+00:00,0.6879,0.6879,0.6879,0.6879,1
2026-07-01 03:36:00+00:00,0.688,0.688,0.688,0.688,2
2026-07-01 03:37:00+00:00,0.6881,0.6881,0.6881,0.6881,3
2026-07-01 03:38:00+00:00,0.6881,0.6881,0.6881,0.6881,1
2026-07-01 03:39:00+00:00,0.6881,0.6881,0.6881,0.6881,1
2026-07-01 03:40:00+00:00,0.6881,0.6881,0.6881,0.6881,1
2026-07-01 03:41:00+00:00,0.6881,0.6881,0.6881,0.6881,1
2026-07-01 03:42:00+00:00,0.6881,0.6881,0.6881,0.6881,1
2026-07-01 03:43:00+00:00,0.6879,0.6879,0.6879,0.6879,1
2026-07-01 03:44:00+00:00,0.6878,0.6879,0.6878,0.6879,12
2026-07-01 03:55:00+00:00,0.688,0.688,0.688,0.688,1
2026-07-01 03:59:00+00:00,0.6882,0.6882,0.6882,0.6882,1
2026-07-01 04:00:00+00:00,0.6882,0.6882,0.6881,0.6881,18
2026-07-01 04:02:00+00:00,0.6881,0.6881,0.6881,0.6881,9
2026-07-01 04:03:00+00:00,0.688,0.688,0.688,0.688,20
2026-07-01 04:04:00+00:00,0.6879,0.6879,0.6879,0.6879,1
2026-07-01 04:07:00+00:00,0.688,0.688,0.688,0.688,1
2026-07-01 04:10:00+00:00,0.6879,0.6879,0.6879,0.6879,11
2026-07-01 04:14:00+00:00,0.6878,0.6878,0.6878,0.6878,21
2026-07-01 04:21:00+00:00,0.6877,0.6877,0.6877,0.6877,6
2026-07-01 04:22:00+00:00,0.6877,0.6877,0.6877,0.6877,1
2026-07-01 04:25:00+00:00,0.6877,0.6877,0.6877,0.6877,1
2026-07-01 04:27:00+00:00,0.6878,0.6878,0.6878,0.6878,2
2026-07-01 04:28:00+00:00,0.6878,0.6878,0.6878,0.6878,1
2026-07-01 04:30:00+00:00,0.6879,0.688,0.6879,0.688,12
2026-07-01 04:31:00+00:00,0.6881,0.6881,0.6881,0.6881,2
2026-07-01 04:33:00+00:00,0.688,0.688,0.688,0.688,2
2026-07-01 04:39:00+00:00,0.688,0.688,0.688,0.688,1
2026-07-01 04:46:00+00:00,0.6883,0.6883,0.6883,0.6883,2
2026-07-01 04:47:00+00:00,0.6884,0.6884,0.6884,0.6884,4
2026-07-01 04:49:00+00:00,0.6882,0.6882,0.6882,0.6882,1
2026-07-01 04:51:00+00:00,0.6884,0.6884,0.6884,0.6884,4
2026-07-01 04:53:00+00:00,0.6884,0.6884,0.6884,0.6884,1
2026-07-01 04:54:00+00:00,0.6885,0.6885,0.6885,0.6885,2
2026-07-01 04:56:00+00:00,0.6885,0.6885,0.6885,0.6885,1
2026-07-01 04:57:00+00:00,0.6884,0.6884,0.6884,0.6884,1
2026-07-01 04:58:00+00:00,0.6884,0.6884,0.6884,0.6884,3
2026-07-01 04:59:00+00:00,0.6883,0.6883,0.6883,0.6883,2
2026-07-01 05:02:00+00:00,0.6882,0.6882,0.6882,0.6882,1
2026-07-01 05:06:00+00:00,0.6885,0.6885,0.6885,0.6885,1
2026-07-01 05:07:00+00:00,0.6884,0.6884,0.6884,0.6884,9
2026-07-01 05:08:00+00:00,0.6884,0.6884,0.6884,0.6884,5
2026-07-01 05:12:00+00:00,0.6882,0.6883,0.6882,0.6883,6
2026-07-01 05:16:00+00:00,0.6882,0.6882,0.6882,0.6882,1
2026-07-01 05:17:00+00:00,0.6883,0.6883,0.6883,0.6883,1
2026-07-01 05:19:00+00:00,0.6884,0.6884,0.6884,0.6884,1
2026-07-01 05:23:00+00:00,0.6884,0.6884,0.6884,0.6884,1
2026-07-01 05:27:00+00:00,0.6885,0.6885,0.6885,0.6885,3
2026-07-01 05:28:00+00:00,0.6885,0.6885,0.6885,0.6885,1
2026-07-01 05:33:00+00:00,0.6886,0.6887,0.6886,0.6887,59
2026-07-01 05:34:00+00:00,0.6886,0.6886,0.6886,0.6886,4
2026-07-01 05:37:00+00:00,0.6886,0.6886,0.6886,0.6886,7
2026-07-01 05:39:00+00:00,0.6886,0.6886,0.6886,0.6886,1
2026-07-01 05:40:00+00:00,0.6876,0.6876,0.6876,0.6876,1
2026-07-01 05:42:00+00:00,0.6886,0.6886,0.6886,0.6886,4
2026-07-01 05:43:00+00:00,0.6887,0.6887,0.6887,0.6887,1
2026-07-01 05:45:00+00:00,0.6886,0.6886,0.6886,0.6886,2
2026-07-01 05:46:00+00:00,0.6886,0.6886,0.6886,0.6886,1
2026-07-01 05:47:00+00:00,0.6886,0.6886,0.6885,0.6885,3
2026-07-01 05:50:00+00:00,0.6885,0.6885,0.6885,0.6885,2
2026-07-01 05:51:00+00:00,0.6887,0.6887,0.6886,0.6886,2
2026-07-01 05:52:00+00:00,0.6887,0.6887,0.6887,0.6887,2
2026-07-01 05:53:00+00:00,0.6887,0.6887,0.6887,0.6887,5
2026-07-01 05:54:00+00:00,0.6886,0.6886,0.6886,0.6886,3
2026-07-01 05:55:00+00:00,0.6885,0.6885,0.6885,0.6885,8
2026-07-01 05:56:00+00:00,0.6885,0.6885,0.6884,0.6884,28
2026-07-01 05:57:00+00:00,0.6885,0.6885,0.6885,0.6885,2
2026-07-01 05:58:00+00:00,0.6885,0.6885,0.6885,0.6885,4
2026-07-01 05:59:00+00:00,0.6885,0.6885,0.6885,0.6885,1
2026-07-01 06:00:00+00:00,0.6885,0.6885,0.6885,0.6885,4
2026-07-01 06:09:00+00:00,0.6882,0.6882,0.6882,0.6882,2
2026-07-01 06:10:00+00:00,0.6881,0.6881,0.6881,0.6881,1
2026-07-01 06:11:00+00:00,0.6881,0.6881,0.6881,0.6881,8
2026-07-01 06:12:00+00:00,0.6881,0.6881,0.6881,0.6881,1
2026-07-01 06:13:00+00:00,0.688,0.688,0.688,0.688,7
2026-07-01 06:17:00+00:00,0.6881,0.6881,0.6881,0.6881,1
2026-07-01 06:19:00+00:00,0.6881,0.6881,0.6881,0.6881,31
2026-07-01 06:20:00+00:00,0.6881,0.6881,0.6881,0.6881,6
2026-07-01 06:22:00+00:00,0.688,0.688,0.688,0.688,5
2026-07-01 06:26:00+00:00,0.688,0.688,0.688,0.688,6
2026-07-01 06:27:00+00:00,0.688,0.688,0.688,0.688,1
2026-07-01 06:30:00+00:00,0.6881,0.6881,0.6881,0.6881,3
2026-07-01 06:35:00+00:00,0.6879,0.6879,0.6879,0.6879,10
2026-07-01 06:37:00+00:00,0.688,0.688,0.688,0.688,2
2026-07-01 06:41:00+00:00,0.6879,0.6879,0.6879,0.6879,3
2026-07-01 07:00:00+00:00,0.6883,0.6883,0.6883,0.6883,2
2026-07-01 07:01:00+00:00,0.688,0.688,0.688,0.688,1
2026-07-01 07:04:00+00:00,0.6882,0.6882,0.6882,0.6882,2
2026-07-01 07:07:00+00:00,0.688,0.688,0.688,0.688,1
2026-07-01 07:09:00+00:00,0.6882,0.6882,0.6882,0.6882,1
2026-07-01 07:11:00+00:00,0.688,0.688,0.688,0.688,2
2026-07-01 07:12:00+00:00,0.688,0.6881,0.688,0.6881,2
2026-07-01 07:14:00+00:00,0.6879,0.6879,0.6879,0.6879,1
2026-07-01 07:17:00+00:00,0.6878,0.6878,0.6876,0.6877,9
2026-07-01 07:18:00+00:00,0.6877,0.6877,0.6877,0.6877,2
2026-07-01 07:19:00+00:00,0.6878,0.6878,0.6878,0.6878,1
2026-07-01 07:21:00+00:00,0.6878,0.6879,0.6878,0.6879,6
2026-07-01 07:26:00+00:00,0.6879,0.6879,0.6879,0.6879,3
2026-07-01 07:29:00+00:00,0.6878,0.6878,0.6878,0.6878,2
2026-07-01 07:33:00+00:00,0.688,0.688,0.688,0.688,1
2026-07-01 07:36:00+00:00,0.688,0.6882,0.688,0.6882,11
2026-07-01 07:37:00+00:00,0.6882,0.6882,0.6882,0.6882,1
2026-07-01 07:43:00+00:00,0.688,0.688,0.6879,0.6879,7
2026-07-01 07:44:00+00:00,0.6879,0.6879,0.6879,0.6879,7
2026-07-01 07:45:00+00:00,0.6878,0.6878,0.6878,0.6878,5
2026-07-01 07:46:00+00:00,0.688,0.688,0.688,0.688,1
2026-07-01 07:48:00+00:00,0.688,0.688,0.688,0.688,1
2026-07-01 07:49:00+00:00,0.688,0.688,0.688,0.688,2
2026-07-01 07:54:00+00:00,0.6882,0.6882,0.6882,0.6882,1
2026-07-01 07:56:00+00:00,0.6883,0.6883,0.6883,0.6883,18
2026-07-01 07:57:00+00:00,0.6885,0.6885,0.6885,0.6885,2
2026-07-01 07:58:00+00:00,0.6885,0.6885,0.6885,0.6885,1
2026-07-01 08:00:00+00:00,0.6884,0.6884,0.6884,0.6884,7
2026-07-01 08:02:00+00:00,0.6882,0.6882,0.6882,0.6882,2
2026-07-01 08:04:00+00:00,0.6881,0.6881,0.6881,0.6881,1
2026-07-01 08:05:00+00:00,0.688,0.688,0.688,0.688,1
2026-07-01 08:06:00+00:00,0.6881,0.6881,0.6881,0.6881,1
2026-07-01 08:07:00+00:00,0.6881,0.6881,0.6881,0.6881,1
2026-07-01 08:11:00+00:00,0.6882,0.6882,0.6882,0.6882,1
2026-07-01 08:12:00+00:00,0.6882,0.6882,0.6882,0.6882,1
2026-07-01 08:17:00+00:00,0.6884,0.6884,0.6884,0.6884,2
2026-07-01 08:20:00+00:00,0.6884,0.6884,0.6884,0.6884,6
2026-07-01 08:22:00+00:00,0.6883,0.6883,0.6883,0.6883,1
2026-07-01 08:28:00+00:00,0.6883,0.6883,0.6883,0.6883,4
2026-07-01 08:36:00+00:00,0.6883,0.6883,0.6883,0.6883,10
2026-07-01 08:37:00+00:00,0.6884,0.6884,0.6884,0.6884,5
2026-07-01 08:40:00+00:00,0.6884,0.6884,0.6884,0.6884,1
2026-07-01 08:41:00+00:00,0.6884,0.6884,0.6884,0.6884,1
2026-07-01 08:51:00+00:00,0.6883,0.6883,0.6883,0.6883,3
2026-07-01 08:56:00+00:00,0.6884,0.6884,0.6884,0.6884,1
2026-07-01 08:57:00+00:00,0.6884,0.6884,0.6884,0.6884,5
2026-07-01 08:58:00+00:00,0.6883,0.6883,0.6883,0.6883,1
2026-07-01 09:01:00+00:00,0.6882,0.6882,0.6882,0.6882,1
2026-07-01 09:06:00+00:00,0.6883,0.6883,0.6883,0.6883,1
2026-07-01 09:08:00+00:00,0.6882,0.6882,0.6882,0.6882,2
2026-07-01 09:12:00+00:00,0.6882,0.6884,0.6882,0.6884,17
2026-07-01 09:20:00+00:00,0.6882,0.6882,0.6882,0.6882,4
2026-07-01 09:23:00+00:00,0.6883,0.6883,0.6883,0.6883,3
2026-07-01 09:32:00+00:00,0.6883,0.6883,0.6883,0.6883,1
2026-07-01 09:33:00+00:00,0.6882,0.6882,0.6882,0.6882,2
2026-07-01 09:43:00+00:00,0.6882,0.6882,0.6882,0.6882,1
2026-07-01 09:45:00+00:00,0.6882,0.6883,0.6882,0.6883,2
2026-07-01 09:54:00+00:00,0.6882,0.6882,0.6882,0.6882,1
2026-07-01 09:55:00+00:00,0.6882,0.6882,0.6882,0.6882,1
2026-07-01 09:58:00+00:00,0.6881,0.6881,0.6881,0.6881,2
2026-07-01 10:00:00+00:00,0.688,0.688,0.688,0.688,1
2026-07-01 10:01:00+00:00,0.688,0.688,0.688,0.688,3
2026-07-01 10:03:00+00:00,0.688,0.688,0.688,0.688,3
2026-07-01 10:04:00+00:00,0.688,0.688,0.688,0.688,5
2026-07-01 10:05:00+00:00,0.688,0.688,0.688,0.688,5
2026-07-01 10:07:00+00:00,0.688,0.688,0.688,0.688,1
2026-07-01 10:17:00+00:00,0.6883,0.6883,0.6882,0.6882,11
2026-07-01 10:20:00+00:00,0.6883,0.6883,0.6883,0.6883,10
2026-07-01 10:32:00+00:00,0.6885,0.6885,0.6885,0.6885,1
2026-07-01 10:34:00+00:00,0.6886,0.6886,0.6886,0.6886,1
2026-07-01 10:36:00+00:00,0.6886,0.6886,0.6886,0.6886,2
2026-07-01 10:37:00+00:00,0.6887,0.6887,0.6887,0.6887,1
2026-07-01 10:39:00+00:00,0.6887,0.6887,0.6887,0.6887,2
2026-07-01 10:40:00+00:00,0.6887,0.6887,0.6887,0.6887,4
2026-07-01 10:43:00+00:00,0.6886,0.6886,0.6885,0.6886,91
2026-07-01 10:44:00+00:00,0.6886,0.6886,0.6886,0.6886,5
2026-07-01 10:47:00+00:00,0.6888,0.6888,0.6888,0.6888,3
2026-07-01 10:49:00+00:00,0.6888,0.6888,0.6888,0.6888,16
2026-07-01 10:50:00+00:00,0.6888,0.689,0.6888,0.6889,79
2026-07-01 10:51:00+00:00,0.689,0.689,0.689,0.689,1
2026-07-01 10:52:00+00:00,0.689,0.689,0.689,0.689,3
2026-07-01 10:53:00+00:00,0.689,0.689,0.689,0.689,3
2026-07-01 10:56:00+00:00,0.689,0.689,0.689,0.689,1
2026-07-01 10:58:00+00:00,0.6889,0.6889,0.6889,0.6889,1
2026-07-01 11:00:00+00:00,0.6889,0.6889,0.6888,0.6888,8
2026-07-01 11:04:00+00:00,0.6888,0.6888,0.6888,0.6888,1
2026-07-01 11:05:00+00:00,0.6888,0.6888,0.6888,0.6888,10
2026-07-01 11:07:00+00:00,0.6887,0.6887,0.6887,0.6887,1
2026-07-01 11:10:00+00:00,0.6887,0.6887,0.6887,0.6887,4
2026-07-01 11:11:00+00:00,0.6888,0.6888,0.6888,0.6888,1
2026-07-01 11:13:00+00:00,0.6886,0.6887,0.6886,0.6887,3
2026-07-01 11:13:00+00:00,0.6875,0.688,0.6875,0.688,2
2026-07-01 11:17:00+00:00,0.6888,0.6888,0.6888,0.6888,1
2026-07-01 11:21:00+00:00,0.6888,0.6888,0.6888,0.6888,3
2026-07-01 11:23:00+00:00,0.6888,0.6888,0.6888,0.6888,1
2026-07-01 11:26:00+00:00,0.6888,0.6888,0.6888,0.6888,5
2026-07-01 11:28:00+00:00,0.6888,0.6888,0.6888,0.6888,5
2026-07-01 11:31:00+00:00,0.6887,0.6887,0.6887,0.6887,1
2026-07-01 11:32:00+00:00,0.6886,0.6886,0.6886,0.6886,3
2026-07-01 11:34:00+00:00,0.6886,0.6886,0.6886,0.6886,2
2026-07-01 11:37:00+00:00,0.6886,0.6887,0.6886,0.6887,4
2026-07-01 11:40:00+00:00,0.6886,0.6886,0.6886,0.6886,6
2026-07-01 11:43:00+00:00,0.6886,0.6886,0.6886,0.6886,1
2026-07-01 11:46:00+00:00,0.6886,0.6886,0.6886,0.6886,1
2026-07-01 11:47:00+00:00,0.6887,0.6887,0.6887,0.6887,1
2026-07-01 11:49:00+00:00,0.6886,0.6886,0.6886,0.6886,2
2026-07-01 11:51:00+00:00,0.6887,0.6887,0.6887,0.6887,1
2026-07-01 11:53:00+00:00,0.6886,0.6886,0.6886,0.6886,1
2026-07-01 11:54:00+00:00,0.6885,0.6885,0.6884,0.6884,14
2026-07-01 11:56:00+00:00,0.6885,0.6885,0.6884,0.6884,8
2026-07-01 11:57:00+00:00,0.6884,0.6884,0.6884,0.6884,16
2026-07-01 11:59:00+00:00,0.6884,0.6884,0.6884,0.6884,1
2026-07-01 12:01:00+00:00,0.6884,0.6884,0.6884,0.6884,1
2026-07-01 12:02:00+00:00,0.6883,0.6883,0.6883,0.6883,6
2026-07-01 12:04:00+00:00,0.6883,0.6883,0.6883,0.6883,1
2026-07-01 12:05:00+00:00,0.6882,0.6882,0.6882,0.6882,2
2026-07-01 12:06:00+00:00,0.6882,0.6882,0.6881,0.6881,13
2026-07-01 12:07:00+00:00,0.6882,0.6882,0.6882,0.6882,1
2026-07-01 12:09:00+00:00,0.6883,0.6883,0.6882,0.6882,5
2026-07-01 12:11:00+00:00,0.6882,0.6882,0.6881,0.6881,8
2026-07-01 12:12:00+00:00,0.6881,0.6881,0.6881,0.6881,1
2026-07-01 12:13:00+00:00,0.6883,0.6883,0.6883,0.6883,1
2026-07-01 12:18:00+00:00,0.6886,0.6886,0.6886,0.6886,5
2026-07-01 12:19:00+00:00,0.6887,0.6887,0.6887,0.6887,2
2026-07-01 12:22:00+00:00,0.6886,0.6887,0.6886,0.6887,9
2026-07-01 12:23:00+00:00,0.6887,0.6887,0.6887,0.6887,6
2026-07-01 12:26:00+00:00,0.6887,0.6887,0.6887,0.6887,5
2026-07-01 12:28:00+00:00,0.6886,0.6886,0.6886,0.6886,6
2026-07-01 12:30:00+00:00,0.6886,0.6886,0.6886,0.6886,1
2026-07-01 12:31:00+00:00,0.6887,0.6888,0.6887,0.6888,6
2026-07-01 12:32:00+00:00,0.6888,0.6888,0.6888,0.6888,2
2026-07-01 12:34:00+00:00,0.6885,0.6885,0.6885,0.6885,6
2026-07-01 12:36:00+00:00,0.6884,0.6884,0.6883,0.6883,2
2026-07-01 12:39:00+00:00,0.6882,0.6883,0.6882,0.6883,20
2026-07-01 12:40:00+00:00,0.6882,0.6883,0.6882,0.6882,7
2026-07-01 12:42:00+00:00,0.6883,0.6883,0.6883,0.6883,1
2026-07-01 12:43:00+00:00,0.6883,0.6883,0.6883,0.6883,1
2026-07-01 12:45:00+00:00,0.6883,0.6883,0.6883,0.6883,2
2026-07-01 12:47:00+00:00,0.6882,0.6882,0.6882,0.6882,19
2026-07-01 12:48:00+00:00,0.6882,0.6882,0.6882,0.6882,1
2026-07-01 12:50:00+00:00,0.6884,0.6884,0.6884,0.6884,1
2026-07-01 12:53:00+00:00,0.6883,0.6883,0.6883,0.6883,3
2026-07-01 12:55:00+00:00,0.6883,0.6883,0.6883,0.6883,1
2026-07-01 12:57:00+00:00,0.6883,0.6883,0.6883,0.6883,10
2026-07-01 12:58:00+00:00,0.6883,0.6883,0.6883,0.6883,9
2026-07-01 12:59:00+00:00,0.6883,0.6883,0.6883,0.6883,2
2026-07-01 13:02:00+00:00,0.6883,0.6883,0.6883,0.6883,9
2026-07-01 13:03:00+00:00,0.6884,0.6884,0.6884,0.6884,3
2026-07-01 13:04:00+00:00,0.6885,0.6885,0.6885,0.6885,3
2026-07-01 13:06:00+00:00,0.6883,0.6883,0.6883,0.6883,1
2026-07-01 13:07:00+00:00,0.6882,0.6882,0.6882,0.6882,1
2026-07-01 13:08:00+00:00,0.6881,0.6881,0.6879,0.6879,11
2026-07-01 13:09:00+00:00,0.688,0.688,0.688,0.688,36
2026-07-01 13:10:00+00:00,0.688,0.688,0.6878,0.6878,21
2026-07-01 13:11:00+00:00,0.6878,0.6879,0.6878,0.6879,5
2026-07-01 13:13:00+00:00,0.6877,0.6877,0.6876,0.6876,11
2026-07-01 13:15:00+00:00,0.6877,0.6877,0.6877,0.6877,13
2026-07-01 13:16:00+00:00,0.6876,0.6876,0.6876,0.6876,1
2026-07-01 13:17:00+00:00,0.6879,0.6883,0.6879,0.6883,12
2026-07-01 13:18:00+00:00,0.6883,0.6883,0.6883,0.6883,6
2026-07-01 13:19:00+00:00,0.6882,0.6882,0.6882,0.6882,16
2026-07-01 13:20:00+00:00,0.6883,0.6883,0.6883,0.6883,1
2026-07-01 13:21:00+00:00,0.6883,0.6885,0.6883,0.6885,4
2026-07-01 13:22:00+00:00,0.6886,0.6889,0.6886,0.6888,18
2026-07-01 13:23:00+00:00,0.6889,0.6889,0.6888,0.6888,18
2026-07-01 13:24:00+00:00,0.6889,0.689,0.6889,0.689,4
2026-07-01 13:25:00+00:00,0.6888,0.6888,0.6887,0.6887,6
2026-07-01 13:26:00+00:00,0.6887,0.6889,0.6887,0.6889,4
2026-07-01 13:27:00+00:00,0.6889,0.6891,0.6889,0.6891,16
2026-07-01 13:28:00+00:00,0.6891,0.6892,0.6891,0.6891,11
2026-07-01 13:29:00+00:00,0.6889,0.6891,0.6885,0.6891,60
2026-07-01 13:30:00+00:00,0.6892,0.6894,0.6888,0.6888,120
2026-07-01 13:31:00+00:00,0.689,0.6893,0.689,0.6892,16
2026-07-01 13:32:00+00:00,0.6892,0.6893,0.6891,0.6891,27
2026-07-01 13:33:00+00:00,0.6892,0.6892,0.6892,0.6892,2
2026-07-01 13:35:00+00:00,0.6891,0.6891,0.6891,0.6891,16
2026-07-01 13:38:00+00:00,0.6892,0.6895,0.6892,0.6895,75
2026-07-01 13:39:00+00:00,0.6894,0.6894,0.6894,0.6894,12
2026-07-01 13:40:00+00:00,0.6891,0.6893,0.6891,0.6893,3
2026-07-01 13:41:00+00:00,0.6894,0.6898,0.6894,0.6898,16
2026-07-01 13:42:00+00:00,0.6897,0.6899,0.6897,0.6898,22
2026-07-01 13:43:00+00:00,0.6899,0.6901,0.6899,0.6901,10
2026-07-01 13:44:00+00:00,0.6902,0.6903,0.6901,0.6903,5
2026-07-01 13:45:00+00:00,0.6903,0.6906,0.6903,0.6905,26
2026-07-01 13:46:00+00:00,0.6906,0.6906,0.6905,0.6905,3
2026-07-01 13:47:00+00:00,0.6905,0.6905,0.6901,0.6901,4
2026-07-01 13:48:00+00:00,0.6902,0.6904,0.6901,0.6904,19
2026-07-01 13:49:00+00:00,0.6902,0.6902,0.6902,0.6902,5
2026-07-01 13:50:00+00:00,0.6902,0.6902,0.6902,0.6902,5
2026-07-01 13:51:00+00:00,0.6899,0.69,0.6899,0.69,7
2026-07-01 13:52:00+00:00,0.6899,0.6899,0.6899,0.6899,4
2026-07-01 13:53:00+00:00,0.6899,0.6899,0.6898,0.6898,4
2026-07-01 13:54:00+00:00,0.6897,0.6897,0.6897,0.6897,1
2026-07-01 13:55:00+00:00,0.6897,0.6897,0.6897,0.6897,5
2026-07-01 13:56:00+00:00,0.6897,0.6897,0.6897,0.6897,8
2026-07-01 13:57:00+00:00,0.6896,0.6896,0.6896,0.6896,7
2026-07-01 13:58:00+00:00,0.6896,0.6896,0.6892,0.6894,22
2026-07-01 13:59:00+00:00,0.6894,0.6894,0.6894,0.6894,2
2026-07-01 14:00:00+00:00,0.6896,0.6899,0.6896,0.6898,5
2026-07-01 14:02:00+00:00,0.6893,0.6893,0.6893,0.6893,2
2026-07-01 14:03:00+00:00,0.6892,0.6892,0.6892,0.6892,1
2026-07-01 14:04:00+00:00,0.6892,0.6892,0.6892,0.6892,1
2026-07-01 14:05:00+00:00,0.6893,0.6893,0.6893,0.6893,17
2026-07-01 14:06:00+00:00,0.6894,0.6896,0.6894,0.6895,19
2026-07-01 14:07:00+00:00,0.6896,0.6896,0.6896,0.6896,1
2026-07-01 14:09:00+00:00,0.6897,0.6897,0.6897,0.6897,1
2026-07-01 14:10:00+00:00,0.69,0.6901,0.69,0.6901,8
2026-07-01 14:11:00+00:00,0.69,0.6901,0.69,0.69,24
2026-07-01 14:12:00+00:00,0.69,0.69,0.69,0.69,5
2026-07-01 14:13:00+00:00,0.69,0.69,0.69,0.69,8
2026-07-01 14:14:00+00:00,0.69,0.69,0.6899,0.6899,7
2026-07-01 14:15:00+00:00,0.6897,0.6897,0.6897,0.6897,1
2026-07-01 14:16:00+00:00,0.6897,0.6898,0.6897,0.6898,84
2026-07-01 14:17:00+00:00,0.6898,0.6898,0.6898,0.6898,2
2026-07-01 14:18:00+00:00,0.6899,0.6899,0.6898,0.6899,5
2026-07-01 14:20:00+00:00,0.6899,0.6899,0.6899,0.6899,19
2026-07-01 14:22:00+00:00,0.6899,0.6899,0.6898,0.6898,19
2026-07-01 14:23:00+00:00,0.6899,0.6899,0.6899,0.6899,12
2026-07-01 14:24:00+00:00,0.6899,0.69,0.6898,0.6898,40
2026-07-01 14:25:00+00:00,0.6898,0.6898,0.6897,0.6897,2
2026-07-01 14:26:00+00:00,0.6897,0.6897,0.6897,0.6897,1
2026-07-01 14:27:00+00:00,0.6897,0.6897,0.6897,0.6897,2
2026-07-01 14:28:00+00:00,0.6897,0.6897,0.6894,0.6894,9
2026-07-01 14:29:00+00:00,0.6896,0.6896,0.6895,0.6895,10
2026-07-01 14:31:00+00:00,0.6896,0.6896,0.6896,0.6896,1
2026-07-01 14:33:00+00:00,0.6894,0.6897,0.6894,0.6897,6
2026-07-01 14:34:00+00:00,0.6897,0.69,0.6897,0.69,16
2026-07-01 14:35:00+00:00,0.69,0.69,0.6899,0.6899,9
2026-07-01 14:36:00+00:00,0.69,0.69,0.69,0.69,1
2026-07-01 14:37:00+00:00,0.6901,0.6901,0.6901,0.6901,4
2026-07-01 14:39:00+00:00,0.6898,0.6898,0.6897,0.6897,7
2026-07-01 14:41:00+00:00,0.6898,0.6898,0.6898,0.6898,1
2026-07-01 14:43:00+00:00,0.6897,0.6897,0.6897,0.6897,3
2026-07-01 14:44:00+00:00,0.6896,0.6896,0.6894,0.6894,6
2026-07-01 14:45:00+00:00,0.6895,0.6895,0.6892,0.6892,26
2026-07-01 14:46:00+00:00,0.6893,0.6893,0.6893,0.6893,1
2026-07-01 14:47:00+00:00,0.6893,0.6893,0.6892,0.6892,10
2026-07-01 14:48:00+00:00,0.6891,0.6891,0.6889,0.6889,17
2026-07-01 14:49:00+00:00,0.689,0.689,0.6888,0.6889,19
2026-07-01 14:50:00+00:00,0.6888,0.6888,0.6888,0.6888,6
2026-07-01 14:51:00+00:00,0.6889,0.6889,0.6889,0.6889,5
2026-07-01 14:52:00+00:00,0.6888,0.6889,0.6888,0.6889,10
2026-07-01 14:53:00+00:00,0.6888,0.6889,0.6888,0.6889,9
2026-07-01 14:54:00+00:00,0.6889,0.6889,0.6888,0.6888,7
2026-07-01 14:55:00+00:00,0.6888,0.689,0.6888,0.689,3
2026-07-01 14:56:00+00:00,0.6889,0.6889,0.6889,0.6889,3
2026-07-01 14:57:00+00:00,0.6891,0.6892,0.6891,0.6892,6
2026-07-01 14:58:00+00:00,0.6893,0.6893,0.6893,0.6893,2
2026-07-01 14:59:00+00:00,0.6894,0.6894,0.6894,0.6894,1
2026-07-01 15:00:00+00:00,0.6894,0.6894,0.6894,0.6894,2
2026-07-01 15:01:00+00:00,0.6892,0.6892,0.6891,0.6891,4
2026-07-01 15:02:00+00:00,0.6892,0.6892,0.6892,0.6892,1
2026-07-01 15:03:00+00:00,0.6891,0.6891,0.6891,0.6891,8
2026-07-01 15:05:00+00:00,0.689,0.689,0.689,0.689,4
2026-07-01 15:06:00+00:00,0.6891,0.6891,0.6891,0.6891,1
2026-07-01 15:08:00+00:00,0.6888,0.6888,0.6888,0.6888,8
2026-07-01 15:12:00+00:00,0.6889,0.6889,0.6889,0.6889,1
2026-07-01 15:13:00+00:00,0.689,0.689,0.6889,0.6889,3
2026-07-01 15:15:00+00:00,0.689,0.689,0.689,0.689,8
2026-07-01 15:16:00+00:00,0.6888,0.6888,0.6888,0.6888,1
2026-07-01 15:19:00+00:00,0.6891,0.6891,0.6891,0.6891,4
2026-07-01 15:20:00+00:00,0.6891,0.6891,0.6891,0.6891,2
2026-07-01 15:22:00+00:00,0.6891,0.6891,0.6891,0.6891,1
2026-07-01 15:23:00+00:00,0.6892,0.6892,0.6892,0.6892,15
2026-07-01 15:34:00+00:00,0.6892,0.6892,0.6892,0.6892,4
2026-07-01 15:36:00+00:00,0.6892,0.6892,0.6892,0.6892,4
2026-07-01 15:41:00+00:00,0.6892,0.6892,0.6892,0.6892,1
2026-07-01 15:46:00+00:00,0.6892,0.6892,0.6892,0.6892,1
2026-07-01 15:48:00+00:00,0.6892,0.6892,0.6892,0.6892,8
2026-07-01 15:51:00+00:00,0.6892,0.6892,0.6892,0.6892,8
2026-07-01 15:53:00+00:00,0.6894,0.6894,0.6894,0.6894,2
2026-07-01 15:54:00+00:00,0.6893,0.6893,0.6893,0.6893,4
2026-07-01 15:55:00+00:00,0.6893,0.6893,0.6893,0.6893,10
2026-07-01 15:59:00+00:00,0.6893,0.6893,0.6893,0.6893,1
2026-07-01 16:00:00+00:00,0.6895,0.6895,0.6895,0.6895,1
2026-07-01 16:02:00+00:00,0.6898,0.6898,0.6897,0.6897,8
2026-07-01 16:03:00+00:00,0.6898,0.6898,0.6897,0.6898,34
2026-07-01 16:04:00+00:00,0.6898,0.6898,0.6898,0.6898,12
2026-07-01 16:08:00+00:00,0.6897,0.6897,0.6897,0.6897,6
2026-07-01 16:12:00+00:00,0.6897,0.6897,0.6897,0.6897,5
2026-07-01 16:14:00+00:00,0.6895,0.6895,0.6894,0.6894,20
2026-07-01 16:15:00+00:00,0.6895,0.6895,0.6895,0.6895,1
2026-07-01 16:16:00+00:00,0.6894,0.6894,0.6894,0.6894,6
2026-07-01 16:18:00+00:00,0.6892,0.6892,0.6892,0.6892,3
2026-07-01 16:19:00+00:00,0.6893,0.6893,0.6893,0.6893,1
2026-07-01 16:26:00+00:00,0.6896,0.6896,0.6896,0.6896,1
2026-07-01 16:30:00+00:00,0.6895,0.6895,0.6895,0.6895,4
2026-07-01 16:31:00+00:00,0.6895,0.6895,0.6895,0.6895,1
2026-07-01 16:32:00+00:00,0.6894,0.6894,0.6894,0.6894,1
2026-07-01 16:39:00+00:00,0.6893,0.6893,0.6893,0.6893,1
2026-07-01 16:41:00+00:00,0.6892,0.6892,0.6892,0.6892,2
2026-07-01 16:43:00+00:00,0.6892,0.6892,0.6892,0.6892,4
2026-07-01 16:44:00+00:00,0.6893,0.6893,0.6893,0.6893,1
2026-07-01 16:46:00+00:00,0.6893,0.6893,0.6893,0.6893,4
2026-07-01 16:49:00+00:00,0.6892,0.6892,0.6892,0.6892,3
2026-07-01 16:52:00+00:00,0.6891,0.6891,0.6891,0.6891,1
2026-07-01 16:57:00+00:00,0.6891,0.6891,0.6891,0.6891,4
2026-07-01 16:58:00+00:00,0.6892,0.6892,0.6892,0.6892,27
2026-07-01 17:01:00+00:00,0.6893,0.6893,0.6893,0.6893,8
2026-07-01 17:03:00+00:00,0.6892,0.6892,0.6891,0.6891,2
2026-07-01 17:04:00+00:00,0.689,0.689,0.689,0.689,1
2026-07-01 17:05:00+00:00,0.689,0.6891,0.689,0.6891,2
2026-07-01 17:06:00+00:00,0.6891,0.6891,0.6891,0.6891,2
2026-07-01 17:10:00+00:00,0.689,0.6891,0.689,0.6891,10
2026-07-01 17:11:00+00:00,0.6891,0.6891,0.6891,0.6891,1
2026-07-01 17:13:00+00:00,0.689,0.689,0.6889,0.6889,6
2026-07-01 17:14:00+00:00,0.689,0.689,0.689,0.689,9
2026-07-01 17:16:00+00:00,0.689,0.689,0.689,0.689,7
2026-07-01 17:17:00+00:00,0.689,0.689,0.689,0.689,1
2026-07-01 17:21:00+00:00,0.6891,0.6891,0.6891,0.6891,21
2026-07-01 17:22:00+00:00,0.6891,0.6891,0.6891,0.6891,4
2026-07-01 17:23:00+00:00,0.6891,0.6891,0.689,0.689,3
2026-07-01 17:24:00+00:00,0.6892,0.6892,0.6892,0.6892,2
2026-07-01 17:26:00+00:00,0.6892,0.6892,0.6892,0.6892,4
2026-07-01 17:32:00+00:00,0.6892,0.6892,0.6892,0.6892,15
2026-07-01 17:36:00+00:00,0.6892,0.6892,0.6892,0.6892,2
2026-07-01 17:38:00+00:00,0.6892,0.6892,0.6892,0.6892,1
2026-07-01 17:39:00+00:00,0.6891,0.6891,0.6891,0.6891,1
2026-07-01 17:41:00+00:00,0.6891,0.6891,0.6891,0.6891,4
2026-07-01 17:43:00+00:00,0.689,0.689,0.689,0.689,3
2026-07-01 17:44:00+00:00,0.689,0.689,0.689,0.689,6
2026-07-01 17:45:00+00:00,0.689,0.689,0.689,0.689,3
2026-07-01 17:51:00+00:00,0.6892,0.6892,0.6892,0.6892,1
2026-07-01 17:54:00+00:00,0.689,0.689,0.689,0.689,5
2026-07-01 17:56:00+00:00,0.689,0.689,0.689,0.689,2
2026-07-01 17:58:00+00:00,0.6889,0.6889,0.6889,0.6889,1
2026-07-01 18:00:00+00:00,0.689,0.689,0.689,0.689,1
2026-07-01 18:03:00+00:00,0.689,0.689,0.689,0.689,5
2026-07-01 18:04:00+00:00,0.689,0.689,0.689,0.689,4
2026-07-01 18:09:00+00:00,0.6888,0.6888,0.6888,0.6888,3
2026-07-01 18:10:00+00:00,0.6887,0.6887,0.6887,0.6887,6
2026-07-01 18:11:00+00:00,0.6887,0.6887,0.6887,0.6887,5
2026-07-01 18:14:00+00:00,0.6888,0.6888,0.6888,0.6888,1
2026-07-01 18:16:00+00:00,0.6886,0.6886,0.6886,0.6886,2
2026-07-01 18:17:00+00:00,0.6885,0.6885,0.6885,0.6885,14
2026-07-01 18:18:00+00:00,0.6885,0.6885,0.6885,0.6885,15
2026-07-01 18:19:00+00:00,0.6884,0.6884,0.6884,0.6884,7
2026-07-01 18:21:00+00:00,0.6884,0.6885,0.6884,0.6885,2
2026-07-01 18:22:00+00:00,0.6885,0.6885,0.6885,0.6885,5
2026-07-01 18:23:00+00:00,0.6885,0.6885,0.6885,0.6885,4
2026-07-01 18:24:00+00:00,0.6886,0.6886,0.6886,0.6886,4
2026-07-01 18:28:00+00:00,0.6885,0.6885,0.6885,0.6885,3
2026-07-01 18:37:00+00:00,0.6886,0.6886,0.6886,0.6886,2
2026-07-01 18:48:00+00:00,0.6886,0.6886,0.6886,0.6886,1
2026-07-01 18:51:00+00:00,0.6885,0.6885,0.6885,0.6885,1
2026-07-01 18:52:00+00:00,0.6885,0.6885,0.6885,0.6885,16
2026-07-01 18:53:00+00:00,0.6885,0.6885,0.6885,0.6885,3
2026-07-01 18:54:00+00:00,0.6885,0.6885,0.6885,0.6885,2
2026-07-01 18:56:00+00:00,0.6886,0.6886,0.6885,0.6885,2
2026-07-01 18:59:00+00:00,0.6887,0.6887,0.6886,0.6886,37
2026-07-01 19:00:00+00:00,0.6887,0.6887,0.6887,0.6887,7
2026-07-01 19:01:00+00:00,0.6887,0.6887,0.6887,0.6887,3
2026-07-01 19:05:00+00:00,0.6889,0.6889,0.6889,0.6889,10
2026-07-01 19:12:00+00:00,0.6889,0.6889,0.6888,0.6888,2
2026-07-01 19:13:00+00:00,0.6887,0.6887,0.6887,0.6887,1
2026-07-01 19:17:00+00:00,0.6887,0.6887,0.6887,0.6887,2
2026-07-01 19:22:00+00:00,0.6887,0.6887,0.6887,0.6887,2
2026-07-01 19:26:00+00:00,0.6886,0.6886,0.6886,0.6886,1
2026-07-01 19:38:00+00:00,0.6888,0.6888,0.6887,0.6887,2
2026-07-01 19:40:00+00:00,0.6886,0.6886,0.6886,0.6886,1
2026-07-01 19:43:00+00:00,0.6886,0.6886,0.6886,0.6886,1
2026-07-01 19:45:00+00:00,0.6886,0.6886,0.6886,0.6886,1
2026-07-01 19:50:00+00:00,0.6885,0.6885,0.6885,0.6885,3
2026-07-01 19:52:00+00:00,0.6884,0.6884,0.6884,0.6884,1
2026-07-01 19:53:00+00:00,0.6885,0.6885,0.6885,0.6885,7
2026-07-01 19:55:00+00:00,0.6885,0.6885,0.6885,0.6885,4
2026-07-01 19:56:00+00:00,0.6885,0.6885,0.6885,0.6885,1
2026-07-01 19:59:00+00:00,0.6884,0.6884,0.6884,0.6884,1
2026-07-01 20:00:00+00:00,0.6884,0.6884,0.6884,0.6884,8
2026-07-01 20:01:00+00:00,0.6884,0.6884,0.6883,0.6883,5
2026-07-01 20:02:00+00:00,0.6883,0.6883,0.6883,0.6883,2
2026-07-01 20:04:00+00:00,0.6883,0.6883,0.6883,0.6883,22
2026-07-01 20:07:00+00:00,0.6883,0.6883,0.6883,0.6883,1
2026-07-01 20:08:00+00:00,0.6884,0.6884,0.6884,0.6884,3
2026-07-01 20:10:00+00:00,0.6884,0.6884,0.6884,0.6884,1
2026-07-01 20:13:00+00:00,0.6883,0.6883,0.6883,0.6883,3
2026-07-01 20:18:00+00:00,0.6883,0.6883,0.6883,0.6883,1
2026-07-01 20:19:00+00:00,0.6882,0.6882,0.6882,0.6882,1
2026-07-01 20:21:00+00:00,0.6882,0.6882,0.6882,0.6882,10
2026-07-01 20:29:00+00:00,0.6882,0.6882,0.6881,0.6882,5
2026-07-01 20:30:00+00:00,0.6882,0.6882,0.6882,0.6882,1
2026-07-01 20:32:00+00:00,0.6882,0.6882,0.6882,0.6882,6
2026-07-01 20:39:00+00:00,0.6881,0.6881,0.6881,0.6881,1
2026-07-01 20:42:00+00:00,0.6882,0.6882,0.6882,0.6882,1
2026-07-01 20:44:00+00:00,0.6882,0.6882,0.6881,0.6881,2
2026-07-01 20:45:00+00:00,0.6881,0.6881,0.6881,0.6881,5
2026-07-01 20:47:00+00:00,0.6882,0.6883,0.6882,0.6883,34
2026-07-01 20:48:00+00:00,0.6882,0.6882,0.6882,0.6882,1
2026-07-01 20:49:00+00:00,0.6883,0.6883,0.6883,0.6883,5
2026-07-01 20:52:00+00:00,0.6883,0.6883,0.6883,0.6883,1
2026-07-01 20:55:00+00:00,0.6883,0.6884,0.6883,0.6884,14
2026-07-01 20:57:00+00:00,0.6884,0.6884,0.6884,0.6884,1
2026-07-01 22:00:00+00:00,0.6885,0.6885,0.6885,0.6885,9
2026-07-01 22:01:00+00:00,0.6884,0.6884,0.6884,0.6884,5
2026-07-01 22:10:00+00:00,0.6886,0.6886,0.6886,0.6886,2
2026-07-01 22:18:00+00:00,0.6885,0.6885,0.6885,0.6885,1
2026-07-01 22:23:00+00:00,0.6885,0.6885,0.6885,0.6885,1
2026-07-01 22:24:00+00:00,0.6885,0.6885,0.6885,0.6885,1
2026-07-01 22:31:00+00:00,0.6884,0.6884,0.6884,0.6884,64
2026-07-01 22:32:00+00:00,0.6884,0.6884,0.6884,0.6884,1
2026-07-01 22:34:00+00:00,0.6884,0.6884,0.6884,0.6884,2
2026-07-01 22:36:00+00:00,0.6883,0.6883,0.6883,0.6883,1
2026-07-01 22:37:00+00:00,0.6884,0.6884,0.6884,0.6884,12
2026-07-01 22:41:00+00:00,0.6883,0.6883,0.6883,0.6883,1
2026-07-01 22:48:00+00:00,0.6884,0.6884,0.6884,0.6884,1
2026-07-01 22:52:00+00:00,0.6884,0.6884,0.6884,0.6884,1
2026-07-01 22:54:00+00:00,0.6884,0.6884,0.6884,0.6884,1
2026-07-01 22:55:00+00:00,0.6883,0.6883,0.6883,0.6883,1
2026-07-01 23:17:00+00:00,0.6883,0.6883,0.6883,0.6883,1
2026-07-01 23:32:00+00:00,0.6883,0.6883,0.6883,0.6883,1
2026-07-01 23:37:00+00:00,0.6882,0.6882,0.6882,0.6882,3
2026-07-01 23:42:00+00:00,0.6882,0.6882,0.6882,0.6882,6
2026-07-01 23:45:00+00:00,0.6883,0.6883,0.6883,0.6883,1
2026-07-01 23:46:00+00:00,0.6882,0.6882,0.6882,0.6882,2
2026-07-01 23:47:00+00:00,0.6881,0.6881,0.6881,0.6881,1
2026-07-01 23:49:00+00:00,0.6881,0.6882,0.6881,0.6882,5
2026-07-01 23:50:00+00:00,0.6882,0.6882,0.6882,0.6882,1
2026-07-01 23:51:00+00:00,0.6882,0.6882,0.6881,0.6882,8
2026-07-01 23:53:00+00:00,0.6881,0.6881,0.6881,0.6881,1
2026-07-01 23:57:00+00:00,0.6882,0.6882,0.6882,0.6882,1
2026-07-02 00:00:00+00:00,0.6881,0.6881,0.6878,0.6878,17
2026-07-02 00:01:00+00:00,0.6879,0.6879,0.6878,0.6878,8
2026-07-02 00:02:00+00:00,0.6877,0.6877,0.6875,0.6875,6
2026-07-02 00:03:00+00:00,0.6877,0.6877,0.6876,0.6876,5
2026-07-02 00:06:00+00:00,0.6878,0.6878,0.6878,0.6878,2
2026-07-02 00:07:00+00:00,0.688,0.688,0.688,0.688,1
2026-07-02 00:08:00+00:00,0.6879,0.6879,0.6879,0.6879,1
2026-07-02 00:10:00+00:00,0.688,0.688,0.688,0.688,4
2026-07-02 00:12:00+00:00,0.6878,0.6878,0.6878,0.6878,1
2026-07-02 00:14:00+00:00,0.6877,0.6877,0.6877,0.6877,2
2026-07-02 00:15:00+00:00,0.6877,0.6877,0.6877,0.6877,4
2026-07-02 00:16:00+00:00,0.6877,0.6877,0.6877,0.6877,8
2026-07-02 00:17:00+00:00,0.6878,0.6878,0.6878,0.6878,1
2026-07-02 00:22:00+00:00,0.6879,0.6879,0.6879,0.6879,1
2026-07-02 00:26:00+00:00,0.6878,0.6878,0.6877,0.6877,2
2026-07-02 00:31:00+00:00,0.6878,0.6878,0.6878,0.6878,1
2026-07-02 00:33:00+00:00,0.6877,0.6877,0.6877,0.6877,11
2026-07-02 00:34:00+00:00,0.6878,0.6878,0.6878,0.6878,9
2026-07-02 00:35:00+00:00,0.6878,0.6878,0.6878,0.6878,4
2026-07-02 00:36:00+00:00,0.6879,0.6879,0.6879,0.6879,1
2026-07-02 00:40:00+00:00,0.6878,0.6878,0.6878,0.6878,2
2026-07-02 00:41:00+00:00,0.6878,0.6878,0.6878,0.6878,8
2026-07-02 00:42:00+00:00,0.6879,0.6879,0.6879,0.6879,11
2026-07-02 00:43:00+00:00,0.6876,0.6876,0.6876,0.6876,9
2026-07-02 00:44:00+00:00,0.6876,0.6876,0.6876,0.6876,10
2026-07-02 00:45:00+00:00,0.6876,0.6877,0.6876,0.6877,6
2026-07-02 00:49:00+00:00,0.6879,0.6879,0.6879,0.6879,5
2026-07-02 00:51:00+00:00,0.6878,0.6878,0.6878,0.6878,1
2026-07-02 00:55:00+00:00,0.6879,0.6879,0.6879,0.6879,3
2026-07-02 00:58:00+00:00,0.6881,0.6882,0.6881,0.6882,2
2026-07-02 00:59:00+00:00,0.688,0.688,0.688,0.688,2
2026-07-02 01:00:00+00:00,0.6881,0.6881,0.6881,0.6881,1
2026-07-02 01:01:00+00:00,0.6883,0.6883,0.6883,0.6883,15
2026-07-02 01:02:00+00:00,0.6884,0.6884,0.6884,0.6884,2
2026-07-02 01:03:00+00:00,0.6884,0.6884,0.6884,0.6884,4
2026-07-02 01:06:00+00:00,0.6885,0.6885,0.6885,0.6885,16
2026-07-02 01:07:00+00:00,0.6885,0.6885,0.6885,0.6885,3
2026-07-02 01:09:00+00:00,0.6886,0.6886,0.6886,0.6886,1
2026-07-02 01:10:00+00:00,0.6886,0.6888,0.6886,0.6888,4
2026-07-02 01:14:00+00:00,0.6886,0.6886,0.6886,0.6886,1
2026-07-02 01:15:00+00:00,0.6886,0.6886,0.6886,0.6886,3
2026-07-02 01:17:00+00:00,0.6886,0.6886,0.6886,0.6886,1
2026-07-02 01:18:00+00:00,0.6886,0.6886,0.6886,0.6886,1
2026-07-02 01:21:00+00:00,0.6885,0.6885,0.6885,0.6885,1
2026-07-02 01:21:00+00:00,0.6878,0.6878,0.6878,0.6878,1
2026-07-02 01:22:00+00:00,0.6885,0.6885,0.6885,0.6885,1
2026-07-02 01:24:00+00:00,0.6884,0.6884,0.6884,0.6884,1
2026-07-02 01:25:00+00:00,0.6884,0.6884,0.6884,0.6884,4
2026-07-02 01:26:00+00:00,0.6885,0.6885,0.6885,0.6885,1
2026-07-02 01:29:00+00:00,0.6884,0.6884,0.6884,0.6884,3
2026-07-02 01:30:00+00:00,0.6884,0.6884,0.6883,0.6883,5
2026-07-02 01:32:00+00:00,0.6883,0.6883,0.6883,0.6883,5
2026-07-02 01:35:00+00:00,0.6882,0.6882,0.6882,0.6882,1
2026-07-02 01:37:00+00:00,0.6884,0.6886,0.6884,0.6886,26
2026-07-02 01:40:00+00:00,0.6886,0.6887,0.6886,0.6887,12
2026-07-02 01:42:00+00:00,0.6885,0.6885,0.6885,0.6885,1
2026-07-02 01:43:00+00:00,0.6885,0.6885,0.6885,0.6885,1
2026-07-02 01:45:00+00:00,0.6884,0.6884,0.6884,0.6884,1
2026-07-02 01:46:00+00:00,0.6887,0.6887,0.6887,0.6887,4
2026-07-02 01:47:00+00:00,0.6887,0.6887,0.6887,0.6887,1
2026-07-02 01:48:00+00:00,0.6878,0.6878,0.6878,0.6878,1
2026-07-02 01:48:00+00:00,0.6888,0.6888,0.6888,0.6888,1
2026-07-02 01:49:00+00:00,0.6888,0.6888,0.6888,0.6888,1
2026-07-02 01:50:00+00:00,0.6888,0.6888,0.6888,0.6888,1
2026-07-02 01:52:00+00:00,0.6887,0.6887,0.6887,0.6887,3
2026-07-02 01:56:00+00:00,0.6887,0.6887,0.6887,0.6887,5
2026-07-02 01:59:00+00:00,0.6886,0.6886,0.6886,0.6886,4
2026-07-02 02:00:00+00:00,0.6885,0.6885,0.6885,0.6885,4
2026-07-02 02:01:00+00:00,0.6886,0.6886,0.6886,0.6886,4
2026-07-02 02:03:00+00:00,0.6887,0.6887,0.6887,0.6887,1
2026-07-02 02:09:00+00:00,0.6888,0.6888,0.6888,0.6888,1
2026-07-02 02:12:00+00:00,0.6889,0.6889,0.6889,0.6889,11
2026-07-02 02:13:00+00:00,0.6889,0.6889,0.6888,0.6888,5
2026-07-02 02:14:00+00:00,0.689,0.689,0.689,0.689,3
2026-07-02 02:15:00+00:00,0.6891,0.6891,0.6891,0.6891,3
2026-07-02 02:16:00+00:00,0.6892,0.6893,0.6892,0.6893,4
2026-07-02 02:17:00+00:00,0.6892,0.6892,0.6892,0.6892,2
2026-07-02 02:18:00+00:00,0.6892,0.6892,0.6892,0.6892,1
2026-07-02 02:20:00+00:00,0.6892,0.6892,0.6891,0.6891,2
2026-07-02 02:21:00+00:00,0.689,0.689,0.689,0.689,4
2026-07-02 02:22:00+00:00,0.689,0.689,0.689,0.689,1
2026-07-02 02:26:00+00:00,0.6889,0.6889,0.6889,0.6889,1
2026-07-02 02:27:00+00:00,0.6889,0.6889,0.6889,0.6889,3
2026-07-02 02:30:00+00:00,0.6889,0.6889,0.6889,0.6889,1
2026-07-02 02:31:00+00:00,0.6888,0.6888,0.6888,0.6888,3
2026-07-02 02:32:00+00:00,0.6888,0.6888,0.6888,0.6888,1
2026-07-02 02:48:00+00:00,0.6888,0.6888,0.6888,0.6888,1
2026-07-02 02:54:00+00:00,0.6886,0.6886,0.6886,0.6886,5
2026-07-02 02:55:00+00:00,0.6885,0.6885,0.6885,0.6885,4
2026-07-02 03:02:00+00:00,0.6885,0.6885,0.6885,0.6885,2
2026-07-02 03:04:00+00:00,0.6884,0.6884,0.6884,0.6884,1
2026-07-02 03:06:00+00:00,0.6884,0.6884,0.6884,0.6884,5
2026-07-02 03:07:00+00:00,0.6884,0.6884,0.6884,0.6884,5
2026-07-02 03:08:00+00:00,0.6883,0.6883,0.6882,0.6882,5
2026-07-02 03:09:00+00:00,0.6882,0.6882,0.6882,0.6882,7
2026-07-02 03:10:00+00:00,0.688,0.688,0.688,0.688,1
2026-07-02 03:11:00+00:00,0.688,0.688,0.688,0.688,1
2026-07-02 03:13:00+00:00,0.6879,0.688,0.6879,0.6879,11
2026-07-02 03:14:00+00:00,0.688,0.688,0.688,0.688,4
2026-07-02 03:15:00+00:00,0.688,0.688,0.688,0.688,11
2026-07-02 03:16:00+00:00,0.688,0.688,0.688,0.688,4
2026-07-02 03:17:00+00:00,0.6879,0.6879,0.6878,0.6878,5
2026-07-02 03:18:00+00:00,0.6877,0.6877,0.6877,0.6877,2
2026-07-02 03:19:00+00:00,0.6877,0.6877,0.6877,0.6877,1
2026-07-02 03:23:00+00:00,0.6877,0.6877,0.6877,0.6877,3
2026-07-02 03:24:00+00:00,0.6876,0.6876,0.6876,0.6876,30
2026-07-02 03:25:00+00:00,0.6877,0.6877,0.6877,0.6877,4
2026-07-02 03:29:00+00:00,0.6879,0.6879,0.6879,0.6879,15
2026-07-02 03:31:00+00:00,0.688,0.688,0.688,0.688,1
2026-07-02 03:32:00+00:00,0.6881,0.6881,0.6881,0.6881,9
2026-07-02 03:33:00+00:00,0.688,0.688,0.688,0.688,3
2026-07-02 03:37:00+00:00,0.6881,0.6881,0.6881,0.6881,4
2026-07-02 03:43:00+00:00,0.6882,0.6882,0.6882,0.6882,1
2026-07-02 03:44:00+00:00,0.6881,0.6881,0.6881,0.6881,1
2026-07-02 03:47:00+00:00,0.688,0.688,0.688,0.688,1
2026-07-02 03:48:00+00:00,0.6879,0.6879,0.6879,0.6879,1
2026-07-02 03:54:00+00:00,0.6881,0.6881,0.6881,0.6881,2
2026-07-02 03:59:00+00:00,0.6884,0.6884,0.6884,0.6884,1
2026-07-02 04:00:00+00:00,0.6884,0.6884,0.6884,0.6884,4
2026-07-02 04:01:00+00:00,0.6885,0.6885,0.6885,0.6885,4
2026-07-02 04:02:00+00:00,0.6887,0.6887,0.6887,0.6887,8
2026-07-02 04:04:00+00:00,0.6885,0.6885,0.6884,0.6884,5
2026-07-02 04:05:00+00:00,0.6884,0.6884,0.6884,0.6884,1
2026-07-02 04:13:00+00:00,0.6885,0.6885,0.6885,0.6885,2
2026-07-02 04:19:00+00:00,0.6883,0.6883,0.6883,0.6883,2
2026-07-02 04:22:00+00:00,0.6883,0.6883,0.6883,0.6883,4
2026-07-02 04:24:00+00:00,0.6882,0.6882,0.6882,0.6882,2
2026-07-02 04:25:00+00:00,0.6883,0.6883,0.6883,0.6883,2
2026-07-02 04:29:00+00:00,0.6883,0.6883,0.6883,0.6883,4
2026-07-02 04:41:00+00:00,0.6882,0.6882,0.6882,0.6882,1
2026-07-02 04:42:00+00:00,0.6882,0.6882,0.6882,0.6882,2
2026-07-02 04:44:00+00:00,0.6883,0.6883,0.6883,0.6883,1
2026-07-02 04:46:00+00:00,0.6883,0.6883,0.6883,0.6883,1
2026-07-02 04:51:00+00:00,0.6885,0.6885,0.6885,0.6885,2
2026-07-02 04:52:00+00:00,0.6885,0.6885,0.6885,0.6885,1
2026-07-02 04:57:00+00:00,0.6885,0.6885,0.6885,0.6885,2
2026-07-02 05:00:00+00:00,0.6886,0.6886,0.6886,0.6886,14
2026-07-02 05:02:00+00:00,0.6885,0.6885,0.6885,0.6885,1
2026-07-02 05:03:00+00:00,0.6885,0.6885,0.6885,0.6885,4
2026-07-02 05:07:00+00:00,0.6885,0.6885,0.6885,0.6885,1
2026-07-02 05:14:00+00:00,0.6886,0.6886,0.6886,0.6886,1
2026-07-02 05:16:00+00:00,0.6886,0.6886,0.6886,0.6886,2
2026-07-02 05:17:00+00:00,0.6885,0.6885,0.6885,0.6885,4
2026-07-02 05:18:00+00:00,0.6886,0.6886,0.6886,0.6886,5
2026-07-02 05:24:00+00:00,0.6887,0.6887,0.6887,0.6887,3
2026-07-02 05:25:00+00:00,0.6886,0.6886,0.6886,0.6886,4
2026-07-02 05:26:00+00:00,0.6886,0.6886,0.6886,0.6886,5
2026-07-02 05:30:00+00:00,0.6883,0.6883,0.6883,0.6883,3
2026-07-02 05:31:00+00:00,0.6883,0.6883,0.6883,0.6883,4
2026-07-02 05:32:00+00:00,0.6882,0.6882,0.6882,0.6882,9
2026-07-02 05:35:00+00:00,0.6882,0.6882,0.6882,0.6882,1
2026-07-02 05:40:00+00:00,0.6883,0.6883,0.6883,0.6883,1
2026-07-02 05:41:00+00:00,0.6884,0.6884,0.6884,0.6884,4
2026-07-02 05:49:00+00:00,0.6882,0.6882,0.6882,0.6882,2
2026-07-02 05:50:00+00:00,0.6883,0.6883,0.6883,0.6883,2
2026-07-02 05:51:00+00:00,0.6884,0.6884,0.6884,0.6884,8
2026-07-02 05:52:00+00:00,0.6885,0.6885,0.6885,0.6885,1
2026-07-02 05:53:00+00:00,0.6884,0.6884,0.6884,0.6884,4
2026-07-02 06:00:00+00:00,0.6886,0.6887,0.6886,0.6887,4
2026-07-02 06:01:00+00:00,0.6886,0.6887,0.6886,0.6887,2
2026-07-02 06:02:00+00:00,0.6887,0.6888,0.6887,0.6888,8
2026-07-02 06:03:00+00:00,0.6888,0.6888,0.6888,0.6888,2
2026-07-02 06:10:00+00:00,0.6886,0.6886,0.6886,0.6886,4
2026-07-02 06:17:00+00:00,0.6885,0.6885,0.6885,0.6885,1
2026-07-02 06:18:00+00:00,0.6885,0.6885,0.6885,0.6885,4
2026-07-02 06:20:00+00:00,0.6885,0.6885,0.6885,0.6885,1
2026-07-02 06:25:00+00:00,0.6886,0.6886,0.6886,0.6886,1
2026-07-02 06:26:00+00:00,0.6886,0.6886,0.6886,0.6886,1
2026-07-02 06:27:00+00:00,0.6885,0.6885,0.6885,0.6885,1
2026-07-02 06:30:00+00:00,0.6886,0.6886,0.6886,0.6886,4
2026-07-02 06:34:00+00:00,0.6886,0.6886,0.6886,0.6886,6
2026-07-02 06:47:00+00:00,0.6887,0.6887,0.6885,0.6886,3
2026-07-02 06:48:00+00:00,0.6886,0.6886,0.6886,0.6886,2
2026-07-02 06:49:00+00:00,0.6888,0.6891,0.6888,0.6891,37
2026-07-02 06:50:00+00:00,0.6892,0.6893,0.689,0.689,44
2026-07-02 06:51:00+00:00,0.689,0.689,0.689,0.689,1
2026-07-02 06:52:00+00:00,0.689,0.689,0.689,0.689,1
2026-07-02 06:56:00+00:00,0.689,0.689,0.689,0.689,1
2026-07-02 06:58:00+00:00,0.6888,0.6888,0.6888,0.6888,1
2026-07-02 06:59:00+00:00,0.6888,0.6888,0.6888,0.6888,1
2026-07-02 07:00:00+00:00,0.6887,0.6887,0.6883,0.6883,9
2026-07-02 07:01:00+00:00,0.6884,0.6884,0.6884,0.6884,7
2026-07-02 07:02:00+00:00,0.6884,0.6884,0.6884,0.6884,1
2026-07-02 07:05:00+00:00,0.6884,0.6884,0.6884,0.6884,1
2026-07-02 07:07:00+00:00,0.6883,0.6883,0.6882,0.6882,8
2026-07-02 07:09:00+00:00,0.6886,0.6886,0.6886,0.6886,7
2026-07-02 07:10:00+00:00,0.6885,0.6885,0.6885,0.6885,109
2026-07-02 07:12:00+00:00,0.6886,0.6886,0.6886,0.6886,17
2026-07-02 07:13:00+00:00,0.6886,0.6886,0.6886,0.6886,27
2026-07-02 07:14:00+00:00,0.6885,0.6885,0.6885,0.6885,2
2026-07-02 07:15:00+00:00,0.6885,0.6885,0.6885,0.6885,1
2026-07-02 07:17:00+00:00,0.6883,0.6883,0.6883,0.6883,1
2026-07-02 07:22:00+00:00,0.6882,0.6882,0.6882,0.6882,1
2026-07-02 07:24:00+00:00,0.6883,0.6883,0.6883,0.6883,5
2026-07-02 07:26:00+00:00,0.6883,0.6883,0.6883,0.6883,5
2026-07-02 07:27:00+00:00,0.6883,0.6883,0.6883,0.6883,6
2026-07-02 07:28:00+00:00,0.6884,0.6884,0.6884,0.6884,15
2026-07-02 07:29:00+00:00,0.6884,0.6885,0.6884,0.6885,6
2026-07-02 07:31:00+00:00,0.6885,0.6885,0.6885,0.6885,1
2026-07-02 07:32:00+00:00,0.6884,0.6884,0.6884,0.6884,20
2026-07-02 07:38:00+00:00,0.6884,0.6884,0.6884,0.6884,6
2026-07-02 07:45:00+00:00,0.6888,0.6888,0.6888,0.6888,3
2026-07-02 07:46:00+00:00,0.6885,0.6885,0.6884,0.6884,3
2026-07-02 07:47:00+00:00,0.6883,0.6883,0.6883,0.6883,1
2026-07-02 07:50:00+00:00,0.6883,0.6883,0.6883,0.6883,1
2026-07-02 07:51:00+00:00,0.6882,0.6882,0.6881,0.6881,6
2026-07-02 07:53:00+00:00,0.6884,0.6884,0.6884,0.6884,1
2026-07-02 07:54:00+00:00,0.6884,0.6884,0.6884,0.6884,2
2026-07-02 07:55:00+00:00,0.6884,0.6884,0.6884,0.6884,8
2026-07-02 07:58:00+00:00,0.6884,0.6884,0.6884,0.6884,1
2026-07-02 08:00:00+00:00,0.6881,0.6882,0.6881,0.6882,12
2026-07-02 08:01:00+00:00,0.6883,0.6883,0.6883,0.6883,1
2026-07-02 08:02:00+00:00,0.6881,0.6881,0.6881,0.6881,5
2026-07-02 08:03:00+00:00,0.6885,0.6885,0.6885,0.6885,1
2026-07-02 08:05:00+00:00,0.6886,0.6888,0.6886,0.6888,5
2026-07-02 08:06:00+00:00,0.6888,0.6888,0.6888,0.6888,3
2026-07-02 08:07:00+00:00,0.6888,0.6888,0.6888,0.6888,9
2026-07-02 08:09:00+00:00,0.6888,0.6888,0.6888,0.6888,1
2026-07-02 08:10:00+00:00,0.6889,0.6889,0.6889,0.6889,9
2026-07-02 08:11:00+00:00,0.6889,0.6889,0.6889,0.6889,2
2026-07-02 08:13:00+00:00,0.6889,0.6891,0.6889,0.689,154
2026-07-02 08:14:00+00:00,0.689,0.6892,0.689,0.6892,74
2026-07-02 08:15:00+00:00,0.6892,0.6892,0.6891,0.6892,9
2026-07-02 08:16:00+00:00,0.6892,0.6892,0.6892,0.6892,5
2026-07-02 08:17:00+00:00,0.6892,0.6892,0.6891,0.6892,12
2026-07-02 08:18:00+00:00,0.6891,0.6893,0.6891,0.6893,7
2026-07-02 08:19:00+00:00,0.6893,0.6894,0.6893,0.6894,64
2026-07-02 08:20:00+00:00,0.6895,0.6896,0.6895,0.6896,28
2026-07-02 08:21:00+00:00,0.6895,0.6897,0.6895,0.6897,5
2026-07-02 08:22:00+00:00,0.6898,0.6899,0.6898,0.6899,16
2026-07-02 08:23:00+00:00,0.6897,0.6897,0.6897,0.6897,1
2026-07-02 08:24:00+00:00,0.6896,0.6896,0.6895,0.6895,11
2026-07-02 08:25:00+00:00,0.6896,0.6896,0.6894,0.6894,2
2026-07-02 08:26:00+00:00,0.6894,0.6894,0.6894,0.6894,8
2026-07-02 08:29:00+00:00,0.6895,0.6896,0.6895,0.6896,5
2026-07-02 08:30:00+00:00,0.6895,0.6895,0.6895,0.6895,4
2026-07-02 08:32:00+00:00,0.6895,0.6895,0.6895,0.6895,2
2026-07-02 08:34:00+00:00,0.6896,0.6896,0.6896,0.6896,1
2026-07-02 08:35:00+00:00,0.6897,0.6897,0.6897,0.6897,1
2026-07-02 08:36:00+00:00,0.6897,0.6899,0.6897,0.6899,4
2026-07-02 08:37:00+00:00,0.6897,0.6897,0.6897,0.6897,5
2026-07-02 08:38:00+00:00,0.6898,0.6898,0.6898,0.6898,4
2026-07-02 08:42:00+00:00,0.6898,0.69,0.6898,0.69,4
2026-07-02 08:46:00+00:00,0.6898,0.6898,0.6898,0.6898,1
2026-07-02 08:47:00+00:00,0.6898,0.6898,0.6898,0.6898,1
2026-07-02 08:48:00+00:00,0.6899,0.69,0.6899,0.69,32
2026-07-02 08:49:00+00:00,0.69,0.6901,0.69,0.6901,18
2026-07-02 08:50:00+00:00,0.6901,0.6902,0.6901,0.6902,13
2026-07-02 08:51:00+00:00,0.6901,0.6901,0.6901,0.6901,2
2026-07-02 08:53:00+00:00,0.69,0.6901,0.69,0.6901,12
2026-07-02 08:55:00+00:00,0.6899,0.6899,0.6899,0.6899,1
2026-07-02 08:57:00+00:00,0.6899,0.6899,0.6899,0.6899,6
2026-07-02 08:59:00+00:00,0.69,0.69,0.69,0.69,10
2026-07-02 09:00:00+00:00,0.6898,0.6898,0.6898,0.6898,1
2026-07-02 09:03:00+00:00,0.6898,0.6898,0.6898,0.6898,3
2026-07-02 09:04:00+00:00,0.6897,0.6897,0.6896,0.6897,4
2026-07-02 09:05:00+00:00,0.6897,0.6897,0.6897,0.6897,1
2026-07-02 09:07:00+00:00,0.6895,0.6895,0.6894,0.6894,35
2026-07-02 09:08:00+00:00,0.6894,0.6894,0.6894,0.6894,6
2026-07-02 09:09:00+00:00,0.6894,0.6894,0.6894,0.6894,5
2026-07-02 09:10:00+00:00,0.6895,0.6895,0.6895,0.6895,1
2026-07-02 09:12:00+00:00,0.6894,0.6894,0.6894,0.6894,1
2026-07-02 09:14:00+00:00,0.6894,0.6894,0.6894,0.6894,1
2026-07-02 09:15:00+00:00,0.6894,0.6894,0.6894,0.6894,1
2026-07-02 09:16:00+00:00,0.6893,0.6894,0.6893,0.6894,8
2026-07-02 09:19:00+00:00,0.6895,0.6895,0.6895,0.6895,2
2026-07-02 09:21:00+00:00,0.6894,0.6894,0.6894,0.6894,4
2026-07-02 09:22:00+00:00,0.6893,0.6893,0.6893,0.6893,1
2026-07-02 09:24:00+00:00,0.6893,0.6893,0.6893,0.6893,1
2026-07-02 09:25:00+00:00,0.6892,0.6892,0.6892,0.6892,1
2026-07-02 09:26:00+00:00,0.6893,0.6893,0.6891,0.6891,12
2026-07-02 09:28:00+00:00,0.6891,0.6891,0.6891,0.6891,1
2026-07-02 09:29:00+00:00,0.6891,0.6891,0.6891,0.6891,1
2026-07-02 09:30:00+00:00,0.6892,0.6892,0.6892,0.6892,11
2026-07-02 09:33:00+00:00,0.6893,0.6893,0.6893,0.6893,4
2026-07-02 09:38:00+00:00,0.6894,0.6894,0.6894,0.6894,4
2026-07-02 09:44:00+00:00,0.6895,0.6895,0.6895,0.6895,1
2026-07-02 09:51:00+00:00,0.6897,0.6897,0.6897,0.6897,6
2026-07-02 09:54:00+00:00,0.6895,0.6895,0.6895,0.6895,2
2026-07-02 09:55:00+00:00,0.6895,0.6895,0.6895,0.6895,3
2026-07-02 10:00:00+00:00,0.6894,0.6894,0.6894,0.6894,1
2026-07-02 10:05:00+00:00,0.6894,0.6894,0.6893,0.6893,3
2026-07-02 10:08:00+00:00,0.6893,0.6893,0.6893,0.6893,4
2026-07-02 10:13:00+00:00,0.6893,0.6893,0.6893,0.6893,19
2026-07-02 10:14:00+00:00,0.6893,0.6893,0.6893,0.6893,1
2026-07-02 10:17:00+00:00,0.6893,0.6893,0.6893,0.6893,8
2026-07-02 10:22:00+00:00,0.6892,0.6892,0.6892,0.6892,1
2026-07-02 10:23:00+00:00,0.6891,0.6891,0.6891,0.6891,1
2026-07-02 10:24:00+00:00,0.689,0.689,0.689,0.689,9
2026-07-02 10:25:00+00:00,0.6891,0.6891,0.6891,0.6891,1
2026-07-02 10:26:00+00:00,0.6892,0.6892,0.6892,0.6892,2
2026-07-02 10:26:00+00:00,0.6884,0.6884,0.6884,0.6884,2
2026-07-02 10:28:00+00:00,0.6891,0.6891,0.6891,0.6891,1
2026-07-02 10:31:00+00:00,0.6892,0.6892,0.6892,0.6892,1
2026-07-02 10:32:00+00:00,0.689,0.689,0.689,0.689,2
2026-07-02 10:35:00+00:00,0.6891,0.6891,0.6891,0.6891,1
2026-07-02 10:37:00+00:00,0.689,0.689,0.689,0.689,1
2026-07-02 10:40:00+00:00,0.6891,0.6891,0.6891,0.6891,2
2026-07-02 10:41:00+00:00,0.6891,0.6891,0.6891,0.6891,2
2026-07-02 10:43:00+00:00,0.6889,0.6889,0.6889,0.6889,3
2026-07-02 10:47:00+00:00,0.689,0.689,0.689,0.689,1
2026-07-02 10:48:00+00:00,0.689,0.689,0.6888,0.6888,5
2026-07-02 10:50:00+00:00,0.6887,0.6887,0.6887,0.6887,3
2026-07-02 10:51:00+00:00,0.6888,0.6888,0.6888,0.6888,5
2026-07-02 10:53:00+00:00,0.6888,0.6888,0.6888,0.6888,1
2026-07-02 10:54:00+00:00,0.6889,0.6889,0.6889,0.6889,9
2026-07-02 10:57:00+00:00,0.6888,0.6888,0.6888,0.6888,2
2026-07-02 10:58:00+00:00,0.6889,0.6889,0.6889,0.6889,1
2026-07-02 11:04:00+00:00,0.6887,0.6887,0.6887,0.6887,1
2026-07-02 11:06:00+00:00,0.6886,0.6886,0.6886,0.6886,15
2026-07-02 11:09:00+00:00,0.6886,0.6887,0.6886,0.6887,11
2026-07-02 11:12:00+00:00,0.6888,0.6888,0.6888,0.6888,1
2026-07-02 11:13:00+00:00,0.6887,0.6887,0.6887,0.6887,1
2026-07-02 11:14:00+00:00,0.6887,0.6887,0.6887,0.6887,1
2026-07-02 11:19:00+00:00,0.6887,0.6887,0.6887,0.6887,30
2026-07-02 11:23:00+00:00,0.6889,0.6889,0.6888,0.6888,2
2026-07-02 11:25:00+00:00,0.6888,0.6888,0.6887,0.6887,7
2026-07-02 11:27:00+00:00,0.6888,0.6888,0.6888,0.6888,6
2026-07-02 11:34:00+00:00,0.6886,0.6886,0.6885,0.6885,5
2026-07-02 11:40:00+00:00,0.6885,0.6885,0.6885,0.6885,2
2026-07-02 11:44:00+00:00,0.6884,0.6884,0.6883,0.6883,7
2026-07-02 11:46:00+00:00,0.6883,0.6883,0.6883,0.6883,1
2026-07-02 11:48:00+00:00,0.6882,0.6882,0.6882,0.6882,1
2026-07-02 11:49:00+00:00,0.6883,0.6883,0.6882,0.6882,5
2026-07-02 11:51:00+00:00,0.6882,0.6882,0.6882,0.6882,5
2026-07-02 11:53:00+00:00,0.6882,0.6882,0.6881,0.6881,4
2026-07-02 11:54:00+00:00,0.688,0.688,0.688,0.688,4
2026-07-02 11:55:00+00:00,0.688,0.688,0.688,0.688,1
2026-07-02 11:57:00+00:00,0.688,0.688,0.688,0.688,1
2026-07-02 11:58:00+00:00,0.6879,0.688,0.6879,0.6879,4
2026-07-02 12:00:00+00:00,0.6878,0.6878,0.6878,0.6878,7
2026-07-02 12:01:00+00:00,0.6879,0.6879,0.6879,0.6879,1
2026-07-02 12:03:00+00:00,0.6879,0.6879,0.6879,0.6879,1
2026-07-02 12:06:00+00:00,0.6883,0.6883,0.6882,0.6882,3
2026-07-02 12:07:00+00:00,0.6882,0.6882,0.688,0.688,2
2026-07-02 12:08:00+00:00,0.6881,0.6881,0.6881,0.6881,6
2026-07-02 12:09:00+00:00,0.6881,0.6881,0.688,0.6881,6
2026-07-02 12:11:00+00:00,0.6881,0.6881,0.6881,0.6881,14
2026-07-02 12:14:00+00:00,0.688,0.688,0.688,0.688,6
2026-07-02 12:17:00+00:00,0.688,0.6881,0.688,0.6881,5
2026-07-02 12:20:00+00:00,0.688,0.688,0.688,0.688,2
2026-07-02 12:21:00+00:00,0.688,0.688,0.688,0.688,1
2026-07-02 12:23:00+00:00,0.6879,0.688,0.6879,0.688,2
2026-07-02 12:24:00+00:00,0.688,0.688,0.688,0.688,8
2026-07-02 12:25:00+00:00,0.6882,0.6883,0.6882,0.6882,9
2026-07-02 12:26:00+00:00,0.6883,0.6883,0.6883,0.6883,7
2026-07-02 12:27:00+00:00,0.6883,0.6883,0.6883,0.6883,2
2026-07-02 12:28:00+00:00,0.6883,0.6883,0.6882,0.6882,8
2026-07-02 12:29:00+00:00,0.6883,0.6883,0.6883,0.6883,3
2026-07-02 12:30:00+00:00,0.6894,0.6894,0.6894,0.6894,1
2026-07-02 12:30:00+00:00,0.688,0.6916,0.6875,0.6914,363
2026-07-02 12:31:00+00:00,0.6914,0.6916,0.691,0.691,190
2026-07-02 12:32:00+00:00,0.6911,0.6914,0.6909,0.691,129
2026-07-02 12:33:00+00:00,0.6911,0.6919,0.6906,0.6916,147
2026-07-02 12:34:00+00:00,0.6915,0.692,0.6914,0.692,82
2026-07-02 12:35:00+00:00,0.6921,0.6924,0.692,0.6922,41
2026-07-02 12:36:00+00:00,0.6921,0.6925,0.6921,0.6924,64
2026-07-02 12:37:00+00:00,0.6918,0.6918,0.6918,0.6918,1
2026-07-02 12:37:00+00:00,0.6924,0.6929,0.6924,0.6929,82
2026-07-02 12:38:00+00:00,0.6927,0.6927,0.6924,0.6926,94
2026-07-02 12:39:00+00:00,0.6926,0.6931,0.6926,0.6931,60
2026-07-02 12:40:00+00:00,0.693,0.6932,0.693,0.6932,93
2026-07-02 12:41:00+00:00,0.6931,0.6931,0.6924,0.6925,60
2026-07-02 12:42:00+00:00,0.6925,0.6929,0.6925,0.6928,25
2026-07-02 12:43:00+00:00,0.6929,0.693,0.6926,0.693,9
2026-07-02 12:44:00+00:00,0.6928,0.693,0.6928,0.693,81
2026-07-02 12:45:00+00:00,0.6931,0.6931,0.6926,0.6927,64
2026-07-02 12:46:00+00:00,0.6925,0.6926,0.6925,0.6926,8
2026-07-02 12:47:00+00:00,0.6925,0.6925,0.6921,0.6921,33
2026-07-02 12:48:00+00:00,0.6921,0.6925,0.6921,0.6925,44
2026-07-02 12:49:00+00:00,0.6925,0.6926,0.6921,0.6922,52
2026-07-02 12:51:00+00:00,0.6923,0.6923,0.6918,0.6918,23
2026-07-02 12:52:00+00:00,0.6919,0.6924,0.6919,0.6924,18
2026-07-02 12:53:00+00:00,0.6922,0.6923,0.692,0.6922,9
2026-07-02 12:54:00+00:00,0.6921,0.6921,0.692,0.692,9
2026-07-02 12:55:00+00:00,0.692,0.692,0.6918,0.692,13
2026-07-02 12:56:00+00:00,0.6918,0.6918,0.6916,0.6916,10
2026-07-02 12:57:00+00:00,0.6916,0.6916,0.6913,0.6914,12
2026-07-02 12:58:00+00:00,0.6915,0.6915,0.6914,0.6915,26
2026-07-02 12:59:00+00:00,0.6914,0.6916,0.6914,0.6915,10
2026-07-02 13:00:00+00:00,0.6916,0.6918,0.6914,0.6914,28
2026-07-02 13:01:00+00:00,0.6912,0.6912,0.691,0.691,8
2026-07-02 13:02:00+00:00,0.6913,0.6915,0.6913,0.6914,5
2026-07-02 13:03:00+00:00,0.6915,0.6915,0.6915,0.6915,4
2026-07-02 13:04:00+00:00,0.6918,0.692,0.6918,0.6919,33
2026-07-02 13:05:00+00:00,0.6904,0.6904,0.6904,0.6904,2
2026-07-02 13:05:00+00:00,0.692,0.692,0.6917,0.6917,7
2026-07-02 13:06:00+00:00,0.6916,0.6916,0.6915,0.6915,5
2026-07-02 13:09:00+00:00,0.6915,0.6915,0.6915,0.6915,1
2026-07-02 13:12:00+00:00,0.692,0.692,0.692,0.692,1
2026-07-02 13:14:00+00:00,0.6919,0.6919,0.6919,0.6919,22
2026-07-02 13:15:00+00:00,0.6912,0.6912,0.6912,0.6912,2
2026-07-02 13:15:00+00:00,0.6918,0.6918,0.6917,0.6917,6
2026-07-02 13:16:00+00:00,0.6916,0.6917,0.6915,0.6917,8
2026-07-02 13:17:00+00:00,0.6917,0.6917,0.6917,0.6917,10
2026-07-02 13:20:00+00:00,0.6916,0.6916,0.6914,0.6914,4
2026-07-02 13:21:00+00:00,0.6914,0.6914,0.6914,0.6914,4
2026-07-02 13:22:00+00:00,0.6915,0.6915,0.6915,0.6915,1
2026-07-02 13:23:00+00:00,0.6916,0.6916,0.6916,0.6916,4
2026-07-02 13:24:00+00:00,0.6914,0.6914,0.6914,0.6914,5
2026-07-02 13:26:00+00:00,0.6915,0.6915,0.6915,0.6915,3
2026-07-02 13:27:00+00:00,0.6917,0.6918,0.6917,0.6918,8
2026-07-02 13:28:00+00:00,0.6916,0.6916,0.6916,0.6916,1
2026-07-02 13:29:00+00:00,0.6916,0.6916,0.6915,0.6915,5
2026-07-02 13:30:00+00:00,0.6916,0.6917,0.6915,0.6916,8
2026-07-02 13:31:00+00:00,0.6917,0.6917,0.6917,0.6917,2
2026-07-02 13:32:00+00:00,0.6919,0.692,0.6919,0.692,4
2026-07-02 13:33:00+00:00,0.6921,0.6925,0.6921,0.6925,9
2026-07-02 13:34:00+00:00,0.6925,0.6926,0.6925,0.6926,6
2026-07-02 13:35:00+00:00,0.6925,0.6929,0.6925,0.6929,9
2026-07-02 13:36:00+00:00,0.6929,0.6929,0.6927,0.6927,10
2026-07-02 13:37:00+00:00,0.6926,0.6927,0.6926,0.6927,6
2026-07-02 13:38:00+00:00,0.6927,0.6927,0.6925,0.6925,5
2026-07-02 13:39:00+00:00,0.6925,0.6926,0.6925,0.6926,5
2026-07-02 13:40:00+00:00,0.6926,0.6926,0.6926,0.6926,4
2026-07-02 13:41:00+00:00,0.6924,0.6924,0.6924,0.6924,8
2026-07-02 13:42:00+00:00,0.6925,0.6925,0.6925,0.6925,6
2026-07-02 13:43:00+00:00,0.692,0.692,0.692,0.692,1
2026-07-02 13:43:00+00:00,0.6927,0.6931,0.6927,0.6931,74
2026-07-02 13:44:00+00:00,0.693,0.693,0.6929,0.6929,2
2026-07-02 13:45:00+00:00,0.6929,0.693,0.6929,0.693,37
2026-07-02 13:47:00+00:00,0.693,0.6934,0.693,0.6933,68
2026-07-02 13:48:00+00:00,0.6932,0.6932,0.6932,0.6932,3
2026-07-02 13:49:00+00:00,0.6932,0.6932,0.6931,0.6932,9
2026-07-02 13:50:00+00:00,0.6931,0.6932,0.6931,0.6932,5
2026-07-02 13:51:00+00:00,0.6933,0.6933,0.6932,0.6932,5
2026-07-02 13:51:00+00:00,0.6919,0.6919,0.6919,0.6919,1
2026-07-02 13:52:00+00:00,0.6933,0.6933,0.6932,0.6933,5
2026-07-02 13:52:00+00:00,0.6924,0.6924,0.6924,0.6924,1
2026-07-02 13:53:00+00:00,0.6931,0.6931,0.693,0.6931,5
2026-07-02 13:54:00+00:00,0.6929,0.6929,0.6928,0.6928,4
2026-07-02 13:55:00+00:00,0.6928,0.6928,0.6927,0.6928,6
2026-07-02 13:56:00+00:00,0.6928,0.693,0.6928,0.693,22
2026-07-02 13:57:00+00:00,0.6931,0.6931,0.6931,0.6931,10
2026-07-02 13:58:00+00:00,0.693,0.6931,0.693,0.6931,3
2026-07-02 13:59:00+00:00,0.6929,0.6929,0.6929,0.6929,30
2026-07-02 14:00:00+00:00,0.6929,0.6929,0.6928,0.6928,12
2026-07-02 14:01:00+00:00,0.6928,0.6928,0.6927,0.6927,22
2026-07-02 14:02:00+00:00,0.6927,0.6927,0.6926,0.6926,7
2026-07-02 14:02:00+00:00,0.6914,0.6914,0.6914,0.6914,2
2026-07-02 14:03:00+00:00,0.6927,0.6927,0.6927,0.6927,5
2026-07-02 14:04:00+00:00,0.6926,0.6926,0.6926,0.6926,1
2026-07-02 14:05:00+00:00,0.6927,0.6927,0.6926,0.6926,19
2026-07-02 14:06:00+00:00,0.6929,0.6929,0.6929,0.6929,2
2026-07-02 14:07:00+00:00,0.6927,0.6927,0.6927,0.6927,4
2026-07-02 14:09:00+00:00,0.693,0.693,0.6928,0.6928,3
2026-07-02 14:10:00+00:00,0.6926,0.6927,0.6923,0.6923,36
2026-07-02 14:12:00+00:00,0.6926,0.693,0.6926,0.693,13
2026-07-02 14:13:00+00:00,0.6931,0.6932,0.6931,0.6932,15
2026-07-02 14:14:00+00:00,0.6933,0.6933,0.6932,0.6932,4
2026-07-02 14:15:00+00:00,0.6932,0.6932,0.6931,0.6931,8
2026-07-02 14:16:00+00:00,0.6933,0.6933,0.6933,0.6933,2
2026-07-02 14:17:00+00:00,0.6931,0.6931,0.6931,0.6931,6
2026-07-02 14:18:00+00:00,0.6932,0.6933,0.6932,0.6933,2
2026-07-02 14:19:00+00:00,0.6932,0.6932,0.6932,0.6932,4
2026-07-02 14:20:00+00:00,0.693,0.693,0.6926,0.6926,4
2026-07-02 14:21:00+00:00,0.6926,0.6926,0.6925,0.6926,9
2026-07-02 14:22:00+00:00,0.6928,0.6928,0.6928,0.6928,3
2026-07-02 14:24:00+00:00,0.6928,0.6928,0.6928,0.6928,7
2026-07-02 14:26:00+00:00,0.6926,0.6926,0.6926,0.6926,1
2026-07-02 14:27:00+00:00,0.6923,0.6923,0.6921,0.6921,5
2026-07-02 14:28:00+00:00,0.6922,0.6922,0.6922,0.6922,20
2026-07-02 14:29:00+00:00,0.6921,0.6921,0.6919,0.692,11
2026-07-02 14:30:00+00:00,0.692,0.692,0.6919,0.692,6
2026-07-02 14:31:00+00:00,0.6922,0.6922,0.6922,0.6922,1
2026-07-02 14:32:00+00:00,0.6922,0.6922,0.6922,0.6922,2
2026-07-02 14:35:00+00:00,0.6918,0.6918,0.6918,0.6918,6
2026-07-02 14:35:00+00:00,0.6906,0.6906,0.6906,0.6906,1
2026-07-02 14:36:00+00:00,0.692,0.692,0.692,0.692,2
2026-07-02 14:37:00+00:00,0.6921,0.6921,0.6921,0.6921,1
2026-07-02 14:38:00+00:00,0.692,0.692,0.692,0.692,8
2026-07-02 14:38:00+00:00,0.6907,0.6907,0.6907,0.6907,1
2026-07-02 14:39:00+00:00,0.692,0.692,0.692,0.692,1
2026-07-02 14:40:00+00:00,0.6918,0.6918,0.6918,0.6918,2
2026-07-02 14:41:00+00:00,0.6919,0.6919,0.6916,0.6916,7
2026-07-02 14:43:00+00:00,0.6915,0.6915,0.6915,0.6915,3
2026-07-02 14:44:00+00:00,0.6914,0.6914,0.6914,0.6914,2
2026-07-02 14:45:00+00:00,0.6915,0.6917,0.6915,0.6917,8
2026-07-02 14:47:00+00:00,0.6917,0.6917,0.6917,0.6917,1
2026-07-02 14:48:00+00:00,0.6916,0.6916,0.6916,0.6916,1
2026-07-02 14:49:00+00:00,0.6917,0.6921,0.6917,0.6921,6
2026-07-02 14:50:00+00:00,0.692,0.692,0.6919,0.6919,10
2026-07-02 14:51:00+00:00,0.6922,0.6922,0.6922,0.6922,1
2026-07-02 14:55:00+00:00,0.6921,0.6922,0.6921,0.6921,11
2026-07-02 14:56:00+00:00,0.6923,0.6923,0.6923,0.6923,1
2026-07-02 14:58:00+00:00,0.6924,0.6924,0.6924,0.6924,14
2026-07-02 15:00:00+00:00,0.6926,0.6926,0.6925,0.6925,2
2026-07-02 15:02:00+00:00,0.6924,0.6926,0.6924,0.6926,12
2026-07-02 15:03:00+00:00,0.6927,0.6927,0.6925,0.6925,6
2026-07-02 15:06:00+00:00,0.6923,0.6923,0.6923,0.6923,1
2026-07-02 15:08:00+00:00,0.6921,0.6921,0.692,0.6921,5
2026-07-02 15:09:00+00:00,0.6922,0.6922,0.6922,0.6922,2
2026-07-02 15:10:00+00:00,0.6922,0.6922,0.6922,0.6922,1
2026-07-02 15:11:00+00:00,0.6922,0.6922,0.6922,0.6922,1
2026-07-02 15:12:00+00:00,0.6925,0.6925,0.6925,0.6925,1
2026-07-02 15:13:00+00:00,0.6925,0.6925,0.6925,0.6925,1
2026-07-02 15:14:00+00:00,0.6923,0.6923,0.6923,0.6923,5
2026-07-02 15:15:00+00:00,0.6924,0.6924,0.6923,0.6924,3
2026-07-02 15:16:00+00:00,0.6922,0.6922,0.6922,0.6922,4
2026-07-02 15:18:00+00:00,0.6922,0.6922,0.6922,0.6922,2
2026-07-02 15:19:00+00:00,0.6921,0.6921,0.6921,0.6921,1
2026-07-02 15:21:00+00:00,0.6921,0.6921,0.6921,0.6921,1
2026-07-02 15:22:00+00:00,0.6922,0.6922,0.6922,0.6922,2
2026-07-02 15:23:00+00:00,0.6923,0.6923,0.6923,0.6923,1
2026-07-02 15:25:00+00:00,0.6923,0.6923,0.6923,0.6923,1
2026-07-02 15:26:00+00:00,0.6925,0.6925,0.6925,0.6925,4
2026-07-02 15:28:00+00:00,0.6923,0.6923,0.6923,0.6923,2
2026-07-02 15:29:00+00:00,0.6924,0.6924,0.6924,0.6924,2
2026-07-02 15:31:00+00:00,0.6926,0.6928,0.6926,0.6928,7
2026-07-02 15:34:00+00:00,0.6928,0.6928,0.6927,0.6928,3
2026-07-02 15:35:00+00:00,0.6929,0.693,0.6929,0.6929,7
2026-07-02 15:36:00+00:00,0.6929,0.693,0.6929,0.693,32
2026-07-02 15:37:00+00:00,0.693,0.693,0.693,0.693,2
2026-07-02 15:38:00+00:00,0.6929,0.6929,0.6929,0.6929,1
2026-07-02 15:39:00+00:00,0.6929,0.6929,0.6929,0.6929,2
2026-07-02 15:42:00+00:00,0.6927,0.6927,0.6927,0.6927,3
2026-07-02 15:49:00+00:00,0.6922,0.6922,0.6922,0.6922,1
2026-07-02 15:50:00+00:00,0.692,0.692,0.692,0.692,15
2026-07-02 15:57:00+00:00,0.6922,0.6922,0.6922,0.6922,4
2026-07-02 16:00:00+00:00,0.6921,0.6921,0.692,0.692,4
2026-07-02 16:01:00+00:00,0.6919,0.692,0.6918,0.692,3
2026-07-02 16:02:00+00:00,0.6918,0.6918,0.6918,0.6918,8
2026-07-02 16:05:00+00:00,0.6919,0.6919,0.6919,0.6919,1
2026-07-02 16:09:00+00:00,0.6919,0.6919,0.6919,0.6919,2
2026-07-02 16:10:00+00:00,0.6919,0.692,0.6919,0.692,7
2026-07-02 16:15:00+00:00,0.692,0.692,0.6919,0.6919,22
2026-07-02 16:18:00+00:00,0.6918,0.6918,0.6918,0.6918,2
2026-07-02 16:20:00+00:00,0.6917,0.6917,0.6917,0.6917,6
2026-07-02 16:21:00+00:00,0.6917,0.6917,0.6917,0.6917,3
2026-07-02 16:22:00+00:00,0.6917,0.6917,0.6916,0.6917,10
2026-07-02 16:24:00+00:00,0.6915,0.6915,0.6915,0.6915,4
2026-07-02 16:27:00+00:00,0.6915,0.6915,0.6915,0.6915,2
2026-07-02 16:28:00+00:00,0.6914,0.6914,0.6914,0.6914,1
2026-07-02 16:30:00+00:00,0.6914,0.6914,0.6913,0.6913,2
2026-07-02 16:31:00+00:00,0.6913,0.6913,0.6913,0.6913,1
2026-07-02 16:33:00+00:00,0.6913,0.6913,0.6913,0.6913,10
2026-07-02 16:34:00+00:00,0.6912,0.6912,0.6911,0.6911,7
2026-07-02 16:36:00+00:00,0.6912,0.6912,0.6912,0.6912,4
2026-07-02 16:37:00+00:00,0.6911,0.6911,0.6911,0.6911,8
2026-07-02 16:41:00+00:00,0.6916,0.6916,0.6916,0.6916,1
2026-07-02 16:43:00+00:00,0.6914,0.6914,0.6914,0.6914,4
2026-07-02 16:44:00+00:00,0.6915,0.6915,0.6915,0.6915,1
2026-07-02 16:45:00+00:00,0.6916,0.6916,0.6916,0.6916,1
2026-07-02 16:46:00+00:00,0.6916,0.6916,0.6916,0.6916,2
2026-07-02 16:49:00+00:00,0.6917,0.6917,0.6917,0.6917,1
2026-07-02 16:50:00+00:00,0.6915,0.6915,0.6915,0.6915,1
2026-07-02 16:56:00+00:00,0.6915,0.6916,0.6915,0.6916,42
2026-07-02 16:58:00+00:00,0.6916,0.6916,0.6916,0.6916,3
2026-07-02 16:59:00+00:00,0.6914,0.6914,0.6914,0.6914,1
2026-07-02 17:00:00+00:00,0.6913,0.6913,0.6913,0.6913,1
2026-07-02 17:01:00+00:00,0.6911,0.6911,0.6911,0.6911,1
2026-07-02 17:02:00+00:00,0.6912,0.6912,0.6912,0.6912,4
2026-07-02 17:03:00+00:00,0.6912,0.6912,0.6912,0.6912,2
2026-07-02 17:04:00+00:00,0.6911,0.6912,0.6911,0.6912,2
2026-07-02 17:05:00+00:00,0.6911,0.6911,0.6911,0.6911,5
2026-07-02 17:07:00+00:00,0.6914,0.6914,0.6914,0.6914,8
2026-07-02 17:12:00+00:00,0.6913,0.6913,0.6913,0.6913,10
2026-07-02 17:13:00+00:00,0.6913,0.6913,0.6913,0.6913,6
2026-07-02 17:14:00+00:00,0.6913,0.6913,0.6913,0.6913,2
2026-07-02 17:24:00+00:00,0.6911,0.6911,0.6911,0.6911,1
2026-07-02 17:30:00+00:00,0.6911,0.6911,0.6911,0.6911,4
2026-07-02 17:32:00+00:00,0.6911,0.6911,0.6911,0.6911,1
2026-07-02 17:34:00+00:00,0.6911,0.6911,0.6911,0.6911,1
2026-07-02 17:36:00+00:00,0.691,0.691,0.691,0.691,6
2026-07-02 17:37:00+00:00,0.6909,0.6909,0.6909,0.6909,14
2026-07-02 17:39:00+00:00,0.6908,0.6908,0.6907,0.6907,15
2026-07-02 17:40:00+00:00,0.6907,0.6907,0.6907,0.6907,2
2026-07-02 17:41:00+00:00,0.6907,0.6907,0.6907,0.6907,10
2026-07-02 17:42:00+00:00,0.6907,0.6907,0.6907,0.6907,1
2026-07-02 17:48:00+00:00,0.6907,0.6907,0.6907,0.6907,1
2026-07-02 17:50:00+00:00,0.6906,0.6906,0.6906,0.6906,1
2026-07-02 17:53:00+00:00,0.6907,0.6907,0.6907,0.6907,1
2026-07-02 18:02:00+00:00,0.6909,0.6909,0.6909,0.6909,2
2026-07-02 18:03:00+00:00,0.6908,0.6908,0.6908,0.6908,1
2026-07-02 18:04:00+00:00,0.69,0.69,0.69,0.69,2
2026-07-02 18:04:00+00:00,0.6908,0.6908,0.6908,0.6908,2
2026-07-02 18:05:00+00:00,0.6909,0.6909,0.6909,0.6909,5
2026-07-02 18:06:00+00:00,0.6911,0.6912,0.6911,0.6912,3
2026-07-02 18:06:00+00:00,0.6901,0.6901,0.6901,0.6901,1
2026-07-02 18:07:00+00:00,0.6912,0.6912,0.6912,0.6912,3
2026-07-02 18:08:00+00:00,0.6912,0.6912,0.6912,0.6912,4
2026-07-02 18:09:00+00:00,0.6913,0.6913,0.6913,0.6913,9
2026-07-02 18:11:00+00:00,0.6913,0.6913,0.6913,0.6913,1
2026-07-02 18:12:00+00:00,0.6911,0.6911,0.691,0.691,2
2026-07-02 18:18:00+00:00,0.6909,0.6909,0.6908,0.6908,9
2026-07-02 18:19:00+00:00,0.6908,0.6908,0.6908,0.6908,2
2026-07-02 18:25:00+00:00,0.691,0.691,0.691,0.691,4
2026-07-02 18:26:00+00:00,0.6911,0.6911,0.6911,0.6911,4
2026-07-02 18:27:00+00:00,0.6911,0.6911,0.6911,0.6911,4
2026-07-02 18:32:00+00:00,0.6913,0.6913,0.6913,0.6913,1
2026-07-02 18:33:00+00:00,0.6914,0.6914,0.6914,0.6914,1
2026-07-02 18:35:00+00:00,0.6913,0.6913,0.6913,0.6913,2
2026-07-02 18:37:00+00:00,0.6912,0.6914,0.6912,0.6914,2
2026-07-02 18:41:00+00:00,0.6913,0.6913,0.6913,0.6913,1
2026-07-02 18:42:00+00:00,0.6913,0.6913,0.6913,0.6913,2
2026-07-02 18:44:00+00:00,0.6912,0.6912,0.6912,0.6912,1
2026-07-02 18:46:00+00:00,0.6911,0.6911,0.6911,0.6911,6
2026-07-02 18:50:00+00:00,0.6912,0.6912,0.6912,0.6912,1
2026-07-02 18:53:00+00:00,0.6911,0.6911,0.6911,0.6911,1
2026-07-02 18:54:00+00:00,0.6911,0.6911,0.6911,0.6911,1
2026-07-02 18:56:00+00:00,0.691,0.691,0.691,0.691,2
2026-07-02 18:59:00+00:00,0.691,0.6911,0.691,0.6911,18
2026-07-02 19:00:00+00:00,0.6911,0.6911,0.691,0.691,5
2026-07-02 19:03:00+00:00,0.6909,0.6909,0.6909,0.6909,2
2026-07-02 19:04:00+00:00,0.6908,0.6908,0.6908,0.6908,6
2026-07-02 19:05:00+00:00,0.6907,0.6907,0.6907,0.6907,3
2026-07-02 19:06:00+00:00,0.6907,0.6908,0.6907,0.6908,2
2026-07-02 19:12:00+00:00,0.6908,0.6908,0.6908,0.6908,9
2026-07-02 19:16:00+00:00,0.6908,0.6908,0.6908,0.6908,1
2026-07-02 19:17:00+00:00,0.6907,0.6907,0.6907,0.6907,1
2026-07-02 19:19:00+00:00,0.6908,0.6908,0.6908,0.6908,3
2026-07-02 19:20:00+00:00,0.6907,0.6907,0.6907,0.6907,6
2026-07-02 19:21:00+00:00,0.6906,0.6906,0.6906,0.6906,1
2026-07-02 19:24:00+00:00,0.6905,0.6905,0.6905,0.6905,1
2026-07-02 19:25:00+00:00,0.6905,0.6905,0.6905,0.6905,2
2026-07-02 19:29:00+00:00,0.6906,0.6906,0.6906,0.6906,5
2026-07-02 19:30:00+00:00,0.6906,0.6906,0.6906,0.6906,1
2026-07-02 19:37:00+00:00,0.6906,0.6906,0.6906,0.6906,1
2026-07-02 19:43:00+00:00,0.6908,0.6908,0.6908,0.6908,1
2026-07-02 19:45:00+00:00,0.6908,0.6908,0.6908,0.6908,7
2026-07-02 19:46:00+00:00,0.6908,0.6908,0.6908,0.6908,1
2026-07-02 19:47:00+00:00,0.6909,0.6909,0.6909,0.6909,1
2026-07-02 19:48:00+00:00,0.6909,0.6909,0.6909,0.6909,2
2026-07-02 19:49:00+00:00,0.6908,0.6908,0.6908,0.6908,4
2026-07-02 19:50:00+00:00,0.6909,0.6909,0.6909,0.6909,1
2026-07-02 19:51:00+00:00,0.6909,0.6909,0.6909,0.6909,9
2026-07-02 19:54:00+00:00,0.6911,0.6911,0.6911,0.6911,1
2026-07-02 19:55:00+00:00,0.6911,0.6911,0.6911,0.6911,4
2026-07-02 19:58:00+00:00,0.6912,0.6912,0.6912,0.6912,4
2026-07-02 20:00:00+00:00,0.6911,0.6911,0.6911,0.6911,5
2026-07-02 20:01:00+00:00,0.691,0.6912,0.691,0.6912,3
2026-07-02 20:14:00+00:00,0.6913,0.6913,0.6913,0.6913,1
2026-07-02 20:18:00+00:00,0.6913,0.6913,0.6913,0.6913,1
2026-07-02 20:20:00+00:00,0.6914,0.6914,0.6914,0.6914,1
2026-07-02 20:23:00+00:00,0.6914,0.6914,0.6914,0.6914,1
2026-07-02 20:30:00+00:00,0.6914,0.6915,0.6914,0.6915,45
2026-07-02 20:35:00+00:00,0.6914,0.6914,0.6914,0.6914,104
2026-07-02 20:36:00+00:00,0.6914,0.6914,0.6914,0.6914,16
2026-07-02 20:41:00+00:00,0.6902,0.6902,0.6902,0.6902,1
2026-07-02 20:42:00+00:00,0.6912,0.6912,0.6912,0.6912,7
2026-07-02 20:45:00+00:00,0.6913,0.6913,0.6912,0.6912,4
2026-07-02 20:46:00+00:00,0.6913,0.6913,0.6913,0.6913,1
2026-07-02 20:49:00+00:00,0.6914,0.6914,0.6914,0.6914,18
2026-07-02 20:50:00+00:00,0.6914,0.6914,0.6914,0.6914,6
2026-07-02 20:55:00+00:00,0.6913,0.6913,0.6913,0.6913,9
2026-07-02 20:56:00+00:00,0.6913,0.6913,0.6913,0.6913,1
2026-07-02 20:57:00+00:00,0.69,0.69,0.69,0.69,1
2026-07-02 20:57:00+00:00,0.6913,0.6913,0.6913,0.6913,1
2026-07-02 20:59:00+00:00,0.6913,0.6913,0.6912,0.6912,2
2026-07-02 22:00:00+00:00,0.6913,0.6913,0.6913,0.6913,4
2026-07-02 22:03:00+00:00,0.6911,0.6911,0.6911,0.6911,1
2026-07-02 22:05:00+00:00,0.6912,0.6913,0.6912,0.6912,22
2026-07-02 22:06:00+00:00,0.6912,0.6912,0.6912,0.6912,1
2026-07-02 22:08:00+00:00,0.6911,0.6911,0.6911,0.6911,57
2026-07-02 22:10:00+00:00,0.6911,0.6911,0.6911,0.6911,2
2026-07-02 22:11:00+00:00,0.6912,0.6912,0.6912,0.6912,10
2026-07-02 22:12:00+00:00,0.6912,0.6912,0.6912,0.6912,5
2026-07-02 22:13:00+00:00,0.6912,0.6913,0.6912,0.6913,2
2026-07-02 22:14:00+00:00,0.6912,0.6912,0.6912,0.6912,20
2026-07-02 22:15:00+00:00,0.6912,0.6912,0.6912,0.6912,2
2026-07-02 22:16:00+00:00,0.6912,0.6912,0.6912,0.6912,8
2026-07-02 22:24:00+00:00,0.6912,0.6912,0.6912,0.6912,2
2026-07-02 22:26:00+00:00,0.6911,0.6911,0.691,0.691,7
2026-07-02 22:27:00+00:00,0.691,0.6911,0.691,0.6911,2
2026-07-02 22:30:00+00:00,0.6912,0.6912,0.6911,0.6911,2
2026-07-02 22:33:00+00:00,0.6911,0.6911,0.6911,0.6911,5
2026-07-02 22:34:00+00:00,0.691,0.691,0.691,0.691,1
2026-07-02 22:37:00+00:00,0.6911,0.6911,0.6911,0.6911,1
2026-07-02 22:40:00+00:00,0.6911,0.6911,0.6911,0.6911,4
2026-07-02 22:42:00+00:00,0.691,0.691,0.691,0.691,46
2026-07-02 22:43:00+00:00,0.6911,0.6911,0.6911,0.6911,9
2026-07-02 22:45:00+00:00,0.6911,0.6911,0.6911,0.6911,1
2026-07-02 22:47:00+00:00,0.6911,0.6911,0.6911,0.6911,1
2026-07-02 22:48:00+00:00,0.6911,0.6911,0.6911,0.6911,1
2026-07-02 22:53:00+00:00,0.691,0.691,0.691,0.691,6
2026-07-02 22:58:00+00:00,0.691,0.691,0.691,0.691,3
2026-07-02 23:01:00+00:00,0.691,0.691,0.691,0.691,1
2026-07-02 23:03:00+00:00,0.691,0.691,0.691,0.691,5
2026-07-02 23:05:00+00:00,0.691,0.691,0.691,0.691,3
2026-07-02 23:08:00+00:00,0.691,0.691,0.691,0.691,1
2026-07-02 23:11:00+00:00,0.691,0.691,0.691,0.691,1
2026-07-02 23:20:00+00:00,0.691,0.691,0.691,0.691,5
2026-07-02 23:22:00+00:00,0.691,0.691,0.691,0.691,3
2026-07-02 23:23:00+00:00,0.691,0.691,0.691,0.691,1
2026-07-02 23:28:00+00:00,0.6912,0.6912,0.6912,0.6912,9
2026-07-02 23:29:00+00:00,0.6912,0.6912,0.6912,0.6912,1
2026-07-02 23:33:00+00:00,0.6912,0.6912,0.6912,0.6912,1
2026-07-02 23:35:00+00:00,0.6911,0.6911,0.6911,0.6911,5
2026-07-02 23:36:00+00:00,0.691,0.691,0.691,0.691,5
2026-07-02 23:37:00+00:00,0.691,0.691,0.691,0.691,11
2026-07-02 23:38:00+00:00,0.6909,0.6909,0.6909,0.6909,2
2026-07-02 23:39:00+00:00,0.6908,0.6909,0.6908,0.6908,8
2026-07-02 23:43:00+00:00,0.6909,0.691,0.6909,0.691,3
2026-07-02 23:44:00+00:00,0.691,0.691,0.691,0.691,3
2026-07-02 23:45:00+00:00,0.691,0.6911,0.691,0.6911,21
2026-07-02 23:48:00+00:00,0.691,0.691,0.691,0.691,3
2026-07-02 23:52:00+00:00,0.6908,0.6908,0.6908,0.6908,1
2026-07-02 23:53:00+00:00,0.6907,0.6907,0.6907,0.6907,2
2026-07-02 23:55:00+00:00,0.6907,0.6907,0.6907,0.6907,1
2026-07-02 23:56:00+00:00,0.6906,0.6906,0.6906,0.6906,2
2026-07-02 23:57:00+00:00,0.6906,0.6906,0.6906,0.6906,1
2026-07-02 23:58:00+00:00,0.6906,0.6906,0.6906,0.6906,1
2026-07-03 00:00:00+00:00,0.6907,0.6908,0.6906,0.6908,8
2026-07-03 00:01:00+00:00,0.6907,0.6907,0.6906,0.6906,21
2026-07-03 00:03:00+00:00,0.6907,0.6907,0.6907,0.6907,7
2026-07-03 00:04:00+00:00,0.6907,0.6907,0.6907,0.6907,5
2026-07-03 00:05:00+00:00,0.6906,0.6906,0.6906,0.6906,1
2026-07-03 00:06:00+00:00,0.6905,0.6906,0.6904,0.6906,7
2026-07-03 00:09:00+00:00,0.6905,0.6905,0.6905,0.6905,19
2026-07-03 00:10:00+00:00,0.6904,0.6904,0.6904,0.6904,2
2026-07-03 00:11:00+00:00,0.6906,0.6906,0.6906,0.6906,2
2026-07-03 00:12:00+00:00,0.6905,0.6905,0.6905,0.6905,2
2026-07-03 00:13:00+00:00,0.6906,0.6907,0.6906,0.6907,2
2026-07-03 00:14:00+00:00,0.6908,0.6908,0.6907,0.6907,2
2026-07-03 00:17:00+00:00,0.6906,0.6906,0.6905,0.6905,8
2026-07-03 00:18:00+00:00,0.6905,0.6905,0.6905,0.6905,2
2026-07-03 00:19:00+00:00,0.6905,0.6905,0.6905,0.6905,3
2026-07-03 00:29:00+00:00,0.6905,0.6905,0.6905,0.6905,3
2026-07-03 00:30:00+00:00,0.6904,0.6904,0.6904,0.6904,1
2026-07-03 00:31:00+00:00,0.6904,0.6905,0.6904,0.6905,7
2026-07-03 00:32:00+00:00,0.6904,0.6904,0.6904,0.6904,1
2026-07-03 00:33:00+00:00,0.6903,0.6903,0.6903,0.6903,3
2026-07-03 00:35:00+00:00,0.6903,0.6903,0.6903,0.6903,6
2026-07-03 00:37:00+00:00,0.6905,0.6905,0.6905,0.6905,1
2026-07-03 00:38:00+00:00,0.6905,0.6905,0.6905,0.6905,1
2026-07-03 00:40:00+00:00,0.6906,0.6906,0.6906,0.6906,1
2026-07-03 00:43:00+00:00,0.6903,0.6903,0.6903,0.6903,1
2026-07-03 00:44:00+00:00,0.6904,0.6904,0.6904,0.6904,8
2026-07-03 00:47:00+00:00,0.6905,0.6905,0.6905,0.6905,1
2026-07-03 00:51:00+00:00,0.6907,0.6907,0.6907,0.6907,1
2026-07-03 00:58:00+00:00,0.6909,0.6909,0.6909,0.6909,10
2026-07-03 00:59:00+00:00,0.6911,0.6911,0.6909,0.6909,17
2026-07-03 01:00:00+00:00,0.691,0.6911,0.6909,0.6909,10
2026-07-03 01:02:00+00:00,0.6911,0.6911,0.6911,0.6911,2
2026-07-03 01:03:00+00:00,0.6911,0.6914,0.6911,0.6914,15
2026-07-03 01:04:00+00:00,0.6915,0.6915,0.6914,0.6915,6
2026-07-03 01:05:00+00:00,0.6914,0.6915,0.6914,0.6915,14
2026-07-03 01:06:00+00:00,0.6916,0.6917,0.6915,0.6915,25
2026-07-03 01:07:00+00:00,0.6915,0.6915,0.6914,0.6915,4
2026-07-03 01:08:00+00:00,0.6916,0.6916,0.6916,0.6916,2
2026-07-03 01:09:00+00:00,0.6916,0.6916,0.6916,0.6916,7
2026-07-03 01:10:00+00:00,0.6916,0.6916,0.6915,0.6915,3
2026-07-03 01:11:00+00:00,0.6916,0.6918,0.6916,0.6918,2
2026-07-03 01:13:00+00:00,0.6918,0.6918,0.6918,0.6918,1
2026-07-03 01:14:00+00:00,0.6918,0.6919,0.6918,0.6919,17
2026-07-03 01:15:00+00:00,0.692,0.692,0.692,0.692,7
2026-07-03 01:16:00+00:00,0.692,0.692,0.6919,0.6919,7
2026-07-03 01:18:00+00:00,0.6921,0.6921,0.6921,0.6921,3
2026-07-03 01:19:00+00:00,0.6923,0.6924,0.6923,0.6923,15
2026-07-03 01:20:00+00:00,0.6924,0.6925,0.6924,0.6925,5
2026-07-03 01:21:00+00:00,0.6926,0.6926,0.6926,0.6926,2
2026-07-03 01:22:00+00:00,0.6925,0.6925,0.6925,0.6925,2
2026-07-03 01:24:00+00:00,0.6924,0.6926,0.6924,0.6926,75
2026-07-03 01:25:00+00:00,0.6925,0.6925,0.6924,0.6924,7
2026-07-03 01:26:00+00:00,0.6924,0.6924,0.6922,0.6922,3
2026-07-03 01:27:00+00:00,0.6923,0.6923,0.6923,0.6923,6
2026-07-03 01:28:00+00:00,0.6923,0.6924,0.6923,0.6924,6
2026-07-03 01:29:00+00:00,0.6923,0.6923,0.6921,0.6921,5
2026-07-03 01:30:00+00:00,0.6922,0.6922,0.6922,0.6922,7
2026-07-03 01:31:00+00:00,0.6922,0.6923,0.6922,0.6923,4
2026-07-03 01:33:00+00:00,0.6923,0.6924,0.6923,0.6924,12
2026-07-03 01:34:00+00:00,0.6924,0.6925,0.6924,0.6925,6
2026-07-03 01:35:00+00:00,0.6926,0.6926,0.6924,0.6924,5
2026-07-03 01:36:00+00:00,0.6909,0.6909,0.6909,0.6909,2
2026-07-03 01:36:00+00:00,0.6925,0.6925,0.6922,0.6922,24
2026-07-03 01:38:00+00:00,0.6922,0.6922,0.6922,0.6922,9
2026-07-03 01:39:00+00:00,0.6922,0.6922,0.6922,0.6922,2
2026-07-03 01:40:00+00:00,0.6923,0.6924,0.6923,0.6923,5
2026-07-03 01:41:00+00:00,0.6923,0.6925,0.6923,0.6925,9
2026-07-03 01:45:00+00:00,0.6924,0.6924,0.6922,0.6922,3
2026-07-03 01:46:00+00:00,0.6921,0.6922,0.6921,0.6922,3
2026-07-03 01:48:00+00:00,0.6921,0.6921,0.6921,0.6921,23
2026-07-03 01:49:00+00:00,0.6922,0.6922,0.6922,0.6922,10
2026-07-03 01:50:00+00:00,0.6922,0.6922,0.6922,0.6922,5
2026-07-03 01:51:00+00:00,0.6921,0.6921,0.692,0.692,2
2026-07-03 01:52:00+00:00,0.692,0.692,0.692,0.692,1
2026-07-03 01:53:00+00:00,0.6921,0.6921,0.6921,0.6921,1
2026-07-03 01:54:00+00:00,0.692,0.692,0.692,0.692,6
2026-07-03 01:58:00+00:00,0.6922,0.6922,0.6922,0.6922,1
2026-07-03 02:00:00+00:00,0.6921,0.6921,0.6921,0.6921,1
2026-07-03 02:01:00+00:00,0.692,0.692,0.692,0.692,41
2026-07-03 02:02:00+00:00,0.6919,0.6919,0.6919,0.6919,1
2026-07-03 02:03:00+00:00,0.6921,0.6921,0.6921,0.6921,2
2026-07-03 02:04:00+00:00,0.6921,0.6921,0.6921,0.6921,1
2026-07-03 02:08:00+00:00,0.6924,0.6924,0.6924,0.6924,1
2026-07-03 02:10:00+00:00,0.6925,0.6925,0.6925,0.6925,6
2026-07-03 02:11:00+00:00,0.6924,0.6924,0.6924,0.6924,6
2026-07-03 02:13:00+00:00,0.6924,0.6924,0.6924,0.6924,15
2026-07-03 02:15:00+00:00,0.6924,0.6924,0.6924,0.6924,3
2026-07-03 02:16:00+00:00,0.6923,0.6924,0.6923,0.6924,2
2026-07-03 02:18:00+00:00,0.6924,0.6924,0.6924,0.6924,3
2026-07-03 02:21:00+00:00,0.6924,0.6924,0.6924,0.6924,1
2026-07-03 02:23:00+00:00,0.6925,0.6926,0.6925,0.6926,5
2026-07-03 02:24:00+00:00,0.6926,0.6926,0.6926,0.6926,5
2026-07-03 02:26:00+00:00,0.6926,0.6926,0.6926,0.6926,4
2026-07-03 02:28:00+00:00,0.6926,0.6926,0.6926,0.6926,5
2026-07-03 02:29:00+00:00,0.6927,0.6927,0.6927,0.6927,2
2026-07-03 02:31:00+00:00,0.6928,0.6928,0.6928,0.6928,6
2026-07-03 02:34:00+00:00,0.6926,0.6926,0.6926,0.6926,1
2026-07-03 02:36:00+00:00,0.6926,0.6926,0.6926,0.6926,5
2026-07-03 02:37:00+00:00,0.6926,0.6926,0.6926,0.6926,6
2026-07-03 02:39:00+00:00,0.6927,0.6928,0.6927,0.6928,4
2026-07-03 02:41:00+00:00,0.6929,0.6929,0.6929,0.6929,1
2026-07-03 02:42:00+00:00,0.6928,0.6928,0.6928,0.6928,4
2026-07-03 02:43:00+00:00,0.6927,0.6927,0.6927,0.6927,1
2026-07-03 02:44:00+00:00,0.6928,0.6929,0.6928,0.6929,7
2026-07-03 02:45:00+00:00,0.6929,0.693,0.6929,0.693,20
2026-07-03 02:46:00+00:00,0.6929,0.6929,0.6929,0.6929,2
2026-07-03 02:53:00+00:00,0.693,0.693,0.693,0.693,9
2026-07-03 02:54:00+00:00,0.6929,0.6929,0.6929,0.6929,2
2026-07-03 02:57:00+00:00,0.6928,0.6928,0.6928,0.6928,5
2026-07-03 02:59:00+00:00,0.6927,0.6927,0.6927,0.6927,1
2026-07-03 03:00:00+00:00,0.6928,0.6928,0.6927,0.6927,10
2026-07-03 03:04:00+00:00,0.6928,0.6928,0.6928,0.6928,1
2026-07-03 03:05:00+00:00,0.6927,0.6927,0.6927,0.6927,1
2026-07-03 03:06:00+00:00,0.6928,0.6928,0.6928,0.6928,1
2026-07-03 03:07:00+00:00,0.6927,0.6927,0.6927,0.6927,9
2026-07-03 03:09:00+00:00,0.6926,0.6926,0.6926,0.6926,4
2026-07-03 03:11:00+00:00,0.6926,0.6926,0.6926,0.6926,1
2026-07-03 03:12:00+00:00,0.6926,0.6926,0.6926,0.6926,2
2026-07-03 03:14:00+00:00,0.6927,0.6928,0.6927,0.6928,65
2026-07-03 03:19:00+00:00,0.6927,0.6927,0.6927,0.6927,5
2026-07-03 03:21:00+00:00,0.6927,0.6927,0.6927,0.6927,1
2026-07-03 03:24:00+00:00,0.6926,0.6926,0.6926,0.6926,5
2026-07-03 03:28:00+00:00,0.6926,0.6926,0.6926,0.6926,2
2026-07-03 03:29:00+00:00,0.6926,0.6926,0.6926,0.6926,4
2026-07-03 03:32:00+00:00,0.6926,0.6926,0.6926,0.6926,5
2026-07-03 03:33:00+00:00,0.6926,0.6926,0.6926,0.6926,1
2026-07-03 03:35:00+00:00,0.6927,0.6927,0.6927,0.6927,1
2026-07-03 03:38:00+00:00,0.6926,0.6926,0.6926,0.6926,2
2026-07-03 03:40:00+00:00,0.6926,0.6926,0.6926,0.6926,1
2026-07-03 03:45:00+00:00,0.6924,0.6924,0.6924,0.6924,2
2026-07-03 03:46:00+00:00,0.6925,0.6925,0.6925,0.6925,5
2026-07-03 03:47:00+00:00,0.6925,0.6925,0.6925,0.6925,1
2026-07-03 03:48:00+00:00,0.6925,0.6925,0.6925,0.6925,5
2026-07-03 03:49:00+00:00,0.6925,0.6925,0.6925,0.6925,1
2026-07-03 03:51:00+00:00,0.6925,0.6925,0.6925,0.6925,3
2026-07-03 03:52:00+00:00,0.6925,0.6925,0.6925,0.6925,4
2026-07-03 03:56:00+00:00,0.6926,0.6926,0.6926,0.6926,1
2026-07-03 04:05:00+00:00,0.6925,0.6925,0.6925,0.6925,38
2026-07-03 04:07:00+00:00,0.6925,0.6925,0.6925,0.6925,3
2026-07-03 04:09:00+00:00,0.6925,0.6925,0.6925,0.6925,1
2026-07-03 04:11:00+00:00,0.6927,0.6927,0.6927,0.6927,1
2026-07-03 04:17:00+00:00,0.6928,0.6929,0.6928,0.6929,2
2026-07-03 04:18:00+00:00,0.6929,0.6929,0.6929,0.6929,1
2026-07-03 04:19:00+00:00,0.6929,0.6929,0.6929,0.6929,6
2026-07-03 04:20:00+00:00,0.6929,0.6929,0.6929,0.6929,4
2026-07-03 04:23:00+00:00,0.693,0.693,0.693,0.693,4
2026-07-03 04:25:00+00:00,0.6929,0.6929,0.6929,0.6929,1
2026-07-03 04:29:00+00:00,0.6929,0.6929,0.6929,0.6929,5
2026-07-03 04:34:00+00:00,0.693,0.693,0.693,0.693,5
2026-07-03 04:35:00+00:00,0.6929,0.6929,0.6929,0.6929,5
2026-07-03 04:36:00+00:00,0.692,0.692,0.692,0.692,1
2026-07-03 04:36:00+00:00,0.693,0.6931,0.693,0.6931,17
2026-07-03 04:37:00+00:00,0.6931,0.6932,0.6931,0.6931,11
2026-07-03 04:40:00+00:00,0.6931,0.6931,0.6931,0.6931,8
2026-07-03 04:42:00+00:00,0.6931,0.6931,0.6931,0.6931,2
2026-07-03 04:43:00+00:00,0.6921,0.6921,0.6921,0.6921,1
2026-07-03 04:52:00+00:00,0.6931,0.6931,0.6931,0.6931,1
2026-07-03 04:53:00+00:00,0.6931,0.6931,0.6931,0.6931,50
2026-07-03 04:54:00+00:00,0.693,0.693,0.693,0.693,20
2026-07-03 04:56:00+00:00,0.693,0.693,0.693,0.693,1
2026-07-03 05:00:00+00:00,0.6929,0.6929,0.6929,0.6929,22
2026-07-03 05:06:00+00:00,0.6931,0.6931,0.6931,0.6931,5
2026-07-03 05:07:00+00:00,0.6932,0.6933,0.6932,0.6933,25
2026-07-03 05:12:00+00:00,0.6932,0.6932,0.6932,0.6932,1
2026-07-03 05:13:00+00:00,0.6933,0.6933,0.6933,0.6933,6
2026-07-03 05:14:00+00:00,0.6933,0.6933,0.6933,0.6933,2
2026-07-03 05:15:00+00:00,0.6934,0.6935,0.6934,0.6934,25
2026-07-03 05:17:00+00:00,0.6934,0.6934,0.6934,0.6934,3
2026-07-03 05:18:00+00:00,0.6934,0.6934,0.6933,0.6933,6
2026-07-03 05:21:00+00:00,0.6932,0.6932,0.6932,0.6932,28
2026-07-03 05:23:00+00:00,0.6932,0.6932,0.6931,0.6931,4
2026-07-03 05:24:00+00:00,0.6931,0.6932,0.6931,0.6932,11
2026-07-03 05:25:00+00:00,0.6932,0.6932,0.6932,0.6932,2
2026-07-03 05:26:00+00:00,0.6932,0.6932,0.6932,0.6932,1
2026-07-03 05:28:00+00:00,0.6933,0.6933,0.6933,0.6933,5
2026-07-03 05:30:00+00:00,0.6933,0.6933,0.6933,0.6933,3
2026-07-03 05:34:00+00:00,0.6934,0.6934,0.6934,0.6934,1
2026-07-03 05:35:00+00:00,0.6935,0.6935,0.6934,0.6934,50
2026-07-03 05:36:00+00:00,0.6933,0.6933,0.6933,0.6933,1
2026-07-03 05:38:00+00:00,0.6934,0.6934,0.6934,0.6934,1
2026-07-03 05:46:00+00:00,0.6931,0.6931,0.6931,0.6931,3
2026-07-03 05:47:00+00:00,0.6931,0.6931,0.6931,0.6931,7
2026-07-03 05:49:00+00:00,0.6931,0.6931,0.6931,0.6931,7
2026-07-03 05:53:00+00:00,0.6933,0.6933,0.6933,0.6933,5
2026-07-03 05:54:00+00:00,0.6932,0.6932,0.6932,0.6932,1
2026-07-03 05:55:00+00:00,0.6932,0.6932,0.6931,0.6931,26
2026-07-03 05:57:00+00:00,0.693,0.693,0.693,0.693,1
2026-07-03 05:58:00+00:00,0.693,0.693,0.693,0.693,3
2026-07-03 06:00:00+00:00,0.6931,0.6931,0.6931,0.6931,7
2026-07-03 06:02:00+00:00,0.6932,0.6932,0.6932,0.6932,1
2026-07-03 06:03:00+00:00,0.6932,0.6933,0.6932,0.6933,6
2026-07-03 06:04:00+00:00,0.6933,0.6934,0.6933,0.6934,5
2026-07-03 06:05:00+00:00,0.6935,0.6935,0.6935,0.6935,2
2026-07-03 06:06:00+00:00,0.6936,0.6937,0.6936,0.6937,13
2026-07-03 06:08:00+00:00,0.6934,0.6934,0.6934,0.6934,1
2026-07-03 06:09:00+00:00,0.6935,0.6935,0.6935,0.6935,1
2026-07-03 06:12:00+00:00,0.6935,0.6935,0.6935,0.6935,1
2026-07-03 06:13:00+00:00,0.6935,0.6935,0.6935,0.6935,1
2026-07-03 06:14:00+00:00,0.6935,0.6935,0.6935,0.6935,1
2026-07-03 06:15:00+00:00,0.6936,0.6937,0.6936,0.6937,23
2026-07-03 06:16:00+00:00,0.6937,0.6938,0.6937,0.6938,2
2026-07-03 06:17:00+00:00,0.6938,0.6938,0.6938,0.6938,2
2026-07-03 06:21:00+00:00,0.6936,0.6936,0.6936,0.6936,1
2026-07-03 06:22:00+00:00,0.6936,0.6936,0.6936,0.6936,5
2026-07-03 06:23:00+00:00,0.6935,0.6935,0.6935,0.6935,1
2026-07-03 06:24:00+00:00,0.6934,0.6934,0.6933,0.6933,2
2026-07-03 06:25:00+00:00,0.6935,0.6935,0.6935,0.6935,3
2026-07-03 06:28:00+00:00,0.6936,0.6936,0.6936,0.6936,1
2026-07-03 06:29:00+00:00,0.6936,0.6937,0.6936,0.6937,10
2026-07-03 06:30:00+00:00,0.6937,0.6937,0.6937,0.6937,5
2026-07-03 06:31:00+00:00,0.6938,0.6938,0.6938,0.6938,2
2026-07-03 06:32:00+00:00,0.6936,0.6936,0.6936,0.6936,5
2026-07-03 06:34:00+00:00,0.6938,0.694,0.6938,0.6939,73
2026-07-03 06:35:00+00:00,0.6939,0.6939,0.6939,0.6939,1
2026-07-03 06:38:00+00:00,0.6938,0.694,0.6938,0.694,13
2026-07-03 06:39:00+00:00,0.6939,0.6939,0.6939,0.6939,9
2026-07-03 06:42:00+00:00,0.6938,0.6938,0.6938,0.6938,1
2026-07-03 06:43:00+00:00,0.6938,0.6938,0.6938,0.6938,1
2026-07-03 06:45:00+00:00,0.6939,0.6939,0.6939,0.6939,5
2026-07-03 06:46:00+00:00,0.694,0.694,0.6938,0.6939,9
2026-07-03 06:47:00+00:00,0.6939,0.6939,0.6939,0.6939,1
2026-07-03 06:51:00+00:00,0.6937,0.6937,0.6937,0.6937,1
2026-07-03 06:54:00+00:00,0.6935,0.6935,0.6935,0.6935,1
2026-07-03 06:55:00+00:00,0.6936,0.6936,0.6936,0.6936,1
2026-07-03 06:57:00+00:00,0.6934,0.6934,0.6934,0.6934,2
2026-07-03 06:58:00+00:00,0.6935,0.6935,0.6935,0.6935,2
2026-07-03 06:59:00+00:00,0.6935,0.6935,0.6935,0.6935,5
2026-07-03 07:00:00+00:00,0.6934,0.6935,0.6934,0.6934,6
2026-07-03 07:01:00+00:00,0.6933,0.6934,0.6933,0.6934,3
2026-07-03 07:04:00+00:00,0.6934,0.6934,0.6934,0.6934,1
2026-07-03 07:06:00+00:00,0.6934,0.6934,0.6934,0.6934,1
2026-07-03 07:10:00+00:00,0.6936,0.6936,0.6936,0.6936,3
2026-07-03 07:10:00+00:00,0.6928,0.6928,0.6928,0.6928,2
2026-07-03 07:12:00+00:00,0.6935,0.6935,0.6935,0.6935,1
2026-07-03 07:15:00+00:00,0.6935,0.6935,0.6935,0.6935,1
2026-07-03 07:16:00+00:00,0.6935,0.6935,0.6935,0.6935,2
2026-07-03 07:20:00+00:00,0.6935,0.6935,0.6935,0.6935,5
2026-07-03 07:21:00+00:00,0.6935,0.6935,0.6935,0.6935,2
2026-07-03 07:24:00+00:00,0.6936,0.6936,0.6936,0.6936,3
2026-07-03 07:25:00+00:00,0.6936,0.6937,0.6936,0.6937,2
2026-07-03 07:27:00+00:00,0.6938,0.6938,0.6938,0.6938,1
2026-07-03 07:28:00+00:00,0.6938,0.6938,0.6938,0.6938,2
2026-07-03 07:29:00+00:00,0.6938,0.6938,0.6938,0.6938,8
2026-07-03 07:30:00+00:00,0.6939,0.6939,0.6939,0.6939,1
2026-07-03 07:31:00+00:00,0.6937,0.6937,0.6935,0.6935,21
2026-07-03 07:32:00+00:00,0.6935,0.6935,0.6935,0.6935,1
2026-07-03 07:33:00+00:00,0.6935,0.6935,0.6935,0.6935,11
2026-07-03 07:35:00+00:00,0.6934,0.6934,0.6934,0.6934,5
2026-07-03 07:38:00+00:00,0.6935,0.6935,0.6935,0.6935,2
2026-07-03 07:40:00+00:00,0.6934,0.6934,0.6934,0.6934,3
2026-07-03 07:41:00+00:00,0.6934,0.6935,0.6934,0.6935,4
2026-07-03 07:44:00+00:00,0.6935,0.6935,0.6935,0.6935,1
2026-07-03 07:45:00+00:00,0.6934,0.6934,0.6934,0.6934,1
2026-07-03 07:50:00+00:00,0.6935,0.6935,0.6935,0.6935,1
2026-07-03 07:52:00+00:00,0.6937,0.6937,0.6937,0.6937,1
2026-07-03 07:53:00+00:00,0.6935,0.6935,0.6935,0.6935,1
2026-07-03 07:56:00+00:00,0.6938,0.6938,0.6938,0.6938,5
2026-07-03 07:57:00+00:00,0.6938,0.6938,0.6937,0.6937,8
2026-07-03 08:00:00+00:00,0.6937,0.6937,0.6937,0.6937,4
2026-07-03 08:08:00+00:00,0.6936,0.6936,0.6935,0.6935,2
2026-07-03 08:11:00+00:00,0.6935,0.6935,0.6935,0.6935,1
2026-07-03 08:12:00+00:00,0.6936,0.6936,0.6935,0.6935,8
2026-07-03 08:13:00+00:00,0.6935,0.6935,0.6935,0.6935,1
2026-07-03 08:20:00+00:00,0.6936,0.6936,0.6936,0.6936,1
2026-07-03 08:22:00+00:00,0.6936,0.6936,0.6936,0.6936,1
2026-07-03 08:24:00+00:00,0.6936,0.6936,0.6935,0.6935,4
2026-07-03 08:27:00+00:00,0.6936,0.6936,0.6936,0.6936,7
2026-07-03 08:28:00+00:00,0.6935,0.6935,0.6935,0.6935,1
2026-07-03 08:30:00+00:00,0.6934,0.6934,0.6934,0.6934,4
2026-07-03 08:31:00+00:00,0.6934,0.6934,0.6934,0.6934,1
2026-07-03 08:32:00+00:00,0.6934,0.6934,0.6934,0.6934,3
2026-07-03 08:33:00+00:00,0.6935,0.6935,0.6935,0.6935,3
2026-07-03 08:40:00+00:00,0.6934,0.6934,0.6934,0.6934,2
2026-07-03 08:41:00+00:00,0.6934,0.6934,0.6934,0.6934,1
2026-07-03 08:44:00+00:00,0.6934,0.6934,0.6934,0.6934,2
2026-07-03 08:45:00+00:00,0.6934,0.6934,0.6934,0.6934,1
2026-07-03 08:46:00+00:00,0.6934,0.6934,0.6934,0.6934,1
2026-07-03 08:49:00+00:00,0.6933,0.6933,0.6933,0.6933,2
2026-07-03 08:50:00+00:00,0.6933,0.6933,0.6933,0.6933,6
2026-07-03 08:51:00+00:00,0.6932,0.6932,0.6932,0.6932,1
2026-07-03 08:53:00+00:00,0.6932,0.6932,0.6932,0.6932,2
2026-07-03 08:57:00+00:00,0.6932,0.6932,0.6931,0.6931,11
2026-07-03 09:00:00+00:00,0.6931,0.6931,0.6931,0.6931,3
2026-07-03 09:04:00+00:00,0.6932,0.6932,0.6932,0.6932,1
2026-07-03 09:13:00+00:00,0.6933,0.6933,0.6933,0.6933,6
2026-07-03 09:14:00+00:00,0.6933,0.6933,0.6933,0.6933,3
2026-07-03 09:15:00+00:00,0.6921,0.6921,0.6921,0.6921,2
2026-07-03 09:15:00+00:00,0.6933,0.6933,0.6933,0.6933,2
2026-07-03 09:21:00+00:00,0.6934,0.6934,0.6934,0.6934,1
2026-07-03 09:22:00+00:00,0.6933,0.6933,0.6933,0.6933,1
2026-07-03 09:24:00+00:00,0.6932,0.6932,0.6932,0.6932,1
2026-07-03 09:26:00+00:00,0.6931,0.6931,0.6931,0.6931,2
2026-07-03 09:27:00+00:00,0.6931,0.6931,0.6931,0.6931,1
2026-07-03 09:29:00+00:00,0.6931,0.6931,0.6931,0.6931,5
2026-07-03 09:30:00+00:00,0.693,0.6931,0.693,0.6931,2
2026-07-03 09:31:00+00:00,0.6932,0.6932,0.6932,0.6932,2
2026-07-03 09:33:00+00:00,0.6932,0.6932,0.6932,0.6932,1
2026-07-03 09:34:00+00:00,0.6931,0.6931,0.6931,0.6931,1
2026-07-03 09:41:00+00:00,0.6932,0.6932,0.6931,0.6931,3
2026-07-03 09:45:00+00:00,0.6931,0.6931,0.6931,0.6931,5
2026-07-03 09:49:00+00:00,0.693,0.693,0.693,0.693,3
2026-07-03 09:50:00+00:00,0.693,0.6931,0.693,0.6931,19
2026-07-03 09:51:00+00:00,0.6929,0.6929,0.6929,0.6929,3
2026-07-03 09:52:00+00:00,0.6929,0.6929,0.6929,0.6929,1
2026-07-03 09:56:00+00:00,0.6929,0.6929,0.6929,0.6929,1
2026-07-03 09:57:00+00:00,0.6929,0.6929,0.6929,0.6929,2
2026-07-03 09:59:00+00:00,0.6928,0.6929,0.6928,0.6929,20
2026-07-03 10:00:00+00:00,0.6927,0.6928,0.6927,0.6928,6
2026-07-03 10:01:00+00:00,0.693,0.693,0.693,0.693,2
2026-07-03 10:03:00+00:00,0.693,0.693,0.693,0.693,1
2026-07-03 10:06:00+00:00,0.6929,0.6929,0.6929,0.6929,2
2026-07-03 10:08:00+00:00,0.693,0.693,0.693,0.693,8
2026-07-03 10:09:00+00:00,0.6931,0.6931,0.6931,0.6931,1
2026-07-03 10:12:00+00:00,0.6931,0.6931,0.6931,0.6931,2
2026-07-03 10:17:00+00:00,0.6929,0.6929,0.6929,0.6929,10
2026-07-03 10:23:00+00:00,0.6929,0.6929,0.6929,0.6929,1
2026-07-03 10:24:00+00:00,0.6929,0.6929,0.6929,0.6929,1
2026-07-03 10:26:00+00:00,0.6929,0.6929,0.6929,0.6929,8
2026-07-03 10:27:00+00:00,0.6929,0.6929,0.6929,0.6929,2
2026-07-03 10:30:00+00:00,0.6929,0.6929,0.6929,0.6929,8
2026-07-03 10:31:00+00:00,0.6929,0.6929,0.6929,0.6929,1
2026-07-03 10:41:00+00:00,0.6928,0.6928,0.6928,0.6928,10
2026-07-03 10:50:00+00:00,0.6929,0.6929,0.6929,0.6929,4
2026-07-03 10:51:00+00:00,0.693,0.6931,0.693,0.6931,3
2026-07-03 10:56:00+00:00,0.693,0.693,0.693,0.693,12
2026-07-03 10:59:00+00:00,0.693,0.693,0.693,0.693,3
2026-07-03 11:00:00+00:00,0.6929,0.6929,0.6929,0.6929,2
2026-07-03 11:04:00+00:00,0.6929,0.6929,0.6929,0.6929,1
2026-07-03 11:06:00+00:00,0.693,0.693,0.693,0.693,1
2026-07-03 11:14:00+00:00,0.6933,0.6933,0.6933,0.6933,3
2026-07-03 11:16:00+00:00,0.6933,0.6933,0.6933,0.6933,3
2026-07-03 11:17:00+00:00,0.6933,0.6933,0.6933,0.6933,4
2026-07-03 11:19:00+00:00,0.6932,0.6932,0.6932,0.6932,3
2026-07-03 11:22:00+00:00,0.6932,0.6932,0.6932,0.6932,1
2026-07-03 11:24:00+00:00,0.6934,0.6934,0.6934,0.6934,8
2026-07-03 11:25:00+00:00,0.6933,0.6934,0.6933,0.6934,2
2026-07-03 11:28:00+00:00,0.6932,0.6932,0.6932,0.6932,1
2026-07-03 11:30:00+00:00,0.6932,0.6932,0.6932,0.6932,1
2026-07-03 11:36:00+00:00,0.6931,0.6931,0.6931,0.6931,4
2026-07-03 11:37:00+00:00,0.693,0.693,0.693,0.693,1
2026-07-03 11:38:00+00:00,0.6929,0.6929,0.6929,0.6929,1
2026-07-03 11:39:00+00:00,0.693,0.693,0.693,0.693,2
2026-07-03 11:45:00+00:00,0.6931,0.6931,0.6931,0.6931,1
2026-07-03 11:51:00+00:00,0.6931,0.6931,0.6931,0.6931,10
2026-07-03 11:54:00+00:00,0.6931,0.6931,0.6931,0.6931,1
2026-07-03 11:57:00+00:00,0.693,0.693,0.693,0.693,1
2026-07-03 12:01:00+00:00,0.693,0.693,0.693,0.693,2
2026-07-03 12:10:00+00:00,0.693,0.693,0.693,0.693,6
2026-07-03 12:11:00+00:00,0.693,0.693,0.6929,0.6929,24
2026-07-03 12:12:00+00:00,0.693,0.693,0.693,0.693,2
2026-07-03 12:15:00+00:00,0.693,0.693,0.693,0.693,8
2026-07-03 12:19:00+00:00,0.693,0.693,0.693,0.693,1
2026-07-03 12:20:00+00:00,0.6928,0.6928,0.6928,0.6928,1
2026-07-03 12:23:00+00:00,0.6929,0.6929,0.6929,0.6929,1
2026-07-03 12:24:00+00:00,0.6929,0.6929,0.6929,0.6929,3
2026-07-03 12:25:00+00:00,0.6929,0.6929,0.6929,0.6929,17
2026-07-03 12:26:00+00:00,0.693,0.693,0.6929,0.6929,3
2026-07-03 12:27:00+00:00,0.6929,0.6929,0.6929,0.6929,37
2026-07-03 12:37:00+00:00,0.6931,0.6931,0.6931,0.6931,1
2026-07-03 12:40:00+00:00,0.6931,0.6931,0.693,0.693,2
2026-07-03 12:52:00+00:00,0.6929,0.6929,0.6929,0.6929,1
2026-07-03 12:59:00+00:00,0.6928,0.6928,0.6928,0.6928,5
2026-07-03 13:00:00+00:00,0.6928,0.6928,0.6928,0.6928,1
2026-07-03 13:05:00+00:00,0.6929,0.6929,0.6929,0.6929,2
2026-07-03 13:11:00+00:00,0.6927,0.6927,0.6926,0.6927,32
2026-07-03 13:13:00+00:00,0.6927,0.6927,0.6927,0.6927,1
2026-07-03 13:18:00+00:00,0.6927,0.6927,0.6927,0.6927,6
2026-07-03 13:21:00+00:00,0.6927,0.6927,0.6927,0.6927,7
2026-07-03 13:22:00+00:00,0.6928,0.6929,0.6928,0.6928,7
2026-07-03 13:28:00+00:00,0.6929,0.6929,0.6929,0.6929,7
2026-07-03 13:33:00+00:00,0.6927,0.6927,0.6927,0.6927,12
2026-07-03 13:36:00+00:00,0.6927,0.6927,0.6927,0.6927,8
2026-07-03 13:37:00+00:00,0.6927,0.6927,0.6926,0.6927,35
2026-07-03 13:38:00+00:00,0.6926,0.6926,0.6926,0.6926,1
2026-07-03 13:43:00+00:00,0.6927,0.6927,0.6927,0.6927,9
2026-07-03 13:49:00+00:00,0.6927,0.6927,0.6927,0.6927,8
2026-07-03 13:54:00+00:00,0.6926,0.6926,0.6926,0.6926,15
2026-07-03 13:59:00+00:00,0.6926,0.6926,0.6926,0.6926,1
2026-07-03 14:01:00+00:00,0.6928,0.6928,0.6927,0.6927,2
2026-07-03 14:02:00+00:00,0.6927,0.6927,0.6927,0.6927,1
2026-07-03 14:04:00+00:00,0.6928,0.6928,0.6927,0.6927,2
2026-07-03 14:13:00+00:00,0.6928,0.6928,0.6928,0.6928,12
2026-07-03 14:15:00+00:00,0.6928,0.6928,0.6928,0.6928,1
2026-07-03 14:18:00+00:00,0.6928,0.6928,0.6928,0.6928,1
2026-07-03 14:19:00+00:00,0.6927,0.6927,0.6927,0.6927,1
2026-07-03 14:20:00+00:00,0.6927,0.6927,0.6927,0.6927,1
2026-07-03 14:22:00+00:00,0.6926,0.6926,0.6926,0.6926,5
2026-07-03 14:23:00+00:00,0.6927,0.6927,0.6926,0.6926,2
2026-07-03 14:25:00+00:00,0.6926,0.6927,0.6926,0.6927,2
2026-07-03 14:27:00+00:00,0.6928,0.6928,0.6928,0.6928,8
2026-07-03 14:28:00+00:00,0.6929,0.6929,0.6929,0.6929,3
2026-07-03 14:29:00+00:00,0.693,0.693,0.693,0.693,4
2026-07-03 14:29:00+00:00,0.6921,0.6921,0.6921,0.6921,2
2026-07-03 14:30:00+00:00,0.693,0.693,0.693,0.693,4
2026-07-03 14:32:00+00:00,0.6929,0.6929,0.6929,0.6929,1
2026-07-03 14:37:00+00:00,0.6928,0.6928,0.6928,0.6928,1
2026-07-03 14:41:00+00:00,0.6929,0.6929,0.6929,0.6929,1
2026-07-03 14:43:00+00:00,0.6928,0.6928,0.6928,0.6928,3
2026-07-03 14:51:00+00:00,0.6929,0.6929,0.6929,0.6929,1
2026-07-03 14:52:00+00:00,0.6929,0.6929,0.6929,0.6929,4
2026-07-03 14:56:00+00:00,0.6928,0.6928,0.6926,0.6926,9
2026-07-03 14:57:00+00:00,0.6926,0.6926,0.6926,0.6926,11
2026-07-03 14:58:00+00:00,0.6927,0.6927,0.6927,0.6927,1
2026-07-03 15:03:00+00:00,0.6926,0.6926,0.6926,0.6926,1
2026-07-03 15:05:00+00:00,0.6927,0.6927,0.6926,0.6926,4
2026-07-03 15:07:00+00:00,0.6927,0.6927,0.6927,0.6927,3
2026-07-03 15:08:00+00:00,0.6927,0.6927,0.6927,0.6927,3
2026-07-03 15:09:00+00:00,0.6928,0.6928,0.6928,0.6928,4
2026-07-03 15:10:00+00:00,0.6928,0.6928,0.6928,0.6928,3
2026-07-03 15:12:00+00:00,0.6928,0.6928,0.6928,0.6928,1
2026-07-03 15:15:00+00:00,0.6927,0.6927,0.6927,0.6927,7
2026-07-03 15:23:00+00:00,0.6926,0.6926,0.6926,0.6926,1
2026-07-03 15:24:00+00:00,0.6927,0.6927,0.6926,0.6926,8
2026-07-03 15:27:00+00:00,0.6926,0.6926,0.6926,0.6926,1
2026-07-03 15:32:00+00:00,0.6926,0.6926,0.6926,0.6926,1
2026-07-03 15:46:00+00:00,0.6927,0.6927,0.6927,0.6927,2
2026-07-03 15:48:00+00:00,0.6928,0.6928,0.6928,0.6928,1
2026-07-03 15:55:00+00:00,0.6926,0.6926,0.6926,0.6926,7
2026-07-03 15:56:00+00:00,0.6926,0.6927,0.6926,0.6927,12
2026-07-03 15:57:00+00:00,0.6928,0.6928,0.6928,0.6928,2
2026-07-03 16:16:00+00:00,0.6927,0.6927,0.6927,0.6927,7
2026-07-03 16:21:00+00:00,0.6928,0.6928,0.6928,0.6928,14
2026-07-03 16:25:00+00:00,0.6929,0.6929,0.6928,0.6928,3
2026-07-03 16:38:00+00:00,0.6928,0.6928,0.6928,0.6928,1
2026-07-03 16:40:00+00:00,0.6927,0.6927,0.6927,0.6927,5
2026-07-03 16:41:00+00:00,0.6927,0.6927,0.6926,0.6926,11
2026-07-03 16:42:00+00:00,0.6927,0.6927,0.6927,0.6927,5
2026-07-03 16:44:00+00:00,0.6927,0.6927,0.6927,0.6927,6
2026-07-03 16:45:00+00:00,0.6928,0.6928,0.6926,0.6926,8
2026-07-03 16:47:00+00:00,0.6927,0.6927,0.6927,0.6927,1
2026-07-03 16:50:00+00:00,0.6929,0.6929,0.6929,0.6929,1
2026-07-03 16:52:00+00:00,0.6927,0.6928,0.6927,0.6928,3
2026-07-03 16:54:00+00:00,0.6928,0.6928,0.6928,0.6928,11
2026-07-03 16:58:00+00:00,0.6928,0.6928,0.6928,0.6928,2
2026-07-03 16:59:00+00:00,0.6929,0.6929,0.6928,0.6928,10
2026-07-05 22:00:00+00:00,0.6929,0.6937,0.6924,0.6931,45
2026-07-05 22:05:00+00:00,0.6931,0.6931,0.6931,0.6931,1
2026-07-05 22:08:00+00:00,0.6929,0.6929,0.6929,0.6929,1
2026-07-05 22:09:00+00:00,0.6928,0.693,0.6928,0.693,4
2026-07-05 22:10:00+00:00,0.6928,0.6928,0.6928,0.6928,14
2026-07-05 22:11:00+00:00,0.6929,0.6931,0.6929,0.6929,7
2026-07-05 22:13:00+00:00,0.693,0.693,0.693,0.693,1
2026-07-05 22:16:00+00:00,0.6928,0.6928,0.6928,0.6928,1
2026-07-05 22:18:00+00:00,0.6927,0.6927,0.6927,0.6927,1
2026-07-05 22:22:00+00:00,0.6929,0.6929,0.6929,0.6929,3
2026-07-05 22:33:00+00:00,0.6928,0.6928,0.6928,0.6928,1
2026-07-05 22:34:00+00:00,0.6928,0.6928,0.6928,0.6928,2
2026-07-05 22:40:00+00:00,0.6929,0.693,0.6929,0.693,5
2026-07-05 22:41:00+00:00,0.6929,0.6929,0.6928,0.6928,6
2026-07-05 22:47:00+00:00,0.6929,0.6929,0.6929,0.6929,2
2026-07-05 22:50:00+00:00,0.6928,0.6928,0.6928,0.6928,2
2026-07-05 22:52:00+00:00,0.6928,0.6928,0.6928,0.6928,2
2026-07-05 23:00:00+00:00,0.6928,0.6928,0.6928,0.6928,1
2026-07-05 23:04:00+00:00,0.6927,0.6927,0.6927,0.6927,1
2026-07-05 23:05:00+00:00,0.6927,0.6927,0.6927,0.6927,6
2026-07-05 23:07:00+00:00,0.6928,0.6928,0.6928,0.6928,2
2026-07-05 23:09:00+00:00,0.6928,0.6928,0.6928,0.6928,28
2026-07-05 23:10:00+00:00,0.6926,0.6926,0.6926,0.6926,1
2026-07-05 23:11:00+00:00,0.6927,0.6927,0.6927,0.6927,3
2026-07-05 23:13:00+00:00,0.6927,0.6927,0.6927,0.6927,29
2026-07-05 23:15:00+00:00,0.6927,0.6927,0.6926,0.6926,6
2026-07-05 23:17:00+00:00,0.6927,0.6927,0.6927,0.6927,5
2026-07-05 23:28:00+00:00,0.6929,0.6929,0.6929,0.6929,7
2026-07-05 23:30:00+00:00,0.6929,0.6929,0.6929,0.6929,25
2026-07-05 23:36:00+00:00,0.6928,0.6928,0.6928,0.6928,2
2026-07-05 23:38:00+00:00,0.6929,0.6929,0.6929,0.6929,1
2026-07-05 23:42:00+00:00,0.6929,0.6929,0.6929,0.6929,4
2026-07-05 23:56:00+00:00,0.6928,0.6928,0.6928,0.6928,8
2026-07-05 23:57:00+00:00,0.6929,0.6929,0.6929,0.6929,1
2026-07-06 00:00:00+00:00,0.6928,0.6928,0.6925,0.6925,8
2026-07-06 00:01:00+00:00,0.6925,0.6925,0.6923,0.6924,17
2026-07-06 00:02:00+00:00,0.6924,0.6924,0.6924,0.6924,1
2026-07-06 00:03:00+00:00,0.6924,0.6924,0.6924,0.6924,1
2026-07-06 00:04:00+00:00,0.6924,0.6924,0.6924,0.6924,9
2026-07-06 00:06:00+00:00,0.6924,0.6924,0.6924,0.6924,16
2026-07-06 00:07:00+00:00,0.6923,0.6923,0.6922,0.6922,9
2026-07-06 00:08:00+00:00,0.6923,0.6923,0.6923,0.6923,1
2026-07-06 00:10:00+00:00,0.6923,0.6923,0.6923,0.6923,4
2026-07-06 00:15:00+00:00,0.6926,0.6926,0.6926,0.6926,1
2026-07-06 00:16:00+00:00,0.6927,0.6928,0.6927,0.6928,3
2026-07-06 00:17:00+00:00,0.6929,0.6929,0.6929,0.6929,4
2026-07-06 00:21:00+00:00,0.6928,0.6928,0.6928,0.6928,2
2026-07-06 00:22:00+00:00,0.6928,0.6929,0.6928,0.6929,10
2026-07-06 00:23:00+00:00,0.6928,0.6928,0.6928,0.6928,1
2026-07-06 00:36:00+00:00,0.6925,0.6926,0.6925,0.6926,11
2026-07-06 00:37:00+00:00,0.6928,0.6928,0.6928,0.6928,5
2026-07-06 00:39:00+00:00,0.6928,0.6928,0.6928,0.6928,1
2026-07-06 00:40:00+00:00,0.6929,0.6929,0.6929,0.6929,1
2026-07-06 00:44:00+00:00,0.6929,0.6929,0.6929,0.6929,3
2026-07-06 00:45:00+00:00,0.693,0.693,0.693,0.693,2
2026-07-06 00:48:00+00:00,0.693,0.693,0.693,0.693,2
2026-07-06 00:50:00+00:00,0.6929,0.693,0.6928,0.6928,18
2026-07-06 00:54:00+00:00,0.6927,0.6927,0.6927,0.6927,5
2026-07-06 00:55:00+00:00,0.6927,0.6927,0.6927,0.6927,1
2026-07-06 00:58:00+00:00,0.6927,0.6927,0.6926,0.6926,7
2026-07-06 01:00:00+00:00,0.6924,0.6924,0.6924,0.6924,18
2026-07-06 01:01:00+00:00,0.6925,0.6925,0.6925,0.6925,20
2026-07-06 01:03:00+00:00,0.6926,0.6926,0.6925,0.6925,13
2026-07-06 01:04:00+00:00,0.6925,0.6925,0.6925,0.6925,9
2026-07-06 01:05:00+00:00,0.6925,0.6925,0.6924,0.6924,15
2026-07-06 01:06:00+00:00,0.6924,0.6924,0.6924,0.6924,54
2026-07-06 01:07:00+00:00,0.6924,0.6925,0.6924,0.6925,25
2026-07-06 01:08:00+00:00,0.6925,0.6926,0.6925,0.6926,4
2026-07-06 01:09:00+00:00,0.6926,0.6926,0.6926,0.6926,4
2026-07-06 01:10:00+00:00,0.6928,0.6928,0.6928,0.6928,5
2026-07-06 01:12:00+00:00,0.6926,0.6926,0.6926,0.6926,2
2026-07-06 01:22:00+00:00,0.6924,0.6924,0.6924,0.6924,1
2026-07-06 01:24:00+00:00,0.6924,0.6924,0.6924,0.6924,11
2026-07-06 01:25:00+00:00,0.6924,0.6924,0.6924,0.6924,2
2026-07-06 01:26:00+00:00,0.6924,0.6924,0.6922,0.6922,44
2026-07-06 01:27:00+00:00,0.6923,0.6923,0.6923,0.6923,4
2026-07-06 01:31:00+00:00,0.6924,0.6924,0.6924,0.6924,1
2026-07-06 01:32:00+00:00,0.6926,0.6926,0.6926,0.6926,5
2026-07-06 01:39:00+00:00,0.6926,0.6926,0.6926,0.6926,1
2026-07-06 01:40:00+00:00,0.6926,0.6926,0.6926,0.6926,1
2026-07-06 01:41:00+00:00,0.6926,0.6926,0.6926,0.6926,1
2026-07-06 01:42:00+00:00,0.6926,0.6926,0.6926,0.6926,1
2026-07-06 01:47:00+00:00,0.6926,0.6926,0.6926,0.6926,6
2026-07-06 01:49:00+00:00,0.6925,0.6925,0.6925,0.6925,4
2026-07-06 01:50:00+00:00,0.6913,0.6913,0.6913,0.6913,1
2026-07-06 01:51:00+00:00,0.6922,0.6922,0.6922,0.6922,6
2026-07-06 01:53:00+00:00,0.6923,0.6923,0.6923,0.6923,1
2026-07-06 01:55:00+00:00,0.6923,0.6923,0.6923,0.6923,1
2026-07-06 01:56:00+00:00,0.6923,0.6923,0.6923,0.6923,1
2026-07-06 01:57:00+00:00,0.6922,0.6922,0.6922,0.6922,7
2026-07-06 01:58:00+00:00,0.6921,0.6921,0.692,0.692,17
2026-07-06 02:00:00+00:00,0.6922,0.6922,0.6922,0.6922,1
2026-07-06 02:01:00+00:00,0.6923,0.6923,0.6923,0.6923,1
2026-07-06 02:03:00+00:00,0.6923,0.6923,0.6923,0.6923,1
2026-07-06 02:05:00+00:00,0.6922,0.6922,0.6922,0.6922,2
2026-07-06 02:09:00+00:00,0.6921,0.6922,0.6921,0.6922,3
2026-07-06 02:12:00+00:00,0.6922,0.6922,0.6922,0.6922,1
2026-07-06 02:19:00+00:00,0.6921,0.6921,0.6921,0.6921,1
2026-07-06 02:21:00+00:00,0.6922,0.6922,0.6922,0.6922,3
2026-07-06 02:25:00+00:00,0.6923,0.6923,0.6922,0.6922,2
2026-07-06 02:30:00+00:00,0.692,0.692,0.692,0.692,1
2026-07-06 02:31:00+00:00,0.692,0.692,0.692,0.692,1
2026-07-06 02:32:00+00:00,0.6919,0.692,0.6919,0.692,2
2026-07-06 02:33:00+00:00,0.6921,0.6921,0.6919,0.6919,3
2026-07-06 02:36:00+00:00,0.6919,0.692,0.6918,0.692,18
2026-07-06 02:44:00+00:00,0.6919,0.6919,0.6919,0.6919,1
2026-07-06 02:45:00+00:00,0.692,0.692,0.692,0.692,1
2026-07-06 02:47:00+00:00,0.6921,0.6921,0.6921,0.6921,1
2026-07-06 02:50:00+00:00,0.692,0.692,0.692,0.692,13
2026-07-06 02:51:00+00:00,0.692,0.692,0.692,0.692,1
2026-07-06 02:52:00+00:00,0.6921,0.6921,0.6921,0.6921,1
2026-07-06 02:54:00+00:00,0.6921,0.6921,0.6921,0.6921,2
2026-07-06 02:55:00+00:00,0.692,0.692,0.692,0.692,7
2026-07-06 02:56:00+00:00,0.692,0.692,0.692,0.692,5
2026-07-06 02:57:00+00:00,0.6921,0.6921,0.6921,0.6921,1
2026-07-06 03:05:00+00:00,0.692,0.6921,0.692,0.6921,5
2026-07-06 03:10:00+00:00,0.692,0.692,0.692,0.692,4
2026-07-06 03:11:00+00:00,0.692,0.692,0.692,0.692,3
2026-07-06 03:13:00+00:00,0.6919,0.6919,0.6918,0.6918,9
2026-07-06 03:13:00+00:00,0.6908,0.6908,0.6908,0.6908,1
2026-07-06 03:14:00+00:00,0.6918,0.6918,0.6918,0.6918,1
2026-07-06 03:15:00+00:00,0.6917,0.6917,0.6917,0.6917,64
2026-07-06 03:16:00+00:00,0.6917,0.6918,0.6917,0.6918,13
2026-07-06 03:19:00+00:00,0.6918,0.6918,0.6918,0.6918,2
2026-07-06 03:20:00+00:00,0.6916,0.6917,0.6916,0.6917,24
2026-07-06 03:21:00+00:00,0.6917,0.6917,0.6917,0.6917,4
2026-07-06 03:22:00+00:00,0.6915,0.6915,0.6913,0.6914,22
2026-07-06 03:24:00+00:00,0.6913,0.6914,0.6913,0.6914,6
2026-07-06 03:27:00+00:00,0.6915,0.6915,0.6915,0.6915,6
2026-07-06 03:28:00+00:00,0.6915,0.6915,0.6915,0.6915,3
2026-07-06 03:30:00+00:00,0.6916,0.6916,0.6915,0.6915,4
2026-07-06 03:31:00+00:00,0.6914,0.6914,0.6914,0.6914,2
2026-07-06 03:35:00+00:00,0.6915,0.6915,0.6915,0.6915,6
2026-07-06 03:38:00+00:00,0.6915,0.6915,0.6915,0.6915,2
2026-07-06 03:42:00+00:00,0.6915,0.6916,0.6915,0.6916,4
2026-07-06 03:44:00+00:00,0.6916,0.6916,0.6916,0.6916,5
2026-07-06 03:45:00+00:00,0.6917,0.6917,0.6917,0.6917,1
2026-07-06 03:47:00+00:00,0.6917,0.6917,0.6917,0.6917,9
2026-07-06 04:03:00+00:00,0.6917,0.6918,0.6917,0.6918,5
2026-07-06 04:06:00+00:00,0.6919,0.6919,0.6919,0.6919,2
2026-07-06 04:24:00+00:00,0.6922,0.6922,0.6922,0.6922,6
2026-07-06 04:25:00+00:00,0.6922,0.6922,0.6922,0.6922,6
2026-07-06 04:33:00+00:00,0.6924,0.6925,0.6924,0.6925,5
2026-07-06 04:34:00+00:00,0.6924,0.6924,0.6923,0.6923,4
2026-07-06 04:38:00+00:00,0.6924,0.6924,0.6924,0.6924,6
2026-07-06 04:40:00+00:00,0.6923,0.6923,0.6923,0.6923,9
2026-07-06 04:48:00+00:00,0.6925,0.6925,0.6925,0.6925,1
2026-07-06 04:54:00+00:00,0.6924,0.6924,0.6924,0.6924,1
2026-07-06 04:56:00+00:00,0.6924,0.6925,0.6924,0.6925,3
2026-07-06 04:57:00+00:00,0.6924,0.6924,0.6924,0.6924,1
2026-07-06 04:58:00+00:00,0.6925,0.6925,0.6925,0.6925,1
2026-07-06 04:59:00+00:00,0.6925,0.6925,0.6925,0.6925,5
2026-07-06 05:02:00+00:00,0.6923,0.6923,0.6923,0.6923,2
2026-07-06 05:03:00+00:00,0.6923,0.6923,0.6923,0.6923,4
2026-07-06 05:04:00+00:00,0.6922,0.6922,0.6922,0.6922,3
2026-07-06 05:10:00+00:00,0.6922,0.6922,0.6922,0.6922,1
2026-07-06 05:12:00+00:00,0.6923,0.6923,0.6923,0.6923,9
2026-07-06 05:14:00+00:00,0.6924,0.6924,0.6924,0.6924,1
2026-07-06 05:16:00+00:00,0.6924,0.6924,0.6924,0.6924,1
2026-07-06 05:17:00+00:00,0.6924,0.6924,0.6924,0.6924,1
2026-07-06 05:19:00+00:00,0.6923,0.6923,0.6923,0.6923,4
2026-07-06 05:21:00+00:00,0.6923,0.6923,0.6923,0.6923,2
2026-07-06 05:24:00+00:00,0.6923,0.6923,0.6923,0.6923,1
2026-07-06 05:36:00+00:00,0.6925,0.6925,0.6925,0.6925,2
2026-07-06 05:37:00+00:00,0.6926,0.6926,0.6926,0.6926,1
2026-07-06 05:38:00+00:00,0.6925,0.6925,0.6925,0.6925,1
2026-07-06 05:41:00+00:00,0.6926,0.6926,0.6925,0.6925,15
2026-07-06 05:42:00+00:00,0.6925,0.6925,0.6925,0.6925,1
2026-07-06 05:50:00+00:00,0.6925,0.6925,0.6925,0.6925,1
2026-07-06 05:57:00+00:00,0.6922,0.6922,0.6921,0.6921,6
2026-07-06 05:58:00+00:00,0.6922,0.6922,0.6922,0.6922,1
2026-07-06 06:00:00+00:00,0.6922,0.6922,0.6922,0.6922,1
2026-07-06 06:05:00+00:00,0.6922,0.6922,0.6922,0.6922,2
2026-07-06 06:10:00+00:00,0.6922,0.6922,0.6922,0.6922,2
2026-07-06 06:11:00+00:00,0.6923,0.6923,0.6923,0.6923,1
2026-07-06 06:12:00+00:00,0.6922,0.6922,0.6922,0.6922,1
2026-07-06 06:14:00+00:00,0.6922,0.6922,0.6922,0.6922,1
2026-07-06 06:15:00+00:00,0.692,0.692,0.692,0.692,3
2026-07-06 06:16:00+00:00,0.6919,0.6919,0.6918,0.6918,2
2026-07-06 06:18:00+00:00,0.692,0.692,0.692,0.692,2
2026-07-06 06:21:00+00:00,0.6921,0.6922,0.692,0.6922,4
2026-07-06 06:22:00+00:00,0.6922,0.6922,0.6922,0.6922,3
2026-07-06 06:24:00+00:00,0.6921,0.6921,0.6921,0.6921,3
2026-07-06 06:25:00+00:00,0.6922,0.6922,0.6922,0.6922,1
2026-07-06 06:29:00+00:00,0.6921,0.6922,0.6921,0.6921,9
2026-07-06 06:35:00+00:00,0.6923,0.6923,0.6923,0.6923,1
2026-07-06 06:36:00+00:00,0.6922,0.6922,0.6921,0.6921,2
2026-07-06 06:37:00+00:00,0.6921,0.6921,0.6921,0.6921,5
2026-07-06 06:39:00+00:00,0.6924,0.6924,0.6924,0.6924,1
2026-07-06 06:41:00+00:00,0.6924,0.6924,0.6924,0.6924,1
2026-07-06 06:46:00+00:00,0.6923,0.6923,0.6923,0.6923,10
2026-07-06 06:48:00+00:00,0.6922,0.6922,0.6922,0.6922,1
2026-07-06 06:50:00+00:00,0.6921,0.6921,0.6921,0.6921,1
2026-07-06 06:51:00+00:00,0.6922,0.6922,0.6922,0.6922,2
2026-07-06 06:53:00+00:00,0.692,0.692,0.692,0.692,1
2026-07-06 06:55:00+00:00,0.6919,0.6919,0.6919,0.6919,11
2026-07-06 06:56:00+00:00,0.6918,0.6918,0.6918,0.6918,1
2026-07-06 06:57:00+00:00,0.6917,0.6918,0.6917,0.6918,2
2026-07-06 07:01:00+00:00,0.6917,0.6918,0.6917,0.6918,4
2026-07-06 07:03:00+00:00,0.6919,0.6919,0.6919,0.6919,2
2026-07-06 07:13:00+00:00,0.6921,0.6921,0.6921,0.6921,4
2026-07-06 07:14:00+00:00,0.6921,0.6921,0.6921,0.6921,5
2026-07-06 07:19:00+00:00,0.6923,0.6923,0.6923,0.6923,1
2026-07-06 07:21:00+00:00,0.6922,0.6922,0.6922,0.6922,1
2026-07-06 07:23:00+00:00,0.6922,0.6922,0.6922,0.6922,1
2026-07-06 07:28:00+00:00,0.6921,0.6921,0.6921,0.6921,3
2026-07-06 07:30:00+00:00,0.692,0.692,0.692,0.692,3
2026-07-06 07:32:00+00:00,0.6922,0.6922,0.6922,0.6922,1
2026-07-06 07:35:00+00:00,0.6923,0.6923,0.6923,0.6923,1
2026-07-06 07:39:00+00:00,0.6925,0.6925,0.6925,0.6925,1
2026-07-06 07:41:00+00:00,0.6926,0.6926,0.6926,0.6926,1
2026-07-06 07:43:00+00:00,0.6925,0.6926,0.6925,0.6926,2
2026-07-06 07:44:00+00:00,0.6927,0.6928,0.6927,0.6928,17
2026-07-06 07:46:00+00:00,0.6928,0.6928,0.6928,0.6928,2
2026-07-06 07:48:00+00:00,0.6928,0.6928,0.6928,0.6928,4
2026-07-06 07:49:00+00:00,0.6928,0.6928,0.6928,0.6928,1
2026-07-06 07:52:00+00:00,0.6927,0.6927,0.6927,0.6927,1
2026-07-06 07:53:00+00:00,0.6926,0.6926,0.6926,0.6926,1
2026-07-06 07:55:00+00:00,0.6928,0.6928,0.6928,0.6928,12
2026-07-06 07:56:00+00:00,0.6928,0.6928,0.6928,0.6928,4
2026-07-06 08:00:00+00:00,0.6929,0.6929,0.6929,0.6929,3
2026-07-06 08:02:00+00:00,0.6927,0.6927,0.6927,0.6927,2
2026-07-06 08:03:00+00:00,0.6927,0.6927,0.6927,0.6927,7
2026-07-06 08:09:00+00:00,0.6926,0.6926,0.6926,0.6926,8
2026-07-06 08:10:00+00:00,0.6925,0.6925,0.6925,0.6925,7
2026-07-06 08:11:00+00:00,0.6923,0.6923,0.6922,0.6922,5
2026-07-06 08:12:00+00:00,0.6922,0.6922,0.6922,0.6922,1
2026-07-06 08:13:00+00:00,0.6923,0.6923,0.6923,0.6923,1
2026-07-06 08:18:00+00:00,0.6924,0.6924,0.6924,0.6924,1
2026-07-06 08:20:00+00:00,0.6924,0.6924,0.6924,0.6924,1
2026-07-06 08:23:00+00:00,0.6924,0.6924,0.6924,0.6924,1
2026-07-06 08:30:00+00:00,0.6923,0.6923,0.6923,0.6923,1
2026-07-06 08:33:00+00:00,0.6922,0.6922,0.6922,0.6922,1
2026-07-06 08:37:00+00:00,0.6923,0.6923,0.6923,0.6923,2
2026-07-06 08:38:00+00:00,0.6922,0.6922,0.6922,0.6922,1
2026-07-06 08:46:00+00:00,0.6921,0.6921,0.6921,0.6921,1
2026-07-06 08:48:00+00:00,0.6922,0.6922,0.6922,0.6922,1
2026-07-06 08:52:00+00:00,0.6922,0.6923,0.6922,0.6923,2
2026-07-06 08:55:00+00:00,0.6924,0.6924,0.6924,0.6924,1
2026-07-06 08:59:00+00:00,0.6924,0.6924,0.6924,0.6924,1
2026-07-06 09:11:00+00:00,0.6922,0.6922,0.6922,0.6922,1
2026-07-06 09:13:00+00:00,0.6922,0.6922,0.6922,0.6922,1
2026-07-06 09:14:00+00:00,0.6923,0.6923,0.6923,0.6923,1
2026-07-06 09:20:00+00:00,0.6923,0.6923,0.6923,0.6923,1
2026-07-06 09:24:00+00:00,0.6924,0.6924,0.6924,0.6924,2
2026-07-06 09:25:00+00:00,0.6924,0.6924,0.6924,0.6924,1
2026-07-06 09:30:00+00:00,0.6923,0.6923,0.6923,0.6923,5
2026-07-06 09:36:00+00:00,0.6923,0.6923,0.6923,0.6923,1
2026-07-06 09:38:00+00:00,0.6923,0.6923,0.6923,0.6923,1
2026-07-06 09:39:00+00:00,0.6923,0.6923,0.6923,0.6923,1
2026-07-06 09:45:00+00:00,0.6922,0.6923,0.6922,0.6923,3
2026-07-06 09:46:00+00:00,0.6922,0.6922,0.6922,0.6922,1
2026-07-06 09:53:00+00:00,0.6922,0.6922,0.6922,0.6922,1
2026-07-06 10:02:00+00:00,0.6921,0.6921,0.6921,0.6921,5
2026-07-06 10:03:00+00:00,0.6921,0.6921,0.6921,0.6921,2
2026-07-06 10:04:00+00:00,0.6921,0.6921,0.6921,0.6921,2
2026-07-06 10:06:00+00:00,0.692,0.692,0.6919,0.6919,9
2026-07-06 10:07:00+00:00,0.692,0.692,0.692,0.692,45
2026-07-06 10:10:00+00:00,0.6922,0.6922,0.6922,0.6922,5
2026-07-06 10:12:00+00:00,0.6923,0.6923,0.6923,0.6923,36
2026-07-06 10:13:00+00:00,0.6923,0.6923,0.6923,0.6923,3
2026-07-06 10:14:00+00:00,0.6924,0.6924,0.6924,0.6924,4
2026-07-06 10:16:00+00:00,0.6924,0.6925,0.6924,0.6925,2
2026-07-06 10:19:00+00:00,0.6926,0.6926,0.6926,0.6926,5
2026-07-06 10:22:00+00:00,0.6927,0.6927,0.6927,0.6927,3
2026-07-06 10:23:00+00:00,0.6927,0.6927,0.6927,0.6927,2
2026-07-06 10:25:00+00:00,0.6928,0.6928,0.6926,0.6926,2
2026-07-06 10:27:00+00:00,0.6917,0.6917,0.6917,0.6917,1
2026-07-06 10:27:00+00:00,0.6927,0.6927,0.6927,0.6927,1
2026-07-06 10:29:00+00:00,0.6926,0.6926,0.6926,0.6926,1
2026-07-06 10:32:00+00:00,0.6926,0.6926,0.6926,0.6926,5
2026-07-06 10:35:00+00:00,0.6927,0.6927,0.6927,0.6927,1
2026-07-06 10:36:00+00:00,0.6928,0.6928,0.6928,0.6928,3
2026-07-06 10:40:00+00:00,0.6926,0.6926,0.6926,0.6926,11
2026-07-06 10:44:00+00:00,0.6925,0.6925,0.6925,0.6925,1
2026-07-06 10:47:00+00:00,0.6924,0.6924,0.6924,0.6924,1
2026-07-06 11:00:00+00:00,0.6925,0.6925,0.6925,0.6925,1
2026-07-06 11:09:00+00:00,0.6924,0.6924,0.6924,0.6924,6
2026-07-06 11:12:00+00:00,0.6925,0.6925,0.6925,0.6925,1
2026-07-06 11:19:00+00:00,0.6926,0.6926,0.6926,0.6926,1
2026-07-06 11:25:00+00:00,0.6926,0.6926,0.6926,0.6926,1
2026-07-06 11:26:00+00:00,0.6926,0.6926,0.6926,0.6926,1
2026-07-06 11:27:00+00:00,0.6926,0.6926,0.6926,0.6926,4
2026-07-06 11:30:00+00:00,0.6927,0.6927,0.6927,0.6927,1
2026-07-06 11:32:00+00:00,0.6926,0.6926,0.6926,0.6926,6
2026-07-06 11:33:00+00:00,0.6928,0.6928,0.6928,0.6928,1
2026-07-06 11:38:00+00:00,0.6926,0.6926,0.6926,0.6926,1
2026-07-06 11:40:00+00:00,0.6926,0.6926,0.6926,0.6926,11
2026-07-06 11:54:00+00:00,0.6925,0.6925,0.6925,0.6925,1
2026-07-06 12:11:00+00:00,0.6925,0.6925,0.6925,0.6925,1
2026-07-06 12:14:00+00:00,0.6926,0.6926,0.6926,0.6926,1
2026-07-06 12:15:00+00:00,0.6927,0.6927,0.6927,0.6927,1
2026-07-06 12:16:00+00:00,0.6927,0.6927,0.6927,0.6927,8
2026-07-06 12:17:00+00:00,0.6927,0.6927,0.6927,0.6927,1
2026-07-06 12:19:00+00:00,0.6927,0.6927,0.6927,0.6927,5
2026-07-06 12:21:00+00:00,0.6925,0.6925,0.6925,0.6925,2
2026-07-06 12:27:00+00:00,0.6924,0.6924,0.6923,0.6923,4
2026-07-06 12:28:00+00:00,0.6923,0.6923,0.6923,0.6923,1
2026-07-06 12:31:00+00:00,0.6923,0.6924,0.6923,0.6924,7
2026-07-06 12:33:00+00:00,0.6923,0.6923,0.6923,0.6923,6
2026-07-06 12:34:00+00:00,0.6923,0.6923,0.6923,0.6923,1
2026-07-06 12:35:00+00:00,0.6922,0.6922,0.6922,0.6922,5
2026-07-06 12:38:00+00:00,0.6922,0.6922,0.6922,0.6922,1
2026-07-06 12:39:00+00:00,0.6921,0.6921,0.6921,0.6921,15
2026-07-06 12:41:00+00:00,0.692,0.692,0.6919,0.6919,13
2026-07-06 12:42:00+00:00,0.6919,0.692,0.6919,0.692,7
2026-07-06 12:43:00+00:00,0.6918,0.6918,0.6917,0.6917,7
2026-07-06 12:44:00+00:00,0.6918,0.6918,0.6917,0.6917,2
2026-07-06 12:46:00+00:00,0.6917,0.6917,0.6917,0.6917,1
2026-07-06 12:47:00+00:00,0.6917,0.6917,0.6917,0.6917,4
2026-07-06 12:49:00+00:00,0.6917,0.6917,0.6916,0.6916,6
2026-07-06 12:53:00+00:00,0.6918,0.6918,0.6918,0.6918,1
2026-07-06 12:54:00+00:00,0.6917,0.6917,0.6916,0.6916,4
2026-07-06 12:56:00+00:00,0.6918,0.6918,0.6917,0.6917,2
2026-07-06 12:57:00+00:00,0.6917,0.6917,0.6917,0.6917,1
2026-07-06 12:58:00+00:00,0.6917,0.6917,0.6917,0.6917,1
2026-07-06 12:59:00+00:00,0.6918,0.6918,0.6918,0.6918,1
2026-07-06 13:00:00+00:00,0.6918,0.6918,0.6917,0.6917,7
2026-07-06 13:02:00+00:00,0.6918,0.6918,0.6918,0.6918,6
2026-07-06 13:03:00+00:00,0.6918,0.6918,0.6918,0.6918,1
2026-07-06 13:04:00+00:00,0.6917,0.6917,0.6917,0.6917,1
2026-07-06 13:05:00+00:00,0.6918,0.6918,0.6918,0.6918,4
2026-07-06 13:06:00+00:00,0.6918,0.6918,0.6918,0.6918,4
2026-07-06 13:08:00+00:00,0.6918,0.6918,0.6918,0.6918,1
2026-07-06 13:08:00+00:00,0.6906,0.6906,0.6906,0.6906,1
2026-07-06 13:10:00+00:00,0.6918,0.6919,0.6918,0.6919,2
2026-07-06 13:12:00+00:00,0.692,0.692,0.692,0.692,4
2026-07-06 13:13:00+00:00,0.6921,0.6921,0.6921,0.6921,15
2026-07-06 13:17:00+00:00,0.692,0.692,0.6919,0.6919,2
2026-07-06 13:18:00+00:00,0.6921,0.6921,0.6921,0.6921,2
2026-07-06 13:20:00+00:00,0.6921,0.6921,0.6921,0.6921,1
2026-07-06 13:22:00+00:00,0.6923,0.6923,0.6923,0.6923,2
2026-07-06 13:27:00+00:00,0.6923,0.6923,0.6921,0.6921,3
2026-07-06 13:28:00+00:00,0.6921,0.6921,0.6921,0.6921,6
2026-07-06 13:29:00+00:00,0.6922,0.6922,0.6922,0.6922,1
2026-07-06 13:30:00+00:00,0.6922,0.6923,0.6922,0.6923,4
2026-07-06 13:31:00+00:00,0.6922,0.6922,0.6922,0.6922,5
2026-07-06 13:32:00+00:00,0.6924,0.6924,0.6924,0.6924,3
2026-07-06 13:33:00+00:00,0.6924,0.6924,0.6924,0.6924,1
2026-07-06 13:38:00+00:00,0.6923,0.6923,0.6923,0.6923,1
2026-07-06 13:39:00+00:00,0.6924,0.6924,0.6924,0.6924,1
2026-07-06 13:40:00+00:00,0.6924,0.6924,0.6924,0.6924,3
2026-07-06 13:41:00+00:00,0.6924,0.6924,0.6924,0.6924,2
2026-07-06 13:43:00+00:00,0.6925,0.6925,0.6925,0.6925,1
2026-07-06 13:44:00+00:00,0.6925,0.6925,0.6925,0.6925,26
2026-07-06 13:45:00+00:00,0.6924,0.6924,0.6924,0.6924,5
2026-07-06 13:46:00+00:00,0.6924,0.6924,0.6923,0.6923,2
2026-07-06 13:47:00+00:00,0.6925,0.6925,0.6925,0.6925,1
2026-07-06 13:48:00+00:00,0.6923,0.6923,0.6923,0.6923,1
2026-07-06 13:49:00+00:00,0.6926,0.6927,0.6926,0.6926,9
2026-07-06 13:51:00+00:00,0.6925,0.6925,0.6925,0.6925,2
2026-07-06 13:52:00+00:00,0.6925,0.6925,0.6925,0.6925,3
2026-07-06 13:53:00+00:00,0.6924,0.6924,0.6924,0.6924,1
2026-07-06 13:55:00+00:00,0.6923,0.6923,0.6923,0.6923,5
2026-07-06 13:59:00+00:00,0.6923,0.6923,0.6922,0.6922,5
2026-07-06 14:00:00+00:00,0.6922,0.6922,0.692,0.6922,24
2026-07-06 14:01:00+00:00,0.6923,0.6924,0.6923,0.6924,2
2026-07-06 14:03:00+00:00,0.6925,0.6926,0.6925,0.6926,2
2026-07-06 14:06:00+00:00,0.6925,0.6925,0.6925,0.6925,1
2026-07-06 14:07:00+00:00,0.6926,0.6926,0.6926,0.6926,2
2026-07-06 14:08:00+00:00,0.6927,0.6927,0.6927,0.6927,2
2026-07-06 14:09:00+00:00,0.6926,0.6926,0.6926,0.6926,3
2026-07-06 14:10:00+00:00,0.6926,0.6928,0.6926,0.6928,18
2026-07-06 14:11:00+00:00,0.6927,0.6928,0.6927,0.6928,10
2026-07-06 14:12:00+00:00,0.6926,0.6926,0.6925,0.6926,15
2026-07-06 14:13:00+00:00,0.6925,0.6925,0.6925,0.6925,1
2026-07-06 14:14:00+00:00,0.6927,0.6929,0.6927,0.6929,16
2026-07-06 14:15:00+00:00,0.6929,0.6929,0.6928,0.6928,3
2026-07-06 14:16:00+00:00,0.6927,0.6927,0.6927,0.6927,3
2026-07-06 14:17:00+00:00,0.6927,0.6927,0.6927,0.6927,4
2026-07-06 14:19:00+00:00,0.6925,0.6926,0.6924,0.6926,76
2026-07-06 14:20:00+00:00,0.6926,0.6926,0.6926,0.6926,3
2026-07-06 14:21:00+00:00,0.6926,0.6926,0.6926,0.6926,4
2026-07-06 14:22:00+00:00,0.6926,0.6926,0.6926,0.6926,4
2026-07-06 14:26:00+00:00,0.6927,0.6927,0.6926,0.6927,4
2026-07-06 14:30:00+00:00,0.6927,0.6927,0.6926,0.6926,4
2026-07-06 14:31:00+00:00,0.6925,0.6925,0.6925,0.6925,1
2026-07-06 14:32:00+00:00,0.6926,0.6926,0.6926,0.6926,1
2026-07-06 14:33:00+00:00,0.6927,0.6927,0.6927,0.6927,1
2026-07-06 14:37:00+00:00,0.6926,0.6926,0.6926,0.6926,2
2026-07-06 14:41:00+00:00,0.6925,0.6925,0.6925,0.6925,1
2026-07-06 14:43:00+00:00,0.6925,0.6925,0.6925,0.6925,4
2026-07-06 14:45:00+00:00,0.6926,0.6926,0.6926,0.6926,6
2026-07-06 14:46:00+00:00,0.6926,0.6926,0.6925,0.6925,8
2026-07-06 14:50:00+00:00,0.6927,0.6927,0.6927,0.6927,2
2026-07-06 14:53:00+00:00,0.6927,0.6928,0.6927,0.6928,9
2026-07-06 14:54:00+00:00,0.6928,0.6929,0.6928,0.6928,12
2026-07-06 14:55:00+00:00,0.6928,0.6928,0.6928,0.6928,2
2026-07-06 14:57:00+00:00,0.6929,0.6929,0.6928,0.6928,9
2026-07-06 14:58:00+00:00,0.6929,0.6929,0.6929,0.6929,5
2026-07-06 15:00:00+00:00,0.6929,0.6931,0.6929,0.6931,14
2026-07-06 15:01:00+00:00,0.693,0.693,0.693,0.693,6
2026-07-06 15:02:00+00:00,0.693,0.6931,0.693,0.6931,8
2026-07-06 15:04:00+00:00,0.693,0.6932,0.693,0.693,23
2026-07-06 15:05:00+00:00,0.693,0.6932,0.693,0.6931,53
2026-07-06 15:06:00+00:00,0.693,0.6932,0.693,0.6932,64
2026-07-06 15:07:00+00:00,0.6931,0.6932,0.693,0.6932,83
2026-07-06 15:08:00+00:00,0.6931,0.6931,0.6931,0.6931,1
2026-07-06 15:09:00+00:00,0.6931,0.6931,0.6931,0.6931,3
2026-07-06 15:10:00+00:00,0.6931,0.6931,0.6931,0.6931,2
2026-07-06 15:11:00+00:00,0.693,0.693,0.693,0.693,1
2026-07-06 15:12:00+00:00,0.6929,0.6929,0.6928,0.6928,5
2026-07-06 15:13:00+00:00,0.6928,0.6928,0.6928,0.6928,1
2026-07-06 15:15:00+00:00,0.6929,0.6929,0.6929,0.6929,2
2026-07-06 15:16:00+00:00,0.6929,0.6929,0.6929,0.6929,1
2026-07-06 15:19:00+00:00,0.6929,0.6929,0.6929,0.6929,1
2026-07-06 15:20:00+00:00,0.6928,0.6928,0.6928,0.6928,1
2026-07-06 15:26:00+00:00,0.6931,0.6931,0.693,0.693,2
2026-07-06 15:27:00+00:00,0.6931,0.6931,0.6931,0.6931,1
2026-07-06 15:30:00+00:00,0.6932,0.6932,0.6932,0.6932,1
2026-07-06 15:31:00+00:00,0.6932,0.6933,0.6932,0.6933,37
2026-07-06 15:32:00+00:00,0.6932,0.6932,0.6932,0.6932,3
2026-07-06 15:34:00+00:00,0.6933,0.6933,0.6933,0.6933,4
2026-07-06 15:36:00+00:00,0.6932,0.6932,0.6931,0.6931,3
2026-07-06 15:37:00+00:00,0.693,0.6932,0.693,0.6932,4
2026-07-06 15:39:00+00:00,0.6933,0.6933,0.6933,0.6933,1
2026-07-06 15:41:00+00:00,0.6934,0.6935,0.6934,0.6935,43
2026-07-06 15:42:00+00:00,0.6934,0.6934,0.6934,0.6934,37
2026-07-06 15:43:00+00:00,0.6935,0.6935,0.6934,0.6934,2
2026-07-06 15:44:00+00:00,0.6935,0.6935,0.6935,0.6935,2
2026-07-06 15:45:00+00:00,0.6935,0.6935,0.6935,0.6935,1
2026-07-06 15:46:00+00:00,0.6935,0.6935,0.6935,0.6935,1
2026-07-06 15:47:00+00:00,0.6935,0.6935,0.6935,0.6935,1
2026-07-06 15:48:00+00:00,0.6936,0.6936,0.6935,0.6935,2
2026-07-06 15:49:00+00:00,0.6935,0.6935,0.6935,0.6935,1
2026-07-06 15:51:00+00:00,0.6935,0.6935,0.6935,0.6935,1
2026-07-06 15:54:00+00:00,0.6935,0.6935,0.6935,0.6935,2
2026-07-06 16:00:00+00:00,0.6934,0.6935,0.6934,0.6935,8
2026-07-06 16:03:00+00:00,0.6935,0.6935,0.6935,0.6935,1
2026-07-06 16:10:00+00:00,0.6936,0.6936,0.6936,0.6936,4
2026-07-06 16:12:00+00:00,0.6936,0.6936,0.6936,0.6936,2
2026-07-06 16:14:00+00:00,0.6935,0.6935,0.6935,0.6935,1
2026-07-06 16:18:00+00:00,0.6936,0.6936,0.6936,0.6936,30
2026-07-06 16:19:00+00:00,0.6936,0.6937,0.6936,0.6937,10
2026-07-06 16:21:00+00:00,0.6937,0.6937,0.6937,0.6937,1
2026-07-06 16:23:00+00:00,0.6929,0.6929,0.6929,0.6929,1
2026-07-06 16:23:00+00:00,0.6937,0.6938,0.6937,0.6938,9
2026-07-06 16:24:00+00:00,0.6936,0.6936,0.6936,0.6936,6
2026-07-06 16:25:00+00:00,0.6936,0.6936,0.6936,0.6936,12
2026-07-06 16:27:00+00:00,0.6937,0.6937,0.6937,0.6937,1
2026-07-06 16:32:00+00:00,0.6936,0.6936,0.6936,0.6936,1
2026-07-06 16:35:00+00:00,0.6935,0.6935,0.6935,0.6935,1
2026-07-06 16:36:00+00:00,0.6935,0.6936,0.6935,0.6936,2
2026-07-06 16:37:00+00:00,0.6935,0.6935,0.6935,0.6935,7
2026-07-06 16:38:00+00:00,0.6936,0.6936,0.6936,0.6936,1
2026-07-06 16:39:00+00:00,0.6935,0.6935,0.6935,0.6935,1
2026-07-06 16:40:00+00:00,0.6934,0.6935,0.6934,0.6935,3
2026-07-06 16:41:00+00:00,0.6935,0.6935,0.6934,0.6934,13
2026-07-06 16:42:00+00:00,0.6934,0.6934,0.6934,0.6934,3
2026-07-06 16:44:00+00:00,0.6936,0.6936,0.6936,0.6936,1
2026-07-06 16:46:00+00:00,0.6936,0.6936,0.6936,0.6936,2
2026-07-06 16:47:00+00:00,0.6936,0.6937,0.6936,0.6937,2
2026-07-06 16:51:00+00:00,0.6938,0.6938,0.6938,0.6938,41
2026-07-06 16:58:00+00:00,0.6937,0.6937,0.6937,0.6937,1
2026-07-06 17:01:00+00:00,0.6939,0.6939,0.6939,0.6939,2
2026-07-06 17:03:00+00:00,0.6939,0.6939,0.6939,0.6939,42
2026-07-06 17:04:00+00:00,0.6939,0.6939,0.6939,0.6939,6
2026-07-06 17:05:00+00:00,0.6939,0.6939,0.6939,0.6939,1
2026-07-06 17:07:00+00:00,0.693,0.693,0.693,0.693,1
2026-07-06 17:07:00+00:00,0.694,0.694,0.694,0.694,13
2026-07-06 17:08:00+00:00,0.694,0.694,0.694,0.694,5
2026-07-06 17:09:00+00:00,0.694,0.694,0.694,0.694,2
2026-07-06 17:10:00+00:00,0.694,0.694,0.694,0.694,1
2026-07-06 17:11:00+00:00,0.694,0.694,0.694,0.694,2
2026-07-06 17:13:00+00:00,0.6941,0.6942,0.6941,0.6942,17
2026-07-06 17:14:00+00:00,0.6942,0.6942,0.6942,0.6942,12
2026-07-06 17:15:00+00:00,0.6942,0.6942,0.6941,0.6942,65
2026-07-06 17:16:00+00:00,0.6943,0.6943,0.6942,0.6942,5
2026-07-06 17:19:00+00:00,0.694,0.6941,0.694,0.6941,2
2026-07-06 17:20:00+00:00,0.694,0.694,0.694,0.694,1
2026-07-06 17:21:00+00:00,0.694,0.694,0.694,0.694,2
2026-07-06 17:23:00+00:00,0.6941,0.6943,0.6941,0.6941,12
2026-07-06 17:24:00+00:00,0.6942,0.6943,0.6942,0.6943,4
2026-07-06 17:26:00+00:00,0.6933,0.6933,0.6933,0.6933,1
2026-07-06 17:26:00+00:00,0.6944,0.6944,0.6943,0.6943,6
2026-07-06 17:27:00+00:00,0.6943,0.6943,0.6943,0.6943,5
2026-07-06 17:31:00+00:00,0.6943,0.6945,0.6942,0.6945,73
2026-07-06 17:33:00+00:00,0.6944,0.6944,0.6944,0.6944,3
2026-07-06 17:35:00+00:00,0.6944,0.6944,0.6944,0.6944,1
2026-07-06 17:36:00+00:00,0.6943,0.6943,0.6942,0.6942,17
2026-07-06 17:37:00+00:00,0.6943,0.6943,0.6943,0.6943,2
2026-07-06 17:38:00+00:00,0.6943,0.6943,0.6943,0.6943,1
2026-07-06 17:39:00+00:00,0.6945,0.6945,0.6944,0.6944,2
2026-07-06 17:40:00+00:00,0.6944,0.6944,0.6944,0.6944,2
2026-07-06 17:41:00+00:00,0.6944,0.6944,0.6944,0.6944,9
2026-07-06 17:42:00+00:00,0.6944,0.6944,0.6944,0.6944,7
2026-07-06 17:45:00+00:00,0.6944,0.6944,0.6944,0.6944,5
2026-07-06 17:46:00+00:00,0.6944,0.6945,0.6944,0.6945,3
2026-07-06 17:50:00+00:00,0.6944,0.6944,0.6943,0.6943,6
2026-07-06 17:51:00+00:00,0.6944,0.6944,0.6943,0.6943,4
2026-07-06 17:53:00+00:00,0.6943,0.6943,0.6943,0.6943,2
2026-07-06 17:55:00+00:00,0.6943,0.6943,0.6943,0.6943,6
2026-07-06 17:56:00+00:00,0.6942,0.6943,0.6942,0.6943,3
2026-07-06 17:57:00+00:00,0.6943,0.6943,0.6942,0.6942,10
2026-07-06 17:58:00+00:00,0.6942,0.6942,0.6942,0.6942,9
2026-07-06 18:00:00+00:00,0.6942,0.6942,0.6942,0.6942,1
2026-07-06 18:01:00+00:00,0.6942,0.6944,0.6942,0.6943,7
2026-07-06 18:07:00+00:00,0.6943,0.6943,0.6943,0.6943,1
2026-07-06 18:09:00+00:00,0.6943,0.6943,0.6943,0.6943,5
2026-07-06 18:10:00+00:00,0.6943,0.6943,0.6943,0.6943,6
2026-07-06 18:12:00+00:00,0.6944,0.6944,0.6944,0.6944,3
2026-07-06 18:15:00+00:00,0.6944,0.6944,0.6944,0.6944,3
2026-07-06 18:16:00+00:00,0.6945,0.6945,0.6945,0.6945,3
2026-07-06 18:21:00+00:00,0.6944,0.6944,0.6943,0.6943,6
2026-07-06 18:26:00+00:00,0.6945,0.6945,0.6945,0.6945,2
2026-07-06 18:27:00+00:00,0.6945,0.6945,0.6945,0.6945,1
2026-07-06 18:29:00+00:00,0.6946,0.6946,0.6946,0.6946,2
2026-07-06 18:30:00+00:00,0.6945,0.6945,0.6944,0.6944,3
2026-07-06 18:32:00+00:00,0.6945,0.6945,0.6945,0.6945,2
2026-07-06 18:33:00+00:00,0.6947,0.6947,0.6947,0.6947,5
2026-07-06 18:34:00+00:00,0.6938,0.6939,0.6934,0.6934,3
2026-07-06 18:34:00+00:00,0.6948,0.6948,0.6947,0.6947,2
2026-07-06 18:35:00+00:00,0.6948,0.6948,0.6948,0.6948,8
2026-07-06 18:36:00+00:00,0.6948,0.6948,0.6948,0.6948,2
2026-07-06 18:36:00+00:00,0.6935,0.6935,0.6935,0.6935,1
2026-07-06 18:39:00+00:00,0.6949,0.695,0.6949,0.6949,24
2026-07-06 18:40:00+00:00,0.6949,0.6949,0.6949,0.6949,4
2026-07-06 18:41:00+00:00,0.6949,0.6949,0.6949,0.6949,1
2026-07-06 18:44:00+00:00,0.6948,0.6948,0.6948,0.6948,1
2026-07-06 18:46:00+00:00,0.6949,0.6949,0.6948,0.6949,5
2026-07-06 18:48:00+00:00,0.6949,0.6949,0.6949,0.6949,1
2026-07-06 18:49:00+00:00,0.695,0.695,0.6949,0.695,15
2026-07-06 18:50:00+00:00,0.6949,0.6949,0.6949,0.6949,1
2026-07-06 18:53:00+00:00,0.6949,0.6949,0.6949,0.6949,1
2026-07-06 18:54:00+00:00,0.6949,0.6949,0.6949,0.6949,1
2026-07-06 18:56:00+00:00,0.695,0.695,0.695,0.695,77
2026-07-06 18:57:00+00:00,0.6951,0.6951,0.6951,0.6951,5
2026-07-06 18:58:00+00:00,0.6949,0.695,0.6949,0.695,51
2026-07-06 18:59:00+00:00,0.6949,0.6949,0.6949,0.6949,1
2026-07-06 19:00:00+00:00,0.6949,0.6949,0.6949,0.6949,1
2026-07-06 19:03:00+00:00,0.6948,0.6948,0.6948,0.6948,1
2026-07-06 19:04:00+00:00,0.6947,0.6947,0.6947,0.6947,2
2026-07-06 19:05:00+00:00,0.6949,0.6949,0.6949,0.6949,1
2026-07-06 19:06:00+00:00,0.6949,0.6949,0.6949,0.6949,1
2026-07-06 19:08:00+00:00,0.6947,0.6947,0.6947,0.6947,1
2026-07-06 19:09:00+00:00,0.6948,0.6948,0.6948,0.6948,1
2026-07-06 19:13:00+00:00,0.6948,0.6948,0.6948,0.6948,2
2026-07-06 19:15:00+00:00,0.6947,0.6947,0.6947,0.6947,1
2026-07-06 19:16:00+00:00,0.6948,0.6948,0.6947,0.6947,6
2026-07-06 19:17:00+00:00,0.6948,0.6948,0.6948,0.6948,1
2026-07-06 19:18:00+00:00,0.6947,0.6947,0.6947,0.6947,1
2026-07-06 19:22:00+00:00,0.6947,0.6947,0.6947,0.6947,1
2026-07-06 19:24:00+00:00,0.6946,0.6947,0.6946,0.6947,3
2026-07-06 19:25:00+00:00,0.6947,0.6947,0.6946,0.6946,13
2026-07-06 19:29:00+00:00,0.6947,0.6947,0.6947,0.6947,1
2026-07-06 19:31:00+00:00,0.6947,0.6947,0.6947,0.6947,2
2026-07-06 19:33:00+00:00,0.6948,0.6948,0.6948,0.6948,2
2026-07-06 19:34:00+00:00,0.6948,0.6948,0.6948,0.6948,2
2026-07-06 19:35:00+00:00,0.6948,0.6948,0.6948,0.6948,5
2026-07-06 19:39:00+00:00,0.6948,0.6948,0.6948,0.6948,5
2026-07-06 19:40:00+00:00,0.6947,0.6947,0.6947,0.6947,1
2026-07-06 19:41:00+00:00,0.6949,0.6949,0.6949,0.6949,2
2026-07-06 19:53:00+00:00,0.6949,0.6949,0.6948,0.6948,6
2026-07-06 19:54:00+00:00,0.6949,0.6949,0.6949,0.6949,1
2026-07-06 19:57:00+00:00,0.6948,0.6948,0.6948,0.6948,9
2026-07-06 19:59:00+00:00,0.6947,0.6947,0.6947,0.6947,1
2026-07-06 20:07:00+00:00,0.6947,0.6947,0.6947,0.6947,1
2026-07-06 20:08:00+00:00,0.6946,0.6946,0.6946,0.6946,1
2026-07-06 20:10:00+00:00,0.6946,0.6946,0.6946,0.6946,1
2026-07-06 20:11:00+00:00,0.6946,0.6946,0.6946,0.6946,1
2026-07-06 20:15:00+00:00,0.6946,0.6946,0.6946,0.6946,2
2026-07-06 20:21:00+00:00,0.6946,0.6946,0.6946,0.6946,1
2026-07-06 20:22:00+00:00,0.6946,0.6946,0.6946,0.6946,2
2026-07-06 20:23:00+00:00,0.6946,0.6946,0.6946,0.6946,1
2026-07-06 20:24:00+00:00,0.6947,0.6947,0.6947,0.6947,1
2026-07-06 20:32:00+00:00,0.6947,0.6947,0.6947,0.6947,3
2026-07-06 20:32:00+00:00,0.6933,0.6933,0.6933,0.6933,3
2026-07-06 20:34:00+00:00,0.6947,0.6947,0.6947,0.6947,1
2026-07-06 20:35:00+00:00,0.6946,0.6946,0.6946,0.6946,2
2026-07-06 20:37:00+00:00,0.6945,0.6945,0.6945,0.6945,3
2026-07-06 20:41:00+00:00,0.6946,0.6947,0.6946,0.6947,7
2026-07-06 20:44:00+00:00,0.6946,0.6946,0.6946,0.6946,2
2026-07-06 20:45:00+00:00,0.6945,0.6947,0.6945,0.6946,4
2026-07-06 20:46:00+00:00,0.6946,0.6946,0.6945,0.6945,3
2026-07-06 20:47:00+00:00,0.6945,0.6945,0.6945,0.6945,1
2026-07-06 20:48:00+00:00,0.6947,0.6947,0.6947,0.6947,4
2026-07-06 20:50:00+00:00,0.6946,0.6946,0.6946,0.6946,5
2026-07-06 20:53:00+00:00,0.6947,0.6947,0.6947,0.6947,7
2026-07-06 20:55:00+00:00,0.6947,0.6947,0.6947,0.6947,6
2026-07-06 20:58:00+00:00,0.6947,0.6947,0.6947,0.6947,1
2026-07-06 22:00:00+00:00,0.6949,0.695,0.6948,0.695,5
2026-07-06 22:02:00+00:00,0.6948,0.6948,0.6948,0.6948,3
2026-07-06 22:04:00+00:00,0.6948,0.6948,0.6948,0.6948,2
2026-07-06 22:09:00+00:00,0.6947,0.6947,0.6947,0.6947,3
2026-07-06 22:10:00+00:00,0.6948,0.6948,0.6947,0.6947,3
2026-07-06 22:11:00+00:00,0.6947,0.6947,0.6947,0.6947,3
2026-07-06 22:16:00+00:00,0.6949,0.6949,0.6949,0.6949,7
2026-07-06 22:19:00+00:00,0.6937,0.6937,0.6937,0.6937,1
2026-07-06 22:24:00+00:00,0.6949,0.6949,0.6949,0.6949,1
2026-07-06 22:25:00+00:00,0.6948,0.6948,0.6948,0.6948,1
2026-07-06 22:32:00+00:00,0.6948,0.6948,0.6948,0.6948,1
2026-07-06 22:33:00+00:00,0.6948,0.6948,0.6948,0.6948,7
2026-07-06 22:34:00+00:00,0.6949,0.6949,0.6949,0.6949,3
2026-07-06 22:35:00+00:00,0.6949,0.6949,0.6949,0.6949,1
2026-07-06 22:41:00+00:00,0.6948,0.6948,0.6948,0.6948,1
2026-07-06 22:47:00+00:00,0.6948,0.6948,0.6948,0.6948,1
2026-07-06 22:48:00+00:00,0.6948,0.6948,0.6948,0.6948,1
2026-07-06 22:49:00+00:00,0.6948,0.6948,0.6948,0.6948,1
2026-07-06 22:50:00+00:00,0.6949,0.6949,0.6949,0.6949,1
2026-07-06 22:54:00+00:00,0.6949,0.6949,0.6949,0.6949,8
2026-07-06 22:57:00+00:00,0.6948,0.6948,0.6948,0.6948,1
2026-07-06 22:59:00+00:00,0.6949,0.6949,0.6948,0.6948,2
2026-07-06 23:01:00+00:00,0.695,0.695,0.695,0.695,1
2026-07-06 23:02:00+00:00,0.694,0.694,0.694,0.694,1
2026-07-06 23:02:00+00:00,0.6951,0.6951,0.6951,0.6951,1
2026-07-06 23:03:00+00:00,0.695,0.695,0.695,0.695,3
2026-07-06 23:04:00+00:00,0.6951,0.6952,0.6951,0.6952,44
2026-07-06 23:07:00+00:00,0.6951,0.6951,0.695,0.695,12
2026-07-06 23:07:00+00:00,0.6942,0.6942,0.6942,0.6942,2
2026-07-06 23:09:00+00:00,0.6951,0.6951,0.695,0.695,9
2026-07-06 23:10:00+00:00,0.695,0.695,0.695,0.695,1
2026-07-06 23:13:00+00:00,0.6949,0.6949,0.6949,0.6949,3
2026-07-06 23:16:00+00:00,0.6951,0.6951,0.6951,0.6951,1
2026-07-06 23:20:00+00:00,0.6951,0.6952,0.6951,0.6952,5
2026-07-06 23:22:00+00:00,0.6951,0.6951,0.6951,0.6951,1
2026-07-06 23:30:00+00:00,0.695,0.695,0.695,0.695,1
2026-07-06 23:34:00+00:00,0.695,0.6951,0.695,0.6951,2
2026-07-06 23:43:00+00:00,0.695,0.695,0.695,0.695,1
2026-07-06 23:46:00+00:00,0.6951,0.6951,0.6951,0.6951,1
2026-07-06 23:48:00+00:00,0.695,0.695,0.695,0.695,7
2026-07-06 23:50:00+00:00,0.6949,0.6949,0.6948,0.6948,5
2026-07-06 23:51:00+00:00,0.6947,0.6947,0.6947,0.6947,1
2026-07-06 23:52:00+00:00,0.6948,0.6948,0.6948,0.6948,1
2026-07-06 23:53:00+00:00,0.6947,0.6947,0.6947,0.6947,1
2026-07-06 23:55:00+00:00,0.6948,0.6948,0.6948,0.6948,1
2026-07-06 23:56:00+00:00,0.6947,0.6947,0.6946,0.6947,8
2026-07-07 00:00:00+00:00,0.6946,0.6946,0.6946,0.6946,4
2026-07-07 00:02:00+00:00,0.6945,0.6946,0.6944,0.6946,22
2026-07-07 00:03:00+00:00,0.6946,0.6946,0.6946,0.6946,1
2026-07-07 00:04:00+00:00,0.6946,0.6946,0.6946,0.6946,1
2026-07-07 00:11:00+00:00,0.6946,0.6946,0.6946,0.6946,3
2026-07-07 00:12:00+00:00,0.6945,0.6945,0.6945,0.6945,2
2026-07-07 00:13:00+00:00,0.6946,0.6946,0.6946,0.6946,1
2026-07-07 00:15:00+00:00,0.6945,0.6945,0.6945,0.6945,1
2026-07-07 00:17:00+00:00,0.6945,0.6946,0.6945,0.6946,3
2026-07-07 00:21:00+00:00,0.6946,0.6946,0.6946,0.6946,3
2026-07-07 00:25:00+00:00,0.6945,0.6945,0.6945,0.6945,2
2026-07-07 00:27:00+00:00,0.6934,0.6934,0.6934,0.6934,1
2026-07-07 00:27:00+00:00,0.6944,0.6944,0.6944,0.6944,1
2026-07-07 00:29:00+00:00,0.6944,0.6944,0.6944,0.6944,1
2026-07-07 00:30:00+00:00,0.6945,0.6945,0.6944,0.6944,9
2026-07-07 00:31:00+00:00,0.6945,0.6945,0.6945,0.6945,2
2026-07-07 00:33:00+00:00,0.6945,0.6945,0.6945,0.6945,3
2026-07-07 00:34:00+00:00,0.6944,0.6944,0.6944,0.6944,9
2026-07-07 00:36:00+00:00,0.6944,0.6944,0.6944,0.6944,1
2026-07-07 00:37:00+00:00,0.6944,0.6944,0.6942,0.6942,7
2026-07-07 00:38:00+00:00,0.6933,0.6933,0.6933,0.6933,1
2026-07-07 00:39:00+00:00,0.6944,0.6944,0.6943,0.6943,9
2026-07-07 00:47:00+00:00,0.6943,0.6943,0.6943,0.6943,1
2026-07-07 00:49:00+00:00,0.6944,0.6944,0.6944,0.6944,5
2026-07-07 00:52:00+00:00,0.6945,0.6945,0.6945,0.6945,6
2026-07-07 00:56:00+00:00,0.6945,0.6945,0.6945,0.6945,1
2026-07-07 00:57:00+00:00,0.6943,0.6943,0.6943,0.6943,4
2026-07-07 00:58:00+00:00,0.6942,0.6942,0.6941,0.6941,9
2026-07-07 00:59:00+00:00,0.6941,0.6941,0.694,0.694,7
2026-07-07 01:00:00+00:00,0.694,0.694,0.694,0.694,8
2026-07-07 01:01:00+00:00,0.694,0.694,0.6938,0.6939,19
2026-07-07 01:02:00+00:00,0.6939,0.6939,0.6939,0.6939,1
2026-07-07 01:03:00+00:00,0.6939,0.6939,0.6939,0.6939,3
2026-07-07 01:04:00+00:00,0.6939,0.694,0.6939,0.694,2
2026-07-07 01:07:00+00:00,0.694,0.694,0.694,0.694,2
2026-07-07 01:08:00+00:00,0.694,0.694,0.694,0.694,6
2026-07-07 01:10:00+00:00,0.694,0.694,0.694,0.694,1
2026-07-07 01:14:00+00:00,0.694,0.694,0.694,0.694,1
2026-07-07 01:18:00+00:00,0.6941,0.6941,0.6941,0.6941,8
2026-07-07 01:19:00+00:00,0.694,0.694,0.6939,0.6939,2
2026-07-07 01:21:00+00:00,0.694,0.6941,0.6939,0.6939,11
2026-07-07 01:22:00+00:00,0.6939,0.6939,0.6939,0.6939,6
2026-07-07 01:23:00+00:00,0.694,0.694,0.694,0.694,30
2026-07-07 01:24:00+00:00,0.6939,0.6939,0.6938,0.6938,14
2026-07-07 01:26:00+00:00,0.694,0.694,0.694,0.694,14
2026-07-07 01:29:00+00:00,0.6942,0.6943,0.6942,0.6943,2
2026-07-07 01:30:00+00:00,0.6943,0.6946,0.6943,0.6946,4
2026-07-07 01:31:00+00:00,0.6946,0.6946,0.6946,0.6946,23
2026-07-07 01:34:00+00:00,0.6946,0.6946,0.6946,0.6946,51
2026-07-07 01:35:00+00:00,0.6947,0.6947,0.6947,0.6947,11
2026-07-07 01:36:00+00:00,0.6947,0.6947,0.6947,0.6947,1
2026-07-07 01:37:00+00:00,0.6945,0.6945,0.6944,0.6944,2
2026-07-07 01:38:00+00:00,0.6945,0.6945,0.6945,0.6945,1
2026-07-07 01:42:00+00:00,0.6945,0.6945,0.6945,0.6945,5
2026-07-07 01:43:00+00:00,0.6945,0.6945,0.6945,0.6945,3
2026-07-07 01:44:00+00:00,0.6945,0.6945,0.6945,0.6945,1
2026-07-07 01:45:00+00:00,0.6945,0.6945,0.6945,0.6945,4
2026-07-07 01:47:00+00:00,0.6947,0.6947,0.6947,0.6947,2
2026-07-07 01:48:00+00:00,0.6948,0.6948,0.6947,0.6947,11
2026-07-07 01:50:00+00:00,0.6949,0.6949,0.6948,0.6948,5
2026-07-07 01:51:00+00:00,0.6948,0.6948,0.6948,0.6948,2
2026-07-07 01:52:00+00:00,0.6949,0.6949,0.6949,0.6949,6
2026-07-07 01:53:00+00:00,0.695,0.695,0.695,0.695,1
2026-07-07 01:55:00+00:00,0.6951,0.6951,0.695,0.695,8
2026-07-07 01:57:00+00:00,0.6948,0.6948,0.6947,0.6947,5
2026-07-07 01:58:00+00:00,0.6949,0.6949,0.6949,0.6949,1
2026-07-07 01:59:00+00:00,0.6947,0.6947,0.6947,0.6947,1
2026-07-07 02:01:00+00:00,0.6949,0.6949,0.6949,0.6949,8
2026-07-07 02:03:00+00:00,0.6949,0.6949,0.6949,0.6949,5
2026-07-07 02:04:00+00:00,0.6949,0.6949,0.6949,0.6949,4
2026-07-07 02:05:00+00:00,0.6949,0.695,0.6949,0.695,3
2026-07-07 02:06:00+00:00,0.6949,0.6949,0.6949,0.6949,1
2026-07-07 02:07:00+00:00,0.6949,0.6949,0.6949,0.6949,11
2026-07-07 02:08:00+00:00,0.6949,0.6949,0.6949,0.6949,5
2026-07-07 02:14:00+00:00,0.6947,0.6947,0.6947,0.6947,3
2026-07-07 02:15:00+00:00,0.6947,0.6947,0.6947,0.6947,4
2026-07-07 02:16:00+00:00,0.6947,0.6947,0.6947,0.6947,6
2026-07-07 02:20:00+00:00,0.6945,0.6945,0.6945,0.6945,3
2026-07-07 02:23:00+00:00,0.6944,0.6944,0.6944,0.6944,2
2026-07-07 02:25:00+00:00,0.6944,0.6944,0.6944,0.6944,1
2026-07-07 02:27:00+00:00,0.6944,0.6944,0.6944,0.6944,1
2026-07-07 02:28:00+00:00,0.6944,0.6944,0.6944,0.6944,6
2026-07-07 02:36:00+00:00,0.6946,0.6946,0.6946,0.6946,4
2026-07-07 02:37:00+00:00,0.6946,0.6946,0.6946,0.6946,1
2026-07-07 02:38:00+00:00,0.6945,0.6945,0.6945,0.6945,1
2026-07-07 02:39:00+00:00,0.6945,0.6945,0.6945,0.6945,1
2026-07-07 02:42:00+00:00,0.6943,0.6943,0.6943,0.6943,1
2026-07-07 02:43:00+00:00,0.6944,0.6944,0.6944,0.6944,10
2026-07-07 02:46:00+00:00,0.6944,0.6944,0.6944,0.6944,3
2026-07-07 02:52:00+00:00,0.6942,0.6942,0.6942,0.6942,4
2026-07-07 02:55:00+00:00,0.6942,0.6942,0.6942,0.6942,3
2026-07-07 02:56:00+00:00,0.6942,0.6942,0.6942,0.6942,3
2026-07-07 02:57:00+00:00,0.6943,0.6943,0.6943,0.6943,2
2026-07-07 02:58:00+00:00,0.6942,0.6942,0.6942,0.6942,1
2026-07-07 03:02:00+00:00,0.6943,0.6943,0.6943,0.6943,1
2026-07-07 03:05:00+00:00,0.6944,0.6944,0.6944,0.6944,9
2026-07-07 03:07:00+00:00,0.6944,0.6945,0.6944,0.6945,3
2026-07-07 03:14:00+00:00,0.6943,0.6943,0.6943,0.6943,2
2026-07-07 03:15:00+00:00,0.6943,0.6943,0.6943,0.6943,1
2026-07-07 03:17:00+00:00,0.6942,0.6942,0.6942,0.6942,1
2026-07-07 03:18:00+00:00,0.6942,0.6942,0.6942,0.6942,1
2026-07-07 03:20:00+00:00,0.6942,0.6942,0.6942,0.6942,6
2026-07-07 03:23:00+00:00,0.6942,0.6942,0.6942,0.6942,1
2026-07-07 03:25:00+00:00,0.6942,0.6942,0.6942,0.6942,2
2026-07-07 03:29:00+00:00,0.694,0.694,0.694,0.694,2
2026-07-07 03:30:00+00:00,0.6939,0.6939,0.6937,0.6938,24
2026-07-07 03:31:00+00:00,0.6938,0.6938,0.6938,0.6938,2
2026-07-07 03:32:00+00:00,0.6939,0.6939,0.6939,0.6939,1
2026-07-07 03:34:00+00:00,0.6939,0.6939,0.6939,0.6939,1
2026-07-07 03:37:00+00:00,0.6939,0.6939,0.6939,0.6939,4
2026-07-07 03:39:00+00:00,0.694,0.694,0.694,0.694,1
2026-07-07 03:40:00+00:00,0.6939,0.6939,0.6939,0.6939,1
2026-07-07 03:41:00+00:00,0.6939,0.6939,0.6939,0.6939,16
2026-07-07 03:43:00+00:00,0.6938,0.6938,0.6937,0.6937,6
2026-07-07 03:45:00+00:00,0.6936,0.6936,0.6935,0.6935,7
2026-07-07 03:46:00+00:00,0.6936,0.6936,0.6935,0.6935,6
2026-07-07 03:48:00+00:00,0.6935,0.6935,0.6934,0.6934,5
2026-07-07 03:49:00+00:00,0.6935,0.6935,0.6935,0.6935,1
2026-07-07 03:51:00+00:00,0.6936,0.6936,0.6936,0.6936,3
2026-07-07 03:52:00+00:00,0.6935,0.6935,0.6935,0.6935,2
2026-07-07 03:56:00+00:00,0.6937,0.6937,0.6937,0.6937,1
2026-07-07 03:59:00+00:00,0.6938,0.6938,0.6938,0.6938,2
2026-07-07 04:01:00+00:00,0.6938,0.6938,0.6938,0.6938,1
2026-07-07 04:04:00+00:00,0.6939,0.6939,0.6939,0.6939,4
2026-07-07 04:05:00+00:00,0.6939,0.6939,0.6939,0.6939,2
2026-07-07 04:06:00+00:00,0.694,0.694,0.694,0.694,5
2026-07-07 04:07:00+00:00,0.694,0.694,0.694,0.694,1
2026-07-07 04:08:00+00:00,0.694,0.694,0.694,0.694,1
2026-07-07 04:09:00+00:00,0.694,0.694,0.694,0.694,2
2026-07-07 04:13:00+00:00,0.6939,0.6939,0.6938,0.6938,4
2026-07-07 04:15:00+00:00,0.6939,0.6939,0.6939,0.6939,3
2026-07-07 04:18:00+00:00,0.6939,0.6939,0.6939,0.6939,2
2026-07-07 04:24:00+00:00,0.6938,0.6938,0.6938,0.6938,3
2026-07-07 04:25:00+00:00,0.6937,0.6937,0.6937,0.6937,1
2026-07-07 04:26:00+00:00,0.6937,0.6937,0.6937,0.6937,1
2026-07-07 04:30:00+00:00,0.6936,0.6936,0.6936,0.6936,5
2026-07-07 04:31:00+00:00,0.6937,0.6937,0.6937,0.6937,1
2026-07-07 04:32:00+00:00,0.6937,0.6937,0.6937,0.6937,1
2026-07-07 04:35:00+00:00,0.6936,0.6936,0.6936,0.6936,2
2026-07-07 04:36:00+00:00,0.6936,0.6936,0.6936,0.6936,2
2026-07-07 04:40:00+00:00,0.6937,0.6937,0.6937,0.6937,2
2026-07-07 04:44:00+00:00,0.6936,0.6936,0.6936,0.6936,1
2026-07-07 04:47:00+00:00,0.6937,0.6937,0.6937,0.6937,1
2026-07-07 04:49:00+00:00,0.6936,0.6936,0.6936,0.6936,2
2026-07-07 04:50:00+00:00,0.6936,0.6936,0.6936,0.6936,1
2026-07-07 04:52:00+00:00,0.6937,0.6937,0.6937,0.6937,1
2026-07-07 04:55:00+00:00,0.6935,0.6935,0.6935,0.6935,2
2026-07-07 04:58:00+00:00,0.6935,0.6935,0.6935,0.6935,1
2026-07-07 05:00:00+00:00,0.6933,0.6933,0.6933,0.6933,3
2026-07-07 05:01:00+00:00,0.6933,0.6933,0.6932,0.6932,28
2026-07-07 05:02:00+00:00,0.6933,0.6933,0.6933,0.6933,9
2026-07-07 05:06:00+00:00,0.6933,0.6933,0.6933,0.6933,2
2026-07-07 05:08:00+00:00,0.6932,0.6932,0.6932,0.6932,1
2026-07-07 05:09:00+00:00,0.6931,0.6931,0.6931,0.6931,5
2026-07-07 05:11:00+00:00,0.693,0.693,0.6928,0.6929,11
2026-07-07 05:13:00+00:00,0.6929,0.6929,0.6928,0.6928,6
2026-07-07 05:14:00+00:00,0.6929,0.6929,0.6929,0.6929,8
2026-07-07 05:16:00+00:00,0.693,0.693,0.693,0.693,1
2026-07-07 05:17:00+00:00,0.693,0.693,0.693,0.693,1
2026-07-07 05:18:00+00:00,0.693,0.693,0.693,0.693,1
2026-07-07 05:19:00+00:00,0.693,0.693,0.6929,0.6929,2
2026-07-07 05:20:00+00:00,0.6917,0.6917,0.6917,0.6917,1
2026-07-07 05:20:00+00:00,0.6927,0.6927,0.6927,0.6927,13
2026-07-07 05:23:00+00:00,0.6928,0.6928,0.6928,0.6928,1
2026-07-07 05:25:00+00:00,0.6928,0.6928,0.6928,0.6928,2
2026-07-07 05:27:00+00:00,0.6927,0.6927,0.6927,0.6927,5
2026-07-07 05:28:00+00:00,0.6927,0.6927,0.6927,0.6927,3
2026-07-07 05:29:00+00:00,0.6929,0.6929,0.6929,0.6929,1
2026-07-07 05:30:00+00:00,0.6929,0.693,0.6929,0.693,13
2026-07-07 05:31:00+00:00,0.6931,0.6931,0.693,0.693,18
2026-07-07 05:32:00+00:00,0.693,0.693,0.693,0.693,48
2026-07-07 05:33:00+00:00,0.693,0.693,0.693,0.693,24
2026-07-07 05:34:00+00:00,0.693,0.693,0.693,0.693,1
2026-07-07 05:35:00+00:00,0.6931,0.6931,0.6931,0.6931,2
2026-07-07 05:37:00+00:00,0.6931,0.6931,0.6931,0.6931,2
2026-07-07 05:38:00+00:00,0.693,0.693,0.693,0.693,2
2026-07-07 05:40:00+00:00,0.6929,0.6929,0.6929,0.6929,2
2026-07-07 05:44:00+00:00,0.6929,0.6929,0.6929,0.6929,3
2026-07-07 05:45:00+00:00,0.693,0.693,0.693,0.693,1
2026-07-07 05:46:00+00:00,0.6929,0.693,0.6929,0.693,10
2026-07-07 05:48:00+00:00,0.693,0.693,0.693,0.693,5
2026-07-07 05:53:00+00:00,0.6931,0.6931,0.6931,0.6931,1
2026-07-07 05:55:00+00:00,0.6933,0.6933,0.6933,0.6933,1
2026-07-07 05:57:00+00:00,0.6933,0.6933,0.6933,0.6933,5
2026-07-07 05:58:00+00:00,0.6933,0.6933,0.6933,0.6933,1
2026-07-07 06:00:00+00:00,0.6933,0.6933,0.6933,0.6933,1
2026-07-07 06:03:00+00:00,0.6932,0.6932,0.6932,0.6932,1
2026-07-07 06:06:00+00:00,0.6932,0.6932,0.6932,0.6932,2
2026-07-07 06:07:00+00:00,0.6931,0.6932,0.6931,0.6932,2
2026-07-07 06:09:00+00:00,0.693,0.693,0.6929,0.6929,7
2026-07-07 06:11:00+00:00,0.6928,0.6929,0.6928,0.6929,3
2026-07-07 06:12:00+00:00,0.6929,0.6929,0.6929,0.6929,1
2026-07-07 06:14:00+00:00,0.6929,0.6929,0.6929,0.6929,6
2026-07-07 06:19:00+00:00,0.693,0.693,0.693,0.693,1
2026-07-07 06:20:00+00:00,0.6931,0.6931,0.6931,0.6931,9
2026-07-07 06:26:00+00:00,0.6931,0.6931,0.6931,0.6931,1
2026-07-07 06:29:00+00:00,0.693,0.693,0.693,0.693,8
2026-07-07 06:32:00+00:00,0.6932,0.6932,0.6932,0.6932,5
2026-07-07 06:34:00+00:00,0.6933,0.6933,0.6933,0.6933,1
2026-07-07 06:35:00+00:00,0.6933,0.6933,0.6933,0.6933,1
2026-07-07 06:39:00+00:00,0.6934,0.6934,0.6934,0.6934,5
2026-07-07 06:41:00+00:00,0.6935,0.6935,0.6934,0.6934,8
2026-07-07 06:45:00+00:00,0.6934,0.6934,0.6934,0.6934,3
2026-07-07 06:47:00+00:00,0.6933,0.6933,0.6933,0.6933,5
2026-07-07 06:54:00+00:00,0.6935,0.6936,0.6935,0.6936,5
2026-07-07 06:59:00+00:00,0.6936,0.6936,0.6936,0.6936,1
2026-07-07 07:00:00+00:00,0.6936,0.6936,0.6936,0.6936,33
2026-07-07 07:01:00+00:00,0.6936,0.6936,0.6936,0.6936,1
2026-07-07 07:03:00+00:00,0.6935,0.6935,0.6935,0.6935,10
2026-07-07 07:04:00+00:00,0.6935,0.6935,0.6935,0.6935,4
2026-07-07 07:13:00+00:00,0.6936,0.6936,0.6936,0.6936,8
2026-07-07 07:16:00+00:00,0.6936,0.6936,0.6936,0.6936,1
2026-07-07 07:18:00+00:00,0.6936,0.6936,0.6936,0.6936,6
2026-07-07 07:19:00+00:00,0.6935,0.6935,0.6935,0.6935,2
2026-07-07 07:20:00+00:00,0.6936,0.6936,0.6936,0.6936,1
2026-07-07 07:21:00+00:00,0.6936,0.6936,0.6936,0.6936,1
2026-07-07 07:22:00+00:00,0.6936,0.6936,0.6936,0.6936,4
2026-07-07 07:24:00+00:00,0.6935,0.6935,0.6935,0.6935,3
2026-07-07 07:28:00+00:00,0.6935,0.6935,0.6935,0.6935,1
2026-07-07 07:29:00+00:00,0.6934,0.6934,0.6934,0.6934,1
2026-07-07 07:30:00+00:00,0.6935,0.6935,0.6935,0.6935,3
2026-07-07 07:33:00+00:00,0.6936,0.6936,0.6936,0.6936,3
2026-07-07 07:35:00+00:00,0.6936,0.6936,0.6936,0.6936,1
2026-07-07 07:36:00+00:00,0.6937,0.6938,0.6937,0.6938,5
2026-07-07 07:37:00+00:00,0.6936,0.6936,0.6936,0.6936,2
2026-07-07 07:38:00+00:00,0.6936,0.6936,0.6936,0.6936,1
2026-07-07 07:40:00+00:00,0.6935,0.6935,0.6935,0.6935,5
2026-07-07 07:41:00+00:00,0.6936,0.6936,0.6936,0.6936,5
2026-07-07 07:44:00+00:00,0.6934,0.6934,0.6934,0.6934,1
2026-07-07 07:51:00+00:00,0.6933,0.6933,0.6932,0.6932,7
2026-07-07 07:56:00+00:00,0.693,0.693,0.693,0.693,5
2026-07-07 07:57:00+00:00,0.6931,0.6931,0.6931,0.6931,1
2026-07-07 08:00:00+00:00,0.693,0.693,0.693,0.693,24
2026-07-07 08:12:00+00:00,0.6934,0.6935,0.6934,0.6935,5
2026-07-07 08:13:00+00:00,0.6935,0.6935,0.6935,0.6935,5
2026-07-07 08:14:00+00:00,0.6935,0.6935,0.6935,0.6935,1
2026-07-07 08:15:00+00:00,0.6936,0.6936,0.6936,0.6936,2
2026-07-07 08:16:00+00:00,0.6935,0.6935,0.6935,0.6935,1
2026-07-07 08:24:00+00:00,0.6937,0.6937,0.6936,0.6936,3
2026-07-07 08:25:00+00:00,0.6937,0.6937,0.6937,0.6937,2
2026-07-07 08:26:00+00:00,0.6936,0.6936,0.6936,0.6936,1
2026-07-07 08:28:00+00:00,0.6935,0.6935,0.6935,0.6935,1
2026-07-07 08:30:00+00:00,0.6936,0.6936,0.6936,0.6936,8
2026-07-07 08:32:00+00:00,0.6936,0.6936,0.6936,0.6936,1
2026-07-07 08:35:00+00:00,0.6937,0.6937,0.6937,0.6937,1
2026-07-07 08:42:00+00:00,0.6936,0.6936,0.6936,0.6936,3
2026-07-07 08:43:00+00:00,0.6935,0.6935,0.6935,0.6935,8
2026-07-07 08:45:00+00:00,0.6934,0.6934,0.6934,0.6934,1
2026-07-07 08:49:00+00:00,0.6935,0.6935,0.6935,0.6935,1
2026-07-07 08:58:00+00:00,0.6934,0.6934,0.6934,0.6934,5
2026-07-07 09:01:00+00:00,0.6933,0.6933,0.6933,0.6933,5
2026-07-07 09:04:00+00:00,0.6934,0.6934,0.6934,0.6934,1
2026-07-07 09:19:00+00:00,0.6937,0.6937,0.6937,0.6937,1
2026-07-07 09:21:00+00:00,0.6936,0.6936,0.6936,0.6936,10
2026-07-07 09:25:00+00:00,0.6936,0.6936,0.6936,0.6936,1
2026-07-07 09:28:00+00:00,0.6935,0.6935,0.6935,0.6935,9
2026-07-07 09:41:00+00:00,0.6937,0.6937,0.6937,0.6937,2
2026-07-07 09:42:00+00:00,0.6937,0.6937,0.6937,0.6937,2
2026-07-07 09:46:00+00:00,0.6937,0.6937,0.6937,0.6937,2
2026-07-07 09:47:00+00:00,0.6936,0.6936,0.6936,0.6936,1
2026-07-07 09:54:00+00:00,0.6935,0.6935,0.6935,0.6935,1
2026-07-07 09:59:00+00:00,0.6935,0.6935,0.6935,0.6935,2
2026-07-07 10:01:00+00:00,0.6935,0.6935,0.6935,0.6935,1
2026-07-07 10:02:00+00:00,0.6934,0.6934,0.6934,0.6934,12
2026-07-07 10:04:00+00:00,0.6934,0.6934,0.6934,0.6934,1
2026-07-07 10:07:00+00:00,0.6934,0.6934,0.6934,0.6934,1
2026-07-07 10:08:00+00:00,0.6935,0.6935,0.6935,0.6935,1
2026-07-07 10:12:00+00:00,0.6935,0.6935,0.6935,0.6935,1
2026-07-07 10:14:00+00:00,0.6935,0.6935,0.6935,0.6935,2
2026-07-07 10:17:00+00:00,0.6935,0.6936,0.6935,0.6936,6
2026-07-07 10:34:00+00:00,0.6936,0.6936,0.6936,0.6936,1
2026-07-07 10:36:00+00:00,0.6936,0.6936,0.6936,0.6936,10
2026-07-07 10:41:00+00:00,0.6938,0.6938,0.6938,0.6938,2
2026-07-07 10:42:00+00:00,0.6938,0.6938,0.6938,0.6938,1
2026-07-07 10:52:00+00:00,0.6937,0.6937,0.6937,0.6937,1
2026-07-07 10:55:00+00:00,0.6938,0.6938,0.6938,0.6938,11
2026-07-07 10:56:00+00:00,0.6937,0.6937,0.6937,0.6937,1
2026-07-07 11:00:00+00:00,0.6938,0.6938,0.6937,0.6937,3
2026-07-07 11:01:00+00:00,0.6936,0.6936,0.6936,0.6936,5
2026-07-07 11:03:00+00:00,0.6936,0.6936,0.6936,0.6936,4
2026-07-07 11:06:00+00:00,0.6939,0.6939,0.6939,0.6939,3
2026-07-07 11:07:00+00:00,0.6938,0.6938,0.6938,0.6938,1
2026-07-07 11:12:00+00:00,0.6939,0.6939,0.6939,0.6939,10
2026-07-07 11:13:00+00:00,0.694,0.694,0.694,0.694,1
2026-07-07 11:15:00+00:00,0.694,0.694,0.694,0.694,25
2026-07-07 11:16:00+00:00,0.694,0.6941,0.694,0.6941,16
2026-07-07 11:17:00+00:00,0.6941,0.6941,0.6941,0.6941,1
2026-07-07 11:18:00+00:00,0.6941,0.6941,0.6941,0.6941,1
2026-07-07 11:19:00+00:00,0.6941,0.6941,0.6941,0.6941,1
2026-07-07 11:21:00+00:00,0.6942,0.6943,0.6942,0.6943,11
2026-07-07 11:22:00+00:00,0.6943,0.6944,0.6943,0.6944,10
2026-07-07 11:23:00+00:00,0.6944,0.6944,0.6944,0.6944,4
2026-07-07 11:24:00+00:00,0.6943,0.6943,0.6942,0.6942,21
2026-07-07 11:25:00+00:00,0.6931,0.6931,0.6931,0.6931,2
2026-07-07 11:25:00+00:00,0.6942,0.6942,0.6941,0.6941,4
2026-07-07 11:30:00+00:00,0.6941,0.6941,0.6941,0.6941,1
2026-07-07 11:32:00+00:00,0.6941,0.6942,0.694,0.694,31
2026-07-07 11:34:00+00:00,0.6941,0.6941,0.6941,0.6941,6
2026-07-07 11:36:00+00:00,0.694,0.694,0.694,0.694,1
2026-07-07 11:44:00+00:00,0.6939,0.6939,0.6939,0.6939,2
2026-07-07 11:46:00+00:00,0.6938,0.6938,0.6938,0.6938,1
2026-07-07 11:47:00+00:00,0.6938,0.6938,0.6938,0.6938,2
2026-07-07 11:48:00+00:00,0.6938,0.6938,0.6938,0.6938,8
2026-07-07 11:49:00+00:00,0.6938,0.6938,0.6938,0.6938,1
2026-07-07 11:53:00+00:00,0.6937,0.6937,0.6935,0.6935,9
2026-07-07 11:54:00+00:00,0.6937,0.6937,0.6937,0.6937,3
2026-07-07 11:55:00+00:00,0.6938,0.6938,0.6938,0.6938,4
2026-07-07 11:56:00+00:00,0.6938,0.6938,0.6938,0.6938,4
2026-07-07 11:57:00+00:00,0.6939,0.6941,0.6939,0.6941,4
2026-07-07 11:58:00+00:00,0.694,0.694,0.694,0.694,11
2026-07-07 12:01:00+00:00,0.6939,0.6939,0.6939,0.6939,1
2026-07-07 12:02:00+00:00,0.6939,0.6939,0.6939,0.6939,15
2026-07-07 12:03:00+00:00,0.694,0.694,0.694,0.694,4
2026-07-07 12:04:00+00:00,0.6939,0.6939,0.6939,0.6939,1
2026-07-07 12:09:00+00:00,0.6939,0.6939,0.6939,0.6939,1
2026-07-07 12:11:00+00:00,0.6938,0.6938,0.6938,0.6938,19
2026-07-07 12:12:00+00:00,0.6938,0.6938,0.6938,0.6938,2
2026-07-07 12:14:00+00:00,0.694,0.694,0.694,0.694,9
2026-07-07 12:15:00+00:00,0.6939,0.694,0.6939,0.694,5
2026-07-07 12:20:00+00:00,0.6939,0.694,0.6939,0.694,8
2026-07-07 12:22:00+00:00,0.694,0.694,0.694,0.694,1
2026-07-07 12:23:00+00:00,0.6941,0.6942,0.6941,0.6942,8
2026-07-07 12:24:00+00:00,0.6941,0.6941,0.6941,0.6941,1
2026-07-07 12:26:00+00:00,0.6942,0.6942,0.6942,0.6942,1
2026-07-07 12:28:00+00:00,0.6943,0.6944,0.6943,0.6944,4
2026-07-07 12:29:00+00:00,0.6944,0.6944,0.6944,0.6944,6
2026-07-07 12:30:00+00:00,0.6935,0.6935,0.6935,0.6935,1
2026-07-07 12:30:00+00:00,0.6944,0.6945,0.6944,0.6945,15
2026-07-07 12:32:00+00:00,0.6945,0.6945,0.6945,0.6945,25
2026-07-07 12:33:00+00:00,0.6946,0.6946,0.6945,0.6946,31
2026-07-07 12:34:00+00:00,0.6946,0.6946,0.6946,0.6946,1
2026-07-07 12:35:00+00:00,0.6945,0.6945,0.6945,0.6945,1
2026-07-07 12:37:00+00:00,0.6945,0.6945,0.6945,0.6945,3
2026-07-07 12:38:00+00:00,0.6945,0.6945,0.6945,0.6945,1
2026-07-07 12:40:00+00:00,0.6944,0.6944,0.6944,0.6944,1
2026-07-07 12:41:00+00:00,0.6943,0.6943,0.6943,0.6943,1
2026-07-07 12:42:00+00:00,0.6944,0.6944,0.6944,0.6944,2
2026-07-07 12:45:00+00:00,0.6942,0.6942,0.6942,0.6942,6
2026-07-07 12:47:00+00:00,0.6941,0.6941,0.6941,0.6941,5
2026-07-07 12:48:00+00:00,0.6942,0.6942,0.6942,0.6942,2
2026-07-07 12:49:00+00:00,0.6942,0.6942,0.6942,0.6942,4
2026-07-07 12:51:00+00:00,0.6941,0.6941,0.6941,0.6941,20
2026-07-07 12:53:00+00:00,0.6941,0.6941,0.6941,0.6941,6
2026-07-07 12:54:00+00:00,0.694,0.694,0.694,0.694,2
2026-07-07 12:55:00+00:00,0.6941,0.6941,0.6941,0.6941,1
2026-07-07 12:58:00+00:00,0.6941,0.6941,0.6941,0.6941,5
2026-07-07 12:59:00+00:00,0.6941,0.6942,0.6941,0.6942,8
2026-07-07 13:00:00+00:00,0.6932,0.6932,0.6932,0.6932,1
2026-07-07 13:00:00+00:00,0.6941,0.6942,0.6941,0.6942,4
2026-07-07 13:01:00+00:00,0.6941,0.6941,0.6941,0.6941,1
2026-07-07 13:05:00+00:00,0.6938,0.6938,0.6938,0.6938,12
2026-07-07 13:06:00+00:00,0.6938,0.6938,0.6938,0.6938,4
2026-07-07 13:09:00+00:00,0.6938,0.6938,0.6938,0.6938,14
2026-07-07 13:10:00+00:00,0.6938,0.6938,0.6938,0.6938,6
2026-07-07 13:11:00+00:00,0.6937,0.6938,0.6937,0.6938,38
2026-07-07 13:12:00+00:00,0.6938,0.6938,0.6938,0.6938,2
2026-07-07 13:21:00+00:00,0.694,0.694,0.694,0.694,3
2026-07-07 13:22:00+00:00,0.694,0.694,0.694,0.694,4
2026-07-07 13:23:00+00:00,0.6939,0.6939,0.6939,0.6939,1
2026-07-07 13:24:00+00:00,0.6939,0.6939,0.6939,0.6939,1
2026-07-07 13:25:00+00:00,0.6938,0.6938,0.6938,0.6938,5
2026-07-07 13:28:00+00:00,0.6939,0.6939,0.6939,0.6939,1
2026-07-07 13:30:00+00:00,0.6938,0.694,0.6938,0.694,2
2026-07-07 13:31:00+00:00,0.694,0.694,0.694,0.694,1
2026-07-07 13:32:00+00:00,0.694,0.694,0.694,0.694,1
2026-07-07 13:35:00+00:00,0.6938,0.6938,0.6938,0.6938,8
2026-07-07 13:36:00+00:00,0.694,0.6941,0.694,0.6941,5
2026-07-07 13:40:00+00:00,0.694,0.694,0.694,0.694,9
2026-07-07 13:42:00+00:00,0.6942,0.6942,0.6942,0.6942,1
2026-07-07 13:43:00+00:00,0.6942,0.6942,0.6942,0.6942,2
2026-07-07 13:44:00+00:00,0.6941,0.6941,0.6941,0.6941,1
2026-07-07 13:46:00+00:00,0.694,0.694,0.694,0.694,1
2026-07-07 13:47:00+00:00,0.6939,0.6939,0.6939,0.6939,1
2026-07-07 13:48:00+00:00,0.6938,0.6938,0.6938,0.6938,1
2026-07-07 13:49:00+00:00,0.6939,0.6939,0.6939,0.6939,1
2026-07-07 13:50:00+00:00,0.6939,0.6939,0.6938,0.6938,4
2026-07-07 13:51:00+00:00,0.6939,0.6939,0.6939,0.6939,1
2026-07-07 13:53:00+00:00,0.6937,0.6938,0.6937,0.6938,8
2026-07-07 13:54:00+00:00,0.6936,0.6936,0.6935,0.6935,5
2026-07-07 13:55:00+00:00,0.6935,0.6936,0.6933,0.6934,9
2026-07-07 13:57:00+00:00,0.6935,0.6936,0.6935,0.6936,15
2026-07-07 13:58:00+00:00,0.6935,0.6935,0.6934,0.6934,2
2026-07-07 13:59:00+00:00,0.6932,0.6932,0.6931,0.6932,10
2026-07-07 14:00:00+00:00,0.6933,0.6934,0.6932,0.6934,113
2026-07-07 14:03:00+00:00,0.6919,0.6919,0.6919,0.6919,1
2026-07-07 14:03:00+00:00,0.6931,0.6931,0.6928,0.693,54
2026-07-07 14:04:00+00:00,0.6928,0.6928,0.6928,0.6928,7
2026-07-07 14:05:00+00:00,0.6928,0.6929,0.6928,0.6929,18
2026-07-07 14:06:00+00:00,0.6929,0.6929,0.6929,0.6929,1
2026-07-07 14:07:00+00:00,0.6927,0.6928,0.6926,0.6928,17
2026-07-07 14:08:00+00:00,0.6927,0.6928,0.6927,0.6927,4
2026-07-07 14:09:00+00:00,0.693,0.693,0.6927,0.6928,5
2026-07-07 14:10:00+00:00,0.6928,0.6928,0.6928,0.6928,2
2026-07-07 14:11:00+00:00,0.6928,0.6928,0.6928,0.6928,1
2026-07-07 14:13:00+00:00,0.6929,0.6929,0.6929,0.6929,6
2026-07-07 14:14:00+00:00,0.6928,0.6928,0.6928,0.6928,5
2026-07-07 14:15:00+00:00,0.6928,0.6928,0.6928,0.6928,3
2026-07-07 14:16:00+00:00,0.6931,0.6932,0.6931,0.6932,3
2026-07-07 14:18:00+00:00,0.6932,0.6932,0.6931,0.6931,5
2026-07-07 14:19:00+00:00,0.6932,0.6932,0.6932,0.6932,10
2026-07-07 14:21:00+00:00,0.6932,0.6932,0.6932,0.6932,1
2026-07-07 14:22:00+00:00,0.6932,0.6932,0.6931,0.6931,2
2026-07-07 14:25:00+00:00,0.6929,0.6929,0.6929,0.6929,11
2026-07-07 14:28:00+00:00,0.6931,0.6931,0.6931,0.6931,1
2026-07-07 14:29:00+00:00,0.6931,0.6933,0.6931,0.6933,5
2026-07-07 14:30:00+00:00,0.6933,0.6933,0.6932,0.6932,3
2026-07-07 14:31:00+00:00,0.693,0.693,0.693,0.693,2
2026-07-07 14:32:00+00:00,0.693,0.693,0.6929,0.6929,3
2026-07-07 14:33:00+00:00,0.6932,0.6932,0.6932,0.6932,3
2026-07-07 14:34:00+00:00,0.6932,0.6932,0.6932,0.6932,2
2026-07-07 14:35:00+00:00,0.6931,0.6931,0.6931,0.6931,1
2026-07-07 14:37:00+00:00,0.6932,0.6932,0.6931,0.6931,7
2026-07-07 14:38:00+00:00,0.6931,0.6931,0.6931,0.6931,2
2026-07-07 14:41:00+00:00,0.6931,0.6931,0.6931,0.6931,1
2026-07-07 14:42:00+00:00,0.6932,0.6932,0.6932,0.6932,2
2026-07-07 14:43:00+00:00,0.6932,0.6932,0.6931,0.6931,2
2026-07-07 14:45:00+00:00,0.6933,0.6934,0.6933,0.6934,2
2026-07-07 14:49:00+00:00,0.6934,0.6934,0.6934,0.6934,42
2026-07-07 14:50:00+00:00,0.6934,0.6934,0.6934,0.6934,2
2026-07-07 14:51:00+00:00,0.6935,0.6935,0.6935,0.6935,1
2026-07-07 14:52:00+00:00,0.6935,0.6935,0.6935,0.6935,6
2026-07-07 14:53:00+00:00,0.6935,0.6935,0.6935,0.6935,1
2026-07-07 14:54:00+00:00,0.6935,0.6935,0.6935,0.6935,4
2026-07-07 14:55:00+00:00,0.6933,0.6933,0.6933,0.6933,4
2026-07-07 14:57:00+00:00,0.6933,0.6933,0.6933,0.6933,6
2026-07-07 14:58:00+00:00,0.6933,0.6934,0.6933,0.6934,6
2026-07-07 14:59:00+00:00,0.6933,0.6933,0.6933,0.6933,1
2026-07-07 15:00:00+00:00,0.6932,0.6932,0.6931,0.6931,12
2026-07-07 15:01:00+00:00,0.6931,0.6932,0.6931,0.6932,2
2026-07-07 15:02:00+00:00,0.693,0.693,0.693,0.693,3
2026-07-07 15:03:00+00:00,0.693,0.693,0.693,0.693,6
2026-07-07 15:04:00+00:00,0.6931,0.6931,0.6931,0.6931,7
2026-07-07 15:06:00+00:00,0.6931,0.6931,0.6931,0.6931,1
2026-07-07 15:07:00+00:00,0.6932,0.6932,0.6932,0.6932,3
2026-07-07 15:09:00+00:00,0.6932,0.6932,0.6932,0.6932,34
2026-07-07 15:11:00+00:00,0.693,0.693,0.6929,0.6929,4
2026-07-07 15:12:00+00:00,0.6931,0.6931,0.6931,0.6931,13
2026-07-07 15:13:00+00:00,0.693,0.693,0.693,0.693,1
2026-07-07 15:14:00+00:00,0.6929,0.6929,0.6929,0.6929,3
2026-07-07 15:15:00+00:00,0.6929,0.6929,0.6929,0.6929,2
2026-07-07 15:16:00+00:00,0.6927,0.6929,0.6927,0.6929,6
2026-07-07 15:17:00+00:00,0.6927,0.6927,0.6927,0.6927,3
2026-07-07 15:18:00+00:00,0.6926,0.6926,0.6926,0.6926,3
2026-07-07 15:19:00+00:00,0.6926,0.6926,0.6926,0.6926,1
2026-07-07 15:22:00+00:00,0.6927,0.6927,0.6927,0.6927,5
2026-07-07 15:24:00+00:00,0.6926,0.6926,0.6926,0.6926,2
2026-07-07 15:25:00+00:00,0.6927,0.6927,0.6927,0.6927,10
2026-07-07 15:27:00+00:00,0.6927,0.6927,0.6927,0.6927,1
2026-07-07 15:28:00+00:00,0.6927,0.6927,0.6927,0.6927,6
2026-07-07 15:30:00+00:00,0.6928,0.6928,0.6928,0.6928,2
2026-07-07 15:33:00+00:00,0.6928,0.6928,0.6928,0.6928,2
2026-07-07 15:34:00+00:00,0.6927,0.6927,0.6927,0.6927,1
2026-07-07 15:39:00+00:00,0.6928,0.6928,0.6928,0.6928,2
2026-07-07 15:40:00+00:00,0.6926,0.6927,0.6926,0.6927,13
2026-07-07 15:41:00+00:00,0.6929,0.6929,0.6929,0.6929,2
2026-07-07 15:44:00+00:00,0.6927,0.6927,0.6927,0.6927,1
2026-07-07 15:48:00+00:00,0.6927,0.6927,0.6926,0.6927,8
2026-07-07 15:49:00+00:00,0.6927,0.6927,0.6927,0.6927,1
2026-07-07 15:52:00+00:00,0.6929,0.6929,0.6929,0.6929,1
2026-07-07 15:54:00+00:00,0.6927,0.6928,0.6927,0.6928,6
2026-07-07 15:55:00+00:00,0.6927,0.6927,0.6927,0.6927,2
2026-07-07 15:57:00+00:00,0.6926,0.6926,0.6925,0.6926,17
2026-07-07 16:02:00+00:00,0.6928,0.6928,0.6928,0.6928,1
2026-07-07 16:03:00+00:00,0.6929,0.6929,0.6928,0.6928,2
2026-07-07 16:04:00+00:00,0.6928,0.6928,0.6928,0.6928,9
2026-07-07 16:06:00+00:00,0.6928,0.6928,0.6928,0.6928,1
2026-07-07 16:10:00+00:00,0.6928,0.6928,0.6928,0.6928,1
2026-07-07 16:12:00+00:00,0.6929,0.6929,0.6929,0.6929,1
2026-07-07 16:13:00+00:00,0.6928,0.6928,0.6928,0.6928,1
2026-07-07 16:14:00+00:00,0.6928,0.6928,0.6928,0.6928,46
2026-07-07 16:17:00+00:00,0.6926,0.6926,0.6926,0.6926,2
2026-07-07 16:21:00+00:00,0.6926,0.6926,0.6925,0.6925,120
2026-07-07 16:22:00+00:00,0.6927,0.6927,0.6927,0.6927,30
2026-07-07 16:28:00+00:00,0.6927,0.6927,0.6927,0.6927,12
2026-07-07 16:29:00+00:00,0.6927,0.6927,0.6927,0.6927,10
2026-07-07 16:31:00+00:00,0.6926,0.6926,0.6926,0.6926,1
2026-07-07 16:32:00+00:00,0.6927,0.6927,0.6927,0.6927,1
2026-07-07 16:34:00+00:00,0.6927,0.6927,0.6927,0.6927,5
2026-07-07 16:35:00+00:00,0.6927,0.6927,0.6927,0.6927,3
2026-07-07 16:39:00+00:00,0.6926,0.6926,0.6926,0.6926,10
2026-07-07 16:40:00+00:00,0.6926,0.6926,0.6926,0.6926,2
2026-07-07 16:41:00+00:00,0.6926,0.6926,0.6925,0.6925,111
2026-07-07 16:42:00+00:00,0.6926,0.6926,0.6926,0.6926,7
2026-07-07 16:44:00+00:00,0.6927,0.6927,0.6927,0.6927,2
2026-07-07 16:46:00+00:00,0.6927,0.6927,0.6927,0.6927,1
2026-07-07 16:51:00+00:00,0.6927,0.6927,0.6927,0.6927,1
2026-07-07 16:52:00+00:00,0.6928,0.6928,0.6928,0.6928,2
2026-07-07 16:53:00+00:00,0.6928,0.6928,0.6928,0.6928,1
2026-07-07 16:55:00+00:00,0.6928,0.6928,0.6927,0.6927,3
2026-07-07 16:56:00+00:00,0.6927,0.6927,0.6927,0.6927,5
2026-07-07 16:57:00+00:00,0.6928,0.6928,0.6928,0.6928,5
2026-07-07 16:58:00+00:00,0.6928,0.6928,0.6928,0.6928,1
2026-07-07 16:59:00+00:00,0.6928,0.6928,0.6928,0.6928,21
2026-07-07 17:02:00+00:00,0.6929,0.6929,0.6929,0.6929,1
2026-07-07 17:05:00+00:00,0.693,0.693,0.693,0.693,6
2026-07-07 17:06:00+00:00,0.693,0.6931,0.693,0.6931,2
2026-07-07 17:07:00+00:00,0.6931,0.6931,0.6931,0.6931,4
2026-07-07 17:12:00+00:00,0.693,0.693,0.693,0.693,5
2026-07-07 17:14:00+00:00,0.6929,0.693,0.6929,0.6929,5
2026-07-07 17:15:00+00:00,0.6929,0.6929,0.6929,0.6929,1
2026-07-07 17:16:00+00:00,0.6928,0.6928,0.6928,0.6928,1
2026-07-07 17:21:00+00:00,0.693,0.693,0.693,0.693,1
2026-07-07 17:24:00+00:00,0.693,0.693,0.693,0.693,6
2026-07-07 17:30:00+00:00,0.693,0.693,0.693,0.693,1
2026-07-07 17:39:00+00:00,0.6932,0.6932,0.6932,0.6932,2
2026-07-07 17:41:00+00:00,0.6932,0.6932,0.6932,0.6932,3
2026-07-07 17:46:00+00:00,0.6932,0.6932,0.6932,0.6932,2
2026-07-07 17:52:00+00:00,0.6933,0.6933,0.6933,0.6933,5
2026-07-07 17:57:00+00:00,0.6933,0.6934,0.6933,0.6934,13
2026-07-07 18:00:00+00:00,0.6933,0.6933,0.6933,0.6933,2
2026-07-07 18:02:00+00:00,0.6931,0.6931,0.6931,0.6931,1
2026-07-07 18:08:00+00:00,0.6933,0.6933,0.6933,0.6933,1
2026-07-07 18:10:00+00:00,0.6933,0.6933,0.6933,0.6933,1
2026-07-07 18:11:00+00:00,0.6932,0.6932,0.6932,0.6932,1
2026-07-07 18:18:00+00:00,0.6933,0.6933,0.6933,0.6933,1
2026-07-07 18:19:00+00:00,0.6932,0.6932,0.6932,0.6932,1
2026-07-07 18:21:00+00:00,0.6933,0.6933,0.6933,0.6933,34
2026-07-07 18:22:00+00:00,0.6933,0.6933,0.6933,0.6933,1
2026-07-07 18:28:00+00:00,0.6933,0.6933,0.6933,0.6933,6
2026-07-07 18:30:00+00:00,0.6932,0.6932,0.6932,0.6932,9
2026-07-07 18:39:00+00:00,0.6932,0.6932,0.6932,0.6932,5
2026-07-07 18:42:00+00:00,0.6931,0.6932,0.6931,0.6932,10
2026-07-07 18:45:00+00:00,0.6932,0.6932,0.6932,0.6932,1
2026-07-07 18:46:00+00:00,0.6932,0.6932,0.6932,0.6932,1
2026-07-07 18:47:00+00:00,0.6932,0.6932,0.6932,0.6932,1
2026-07-07 18:48:00+00:00,0.6932,0.6932,0.6931,0.6932,22
2026-07-07 18:49:00+00:00,0.693,0.693,0.6927,0.6929,22
2026-07-07 18:50:00+00:00,0.6929,0.6929,0.6929,0.6929,1
2026-07-07 18:51:00+00:00,0.6927,0.6927,0.6927,0.6927,2
2026-07-07 18:52:00+00:00,0.6928,0.6928,0.6928,0.6928,1
2026-07-07 18:53:00+00:00,0.6927,0.6927,0.6927,0.6927,1
2026-07-07 18:54:00+00:00,0.6927,0.6927,0.6924,0.6924,19
2026-07-07 18:55:00+00:00,0.6926,0.6926,0.6925,0.6925,4
2026-07-07 18:55:00+00:00,0.6914,0.6914,0.6914,0.6914,1
2026-07-07 18:56:00+00:00,0.6925,0.6925,0.6924,0.6924,6
2026-07-07 18:57:00+00:00,0.6926,0.6926,0.6925,0.6925,2
2026-07-07 18:59:00+00:00,0.6926,0.6926,0.6925,0.6925,24
2026-07-07 19:00:00+00:00,0.6924,0.6924,0.6922,0.6923,16
2026-07-07 19:01:00+00:00,0.6922,0.6922,0.6922,0.6922,3
2026-07-07 19:02:00+00:00,0.6922,0.6922,0.6922,0.6922,4
2026-07-07 19:04:00+00:00,0.6922,0.6922,0.6922,0.6922,2
2026-07-07 19:05:00+00:00,0.6922,0.6922,0.6922,0.6922,1
2026-07-07 19:06:00+00:00,0.6921,0.6921,0.6921,0.6921,4
2026-07-07 19:07:00+00:00,0.692,0.692,0.6919,0.6919,10
2026-07-07 19:09:00+00:00,0.6919,0.6919,0.6919,0.6919,1
2026-07-07 19:11:00+00:00,0.6918,0.6918,0.6917,0.6917,33
2026-07-07 19:12:00+00:00,0.6917,0.6917,0.6917,0.6917,5
2026-07-07 19:13:00+00:00,0.6918,0.6918,0.6918,0.6918,6
2026-07-07 19:14:00+00:00,0.6917,0.6917,0.6917,0.6917,3
2026-07-07 19:15:00+00:00,0.6916,0.6916,0.6914,0.6914,58
2026-07-07 19:16:00+00:00,0.6914,0.6914,0.6913,0.6913,11
2026-07-07 19:17:00+00:00,0.6915,0.6915,0.6914,0.6915,8
2026-07-07 19:18:00+00:00,0.6913,0.6913,0.6912,0.6913,29
2026-07-07 19:19:00+00:00,0.6913,0.6913,0.6913,0.6913,5
2026-07-07 19:21:00+00:00,0.6916,0.6917,0.6916,0.6916,8
2026-07-07 19:24:00+00:00,0.6916,0.6916,0.6916,0.6916,1
2026-07-07 19:25:00+00:00,0.6917,0.6917,0.6917,0.6917,2
2026-07-07 19:27:00+00:00,0.6918,0.692,0.6918,0.6918,123
2026-07-07 19:29:00+00:00,0.6917,0.6917,0.6917,0.6917,2
2026-07-07 19:30:00+00:00,0.6918,0.6918,0.6918,0.6918,1
2026-07-07 19:31:00+00:00,0.692,0.6921,0.692,0.692,12
2026-07-07 19:32:00+00:00,0.692,0.692,0.692,0.692,13
2026-07-07 19:33:00+00:00,0.692,0.692,0.692,0.692,1
2026-07-07 19:34:00+00:00,0.6921,0.6921,0.6921,0.6921,2
2026-07-07 19:36:00+00:00,0.692,0.692,0.692,0.692,1
2026-07-07 19:38:00+00:00,0.6922,0.6922,0.6922,0.6922,1
2026-07-07 19:39:00+00:00,0.6922,0.6922,0.6922,0.6922,2
2026-07-07 19:40:00+00:00,0.6921,0.6921,0.6921,0.6921,7
2026-07-07 19:41:00+00:00,0.692,0.692,0.692,0.692,1
2026-07-07 19:43:00+00:00,0.6921,0.6921,0.6921,0.6921,6
2026-07-07 19:47:00+00:00,0.6922,0.6922,0.6921,0.6921,4
2026-07-07 19:50:00+00:00,0.6922,0.6922,0.6922,0.6922,5
2026-07-07 19:54:00+00:00,0.6923,0.6923,0.6923,0.6923,1
2026-07-07 19:55:00+00:00,0.6924,0.6924,0.6924,0.6924,5
2026-07-07 19:59:00+00:00,0.6924,0.6924,0.6924,0.6924,1
2026-07-07 20:00:00+00:00,0.6924,0.6924,0.6924,0.6924,1
2026-07-07 20:01:00+00:00,0.6924,0.6924,0.6924,0.6924,10
2026-07-07 20:02:00+00:00,0.6924,0.6924,0.6924,0.6924,3
2026-07-07 20:04:00+00:00,0.6924,0.6924,0.6924,0.6924,2
2026-07-07 20:10:00+00:00,0.6923,0.6923,0.6923,0.6923,13
2026-07-07 20:16:00+00:00,0.6922,0.6922,0.6922,0.6922,1
2026-07-07 20:17:00+00:00,0.6921,0.6921,0.6921,0.6921,7
2026-07-07 20:18:00+00:00,0.6922,0.6922,0.692,0.6921,30
2026-07-07 20:20:00+00:00,0.6921,0.6921,0.6921,0.6921,1
2026-07-07 20:25:00+00:00,0.6922,0.6922,0.6922,0.6922,1
2026-07-07 20:28:00+00:00,0.6922,0.6922,0.6922,0.6922,5
2026-07-07 20:45:00+00:00,0.692,0.692,0.692,0.692,1
2026-07-07 20:46:00+00:00,0.692,0.692,0.692,0.692,1
2026-07-07 20:49:00+00:00,0.692,0.692,0.692,0.692,8
2026-07-07 20:50:00+00:00,0.692,0.6921,0.692,0.6921,9
2026-07-07 20:54:00+00:00,0.692,0.692,0.692,0.692,2
2026-07-07 20:55:00+00:00,0.692,0.6921,0.692,0.6921,9
2026-07-07 20:57:00+00:00,0.692,0.692,0.692,0.692,1
2026-07-07 20:58:00+00:00,0.6921,0.6921,0.6921,0.6921,5
2026-07-07 22:00:00+00:00,0.692,0.692,0.6915,0.6915,12
2026-07-07 22:01:00+00:00,0.6914,0.6915,0.6914,0.6914,17
2026-07-07 22:04:00+00:00,0.6917,0.6917,0.6917,0.6917,5
2026-07-07 22:07:00+00:00,0.6916,0.6916,0.6916,0.6916,13
2026-07-07 22:10:00+00:00,0.6917,0.6917,0.6916,0.6916,7
2026-07-07 22:11:00+00:00,0.6917,0.6917,0.6917,0.6917,8
2026-07-07 22:13:00+00:00,0.6916,0.6916,0.6916,0.6916,3
2026-07-07 22:17:00+00:00,0.6916,0.6916,0.6916,0.6916,1
2026-07-07 22:18:00+00:00,0.6917,0.6917,0.6917,0.6917,2
2026-07-07 22:26:00+00:00,0.6918,0.6918,0.6918,0.6918,3
2026-07-07 22:30:00+00:00,0.6917,0.6917,0.6917,0.6917,2
2026-07-07 22:31:00+00:00,0.6917,0.6917,0.6917,0.6917,2
2026-07-07 22:33:00+00:00,0.6917,0.6917,0.6917,0.6917,1
2026-07-07 22:34:00+00:00,0.6917,0.6917,0.6917,0.6917,4
2026-07-07 22:37:00+00:00,0.6917,0.6917,0.6917,0.6917,1
2026-07-07 22:41:00+00:00,0.6916,0.6916,0.6916,0.6916,4
2026-07-07 22:42:00+00:00,0.6916,0.6916,0.6916,0.6916,1
2026-07-07 22:43:00+00:00,0.6918,0.6918,0.6918,0.6918,1
2026-07-07 22:46:00+00:00,0.6917,0.6917,0.6917,0.6917,1
2026-07-07 22:47:00+00:00,0.6917,0.6917,0.6917,0.6917,1
2026-07-07 22:49:00+00:00,0.6917,0.6917,0.6917,0.6917,5
2026-07-07 22:52:00+00:00,0.6917,0.6917,0.6917,0.6917,4
2026-07-07 22:53:00+00:00,0.6918,0.6918,0.6918,0.6918,1
2026-07-07 22:54:00+00:00,0.6918,0.6918,0.6918,0.6918,1
2026-07-07 22:55:00+00:00,0.6918,0.6918,0.6918,0.6918,6
2026-07-07 22:57:00+00:00,0.6918,0.6918,0.6918,0.6918,1
2026-07-07 23:01:00+00:00,0.691,0.691,0.691,0.691,1
2026-07-07 23:05:00+00:00,0.6919,0.6919,0.6919,0.6919,1
2026-07-07 23:06:00+00:00,0.6919,0.6919,0.6919,0.6919,1
2026-07-07 23:13:00+00:00,0.6918,0.6918,0.6918,0.6918,4
2026-07-07 23:15:00+00:00,0.6919,0.6919,0.6919,0.6919,27
2026-07-07 23:16:00+00:00,0.6919,0.6919,0.6919,0.6919,19
2026-07-07 23:18:00+00:00,0.692,0.6921,0.692,0.6921,6
2026-07-07 23:20:00+00:00,0.6919,0.6919,0.6919,0.6919,9
2026-07-07 23:21:00+00:00,0.6919,0.6919,0.6919,0.6919,3
2026-07-07 23:22:00+00:00,0.6919,0.6919,0.6919,0.6919,3
2026-07-07 23:26:00+00:00,0.6919,0.6919,0.6919,0.6919,1
2026-07-07 23:29:00+00:00,0.6919,0.6919,0.6919,0.6919,10
2026-07-07 23:42:00+00:00,0.692,0.692,0.692,0.692,1
2026-07-07 23:43:00+00:00,0.6919,0.6919,0.6919,0.6919,1
2026-07-07 23:46:00+00:00,0.6919,0.6919,0.6919,0.6919,1
2026-07-07 23:48:00+00:00,0.6918,0.6918,0.6918,0.6918,1
2026-07-07 23:49:00+00:00,0.6917,0.6917,0.6917,0.6917,7
2026-07-07 23:52:00+00:00,0.6917,0.6917,0.6917,0.6917,15
2026-07-07 23:57:00+00:00,0.6916,0.6916,0.6915,0.6915,3
2026-07-07 23:59:00+00:00,0.6914,0.6914,0.6914,0.6914,5
2026-07-08 00:00:00+00:00,0.6913,0.6913,0.6913,0.6913,1
2026-07-08 00:01:00+00:00,0.6913,0.6914,0.6913,0.6914,6
2026-07-08 00:02:00+00:00,0.6913,0.6913,0.6913,0.6913,1
2026-07-08 00:03:00+00:00,0.6914,0.6914,0.6914,0.6914,1
2026-07-08 00:04:00+00:00,0.6915,0.6915,0.6915,0.6915,1
2026-07-08 00:06:00+00:00,0.6917,0.6917,0.6917,0.6917,1
2026-07-08 00:07:00+00:00,0.6918,0.6918,0.6918,0.6918,3
2026-07-08 00:12:00+00:00,0.6919,0.6919,0.6919,0.6919,10
2026-07-08 00:13:00+00:00,0.6919,0.6919,0.6919,0.6919,17
2026-07-08 00:14:00+00:00,0.6919,0.6919,0.6918,0.6918,2
2026-07-08 00:18:00+00:00,0.6918,0.6918,0.6918,0.6918,1
2026-07-08 00:21:00+00:00,0.6917,0.6917,0.6917,0.6917,2
2026-07-08 00:24:00+00:00,0.6921,0.6922,0.6921,0.6922,8
2026-07-08 00:25:00+00:00,0.692,0.692,0.692,0.692,1
2026-07-08 00:29:00+00:00,0.6921,0.6921,0.6921,0.6921,11
2026-07-08 00:30:00+00:00,0.6921,0.6921,0.6921,0.6921,1
2026-07-08 00:31:00+00:00,0.6922,0.6922,0.6922,0.6922,1
2026-07-08 00:32:00+00:00,0.6922,0.6922,0.6922,0.6922,2
2026-07-08 00:34:00+00:00,0.6921,0.6921,0.6921,0.6921,1
2026-07-08 00:35:00+00:00,0.6922,0.6922,0.6922,0.6922,4
2026-07-08 00:37:00+00:00,0.6923,0.6923,0.6923,0.6923,2
2026-07-08 00:38:00+00:00,0.6924,0.6924,0.6924,0.6924,1
2026-07-08 00:39:00+00:00,0.6924,0.6924,0.6924,0.6924,1
2026-07-08 00:40:00+00:00,0.6925,0.6925,0.6925,0.6925,13
2026-07-08 00:44:00+00:00,0.6925,0.6925,0.6925,0.6925,50
2026-07-08 00:47:00+00:00,0.6926,0.6926,0.6926,0.6926,2
2026-07-08 00:48:00+00:00,0.6926,0.6927,0.6926,0.6927,5
2026-07-08 00:49:00+00:00,0.6926,0.6926,0.6926,0.6926,1
2026-07-08 00:51:00+00:00,0.6926,0.6926,0.6926,0.6926,6
2026-07-08 00:52:00+00:00,0.6926,0.6927,0.6926,0.6927,5
2026-07-08 00:53:00+00:00,0.6927,0.6927,0.6927,0.6927,1
2026-07-08 00:55:00+00:00,0.6926,0.6926,0.6926,0.6926,2
2026-07-08 00:58:00+00:00,0.6927,0.6927,0.6925,0.6925,8
2026-07-08 00:59:00+00:00,0.6927,0.6927,0.6927,0.6927,1
2026-07-08 01:00:00+00:00,0.6927,0.6927,0.6926,0.6926,7
2026-07-08 01:01:00+00:00,0.6928,0.6928,0.6928,0.6928,3
2026-07-08 01:02:00+00:00,0.6928,0.6928,0.6928,0.6928,2
2026-07-08 01:03:00+00:00,0.6928,0.6929,0.6927,0.6927,5
2026-07-08 01:04:00+00:00,0.6928,0.6928,0.6928,0.6928,3
2026-07-08 01:05:00+00:00,0.6927,0.6927,0.6927,0.6927,8
2026-07-08 01:06:00+00:00,0.6925,0.6925,0.6924,0.6924,7
2026-07-08 01:07:00+00:00,0.6925,0.6925,0.6925,0.6925,5
2026-07-08 01:08:00+00:00,0.6924,0.6924,0.6924,0.6924,1
2026-07-08 01:11:00+00:00,0.6927,0.6927,0.6927,0.6927,1
2026-07-08 01:13:00+00:00,0.6928,0.6928,0.6928,0.6928,1
2026-07-08 01:14:00+00:00,0.6928,0.6929,0.6928,0.6928,4
2026-07-08 01:15:00+00:00,0.6928,0.6928,0.6928,0.6928,3
2026-07-08 01:18:00+00:00,0.6926,0.6926,0.6926,0.6926,1
2026-07-08 01:19:00+00:00,0.6925,0.6925,0.6925,0.6925,1
2026-07-08 01:22:00+00:00,0.6924,0.6924,0.6924,0.6924,1
2026-07-08 01:23:00+00:00,0.6923,0.6923,0.6923,0.6923,1
2026-07-08 01:24:00+00:00,0.6923,0.6923,0.6923,0.6923,1
2026-07-08 01:29:00+00:00,0.6923,0.6923,0.6923,0.6923,1
2026-07-08 01:30:00+00:00,0.6924,0.6924,0.6924,0.6924,1
2026-07-08 01:33:00+00:00,0.6923,0.6923,0.6923,0.6923,21
2026-07-08 01:34:00+00:00,0.6922,0.6922,0.6922,0.6922,18
2026-07-08 01:35:00+00:00,0.6923,0.6923,0.6923,0.6923,3
2026-07-08 01:37:00+00:00,0.6923,0.6923,0.6923,0.6923,1
2026-07-08 01:38:00+00:00,0.6921,0.6921,0.6921,0.6921,1
2026-07-08 01:39:00+00:00,0.6921,0.6922,0.6921,0.6922,8
2026-07-08 01:41:00+00:00,0.6922,0.6922,0.6922,0.6922,1
2026-07-08 01:42:00+00:00,0.6921,0.6922,0.6921,0.6922,2
2026-07-08 01:44:00+00:00,0.6921,0.6921,0.6921,0.6921,2
2026-07-08 01:46:00+00:00,0.6927,0.6927,0.6927,0.6927,3
2026-07-08 01:47:00+00:00,0.6926,0.6926,0.6926,0.6926,2
2026-07-08 01:49:00+00:00,0.6928,0.6929,0.6928,0.6929,6
2026-07-08 01:50:00+00:00,0.6929,0.6929,0.6929,0.6929,1
2026-07-08 01:52:00+00:00,0.6928,0.6928,0.6928,0.6928,1
2026-07-08 01:54:00+00:00,0.6927,0.6927,0.6927,0.6927,5
2026-07-08 01:55:00+00:00,0.6928,0.6928,0.6928,0.6928,1
2026-07-08 01:56:00+00:00,0.6927,0.6927,0.6927,0.6927,2
2026-07-08 01:57:00+00:00,0.6928,0.6929,0.6928,0.6929,10
2026-07-08 01:58:00+00:00,0.6929,0.6929,0.6929,0.6929,1
2026-07-08 02:00:00+00:00,0.6929,0.693,0.6927,0.6927,92
2026-07-08 02:01:00+00:00,0.6927,0.6927,0.6927,0.6927,2
2026-07-08 02:02:00+00:00,0.6929,0.6929,0.6929,0.6929,1
2026-07-08 02:03:00+00:00,0.693,0.693,0.693,0.693,7
2026-07-08 02:07:00+00:00,0.6929,0.6929,0.6929,0.6929,1
2026-07-08 02:08:00+00:00,0.693,0.6931,0.6929,0.6929,6
2026-07-08 02:10:00+00:00,0.6928,0.6929,0.6928,0.6929,65
2026-07-08 02:11:00+00:00,0.6929,0.6929,0.6929,0.6929,1
2026-07-08 02:12:00+00:00,0.6928,0.6928,0.6927,0.6928,5
2026-07-08 02:13:00+00:00,0.6929,0.6929,0.6929,0.6929,4
2026-07-08 02:14:00+00:00,0.6929,0.6929,0.6929,0.6929,2
2026-07-08 02:15:00+00:00,0.6931,0.6931,0.6931,0.6931,20
2026-07-08 02:16:00+00:00,0.6931,0.6932,0.6931,0.6932,13
2026-07-08 02:18:00+00:00,0.6932,0.6933,0.6932,0.6933,3
2026-07-08 02:20:00+00:00,0.6933,0.6933,0.6931,0.6932,4
2026-07-08 02:22:00+00:00,0.6933,0.6933,0.6933,0.6933,11
2026-07-08 02:23:00+00:00,0.6934,0.6934,0.6934,0.6934,3
2026-07-08 02:24:00+00:00,0.6934,0.6934,0.6934,0.6934,1
2026-07-08 02:25:00+00:00,0.6933,0.6936,0.6933,0.6936,12
2026-07-08 02:26:00+00:00,0.6934,0.6934,0.6934,0.6934,2
2026-07-08 02:27:00+00:00,0.6934,0.6934,0.6934,0.6934,1
2026-07-08 02:28:00+00:00,0.6934,0.6934,0.6934,0.6934,1
2026-07-08 02:31:00+00:00,0.6932,0.6932,0.6932,0.6932,1
2026-07-08 02:35:00+00:00,0.6931,0.6931,0.6931,0.6931,1
2026-07-08 02:36:00+00:00,0.693,0.693,0.693,0.693,1
2026-07-08 02:40:00+00:00,0.6931,0.6931,0.6931,0.6931,5
2026-07-08 02:44:00+00:00,0.6931,0.6931,0.6931,0.6931,6
2026-07-08 02:47:00+00:00,0.693,0.693,0.693,0.693,1
2026-07-08 02:48:00+00:00,0.6931,0.6932,0.6931,0.6931,31
2026-07-08 02:49:00+00:00,0.6931,0.6931,0.6931,0.6931,5
2026-07-08 02:50:00+00:00,0.6931,0.6931,0.6931,0.6931,3
2026-07-08 02:51:00+00:00,0.6931,0.6931,0.6931,0.6931,3
2026-07-08 02:53:00+00:00,0.6931,0.6931,0.6931,0.6931,3
2026-07-08 02:54:00+00:00,0.6932,0.6932,0.6932,0.6932,1
2026-07-08 02:59:00+00:00,0.693,0.693,0.693,0.693,1
2026-07-08 03:00:00+00:00,0.6931,0.6931,0.6931,0.6931,1
2026-07-08 03:01:00+00:00,0.6932,0.6934,0.6932,0.6934,6
2026-07-08 03:03:00+00:00,0.6935,0.6935,0.6934,0.6934,3
2026-07-08 03:04:00+00:00,0.6934,0.6934,0.6934,0.6934,1
2026-07-08 03:05:00+00:00,0.6934,0.6934,0.6934,0.6934,8
2026-07-08 03:07:00+00:00,0.6933,0.6933,0.6932,0.6932,2
2026-07-08 03:12:00+00:00,0.6935,0.6936,0.6935,0.6936,2
2026-07-08 03:12:00+00:00,0.6926,0.6926,0.6926,0.6926,1
2026-07-08 03:13:00+00:00,0.6937,0.6937,0.6937,0.6937,22
2026-07-08 03:14:00+00:00,0.6937,0.6937,0.6937,0.6937,4
2026-07-08 03:15:00+00:00,0.6938,0.6938,0.6938,0.6938,3
2026-07-08 03:16:00+00:00,0.6938,0.6938,0.6938,0.6938,2
2026-07-08 03:18:00+00:00,0.6937,0.6937,0.6937,0.6937,2
2026-07-08 03:22:00+00:00,0.6938,0.6938,0.6938,0.6938,6
2026-07-08 03:23:00+00:00,0.6938,0.6938,0.6938,0.6938,6
2026-07-08 03:25:00+00:00,0.6936,0.6936,0.6936,0.6936,5
2026-07-08 03:30:00+00:00,0.6936,0.6936,0.6936,0.6936,5
2026-07-08 03:35:00+00:00,0.6935,0.6935,0.6935,0.6935,2
2026-07-08 03:36:00+00:00,0.6936,0.6936,0.6936,0.6936,1
2026-07-08 03:38:00+00:00,0.6936,0.6936,0.6936,0.6936,14
2026-07-08 03:40:00+00:00,0.6935,0.6935,0.6935,0.6935,6
2026-07-08 03:41:00+00:00,0.6935,0.6935,0.6935,0.6935,6
2026-07-08 03:42:00+00:00,0.6935,0.6935,0.6935,0.6935,6
2026-07-08 03:45:00+00:00,0.6935,0.6935,0.6935,0.6935,2
2026-07-08 03:50:00+00:00,0.6935,0.6935,0.6935,0.6935,1
2026-07-08 03:51:00+00:00,0.6934,0.6934,0.6934,0.6934,1
2026-07-08 03:52:00+00:00,0.6934,0.6934,0.6934,0.6934,1
2026-07-08 03:53:00+00:00,0.6933,0.6933,0.6933,0.6933,2
2026-07-08 04:00:00+00:00,0.6931,0.6931,0.6931,0.6931,11
2026-07-08 04:01:00+00:00,0.693,0.693,0.693,0.693,3
2026-07-08 04:02:00+00:00,0.6931,0.6931,0.693,0.693,11
2026-07-08 04:04:00+00:00,0.693,0.693,0.693,0.693,1
2026-07-08 04:07:00+00:00,0.6929,0.6929,0.6929,0.6929,2
2026-07-08 04:08:00+00:00,0.6929,0.6929,0.6929,0.6929,2
2026-07-08 04:09:00+00:00,0.693,0.693,0.693,0.693,1
2026-07-08 04:20:00+00:00,0.6931,0.6931,0.6931,0.6931,1
2026-07-08 04:21:00+00:00,0.693,0.693,0.693,0.693,4
2026-07-08 04:25:00+00:00,0.6932,0.6932,0.6932,0.6932,2
2026-07-08 04:31:00+00:00,0.6932,0.6933,0.6932,0.6933,2
2026-07-08 04:37:00+00:00,0.6933,0.6933,0.6933,0.6933,3
2026-07-08 04:40:00+00:00,0.6934,0.6934,0.6934,0.6934,2
2026-07-08 04:45:00+00:00,0.6933,0.6933,0.6933,0.6933,1
2026-07-08 04:49:00+00:00,0.6932,0.6932,0.6931,0.6931,3
2026-07-08 04:50:00+00:00,0.6933,0.6933,0.6933,0.6933,1
2026-07-08 04:55:00+00:00,0.6932,0.6932,0.6932,0.6932,1
2026-07-08 05:01:00+00:00,0.6934,0.6934,0.6934,0.6934,2
2026-07-08 05:03:00+00:00,0.6934,0.6935,0.6934,0.6935,15
2026-07-08 05:04:00+00:00,0.6935,0.6936,0.6935,0.6936,9
2026-07-08 05:05:00+00:00,0.6936,0.6936,0.6936,0.6936,1
2026-07-08 05:06:00+00:00,0.6936,0.6937,0.6936,0.6937,21
2026-07-08 05:08:00+00:00,0.6936,0.6936,0.6936,0.6936,2
2026-07-08 05:11:00+00:00,0.6933,0.6933,0.6933,0.6933,15
2026-07-08 05:14:00+00:00,0.6932,0.6932,0.6932,0.6932,1
2026-07-08 05:15:00+00:00,0.6933,0.6934,0.6933,0.6934,4
2026-07-08 05:16:00+00:00,0.6934,0.6934,0.6934,0.6934,2
2026-07-08 05:19:00+00:00,0.6934,0.6934,0.6934,0.6934,3
2026-07-08 05:21:00+00:00,0.6934,0.6934,0.6933,0.6933,11
2026-07-08 05:22:00+00:00,0.6932,0.6932,0.6932,0.6932,1
2026-07-08 05:24:00+00:00,0.6932,0.6932,0.6932,0.6932,1
2026-07-08 05:29:00+00:00,0.6933,0.6933,0.6933,0.6933,5
2026-07-08 05:30:00+00:00,0.6933,0.6933,0.6933,0.6933,5
2026-07-08 05:32:00+00:00,0.6934,0.6934,0.6934,0.6934,5
2026-07-08 05:34:00+00:00,0.6935,0.6935,0.6935,0.6935,4
2026-07-08 05:35:00+00:00,0.6935,0.6935,0.6935,0.6935,2
2026-07-08 05:37:00+00:00,0.6935,0.6935,0.6934,0.6934,3
2026-07-08 05:40:00+00:00,0.6934,0.6934,0.6934,0.6934,1
2026-07-08 05:41:00+00:00,0.6935,0.6935,0.6935,0.6935,2
2026-07-08 05:42:00+00:00,0.6936,0.6936,0.6936,0.6936,5
2026-07-08 05:43:00+00:00,0.6937,0.6937,0.6935,0.6935,4
2026-07-08 05:44:00+00:00,0.6936,0.6936,0.6936,0.6936,1
2026-07-08 05:46:00+00:00,0.6936,0.6936,0.6936,0.6936,1
2026-07-08 05:47:00+00:00,0.6936,0.6936,0.6936,0.6936,2
2026-07-08 05:52:00+00:00,0.6933,0.6933,0.6933,0.6933,2
2026-07-08 05:53:00+00:00,0.6933,0.6933,0.6933,0.6933,2
2026-07-08 05:54:00+00:00,0.6933,0.6933,0.6933,0.6933,2
2026-07-08 05:56:00+00:00,0.6934,0.6934,0.6934,0.6934,5
2026-07-08 05:57:00+00:00,0.6935,0.6935,0.6935,0.6935,2
2026-07-08 05:59:00+00:00,0.6934,0.6934,0.6934,0.6934,1
2026-07-08 06:00:00+00:00,0.6934,0.6934,0.6934,0.6934,2
2026-07-08 06:01:00+00:00,0.6935,0.6936,0.6935,0.6936,4
2026-07-08 06:02:00+00:00,0.6935,0.6935,0.6934,0.6934,4
2026-07-08 06:03:00+00:00,0.6934,0.6934,0.6934,0.6934,9
2026-07-08 06:06:00+00:00,0.6933,0.6934,0.6933,0.6934,2
2026-07-08 06:15:00+00:00,0.6933,0.6933,0.6933,0.6933,1
2026-07-08 06:17:00+00:00,0.6932,0.6932,0.6932,0.6932,16
2026-07-08 06:19:00+00:00,0.6934,0.6934,0.6934,0.6934,5
2026-07-08 06:20:00+00:00,0.6934,0.6934,0.6934,0.6934,1
2026-07-08 06:21:00+00:00,0.6933,0.6933,0.6933,0.6933,2
2026-07-08 06:25:00+00:00,0.6932,0.6932,0.6932,0.6932,1
2026-07-08 06:29:00+00:00,0.6933,0.6933,0.6933,0.6933,5
2026-07-08 06:30:00+00:00,0.6931,0.6931,0.6931,0.6931,6
2026-07-08 06:33:00+00:00,0.6932,0.6932,0.6932,0.6932,5
2026-07-08 06:35:00+00:00,0.6929,0.6929,0.6929,0.6929,4
2026-07-08 06:39:00+00:00,0.693,0.6931,0.693,0.6931,4
2026-07-08 06:40:00+00:00,0.6932,0.6932,0.6932,0.6932,1
2026-07-08 06:41:00+00:00,0.6932,0.6932,0.6932,0.6932,4
2026-07-08 06:45:00+00:00,0.693,0.693,0.693,0.693,1
2026-07-08 06:47:00+00:00,0.693,0.693,0.6929,0.6929,6
2026-07-08 06:48:00+00:00,0.6928,0.6928,0.6928,0.6928,4
2026-07-08 06:49:00+00:00,0.6927,0.6928,0.6927,0.6927,9
2026-07-08 06:52:00+00:00,0.6927,0.6927,0.6927,0.6927,11
2026-07-08 06:55:00+00:00,0.6929,0.6929,0.6927,0.6927,76
2026-07-08 06:56:00+00:00,0.6928,0.6929,0.6928,0.6929,7
2026-07-08 06:59:00+00:00,0.6929,0.6929,0.6929,0.6929,1
2026-07-08 07:01:00+00:00,0.6927,0.6927,0.6927,0.6927,4
2026-07-08 07:02:00+00:00,0.6926,0.6927,0.6925,0.6927,11
2026-07-08 07:05:00+00:00,0.6927,0.6927,0.6924,0.6924,5
2026-07-08 07:06:00+00:00,0.6923,0.6924,0.6923,0.6924,6
2026-07-08 07:07:00+00:00,0.6925,0.6925,0.6923,0.6923,29
2026-07-08 07:08:00+00:00,0.6923,0.6923,0.6923,0.6923,1
2026-07-08 07:12:00+00:00,0.6924,0.6924,0.6924,0.6924,1
2026-07-08 07:15:00+00:00,0.6924,0.6924,0.6924,0.6924,3
2026-07-08 07:16:00+00:00,0.6924,0.6924,0.6924,0.6924,3
2026-07-08 07:18:00+00:00,0.6924,0.6924,0.6924,0.6924,1
2026-07-08 07:19:00+00:00,0.6924,0.6924,0.6924,0.6924,1
2026-07-08 07:20:00+00:00,0.6926,0.6926,0.6926,0.6926,1
2026-07-08 07:23:00+00:00,0.6928,0.6928,0.6928,0.6928,1
2026-07-08 07:24:00+00:00,0.693,0.693,0.693,0.693,2
2026-07-08 07:27:00+00:00,0.6929,0.6929,0.6929,0.6929,1
2026-07-08 07:28:00+00:00,0.6931,0.6931,0.693,0.693,3
2026-07-08 07:30:00+00:00,0.6932,0.6932,0.6932,0.6932,4
2026-07-08 07:31:00+00:00,0.6932,0.6932,0.6932,0.6932,3
2026-07-08 07:34:00+00:00,0.6932,0.6932,0.6932,0.6932,23
2026-07-08 07:35:00+00:00,0.6933,0.6933,0.6933,0.6933,1
2026-07-08 07:36:00+00:00,0.6934,0.6934,0.6932,0.6932,4
2026-07-08 07:38:00+00:00,0.693,0.693,0.693,0.693,1
2026-07-08 07:43:00+00:00,0.6932,0.6932,0.6932,0.6932,1
2026-07-08 07:45:00+00:00,0.6933,0.6933,0.6933,0.6933,8
2026-07-08 07:50:00+00:00,0.6934,0.6934,0.6934,0.6934,1
2026-07-08 07:55:00+00:00,0.6931,0.6931,0.6931,0.6931,2
2026-07-08 07:56:00+00:00,0.6932,0.6932,0.6932,0.6932,12
2026-07-08 08:00:00+00:00,0.693,0.693,0.6929,0.6929,3
2026-07-08 08:01:00+00:00,0.6928,0.6928,0.6928,0.6928,1
2026-07-08 08:03:00+00:00,0.693,0.693,0.693,0.693,1
2026-07-08 08:04:00+00:00,0.693,0.693,0.693,0.693,5
2026-07-08 08:06:00+00:00,0.693,0.693,0.6928,0.6928,11
2026-07-08 08:07:00+00:00,0.693,0.693,0.6929,0.6929,26
2026-07-08 08:08:00+00:00,0.6929,0.6929,0.6928,0.6929,9
2026-07-08 08:09:00+00:00,0.6931,0.6931,0.6931,0.6931,3
2026-07-08 08:11:00+00:00,0.6928,0.6928,0.6928,0.6928,1
2026-07-08 08:12:00+00:00,0.6928,0.6928,0.6928,0.6928,2
2026-07-08 08:13:00+00:00,0.6928,0.6929,0.6927,0.6928,21
2026-07-08 08:14:00+00:00,0.6928,0.6928,0.6927,0.6927,4
2026-07-08 08:15:00+00:00,0.6929,0.6929,0.6928,0.6928,12
2026-07-08 08:16:00+00:00,0.6929,0.6929,0.691,0.691,142
2026-07-08 08:16:00+00:00,0.6901,0.6901,0.6901,0.6901,1
2026-07-08 08:17:00+00:00,0.6912,0.6913,0.6903,0.6903,198
2026-07-08 08:17:00+00:00,0.69,0.69,0.69,0.69,1
2026-07-08 08:18:00+00:00,0.6905,0.6909,0.6903,0.6908,124
2026-07-08 08:19:00+00:00,0.6908,0.6914,0.6906,0.6911,77
2026-07-08 08:20:00+00:00,0.6912,0.6916,0.6912,0.6912,45
2026-07-08 08:21:00+00:00,0.6912,0.6912,0.6912,0.6912,3
2026-07-08 08:22:00+00:00,0.6913,0.6914,0.6912,0.6914,7
2026-07-08 08:23:00+00:00,0.6914,0.6915,0.6914,0.6915,13
2026-07-08 08:24:00+00:00,0.6914,0.6914,0.6912,0.6912,39
2026-07-08 08:25:00+00:00,0.6912,0.6913,0.6912,0.6913,10
2026-07-08 08:26:00+00:00,0.6914,0.6914,0.6914,0.6914,1
2026-07-08 08:27:00+00:00,0.6915,0.6916,0.6915,0.6916,22
2026-07-08 08:28:00+00:00,0.6916,0.6916,0.6915,0.6916,16
2026-07-08 08:29:00+00:00,0.6916,0.6916,0.6916,0.6916,39
2026-07-08 08:30:00+00:00,0.6914,0.6917,0.6914,0.6917,16
2026-07-08 08:31:00+00:00,0.6917,0.6918,0.6917,0.6917,25
2026-07-08 08:32:00+00:00,0.6915,0.6915,0.6913,0.6913,46
2026-07-08 08:35:00+00:00,0.6915,0.6916,0.6913,0.6913,86
2026-07-08 08:36:00+00:00,0.6912,0.6913,0.6909,0.6911,44
2026-07-08 08:37:00+00:00,0.6909,0.6909,0.6909,0.6909,123
2026-07-08 08:38:00+00:00,0.6909,0.691,0.6907,0.6907,12
2026-07-08 08:39:00+00:00,0.6907,0.6908,0.6907,0.6908,4
2026-07-08 08:40:00+00:00,0.6906,0.6907,0.6906,0.6907,10
2026-07-08 08:41:00+00:00,0.6908,0.6908,0.6906,0.6906,29
2026-07-08 08:42:00+00:00,0.6899,0.6899,0.6899,0.6899,1
2026-07-08 08:42:00+00:00,0.6906,0.6906,0.6904,0.6905,36
2026-07-08 08:43:00+00:00,0.6906,0.6907,0.6906,0.6907,2
2026-07-08 08:44:00+00:00,0.6908,0.6909,0.6908,0.6908,12
2026-07-08 08:47:00+00:00,0.6912,0.6915,0.6912,0.6915,9
2026-07-08 08:48:00+00:00,0.6915,0.6915,0.6915,0.6915,12
2026-07-08 08:49:00+00:00,0.6914,0.6915,0.6912,0.6912,30
2026-07-08 08:52:00+00:00,0.6913,0.6913,0.6913,0.6913,25
2026-07-08 08:53:00+00:00,0.6913,0.6914,0.6913,0.6914,2
2026-07-08 08:54:00+00:00,0.6912,0.6912,0.6911,0.6911,27
2026-07-08 08:55:00+00:00,0.691,0.6913,0.691,0.6912,11
2026-07-08 08:56:00+00:00,0.6912,0.6912,0.691,0.6911,18
2026-07-08 08:57:00+00:00,0.691,0.691,0.6909,0.6909,8
2026-07-08 08:58:00+00:00,0.6908,0.6908,0.6908,0.6908,10
2026-07-08 08:59:00+00:00,0.6907,0.6907,0.6907,0.6907,11
2026-07-08 09:00:00+00:00,0.6907,0.6907,0.6905,0.6905,40
2026-07-08 09:01:00+00:00,0.6905,0.6905,0.6905,0.6905,3
2026-07-08 09:02:00+00:00,0.6905,0.6905,0.6904,0.6905,31
2026-07-08 09:03:00+00:00,0.6905,0.6905,0.6904,0.6904,14
2026-07-08 09:04:00+00:00,0.6903,0.6907,0.6902,0.6906,35
2026-07-08 09:05:00+00:00,0.6906,0.6906,0.6904,0.6906,14
2026-07-08 09:06:00+00:00,0.6904,0.6905,0.6903,0.6905,20
2026-07-08 09:07:00+00:00,0.6903,0.6905,0.6903,0.6905,10
2026-07-08 09:08:00+00:00,0.6903,0.6904,0.6902,0.6902,20
2026-07-08 09:09:00+00:00,0.6902,0.6902,0.6899,0.69,114
2026-07-08 09:10:00+00:00,0.6901,0.6901,0.6901,0.6901,9
2026-07-08 09:11:00+00:00,0.6901,0.6901,0.6901,0.6901,5
2026-07-08 09:12:00+00:00,0.6899,0.6899,0.6899,0.6899,1
2026-07-08 09:13:00+00:00,0.6901,0.6901,0.69,0.69,14
2026-07-08 09:14:00+00:00,0.6901,0.6901,0.6898,0.6898,6
2026-07-08 09:15:00+00:00,0.69,0.69,0.6899,0.69,17
2026-07-08 09:16:00+00:00,0.69,0.6903,0.69,0.6903,12
2026-07-08 09:17:00+00:00,0.6904,0.6905,0.6903,0.6905,17
2026-07-08 09:18:00+00:00,0.6905,0.6906,0.6905,0.6906,11
2026-07-08 09:19:00+00:00,0.6907,0.6907,0.6906,0.6906,9
2026-07-08 09:20:00+00:00,0.6905,0.6906,0.6905,0.6906,3
2026-07-08 09:21:00+00:00,0.6907,0.6907,0.6904,0.6906,9
2026-07-08 09:22:00+00:00,0.6906,0.6906,0.6906,0.6906,4
2026-07-08 09:23:00+00:00,0.6906,0.6907,0.6906,0.6907,7
2026-07-08 09:24:00+00:00,0.6906,0.6906,0.6906,0.6906,5
2026-07-08 09:27:00+00:00,0.6904,0.6905,0.6904,0.6905,16
2026-07-08 09:28:00+00:00,0.6906,0.6906,0.6905,0.6905,9
2026-07-08 09:29:00+00:00,0.6906,0.6906,0.6906,0.6906,5
2026-07-08 09:30:00+00:00,0.6907,0.6908,0.6907,0.6908,4
2026-07-08 09:31:00+00:00,0.6907,0.6907,0.6906,0.6906,7
2026-07-08 09:32:00+00:00,0.6908,0.6908,0.6908,0.6908,1
2026-07-08 09:33:00+00:00,0.6909,0.691,0.6908,0.691,5
2026-07-08 09:34:00+00:00,0.6911,0.6911,0.6911,0.6911,1
2026-07-08 09:35:00+00:00,0.6912,0.6912,0.6912,0.6912,4
2026-07-08 09:36:00+00:00,0.6912,0.6913,0.6912,0.6913,4
2026-07-08 09:37:00+00:00,0.6913,0.6913,0.6912,0.6912,3
2026-07-08 09:38:00+00:00,0.6911,0.6911,0.6911,0.6911,5
2026-07-08 09:40:00+00:00,0.6912,0.6912,0.6911,0.6911,7
2026-07-08 09:44:00+00:00,0.6913,0.6913,0.6913,0.6913,5
2026-07-08 09:45:00+00:00,0.6913,0.6913,0.6913,0.6913,25
2026-07-08 09:46:00+00:00,0.6914,0.6914,0.6914,0.6914,1
2026-07-08 09:48:00+00:00,0.6915,0.6915,0.6915,0.6915,1
2026-07-08 09:50:00+00:00,0.6915,0.6915,0.6915,0.6915,1
2026-07-08 09:54:00+00:00,0.6914,0.6914,0.6914,0.6914,2
2026-07-08 09:56:00+00:00,0.6912,0.6912,0.691,0.691,2
2026-07-08 09:57:00+00:00,0.691,0.691,0.6909,0.691,8
2026-07-08 10:04:00+00:00,0.691,0.691,0.691,0.691,1
2026-07-08 10:05:00+00:00,0.6911,0.6911,0.6911,0.6911,1
2026-07-08 10:06:00+00:00,0.6911,0.6911,0.6911,0.6911,3
2026-07-08 10:07:00+00:00,0.691,0.691,0.691,0.691,1
2026-07-08 10:10:00+00:00,0.6909,0.6909,0.6909,0.6909,2
2026-07-08 10:11:00+00:00,0.6909,0.6909,0.6909,0.6909,6
2026-07-08 10:18:00+00:00,0.6912,0.6912,0.6912,0.6912,1
2026-07-08 10:19:00+00:00,0.6913,0.6913,0.6913,0.6913,6
2026-07-08 10:20:00+00:00,0.6915,0.6915,0.6915,0.6915,3
2026-07-08 10:22:00+00:00,0.6915,0.6915,0.6915,0.6915,5
2026-07-08 10:23:00+00:00,0.6915,0.6915,0.6915,0.6915,1
2026-07-08 10:24:00+00:00,0.6914,0.6914,0.6914,0.6914,1
2026-07-08 10:25:00+00:00,0.6914,0.6914,0.6914,0.6914,1
2026-07-08 10:29:00+00:00,0.6915,0.6915,0.6915,0.6915,3
2026-07-08 10:30:00+00:00,0.6915,0.6915,0.6915,0.6915,2
2026-07-08 10:31:00+00:00,0.6915,0.6917,0.6915,0.6917,3
2026-07-08 10:33:00+00:00,0.6917,0.6917,0.6917,0.6917,5
2026-07-08 10:35:00+00:00,0.6917,0.6917,0.6917,0.6917,7
2026-07-08 10:37:00+00:00,0.6917,0.6917,0.6917,0.6917,2
2026-07-08 10:38:00+00:00,0.6917,0.6917,0.6917,0.6917,1
2026-07-08 10:41:00+00:00,0.6917,0.6917,0.6917,0.6917,1
2026-07-08 10:43:00+00:00,0.6919,0.6919,0.6918,0.6919,8
2026-07-08 10:44:00+00:00,0.6919,0.6919,0.6919,0.6919,12
2026-07-08 10:45:00+00:00,0.692,0.692,0.692,0.692,2
2026-07-08 10:46:00+00:00,0.6918,0.6918,0.6917,0.6917,2
2026-07-08 10:48:00+00:00,0.6918,0.6918,0.6917,0.6917,24
2026-07-08 10:49:00+00:00,0.6917,0.6917,0.6915,0.6915,3
2026-07-08 10:50:00+00:00,0.6916,0.6916,0.6915,0.6915,11
2026-07-08 10:51:00+00:00,0.6915,0.6915,0.6915,0.6915,3
2026-07-08 10:52:00+00:00,0.6915,0.6916,0.6915,0.6916,7
2026-07-08 10:54:00+00:00,0.6915,0.6915,0.6915,0.6915,1
2026-07-08 10:57:00+00:00,0.6916,0.6916,0.6916,0.6916,4
2026-07-08 10:58:00+00:00,0.6915,0.6915,0.6915,0.6915,1
2026-07-08 10:59:00+00:00,0.6914,0.6914,0.6914,0.6914,1
2026-07-08 11:00:00+00:00,0.6914,0.6914,0.6913,0.6913,4
2026-07-08 11:01:00+00:00,0.6912,0.6914,0.6912,0.6914,9
2026-07-08 11:03:00+00:00,0.6911,0.6911,0.6911,0.6911,3
2026-07-08 11:04:00+00:00,0.691,0.6912,0.691,0.6911,11
2026-07-08 11:08:00+00:00,0.6911,0.6911,0.6911,0.6911,3
2026-07-08 11:09:00+00:00,0.691,0.691,0.691,0.691,5
2026-07-08 11:16:00+00:00,0.6911,0.6911,0.6911,0.6911,1
2026-07-08 11:18:00+00:00,0.691,0.691,0.691,0.691,1
2026-07-08 11:21:00+00:00,0.691,0.6911,0.691,0.6911,5
2026-07-08 11:22:00+00:00,0.691,0.691,0.6909,0.6909,4
2026-07-08 11:23:00+00:00,0.6909,0.6909,0.6909,0.6909,1
2026-07-08 11:26:00+00:00,0.691,0.691,0.691,0.691,1
2026-07-08 11:27:00+00:00,0.691,0.691,0.691,0.691,1
2026-07-08 11:28:00+00:00,0.691,0.691,0.6909,0.6909,2
2026-07-08 11:30:00+00:00,0.6908,0.6908,0.6907,0.6907,14
2026-07-08 11:32:00+00:00,0.6906,0.6906,0.6906,0.6906,1
2026-07-08 11:33:00+00:00,0.6905,0.6906,0.6905,0.6906,7
2026-07-08 11:34:00+00:00,0.6906,0.6906,0.6906,0.6906,1
2026-07-08 11:37:00+00:00,0.6904,0.6904,0.6902,0.6902,153
2026-07-08 11:38:00+00:00,0.6901,0.6901,0.69,0.69,50
2026-07-08 11:39:00+00:00,0.69,0.69,0.69,0.69,1
2026-07-08 11:40:00+00:00,0.69,0.6901,0.69,0.6901,6
2026-07-08 11:41:00+00:00,0.6902,0.6902,0.6902,0.6902,1
2026-07-08 11:41:00+00:00,0.6892,0.6892,0.6892,0.6892,1
2026-07-08 11:42:00+00:00,0.6902,0.6903,0.6902,0.6903,15
2026-07-08 11:43:00+00:00,0.6905,0.6913,0.6905,0.6911,126
2026-07-08 11:44:00+00:00,0.6912,0.6912,0.691,0.691,21
2026-07-08 11:45:00+00:00,0.6911,0.6912,0.6911,0.6912,2
2026-07-08 11:46:00+00:00,0.6913,0.6913,0.6913,0.6913,10
2026-07-08 11:47:00+00:00,0.6912,0.6912,0.6911,0.6911,4
2026-07-08 11:50:00+00:00,0.6907,0.6907,0.6906,0.6907,11
2026-07-08 11:51:00+00:00,0.6907,0.6907,0.6907,0.6907,7
2026-07-08 11:52:00+00:00,0.6909,0.6909,0.6909,0.6909,3
2026-07-08 11:53:00+00:00,0.6908,0.6908,0.6908,0.6908,1
2026-07-08 11:56:00+00:00,0.6909,0.6909,0.6909,0.6909,5
2026-07-08 11:57:00+00:00,0.6909,0.6909,0.6909,0.6909,5
2026-07-08 11:59:00+00:00,0.6908,0.6908,0.6908,0.6908,1
2026-07-08 12:00:00+00:00,0.6908,0.6908,0.6907,0.6908,48
2026-07-08 12:01:00+00:00,0.6907,0.6908,0.6907,0.6908,14
2026-07-08 12:04:00+00:00,0.6913,0.6914,0.6913,0.6914,5
2026-07-08 12:05:00+00:00,0.6914,0.6916,0.6914,0.6916,5
2026-07-08 12:06:00+00:00,0.6915,0.6915,0.6915,0.6915,1
2026-07-08 12:07:00+00:00,0.6915,0.6915,0.6915,0.6915,11
2026-07-08 12:08:00+00:00,0.6914,0.6914,0.6914,0.6914,20
2026-07-08 12:09:00+00:00,0.6915,0.6915,0.6915,0.6915,4
2026-07-08 12:10:00+00:00,0.6915,0.6915,0.6915,0.6915,1
2026-07-08 12:12:00+00:00,0.6915,0.6915,0.6915,0.6915,1
2026-07-08 12:14:00+00:00,0.6914,0.6914,0.6914,0.6914,8
2026-07-08 12:15:00+00:00,0.6915,0.6915,0.6915,0.6915,4
2026-07-08 12:16:00+00:00,0.6918,0.6918,0.6917,0.6917,4
2026-07-08 12:17:00+00:00,0.6919,0.6919,0.6919,0.6919,3
2026-07-08 12:18:00+00:00,0.6919,0.6919,0.6919,0.6919,21
2026-07-08 12:19:00+00:00,0.6919,0.6919,0.6919,0.6919,1
2026-07-08 12:24:00+00:00,0.6917,0.6917,0.6917,0.6917,2
2026-07-08 12:25:00+00:00,0.6919,0.6919,0.6919,0.6919,34
2026-07-08 12:28:00+00:00,0.6919,0.6919,0.6919,0.6919,1
2026-07-08 12:29:00+00:00,0.692,0.6921,0.692,0.6921,22
2026-07-08 12:30:00+00:00,0.6921,0.6922,0.692,0.692,18
2026-07-08 12:31:00+00:00,0.6919,0.6919,0.6919,0.6919,1
2026-07-08 12:35:00+00:00,0.6919,0.6919,0.6918,0.6918,2
2026-07-08 12:38:00+00:00,0.6918,0.6918,0.6918,0.6918,2
2026-07-08 12:39:00+00:00,0.6919,0.6919,0.6919,0.6919,2
2026-07-08 12:41:00+00:00,0.6919,0.6919,0.6919,0.6919,2
2026-07-08 12:42:00+00:00,0.692,0.692,0.692,0.692,2
2026-07-08 12:48:00+00:00,0.692,0.692,0.692,0.692,3
2026-07-08 12:50:00+00:00,0.6921,0.6921,0.6921,0.6921,50
2026-07-08 12:51:00+00:00,0.6921,0.6921,0.6921,0.6921,1
2026-07-08 12:52:00+00:00,0.6921,0.6921,0.6921,0.6921,5
2026-07-08 12:54:00+00:00,0.6922,0.6923,0.6922,0.6923,25
2026-07-08 12:55:00+00:00,0.6923,0.6923,0.6923,0.6923,5
2026-07-08 12:56:00+00:00,0.6921,0.6923,0.6915,0.6915,167
2026-07-08 12:57:00+00:00,0.6916,0.6916,0.6914,0.6914,13
2026-07-08 12:59:00+00:00,0.6913,0.6913,0.6913,0.6913,1
2026-07-08 13:01:00+00:00,0.6915,0.6915,0.6915,0.6915,1
2026-07-08 13:03:00+00:00,0.6914,0.6915,0.6914,0.6915,10
2026-07-08 13:04:00+00:00,0.6916,0.6916,0.6916,0.6916,11
2026-07-08 13:05:00+00:00,0.6916,0.6917,0.6916,0.6917,22
2026-07-08 13:06:00+00:00,0.6914,0.6914,0.6914,0.6914,1
2026-07-08 13:07:00+00:00,0.6916,0.6916,0.6916,0.6916,1
2026-07-08 13:08:00+00:00,0.6917,0.6917,0.6917,0.6917,5
2026-07-08 13:09:00+00:00,0.6916,0.6917,0.6916,0.6917,5
2026-07-08 13:10:00+00:00,0.6916,0.6916,0.6916,0.6916,4
2026-07-08 13:12:00+00:00,0.6917,0.6918,0.6917,0.6918,5
2026-07-08 13:14:00+00:00,0.6917,0.6917,0.6917,0.6917,1
2026-07-08 13:18:00+00:00,0.6915,0.6916,0.6915,0.6916,2
2026-07-08 13:21:00+00:00,0.6916,0.6916,0.6915,0.6915,11
2026-07-08 13:22:00+00:00,0.6916,0.6916,0.6916,0.6916,6
2026-07-08 13:24:00+00:00,0.6914,0.6914,0.6914,0.6914,1
2026-07-08 13:26:00+00:00,0.6915,0.6915,0.6915,0.6915,1
2026-07-08 13:27:00+00:00,0.6916,0.6916,0.6916,0.6916,4
2026-07-08 13:28:00+00:00,0.6916,0.6916,0.6916,0.6916,5
2026-07-08 13:29:00+00:00,0.6916,0.6916,0.6916,0.6916,8
2026-07-08 13:30:00+00:00,0.6914,0.6915,0.6914,0.6915,26
2026-07-08 13:31:00+00:00,0.6916,0.6916,0.6916,0.6916,3
2026-07-08 13:32:00+00:00,0.6919,0.6919,0.6919,0.6919,6
2026-07-08 13:33:00+00:00,0.6918,0.6919,0.6918,0.6919,3
2026-07-08 13:34:00+00:00,0.6919,0.6919,0.6919,0.6919,5
2026-07-08 13:35:00+00:00,0.6918,0.6918,0.6916,0.6916,49
2026-07-08 13:36:00+00:00,0.6917,0.6917,0.6916,0.6916,12
2026-07-08 13:38:00+00:00,0.6916,0.6916,0.6916,0.6916,1
2026-07-08 13:39:00+00:00,0.6918,0.6918,0.6918,0.6918,5
2026-07-08 13:40:00+00:00,0.6918,0.6919,0.6918,0.6919,2
2026-07-08 13:42:00+00:00,0.6916,0.6916,0.6916,0.6916,1
2026-07-08 13:47:00+00:00,0.6918,0.6918,0.6917,0.6917,2
2026-07-08 13:49:00+00:00,0.6917,0.6917,0.6917,0.6917,2
2026-07-08 13:50:00+00:00,0.6915,0.6916,0.6915,0.6916,6
2026-07-08 13:53:00+00:00,0.6915,0.6915,0.6915,0.6915,4
2026-07-08 13:54:00+00:00,0.6912,0.6912,0.6912,0.6912,1
2026-07-08 13:55:00+00:00,0.6912,0.6912,0.6912,0.6912,1
2026-07-08 13:56:00+00:00,0.6912,0.6912,0.6911,0.6911,2
2026-07-08 13:59:00+00:00,0.6913,0.6913,0.6913,0.6913,5
2026-07-08 14:00:00+00:00,0.6913,0.6913,0.6913,0.6913,2
2026-07-08 14:01:00+00:00,0.6915,0.6915,0.6915,0.6915,1
2026-07-08 14:04:00+00:00,0.6915,0.6915,0.6915,0.6915,1
2026-07-08 14:05:00+00:00,0.6915,0.6915,0.6914,0.6914,19
2026-07-08 14:06:00+00:00,0.6915,0.6915,0.6914,0.6914,8
2026-07-08 14:08:00+00:00,0.6915,0.6915,0.6915,0.6915,2
2026-07-08 14:09:00+00:00,0.6913,0.6913,0.6913,0.6913,40
2026-07-08 14:11:00+00:00,0.6912,0.6912,0.6912,0.6912,6
2026-07-08 14:12:00+00:00,0.6912,0.6912,0.6911,0.6911,6
2026-07-08 14:13:00+00:00,0.6912,0.6912,0.6912,0.6912,3
2026-07-08 14:14:00+00:00,0.6912,0.6914,0.6912,0.6914,2
2026-07-08 14:15:00+00:00,0.6911,0.6911,0.6911,0.6911,6
2026-07-08 14:16:00+00:00,0.6911,0.6911,0.6911,0.6911,6
2026-07-08 14:17:00+00:00,0.6912,0.6912,0.6912,0.6912,1
2026-07-08 14:20:00+00:00,0.6913,0.6913,0.6913,0.6913,2
2026-07-08 14:22:00+00:00,0.6917,0.6918,0.6917,0.6918,2
2026-07-08 14:25:00+00:00,0.6918,0.6918,0.6918,0.6918,2
2026-07-08 14:27:00+00:00,0.6915,0.6917,0.6914,0.6917,44
2026-07-08 14:28:00+00:00,0.6917,0.6917,0.6916,0.6916,10
2026-07-08 14:29:00+00:00,0.6916,0.6916,0.6916,0.6916,7
2026-07-08 14:30:00+00:00,0.6914,0.6916,0.6914,0.6916,4
2026-07-08 14:31:00+00:00,0.6915,0.6915,0.6915,0.6915,1
2026-07-08 14:32:00+00:00,0.6914,0.6914,0.6914,0.6914,1
2026-07-08 14:33:00+00:00,0.6913,0.6914,0.6913,0.6914,2
2026-07-08 14:34:00+00:00,0.6915,0.6915,0.6915,0.6915,4
2026-07-08 14:35:00+00:00,0.6914,0.6914,0.6914,0.6914,1
2026-07-08 14:39:00+00:00,0.6915,0.6915,0.6915,0.6915,1
2026-07-08 14:40:00+00:00,0.6916,0.6916,0.6916,0.6916,1
2026-07-08 14:41:00+00:00,0.6916,0.6916,0.6916,0.6916,1
2026-07-08 14:42:00+00:00,0.6916,0.6916,0.6915,0.6915,3
2026-07-08 14:44:00+00:00,0.6916,0.6916,0.6916,0.6916,8
2026-07-08 14:45:00+00:00,0.6915,0.6915,0.6915,0.6915,1
2026-07-08 14:47:00+00:00,0.6912,0.6912,0.6912,0.6912,4
2026-07-08 14:48:00+00:00,0.6912,0.6912,0.6911,0.6911,5
2026-07-08 14:49:00+00:00,0.6911,0.6911,0.6911,0.6911,1
2026-07-08 14:50:00+00:00,0.691,0.6912,0.6909,0.6912,8
2026-07-08 14:52:00+00:00,0.6912,0.6912,0.6912,0.6912,12
2026-07-08 14:53:00+00:00,0.6912,0.6912,0.6911,0.6912,20
2026-07-08 14:54:00+00:00,0.6909,0.6909,0.6909,0.6909,6
2026-07-08 14:55:00+00:00,0.691,0.691,0.691,0.691,5
2026-07-08 14:57:00+00:00,0.6908,0.6909,0.6907,0.6909,22
2026-07-08 14:58:00+00:00,0.6909,0.691,0.6909,0.691,5
2026-07-08 14:59:00+00:00,0.6909,0.691,0.6909,0.691,3
2026-07-08 15:01:00+00:00,0.691,0.691,0.691,0.691,11
2026-07-08 15:04:00+00:00,0.691,0.691,0.691,0.691,5
2026-07-08 15:05:00+00:00,0.691,0.6912,0.691,0.6912,2
2026-07-08 15:06:00+00:00,0.6913,0.6913,0.6913,0.6913,5
2026-07-08 15:10:00+00:00,0.6913,0.6913,0.6913,0.6913,9
2026-07-08 15:14:00+00:00,0.6907,0.6907,0.6907,0.6907,1
2026-07-08 15:15:00+00:00,0.6908,0.6908,0.6908,0.6908,1
2026-07-08 15:16:00+00:00,0.6906,0.6906,0.6905,0.6905,24
2026-07-08 15:17:00+00:00,0.6905,0.6905,0.6904,0.6904,6
2026-07-08 15:18:00+00:00,0.6907,0.6907,0.6907,0.6907,7
2026-07-08 15:19:00+00:00,0.6906,0.6908,0.6906,0.6908,2
2026-07-08 15:23:00+00:00,0.6905,0.6905,0.6904,0.6904,4
2026-07-08 15:25:00+00:00,0.6904,0.6904,0.6904,0.6904,1
2026-07-08 15:27:00+00:00,0.6903,0.6903,0.6903,0.6903,6
2026-07-08 15:28:00+00:00,0.6903,0.6903,0.6903,0.6903,2
2026-07-08 15:29:00+00:00,0.6903,0.6903,0.6903,0.6903,1
2026-07-08 15:30:00+00:00,0.6902,0.6902,0.6902,0.6902,4
2026-07-08 15:30:00+00:00,0.6892,0.6892,0.6892,0.6892,1
2026-07-08 15:31:00+00:00,0.69,0.6901,0.69,0.6901,14
2026-07-08 15:33:00+00:00,0.6902,0.6902,0.6902,0.6902,1
2026-07-08 15:34:00+00:00,0.6902,0.6902,0.6902,0.6902,4
2026-07-08 15:35:00+00:00,0.6903,0.6903,0.6903,0.6903,3
2026-07-08 15:36:00+00:00,0.6903,0.6903,0.6903,0.6903,1
2026-07-08 15:37:00+00:00,0.6903,0.6903,0.6903,0.6903,9
2026-07-08 15:39:00+00:00,0.6903,0.6903,0.6903,0.6903,35
2026-07-08 15:40:00+00:00,0.6902,0.6902,0.6902,0.6902,16
2026-07-08 15:41:00+00:00,0.69,0.6901,0.69,0.69,30
2026-07-08 15:42:00+00:00,0.69,0.6901,0.6899,0.6899,10
2026-07-08 15:43:00+00:00,0.6899,0.69,0.6899,0.69,11
2026-07-08 15:44:00+00:00,0.69,0.6901,0.69,0.69,3
2026-07-08 15:45:00+00:00,0.6899,0.6899,0.6899,0.6899,1
2026-07-08 15:47:00+00:00,0.69,0.6901,0.69,0.69,3
2026-07-08 15:49:00+00:00,0.69,0.69,0.69,0.69,4
2026-07-08 15:50:00+00:00,0.6902,0.6902,0.6902,0.6902,17
2026-07-08 15:51:00+00:00,0.6903,0.6903,0.6903,0.6903,1
2026-07-08 15:53:00+00:00,0.6901,0.6902,0.6901,0.6902,8
2026-07-08 16:00:00+00:00,0.6902,0.6903,0.6902,0.6903,5
2026-07-08 16:01:00+00:00,0.6904,0.6904,0.6903,0.6903,4
2026-07-08 16:02:00+00:00,0.6902,0.6902,0.6902,0.6902,4
2026-07-08 16:05:00+00:00,0.6903,0.6904,0.6903,0.6904,5
2026-07-08 16:06:00+00:00,0.6905,0.6905,0.6905,0.6905,2
2026-07-08 16:07:00+00:00,0.6905,0.6905,0.6904,0.6905,3
2026-07-08 16:10:00+00:00,0.6905,0.6905,0.6905,0.6905,2
2026-07-08 16:11:00+00:00,0.6906,0.6906,0.6906,0.6906,1
2026-07-08 16:12:00+00:00,0.6906,0.6906,0.6906,0.6906,1
2026-07-08 16:13:00+00:00,0.6906,0.6906,0.6906,0.6906,2
2026-07-08 16:15:00+00:00,0.6904,0.6906,0.6904,0.6906,2
2026-07-08 16:16:00+00:00,0.6905,0.6905,0.6905,0.6905,1
2026-07-08 16:17:00+00:00,0.6905,0.6907,0.6905,0.6907,2
2026-07-08 16:18:00+00:00,0.6908,0.6908,0.6907,0.6907,6
2026-07-08 16:19:00+00:00,0.6907,0.6907,0.6907,0.6907,1
2026-07-08 16:20:00+00:00,0.6908,0.6909,0.6908,0.6909,3
2026-07-08 16:21:00+00:00,0.6909,0.6909,0.6909,0.6909,1
2026-07-08 16:22:00+00:00,0.6908,0.6908,0.6908,0.6908,1
2026-07-08 16:27:00+00:00,0.6909,0.6909,0.6909,0.6909,12
2026-07-08 16:28:00+00:00,0.6909,0.6909,0.6909,0.6909,1
2026-07-08 16:31:00+00:00,0.691,0.6911,0.691,0.6911,7
2026-07-08 16:32:00+00:00,0.691,0.691,0.691,0.691,1
2026-07-08 16:34:00+00:00,0.6911,0.6911,0.6911,0.6911,1
2026-07-08 16:35:00+00:00,0.6912,0.6913,0.6912,0.6912,7
2026-07-08 16:36:00+00:00,0.6909,0.6909,0.6909,0.6909,1
2026-07-08 16:38:00+00:00,0.691,0.691,0.691,0.691,2
2026-07-08 16:39:00+00:00,0.6911,0.6914,0.6911,0.6913,37
2026-07-08 16:40:00+00:00,0.6912,0.6915,0.6912,0.6915,20
2026-07-08 16:41:00+00:00,0.6914,0.6915,0.6913,0.6914,8
2026-07-08 16:42:00+00:00,0.6915,0.6915,0.6915,0.6915,1
2026-07-08 16:43:00+00:00,0.6915,0.6915,0.6915,0.6915,2
2026-07-08 16:44:00+00:00,0.6916,0.6916,0.6916,0.6916,1
2026-07-08 16:47:00+00:00,0.6917,0.6917,0.6916,0.6916,8
2026-07-08 16:48:00+00:00,0.6917,0.6917,0.6917,0.6917,1
2026-07-08 16:51:00+00:00,0.6917,0.6917,0.6917,0.6917,1
2026-07-08 16:53:00+00:00,0.6918,0.6918,0.6917,0.6918,17
2026-07-08 16:54:00+00:00,0.6919,0.692,0.6919,0.6919,16
2026-07-08 16:55:00+00:00,0.6918,0.692,0.6918,0.692,3
2026-07-08 16:56:00+00:00,0.6919,0.6919,0.6919,0.6919,1
2026-07-08 16:57:00+00:00,0.6919,0.6919,0.6917,0.6919,12
2026-07-08 17:00:00+00:00,0.6918,0.6918,0.6918,0.6918,2
2026-07-08 17:02:00+00:00,0.6919,0.6921,0.6919,0.692,21
2026-07-08 17:03:00+00:00,0.6921,0.6921,0.6921,0.6921,5
2026-07-08 17:06:00+00:00,0.6922,0.6922,0.6922,0.6922,12
2026-07-08 17:07:00+00:00,0.6923,0.6925,0.6923,0.6925,44
2026-07-08 17:08:00+00:00,0.6925,0.6925,0.6925,0.6925,5
2026-07-08 17:10:00+00:00,0.6923,0.6923,0.6923,0.6923,1
2026-07-08 17:11:00+00:00,0.6924,0.6924,0.6924,0.6924,16
2026-07-08 17:13:00+00:00,0.6926,0.6926,0.6926,0.6926,83
2026-07-08 17:14:00+00:00,0.6925,0.6925,0.6925,0.6925,5
2026-07-08 17:16:00+00:00,0.6925,0.6925,0.6925,0.6925,5
2026-07-08 17:17:00+00:00,0.6925,0.6925,0.6925,0.6925,5
2026-07-08 17:20:00+00:00,0.6926,0.6927,0.6926,0.6927,3
2026-07-08 17:21:00+00:00,0.6927,0.6927,0.6927,0.6927,6
2026-07-08 17:22:00+00:00,0.6928,0.6929,0.6928,0.6929,6
2026-07-08 17:23:00+00:00,0.6928,0.6928,0.6927,0.6927,5
2026-07-08 17:25:00+00:00,0.6928,0.6928,0.6928,0.6928,2
2026-07-08 17:26:00+00:00,0.6927,0.6927,0.6927,0.6927,3
2026-07-08 17:28:00+00:00,0.6928,0.6928,0.6928,0.6928,1
2026-07-08 17:30:00+00:00,0.6929,0.6929,0.6929,0.6929,4
2026-07-08 17:31:00+00:00,0.6928,0.6928,0.6928,0.6928,5
2026-07-08 17:33:00+00:00,0.6928,0.6928,0.6927,0.6927,10
2026-07-08 17:35:00+00:00,0.6926,0.6926,0.6926,0.6926,2
2026-07-08 17:37:00+00:00,0.6924,0.6924,0.6924,0.6924,1
2026-07-08 17:42:00+00:00,0.6925,0.6925,0.6925,0.6925,2
2026-07-08 17:43:00+00:00,0.6924,0.6924,0.6924,0.6924,5
2026-07-08 17:44:00+00:00,0.6924,0.6924,0.6924,0.6924,2
2026-07-08 17:47:00+00:00,0.6923,0.6923,0.6923,0.6923,1
2026-07-08 17:48:00+00:00,0.6923,0.6923,0.6923,0.6923,2
2026-07-08 17:51:00+00:00,0.6923,0.6923,0.6923,0.6923,1
2026-07-08 17:53:00+00:00,0.6923,0.6923,0.6923,0.6923,1
2026-07-08 17:57:00+00:00,0.6921,0.6921,0.6921,0.6921,2
2026-07-08 17:58:00+00:00,0.6921,0.6921,0.6921,0.6921,1
2026-07-08 17:59:00+00:00,0.692,0.692,0.692,0.692,1
2026-07-08 18:00:00+00:00,0.6923,0.6923,0.6923,0.6923,5
2026-07-08 18:02:00+00:00,0.6925,0.6925,0.6925,0.6925,1
2026-07-08 18:04:00+00:00,0.6924,0.6924,0.6924,0.6924,8
2026-07-08 18:08:00+00:00,0.6924,0.6924,0.6924,0.6924,1
2026-07-08 18:10:00+00:00,0.6925,0.6925,0.6925,0.6925,1
2026-07-08 18:11:00+00:00,0.6927,0.6928,0.6927,0.6928,2
2026-07-08 18:12:00+00:00,0.6928,0.6928,0.6928,0.6928,4
2026-07-08 18:15:00+00:00,0.6928,0.6928,0.6928,0.6928,4
2026-07-08 18:21:00+00:00,0.6926,0.6926,0.6926,0.6926,1
2026-07-08 18:22:00+00:00,0.6926,0.6926,0.6926,0.6926,1
2026-07-08 18:26:00+00:00,0.6928,0.6928,0.6928,0.6928,3
2026-07-08 18:29:00+00:00,0.6928,0.6928,0.6928,0.6928,5
2026-07-08 18:38:00+00:00,0.6928,0.6928,0.6928,0.6928,3
2026-07-08 18:39:00+00:00,0.6929,0.6929,0.6929,0.6929,1
2026-07-08 18:44:00+00:00,0.6929,0.6929,0.6929,0.6929,1
2026-07-08 18:45:00+00:00,0.693,0.6931,0.693,0.693,12
2026-07-08 18:46:00+00:00,0.693,0.693,0.693,0.693,1
2026-07-08 18:47:00+00:00,0.693,0.693,0.693,0.693,1
2026-07-08 18:48:00+00:00,0.6929,0.693,0.6929,0.693,3
2026-07-08 18:49:00+00:00,0.693,0.693,0.693,0.693,1
2026-07-08 18:51:00+00:00,0.693,0.693,0.693,0.693,2
2026-07-08 18:53:00+00:00,0.6929,0.6929,0.6929,0.6929,1
2026-07-08 18:54:00+00:00,0.6929,0.6929,0.6929,0.6929,1
2026-07-08 18:55:00+00:00,0.6929,0.6929,0.6928,0.6928,41
2026-07-08 18:59:00+00:00,0.6927,0.6927,0.6927,0.6927,3
2026-07-08 19:00:00+00:00,0.6928,0.6928,0.6928,0.6928,1
2026-07-08 19:01:00+00:00,0.6929,0.6929,0.6929,0.6929,5
2026-07-08 19:02:00+00:00,0.693,0.693,0.693,0.693,2
2026-07-08 19:03:00+00:00,0.6929,0.6929,0.6929,0.6929,5
2026-07-08 19:07:00+00:00,0.693,0.693,0.693,0.693,75
2026-07-08 19:10:00+00:00,0.6931,0.6931,0.6931,0.6931,1
2026-07-08 19:15:00+00:00,0.693,0.693,0.693,0.693,4
2026-07-08 19:16:00+00:00,0.6929,0.6929,0.6929,0.6929,6
2026-07-08 19:20:00+00:00,0.6929,0.6929,0.6929,0.6929,3
2026-07-08 19:30:00+00:00,0.693,0.693,0.693,0.693,6
2026-07-08 19:31:00+00:00,0.693,0.693,0.693,0.693,4
2026-07-08 19:32:00+00:00,0.6931,0.6931,0.6931,0.6931,1
2026-07-08 19:35:00+00:00,0.693,0.693,0.693,0.693,25
2026-07-08 19:37:00+00:00,0.6931,0.6931,0.6931,0.6931,3
2026-07-08 19:38:00+00:00,0.693,0.693,0.693,0.693,3
2026-07-08 19:40:00+00:00,0.693,0.693,0.693,0.693,1
2026-07-08 19:42:00+00:00,0.693,0.693,0.693,0.693,1
2026-07-08 19:43:00+00:00,0.693,0.693,0.693,0.693,2
2026-07-08 19:44:00+00:00,0.693,0.693,0.693,0.693,3
2026-07-08 19:48:00+00:00,0.6926,0.6927,0.6926,0.6927,5
2026-07-08 19:50:00+00:00,0.6927,0.6928,0.6927,0.6928,22
2026-07-08 19:54:00+00:00,0.6929,0.6929,0.6929,0.6929,3
2026-07-08 19:55:00+00:00,0.693,0.693,0.693,0.693,1
2026-07-08 19:57:00+00:00,0.693,0.693,0.693,0.693,2
2026-07-08 19:59:00+00:00,0.6929,0.6929,0.6929,0.6929,7
2026-07-08 20:00:00+00:00,0.6929,0.6929,0.6929,0.6929,1
2026-07-08 20:01:00+00:00,0.6928,0.6929,0.6928,0.6929,6
2026-07-08 20:08:00+00:00,0.693,0.693,0.6929,0.6929,6
2026-07-08 20:10:00+00:00,0.6929,0.6929,0.6929,0.6929,5
2026-07-08 20:11:00+00:00,0.6928,0.6928,0.6927,0.6928,17
2026-07-08 20:16:00+00:00,0.6925,0.6925,0.6925,0.6925,1
2026-07-08 20:17:00+00:00,0.6925,0.6925,0.6925,0.6925,2
2026-07-08 20:20:00+00:00,0.6926,0.6926,0.6926,0.6926,11
2026-07-08 20:22:00+00:00,0.6925,0.6925,0.6925,0.6925,3
2026-07-08 20:26:00+00:00,0.6925,0.6925,0.6925,0.6925,5
2026-07-08 20:35:00+00:00,0.6923,0.6923,0.6923,0.6923,2
2026-07-08 20:36:00+00:00,0.692,0.692,0.6919,0.6919,14
2026-07-08 20:37:00+00:00,0.692,0.692,0.692,0.692,9
2026-07-08 20:38:00+00:00,0.692,0.692,0.692,0.692,1
2026-07-08 20:40:00+00:00,0.6921,0.6923,0.6921,0.6923,34
2026-07-08 20:42:00+00:00,0.6923,0.6923,0.6923,0.6923,2
2026-07-08 20:45:00+00:00,0.6923,0.6923,0.6923,0.6923,2
2026-07-08 20:46:00+00:00,0.6921,0.6921,0.6921,0.6921,1
2026-07-08 20:48:00+00:00,0.6923,0.6923,0.6923,0.6923,3
2026-07-08 20:49:00+00:00,0.6922,0.6922,0.6922,0.6922,10
2026-07-08 20:51:00+00:00,0.6923,0.6923,0.6923,0.6923,3
2026-07-08 20:52:00+00:00,0.6922,0.6922,0.6922,0.6922,9
2026-07-08 20:54:00+00:00,0.6923,0.6923,0.6923,0.6923,2
2026-07-08 20:55:00+00:00,0.6922,0.6922,0.6922,0.6922,6
2026-07-08 20:58:00+00:00,0.6922,0.6922,0.6922,0.6922,2
2026-07-08 20:59:00+00:00,0.6923,0.6923,0.692,0.692,6
2026-07-08 22:00:00+00:00,0.692,0.6923,0.692,0.6923,38
2026-07-08 22:08:00+00:00,0.6923,0.6923,0.6923,0.6923,1
2026-07-08 22:10:00+00:00,0.6922,0.6923,0.6922,0.6923,22
2026-07-08 22:17:00+00:00,0.6923,0.6923,0.6923,0.6923,2
2026-07-08 22:20:00+00:00,0.6923,0.6923,0.6923,0.6923,4
2026-07-08 22:22:00+00:00,0.6923,0.6923,0.6923,0.6923,1
2026-07-08 22:32:00+00:00,0.6922,0.6922,0.6922,0.6922,2
2026-07-08 22:35:00+00:00,0.6923,0.6923,0.6923,0.6923,1
2026-07-08 22:36:00+00:00,0.6923,0.6923,0.6923,0.6923,4
2026-07-08 22:38:00+00:00,0.6923,0.6923,0.6923,0.6923,1
2026-07-08 22:39:00+00:00,0.6923,0.6923,0.6923,0.6923,3
2026-07-08 22:43:00+00:00,0.6923,0.6923,0.6923,0.6923,1
2026-07-08 22:49:00+00:00,0.6923,0.6923,0.6923,0.6923,3
2026-07-08 22:55:00+00:00,0.6921,0.6921,0.6921,0.6921,4
2026-07-08 22:57:00+00:00,0.6921,0.6921,0.6921,0.6921,1
2026-07-08 22:58:00+00:00,0.6922,0.6922,0.6922,0.6922,5
2026-07-08 23:00:00+00:00,0.6921,0.6921,0.6921,0.6921,5
2026-07-08 23:01:00+00:00,0.6922,0.6922,0.6922,0.6922,4
2026-07-08 23:11:00+00:00,0.6923,0.6923,0.6923,0.6923,2
2026-07-08 23:13:00+00:00,0.6923,0.6923,0.6923,0.6923,3
2026-07-08 23:15:00+00:00,0.6924,0.6924,0.6924,0.6924,2
2026-07-08 23:17:00+00:00,0.6923,0.6923,0.6923,0.6923,9
2026-07-08 23:19:00+00:00,0.6923,0.6923,0.6923,0.6923,13
2026-07-08 23:20:00+00:00,0.6923,0.6923,0.6923,0.6923,13
2026-07-08 23:25:00+00:00,0.6923,0.6923,0.6923,0.6923,1
2026-07-08 23:29:00+00:00,0.6923,0.6923,0.6923,0.6923,8
2026-07-08 23:32:00+00:00,0.6924,0.6924,0.6924,0.6924,1
2026-07-08 23:35:00+00:00,0.6925,0.6925,0.6925,0.6925,2
2026-07-08 23:36:00+00:00,0.6925,0.6925,0.6925,0.6925,1
2026-07-08 23:40:00+00:00,0.6925,0.6925,0.6925,0.6925,6
2026-07-08 23:41:00+00:00,0.6926,0.6926,0.6926,0.6926,1
2026-07-08 23:44:00+00:00,0.6927,0.6927,0.6927,0.6927,33
2026-07-08 23:45:00+00:00,0.6928,0.6928,0.6928,0.6928,88
2026-07-08 23:48:00+00:00,0.6928,0.6928,0.6928,0.6928,2
2026-07-08 23:49:00+00:00,0.6929,0.6929,0.6929,0.6929,7
2026-07-08 23:51:00+00:00,0.6928,0.6928,0.6928,0.6928,1
2026-07-08 23:52:00+00:00,0.6927,0.6927,0.6927,0.6927,10
2026-07-08 23:58:00+00:00,0.6927,0.6927,0.6927,0.6927,5
2026-07-08 23:59:00+00:00,0.6928,0.6929,0.6928,0.6929,7
2026-07-09 00:00:00+00:00,0.6928,0.6928,0.6928,0.6928,6
2026-07-09 00:01:00+00:00,0.6929,0.6929,0.6929,0.6929,2
2026-07-09 00:02:00+00:00,0.693,0.693,0.693,0.693,3
2026-07-09 00:06:00+00:00,0.6929,0.6929,0.6929,0.6929,1
2026-07-09 00:07:00+00:00,0.693,0.693,0.693,0.693,3
2026-07-09 00:08:00+00:00,0.693,0.693,0.693,0.693,1
2026-07-09 00:09:00+00:00,0.6929,0.6929,0.6929,0.6929,1
2026-07-09 00:11:00+00:00,0.6931,0.6931,0.6931,0.6931,5
2026-07-09 00:13:00+00:00,0.6931,0.6931,0.6931,0.6931,18
2026-07-09 00:15:00+00:00,0.6932,0.6932,0.6931,0.6931,23
2026-07-09 00:16:00+00:00,0.6931,0.6931,0.6931,0.6931,37
2026-07-09 00:17:00+00:00,0.693,0.693,0.693,0.693,1
2026-07-09 00:19:00+00:00,0.6929,0.6929,0.6929,0.6929,1
2026-07-09 00:22:00+00:00,0.6929,0.6929,0.6929,0.6929,17
2026-07-09 00:26:00+00:00,0.6929,0.6929,0.6929,0.6929,2
2026-07-09 00:27:00+00:00,0.6929,0.6929,0.6929,0.6929,5
2026-07-09 00:29:00+00:00,0.693,0.6931,0.693,0.6931,8
2026-07-09 00:30:00+00:00,0.6931,0.6931,0.6931,0.6931,8
2026-07-09 00:33:00+00:00,0.693,0.693,0.693,0.693,5
2026-07-09 00:42:00+00:00,0.6927,0.6927,0.6926,0.6926,4
2026-07-09 00:43:00+00:00,0.6926,0.6926,0.6926,0.6926,3
2026-07-09 00:45:00+00:00,0.6926,0.6926,0.6926,0.6926,2
2026-07-09 00:46:00+00:00,0.6926,0.6926,0.6926,0.6926,2
2026-07-09 00:47:00+00:00,0.6926,0.6926,0.6926,0.6926,3
2026-07-09 00:50:00+00:00,0.6925,0.6925,0.6925,0.6925,1
2026-07-09 00:53:00+00:00,0.6925,0.6925,0.6925,0.6925,1
2026-07-09 00:54:00+00:00,0.6924,0.6924,0.6924,0.6924,1
2026-07-09 00:55:00+00:00,0.6923,0.6923,0.6923,0.6923,1
2026-07-09 00:56:00+00:00,0.6924,0.6924,0.6924,0.6924,2
2026-07-09 01:02:00+00:00,0.6924,0.6924,0.6924,0.6924,1
2026-07-09 01:05:00+00:00,0.6923,0.6923,0.6923,0.6923,5
2026-07-09 01:06:00+00:00,0.6923,0.6923,0.6923,0.6923,2
2026-07-09 01:08:00+00:00,0.6924,0.6924,0.6924,0.6924,1
2026-07-09 01:09:00+00:00,0.6924,0.6924,0.6924,0.6924,2
2026-07-09 01:12:00+00:00,0.6922,0.6922,0.6921,0.6922,13
2026-07-09 01:13:00+00:00,0.6922,0.6922,0.6922,0.6922,5
2026-07-09 01:14:00+00:00,0.6921,0.6921,0.6921,0.6921,1
2026-07-09 01:15:00+00:00,0.6921,0.6923,0.6921,0.6923,9
2026-07-09 01:16:00+00:00,0.6923,0.6923,0.6923,0.6923,15
2026-07-09 01:17:00+00:00,0.6923,0.6923,0.6923,0.6923,3
2026-07-09 01:18:00+00:00,0.6924,0.6924,0.6924,0.6924,2
2026-07-09 01:22:00+00:00,0.6922,0.6922,0.6922,0.6922,3
2026-07-09 01:25:00+00:00,0.6922,0.6922,0.6921,0.6921,7
2026-07-09 01:27:00+00:00,0.6921,0.6921,0.6921,0.6921,2
2026-07-09 01:28:00+00:00,0.6921,0.6921,0.692,0.692,8
2026-07-09 01:29:00+00:00,0.692,0.692,0.692,0.692,7
2026-07-09 01:30:00+00:00,0.6919,0.6919,0.6919,0.6919,4
2026-07-09 01:31:00+00:00,0.6918,0.6918,0.6917,0.6917,22
2026-07-09 01:32:00+00:00,0.6919,0.6919,0.6919,0.6919,2
2026-07-09 01:33:00+00:00,0.6919,0.6919,0.6919,0.6919,1
2026-07-09 01:34:00+00:00,0.6919,0.692,0.6919,0.692,5
2026-07-09 01:35:00+00:00,0.6921,0.6921,0.6921,0.6921,3
2026-07-09 01:36:00+00:00,0.692,0.6921,0.692,0.6921,3
2026-07-09 01:37:00+00:00,0.6922,0.6922,0.6922,0.6922,1
2026-07-09 01:38:00+00:00,0.6923,0.6923,0.6923,0.6923,1
2026-07-09 01:39:00+00:00,0.6922,0.6922,0.6922,0.6922,2
2026-07-09 01:42:00+00:00,0.6921,0.6921,0.6921,0.6921,4
2026-07-09 01:47:00+00:00,0.6921,0.6921,0.6921,0.6921,1
2026-07-09 01:48:00+00:00,0.6922,0.6922,0.6922,0.6922,2
2026-07-09 01:49:00+00:00,0.6922,0.6922,0.6922,0.6922,1
2026-07-09 01:50:00+00:00,0.6923,0.6923,0.6923,0.6923,1
2026-07-09 01:55:00+00:00,0.6921,0.6921,0.6921,0.6921,4
2026-07-09 01:59:00+00:00,0.6923,0.6923,0.6923,0.6923,1
2026-07-09 02:00:00+00:00,0.6924,0.6925,0.6924,0.6925,4
2026-07-09 02:01:00+00:00,0.6924,0.6924,0.6924,0.6924,1
2026-07-09 02:05:00+00:00,0.6924,0.6924,0.6924,0.6924,5
2026-07-09 02:07:00+00:00,0.6925,0.6925,0.6925,0.6925,1
2026-07-09 02:08:00+00:00,0.6926,0.6926,0.6926,0.6926,1
2026-07-09 02:11:00+00:00,0.6927,0.6928,0.6927,0.6928,15
2026-07-09 02:12:00+00:00,0.6927,0.6927,0.6927,0.6927,1
2026-07-09 02:17:00+00:00,0.6929,0.6929,0.6929,0.6929,6
2026-07-09 02:18:00+00:00,0.693,0.693,0.693,0.693,12
2026-07-09 02:20:00+00:00,0.6929,0.6929,0.6928,0.6928,4
2026-07-09 02:21:00+00:00,0.6928,0.6928,0.6928,0.6928,2
2026-07-09 02:22:00+00:00,0.6928,0.6928,0.6928,0.6928,4
2026-07-09 02:24:00+00:00,0.6928,0.6928,0.6928,0.6928,1
2026-07-09 02:28:00+00:00,0.6928,0.6928,0.6928,0.6928,1
2026-07-09 02:30:00+00:00,0.6928,0.6928,0.6928,0.6928,8
2026-07-09 02:33:00+00:00,0.6927,0.6927,0.6926,0.6926,7
2026-07-09 02:35:00+00:00,0.6924,0.6924,0.6924,0.6924,4
2026-07-09 02:36:00+00:00,0.6924,0.6924,0.6924,0.6924,1
2026-07-09 02:38:00+00:00,0.6926,0.6926,0.6926,0.6926,8
2026-07-09 02:39:00+00:00,0.6926,0.6926,0.6926,0.6926,4
2026-07-09 02:40:00+00:00,0.6926,0.6926,0.6926,0.6926,4
2026-07-09 02:42:00+00:00,0.6925,0.6925,0.6925,0.6925,1
2026-07-09 02:48:00+00:00,0.6925,0.6925,0.6925,0.6925,14
2026-07-09 02:52:00+00:00,0.6924,0.6924,0.6924,0.6924,5
2026-07-09 02:53:00+00:00,0.6925,0.6925,0.6925,0.6925,1
2026-07-09 02:54:00+00:00,0.6925,0.6925,0.6925,0.6925,3
2026-07-09 03:00:00+00:00,0.6923,0.6923,0.6922,0.6922,4
2026-07-09 03:02:00+00:00,0.6923,0.6923,0.6923,0.6923,2
2026-07-09 03:05:00+00:00,0.6924,0.6924,0.6924,0.6924,3
2026-07-09 03:06:00+00:00,0.6924,0.6924,0.6924,0.6924,1
2026-07-09 03:07:00+00:00,0.6923,0.6925,0.6923,0.6925,4
2026-07-09 03:08:00+00:00,0.6924,0.6924,0.6924,0.6924,1
2026-07-09 03:15:00+00:00,0.6923,0.6923,0.6923,0.6923,2
2026-07-09 03:16:00+00:00,0.6922,0.6922,0.6922,0.6922,1
2026-07-09 03:17:00+00:00,0.6922,0.6922,0.6922,0.6922,1
2026-07-09 03:18:00+00:00,0.692,0.692,0.6919,0.6919,15
2026-07-09 03:19:00+00:00,0.692,0.692,0.692,0.692,2
2026-07-09 03:20:00+00:00,0.6921,0.6921,0.6921,0.6921,5
2026-07-09 03:23:00+00:00,0.6922,0.6922,0.6922,0.6922,6
2026-07-09 03:24:00+00:00,0.6923,0.6923,0.6923,0.6923,1
2026-07-09 03:25:00+00:00,0.6923,0.6923,0.6923,0.6923,2
2026-07-09 03:30:00+00:00,0.6926,0.6927,0.6926,0.6927,16
2026-07-09 03:31:00+00:00,0.6927,0.6927,0.6927,0.6927,2
2026-07-09 03:32:00+00:00,0.6928,0.6928,0.6928,0.6928,3
2026-07-09 03:33:00+00:00,0.6929,0.6929,0.6929,0.6929,10
2026-07-09 03:34:00+00:00,0.6929,0.6929,0.6928,0.6928,8
2026-07-09 03:35:00+00:00,0.6927,0.6927,0.6927,0.6927,2
2026-07-09 03:37:00+00:00,0.6929,0.6929,0.6929,0.6929,9
2026-07-09 03:40:00+00:00,0.6929,0.6929,0.6928,0.6928,11
2026-07-09 03:42:00+00:00,0.6929,0.6929,0.6929,0.6929,1
2026-07-09 03:43:00+00:00,0.6928,0.6928,0.6928,0.6928,9
2026-07-09 03:44:00+00:00,0.6928,0.6928,0.6928,0.6928,1
2026-07-09 03:48:00+00:00,0.6929,0.6929,0.6928,0.6928,4
2026-07-09 03:53:00+00:00,0.6929,0.6929,0.6929,0.6929,1
2026-07-09 03:55:00+00:00,0.6928,0.6928,0.6928,0.6928,5
2026-07-09 03:56:00+00:00,0.6927,0.6927,0.6927,0.6927,2
2026-07-09 03:58:00+00:00,0.6926,0.6926,0.6926,0.6926,8
2026-07-09 04:00:00+00:00,0.6926,0.6926,0.6926,0.6926,5
2026-07-09 04:01:00+00:00,0.6927,0.6927,0.6927,0.6927,6
2026-07-09 04:03:00+00:00,0.6927,0.6927,0.6927,0.6927,1
2026-07-09 04:04:00+00:00,0.6927,0.6927,0.6927,0.6927,4
2026-07-09 04:10:00+00:00,0.6927,0.6927,0.6927,0.6927,1
2026-07-09 04:11:00+00:00,0.6927,0.6927,0.6927,0.6927,5
2026-07-09 04:14:00+00:00,0.6928,0.6928,0.6928,0.6928,1
2026-07-09 04:15:00+00:00,0.6928,0.6928,0.6928,0.6928,1
2026-07-09 04:30:00+00:00,0.6925,0.6925,0.6925,0.6925,1
2026-07-09 04:34:00+00:00,0.6926,0.6926,0.6926,0.6926,7
2026-07-09 04:36:00+00:00,0.6926,0.6926,0.6926,0.6926,3
2026-07-09 04:39:00+00:00,0.6926,0.6926,0.6926,0.6926,4
2026-07-09 04:40:00+00:00,0.6926,0.6926,0.6926,0.6926,1
2026-07-09 04:43:00+00:00,0.6926,0.6926,0.6926,0.6926,1
2026-07-09 04:47:00+00:00,0.6927,0.6927,0.6927,0.6927,2
2026-07-09 04:49:00+00:00,0.6926,0.6926,0.6926,0.6926,6
2026-07-09 04:50:00+00:00,0.6927,0.6927,0.6927,0.6927,1
2026-07-09 04:51:00+00:00,0.6927,0.6927,0.6927,0.6927,10
2026-07-09 04:53:00+00:00,0.6927,0.6927,0.6927,0.6927,3
2026-07-09 04:54:00+00:00,0.6928,0.6928,0.6928,0.6928,6
2026-07-09 04:59:00+00:00,0.6929,0.6929,0.6929,0.6929,7
2026-07-09 05:00:00+00:00,0.6929,0.6929,0.6929,0.6929,15
2026-07-09 05:01:00+00:00,0.693,0.693,0.693,0.693,2
2026-07-09 05:06:00+00:00,0.6928,0.6928,0.6928,0.6928,10
2026-07-09 05:09:00+00:00,0.6927,0.6927,0.6927,0.6927,1
2026-07-09 05:10:00+00:00,0.6927,0.6927,0.6927,0.6927,3
2026-07-09 05:11:00+00:00,0.6928,0.6931,0.6928,0.6931,144
2026-07-09 05:12:00+00:00,0.6931,0.6931,0.6931,0.6931,4
2026-07-09 05:13:00+00:00,0.6932,0.6932,0.6932,0.6932,30
2026-07-09 05:14:00+00:00,0.693,0.693,0.693,0.693,5
2026-07-09 05:15:00+00:00,0.693,0.693,0.693,0.693,1
2026-07-09 05:16:00+00:00,0.6929,0.6929,0.6929,0.6929,3
2026-07-09 05:17:00+00:00,0.6928,0.6929,0.6928,0.6929,3
2026-07-09 05:18:00+00:00,0.6927,0.6928,0.6927,0.6928,8
2026-07-09 05:19:00+00:00,0.6928,0.6928,0.6928,0.6928,7
2026-07-09 05:25:00+00:00,0.6928,0.6928,0.6928,0.6928,5
2026-07-09 05:27:00+00:00,0.6928,0.6928,0.6928,0.6928,1
2026-07-09 05:30:00+00:00,0.6927,0.6927,0.6927,0.6927,2
2026-07-09 05:35:00+00:00,0.6929,0.6929,0.6929,0.6929,67
2026-07-09 05:46:00+00:00,0.6928,0.6928,0.6928,0.6928,2
2026-07-09 05:49:00+00:00,0.693,0.693,0.693,0.693,2
2026-07-09 05:51:00+00:00,0.6931,0.6931,0.693,0.693,2
2026-07-09 05:52:00+00:00,0.693,0.693,0.693,0.693,3
2026-07-09 05:53:00+00:00,0.693,0.693,0.693,0.693,1
2026-07-09 05:55:00+00:00,0.6931,0.6931,0.6931,0.6931,7
2026-07-09 05:56:00+00:00,0.6931,0.6931,0.6931,0.6931,5
2026-07-09 06:01:00+00:00,0.6932,0.6932,0.6932,0.6932,1
2026-07-09 06:02:00+00:00,0.6933,0.6934,0.6933,0.6934,15
2026-07-09 06:03:00+00:00,0.6934,0.6934,0.6932,0.6932,10
2026-07-09 06:06:00+00:00,0.6931,0.6931,0.6931,0.6931,7
2026-07-09 06:09:00+00:00,0.6931,0.6931,0.6931,0.6931,8
2026-07-09 06:10:00+00:00,0.6932,0.6932,0.6931,0.6931,2
2026-07-09 06:12:00+00:00,0.693,0.693,0.693,0.693,1
2026-07-09 06:13:00+00:00,0.6931,0.6931,0.6931,0.6931,1
2026-07-09 06:17:00+00:00,0.6931,0.6931,0.6931,0.6931,6
2026-07-09 06:21:00+00:00,0.6932,0.6932,0.6932,0.6932,2
2026-07-09 06:22:00+00:00,0.6933,0.6934,0.6933,0.6934,15
2026-07-09 06:23:00+00:00,0.6935,0.6936,0.6935,0.6935,30
2026-07-09 06:24:00+00:00,0.6936,0.6936,0.6936,0.6936,20
2026-07-09 06:25:00+00:00,0.6936,0.6936,0.6936,0.6936,1
2026-07-09 06:26:00+00:00,0.6937,0.6938,0.6937,0.6938,23
2026-07-09 06:27:00+00:00,0.6938,0.6938,0.6937,0.6937,2
2026-07-09 06:30:00+00:00,0.6936,0.6936,0.6935,0.6935,4
2026-07-09 06:31:00+00:00,0.6936,0.6936,0.6936,0.6936,2
2026-07-09 06:34:00+00:00,0.6936,0.6936,0.6936,0.6936,7
2026-07-09 06:35:00+00:00,0.6935,0.6935,0.6935,0.6935,17
2026-07-09 06:38:00+00:00,0.6933,0.6933,0.6933,0.6933,1
2026-07-09 06:40:00+00:00,0.6933,0.6934,0.6932,0.6932,3
2026-07-09 06:43:00+00:00,0.6932,0.6932,0.6932,0.6932,1
2026-07-09 06:44:00+00:00,0.6932,0.6933,0.6932,0.6933,2
2026-07-09 06:46:00+00:00,0.6933,0.6933,0.6933,0.6933,1
2026-07-09 06:55:00+00:00,0.6932,0.6932,0.6932,0.6932,2
2026-07-09 06:58:00+00:00,0.6931,0.6931,0.6931,0.6931,1
2026-07-09 07:05:00+00:00,0.693,0.693,0.6929,0.6929,5
2026-07-09 07:06:00+00:00,0.6928,0.6928,0.6928,0.6928,4
2026-07-09 07:08:00+00:00,0.6929,0.6929,0.6929,0.6929,7
2026-07-09 07:09:00+00:00,0.6929,0.6929,0.6929,0.6929,1
2026-07-09 07:13:00+00:00,0.6929,0.6929,0.6929,0.6929,1
2026-07-09 07:15:00+00:00,0.6928,0.6928,0.6928,0.6928,2
2026-07-09 07:16:00+00:00,0.6928,0.6928,0.6928,0.6928,7
2026-07-09 07:18:00+00:00,0.693,0.693,0.693,0.693,2
2026-07-09 07:27:00+00:00,0.6929,0.6929,0.6929,0.6929,1
2026-07-09 07:30:00+00:00,0.6928,0.6928,0.6928,0.6928,5
2026-07-09 07:31:00+00:00,0.6927,0.6927,0.6927,0.6927,1
2026-07-09 07:32:00+00:00,0.6927,0.6927,0.6927,0.6927,1
2026-07-09 07:34:00+00:00,0.6927,0.6927,0.6927,0.6927,2
2026-07-09 07:35:00+00:00,0.6927,0.6927,0.6927,0.6927,5
2026-07-09 07:36:00+00:00,0.6928,0.6928,0.6928,0.6928,2
2026-07-09 07:42:00+00:00,0.6927,0.6927,0.6926,0.6926,11
2026-07-09 07:44:00+00:00,0.6927,0.6927,0.6927,0.6927,1
2026-07-09 07:45:00+00:00,0.6927,0.6927,0.6927,0.6927,1
2026-07-09 07:46:00+00:00,0.6926,0.6926,0.6926,0.6926,22
2026-07-09 07:48:00+00:00,0.6928,0.6928,0.6928,0.6928,1
2026-07-09 07:50:00+00:00,0.6928,0.6928,0.6928,0.6928,2
2026-07-09 07:51:00+00:00,0.6928,0.6928,0.6928,0.6928,4
2026-07-09 07:55:00+00:00,0.6927,0.6927,0.6927,0.6927,4
2026-07-09 07:57:00+00:00,0.6927,0.6927,0.6927,0.6927,1
2026-07-09 07:59:00+00:00,0.6929,0.693,0.6929,0.693,13
2026-07-09 08:00:00+00:00,0.6929,0.6929,0.6929,0.6929,1
2026-07-09 08:01:00+00:00,0.6929,0.693,0.6929,0.693,2
2026-07-09 08:04:00+00:00,0.6929,0.6929,0.6929,0.6929,1
2026-07-09 08:05:00+00:00,0.693,0.693,0.693,0.693,1
2026-07-09 08:07:00+00:00,0.6931,0.6931,0.693,0.693,18
2026-07-09 08:10:00+00:00,0.6929,0.6929,0.6929,0.6929,1
2026-07-09 08:13:00+00:00,0.6928,0.6928,0.6928,0.6928,2
2026-07-09 08:14:00+00:00,0.6928,0.6928,0.6928,0.6928,3
2026-07-09 08:16:00+00:00,0.693,0.693,0.693,0.693,1
2026-07-09 08:17:00+00:00,0.693,0.6932,0.693,0.6932,24
2026-07-09 08:18:00+00:00,0.6931,0.6931,0.6931,0.6931,1
2026-07-09 08:20:00+00:00,0.6931,0.6931,0.6931,0.6931,1
2026-07-09 08:22:00+00:00,0.6931,0.6931,0.6931,0.6931,12
2026-07-09 08:29:00+00:00,0.6931,0.6931,0.6931,0.6931,1
2026-07-09 08:34:00+00:00,0.693,0.693,0.693,0.693,1
2026-07-09 08:35:00+00:00,0.693,0.693,0.693,0.693,1
2026-07-09 08:36:00+00:00,0.6931,0.6931,0.6931,0.6931,1
2026-07-09 08:39:00+00:00,0.6931,0.6931,0.6931,0.6931,2
2026-07-09 08:40:00+00:00,0.6931,0.6931,0.6931,0.6931,1
2026-07-09 08:41:00+00:00,0.693,0.693,0.693,0.693,1
2026-07-09 08:44:00+00:00,0.693,0.6931,0.693,0.693,9
2026-07-09 08:45:00+00:00,0.6929,0.6929,0.6929,0.6929,3
2026-07-09 08:46:00+00:00,0.6928,0.6928,0.6928,0.6928,4
2026-07-09 08:47:00+00:00,0.6927,0.6927,0.6927,0.6927,30
2026-07-09 08:48:00+00:00,0.6928,0.6928,0.6928,0.6928,5
2026-07-09 08:53:00+00:00,0.6928,0.6928,0.6928,0.6928,1
2026-07-09 08:54:00+00:00,0.6929,0.6929,0.6929,0.6929,1
2026-07-09 09:00:00+00:00,0.6927,0.6927,0.6927,0.6927,1
2026-07-09 09:01:00+00:00,0.6927,0.6927,0.6927,0.6927,4
2026-07-09 09:02:00+00:00,0.6928,0.6928,0.6928,0.6928,1
2026-07-09 09:04:00+00:00,0.6927,0.6927,0.6927,0.6927,1
2026-07-09 09:06:00+00:00,0.6927,0.6927,0.6927,0.6927,7
2026-07-09 09:07:00+00:00,0.6926,0.6926,0.6926,0.6926,4
2026-07-09 09:10:00+00:00,0.6925,0.6925,0.6925,0.6925,22
2026-07-09 09:15:00+00:00,0.6926,0.6926,0.6926,0.6926,8
2026-07-09 09:17:00+00:00,0.6927,0.6927,0.6927,0.6927,5
2026-07-09 09:19:00+00:00,0.6927,0.6927,0.6927,0.6927,1
2026-07-09 09:25:00+00:00,0.6927,0.6927,0.6927,0.6927,4
2026-07-09 09:27:00+00:00,0.6928,0.6928,0.6928,0.6928,7
2026-07-09 09:30:00+00:00,0.6928,0.6928,0.6928,0.6928,4
2026-07-09 09:31:00+00:00,0.6928,0.6928,0.6928,0.6928,1
2026-07-09 09:41:00+00:00,0.6927,0.6927,0.6925,0.6925,24
2026-07-09 09:44:00+00:00,0.6926,0.6926,0.6926,0.6926,1
2026-07-09 09:58:00+00:00,0.693,0.693,0.693,0.693,1
2026-07-09 10:10:00+00:00,0.6929,0.6929,0.6929,0.6929,5
2026-07-09 10:12:00+00:00,0.693,0.693,0.693,0.693,1
2026-07-09 10:30:00+00:00,0.6928,0.6928,0.6928,0.6928,1
2026-07-09 10:35:00+00:00,0.6929,0.6929,0.6929,0.6929,6
2026-07-09 10:39:00+00:00,0.6929,0.6929,0.6929,0.6929,36
2026-07-09 10:40:00+00:00,0.6928,0.6928,0.6928,0.6928,1
2026-07-09 10:44:00+00:00,0.6928,0.6928,0.6928,0.6928,5
2026-07-09 10:45:00+00:00,0.6927,0.6927,0.6927,0.6927,6
2026-07-09 10:52:00+00:00,0.6924,0.6924,0.6922,0.6922,16
2026-07-09 10:54:00+00:00,0.6923,0.6923,0.6923,0.6923,35
2026-07-09 10:55:00+00:00,0.6923,0.6923,0.6923,0.6923,1
2026-07-09 10:56:00+00:00,0.6923,0.6923,0.6923,0.6923,2
2026-07-09 10:57:00+00:00,0.6921,0.6923,0.6921,0.6923,11
2026-07-09 10:59:00+00:00,0.6924,0.6924,0.6924,0.6924,1
2026-07-09 11:00:00+00:00,0.6924,0.6924,0.6924,0.6924,1
2026-07-09 11:01:00+00:00,0.6924,0.6925,0.6924,0.6925,2
2026-07-09 11:04:00+00:00,0.6924,0.6924,0.6924,0.6924,4
2026-07-09 11:05:00+00:00,0.6924,0.6924,0.6924,0.6924,2
2026-07-09 11:11:00+00:00,0.6923,0.6923,0.6923,0.6923,1
2026-07-09 11:13:00+00:00,0.6924,0.6924,0.6924,0.6924,2
2026-07-09 11:16:00+00:00,0.6924,0.6924,0.6924,0.6924,1
2026-07-09 11:18:00+00:00,0.6923,0.6923,0.6923,0.6923,1
2026-07-09 11:20:00+00:00,0.6923,0.6923,0.6923,0.6923,1
2026-07-09 11:21:00+00:00,0.6924,0.6924,0.6924,0.6924,1
2026-07-09 11:22:00+00:00,0.6923,0.6923,0.6923,0.6923,1
2026-07-09 11:23:00+00:00,0.6924,0.6924,0.6924,0.6924,2
2026-07-09 11:24:00+00:00,0.6923,0.6923,0.6923,0.6923,38
2026-07-09 11:25:00+00:00,0.6922,0.6922,0.6922,0.6922,1
2026-07-09 11:27:00+00:00,0.6924,0.6924,0.6924,0.6924,2
2026-07-09 11:30:00+00:00,0.6923,0.6923,0.6923,0.6923,12
2026-07-09 11:31:00+00:00,0.6924,0.6924,0.6924,0.6924,7
2026-07-09 11:32:00+00:00,0.6925,0.6925,0.6925,0.6925,4
2026-07-09 11:35:00+00:00,0.6925,0.6925,0.6925,0.6925,1
2026-07-09 11:36:00+00:00,0.6922,0.6923,0.6922,0.6923,2
2026-07-09 11:40:00+00:00,0.6925,0.6925,0.6925,0.6925,1
2026-07-09 11:42:00+00:00,0.6925,0.6925,0.6925,0.6925,1
2026-07-09 11:43:00+00:00,0.6925,0.6925,0.6925,0.6925,1
2026-07-09 11:46:00+00:00,0.6925,0.6925,0.6925,0.6925,1
2026-07-09 11:49:00+00:00,0.6925,0.6925,0.6924,0.6925,31
2026-07-09 11:51:00+00:00,0.6926,0.6926,0.6926,0.6926,1
2026-07-09 11:52:00+00:00,0.6927,0.6927,0.6927,0.6927,4
2026-07-09 12:00:00+00:00,0.6928,0.6928,0.6928,0.6928,4
2026-07-09 12:02:00+00:00,0.6928,0.6928,0.6928,0.6928,7
2026-07-09 12:03:00+00:00,0.6929,0.6929,0.6929,0.6929,7
2026-07-09 12:05:00+00:00,0.6929,0.6929,0.6929,0.6929,1
2026-07-09 12:07:00+00:00,0.693,0.693,0.693,0.693,2
2026-07-09 12:08:00+00:00,0.6931,0.6932,0.6931,0.6932,38
2026-07-09 12:09:00+00:00,0.6932,0.6932,0.6932,0.6932,2
2026-07-09 12:10:00+00:00,0.6931,0.6931,0.6931,0.6931,7
2026-07-09 12:12:00+00:00,0.6931,0.6931,0.6931,0.6931,1
2026-07-09 12:13:00+00:00,0.6931,0.6931,0.693,0.693,8
2026-07-09 12:24:00+00:00,0.693,0.693,0.693,0.693,2
2026-07-09 12:25:00+00:00,0.693,0.693,0.693,0.693,11
2026-07-09 12:26:00+00:00,0.693,0.693,0.693,0.693,1
2026-07-09 12:29:00+00:00,0.693,0.693,0.693,0.693,2
2026-07-09 12:30:00+00:00,0.6927,0.6931,0.6926,0.693,20
2026-07-09 12:32:00+00:00,0.6932,0.6932,0.6932,0.6932,3
2026-07-09 12:33:00+00:00,0.6931,0.6931,0.6931,0.6931,3
2026-07-09 12:34:00+00:00,0.6929,0.6929,0.6929,0.6929,2
2026-07-09 12:35:00+00:00,0.693,0.693,0.6929,0.693,6
2026-07-09 12:40:00+00:00,0.6929,0.6929,0.6929,0.6929,1
2026-07-09 12:43:00+00:00,0.6927,0.6927,0.6926,0.6926,2
2026-07-09 12:44:00+00:00,0.6926,0.6926,0.6926,0.6926,15
2026-07-09 12:45:00+00:00,0.6925,0.6925,0.6925,0.6925,3
2026-07-09 12:46:00+00:00,0.6926,0.6926,0.6926,0.6926,2
2026-07-09 12:48:00+00:00,0.6925,0.6925,0.6925,0.6925,4
2026-07-09 12:49:00+00:00,0.6925,0.6925,0.6925,0.6925,1
2026-07-09 12:51:00+00:00,0.6926,0.6926,0.6926,0.6926,1
2026-07-09 12:57:00+00:00,0.6925,0.6925,0.6925,0.6925,1
2026-07-09 12:58:00+00:00,0.6924,0.6924,0.6923,0.6923,3
2026-07-09 12:59:00+00:00,0.6923,0.6923,0.6923,0.6923,3
2026-07-09 13:00:00+00:00,0.6925,0.6925,0.6925,0.6925,1
2026-07-09 13:01:00+00:00,0.6926,0.6926,0.6926,0.6926,1
2026-07-09 13:02:00+00:00,0.6926,0.6926,0.6926,0.6926,1
2026-07-09 13:04:00+00:00,0.6926,0.6926,0.6926,0.6926,2
2026-07-09 13:10:00+00:00,0.6928,0.6928,0.6928,0.6928,1
2026-07-09 13:14:00+00:00,0.6927,0.6927,0.6927,0.6927,2
2026-07-09 13:15:00+00:00,0.6929,0.6929,0.6929,0.6929,1
2026-07-09 13:17:00+00:00,0.693,0.693,0.693,0.693,1
2026-07-09 13:18:00+00:00,0.693,0.693,0.693,0.693,1
2026-07-09 13:20:00+00:00,0.6929,0.6929,0.6929,0.6929,1
2026-07-09 13:27:00+00:00,0.693,0.693,0.693,0.693,1
2026-07-09 13:29:00+00:00,0.693,0.693,0.693,0.693,2
2026-07-09 13:30:00+00:00,0.6931,0.6931,0.6931,0.6931,5
2026-07-09 13:31:00+00:00,0.6929,0.6929,0.6929,0.6929,1
2026-07-09 13:36:00+00:00,0.693,0.693,0.693,0.693,4
2026-07-09 13:38:00+00:00,0.6931,0.6931,0.6931,0.6931,9
2026-07-09 13:40:00+00:00,0.693,0.693,0.693,0.693,1
2026-07-09 13:41:00+00:00,0.6931,0.6931,0.6931,0.6931,1
2026-07-09 13:42:00+00:00,0.6932,0.6933,0.6932,0.6933,15
2026-07-09 13:43:00+00:00,0.6933,0.6933,0.6932,0.6932,2
2026-07-09 13:44:00+00:00,0.6932,0.6932,0.6932,0.6932,4
2026-07-09 13:46:00+00:00,0.6931,0.6931,0.6931,0.6931,8
2026-07-09 13:48:00+00:00,0.6932,0.6932,0.6932,0.6932,1
2026-07-09 13:50:00+00:00,0.6931,0.6931,0.6931,0.6931,4
2026-07-09 13:54:00+00:00,0.6931,0.6932,0.6931,0.6932,5
2026-07-09 13:55:00+00:00,0.6932,0.6932,0.6932,0.6932,1
2026-07-09 13:56:00+00:00,0.6932,0.6932,0.6932,0.6932,5
2026-07-09 13:57:00+00:00,0.6933,0.6933,0.6933,0.6933,2
2026-07-09 13:58:00+00:00,0.6932,0.6932,0.6932,0.6932,2
2026-07-09 14:00:00+00:00,0.6933,0.6934,0.6933,0.6934,16
2026-07-09 14:01:00+00:00,0.6934,0.6936,0.6934,0.6936,11
2026-07-09 14:03:00+00:00,0.6936,0.6936,0.6936,0.6936,2
2026-07-09 14:04:00+00:00,0.6937,0.6937,0.6937,0.6937,5
2026-07-09 14:05:00+00:00,0.6937,0.6937,0.6936,0.6936,5
2026-07-09 14:07:00+00:00,0.6934,0.6934,0.6934,0.6934,3
2026-07-09 14:08:00+00:00,0.6934,0.6934,0.6934,0.6934,8
2026-07-09 14:10:00+00:00,0.6933,0.6933,0.6933,0.6933,2
2026-07-09 14:13:00+00:00,0.6933,0.6933,0.6933,0.6933,2
2026-07-09 14:15:00+00:00,0.6932,0.6932,0.6931,0.6931,6
2026-07-09 14:16:00+00:00,0.6931,0.6931,0.6931,0.6931,2
2026-07-09 14:17:00+00:00,0.6931,0.6931,0.6931,0.6931,3
2026-07-09 14:19:00+00:00,0.693,0.693,0.693,0.693,6
2026-07-09 14:22:00+00:00,0.6931,0.6931,0.6931,0.6931,2
2026-07-09 14:23:00+00:00,0.6933,0.6933,0.6933,0.6933,1
2026-07-09 14:27:00+00:00,0.6934,0.6935,0.6934,0.6934,6
2026-07-09 14:28:00+00:00,0.6935,0.6935,0.6935,0.6935,1
2026-07-09 14:30:00+00:00,0.6933,0.6934,0.6933,0.6933,4
2026-07-09 14:31:00+00:00,0.6931,0.6931,0.6931,0.6931,1
2026-07-09 14:32:00+00:00,0.6931,0.6931,0.6931,0.6931,4
2026-07-09 14:37:00+00:00,0.6934,0.6934,0.6934,0.6934,8
2026-07-09 14:38:00+00:00,0.6933,0.6933,0.6933,0.6933,1
2026-07-09 14:39:00+00:00,0.6933,0.6933,0.6933,0.6933,8
2026-07-09 14:43:00+00:00,0.6934,0.6934,0.6934,0.6934,7
2026-07-09 14:50:00+00:00,0.6933,0.6933,0.6933,0.6933,4
2026-07-09 14:52:00+00:00,0.6932,0.6932,0.6932,0.6932,1
2026-07-09 14:55:00+00:00,0.6932,0.6932,0.693,0.6931,11
2026-07-09 14:56:00+00:00,0.6931,0.6931,0.6931,0.6931,1
2026-07-09 14:57:00+00:00,0.6929,0.6931,0.6929,0.6931,5
2026-07-09 14:58:00+00:00,0.6931,0.6931,0.6931,0.6931,9
2026-07-09 15:02:00+00:00,0.6931,0.6931,0.6929,0.6929,11
2026-07-09 15:05:00+00:00,0.6932,0.6932,0.6932,0.6932,2
2026-07-09 15:06:00+00:00,0.6933,0.6935,0.6933,0.6935,24
2026-07-09 15:07:00+00:00,0.6935,0.6936,0.6935,0.6936,2
2026-07-09 15:08:00+00:00,0.6936,0.6936,0.6936,0.6936,3
2026-07-09 15:10:00+00:00,0.6936,0.6936,0.6936,0.6936,1
2026-07-09 15:12:00+00:00,0.6935,0.6935,0.6934,0.6934,2
2026-07-09 15:13:00+00:00,0.6934,0.6934,0.6934,0.6934,2
2026-07-09 15:15:00+00:00,0.6935,0.6935,0.6935,0.6935,1
2026-07-09 15:17:00+00:00,0.6934,0.6934,0.6934,0.6934,6
2026-07-09 15:20:00+00:00,0.6933,0.6933,0.6933,0.6933,4
2026-07-09 15:21:00+00:00,0.6932,0.6934,0.6932,0.6934,3
2026-07-09 15:24:00+00:00,0.6934,0.6934,0.6934,0.6934,8
2026-07-09 15:27:00+00:00,0.6935,0.6935,0.6935,0.6935,4
2026-07-09 15:28:00+00:00,0.6936,0.6936,0.6936,0.6936,1
2026-07-09 15:30:00+00:00,0.6935,0.6935,0.6935,0.6935,2
2026-07-09 15:32:00+00:00,0.6934,0.6934,0.6934,0.6934,10
2026-07-09 15:35:00+00:00,0.6934,0.6934,0.6934,0.6934,1
2026-07-09 15:39:00+00:00,0.6935,0.6936,0.6935,0.6936,2
2026-07-09 15:40:00+00:00,0.6935,0.6935,0.6935,0.6935,6
2026-07-09 15:41:00+00:00,0.6935,0.6935,0.6935,0.6935,8
2026-07-09 15:45:00+00:00,0.6935,0.6935,0.6935,0.6935,5
2026-07-09 15:46:00+00:00,0.6936,0.6936,0.6936,0.6936,4
2026-07-09 15:47:00+00:00,0.6935,0.6935,0.6935,0.6935,1
2026-07-09 15:48:00+00:00,0.6935,0.6935,0.6935,0.6935,2
2026-07-09 15:50:00+00:00,0.6936,0.6937,0.6936,0.6937,6
2026-07-09 15:51:00+00:00,0.6937,0.6938,0.6937,0.6938,34
2026-07-09 15:52:00+00:00,0.6938,0.6938,0.6938,0.6938,1
2026-07-09 15:53:00+00:00,0.6938,0.6938,0.6938,0.6938,4
2026-07-09 15:54:00+00:00,0.6937,0.6937,0.6937,0.6937,4
2026-07-09 15:56:00+00:00,0.6936,0.6936,0.6936,0.6936,1
2026-07-09 16:01:00+00:00,0.6935,0.6937,0.6935,0.6937,2
2026-07-09 16:04:00+00:00,0.6937,0.6937,0.6937,0.6937,32
2026-07-09 16:10:00+00:00,0.6938,0.6938,0.6938,0.6938,1
2026-07-09 16:12:00+00:00,0.6938,0.6938,0.6938,0.6938,3
2026-07-09 16:13:00+00:00,0.6938,0.6938,0.6938,0.6938,1
2026-07-09 16:15:00+00:00,0.6939,0.694,0.6939,0.6939,16
2026-07-09 16:17:00+00:00,0.6937,0.6937,0.6937,0.6937,4
2026-07-09 16:18:00+00:00,0.6936,0.6936,0.6936,0.6936,1
2026-07-09 16:19:00+00:00,0.6937,0.6937,0.6936,0.6936,6
2026-07-09 16:24:00+00:00,0.6936,0.6936,0.6936,0.6936,1
2026-07-09 16:25:00+00:00,0.6935,0.6935,0.6935,0.6935,2
2026-07-09 16:27:00+00:00,0.6936,0.6936,0.6936,0.6936,1
2026-07-09 16:34:00+00:00,0.6934,0.6934,0.6934,0.6934,3
2026-07-09 16:36:00+00:00,0.6933,0.6933,0.6932,0.6932,52
2026-07-09 16:37:00+00:00,0.6933,0.6933,0.6933,0.6933,54
2026-07-09 16:38:00+00:00,0.6933,0.6933,0.6933,0.6933,44
2026-07-09 16:39:00+00:00,0.6934,0.6934,0.6934,0.6934,2
2026-07-09 16:41:00+00:00,0.6935,0.6935,0.6935,0.6935,1
2026-07-09 16:42:00+00:00,0.6935,0.6935,0.6935,0.6935,6
2026-07-09 16:45:00+00:00,0.6935,0.6935,0.6935,0.6935,2
2026-07-09 16:47:00+00:00,0.6934,0.6934,0.6934,0.6934,3
2026-07-09 16:50:00+00:00,0.6934,0.6934,0.6934,0.6934,1
2026-07-09 16:51:00+00:00,0.6934,0.6934,0.6934,0.6934,1
2026-07-09 16:58:00+00:00,0.6933,0.6933,0.6933,0.6933,7
2026-07-09 16:59:00+00:00,0.6933,0.6933,0.6933,0.6933,3
2026-07-09 17:04:00+00:00,0.6933,0.6933,0.6932,0.6933,6
2026-07-09 17:06:00+00:00,0.6933,0.6933,0.6933,0.6933,6
2026-07-09 17:12:00+00:00,0.6933,0.6933,0.6933,0.6933,7
2026-07-09 17:16:00+00:00,0.6934,0.6934,0.6934,0.6934,5
2026-07-09 17:17:00+00:00,0.6934,0.6934,0.6934,0.6934,1
2026-07-09 17:18:00+00:00,0.6935,0.6935,0.6935,0.6935,6
2026-07-09 17:19:00+00:00,0.6935,0.6935,0.6935,0.6935,1
2026-07-09 17:20:00+00:00,0.6936,0.6937,0.6936,0.6937,2
2026-07-09 17:21:00+00:00,0.6937,0.6937,0.6937,0.6937,1
2026-07-09 17:22:00+00:00,0.6936,0.6936,0.6936,0.6936,1
2026-07-09 17:23:00+00:00,0.6936,0.6936,0.6936,0.6936,30
2026-07-09 17:24:00+00:00,0.6936,0.6936,0.6936,0.6936,11
2026-07-09 17:26:00+00:00,0.6936,0.6936,0.6936,0.6936,1
2026-07-09 17:28:00+00:00,0.6935,0.6935,0.6935,0.6935,1
2026-07-09 17:30:00+00:00,0.6936,0.6937,0.6936,0.6937,9
2026-07-09 17:32:00+00:00,0.6936,0.6936,0.6936,0.6936,1
2026-07-09 17:33:00+00:00,0.6937,0.6937,0.6937,0.6937,1
2026-07-09 17:37:00+00:00,0.6936,0.6936,0.6936,0.6936,1
2026-07-09 17:42:00+00:00,0.6936,0.6936,0.6936,0.6936,1
2026-07-09 17:49:00+00:00,0.6937,0.6937,0.6937,0.6937,16
2026-07-09 17:51:00+00:00,0.6937,0.6937,0.6937,0.6937,1
2026-07-09 17:52:00+00:00,0.6938,0.6938,0.6938,0.6938,3
2026-07-09 17:53:00+00:00,0.6937,0.6937,0.6937,0.6937,1
2026-07-09 17:54:00+00:00,0.6937,0.6937,0.6937,0.6937,1
2026-07-09 17:56:00+00:00,0.6937,0.6937,0.6937,0.6937,9
2026-07-09 17:57:00+00:00,0.6937,0.6937,0.6937,0.6937,8
2026-07-09 17:58:00+00:00,0.6937,0.6937,0.6937,0.6937,8
2026-07-09 18:00:00+00:00,0.6936,0.6937,0.6936,0.6937,16
2026-07-09 18:01:00+00:00,0.6938,0.6938,0.6937,0.6937,9
2026-07-09 18:02:00+00:00,0.6936,0.6936,0.6936,0.6936,6
2026-07-09 18:03:00+00:00,0.6937,0.6937,0.6937,0.6937,1
2026-07-09 18:07:00+00:00,0.6937,0.6937,0.6937,0.6937,7
2026-07-09 18:12:00+00:00,0.6936,0.6936,0.6936,0.6936,7
2026-07-09 18:14:00+00:00,0.6936,0.6936,0.6936,0.6936,5
2026-07-09 18:21:00+00:00,0.6934,0.6934,0.6934,0.6934,2
2026-07-09 18:22:00+00:00,0.6934,0.6934,0.6934,0.6934,1
2026-07-09 18:23:00+00:00,0.6934,0.6934,0.6934,0.6934,18
2026-07-09 18:24:00+00:00,0.6934,0.6934,0.6934,0.6934,1
2026-07-09 18:28:00+00:00,0.6934,0.6934,0.6934,0.6934,6
2026-07-09 18:30:00+00:00,0.6933,0.6933,0.6933,0.6933,1
2026-07-09 18:32:00+00:00,0.6933,0.6933,0.6933,0.6933,1
2026-07-09 18:38:00+00:00,0.6933,0.6933,0.6933,0.6933,1
2026-07-09 18:41:00+00:00,0.6934,0.6934,0.6934,0.6934,1
2026-07-09 18:46:00+00:00,0.6934,0.6934,0.6934,0.6934,6
2026-07-09 18:48:00+00:00,0.6935,0.6935,0.6935,0.6935,1
2026-07-09 18:58:00+00:00,0.6935,0.6935,0.6935,0.6935,1
2026-07-09 18:59:00+00:00,0.6934,0.6934,0.6934,0.6934,1
2026-07-09 19:00:00+00:00,0.6935,0.6935,0.6935,0.6935,3
2026-07-09 19:13:00+00:00,0.6921,0.6921,0.6921,0.6921,2
2026-07-09 19:13:00+00:00,0.6932,0.6932,0.6932,0.6932,2
2026-07-09 19:15:00+00:00,0.6934,0.6934,0.6933,0.6933,5
2026-07-09 19:16:00+00:00,0.6934,0.6934,0.6934,0.6934,2
2026-07-09 19:17:00+00:00,0.6933,0.6933,0.6933,0.6933,1
2026-07-09 19:21:00+00:00,0.6934,0.6934,0.6934,0.6934,1
2026-07-09 19:22:00+00:00,0.6923,0.6923,0.6923,0.6923,1
2026-07-09 19:24:00+00:00,0.6934,0.6934,0.6934,0.6934,1
2026-07-09 19:25:00+00:00,0.6933,0.6933,0.6933,0.6933,25
2026-07-09 19:26:00+00:00,0.6933,0.6934,0.6933,0.6934,3
2026-07-09 19:28:00+00:00,0.6933,0.6933,0.6933,0.6933,1
2026-07-09 19:29:00+00:00,0.6932,0.6932,0.6932,0.6932,4
2026-07-09 19:30:00+00:00,0.6932,0.6932,0.6932,0.6932,8
2026-07-09 19:33:00+00:00,0.6932,0.6932,0.6932,0.6932,5
2026-07-09 19:41:00+00:00,0.6932,0.6932,0.6932,0.6932,1
2026-07-09 19:42:00+00:00,0.6931,0.6931,0.693,0.693,18
2026-07-09 19:43:00+00:00,0.6931,0.6932,0.693,0.693,20
2026-07-09 19:44:00+00:00,0.6931,0.6931,0.6931,0.6931,1
2026-07-09 19:45:00+00:00,0.6931,0.6931,0.6931,0.6931,1
2026-07-09 19:46:00+00:00,0.6931,0.6931,0.6931,0.6931,1
2026-07-09 19:48:00+00:00,0.6931,0.6931,0.6931,0.6931,1
2026-07-09 19:50:00+00:00,0.6931,0.6931,0.6931,0.6931,6
2026-07-09 19:54:00+00:00,0.693,0.693,0.693,0.693,5
2026-07-09 19:55:00+00:00,0.6931,0.6931,0.6931,0.6931,1
2026-07-09 19:56:00+00:00,0.6931,0.6931,0.6931,0.6931,6
2026-07-09 20:00:00+00:00,0.6931,0.6932,0.6931,0.6932,12
2026-07-09 20:07:00+00:00,0.6932,0.6932,0.6932,0.6932,1
2026-07-09 20:08:00+00:00,0.6933,0.6933,0.6933,0.6933,8
2026-07-09 20:09:00+00:00,0.6933,0.6933,0.6933,0.6933,4
2026-07-09 20:11:00+00:00,0.6933,0.6933,0.6933,0.6933,1
2026-07-09 20:15:00+00:00,0.6932,0.6933,0.6932,0.6933,26
2026-07-09 20:17:00+00:00,0.6933,0.6933,0.6933,0.6933,4
2026-07-09 20:27:00+00:00,0.6933,0.6933,0.6933,0.6933,6
2026-07-09 20:29:00+00:00,0.6932,0.6932,0.6932,0.6932,1
2026-07-09 20:30:00+00:00,0.6932,0.6932,0.6932,0.6932,5
2026-07-09 20:35:00+00:00,0.6933,0.6933,0.6933,0.6933,1
2026-07-09 20:36:00+00:00,0.6933,0.6933,0.6933,0.6933,1
2026-07-09 20:39:00+00:00,0.6933,0.6933,0.6933,0.6933,6
2026-07-09 20:41:00+00:00,0.6933,0.6933,0.6933,0.6933,10
2026-07-09 20:45:00+00:00,0.6934,0.6934,0.6934,0.6934,1
2026-07-09 20:46:00+00:00,0.6933,0.6933,0.6933,0.6933,2
2026-07-09 20:47:00+00:00,0.6932,0.6933,0.6932,0.6933,9
2026-07-09 20:48:00+00:00,0.6932,0.6932,0.6932,0.6932,3
2026-07-09 20:49:00+00:00,0.6933,0.6933,0.6933,0.6933,9
2026-07-09 20:50:00+00:00,0.6932,0.6932,0.6932,0.6932,3
2026-07-09 20:52:00+00:00,0.6932,0.6932,0.6932,0.6932,1
2026-07-09 20:55:00+00:00,0.6932,0.6932,0.6932,0.6932,5
2026-07-09 20:57:00+00:00,0.6933,0.6933,0.6933,0.6933,2
2026-07-09 20:58:00+00:00,0.6933,0.6933,0.6933,0.6933,2
2026-07-09 22:02:00+00:00,0.6933,0.6933,0.6933,0.6933,4
2026-07-09 22:06:00+00:00,0.6933,0.6933,0.6933,0.6933,1
2026-07-09 22:07:00+00:00,0.6933,0.6933,0.6933,0.6933,3
2026-07-09 22:08:00+00:00,0.6934,0.6935,0.6934,0.6935,20
2026-07-09 22:10:00+00:00,0.6934,0.6934,0.6933,0.6933,4
2026-07-09 22:11:00+00:00,0.6934,0.6934,0.6934,0.6934,6
2026-07-09 22:17:00+00:00,0.6934,0.6934,0.6934,0.6934,4
2026-07-09 22:20:00+00:00,0.6934,0.6934,0.6934,0.6934,1
2026-07-09 22:28:00+00:00,0.6934,0.6934,0.6934,0.6934,6
2026-07-09 22:30:00+00:00,0.6933,0.6933,0.6933,0.6933,1
2026-07-09 22:33:00+00:00,0.6933,0.6933,0.6933,0.6933,1
2026-07-09 22:34:00+00:00,0.6933,0.6933,0.6933,0.6933,1
2026-07-09 22:38:00+00:00,0.6933,0.6933,0.6933,0.6933,1
2026-07-09 22:39:00+00:00,0.6933,0.6933,0.6933,0.6933,1
2026-07-09 22:43:00+00:00,0.6933,0.6933,0.6933,0.6933,3
2026-07-09 22:47:00+00:00,0.6933,0.6933,0.6933,0.6933,1
2026-07-09 22:52:00+00:00,0.6934,0.6934,0.6934,0.6934,9
2026-07-09 22:56:00+00:00,0.6933,0.6933,0.6933,0.6933,2
2026-07-09 23:00:00+00:00,0.6934,0.6934,0.6934,0.6934,4
2026-07-09 23:12:00+00:00,0.6934,0.6934,0.6934,0.6934,16
2026-07-09 23:15:00+00:00,0.6933,0.6933,0.6933,0.6933,1
2026-07-09 23:20:00+00:00,0.6934,0.6934,0.6933,0.6933,4
2026-07-09 23:27:00+00:00,0.6934,0.6934,0.6934,0.6934,4
2026-07-09 23:34:00+00:00,0.6934,0.6934,0.6934,0.6934,4
2026-07-09 23:38:00+00:00,0.6933,0.6933,0.6933,0.6933,2
2026-07-09 23:48:00+00:00,0.6934,0.6934,0.6934,0.6934,4
2026-07-09 23:59:00+00:00,0.6935,0.6935,0.6935,0.6935,6
2026-07-10 00:00:00+00:00,0.6936,0.6936,0.6935,0.6935,2
2026-07-10 00:01:00+00:00,0.6934,0.6934,0.6934,0.6934,3
2026-07-10 00:02:00+00:00,0.6934,0.6934,0.6934,0.6934,5
2026-07-10 00:03:00+00:00,0.6934,0.6934,0.6934,0.6934,3
2026-07-10 00:07:00+00:00,0.6933,0.6933,0.6933,0.6933,1
2026-07-10 00:09:00+00:00,0.6932,0.6932,0.6932,0.6932,2
2026-07-10 00:11:00+00:00,0.6931,0.6931,0.6931,0.6931,2
2026-07-10 00:12:00+00:00,0.6931,0.6931,0.6931,0.6931,1
2026-07-10 00:13:00+00:00,0.6932,0.6932,0.6931,0.6931,2
2026-07-10 00:14:00+00:00,0.6931,0.6931,0.6931,0.6931,2
2026-07-10 00:16:00+00:00,0.6931,0.6931,0.6931,0.6931,3
2026-07-10 00:20:00+00:00,0.6931,0.6931,0.6931,0.6931,1
2026-07-10 00:22:00+00:00,0.6931,0.6931,0.6931,0.6931,4
2026-07-10 00:23:00+00:00,0.693,0.693,0.693,0.693,9
2026-07-10 00:24:00+00:00,0.6929,0.6929,0.6929,0.6929,7
2026-07-10 00:25:00+00:00,0.6929,0.6929,0.6929,0.6929,4
2026-07-10 00:26:00+00:00,0.6928,0.6929,0.6928,0.6929,4
2026-07-10 00:27:00+00:00,0.6929,0.6929,0.6929,0.6929,29
2026-07-10 00:28:00+00:00,0.6929,0.6929,0.6929,0.6929,11
2026-07-10 00:31:00+00:00,0.6929,0.6929,0.6929,0.6929,6
2026-07-10 00:33:00+00:00,0.6928,0.6928,0.6926,0.6926,27
2026-07-10 00:34:00+00:00,0.6926,0.6926,0.6926,0.6926,7
2026-07-10 00:35:00+00:00,0.6927,0.6927,0.6927,0.6927,1
2026-07-10 00:37:00+00:00,0.6928,0.6928,0.6928,0.6928,5
2026-07-10 00:38:00+00:00,0.6928,0.6928,0.6928,0.6928,4
2026-07-10 00:39:00+00:00,0.6929,0.6929,0.6929,0.6929,4
2026-07-10 00:40:00+00:00,0.693,0.693,0.693,0.693,1
2026-07-10 00:41:00+00:00,0.6929,0.6929,0.6929,0.6929,5
2026-07-10 00:42:00+00:00,0.693,0.693,0.693,0.693,1
2026-07-10 00:43:00+00:00,0.6931,0.6931,0.6931,0.6931,1
2026-07-10 00:44:00+00:00,0.6932,0.6932,0.6932,0.6932,2
2026-07-10 00:45:00+00:00,0.6933,0.6933,0.6933,0.6933,5
2026-07-10 00:47:00+00:00,0.6933,0.6933,0.6933,0.6933,2
2026-07-10 00:52:00+00:00,0.6934,0.6934,0.6934,0.6934,7
2026-07-10 00:53:00+00:00,0.6933,0.6933,0.6933,0.6933,1
2026-07-10 00:55:00+00:00,0.6934,0.6936,0.6934,0.6936,6
2026-07-10 00:56:00+00:00,0.6937,0.6938,0.6936,0.6936,13
2026-07-10 00:57:00+00:00,0.6937,0.6938,0.6937,0.6938,5
2026-07-10 00:59:00+00:00,0.6937,0.6937,0.6937,0.6937,5
2026-07-10 01:00:00+00:00,0.6938,0.6938,0.6938,0.6938,3
2026-07-10 01:01:00+00:00,0.6938,0.6938,0.6938,0.6938,1
2026-07-10 01:06:00+00:00,0.6936,0.6937,0.6936,0.6937,6
2026-07-10 01:07:00+00:00,0.6938,0.6938,0.6938,0.6938,1
2026-07-10 01:08:00+00:00,0.6938,0.6938,0.6938,0.6938,7
2026-07-10 01:09:00+00:00,0.6939,0.6939,0.6939,0.6939,19
2026-07-10 01:13:00+00:00,0.6938,0.6939,0.6938,0.6939,3
2026-07-10 01:15:00+00:00,0.6939,0.6942,0.6939,0.6941,16
2026-07-10 01:16:00+00:00,0.6943,0.6943,0.6941,0.6941,8
2026-07-10 01:17:00+00:00,0.6941,0.6941,0.6941,0.6941,7
2026-07-10 01:19:00+00:00,0.6942,0.6942,0.6942,0.6942,1
2026-07-10 01:21:00+00:00,0.6942,0.6942,0.6942,0.6942,3
2026-07-10 01:26:00+00:00,0.694,0.694,0.694,0.694,6
2026-07-10 01:27:00+00:00,0.6938,0.6938,0.6938,0.6938,2
2026-07-10 01:28:00+00:00,0.694,0.694,0.694,0.694,1
2026-07-10 01:29:00+00:00,0.6939,0.6939,0.6939,0.6939,1
2026-07-10 01:30:00+00:00,0.694,0.6941,0.694,0.6941,15
2026-07-10 01:33:00+00:00,0.6939,0.6939,0.6937,0.6937,7
2026-07-10 01:35:00+00:00,0.6938,0.6938,0.6938,0.6938,3
2026-07-10 01:36:00+00:00,0.6938,0.6938,0.6938,0.6938,1
2026-07-10 01:37:00+00:00,0.6938,0.6938,0.6938,0.6938,1
2026-07-10 01:38:00+00:00,0.6936,0.6936,0.6936,0.6936,1
2026-07-10 01:39:00+00:00,0.6938,0.6938,0.6938,0.6938,9
2026-07-10 01:44:00+00:00,0.6936,0.6936,0.6936,0.6936,1
2026-07-10 01:45:00+00:00,0.6937,0.6937,0.6936,0.6936,2
2026-07-10 01:46:00+00:00,0.6937,0.6937,0.6937,0.6937,1
2026-07-10 01:47:00+00:00,0.6938,0.6938,0.6938,0.6938,1
2026-07-10 01:50:00+00:00,0.6941,0.6942,0.6941,0.6942,23
2026-07-10 01:52:00+00:00,0.6942,0.6942,0.6942,0.6942,2
2026-07-10 01:53:00+00:00,0.6942,0.6942,0.6941,0.6941,21
2026-07-10 01:55:00+00:00,0.6942,0.6943,0.6942,0.6943,6
2026-07-10 01:56:00+00:00,0.6942,0.6944,0.6942,0.6944,2
2026-07-10 01:57:00+00:00,0.6945,0.6946,0.6945,0.6945,20
2026-07-10 01:58:00+00:00,0.6945,0.6945,0.6945,0.6945,3
2026-07-10 01:59:00+00:00,0.6944,0.6944,0.6944,0.6944,2
2026-07-10 02:00:00+00:00,0.6942,0.6942,0.6941,0.6941,12
2026-07-10 02:01:00+00:00,0.6941,0.6941,0.6941,0.6941,6
2026-07-10 02:02:00+00:00,0.6941,0.6942,0.6941,0.6942,7
2026-07-10 02:03:00+00:00,0.6943,0.6943,0.6943,0.6943,5
2026-07-10 02:04:00+00:00,0.6942,0.6942,0.6942,0.6942,16
2026-07-10 02:06:00+00:00,0.6944,0.6944,0.6944,0.6944,3
2026-07-10 02:07:00+00:00,0.6945,0.6945,0.6945,0.6945,4
2026-07-10 02:08:00+00:00,0.6944,0.6946,0.6944,0.6946,21
2026-07-10 02:10:00+00:00,0.6947,0.6947,0.6947,0.6947,2
2026-07-10 02:11:00+00:00,0.6947,0.6947,0.6947,0.6947,1
2026-07-10 02:12:00+00:00,0.6947,0.6947,0.6947,0.6947,1
2026-07-10 02:13:00+00:00,0.6947,0.6947,0.6947,0.6947,1
2026-07-10 02:14:00+00:00,0.6947,0.6949,0.6947,0.6948,14
2026-07-10 02:16:00+00:00,0.695,0.6951,0.6949,0.695,46
2026-07-10 02:17:00+00:00,0.695,0.6951,0.695,0.695,127
2026-07-10 02:18:00+00:00,0.695,0.6953,0.695,0.6953,23
2026-07-10 02:18:00+00:00,0.6942,0.6942,0.6942,0.6942,1
2026-07-10 02:19:00+00:00,0.6953,0.6953,0.6952,0.6953,65
2026-07-10 02:20:00+00:00,0.6952,0.6952,0.6952,0.6952,1
2026-07-10 02:21:00+00:00,0.6952,0.6953,0.6952,0.6953,15
2026-07-10 02:23:00+00:00,0.6951,0.6951,0.6951,0.6951,2
2026-07-10 02:24:00+00:00,0.6951,0.6951,0.6951,0.6951,1
2026-07-10 02:27:00+00:00,0.6953,0.6954,0.6953,0.6954,7
2026-07-10 02:29:00+00:00,0.6952,0.6952,0.6952,0.6952,1
2026-07-10 02:30:00+00:00,0.6951,0.6951,0.6951,0.6951,6
2026-07-10 02:32:00+00:00,0.6951,0.6951,0.6951,0.6951,2
2026-07-10 02:33:00+00:00,0.6952,0.6952,0.6952,0.6952,4
2026-07-10 02:36:00+00:00,0.695,0.695,0.695,0.695,1
2026-07-10 02:37:00+00:00,0.695,0.695,0.695,0.695,15
2026-07-10 02:40:00+00:00,0.695,0.695,0.695,0.695,2
2026-07-10 02:42:00+00:00,0.6953,0.6953,0.6953,0.6953,1
2026-07-10 02:43:00+00:00,0.6953,0.6954,0.6953,0.6954,11
2026-07-10 02:45:00+00:00,0.6954,0.6955,0.6954,0.6955,21
2026-07-10 02:46:00+00:00,0.6956,0.6956,0.6956,0.6956,5
2026-07-10 02:47:00+00:00,0.6955,0.6956,0.6955,0.6955,29
2026-07-10 02:48:00+00:00,0.6955,0.6955,0.6955,0.6955,3
2026-07-10 02:49:00+00:00,0.6955,0.6955,0.6955,0.6955,1
2026-07-10 02:50:00+00:00,0.6957,0.6957,0.6957,0.6957,2
2026-07-10 02:51:00+00:00,0.6959,0.6961,0.6959,0.6961,90
2026-07-10 02:51:00+00:00,0.6951,0.6951,0.6951,0.6951,1
2026-07-10 02:52:00+00:00,0.6961,0.6961,0.6958,0.696,28
2026-07-10 02:53:00+00:00,0.696,0.6962,0.696,0.696,16
2026-07-10 02:54:00+00:00,0.696,0.6961,0.6959,0.6961,11
2026-07-10 02:57:00+00:00,0.696,0.696,0.696,0.696,11
2026-07-10 02:59:00+00:00,0.696,0.696,0.696,0.696,10
2026-07-10 03:01:00+00:00,0.696,0.696,0.696,0.696,1
2026-07-10 03:02:00+00:00,0.6959,0.6959,0.6958,0.6958,6
2026-07-10 03:04:00+00:00,0.6958,0.6958,0.6958,0.6958,2
2026-07-10 03:05:00+00:00,0.6958,0.6958,0.6958,0.6958,1
2026-07-10 03:07:00+00:00,0.6959,0.6959,0.6959,0.6959,11
2026-07-10 03:08:00+00:00,0.696,0.696,0.696,0.696,5
2026-07-10 03:09:00+00:00,0.6959,0.6959,0.6959,0.6959,1
2026-07-10 03:10:00+00:00,0.696,0.696,0.696,0.696,10
2026-07-10 03:11:00+00:00,0.6957,0.6958,0.6956,0.6958,8
2026-07-10 03:12:00+00:00,0.6957,0.6957,0.6957,0.6957,3
2026-07-10 03:13:00+00:00,0.6957,0.6957,0.6957,0.6957,1
2026-07-10 03:14:00+00:00,0.6956,0.6956,0.6956,0.6956,1
2026-07-10 03:15:00+00:00,0.6957,0.6957,0.6956,0.6956,5
2026-07-10 03:17:00+00:00,0.6956,0.6956,0.6956,0.6956,1
2026-07-10 03:21:00+00:00,0.6955,0.6955,0.6955,0.6955,3
2026-07-10 03:22:00+00:00,0.6954,0.6954,0.6954,0.6954,6
2026-07-10 03:24:00+00:00,0.6955,0.6955,0.6955,0.6955,1
2026-07-10 03:25:00+00:00,0.6954,0.6954,0.6954,0.6954,71
2026-07-10 03:26:00+00:00,0.6954,0.6954,0.6953,0.6954,61
2026-07-10 03:28:00+00:00,0.6955,0.6955,0.6955,0.6955,5
2026-07-10 03:29:00+00:00,0.6956,0.6956,0.6956,0.6956,2
2026-07-10 03:30:00+00:00,0.6955,0.6955,0.6954,0.6955,4
2026-07-10 03:32:00+00:00,0.6955,0.6955,0.6955,0.6955,3
2026-07-10 03:35:00+00:00,0.6955,0.6955,0.6954,0.6954,6
2026-07-10 03:36:00+00:00,0.6955,0.6955,0.6955,0.6955,1
2026-07-10 03:37:00+00:00,0.6954,0.6954,0.6954,0.6954,1
2026-07-10 03:38:00+00:00,0.6955,0.6955,0.6955,0.6955,2
2026-07-10 03:40:00+00:00,0.6955,0.6955,0.6955,0.6955,3
2026-07-10 03:42:00+00:00,0.6954,0.6955,0.6954,0.6955,3
2026-07-10 03:45:00+00:00,0.6954,0.6954,0.6953,0.6953,3
2026-07-10 03:49:00+00:00,0.6954,0.6954,0.6954,0.6954,4
2026-07-10 03:51:00+00:00,0.6953,0.6953,0.6953,0.6953,2
2026-07-10 03:52:00+00:00,0.6953,0.6953,0.6953,0.6953,1
2026-07-10 03:53:00+00:00,0.6952,0.6952,0.6952,0.6952,6
2026-07-10 03:54:00+00:00,0.6953,0.6953,0.6953,0.6953,2
2026-07-10 03:55:00+00:00,0.6952,0.6952,0.6952,0.6952,3
2026-07-10 03:56:00+00:00,0.6951,0.6951,0.6951,0.6951,4
2026-07-10 03:59:00+00:00,0.6952,0.6952,0.6952,0.6952,4
2026-07-10 04:00:00+00:00,0.6952,0.6952,0.6952,0.6952,1
2026-07-10 04:01:00+00:00,0.6951,0.6951,0.6951,0.6951,2
2026-07-10 04:02:00+00:00,0.6951,0.6951,0.6951,0.6951,4
2026-07-10 04:04:00+00:00,0.6951,0.6951,0.6951,0.6951,1
2026-07-10 04:05:00+00:00,0.6951,0.6951,0.6951,0.6951,1
2026-07-10 04:12:00+00:00,0.695,0.695,0.695,0.695,1
2026-07-10 04:16:00+00:00,0.695,0.695,0.695,0.695,1
2026-07-10 04:20:00+00:00,0.695,0.695,0.6949,0.6949,7
2026-07-10 04:21:00+00:00,0.6948,0.6948,0.6947,0.6947,2
2026-07-10 04:24:00+00:00,0.6948,0.6948,0.6948,0.6948,5
2026-07-10 04:26:00+00:00,0.6948,0.6948,0.6948,0.6948,1
2026-07-10 04:28:00+00:00,0.6949,0.6949,0.6949,0.6949,1
2026-07-10 04:30:00+00:00,0.695,0.695,0.6949,0.6949,4
2026-07-10 04:31:00+00:00,0.6948,0.6948,0.6948,0.6948,1
2026-07-10 04:33:00+00:00,0.6948,0.6948,0.6948,0.6948,1
2026-07-10 04:38:00+00:00,0.6948,0.6948,0.6948,0.6948,1
2026-07-10 04:39:00+00:00,0.6948,0.6948,0.6948,0.6948,5
2026-07-10 04:44:00+00:00,0.6947,0.6947,0.6947,0.6947,5
2026-07-10 04:45:00+00:00,0.6946,0.6946,0.6946,0.6946,1
2026-07-10 04:46:00+00:00,0.6946,0.6947,0.6945,0.6947,8
2026-07-10 04:53:00+00:00,0.6945,0.6946,0.6945,0.6945,6
2026-07-10 04:55:00+00:00,0.6946,0.6946,0.6946,0.6946,1
2026-07-10 04:57:00+00:00,0.6945,0.6945,0.6945,0.6945,1
2026-07-10 04:58:00+00:00,0.6945,0.6945,0.6945,0.6945,1
2026-07-10 05:00:00+00:00,0.6945,0.6945,0.6945,0.6945,1
2026-07-10 05:02:00+00:00,0.6947,0.6947,0.6947,0.6947,39
2026-07-10 05:04:00+00:00,0.6947,0.6947,0.6947,0.6947,7
2026-07-10 05:05:00+00:00,0.6947,0.6947,0.6947,0.6947,1
2026-07-10 05:06:00+00:00,0.6947,0.6949,0.6947,0.6949,4
2026-07-10 05:09:00+00:00,0.6947,0.6947,0.6947,0.6947,1
2026-07-10 05:14:00+00:00,0.6946,0.6946,0.6946,0.6946,1
2026-07-10 05:16:00+00:00,0.6944,0.6944,0.6944,0.6944,1
2026-07-10 05:20:00+00:00,0.6943,0.6944,0.6942,0.6943,7
2026-07-10 05:21:00+00:00,0.6942,0.6942,0.6942,0.6942,1
2026-07-10 05:22:00+00:00,0.6941,0.6941,0.694,0.6941,43
2026-07-10 05:24:00+00:00,0.6942,0.6942,0.6942,0.6942,1
2026-07-10 05:25:00+00:00,0.6942,0.6942,0.6942,0.6942,1
2026-07-10 05:26:00+00:00,0.6943,0.6943,0.6943,0.6943,1
2026-07-10 05:27:00+00:00,0.6941,0.6942,0.6941,0.6942,36
2026-07-10 05:28:00+00:00,0.6942,0.6942,0.6942,0.6942,1
2026-07-10 05:29:00+00:00,0.6941,0.6941,0.6941,0.6941,2
2026-07-10 05:30:00+00:00,0.694,0.694,0.694,0.694,11
2026-07-10 05:31:00+00:00,0.6939,0.6939,0.6938,0.6938,4
2026-07-10 05:32:00+00:00,0.6939,0.6939,0.6938,0.6938,50
2026-07-10 05:33:00+00:00,0.694,0.694,0.694,0.694,2
2026-07-10 05:34:00+00:00,0.694,0.694,0.694,0.694,1
2026-07-10 05:38:00+00:00,0.6939,0.6939,0.6939,0.6939,1
2026-07-10 05:39:00+00:00,0.6939,0.6939,0.6939,0.6939,1
2026-07-10 05:40:00+00:00,0.6938,0.6938,0.6938,0.6938,5
2026-07-10 05:41:00+00:00,0.6939,0.6939,0.6939,0.6939,1
2026-07-10 05:42:00+00:00,0.6939,0.6939,0.6939,0.6939,1
2026-07-10 05:43:00+00:00,0.6939,0.6939,0.6939,0.6939,2
2026-07-10 05:44:00+00:00,0.6939,0.6939,0.6939,0.6939,2
2026-07-10 05:47:00+00:00,0.6939,0.6939,0.6939,0.6939,2
2026-07-10 05:48:00+00:00,0.694,0.6941,0.694,0.6941,2
2026-07-10 05:49:00+00:00,0.6941,0.6941,0.6941,0.6941,37
2026-07-10 05:50:00+00:00,0.6941,0.6941,0.6941,0.6941,2
2026-07-10 05:51:00+00:00,0.6941,0.6941,0.6941,0.6941,5
2026-07-10 05:52:00+00:00,0.6944,0.6944,0.6943,0.6943,2
2026-07-10 05:53:00+00:00,0.6942,0.6943,0.6942,0.6943,2
2026-07-10 05:54:00+00:00,0.6941,0.6941,0.6941,0.6941,1
2026-07-10 05:56:00+00:00,0.694,0.694,0.694,0.694,1
2026-07-10 06:01:00+00:00,0.6942,0.6942,0.6942,0.6942,71
2026-07-10 06:02:00+00:00,0.6943,0.6943,0.6943,0.6943,1
2026-07-10 06:05:00+00:00,0.6943,0.6943,0.6943,0.6943,3
2026-07-10 06:06:00+00:00,0.6943,0.6943,0.6943,0.6943,26
2026-07-10 06:09:00+00:00,0.6944,0.6944,0.6944,0.6944,5
2026-07-10 06:10:00+00:00,0.6944,0.6944,0.6944,0.6944,10
2026-07-10 06:11:00+00:00,0.6944,0.6944,0.6944,0.6944,1
2026-07-10 06:15:00+00:00,0.6944,0.6944,0.6944,0.6944,1
2026-07-10 06:16:00+00:00,0.6943,0.6943,0.6943,0.6943,3
2026-07-10 06:19:00+00:00,0.6945,0.6945,0.6945,0.6945,3
2026-07-10 06:20:00+00:00,0.6939,0.6939,0.6939,0.6939,2
2026-07-10 06:20:00+00:00,0.6947,0.6947,0.6946,0.6946,3
2026-07-10 06:21:00+00:00,0.6945,0.6945,0.6945,0.6945,1
2026-07-10 06:23:00+00:00,0.6943,0.6943,0.6943,0.6943,1
2026-07-10 06:26:00+00:00,0.6943,0.6943,0.6943,0.6943,3
2026-07-10 06:29:00+00:00,0.6942,0.6942,0.6942,0.6942,30
2026-07-10 06:30:00+00:00,0.6943,0.6943,0.6943,0.6943,5
2026-07-10 06:38:00+00:00,0.6946,0.6946,0.6946,0.6946,1
2026-07-10 06:39:00+00:00,0.6946,0.6946,0.6946,0.6946,3
2026-07-10 06:40:00+00:00,0.6944,0.6944,0.6944,0.6944,3
2026-07-10 06:41:00+00:00,0.6944,0.6944,0.6944,0.6944,1
2026-07-10 06:44:00+00:00,0.6943,0.6943,0.6943,0.6943,4
2026-07-10 06:49:00+00:00,0.6941,0.6941,0.6941,0.6941,1
2026-07-10 06:53:00+00:00,0.6941,0.6941,0.6941,0.6941,1
2026-07-10 06:58:00+00:00,0.6943,0.6943,0.6943,0.6943,3
2026-07-10 07:00:00+00:00,0.6942,0.6942,0.6942,0.6942,1
2026-07-10 07:03:00+00:00,0.694,0.694,0.694,0.694,16
2026-07-10 07:05:00+00:00,0.6941,0.6941,0.6941,0.6941,3
2026-07-10 07:06:00+00:00,0.6941,0.6941,0.6941,0.6941,5
2026-07-10 07:12:00+00:00,0.6941,0.6941,0.6941,0.6941,2
2026-07-10 07:14:00+00:00,0.6941,0.6941,0.6941,0.6941,2
2026-07-10 07:16:00+00:00,0.6939,0.6939,0.6939,0.6939,2
2026-07-10 07:18:00+00:00,0.6942,0.6942,0.6942,0.6942,1
2026-07-10 07:19:00+00:00,0.6941,0.6941,0.6941,0.6941,2
2026-07-10 07:21:00+00:00,0.6942,0.6942,0.6942,0.6942,5
2026-07-10 07:22:00+00:00,0.6942,0.6942,0.6942,0.6942,5
2026-07-10 07:26:00+00:00,0.694,0.694,0.694,0.694,1
2026-07-10 07:29:00+00:00,0.694,0.694,0.694,0.694,1
2026-07-10 07:33:00+00:00,0.694,0.694,0.694,0.694,2
2026-07-10 07:35:00+00:00,0.6941,0.6941,0.6941,0.6941,2
2026-07-10 07:40:00+00:00,0.694,0.694,0.694,0.694,1
2026-07-10 07:42:00+00:00,0.6941,0.6941,0.6941,0.6941,1
2026-07-10 07:43:00+00:00,0.694,0.694,0.694,0.694,3
2026-07-10 07:45:00+00:00,0.6939,0.6939,0.6938,0.6938,16
2026-07-10 07:46:00+00:00,0.6939,0.6939,0.6938,0.6938,9
2026-07-10 07:47:00+00:00,0.6937,0.6937,0.6936,0.6937,12
2026-07-10 07:49:00+00:00,0.6937,0.6937,0.6937,0.6937,7
2026-07-10 07:50:00+00:00,0.6938,0.6938,0.6938,0.6938,1
2026-07-10 07:51:00+00:00,0.6938,0.6938,0.6938,0.6938,1
2026-07-10 07:53:00+00:00,0.6937,0.6937,0.6937,0.6937,7
2026-07-10 07:55:00+00:00,0.6937,0.6937,0.6937,0.6937,6
2026-07-10 08:00:00+00:00,0.6937,0.6937,0.6935,0.6935,16
2026-07-10 08:02:00+00:00,0.6939,0.6939,0.6939,0.6939,2
2026-07-10 08:03:00+00:00,0.6937,0.6938,0.6937,0.6938,11
2026-07-10 08:05:00+00:00,0.6938,0.6938,0.6938,0.6938,13
2026-07-10 08:06:00+00:00,0.6938,0.6938,0.6938,0.6938,1
2026-07-10 08:07:00+00:00,0.6939,0.6939,0.6939,0.6939,5
2026-07-10 08:09:00+00:00,0.6941,0.6941,0.6941,0.6941,1
2026-07-10 08:12:00+00:00,0.694,0.694,0.6939,0.6939,11
2026-07-10 08:14:00+00:00,0.694,0.694,0.694,0.694,10
2026-07-10 08:15:00+00:00,0.6938,0.6938,0.6937,0.6937,4
2026-07-10 08:16:00+00:00,0.6939,0.6939,0.6939,0.6939,1
2026-07-10 08:17:00+00:00,0.6939,0.6939,0.6939,0.6939,4
2026-07-10 08:18:00+00:00,0.6939,0.6939,0.6939,0.6939,10
2026-07-10 08:20:00+00:00,0.6939,0.6939,0.6939,0.6939,5
2026-07-10 08:21:00+00:00,0.6938,0.6938,0.6938,0.6938,5
2026-07-10 08:25:00+00:00,0.6936,0.6936,0.6936,0.6936,3
2026-07-10 08:26:00+00:00,0.6937,0.6937,0.6937,0.6937,1
2026-07-10 08:27:00+00:00,0.6936,0.6936,0.6935,0.6935,3
2026-07-10 08:30:00+00:00,0.6937,0.6937,0.6936,0.6936,3
2026-07-10 08:32:00+00:00,0.6936,0.6936,0.6936,0.6936,1
2026-07-10 08:38:00+00:00,0.6934,0.6934,0.6934,0.6934,5
2026-07-10 08:39:00+00:00,0.6934,0.6934,0.6934,0.6934,1
2026-07-10 08:40:00+00:00,0.6935,0.6935,0.6935,0.6935,54
2026-07-10 08:42:00+00:00,0.6935,0.6935,0.6935,0.6935,1
2026-07-10 08:43:00+00:00,0.6936,0.6936,0.6936,0.6936,34
2026-07-10 08:44:00+00:00,0.6937,0.6937,0.6937,0.6937,2
2026-07-10 08:45:00+00:00,0.6937,0.6937,0.6936,0.6936,3
2026-07-10 08:50:00+00:00,0.6936,0.6936,0.6936,0.6936,10
2026-07-10 08:54:00+00:00,0.6936,0.6936,0.6936,0.6936,1
2026-07-10 08:57:00+00:00,0.6936,0.6936,0.6936,0.6936,16
2026-07-10 09:01:00+00:00,0.6935,0.6935,0.6934,0.6934,6
2026-07-10 09:04:00+00:00,0.6937,0.6937,0.6937,0.6937,18
2026-07-10 09:07:00+00:00,0.6937,0.6937,0.6937,0.6937,2
2026-07-10 09:08:00+00:00,0.6937,0.6937,0.6936,0.6936,10
2026-07-10 09:15:00+00:00,0.6937,0.6938,0.6937,0.6938,2
2026-07-10 09:16:00+00:00,0.6937,0.6937,0.6936,0.6936,3
2026-07-10 09:21:00+00:00,0.6936,0.6936,0.6935,0.6935,11
2026-07-10 09:25:00+00:00,0.6937,0.6937,0.6937,0.6937,1
2026-07-10 09:30:00+00:00,0.6936,0.6936,0.6935,0.6935,2
2026-07-10 09:32:00+00:00,0.6936,0.6936,0.6936,0.6936,1
2026-07-10 09:40:00+00:00,0.6937,0.6937,0.6937,0.6937,1
2026-07-10 09:43:00+00:00,0.6937,0.6937,0.6937,0.6937,6
2026-07-10 09:47:00+00:00,0.6937,0.6937,0.6937,0.6937,1
2026-07-10 09:49:00+00:00,0.6938,0.6938,0.6938,0.6938,1
2026-07-10 09:52:00+00:00,0.6938,0.6938,0.6938,0.6938,1
2026-07-10 09:55:00+00:00,0.694,0.694,0.6939,0.6939,6
2026-07-10 09:56:00+00:00,0.694,0.694,0.694,0.694,1
2026-07-10 09:57:00+00:00,0.6939,0.6939,0.6939,0.6939,1
2026-07-10 09:58:00+00:00,0.6938,0.6938,0.6938,0.6938,20
2026-07-10 09:59:00+00:00,0.6939,0.6939,0.6939,0.6939,2
2026-07-10 10:00:00+00:00,0.6939,0.6939,0.6939,0.6939,1
2026-07-10 10:02:00+00:00,0.6938,0.6938,0.6938,0.6938,2
2026-07-10 10:03:00+00:00,0.6939,0.694,0.6939,0.694,3
2026-07-10 10:05:00+00:00,0.6941,0.6941,0.6941,0.6941,2
2026-07-10 10:06:00+00:00,-0.0009,-0.0009,-0.0009,-0.0009,2
2026-07-10 10:07:00+00:00,0.6941,0.6941,0.6941,0.6941,2
2026-07-10 10:12:00+00:00,-0.0009,-0.0009,-0.0009,-0.0009,3
2026-07-10 10:12:00+00:00,0.6941,0.6941,0.6941,0.6941,1
2026-07-10 10:16:00+00:00,0.6941,0.6941,0.6941,0.6941,2
2026-07-10 10:17:00+00:00,0.6941,0.6941,0.6941,0.6941,30
2026-07-10 10:18:00+00:00,0.6942,0.6942,0.6942,0.6942,8
2026-07-10 10:22:00+00:00,0.6943,0.6943,0.6942,0.6942,25
2026-07-10 10:23:00+00:00,0.6943,0.6943,0.6943,0.6943,6
2026-07-10 10:24:00+00:00,0.6944,0.6944,0.6944,0.6944,5
2026-07-10 10:25:00+00:00,0.6944,0.6944,0.6944,0.6944,2
2026-07-10 10:26:00+00:00,0.6943,0.6943,0.6943,0.6943,1
2026-07-10 10:27:00+00:00,0.6943,0.6943,0.6943,0.6943,1
2026-07-10 10:28:00+00:00,0.6944,0.6944,0.6944,0.6944,1
2026-07-10 10:29:00+00:00,0.6944,0.6944,0.6944,0.6944,8
2026-07-10 10:31:00+00:00,0.6945,0.6945,0.6944,0.6944,3
2026-07-10 10:34:00+00:00,0.6943,0.6943,0.6943,0.6943,6
2026-07-10 10:35:00+00:00,0.6943,0.6943,0.6943,0.6943,1
2026-07-10 10:43:00+00:00,0.6942,0.6942,0.6942,0.6942,1
2026-07-10 10:48:00+00:00,0.6941,0.6941,0.6941,0.6941,1
2026-07-10 10:52:00+00:00,0.6941,0.6941,0.6941,0.6941,1
2026-07-10 10:54:00+00:00,0.6941,0.6941,0.6941,0.6941,2
2026-07-10 10:56:00+00:00,0.6941,0.6941,0.6941,0.6941,6
2026-07-10 11:07:00+00:00,0.694,0.694,0.694,0.694,1
2026-07-10 11:08:00+00:00,0.694,0.694,0.694,0.694,4
2026-07-10 11:10:00+00:00,0.6939,0.6939,0.6939,0.6939,1
2026-07-10 11:11:00+00:00,0.6939,0.6939,0.6939,0.6939,8
2026-07-10 11:12:00+00:00,0.6939,0.6939,0.6939,0.6939,1
2026-07-10 11:15:00+00:00,0.694,0.694,0.694,0.694,11
2026-07-10 11:19:00+00:00,0.6939,0.6939,0.6939,0.6939,2
2026-07-10 11:23:00+00:00,0.6938,0.6938,0.6937,0.6937,5
2026-07-10 11:25:00+00:00,0.6938,0.6938,0.6937,0.6937,12
2026-07-10 11:26:00+00:00,0.6936,0.6936,0.6936,0.6936,4
2026-07-10 11:27:00+00:00,0.6936,0.6936,0.6936,0.6936,12
2026-07-10 11:28:00+00:00,0.6937,0.6937,0.6937,0.6937,1
2026-07-10 11:29:00+00:00,0.6937,0.6938,0.6937,0.6938,2
2026-07-10 11:30:00+00:00,0.6936,0.6936,0.6936,0.6936,25
2026-07-10 11:31:00+00:00,0.6936,0.6936,0.6936,0.6936,2
2026-07-10 11:34:00+00:00,0.6936,0.6936,0.6936,0.6936,1
2026-07-10 11:36:00+00:00,0.6935,0.6935,0.6935,0.6935,2
2026-07-10 11:38:00+00:00,0.6935,0.6935,0.6935,0.6935,4
2026-07-10 11:39:00+00:00,0.6935,0.6935,0.6935,0.6935,3
2026-07-10 11:40:00+00:00,0.6936,0.6936,0.6936,0.6936,1
2026-07-10 11:41:00+00:00,0.6937,0.6937,0.6937,0.6937,1
2026-07-10 11:53:00+00:00,0.6941,0.6941,0.6941,0.6941,9
2026-07-10 11:55:00+00:00,0.694,0.694,0.694,0.694,1
2026-07-10 11:56:00+00:00,0.6941,0.6941,0.6941,0.6941,5
2026-07-10 12:00:00+00:00,0.6942,0.6942,0.6942,0.6942,3
2026-07-10 12:02:00+00:00,0.6942,0.6942,0.6942,0.6942,2
2026-07-10 12:03:00+00:00,0.6939,0.6939,0.6939,0.6939,2
2026-07-10 12:13:00+00:00,0.6942,0.695,0.6942,0.695,235
2026-07-10 12:14:00+00:00,0.695,0.695,0.6946,0.6947,14
2026-07-10 12:15:00+00:00,0.6945,0.6945,0.6945,0.6945,2
2026-07-10 12:16:00+00:00,0.6945,0.6945,0.6944,0.6944,2
2026-07-10 12:17:00+00:00,0.6944,0.6944,0.6944,0.6944,5
2026-07-10 12:23:00+00:00,0.6943,0.6943,0.6943,0.6943,11
2026-07-10 12:26:00+00:00,0.6943,0.6943,0.6943,0.6943,1
2026-07-10 12:27:00+00:00,0.6942,0.6942,0.6942,0.6942,5
2026-07-10 12:29:00+00:00,0.6942,0.6942,0.6942,0.6942,2
2026-07-10 12:30:00+00:00,0.6942,0.6944,0.6942,0.6944,16
2026-07-10 12:31:00+00:00,0.6943,0.6943,0.6943,0.6943,3
2026-07-10 12:34:00+00:00,0.694,0.694,0.694,0.694,10
2026-07-10 12:36:00+00:00,0.694,0.694,0.6939,0.6939,7
2026-07-10 12:37:00+00:00,0.694,0.694,0.694,0.694,2
2026-07-10 12:38:00+00:00,0.694,0.694,0.694,0.694,1
2026-07-10 12:40:00+00:00,0.6941,0.6941,0.6941,0.6941,10
2026-07-10 12:41:00+00:00,0.694,0.694,0.694,0.694,2
2026-07-10 12:42:00+00:00,0.694,0.694,0.694,0.694,2
2026-07-10 12:44:00+00:00,0.6939,0.6939,0.6939,0.6939,3
2026-07-10 12:46:00+00:00,0.6939,0.6939,0.6938,0.6938,5
2026-07-10 12:49:00+00:00,0.6939,0.6939,0.6939,0.6939,1
2026-07-10 12:52:00+00:00,0.694,0.694,0.694,0.694,1
2026-07-10 12:53:00+00:00,0.6941,0.6941,0.6941,0.6941,5
2026-07-10 12:55:00+00:00,0.6939,0.6939,0.6939,0.6939,1
2026-07-10 12:56:00+00:00,0.694,0.694,0.694,0.694,1
2026-07-10 12:58:00+00:00,0.6941,0.6941,0.6941,0.6941,1
2026-07-10 12:59:00+00:00,0.6942,0.6942,0.6942,0.6942,4
2026-07-10 13:00:00+00:00,0.6942,0.6942,0.6942,0.6942,2
2026-07-10 13:02:00+00:00,0.6941,0.6941,0.6941,0.6941,1
2026-07-10 13:04:00+00:00,0.694,0.694,0.694,0.694,4
2026-07-10 13:07:00+00:00,0.694,0.694,0.694,0.694,1
2026-07-10 13:08:00+00:00,0.6939,0.6939,0.6938,0.6938,6
2026-07-10 13:14:00+00:00,0.6942,0.6942,0.6942,0.6942,6
2026-07-10 13:15:00+00:00,0.6935,0.6935,0.6935,0.6935,1
2026-07-10 13:15:00+00:00,0.6942,0.6943,0.6942,0.6943,2
2026-07-10 13:16:00+00:00,0.6943,0.6943,0.6943,0.6943,2
2026-07-10 13:18:00+00:00,0.6942,0.6942,0.6942,0.6942,4
2026-07-10 13:20:00+00:00,0.6943,0.6943,0.6943,0.6943,1
2026-07-10 13:24:00+00:00,0.6942,0.6942,0.6942,0.6942,3
2026-07-10 13:25:00+00:00,0.6941,0.6941,0.6941,0.6941,4
2026-07-10 13:26:00+00:00,0.6942,0.6942,0.6942,0.6942,7
2026-07-10 13:27:00+00:00,0.6942,0.6942,0.6942,0.6942,1
2026-07-10 13:30:00+00:00,0.6941,0.6941,0.6941,0.6941,1
2026-07-10 13:31:00+00:00,0.6942,0.6944,0.6942,0.6944,2
2026-07-10 13:33:00+00:00,0.6944,0.6944,0.6944,0.6944,2
2026-07-10 13:34:00+00:00,0.6943,0.6943,0.6943,0.6943,1
2026-07-10 13:37:00+00:00,0.6945,0.6945,0.6945,0.6945,3
2026-07-10 13:38:00+00:00,0.6945,0.6945,0.6945,0.6945,2
2026-07-10 13:40:00+00:00,0.6945,0.6945,0.6943,0.6943,3
2026-07-10 13:41:00+00:00,0.6944,0.6945,0.6944,0.6945,10
2026-07-10 13:44:00+00:00,0.6945,0.6945,0.6945,0.6945,1
2026-07-10 13:45:00+00:00,0.6944,0.6944,0.6943,0.6943,4
2026-07-10 13:46:00+00:00,0.6943,0.6943,0.6943,0.6943,10
2026-07-10 13:49:00+00:00,0.6943,0.6943,0.6943,0.6943,6
2026-07-10 13:51:00+00:00,0.6943,0.6943,0.6943,0.6943,3
2026-07-10 13:52:00+00:00,0.6944,0.6944,0.6944,0.6944,1
2026-07-10 13:53:00+00:00,0.6944,0.6944,0.6944,0.6944,5
2026-07-10 13:54:00+00:00,0.6944,0.6944,0.6943,0.6943,6
2026-07-10 13:55:00+00:00,0.6941,0.6941,0.6941,0.6941,2
2026-07-10 13:57:00+00:00,0.694,0.694,0.694,0.694,1
2026-07-10 13:58:00+00:00,0.694,0.694,0.694,0.694,2
2026-07-10 14:00:00+00:00,0.694,0.694,0.6939,0.6939,10
2026-07-10 14:01:00+00:00,0.694,0.694,0.694,0.694,4
2026-07-10 14:05:00+00:00,0.6939,0.6939,0.6939,0.6939,1
2026-07-10 14:06:00+00:00,0.6939,0.6939,0.6939,0.6939,1
2026-07-10 14:09:00+00:00,0.694,0.694,0.694,0.694,1
2026-07-10 14:10:00+00:00,0.694,0.694,0.694,0.694,5
2026-07-10 14:11:00+00:00,0.6939,0.6939,0.6939,0.6939,1
2026-07-10 14:13:00+00:00,0.694,0.694,0.694,0.694,7
2026-07-10 14:14:00+00:00,0.694,0.694,0.694,0.694,2
2026-07-10 14:17:00+00:00,0.694,0.694,0.694,0.694,1
2026-07-10 14:20:00+00:00,0.6942,0.6942,0.6942,0.6942,1
2026-07-10 14:21:00+00:00,0.6942,0.6942,0.6942,0.6942,1
2026-07-10 14:22:00+00:00,0.6942,0.6942,0.6942,0.6942,1
2026-07-10 14:23:00+00:00,0.6942,0.6942,0.6942,0.6942,6
2026-07-10 14:25:00+00:00,0.6941,0.6941,0.6941,0.6941,2
2026-07-10 14:26:00+00:00,0.6943,0.6943,0.6943,0.6943,2
2026-07-10 14:27:00+00:00,0.6943,0.6943,0.6943,0.6943,3
2026-07-10 14:32:00+00:00,0.6943,0.6943,0.6935,0.6935,220
2026-07-10 14:33:00+00:00,0.6935,0.6936,0.6928,0.6936,180
2026-07-10 14:34:00+00:00,0.6935,0.6937,0.6935,0.6936,28
2026-07-10 14:35:00+00:00,0.6937,0.6937,0.6936,0.6936,7
2026-07-10 14:36:00+00:00,0.6935,0.6938,0.6934,0.6938,96
2026-07-10 14:37:00+00:00,0.6937,0.6938,0.6937,0.6938,24
2026-07-10 14:38:00+00:00,0.6938,0.6941,0.6938,0.6939,17
2026-07-10 14:39:00+00:00,0.6938,0.6939,0.6938,0.6939,7
2026-07-10 14:40:00+00:00,0.6938,0.6938,0.6938,0.6938,2
2026-07-10 14:41:00+00:00,0.6938,0.6938,0.6938,0.6938,2
2026-07-10 14:42:00+00:00,0.6939,0.6939,0.6939,0.6939,3
2026-07-10 14:44:00+00:00,0.6938,0.6938,0.6938,0.6938,4
2026-07-10 14:45:00+00:00,0.6937,0.6938,0.6937,0.6938,2
2026-07-10 14:47:00+00:00,0.6938,0.6938,0.6938,0.6938,7
2026-07-10 14:49:00+00:00,0.694,0.694,0.694,0.694,1
2026-07-10 14:50:00+00:00,0.694,0.694,0.694,0.694,3
2026-07-10 14:52:00+00:00,0.6939,0.6939,0.6939,0.6939,3
2026-07-10 14:55:00+00:00,0.6939,0.6939,0.6939,0.6939,1
2026-07-10 14:56:00+00:00,0.6939,0.6939,0.6935,0.6935,18
2026-07-10 14:57:00+00:00,0.6935,0.6936,0.6935,0.6936,34
2026-07-10 14:59:00+00:00,0.6938,0.6938,0.6938,0.6938,1
2026-07-10 15:00:00+00:00,0.6937,0.6939,0.6937,0.6939,18
2026-07-10 15:01:00+00:00,0.6939,0.6939,0.6939,0.6939,1
2026-07-10 15:02:00+00:00,0.6938,0.6938,0.6938,0.6938,1
2026-07-10 15:04:00+00:00,0.6938,0.6938,0.6938,0.6938,1
2026-07-10 15:05:00+00:00,0.6939,0.6939,0.6939,0.6939,10
2026-07-10 15:07:00+00:00,0.6939,0.6939,0.6939,0.6939,7
2026-07-10 15:08:00+00:00,0.694,0.694,0.694,0.694,3
2026-07-10 15:09:00+00:00,0.6941,0.6942,0.6941,0.6942,14
2026-07-10 15:10:00+00:00,0.6941,0.6941,0.6941,0.6941,14
2026-07-10 15:11:00+00:00,0.6941,0.6942,0.6941,0.6942,4
2026-07-10 15:13:00+00:00,0.6942,0.6942,0.6942,0.6942,6
2026-07-10 15:15:00+00:00,0.6943,0.6945,0.6943,0.6945,43
2026-07-10 15:16:00+00:00,0.6946,0.6948,0.6946,0.6947,184
2026-07-10 15:17:00+00:00,0.6946,0.6946,0.6946,0.6946,1
2026-07-10 15:19:00+00:00,0.6948,0.6948,0.6948,0.6948,9
2026-07-10 15:20:00+00:00,0.6947,0.6948,0.6947,0.6948,48
2026-07-10 15:21:00+00:00,0.6949,0.6949,0.6948,0.6948,3
2026-07-10 15:22:00+00:00,0.6948,0.6948,0.6948,0.6948,8
2026-07-10 15:23:00+00:00,0.695,0.6951,0.695,0.6951,13
2026-07-10 15:24:00+00:00,0.6949,0.6949,0.6949,0.6949,8
2026-07-10 15:26:00+00:00,0.6949,0.6949,0.6949,0.6949,5
2026-07-10 15:27:00+00:00,0.695,0.695,0.695,0.695,1
2026-07-10 15:29:00+00:00,0.6948,0.6948,0.6948,0.6948,2
2026-07-10 15:30:00+00:00,0.695,0.695,0.695,0.695,1
2026-07-10 15:32:00+00:00,0.6948,0.6948,0.6948,0.6948,3
2026-07-10 15:34:00+00:00,0.6949,0.6949,0.6948,0.6948,10
2026-07-10 15:37:00+00:00,0.6935,0.6935,0.6935,0.6935,1
2026-07-10 15:37:00+00:00,0.6947,0.6947,0.6947,0.6947,1
2026-07-10 15:38:00+00:00,0.6948,0.6948,0.6948,0.6948,1
2026-07-10 15:46:00+00:00,0.6947,0.6947,0.6947,0.6947,1
2026-07-10 15:49:00+00:00,0.6948,0.6948,0.6948,0.6948,2
2026-07-10 15:52:00+00:00,0.6949,0.6949,0.6949,0.6949,3
2026-07-10 15:53:00+00:00,0.6949,0.6949,0.6949,0.6949,1
2026-07-10 15:55:00+00:00,0.695,0.695,0.695,0.695,1
2026-07-10 15:57:00+00:00,0.695,0.695,0.695,0.695,4
2026-07-10 15:58:00+00:00,0.6951,0.6951,0.6951,0.6951,5
2026-07-10 16:00:00+00:00,0.6951,0.6951,0.6951,0.6951,2
2026-07-10 16:01:00+00:00,0.6952,0.6953,0.6952,0.6952,10
2026-07-10 16:03:00+00:00,0.6953,0.6953,0.6953,0.6953,10
2026-07-10 16:04:00+00:00,0.6953,0.6953,0.6953,0.6953,6
2026-07-10 16:05:00+00:00,0.6952,0.6952,0.6952,0.6952,1
2026-07-10 16:06:00+00:00,0.6951,0.6951,0.6951,0.6951,12
2026-07-10 16:07:00+00:00,0.6952,0.6952,0.6952,0.6952,1
2026-07-10 16:08:00+00:00,0.6953,0.6953,0.6953,0.6953,1
2026-07-10 16:10:00+00:00,0.6954,0.6955,0.6954,0.6955,5
2026-07-10 16:11:00+00:00,0.6955,0.6955,0.6954,0.6954,23
2026-07-10 16:12:00+00:00,0.6954,0.6954,0.6954,0.6954,2
2026-07-10 16:15:00+00:00,0.6956,0.6956,0.6956,0.6956,2
2026-07-10 16:16:00+00:00,0.6957,0.6957,0.6957,0.6957,13
2026-07-10 16:17:00+00:00,0.6956,0.6956,0.6956,0.6956,1
2026-07-10 16:19:00+00:00,0.6955,0.6955,0.6955,0.6955,1
2026-07-10 16:21:00+00:00,0.6953,0.6953,0.6953,0.6953,1
2026-07-10 16:23:00+00:00,0.6954,0.6954,0.6954,0.6954,1
2026-07-10 16:24:00+00:00,0.6954,0.6954,0.6954,0.6954,1
2026-07-10 16:26:00+00:00,0.6955,0.6955,0.6955,0.6955,2
2026-07-10 16:27:00+00:00,0.6957,0.6957,0.6956,0.6956,4
2026-07-10 16:32:00+00:00,0.6956,0.6956,0.6956,0.6956,2
2026-07-10 16:34:00+00:00,0.6956,0.6956,0.6956,0.6956,1
2026-07-10 16:36:00+00:00,0.6957,0.6957,0.6957,0.6957,1
2026-07-10 16:38:00+00:00,0.6955,0.6955,0.6955,0.6955,5
2026-07-10 16:44:00+00:00,0.6955,0.6955,0.6955,0.6955,1
2026-07-10 16:45:00+00:00,0.6955,0.6955,0.6955,0.6955,1
2026-07-10 16:46:00+00:00,0.6955,0.6955,0.6955,0.6955,1
2026-07-10 16:50:00+00:00,0.6955,0.6955,0.6955,0.6955,9
2026-07-10 16:52:00+00:00,0.6954,0.6954,0.6954,0.6954,1
2026-07-10 16:54:00+00:00,0.6953,0.6953,0.6953,0.6953,7
2026-07-10 16:56:00+00:00,0.6952,0.6952,0.6952,0.6952,2
2026-07-10 16:57:00+00:00,0.6953,0.6953,0.6953,0.6953,7
2026-07-10 16:58:00+00:00,0.6953,0.6953,0.6953,0.6953,1
2026-07-10 16:59:00+00:00,0.6952,0.6952,0.695,0.695,5
2026-07-10 17:00:00+00:00,0.6951,0.6951,0.6951,0.6951,3
2026-07-10 17:03:00+00:00,0.695,0.695,0.695,0.695,1
2026-07-10 17:04:00+00:00,0.6951,0.6951,0.6951,0.6951,5
2026-07-10 17:06:00+00:00,0.6951,0.6951,0.6951,0.6951,1
2026-07-10 17:07:00+00:00,0.695,0.6951,0.695,0.695,21
2026-07-10 17:09:00+00:00,0.6949,0.6949,0.6949,0.6949,1
2026-07-10 17:10:00+00:00,0.6949,0.695,0.6949,0.695,3
2026-07-10 17:14:00+00:00,0.695,0.695,0.695,0.695,2
2026-07-10 17:19:00+00:00,0.6949,0.6949,0.6949,0.6949,3
2026-07-10 17:20:00+00:00,0.6949,0.6949,0.6949,0.6949,1
2026-07-10 17:27:00+00:00,0.6949,0.6949,0.6949,0.6949,5
2026-07-10 17:30:00+00:00,0.695,0.695,0.695,0.695,1
2026-07-10 17:31:00+00:00,0.6937,0.6937,0.6937,0.6937,1
2026-07-10 17:31:00+00:00,0.6949,0.6949,0.6949,0.6949,1
2026-07-10 17:35:00+00:00,0.6949,0.6949,0.6949,0.6949,1
2026-07-10 17:36:00+00:00,0.6949,0.6949,0.6948,0.6948,18
2026-07-10 17:37:00+00:00,0.6948,0.6948,0.6948,0.6948,1
2026-07-10 17:40:00+00:00,0.6947,0.6947,0.6947,0.6947,8
2026-07-10 17:43:00+00:00,0.6948,0.6948,0.6948,0.6948,3
2026-07-10 17:47:00+00:00,0.6949,0.6949,0.6949,0.6949,5
2026-07-10 17:48:00+00:00,0.6949,0.6949,0.6949,0.6949,1
2026-07-10 17:55:00+00:00,0.6946,0.6946,0.6946,0.6946,4
2026-07-10 17:56:00+00:00,0.6946,0.6946,0.6946,0.6946,4
2026-07-10 17:57:00+00:00,0.6946,0.6946,0.6945,0.6945,27
2026-07-10 18:01:00+00:00,0.6945,0.6945,0.6945,0.6945,3
2026-07-10 18:08:00+00:00,0.6945,0.6945,0.6945,0.6945,1
2026-07-10 18:10:00+00:00,0.6945,0.6946,0.6945,0.6946,36
2026-07-10 18:11:00+00:00,0.6946,0.6946,0.6946,0.6946,6
2026-07-10 18:17:00+00:00,0.6945,0.6945,0.6945,0.6945,1
2026-07-10 18:21:00+00:00,0.6944,0.6944,0.6943,0.6944,14
2026-07-10 18:23:00+00:00,0.6944,0.6944,0.6944,0.6944,5
2026-07-10 18:24:00+00:00,0.6944,0.6944,0.6944,0.6944,1
2026-07-10 18:25:00+00:00,0.6945,0.6945,0.6944,0.6944,10
2026-07-10 18:27:00+00:00,0.6944,0.6944,0.6944,0.6944,2
2026-07-10 18:28:00+00:00,0.6944,0.6944,0.6944,0.6944,1
2026-07-10 18:29:00+00:00,0.6944,0.6944,0.6944,0.6944,5
2026-07-10 18:30:00+00:00,0.6945,0.6946,0.6944,0.6944,10
2026-07-10 18:31:00+00:00,0.6945,0.6945,0.6945,0.6945,1
2026-07-10 18:34:00+00:00,0.6945,0.6945,0.6945,0.6945,1
2026-07-10 18:39:00+00:00,0.6946,0.6946,0.6946,0.6946,5
2026-07-10 18:43:00+00:00,0.6944,0.6944,0.6944,0.6944,7
2026-07-10 18:46:00+00:00,0.6944,0.6944,0.6944,0.6944,1
2026-07-10 18:47:00+00:00,0.6944,0.6944,0.6944,0.6944,1
2026-07-10 18:48:00+00:00,0.6945,0.6945,0.6945,0.6945,2
2026-07-10 18:49:00+00:00,0.6944,0.6945,0.6944,0.6945,2
2026-07-10 18:51:00+00:00,0.6945,0.6945,0.6945,0.6945,1
2026-07-10 18:52:00+00:00,0.6944,0.6945,0.6944,0.6945,2
2026-07-10 18:53:00+00:00,0.6944,0.6944,0.6944,0.6944,1
2026-07-10 18:54:00+00:00,0.6945,0.6945,0.6945,0.6945,1
2026-07-10 18:55:00+00:00,0.6946,0.6946,0.6946,0.6946,1
2026-07-10 18:56:00+00:00,0.6945,0.6945,0.6945,0.6945,1
2026-07-10 18:59:00+00:00,0.6945,0.6945,0.6945,0.6945,4
2026-07-10 19:02:00+00:00,0.6944,0.6944,0.6944,0.6944,1
2026-07-10 19:05:00+00:00,0.6943,0.6943,0.6943,0.6943,3
2026-07-10 19:06:00+00:00,0.6943,0.6943,0.6943,0.6943,2
2026-07-10 19:07:00+00:00,0.6943,0.6944,0.6943,0.6944,5
2026-07-10 19:16:00+00:00,0.6944,0.6944,0.6944,0.6944,16
2026-07-10 19:18:00+00:00,0.6945,0.6945,0.6945,0.6945,4
2026-07-10 19:20:00+00:00,0.6944,0.6944,0.6944,0.6944,1
2026-07-10 19:22:00+00:00,0.6943,0.6943,0.6943,0.6943,1
2026-07-10 19:23:00+00:00,0.6944,0.6944,0.6944,0.6944,2
2026-07-10 19:28:00+00:00,0.6944,0.6944,0.6944,0.6944,1
2026-07-10 19:30:00+00:00,0.6944,0.6944,0.6944,0.6944,1
2026-07-10 19:32:00+00:00,0.6944,0.6945,0.6944,0.6945,16
2026-07-10 19:33:00+00:00,0.6945,0.6945,0.6944,0.6944,7
2026-07-10 19:42:00+00:00,0.6944,0.6944,0.6944,0.6944,1
2026-07-10 19:43:00+00:00,0.6944,0.6944,0.6944,0.6944,5
2026-07-10 19:45:00+00:00,0.6943,0.6943,0.6943,0.6943,1
2026-07-10 19:59:00+00:00,0.6945,0.6945,0.6945,0.6945,2
2026-07-10 20:00:00+00:00,0.6945,0.6945,0.6945,0.6945,1
2026-07-10 20:05:00+00:00,0.6946,0.6946,0.6946,0.6946,5
2026-07-10 20:06:00+00:00,0.6945,0.6945,0.6945,0.6945,2
2026-07-10 20:07:00+00:00,0.6945,0.6945,0.6945,0.6945,2
2026-07-10 20:12:00+00:00,0.6945,0.6945,0.6945,0.6945,11
2026-07-10 20:20:00+00:00,0.6946,0.6946,0.6946,0.6946,1
2026-07-10 20:23:00+00:00,0.6945,0.6945,0.6945,0.6945,1
2026-07-10 20:28:00+00:00,0.6945,0.6945,0.6945,0.6945,3
2026-07-10 20:30:00+00:00,0.6945,0.6946,0.6944,0.6944,47
2026-07-10 20:31:00+00:00,0.6944,0.6944,0.6944,0.6944,6
2026-07-10 20:34:00+00:00,0.6944,0.6944,0.6944,0.6944,1
2026-07-10 20:36:00+00:00,0.6943,0.6943,0.6942,0.6942,12
2026-07-10 20:38:00+00:00,0.6942,0.6942,0.6942,0.6942,1
2026-07-10 20:40:00+00:00,0.6944,0.6944,0.6943,0.6943,18
2026-07-10 20:41:00+00:00,0.6943,0.6944,0.6943,0.6944,99
2026-07-10 20:42:00+00:00,0.6944,0.6944,0.6944,0.6944,54
2026-07-10 20:45:00+00:00,0.6944,0.6945,0.6944,0.6945,24
2026-07-10 20:46:00+00:00,0.6945,0.6945,0.6945,0.6945,5
2026-07-10 20:49:00+00:00,0.6945,0.6945,0.6945,0.6945,2
2026-07-10 20:50:00+00:00,0.6946,0.6946,0.6946,0.6946,5
2026-07-10 20:55:00+00:00,0.6945,0.6945,0.6945,0.6945,7
2026-07-10 20:58:00+00:00,0.6946,0.6946,0.6945,0.6945,3
2026-07-10 20:59:00+00:00,0.6945,0.6951,0.6945,0.6946,20
2026-07-12 22:00:00+00:00,0.693,0.6936,0.693,0.6935,34
2026-07-12 22:01:00+00:00,0.6936,0.6936,0.6935,0.6935,11
2026-07-12 22:02:00+00:00,0.6932,0.6932,0.693,0.693,15
2026-07-12 22:03:00+00:00,0.6928,0.693,0.6928,0.6929,8
2026-07-12 22:04:00+00:00,0.693,0.693,0.693,0.693,6
2026-07-12 22:05:00+00:00,0.693,0.693,0.6928,0.6928,6
2026-07-12 22:06:00+00:00,0.6929,0.6929,0.6928,0.6928,7
2026-07-12 22:07:00+00:00,0.6927,0.6927,0.6922,0.6926,54
2026-07-12 22:08:00+00:00,0.6925,0.6929,0.6924,0.6929,16
2026-07-12 22:09:00+00:00,0.6928,0.693,0.6927,0.693,29
2026-07-12 22:10:00+00:00,0.6929,0.6929,0.6929,0.6929,9
2026-07-12 22:11:00+00:00,0.6929,0.6929,0.6929,0.6929,10
2026-07-12 22:12:00+00:00,0.6928,0.6928,0.6928,0.6928,34
2026-07-12 22:14:00+00:00,0.6927,0.6927,0.6927,0.6927,1
2026-07-12 22:15:00+00:00,0.6925,0.6925,0.6925,0.6925,42
2026-07-12 22:16:00+00:00,0.6926,0.6926,0.6926,0.6926,1
2026-07-12 22:17:00+00:00,0.6927,0.6927,0.6926,0.6926,8
2026-07-12 22:19:00+00:00,0.6927,0.6927,0.6927,0.6927,1
2026-07-12 22:20:00+00:00,0.6928,0.6928,0.6928,0.6928,2
2026-07-12 22:21:00+00:00,0.6928,0.6928,0.6928,0.6928,3
2026-07-12 22:23:00+00:00,0.6928,0.6928,0.6928,0.6928,3
2026-07-12 22:24:00+00:00,0.6928,0.6928,0.6928,0.6928,1
2026-07-12 22:28:00+00:00,0.6929,0.6929,0.6929,0.6929,1
2026-07-12 22:30:00+00:00,0.693,0.6931,0.693,0.6931,4
2026-07-12 22:31:00+00:00,0.6931,0.6932,0.693,0.6932,18
2026-07-12 22:37:00+00:00,0.693,0.693,0.693,0.693,1
2026-07-12 22:38:00+00:00,0.693,0.693,0.693,0.693,21
2026-07-12 22:39:00+00:00,0.693,0.693,0.6929,0.6929,7
2026-07-12 22:40:00+00:00,0.6929,0.6929,0.6929,0.6929,1
2026-07-12 22:41:00+00:00,0.6929,0.6929,0.6929,0.6929,14
2026-07-12 22:42:00+00:00,0.6929,0.6929,0.6929,0.6929,6
2026-07-12 22:46:00+00:00,0.693,0.693,0.693,0.693,2
2026-07-12 22:48:00+00:00,0.693,0.693,0.693,0.693,2
2026-07-12 22:49:00+00:00,0.693,0.693,0.693,0.693,5
2026-07-12 22:52:00+00:00,0.6931,0.6932,0.6931,0.6932,4
2026-07-12 22:53:00+00:00,0.6931,0.6931,0.6929,0.6929,12
2026-07-12 22:54:00+00:00,0.6929,0.693,0.6929,0.693,5
2026-07-12 22:55:00+00:00,0.693,0.6931,0.693,0.6931,20
2026-07-12 23:00:00+00:00,0.693,0.693,0.693,0.693,1
2026-07-12 23:01:00+00:00,0.693,0.693,0.6929,0.6929,5
2026-07-12 23:04:00+00:00,0.693,0.693,0.693,0.693,1
2026-07-12 23:05:00+00:00,0.6929,0.6929,0.6929,0.6929,1
2026-07-12 23:06:00+00:00,0.693,0.693,0.693,0.693,1
2026-07-12 23:10:00+00:00,0.6931,0.6932,0.6931,0.6932,3
2026-07-12 23:11:00+00:00,0.693,0.693,0.693,0.693,1
2026-07-12 23:15:00+00:00,0.6932,0.6932,0.6932,0.6932,2
2026-07-12 23:18:00+00:00,0.6932,0.6932,0.6932,0.6932,4
2026-07-12 23:20:00+00:00,0.6932,0.6932,0.6932,0.6932,1
2026-07-12 23:21:00+00:00,0.6932,0.6932,0.6932,0.6932,1
2026-07-12 23:27:00+00:00,0.6932,0.6933,0.6932,0.6933,5
2026-07-12 23:32:00+00:00,0.6932,0.6932,0.6932,0.6932,3
2026-07-12 23:33:00+00:00,0.6932,0.6932,0.6931,0.6931,13
2026-07-12 23:34:00+00:00,0.6931,0.6931,0.6931,0.6931,4
2026-07-12 23:35:00+00:00,0.6931,0.6931,0.6931,0.6931,4
2026-07-12 23:41:00+00:00,0.6932,0.6932,0.6932,0.6932,3
2026-07-12 23:42:00+00:00,0.6933,0.6933,0.6933,0.6933,2
2026-07-12 23:43:00+00:00,0.6932,0.6932,0.6931,0.6931,3
2026-07-12 23:45:00+00:00,0.6932,0.6932,0.6932,0.6932,1
2026-07-12 23:46:00+00:00,0.6932,0.6933,0.6932,0.6933,15
2026-07-12 23:48:00+00:00,0.6932,0.6932,0.6932,0.6932,1
2026-07-12 23:49:00+00:00,0.6931,0.6931,0.6931,0.6931,3
2026-07-12 23:55:00+00:00,0.6931,0.6931,0.6931,0.6931,1
2026-07-12 23:57:00+00:00,0.6932,0.6932,0.6932,0.6932,1
2026-07-12 23:58:00+00:00,0.6934,0.6934,0.6934,0.6934,8
2026-07-12 23:59:00+00:00,0.6934,0.6934,0.6934,0.6934,2
2026-07-13 00:00:00+00:00,0.6934,0.6934,0.6934,0.6934,4
2026-07-13 00:02:00+00:00,0.6934,0.6934,0.6934,0.6934,3
2026-07-13 00:04:00+00:00,0.6935,0.6935,0.6934,0.6934,3
2026-07-13 00:05:00+00:00,0.6934,0.6934,0.6934,0.6934,4
2026-07-13 00:06:00+00:00,0.6935,0.6935,0.6935,0.6935,4
2026-07-13 00:07:00+00:00,0.6935,0.6935,0.6935,0.6935,3
2026-07-13 00:08:00+00:00,0.6935,0.6935,0.6935,0.6935,1
2026-07-13 00:09:00+00:00,0.6935,0.6935,0.6935,0.6935,3
2026-07-13 00:10:00+00:00,0.6936,0.6937,0.6935,0.6935,9
2026-07-13 00:11:00+00:00,0.6936,0.6936,0.6935,0.6935,4
2026-07-13 00:12:00+00:00,0.6935,0.6935,0.6935,0.6935,2
2026-07-13 00:15:00+00:00,0.6935,0.6935,0.6935,0.6935,1
2026-07-13 00:16:00+00:00,0.6933,0.6933,0.6933,0.6933,4
2026-07-13 00:17:00+00:00,0.6933,0.6933,0.6933,0.6933,1
2026-07-13 00:18:00+00:00,0.6932,0.6932,0.6931,0.6931,14
2026-07-13 00:19:00+00:00,0.6932,0.6932,0.6932,0.6932,20
2026-07-13 00:21:00+00:00,0.6934,0.6934,0.6934,0.6934,1
2026-07-13 00:23:00+00:00,0.6934,0.6935,0.6934,0.6935,2
2026-07-13 00:25:00+00:00,0.6934,0.6934,0.6934,0.6934,1
2026-07-13 00:26:00+00:00,0.6934,0.6934,0.6933,0.6933,5
2026-07-13 00:28:00+00:00,0.6933,0.6933,0.6933,0.6933,1
2026-07-13 00:33:00+00:00,0.6932,0.6932,0.6932,0.6932,4
2026-07-13 00:34:00+00:00,0.6931,0.6931,0.6929,0.6929,41
2026-07-13 00:37:00+00:00,0.6929,0.6929,0.6929,0.6929,2
2026-07-13 00:38:00+00:00,0.6929,0.6929,0.6929,0.6929,4
2026-07-13 00:39:00+00:00,0.6927,0.6927,0.6927,0.6927,3
2026-07-13 00:40:00+00:00,0.6928,0.6928,0.6928,0.6928,5
2026-07-13 00:41:00+00:00,0.6929,0.6929,0.6929,0.6929,2
2026-07-13 00:44:00+00:00,0.6929,0.6929,0.6929,0.6929,1
2026-07-13 00:46:00+00:00,0.6931,0.6931,0.6931,0.6931,1
2026-07-13 00:47:00+00:00,0.693,0.693,0.693,0.693,1
2026-07-13 00:48:00+00:00,0.6929,0.6929,0.6929,0.6929,1
2026-07-13 00:49:00+00:00,0.6928,0.6928,0.6926,0.6926,5
2026-07-13 00:50:00+00:00,0.6927,0.6927,0.6927,0.6927,5
2026-07-13 00:51:00+00:00,0.6928,0.6928,0.6928,0.6928,6
2026-07-13 00:52:00+00:00,0.6926,0.6926,0.6926,0.6926,6
2026-07-13 00:53:00+00:00,0.6926,0.6926,0.6926,0.6926,1
2026-07-13 00:55:00+00:00,0.6926,0.6927,0.6926,0.6927,6
2026-07-13 00:56:00+00:00,0.6926,0.6926,0.6926,0.6926,6
2026-07-13 00:57:00+00:00,0.6926,0.6926,0.6926,0.6926,2
2026-07-13 00:59:00+00:00,0.6927,0.6927,0.6926,0.6926,3
2026-07-13 01:00:00+00:00,0.6925,0.6925,0.6924,0.6924,11
2026-07-13 01:01:00+00:00,0.6924,0.6924,0.6924,0.6924,1
2026-07-13 01:03:00+00:00,0.6924,0.6924,0.6924,0.6924,1
2026-07-13 01:04:00+00:00,0.6924,0.6924,0.6922,0.6922,14
2026-07-13 01:05:00+00:00,0.6923,0.6924,0.6923,0.6923,7
2026-07-13 01:06:00+00:00,0.6923,0.6923,0.6923,0.6923,1
2026-07-13 01:07:00+00:00,0.6923,0.6923,0.6923,0.6923,3
2026-07-13 01:08:00+00:00,0.6923,0.6923,0.6923,0.6923,1
2026-07-13 01:09:00+00:00,0.6924,0.6924,0.6922,0.6922,2
2026-07-13 01:10:00+00:00,0.6921,0.6922,0.6921,0.6922,7
2026-07-13 01:11:00+00:00,0.6923,0.6923,0.6923,0.6923,4
2026-07-13 01:12:00+00:00,0.6923,0.6924,0.6923,0.6924,40
2026-07-13 01:14:00+00:00,0.6924,0.6924,0.6924,0.6924,1
2026-07-13 01:15:00+00:00,0.6924,0.6925,0.6924,0.6925,2
2026-07-13 01:18:00+00:00,0.6926,0.6927,0.6926,0.6927,7
2026-07-13 01:19:00+00:00,0.6927,0.6927,0.6927,0.6927,5
2026-07-13 01:21:00+00:00,0.6926,0.6926,0.6926,0.6926,5
2026-07-13 01:22:00+00:00,0.6925,0.6925,0.6925,0.6925,1
2026-07-13 01:23:00+00:00,0.6925,0.6925,0.6924,0.6924,4
2026-07-13 01:24:00+00:00,0.6922,0.6922,0.6921,0.6921,15
2026-07-13 01:25:00+00:00,0.6924,0.6924,0.6924,0.6924,3
2026-07-13 01:27:00+00:00,0.6925,0.6925,0.6924,0.6924,5
2026-07-13 01:31:00+00:00,0.6926,0.6926,0.6926,0.6926,3
2026-07-13 01:34:00+00:00,0.6925,0.6925,0.6925,0.6925,1
2026-07-13 01:38:00+00:00,0.6928,0.6928,0.6928,0.6928,6
2026-07-13 01:44:00+00:00,0.6927,0.6927,0.6927,0.6927,1
2026-07-13 01:46:00+00:00,0.6929,0.6929,0.6929,0.6929,2
2026-07-13 01:50:00+00:00,0.6929,0.6929,0.6929,0.6929,1
2026-07-13 01:55:00+00:00,0.6927,0.6927,0.6926,0.6926,28
2026-07-13 01:56:00+00:00,0.6926,0.6926,0.6926,0.6926,1
2026-07-13 01:58:00+00:00,0.6926,0.6926,0.6926,0.6926,1
2026-07-13 02:00:00+00:00,0.6928,0.6928,0.6928,0.6928,9
2026-07-13 02:04:00+00:00,0.6926,0.6926,0.6925,0.6925,3
2026-07-13 02:08:00+00:00,0.6925,0.6925,0.6925,0.6925,1
2026-07-13 02:11:00+00:00,0.6927,0.6927,0.6927,0.6927,4
2026-07-13 02:15:00+00:00,0.6926,0.6926,0.6926,0.6926,1
2026-07-13 02:17:00+00:00,0.6927,0.6927,0.6927,0.6927,2
2026-07-13 02:18:00+00:00,0.6927,0.6927,0.6927,0.6927,4
2026-07-13 02:20:00+00:00,0.6928,0.6929,0.6928,0.6929,6
2026-07-13 02:21:00+00:00,0.6929,0.6929,0.6929,0.6929,2
2026-07-13 02:22:00+00:00,0.6929,0.6929,0.6929,0.6929,1
2026-07-13 02:25:00+00:00,0.693,0.693,0.693,0.693,2
2026-07-13 02:27:00+00:00,0.693,0.693,0.693,0.693,1
2026-07-13 02:31:00+00:00,0.6929,0.6929,0.6929,0.6929,1
2026-07-13 02:32:00+00:00,0.6928,0.6928,0.6928,0.6928,1
2026-07-13 02:33:00+00:00,0.693,0.693,0.693,0.693,1
2026-07-13 02:39:00+00:00,0.693,0.693,0.693,0.693,1
2026-07-13 02:44:00+00:00,0.693,0.693,0.693,0.693,2
2026-07-13 02:45:00+00:00,0.693,0.693,0.6929,0.6929,2
2026-07-13 02:46:00+00:00,0.6929,0.6929,0.6929,0.6929,5
2026-07-13 02:47:00+00:00,0.6928,0.6928,0.6928,0.6928,2
2026-07-13 02:48:00+00:00,0.6928,0.6928,0.6928,0.6928,2
2026-07-13 02:53:00+00:00,0.6926,0.6926,0.6926,0.6926,2
2026-07-13 02:54:00+00:00,0.6927,0.6927,0.6927,0.6927,1
2026-07-13 02:57:00+00:00,0.6925,0.6925,0.6925,0.6925,1
2026-07-13 02:59:00+00:00,0.6924,0.6924,0.6923,0.6923,7
2026-07-13 03:02:00+00:00,0.6923,0.6923,0.6923,0.6923,2
2026-07-13 03:03:00+00:00,0.6922,0.6922,0.6922,0.6922,1
2026-07-13 03:04:00+00:00,0.6922,0.6922,0.6922,0.6922,26
2026-07-13 03:05:00+00:00,0.6921,0.6921,0.692,0.692,14
2026-07-13 03:06:00+00:00,0.6921,0.6921,0.6921,0.6921,1
2026-07-13 03:08:00+00:00,0.6921,0.6921,0.6921,0.6921,1
2026-07-13 03:09:00+00:00,0.6919,0.6919,0.6918,0.6918,8
2026-07-13 03:10:00+00:00,0.6919,0.6919,0.6917,0.6917,29
2026-07-13 03:12:00+00:00,0.6917,0.6917,0.6917,0.6917,4
2026-07-13 03:13:00+00:00,0.6918,0.6918,0.6918,0.6918,2
2026-07-13 03:14:00+00:00,0.6919,0.6919,0.6919,0.6919,2
2026-07-13 03:16:00+00:00,0.692,0.692,0.692,0.692,2
2026-07-13 03:18:00+00:00,0.6919,0.6919,0.6919,0.6919,5
2026-07-13 03:19:00+00:00,0.6918,0.6918,0.6918,0.6918,4
2026-07-13 03:20:00+00:00,0.6919,0.6919,0.6919,0.6919,1
2026-07-13 03:22:00+00:00,0.6919,0.6919,0.6919,0.6919,5
2026-07-13 03:23:00+00:00,0.6919,0.6919,0.6919,0.6919,50
2026-07-13 03:24:00+00:00,0.692,0.6921,0.692,0.692,6
2026-07-13 03:25:00+00:00,0.692,0.692,0.692,0.692,28
2026-07-13 03:26:00+00:00,0.692,0.692,0.692,0.692,1
2026-07-13 03:28:00+00:00,0.692,0.692,0.692,0.692,1
2026-07-13 03:30:00+00:00,0.6922,0.6922,0.6922,0.6922,2
2026-07-13 03:34:00+00:00,0.6919,0.692,0.6919,0.692,5
2026-07-13 03:41:00+00:00,0.6921,0.6921,0.6921,0.6921,4
2026-07-13 03:43:00+00:00,0.6922,0.6922,0.6922,0.6922,1
2026-07-13 03:44:00+00:00,0.6921,0.6921,0.6921,0.6921,5
2026-07-13 03:49:00+00:00,0.6922,0.6922,0.6922,0.6922,10
2026-07-13 03:50:00+00:00,0.6922,0.6922,0.6922,0.6922,2
2026-07-13 03:51:00+00:00,0.6922,0.6922,0.6922,0.6922,4
2026-07-13 03:52:00+00:00,0.6922,0.6922,0.6922,0.6922,1
2026-07-13 03:53:00+00:00,0.6921,0.6921,0.6921,0.6921,1
2026-07-13 03:56:00+00:00,0.6921,0.6922,0.6921,0.6922,2
2026-07-13 04:00:00+00:00,0.6922,0.6922,0.6922,0.6922,1
2026-07-13 04:03:00+00:00,0.6919,0.6919,0.6919,0.6919,1
2026-07-13 04:10:00+00:00,0.6918,0.6918,0.6918,0.6918,1
2026-07-13 04:12:00+00:00,0.6918,0.6918,0.6918,0.6918,1
2026-07-13 04:16:00+00:00,0.6918,0.6918,0.6918,0.6918,1
2026-07-13 04:19:00+00:00,0.6921,0.6921,0.6921,0.6921,1
2026-07-13 04:20:00+00:00,0.692,0.6922,0.692,0.6922,3
2026-07-13 04:21:00+00:00,0.6921,0.6921,0.6921,0.6921,1
2026-07-13 04:23:00+00:00,0.6922,0.6922,0.6922,0.6922,2
2026-07-13 04:28:00+00:00,0.6921,0.6921,0.6921,0.6921,1
2026-07-13 04:31:00+00:00,0.6923,0.6924,0.6923,0.6924,2
2026-07-13 04:33:00+00:00,0.6924,0.6924,0.6924,0.6924,3
2026-07-13 04:36:00+00:00,0.6922,0.6922,0.6922,0.6922,1
2026-07-13 04:43:00+00:00,0.6923,0.6923,0.6923,0.6923,2
2026-07-13 04:53:00+00:00,0.6925,0.6925,0.6925,0.6925,2
2026-07-13 04:55:00+00:00,0.6925,0.6925,0.6925,0.6925,1
2026-07-13 04:57:00+00:00,0.6925,0.6925,0.6925,0.6925,1
2026-07-13 05:00:00+00:00,0.6925,0.6925,0.6925,0.6925,2
2026-07-13 05:01:00+00:00,0.6924,0.6924,0.6924,0.6924,2
2026-07-13 05:02:00+00:00,0.6926,0.6927,0.6926,0.6927,4
2026-07-13 05:05:00+00:00,0.6927,0.6927,0.6927,0.6927,33
2026-07-13 05:07:00+00:00,0.6928,0.6929,0.6928,0.6929,5
2026-07-13 05:08:00+00:00,0.6929,0.693,0.6929,0.693,33
2026-07-13 05:09:00+00:00,0.6929,0.6929,0.6929,0.6929,9
2026-07-13 05:10:00+00:00,0.6929,0.6929,0.6929,0.6929,6
2026-07-13 05:12:00+00:00,0.693,0.693,0.693,0.693,9
2026-07-13 05:13:00+00:00,0.6931,0.6931,0.6931,0.6931,10
2026-07-13 05:14:00+00:00,0.693,0.693,0.693,0.693,6
2026-07-13 05:18:00+00:00,0.6928,0.6928,0.6928,0.6928,3
2026-07-13 05:20:00+00:00,0.6926,0.6926,0.6926,0.6926,1
2026-07-13 05:21:00+00:00,0.6926,0.6926,0.6926,0.6926,21
2026-07-13 05:23:00+00:00,0.6924,0.6924,0.6924,0.6924,2
2026-07-13 05:24:00+00:00,0.6923,0.6923,0.6922,0.6922,5
2026-07-13 05:25:00+00:00,0.6923,0.6923,0.6922,0.6922,5
2026-07-13 05:26:00+00:00,0.6922,0.6922,0.6922,0.6922,1
2026-07-13 05:27:00+00:00,0.6921,0.6921,0.6921,0.6921,5
2026-07-13 05:29:00+00:00,0.692,0.692,0.692,0.692,3
2026-07-13 05:30:00+00:00,0.6919,0.6919,0.6918,0.6918,9
2026-07-13 05:33:00+00:00,0.6921,0.6921,0.6921,0.6921,2
2026-07-13 05:34:00+00:00,0.6922,0.6922,0.6922,0.6922,2
2026-07-13 05:35:00+00:00,0.6924,0.6924,0.6924,0.6924,5
2026-07-13 05:36:00+00:00,0.6925,0.6925,0.6924,0.6924,7
2026-07-13 05:37:00+00:00,0.6924,0.6924,0.6924,0.6924,8
2026-07-13 05:43:00+00:00,0.6923,0.6923,0.6923,0.6923,4
2026-07-13 05:47:00+00:00,0.6923,0.6923,0.6923,0.6923,4
2026-07-13 05:48:00+00:00,0.6924,0.6924,0.6924,0.6924,1
2026-07-13 05:56:00+00:00,0.6922,0.6922,0.6922,0.6922,2
2026-07-13 05:59:00+00:00,0.6921,0.6921,0.6921,0.6921,30
2026-07-13 06:00:00+00:00,0.6921,0.6922,0.6921,0.6922,2
2026-07-13 06:03:00+00:00,0.6922,0.6922,0.6922,0.6922,3
2026-07-13 06:04:00+00:00,0.6922,0.6922,0.6922,0.6922,4
2026-07-13 06:06:00+00:00,0.6921,0.6921,0.6921,0.6921,1
2026-07-13 06:08:00+00:00,0.6919,0.6919,0.6919,0.6919,1
2026-07-13 06:10:00+00:00,0.692,0.692,0.692,0.692,4
2026-07-13 06:11:00+00:00,0.692,0.692,0.692,0.692,1
2026-07-13 06:12:00+00:00,0.6919,0.6919,0.6917,0.6917,14
2026-07-13 06:13:00+00:00,0.6917,0.6917,0.6917,0.6917,1
2026-07-13 06:16:00+00:00,0.6919,0.6919,0.6919,0.6919,1
2026-07-13 06:17:00+00:00,0.6919,0.6919,0.6919,0.6919,25
2026-07-13 06:22:00+00:00,0.692,0.692,0.692,0.692,1
2026-07-13 06:27:00+00:00,0.6921,0.6921,0.6921,0.6921,4
2026-07-13 06:28:00+00:00,0.6921,0.6921,0.6921,0.6921,2
2026-07-13 06:29:00+00:00,0.6921,0.6921,0.6921,0.6921,4
2026-07-13 06:31:00+00:00,0.6923,0.6923,0.6923,0.6923,7
2026-07-13 06:32:00+00:00,0.6924,0.6924,0.6924,0.6924,4
2026-07-13 06:33:00+00:00,0.6922,0.6922,0.6922,0.6922,4
2026-07-13 06:36:00+00:00,0.6924,0.6924,0.6924,0.6924,4
2026-07-13 06:37:00+00:00,0.6924,0.6924,0.6924,0.6924,1
2026-07-13 06:38:00+00:00,0.6925,0.6925,0.6925,0.6925,6
2026-07-13 06:44:00+00:00,0.6922,0.6922,0.6922,0.6922,3
2026-07-13 06:45:00+00:00,0.6921,0.6921,0.6921,0.6921,4
2026-07-13 06:46:00+00:00,0.6922,0.6922,0.6921,0.6921,2
2026-07-13 06:49:00+00:00,0.6922,0.6922,0.6922,0.6922,3
2026-07-13 06:59:00+00:00,0.692,0.692,0.692,0.692,1
2026-07-13 07:00:00+00:00,0.6922,0.6922,0.6922,0.6922,5
2026-07-13 07:01:00+00:00,0.6922,0.6922,0.6922,0.6922,1
2026-07-13 07:04:00+00:00,0.6924,0.6925,0.6924,0.6925,74
2026-07-13 07:05:00+00:00,0.6923,0.6923,0.6923,0.6923,1
2026-07-13 07:06:00+00:00,0.6923,0.6923,0.6923,0.6923,1
2026-07-13 07:10:00+00:00,0.6927,0.6928,0.6927,0.6928,4
2026-07-13 07:11:00+00:00,0.6925,0.6925,0.6925,0.6925,1
2026-07-13 07:13:00+00:00,0.6925,0.6925,0.6925,0.6925,4
2026-07-13 07:15:00+00:00,0.6925,0.6925,0.6925,0.6925,4
2026-07-13 07:16:00+00:00,0.6924,0.6924,0.6924,0.6924,4
2026-07-13 07:19:00+00:00,0.6923,0.6923,0.6923,0.6923,1
2026-07-13 07:20:00+00:00,0.6923,0.6923,0.6923,0.6923,8
2026-07-13 07:21:00+00:00,0.6924,0.6924,0.6924,0.6924,3
2026-07-13 07:26:00+00:00,0.6924,0.6924,0.6924,0.6924,2
2026-07-13 07:30:00+00:00,0.6924,0.6924,0.6924,0.6924,4
2026-07-13 07:32:00+00:00,0.6922,0.6922,0.6922,0.6922,1
2026-07-13 07:34:00+00:00,0.6921,0.6921,0.6921,0.6921,1
2026-07-13 07:35:00+00:00,0.6923,0.6925,0.6923,0.6925,6
2026-07-13 07:37:00+00:00,0.6926,0.6928,0.6926,0.6928,2
2026-07-13 07:38:00+00:00,0.6927,0.6927,0.6926,0.6926,3
2026-07-13 07:41:00+00:00,0.6925,0.6925,0.6925,0.6925,1
2026-07-13 07:42:00+00:00,0.6924,0.6924,0.6924,0.6924,1
2026-07-13 07:45:00+00:00,0.6925,0.6925,0.6925,0.6925,1
2026-07-13 07:47:00+00:00,0.6925,0.6925,0.6925,0.6925,2
2026-07-13 07:49:00+00:00,0.6926,0.6926,0.6925,0.6925,3
2026-07-13 07:50:00+00:00,0.6926,0.6926,0.6926,0.6926,1
2026-07-13 07:52:00+00:00,0.6928,0.6928,0.6928,0.6928,2
2026-07-13 07:54:00+00:00,0.6929,0.6929,0.6929,0.6929,2
2026-07-13 07:56:00+00:00,0.6929,0.6929,0.6929,0.6929,3
2026-07-13 07:59:00+00:00,0.6929,0.6929,0.6929,0.6929,3
2026-07-13 08:00:00+00:00,0.693,0.693,0.693,0.693,14
2026-07-13 08:01:00+00:00,0.6931,0.6932,0.6931,0.6931,11
2026-07-13 08:03:00+00:00,0.6931,0.6931,0.6931,0.6931,3
2026-07-13 08:05:00+00:00,0.6932,0.6933,0.6932,0.6933,10
2026-07-13 08:06:00+00:00,0.6933,0.6933,0.6933,0.6933,4
2026-07-13 08:08:00+00:00,0.6933,0.6934,0.6933,0.6934,11
2026-07-13 08:09:00+00:00,0.6934,0.6934,0.6934,0.6934,1
2026-07-13 08:10:00+00:00,0.6934,0.6935,0.6934,0.6935,13
2026-07-13 08:11:00+00:00,0.6936,0.6937,0.6936,0.6937,11
2026-07-13 08:12:00+00:00,0.6937,0.6937,0.6937,0.6937,2
2026-07-13 08:13:00+00:00,0.6938,0.6938,0.6936,0.6937,59
2026-07-13 08:14:00+00:00,0.6936,0.6936,0.6936,0.6936,1
2026-07-13 08:15:00+00:00,0.6937,0.6937,0.6937,0.6937,2
2026-07-13 08:16:00+00:00,0.6937,0.6937,0.6937,0.6937,1
2026-07-13 08:17:00+00:00,0.6938,0.694,0.6938,0.6939,22
2026-07-13 08:18:00+00:00,0.6939,0.6939,0.6939,0.6939,4
2026-07-13 08:20:00+00:00,0.6937,0.6937,0.6936,0.6936,10
2026-07-13 08:21:00+00:00,0.6937,0.6937,0.6937,0.6937,4
2026-07-13 08:22:00+00:00,0.6937,0.6937,0.6937,0.6937,6
2026-07-13 08:23:00+00:00,0.6938,0.6938,0.6938,0.6938,3
2026-07-13 08:25:00+00:00,0.6936,0.6936,0.6936,0.6936,1
2026-07-13 08:27:00+00:00,0.6935,0.6935,0.6935,0.6935,4
2026-07-13 08:32:00+00:00,0.6933,0.6934,0.6933,0.6934,3
2026-07-13 08:33:00+00:00,0.6934,0.6934,0.6934,0.6934,1
2026-07-13 08:34:00+00:00,0.6935,0.6935,0.6934,0.6934,8
2026-07-13 08:35:00+00:00,0.6934,0.6934,0.6934,0.6934,1
2026-07-13 08:36:00+00:00,0.6934,0.6934,0.6934,0.6934,3
2026-07-13 08:42:00+00:00,0.6935,0.6935,0.6935,0.6935,1
2026-07-13 08:45:00+00:00,0.6935,0.6935,0.6935,0.6935,1
2026-07-13 08:50:00+00:00,0.6936,0.6936,0.6936,0.6936,6
2026-07-13 08:53:00+00:00,0.6936,0.6936,0.6936,0.6936,1
2026-07-13 08:54:00+00:00,0.6936,0.6936,0.6936,0.6936,1
2026-07-13 09:00:00+00:00,0.6933,0.6933,0.6933,0.6933,2
2026-07-13 09:03:00+00:00,0.6934,0.6935,0.6934,0.6934,13
2026-07-13 09:06:00+00:00,0.6934,0.6934,0.6933,0.6933,13
2026-07-13 09:10:00+00:00,0.6933,0.6933,0.6933,0.6933,17
2026-07-13 09:20:00+00:00,0.6933,0.6933,0.6933,0.6933,1
2026-07-13 09:22:00+00:00,0.6933,0.6933,0.6933,0.6933,1
2026-07-13 09:23:00+00:00,0.6932,0.6932,0.6931,0.6931,7
2026-07-13 09:26:00+00:00,0.6932,0.6932,0.6932,0.6932,1
2026-07-13 09:29:00+00:00,0.6933,0.6933,0.6933,0.6933,1
2026-07-13 09:47:00+00:00,0.6932,0.6933,0.6932,0.6933,4
2026-07-13 09:48:00+00:00,0.6933,0.6933,0.6933,0.6933,2
2026-07-13 09:53:00+00:00,0.6931,0.6933,0.6931,0.6933,2
2026-07-13 09:58:00+00:00,0.6934,0.6934,0.6934,0.6934,1
2026-07-13 10:00:00+00:00,0.6935,0.6935,0.6935,0.6935,2
2026-07-13 10:04:00+00:00,0.6934,0.6935,0.6934,0.6935,2
2026-07-13 10:05:00+00:00,0.6935,0.6935,0.6935,0.6935,1
2026-07-13 10:07:00+00:00,0.6934,0.6934,0.6934,0.6934,2
2026-07-13 10:15:00+00:00,0.6932,0.6932,0.6932,0.6932,1
2026-07-13 10:21:00+00:00,0.6933,0.6933,0.6933,0.6933,1
2026-07-13 10:23:00+00:00,0.6933,0.6933,0.6933,0.6933,4
2026-07-13 10:32:00+00:00,0.6932,0.6933,0.6932,0.6933,2
2026-07-13 10:33:00+00:00,0.6933,0.6933,0.6933,0.6933,2
2026-07-13 10:37:00+00:00,0.6932,0.6932,0.6932,0.6932,2
2026-07-13 10:39:00+00:00,0.6934,0.6934,0.6934,0.6934,1
2026-07-13 10:41:00+00:00,0.6935,0.6935,0.6935,0.6935,4
2026-07-13 10:43:00+00:00,0.6934,0.6934,0.6934,0.6934,2
2026-07-13 10:49:00+00:00,0.6936,0.6936,0.6936,0.6936,1
2026-07-13 10:57:00+00:00,0.6937,0.6937,0.6937,0.6937,1
2026-07-13 10:59:00+00:00,0.6938,0.6939,0.6938,0.6939,5
2026-07-13 11:00:00+00:00,0.6939,0.6939,0.6938,0.6938,4
2026-07-13 11:03:00+00:00,0.6939,0.694,0.6939,0.694,5
2026-07-13 11:05:00+00:00,0.6939,0.694,0.6939,0.694,17
2026-07-13 11:06:00+00:00,0.6941,0.6941,0.694,0.694,12
2026-07-13 11:07:00+00:00,0.694,0.694,0.694,0.694,8
2026-07-13 11:10:00+00:00,0.6938,0.6938,0.6938,0.6938,5
2026-07-13 11:11:00+00:00,0.6937,0.6937,0.6937,0.6937,1
2026-07-13 11:13:00+00:00,0.6938,0.6938,0.6938,0.6938,4
2026-07-13 11:14:00+00:00,0.6937,0.6937,0.6937,0.6937,1
2026-07-13 11:17:00+00:00,0.6937,0.6937,0.6937,0.6937,1
2026-07-13 11:20:00+00:00,0.6935,0.6935,0.6935,0.6935,1
2026-07-13 11:21:00+00:00,0.6936,0.6936,0.6936,0.6936,1
2026-07-13 11:27:00+00:00,0.6939,0.6939,0.6939,0.6939,2
2026-07-13 11:29:00+00:00,0.694,0.694,0.694,0.694,3
2026-07-13 11:30:00+00:00,0.6939,0.694,0.6939,0.694,2
2026-07-13 11:33:00+00:00,0.6941,0.6941,0.6941,0.6941,4
2026-07-13 11:34:00+00:00,0.6942,0.6942,0.6942,0.6942,12
2026-07-13 11:35:00+00:00,0.6942,0.6942,0.6941,0.6941,5
2026-07-13 11:39:00+00:00,0.694,0.694,0.694,0.694,3
2026-07-13 11:40:00+00:00,0.694,0.694,0.694,0.694,5
2026-07-13 11:42:00+00:00,0.694,0.694,0.694,0.694,2
2026-07-13 11:54:00+00:00,0.6937,0.6937,0.6937,0.6937,1
2026-07-13 12:02:00+00:00,0.6937,0.6937,0.6937,0.6937,27
2026-07-13 12:07:00+00:00,0.6935,0.6935,0.6935,0.6935,1
2026-07-13 12:09:00+00:00,0.6935,0.6935,0.6935,0.6935,2
2026-07-13 12:10:00+00:00,0.6936,0.6936,0.6936,0.6936,26
2026-07-13 12:11:00+00:00,0.6933,0.6933,0.6933,0.6933,5
2026-07-13 12:12:00+00:00,0.6931,0.6932,0.693,0.6932,12
2026-07-13 12:15:00+00:00,0.6932,0.6933,0.6932,0.6932,25
2026-07-13 12:18:00+00:00,0.6933,0.6933,0.6933,0.6933,1
2026-07-13 12:24:00+00:00,0.6934,0.6934,0.6934,0.6934,7
2026-07-13 12:31:00+00:00,0.6933,0.6933,0.6933,0.6933,9
2026-07-13 12:32:00+00:00,0.6933,0.6933,0.6933,0.6933,1
2026-07-13 12:39:00+00:00,0.6934,0.6934,0.6934,0.6934,1
2026-07-13 12:42:00+00:00,0.6934,0.6934,0.6934,0.6934,1
2026-07-13 12:45:00+00:00,0.6934,0.6934,0.6934,0.6934,3
2026-07-13 12:47:00+00:00,0.6935,0.6935,0.6935,0.6935,15
2026-07-13 12:48:00+00:00,0.6936,0.6936,0.6936,0.6936,2
2026-07-13 12:49:00+00:00,0.6936,0.6936,0.6936,0.6936,3
2026-07-13 12:50:00+00:00,0.6936,0.6936,0.6936,0.6936,16
2026-07-13 12:53:00+00:00,0.6935,0.6935,0.6935,0.6935,1
2026-07-13 12:55:00+00:00,0.6936,0.6937,0.6936,0.6937,2
2026-07-13 12:56:00+00:00,0.6937,0.6937,0.6937,0.6937,1
2026-07-13 12:57:00+00:00,0.6938,0.6938,0.6938,0.6938,8
2026-07-13 13:00:00+00:00,0.6939,0.6941,0.6938,0.6939,25
2026-07-13 13:01:00+00:00,0.6939,0.6939,0.6939,0.6939,3
2026-07-13 13:02:00+00:00,0.6938,0.6938,0.6938,0.6938,1
2026-07-13 13:03:00+00:00,0.6938,0.6938,0.6938,0.6938,1
2026-07-13 13:05:00+00:00,0.6939,0.6939,0.6939,0.6939,1
2026-07-13 13:09:00+00:00,0.6938,0.6938,0.6938,0.6938,4
2026-07-13 13:11:00+00:00,0.6936,0.6936,0.6935,0.6935,5
2026-07-13 13:12:00+00:00,0.6934,0.6934,0.6934,0.6934,1
2026-07-13 13:13:00+00:00,0.6935,0.6935,0.6935,0.6935,1
2026-07-13 13:15:00+00:00,0.6935,0.6936,0.6935,0.6935,9
2026-07-13 13:16:00+00:00,0.6935,0.6935,0.6935,0.6935,17
2026-07-13 13:18:00+00:00,0.6936,0.6937,0.6936,0.6937,73
2026-07-13 13:19:00+00:00,0.6935,0.6935,0.6935,0.6935,10
2026-07-13 13:21:00+00:00,0.6935,0.6935,0.6935,0.6935,1
2026-07-13 13:22:00+00:00,0.6935,0.6935,0.6935,0.6935,1
2026-07-13 13:26:00+00:00,0.6934,0.6934,0.6934,0.6934,42
2026-07-13 13:27:00+00:00,0.6934,0.6934,0.6934,0.6934,80
2026-07-13 13:31:00+00:00,0.6935,0.6935,0.6935,0.6935,5
2026-07-13 13:33:00+00:00,0.6935,0.6935,0.6935,0.6935,1
2026-07-13 13:35:00+00:00,0.6935,0.6935,0.6935,0.6935,1
2026-07-13 13:36:00+00:00,0.6936,0.6936,0.6936,0.6936,1
2026-07-13 13:37:00+00:00,0.6934,0.6934,0.6934,0.6934,1
2026-07-13 13:39:00+00:00,0.6932,0.6932,0.693,0.693,34
2026-07-13 13:42:00+00:00,0.6929,0.6929,0.6929,0.6929,9
2026-07-13 13:45:00+00:00,0.6929,0.693,0.6929,0.693,9
2026-07-13 13:46:00+00:00,0.6931,0.6931,0.6931,0.6931,1
2026-07-13 13:47:00+00:00,0.6931,0.6931,0.6931,0.6931,3
2026-07-13 13:49:00+00:00,0.6929,0.6929,0.6929,0.6929,2
2026-07-13 13:51:00+00:00,0.6928,0.6928,0.6927,0.6927,32
2026-07-13 13:53:00+00:00,0.6929,0.6929,0.6928,0.6928,19
2026-07-13 13:56:00+00:00,0.6931,0.6931,0.6931,0.6931,1
2026-07-13 13:59:00+00:00,0.693,0.693,0.6929,0.6929,5
2026-07-13 14:00:00+00:00,0.693,0.6931,0.6929,0.6931,39
2026-07-13 14:01:00+00:00,0.693,0.693,0.693,0.693,25
2026-07-13 14:02:00+00:00,0.6928,0.6928,0.6928,0.6928,4
2026-07-13 14:10:00+00:00,0.693,0.693,0.693,0.693,1
2026-07-13 14:13:00+00:00,0.6929,0.6929,0.6929,0.6929,1
2026-07-13 14:15:00+00:00,0.693,0.693,0.693,0.693,5
2026-07-13 14:16:00+00:00,0.6913,0.6913,0.6913,0.6913,20
2026-07-13 14:16:00+00:00,0.6929,0.693,0.692,0.6923,463
2026-07-13 14:17:00+00:00,0.6923,0.6924,0.6921,0.6923,24
2026-07-13 14:18:00+00:00,0.6923,0.6925,0.6923,0.6924,21
2026-07-13 14:19:00+00:00,0.6925,0.6927,0.6925,0.6925,12
2026-07-13 14:20:00+00:00,0.6925,0.6925,0.6925,0.6925,1
2026-07-13 14:21:00+00:00,0.6923,0.6923,0.6923,0.6923,18
2026-07-13 14:22:00+00:00,0.6923,0.6923,0.6923,0.6923,2
2026-07-13 14:23:00+00:00,0.6924,0.6924,0.6924,0.6924,2
2026-07-13 14:24:00+00:00,0.6925,0.6928,0.6925,0.6928,5
2026-07-13 14:25:00+00:00,0.6927,0.693,0.6927,0.693,20
2026-07-13 14:26:00+00:00,0.693,0.693,0.693,0.693,2
2026-07-13 14:27:00+00:00,0.6929,0.6929,0.6929,0.6929,5
2026-07-13 14:28:00+00:00,0.6929,0.6929,0.6929,0.6929,6
2026-07-13 14:29:00+00:00,0.693,0.693,0.693,0.693,11
2026-07-13 14:30:00+00:00,0.693,0.693,0.693,0.693,1
2026-07-13 14:32:00+00:00,0.6929,0.6929,0.6929,0.6929,2
2026-07-13 14:33:00+00:00,0.6929,0.6929,0.6929,0.6929,1
2026-07-13 14:34:00+00:00,0.693,0.693,0.693,0.693,1
2026-07-13 14:35:00+00:00,0.6929,0.6929,0.6929,0.6929,1
2026-07-13 14:37:00+00:00,0.6927,0.6927,0.6927,0.6927,4
2026-07-13 14:38:00+00:00,0.6928,0.6928,0.6928,0.6928,1
2026-07-13 14:40:00+00:00,0.6927,0.6927,0.6927,0.6927,1
2026-07-13 14:41:00+00:00,0.6926,0.6926,0.6926,0.6926,8
2026-07-13 14:42:00+00:00,0.6926,0.6926,0.6926,0.6926,1
2026-07-13 14:43:00+00:00,0.6925,0.6925,0.6924,0.6924,5
2026-07-13 14:44:00+00:00,0.6926,0.6926,0.6926,0.6926,8
2026-07-13 14:51:00+00:00,0.6926,0.6926,0.6926,0.6926,2
2026-07-13 14:52:00+00:00,0.6926,0.6927,0.6926,0.6927,2
2026-07-13 14:53:00+00:00,0.6925,0.6926,0.6925,0.6926,8
2026-07-13 14:54:00+00:00,0.6925,0.6925,0.6925,0.6925,4
2026-07-13 14:55:00+00:00,0.6925,0.6925,0.6925,0.6925,3
2026-07-13 14:56:00+00:00,0.6925,0.6925,0.6925,0.6925,6
2026-07-13 15:00:00+00:00,0.6929,0.6929,0.6929,0.6929,9
2026-07-13 15:01:00+00:00,0.6929,0.6929,0.6929,0.6929,4
2026-07-13 15:05:00+00:00,0.6929,0.6929,0.6929,0.6929,1
2026-07-13 15:06:00+00:00,0.693,0.693,0.6929,0.6929,5
2026-07-13 15:07:00+00:00,0.693,0.693,0.693,0.693,1
2026-07-13 15:12:00+00:00,0.693,0.693,0.693,0.693,1
2026-07-13 15:22:00+00:00,0.6931,0.6931,0.6931,0.6931,3
2026-07-13 15:23:00+00:00,0.6931,0.6931,0.6931,0.6931,1
2026-07-13 15:25:00+00:00,0.693,0.693,0.693,0.693,1
2026-07-13 15:29:00+00:00,0.693,0.693,0.693,0.693,1
2026-07-13 15:30:00+00:00,0.6929,0.6929,0.6929,0.6929,1
2026-07-13 15:37:00+00:00,0.6928,0.6928,0.6927,0.6927,4
2026-07-13 15:39:00+00:00,0.6928,0.6928,0.6928,0.6928,1
2026-07-13 15:41:00+00:00,0.6926,0.6926,0.6926,0.6926,2
2026-07-13 15:46:00+00:00,0.6926,0.6926,0.6926,0.6926,10
2026-07-13 15:50:00+00:00,0.6926,0.6926,0.6926,0.6926,2
2026-07-13 16:03:00+00:00,0.6927,0.6927,0.6927,0.6927,1
2026-07-13 16:09:00+00:00,0.6928,0.6928,0.6928,0.6928,1
2026-07-13 16:18:00+00:00,0.6926,0.6926,0.6926,0.6926,1
2026-07-13 16:21:00+00:00,0.6925,0.6926,0.6925,0.6926,2
2026-07-13 16:24:00+00:00,0.6924,0.6924,0.6924,0.6924,1
2026-07-13 16:26:00+00:00,0.6923,0.6923,0.6922,0.6923,12
2026-07-13 16:27:00+00:00,0.6922,0.6922,0.6922,0.6922,4
2026-07-13 16:28:00+00:00,0.6922,0.6922,0.6922,0.6922,1
2026-07-13 16:29:00+00:00,0.6922,0.6922,0.6919,0.6921,39
2026-07-13 16:30:00+00:00,0.692,0.6921,0.6916,0.6917,30
2026-07-13 16:31:00+00:00,0.6917,0.692,0.6917,0.6918,14
2026-07-13 16:32:00+00:00,0.6917,0.6917,0.6917,0.6917,1
2026-07-13 16:33:00+00:00,0.6918,0.6918,0.6916,0.6916,25
2026-07-13 16:34:00+00:00,0.6915,0.6916,0.6914,0.6914,47
2026-07-13 16:34:00+00:00,0.6905,0.6905,0.6905,0.6905,1
2026-07-13 16:35:00+00:00,0.6915,0.6915,0.6911,0.6911,21
2026-07-13 16:36:00+00:00,0.6912,0.6913,0.6912,0.6913,13
2026-07-13 16:37:00+00:00,0.6914,0.6914,0.6912,0.6912,25
2026-07-13 16:38:00+00:00,0.6911,0.6912,0.6911,0.6912,40
2026-07-13 16:39:00+00:00,0.6913,0.6914,0.6913,0.6914,3
2026-07-13 16:40:00+00:00,0.6914,0.6914,0.6914,0.6914,25
2026-07-13 16:41:00+00:00,0.6915,0.6915,0.6915,0.6915,2
2026-07-13 16:42:00+00:00,0.6916,0.6916,0.6916,0.6916,4
2026-07-13 16:43:00+00:00,0.6916,0.6916,0.6915,0.6915,36
2026-07-13 16:44:00+00:00,0.6917,0.6917,0.6917,0.6917,48
2026-07-13 16:45:00+00:00,0.6917,0.6917,0.6917,0.6917,4
2026-07-13 16:46:00+00:00,0.6917,0.6917,0.6915,0.6915,21
2026-07-13 16:47:00+00:00,0.6916,0.6916,0.6915,0.6915,3
2026-07-13 16:48:00+00:00,0.6914,0.6914,0.6914,0.6914,2
2026-07-13 16:49:00+00:00,0.6915,0.6915,0.6914,0.6914,2
2026-07-13 16:50:00+00:00,0.6914,0.6914,0.6911,0.6911,52
2026-07-13 16:51:00+00:00,0.6911,0.6913,0.6911,0.6913,20
2026-07-13 16:53:00+00:00,0.6913,0.6913,0.6913,0.6913,13
2026-07-13 16:54:00+00:00,0.6913,0.6913,0.6913,0.6913,5
2026-07-13 16:56:00+00:00,0.6913,0.6913,0.6912,0.6913,3
2026-07-13 16:57:00+00:00,0.6914,0.6914,0.6914,0.6914,2
2026-07-13 17:01:00+00:00,0.6913,0.6914,0.6913,0.6914,2
2026-07-13 17:02:00+00:00,0.6914,0.6914,0.6914,0.6914,1
2026-07-13 17:06:00+00:00,0.6915,0.6915,0.6915,0.6915,2
2026-07-13 17:07:00+00:00,0.6916,0.6916,0.6916,0.6916,2
2026-07-13 17:09:00+00:00,0.6917,0.6917,0.6917,0.6917,1
2026-07-13 17:13:00+00:00,0.6916,0.6916,0.6916,0.6916,10
2026-07-13 17:17:00+00:00,0.6916,0.6916,0.6916,0.6916,8
2026-07-13 17:19:00+00:00,0.6918,0.6918,0.6918,0.6918,5
2026-07-13 17:20:00+00:00,0.6918,0.6918,0.6918,0.6918,1
2026-07-13 17:21:00+00:00,0.6918,0.6918,0.6918,0.6918,1
2026-07-13 17:30:00+00:00,0.6918,0.6918,0.6918,0.6918,2
2026-07-13 17:33:00+00:00,0.6916,0.6916,0.6916,0.6916,1
2026-07-13 17:34:00+00:00,0.6916,0.6916,0.6916,0.6916,1
2026-07-13 17:36:00+00:00,0.6916,0.6916,0.6916,0.6916,1
2026-07-13 17:37:00+00:00,0.6916,0.6916,0.6916,0.6916,3
2026-07-13 17:43:00+00:00,0.6917,0.6917,0.6917,0.6917,1
2026-07-13 17:45:00+00:00,0.6918,0.6918,0.6918,0.6918,2
2026-07-13 17:46:00+00:00,0.6919,0.6919,0.6919,0.6919,8
2026-07-13 17:52:00+00:00,0.6914,0.6914,0.6914,0.6914,1
2026-07-13 17:54:00+00:00,0.6915,0.6915,0.6915,0.6915,1
2026-07-13 17:55:00+00:00,0.6914,0.6914,0.6914,0.6914,6
2026-07-13 17:57:00+00:00,0.6913,0.6913,0.6913,0.6913,3
2026-07-13 18:01:00+00:00,0.6914,0.6914,0.6914,0.6914,1
2026-07-13 18:02:00+00:00,0.6914,0.6914,0.6914,0.6914,36
2026-07-13 18:07:00+00:00,0.6915,0.6915,0.6915,0.6915,5
2026-07-13 18:08:00+00:00,0.6915,0.6915,0.6915,0.6915,1
2026-07-13 18:10:00+00:00,0.6914,0.6914,0.6914,0.6914,2
2026-07-13 18:12:00+00:00,0.6912,0.6912,0.6912,0.6912,9
2026-07-13 18:13:00+00:00,0.6913,0.6913,0.6913,0.6913,10
2026-07-13 18:14:00+00:00,0.6913,0.6913,0.6913,0.6913,2
2026-07-13 18:17:00+00:00,0.6912,0.6912,0.6912,0.6912,1
2026-07-13 18:18:00+00:00,0.6911,0.6911,0.6911,0.6911,4
2026-07-13 18:24:00+00:00,0.6912,0.6912,0.6912,0.6912,10
2026-07-13 18:34:00+00:00,0.6914,0.6914,0.6914,0.6914,2
2026-07-13 18:39:00+00:00,0.6914,0.6914,0.6914,0.6914,1
2026-07-13 18:45:00+00:00,0.6915,0.6915,0.6914,0.6914,5
2026-07-13 18:46:00+00:00,0.6914,0.6914,0.6914,0.6914,8
2026-07-13 18:47:00+00:00,0.6915,0.6915,0.6915,0.6915,1
2026-07-13 18:49:00+00:00,0.6915,0.6915,0.6914,0.6914,4
2026-07-13 18:51:00+00:00,0.6915,0.6915,0.6915,0.6915,1
2026-07-13 18:53:00+00:00,0.6915,0.6916,0.6915,0.6915,78
2026-07-13 18:54:00+00:00,0.6915,0.6915,0.6915,0.6915,1
2026-07-13 18:55:00+00:00,0.6914,0.6914,0.6914,0.6914,6
2026-07-13 18:59:00+00:00,0.6915,0.6915,0.6915,0.6915,50
2026-07-13 19:00:00+00:00,0.6915,0.6915,0.6915,0.6915,2
2026-07-13 19:07:00+00:00,0.6914,0.6914,0.6914,0.6914,1
2026-07-13 19:08:00+00:00,0.6914,0.6914,0.6914,0.6914,1
2026-07-13 19:11:00+00:00,0.6911,0.6911,0.691,0.691,21
2026-07-13 19:12:00+00:00,0.6911,0.6911,0.6911,0.6911,3
2026-07-13 19:15:00+00:00,0.691,0.691,0.691,0.691,8
2026-07-13 19:15:00+00:00,0.6901,0.6901,0.6901,0.6901,1
2026-07-13 19:23:00+00:00,0.691,0.691,0.691,0.691,3
2026-07-13 19:29:00+00:00,0.6909,0.6909,0.6909,0.6909,7
2026-07-13 19:30:00+00:00,0.6909,0.6909,0.6909,0.6909,1
2026-07-13 19:33:00+00:00,0.691,0.691,0.6909,0.6909,5
2026-07-13 19:35:00+00:00,0.691,0.691,0.691,0.691,1
2026-07-13 19:36:00+00:00,0.6909,0.6909,0.6909,0.6909,2
2026-07-13 19:37:00+00:00,0.6908,0.6908,0.6907,0.6907,8
2026-07-13 19:40:00+00:00,0.6908,0.6909,0.6907,0.6909,33
2026-07-13 19:43:00+00:00,0.691,0.691,0.691,0.691,12
2026-07-13 19:50:00+00:00,0.6909,0.6909,0.6909,0.6909,1
2026-07-13 19:51:00+00:00,0.691,0.691,0.691,0.691,4
2026-07-13 19:55:00+00:00,0.691,0.691,0.691,0.691,2
2026-07-13 19:58:00+00:00,0.6911,0.6911,0.6911,0.6911,1
2026-07-13 19:59:00+00:00,0.691,0.691,0.691,0.691,6
2026-07-13 20:00:00+00:00,0.6909,0.6909,0.6909,0.6909,1
2026-07-13 20:01:00+00:00,0.6911,0.6911,0.6911,0.6911,10
2026-07-13 20:02:00+00:00,0.6911,0.6911,0.6911,0.6911,1
2026-07-13 20:03:00+00:00,0.691,0.691,0.691,0.691,5
2026-07-13 20:07:00+00:00,0.6911,0.6911,0.6911,0.6911,13
2026-07-13 20:09:00+00:00,0.691,0.691,0.691,0.691,2
2026-07-13 20:11:00+00:00,0.6908,0.6908,0.6908,0.6908,3
2026-07-13 20:12:00+00:00,0.6907,0.6907,0.6907,0.6907,1
2026-07-13 20:13:00+00:00,0.6907,0.6907,0.6907,0.6907,3
2026-07-13 20:14:00+00:00,0.6907,0.6907,0.6907,0.6907,2
2026-07-13 20:15:00+00:00,0.6908,0.6908,0.6908,0.6908,2
2026-07-13 20:16:00+00:00,0.6907,0.6907,0.6907,0.6907,5
2026-07-13 20:17:00+00:00,0.6907,0.6907,0.6906,0.6907,28
2026-07-13 20:19:00+00:00,0.6909,0.6909,0.6909,0.6909,4
2026-07-13 20:24:00+00:00,0.6907,0.6907,0.6907,0.6907,1
2026-07-13 20:26:00+00:00,0.6908,0.6908,0.6908,0.6908,9
2026-07-13 20:36:00+00:00,0.691,0.691,0.691,0.691,3
2026-07-13 20:42:00+00:00,0.691,0.691,0.691,0.691,6
2026-07-13 20:45:00+00:00,0.691,0.6911,0.691,0.6911,5
2026-07-13 20:48:00+00:00,0.691,0.691,0.691,0.691,1
2026-07-13 20:52:00+00:00,0.6909,0.691,0.6909,0.6909,5
2026-07-13 20:54:00+00:00,0.691,0.691,0.691,0.691,1
2026-07-13 20:55:00+00:00,0.691,0.691,0.691,0.691,2
2026-07-13 20:56:00+00:00,0.691,0.691,0.691,0.691,10
2026-07-13 20:59:00+00:00,0.6911,0.6911,0.6911,0.6911,21
2026-07-13 22:00:00+00:00,0.6911,0.6912,0.6911,0.6912,14
2026-07-13 22:02:00+00:00,0.6913,0.6913,0.6913,0.6913,2
2026-07-13 22:03:00+00:00,0.6914,0.6914,0.6914,0.6914,1
2026-07-13 22:05:00+00:00,0.6914,0.6914,0.6914,0.6914,10
2026-07-13 22:06:00+00:00,0.6914,0.6914,0.6914,0.6914,1
2026-07-13 22:07:00+00:00,0.6913,0.6913,0.6913,0.6913,3
2026-07-13 22:08:00+00:00,0.6913,0.6913,0.6913,0.6913,2
2026-07-13 22:09:00+00:00,0.6912,0.6913,0.6912,0.6912,11
2026-07-13 22:10:00+00:00,0.6913,0.6913,0.6913,0.6913,2
2026-07-13 22:11:00+00:00,0.6912,0.6912,0.6912,0.6912,3
2026-07-13 22:12:00+00:00,0.6912,0.6912,0.6912,0.6912,1
2026-07-13 22:13:00+00:00,0.6913,0.6913,0.6913,0.6913,2
2026-07-13 22:15:00+00:00,0.6913,0.6913,0.6913,0.6913,5
2026-07-13 22:17:00+00:00,0.6913,0.6913,0.6913,0.6913,6
2026-07-13 22:20:00+00:00,0.6913,0.6913,0.6913,0.6913,7
2026-07-13 22:27:00+00:00,0.6913,0.6913,0.6913,0.6913,1
2026-07-13 22:31:00+00:00,0.6912,0.6912,0.6912,0.6912,4
2026-07-13 22:33:00+00:00,0.6912,0.6912,0.6912,0.6912,1
2026-07-13 22:35:00+00:00,0.6911,0.6911,0.6911,0.6911,12
2026-07-13 22:36:00+00:00,0.6911,0.6911,0.6911,0.6911,3
2026-07-13 22:48:00+00:00,0.6911,0.6911,0.6911,0.6911,4
2026-07-13 22:49:00+00:00,0.6911,0.6911,0.6911,0.6911,2
2026-07-13 22:55:00+00:00,0.6911,0.6911,0.6911,0.6911,1
2026-07-13 22:56:00+00:00,0.691,0.691,0.691,0.691,1
2026-07-13 22:57:00+00:00,0.691,0.691,0.691,0.691,8
2026-07-13 22:59:00+00:00,0.6909,0.6909,0.6909,0.6909,1
2026-07-13 23:00:00+00:00,0.691,0.691,0.6909,0.6909,9
2026-07-13 23:06:00+00:00,0.691,0.691,0.691,0.691,3
2026-07-13 23:22:00+00:00,0.6909,0.6909,0.6909,0.6909,6
2026-07-13 23:28:00+00:00,0.691,0.691,0.691,0.691,1
2026-07-13 23:30:00+00:00,0.6909,0.6909,0.6909,0.6909,3
2026-07-13 23:32:00+00:00,0.6909,0.6909,0.6909,0.6909,19
2026-07-13 23:38:00+00:00,0.6909,0.6909,0.6909,0.6909,8
2026-07-13 23:40:00+00:00,0.691,0.691,0.691,0.691,4
2026-07-13 23:44:00+00:00,0.691,0.691,0.691,0.691,2
2026-07-13 23:46:00+00:00,0.691,0.691,0.6909,0.6909,4
2026-07-13 23:47:00+00:00,0.691,0.691,0.691,0.691,1
2026-07-13 23:51:00+00:00,0.691,0.691,0.691,0.691,1
2026-07-13 23:53:00+00:00,0.691,0.691,0.6909,0.691,6
2026-07-13 23:54:00+00:00,0.6911,0.6911,0.6911,0.6911,1
2026-07-13 23:55:00+00:00,0.6911,0.6911,0.6911,0.6911,3
2026-07-13 23:58:00+00:00,0.6912,0.6912,0.6912,0.6912,1
2026-07-14 00:00:00+00:00,0.6912,0.6912,0.6912,0.6912,4
2026-07-14 00:01:00+00:00,0.6912,0.6912,0.6912,0.6912,4
2026-07-14 00:02:00+00:00,0.691,0.691,0.6909,0.6909,47
2026-07-14 00:03:00+00:00,0.6909,0.6909,0.6908,0.6908,8
2026-07-14 00:03:00+00:00,0.6899,0.6899,0.6899,0.6899,1
2026-07-14 00:05:00+00:00,0.6908,0.6908,0.6908,0.6908,1
2026-07-14 00:06:00+00:00,0.6907,0.6908,0.6907,0.6908,4
2026-07-14 00:09:00+00:00,0.6909,0.6909,0.6909,0.6909,1
2026-07-14 00:10:00+00:00,0.6909,0.6909,0.6909,0.6909,2
2026-07-14 00:11:00+00:00,0.6912,0.6912,0.6911,0.6911,6
2026-07-14 00:12:00+00:00,0.6911,0.6911,0.6911,0.6911,1
2026-07-14 00:19:00+00:00,0.6909,0.6909,0.6909,0.6909,1
2026-07-14 00:20:00+00:00,0.6906,0.6906,0.6906,0.6906,16
2026-07-14 00:22:00+00:00,0.6909,0.6909,0.6909,0.6909,4
2026-07-14 00:23:00+00:00,0.6908,0.6908,0.6908,0.6908,4
2026-07-14 00:24:00+00:00,0.6909,0.691,0.6909,0.691,10
2026-07-14 00:25:00+00:00,0.6909,0.6909,0.6909,0.6909,3
2026-07-14 00:27:00+00:00,0.6908,0.6908,0.6908,0.6908,1
2026-07-14 00:28:00+00:00,0.6908,0.6908,0.6908,0.6908,4
2026-07-14 00:29:00+00:00,0.6908,0.6908,0.6908,0.6908,1
2026-07-14 00:32:00+00:00,0.6909,0.6909,0.6909,0.6909,2
2026-07-14 00:34:00+00:00,0.6911,0.6911,0.6911,0.6911,1
2026-07-14 00:41:00+00:00,0.6912,0.6912,0.6912,0.6912,1
2026-07-14 00:44:00+00:00,0.691,0.691,0.691,0.691,2
2026-07-14 00:47:00+00:00,0.6912,0.6913,0.6912,0.6913,2
2026-07-14 00:50:00+00:00,0.6914,0.6914,0.6914,0.6914,5
2026-07-14 00:52:00+00:00,0.6915,0.6915,0.6914,0.6914,9
2026-07-14 00:55:00+00:00,0.6914,0.6914,0.6914,0.6914,3
2026-07-14 00:58:00+00:00,0.6912,0.6912,0.6912,0.6912,1
2026-07-14 01:01:00+00:00,0.6911,0.6911,0.6911,0.6911,1
2026-07-14 01:03:00+00:00,0.6911,0.6911,0.6911,0.6911,1
2026-07-14 01:07:00+00:00,0.6912,0.6912,0.6912,0.6912,4
2026-07-14 01:08:00+00:00,0.6912,0.6912,0.6912,0.6912,1
2026-07-14 01:12:00+00:00,0.6912,0.6912,0.6912,0.6912,1
2026-07-14 01:13:00+00:00,0.6912,0.6912,0.6912,0.6912,1
2026-07-14 01:15:00+00:00,0.6912,0.6912,0.6912,0.6912,1
2026-07-14 01:19:00+00:00,0.6915,0.6915,0.6915,0.6915,1
2026-07-14 01:20:00+00:00,0.6916,0.6916,0.6916,0.6916,3
2026-07-14 01:21:00+00:00,0.6916,0.6916,0.6916,0.6916,5
2026-07-14 01:22:00+00:00,0.6916,0.6916,0.6916,0.6916,2
2026-07-14 01:27:00+00:00,0.6915,0.6916,0.6915,0.6916,10
2026-07-14 01:31:00+00:00,0.6912,0.6912,0.6912,0.6912,1
2026-07-14 01:32:00+00:00,0.6912,0.6912,0.6912,0.6912,23
2026-07-14 01:35:00+00:00,0.6911,0.6911,0.691,0.691,22
2026-07-14 01:38:00+00:00,0.6909,0.6909,0.6909,0.6909,17
2026-07-14 01:40:00+00:00,0.691,0.691,0.691,0.691,1
2026-07-14 01:41:00+00:00,0.691,0.691,0.691,0.691,4
2026-07-14 01:42:00+00:00,0.6911,0.6911,0.6911,0.6911,3
2026-07-14 01:44:00+00:00,0.6912,0.6913,0.6912,0.6913,5
2026-07-14 01:45:00+00:00,0.6913,0.6913,0.6913,0.6913,1
2026-07-14 01:46:00+00:00,0.6913,0.6913,0.6913,0.6913,1
2026-07-14 01:52:00+00:00,0.6915,0.6915,0.6915,0.6915,1
2026-07-14 01:53:00+00:00,0.6913,0.6913,0.6913,0.6913,2
2026-07-14 01:54:00+00:00,0.6914,0.6914,0.6914,0.6914,1
2026-07-14 01:57:00+00:00,0.6913,0.6913,0.6913,0.6913,5
2026-07-14 02:00:00+00:00,0.6913,0.6913,0.6913,0.6913,2
2026-07-14 02:03:00+00:00,0.6914,0.6914,0.6914,0.6914,1
2026-07-14 02:06:00+00:00,0.6916,0.6916,0.6916,0.6916,3
2026-07-14 02:07:00+00:00,0.6916,0.6916,0.6916,0.6916,7
2026-07-14 02:09:00+00:00,0.6916,0.6916,0.6916,0.6916,2
2026-07-14 02:13:00+00:00,0.6916,0.6916,0.6916,0.6916,6
2026-07-14 02:14:00+00:00,0.6916,0.6916,0.6916,0.6916,1
2026-07-14 02:17:00+00:00,0.6916,0.6916,0.6916,0.6916,9
2026-07-14 02:20:00+00:00,0.6917,0.6917,0.6917,0.6917,7
2026-07-14 02:21:00+00:00,0.6917,0.6917,0.6917,0.6917,7
2026-07-14 02:22:00+00:00,0.6917,0.6917,0.6917,0.6917,1
2026-07-14 02:25:00+00:00,0.6917,0.6917,0.6917,0.6917,11
2026-07-14 02:28:00+00:00,0.6917,0.6917,0.6917,0.6917,7
2026-07-14 02:30:00+00:00,0.6918,0.6918,0.6918,0.6918,3
2026-07-14 02:31:00+00:00,0.6918,0.6918,0.6918,0.6918,3
2026-07-14 02:36:00+00:00,0.6917,0.6917,0.6916,0.6916,11
2026-07-14 02:38:00+00:00,0.6918,0.6918,0.6918,0.6918,2
2026-07-14 02:39:00+00:00,0.6918,0.6919,0.6918,0.6918,7
2026-07-14 02:40:00+00:00,0.6919,0.6919,0.6919,0.6919,3
2026-07-14 02:41:00+00:00,0.692,0.692,0.692,0.692,46
2026-07-14 02:42:00+00:00,0.692,0.692,0.692,0.692,1
2026-07-14 02:44:00+00:00,0.692,0.692,0.692,0.692,10
2026-07-14 02:45:00+00:00,0.692,0.692,0.692,0.692,2
2026-07-14 02:48:00+00:00,0.692,0.692,0.692,0.692,1
2026-07-14 02:55:00+00:00,0.6917,0.6917,0.6917,0.6917,1
2026-07-14 02:57:00+00:00,0.6917,0.6917,0.6917,0.6917,1
2026-07-14 03:01:00+00:00,0.6917,0.6917,0.6917,0.6917,5
2026-07-14 03:02:00+00:00,0.6917,0.6917,0.6917,0.6917,1
2026-07-14 03:03:00+00:00,0.6916,0.6916,0.6915,0.6915,7
2026-07-14 03:06:00+00:00,0.6916,0.6916,0.6916,0.6916,1
2026-07-14 03:10:00+00:00,0.6915,0.6915,0.6915,0.6915,1
2026-07-14 03:13:00+00:00,0.6916,0.6916,0.6916,0.6916,2
2026-07-14 03:14:00+00:00,0.6915,0.6915,0.6915,0.6915,1
2026-07-14 03:18:00+00:00,0.6916,0.6916,0.6916,0.6916,2
2026-07-14 03:21:00+00:00,0.6915,0.6916,0.6915,0.6916,8
2026-07-14 03:23:00+00:00,0.6916,0.6916,0.6915,0.6915,2
2026-07-14 03:24:00+00:00,0.6917,0.6917,0.6917,0.6917,1
2026-07-14 03:25:00+00:00,0.6918,0.6918,0.6918,0.6918,1
2026-07-14 03:28:00+00:00,0.6919,0.6919,0.6919,0.6919,1
2026-07-14 03:30:00+00:00,0.692,0.6922,0.692,0.6922,11
2026-07-14 03:32:00+00:00,0.6921,0.6922,0.6921,0.6921,12
2026-07-14 03:34:00+00:00,0.6921,0.6921,0.692,0.692,2
2026-07-14 03:37:00+00:00,0.6922,0.6922,0.6922,0.6922,2
2026-07-14 03:38:00+00:00,0.6922,0.6924,0.6922,0.6923,40
2026-07-14 03:39:00+00:00,0.6922,0.6924,0.6922,0.6924,2
2026-07-14 03:41:00+00:00,0.6922,0.6922,0.6922,0.6922,2
2026-07-14 03:42:00+00:00,0.6922,0.6922,0.6921,0.6921,6
2026-07-14 03:44:00+00:00,0.6922,0.6922,0.6922,0.6922,5
2026-07-14 03:46:00+00:00,0.6922,0.6922,0.6922,0.6922,7
2026-07-14 03:49:00+00:00,0.6924,0.6924,0.6924,0.6924,8
2026-07-14 03:51:00+00:00,0.6924,0.6924,0.6924,0.6924,3
2026-07-14 03:53:00+00:00,0.6925,0.6925,0.6925,0.6925,3
2026-07-14 03:54:00+00:00,0.6925,0.6925,0.6925,0.6925,1
2026-07-14 03:55:00+00:00,0.6925,0.6925,0.6925,0.6925,2
2026-07-14 03:58:00+00:00,0.6924,0.6924,0.6924,0.6924,4
2026-07-14 04:01:00+00:00,0.6924,0.6924,0.6924,0.6924,1
2026-07-14 04:02:00+00:00,0.6924,0.6924,0.6924,0.6924,1
2026-07-14 04:03:00+00:00,0.6925,0.6927,0.6925,0.6927,16
2026-07-14 04:04:00+00:00,0.6925,0.6925,0.6924,0.6924,12
2026-07-14 04:05:00+00:00,0.6925,0.6925,0.6925,0.6925,1
2026-07-14 04:06:00+00:00,0.6925,0.6925,0.6925,0.6925,2
2026-07-14 04:08:00+00:00,0.6924,0.6924,0.6924,0.6924,1
2026-07-14 04:09:00+00:00,0.6923,0.6923,0.6923,0.6923,1
2026-07-14 04:11:00+00:00,0.6922,0.6922,0.6922,0.6922,1
2026-07-14 04:15:00+00:00,0.6924,0.6924,0.6924,0.6924,1
2026-07-14 04:16:00+00:00,0.6925,0.6925,0.6925,0.6925,1
2026-07-14 04:19:00+00:00,0.6924,0.6924,0.6924,0.6924,3
2026-07-14 04:20:00+00:00,0.6924,0.6924,0.6924,0.6924,2
2026-07-14 04:21:00+00:00,0.6924,0.6924,0.6924,0.6924,5
2026-07-14 04:28:00+00:00,0.6922,0.6922,0.6922,0.6922,1
2026-07-14 04:30:00+00:00,0.6921,0.6922,0.6921,0.6922,8
2026-07-14 04:31:00+00:00,0.6922,0.6922,0.6922,0.6922,6
2026-07-14 04:33:00+00:00,0.6923,0.6923,0.6923,0.6923,6
2026-07-14 04:34:00+00:00,0.6923,0.6923,0.6923,0.6923,1
2026-07-14 04:35:00+00:00,0.6923,0.6923,0.6923,0.6923,1
2026-07-14 04:36:00+00:00,0.6923,0.6923,0.6923,0.6923,1
2026-07-14 04:39:00+00:00,0.6924,0.6925,0.6924,0.6925,47
2026-07-14 04:46:00+00:00,0.6925,0.6925,0.6925,0.6925,1
2026-07-14 04:48:00+00:00,0.6924,0.6924,0.6923,0.6923,5
2026-07-14 04:50:00+00:00,0.6923,0.6923,0.6923,0.6923,3
2026-07-14 04:53:00+00:00,0.6923,0.6923,0.6923,0.6923,1
2026-07-14 04:54:00+00:00,0.6923,0.6924,0.6923,0.6924,10
2026-07-14 04:57:00+00:00,0.6925,0.6925,0.6925,0.6925,1
2026-07-14 04:59:00+00:00,0.6926,0.6926,0.6926,0.6926,4
2026-07-14 05:03:00+00:00,0.6927,0.6927,0.6927,0.6927,13
2026-07-14 05:05:00+00:00,0.6926,0.6926,0.6926,0.6926,1
2026-07-14 05:06:00+00:00,0.6927,0.6927,0.6927,0.6927,5
2026-07-14 05:10:00+00:00,0.6927,0.6927,0.6927,0.6927,6
2026-07-14 05:12:00+00:00,0.6927,0.6927,0.6927,0.6927,1
2026-07-14 05:13:00+00:00,0.6927,0.6927,0.6927,0.6927,3
2026-07-14 05:14:00+00:00,0.6927,0.6927,0.6927,0.6927,13
2026-07-14 05:15:00+00:00,0.6927,0.6927,0.6927,0.6927,5
2026-07-14 05:19:00+00:00,0.6927,0.6927,0.6927,0.6927,15
2026-07-14 05:22:00+00:00,0.6927,0.6928,0.6927,0.6928,4
2026-07-14 05:24:00+00:00,0.6928,0.6928,0.6927,0.6927,3
2026-07-14 05:26:00+00:00,0.6928,0.6928,0.6927,0.6927,13
2026-07-14 05:28:00+00:00,0.6928,0.6928,0.6928,0.6928,1
2026-07-14 05:30:00+00:00,0.6929,0.6929,0.6929,0.6929,4
2026-07-14 05:31:00+00:00,0.6929,0.6931,0.6929,0.693,65
2026-07-14 05:32:00+00:00,0.6931,0.6931,0.6931,0.6931,11
2026-07-14 05:34:00+00:00,0.693,0.693,0.6929,0.6929,8
2026-07-14 05:35:00+00:00,0.6929,0.6929,0.6929,0.6929,9
2026-07-14 05:37:00+00:00,0.6929,0.6929,0.6929,0.6929,3
2026-07-14 05:38:00+00:00,0.6928,0.6928,0.6928,0.6928,1
2026-07-14 05:41:00+00:00,0.6928,0.6928,0.6927,0.6927,14
2026-07-14 05:43:00+00:00,0.6929,0.6929,0.6929,0.6929,2
2026-07-14 05:47:00+00:00,0.6929,0.6929,0.6929,0.6929,3
2026-07-14 05:53:00+00:00,0.6927,0.6927,0.6927,0.6927,2
2026-07-14 05:54:00+00:00,0.6927,0.6927,0.6927,0.6927,1
2026-07-14 05:55:00+00:00,0.6927,0.6927,0.6927,0.6927,3
2026-07-14 06:00:00+00:00,0.6927,0.6927,0.6927,0.6927,4
2026-07-14 06:06:00+00:00,0.6926,0.6926,0.6926,0.6926,1
2026-07-14 06:07:00+00:00,0.6927,0.6927,0.6927,0.6927,1
2026-07-14 06:09:00+00:00,0.6926,0.6926,0.6926,0.6926,2
2026-07-14 06:10:00+00:00,0.6927,0.6927,0.6927,0.6927,5
2026-07-14 06:11:00+00:00,0.6927,0.6927,0.6927,0.6927,1
2026-07-14 06:16:00+00:00,0.6925,0.6925,0.6925,0.6925,1
2026-07-14 06:28:00+00:00,0.6924,0.6924,0.6924,0.6924,1
2026-07-14 06:31:00+00:00,0.6926,0.6926,0.6926,0.6926,2
2026-07-14 06:49:00+00:00,0.6923,0.6923,0.6923,0.6923,1
2026-07-14 06:59:00+00:00,0.6922,0.6922,0.6922,0.6922,35
2026-07-14 07:00:00+00:00,0.6921,0.6921,0.6921,0.6921,26
2026-07-14 07:01:00+00:00,0.6921,0.6921,0.6921,0.6921,3
2026-07-14 07:04:00+00:00,0.6923,0.6923,0.6923,0.6923,1
2026-07-14 07:09:00+00:00,0.6926,0.6926,0.6926,0.6926,1
2026-07-14 07:11:00+00:00,0.6925,0.6925,0.6925,0.6925,1
2026-07-14 07:12:00+00:00,0.6927,0.6927,0.6927,0.6927,1
2026-07-14 07:14:00+00:00,0.6926,0.6926,0.6926,0.6926,1
2026-07-14 07:15:00+00:00,0.6927,0.6927,0.6927,0.6927,2
2026-07-14 07:16:00+00:00,0.6928,0.6928,0.6928,0.6928,4
2026-07-14 07:19:00+00:00,0.6928,0.6928,0.6928,0.6928,1
2026-07-14 07:22:00+00:00,0.6928,0.6928,0.6928,0.6928,43
2026-07-14 07:23:00+00:00,0.693,0.693,0.693,0.693,10
2026-07-14 07:24:00+00:00,0.693,0.693,0.693,0.693,2
2026-07-14 07:25:00+00:00,0.6931,0.6932,0.6931,0.6932,19
2026-07-14 07:26:00+00:00,0.6932,0.6932,0.6932,0.6932,1
2026-07-14 07:27:00+00:00,0.6931,0.6931,0.6931,0.6931,35
2026-07-14 07:29:00+00:00,0.6932,0.6932,0.6932,0.6932,57
2026-07-14 07:30:00+00:00,0.6932,0.6932,0.6932,0.6932,2
2026-07-14 07:31:00+00:00,0.6931,0.6931,0.6931,0.6931,1
2026-07-14 07:32:00+00:00,0.693,0.6931,0.693,0.6931,6
2026-07-14 07:38:00+00:00,0.6932,0.6934,0.6932,0.6933,10
2026-07-14 07:39:00+00:00,0.6933,0.6933,0.6933,0.6933,2
2026-07-14 07:40:00+00:00,0.6933,0.6933,0.6933,0.6933,1
2026-07-14 07:41:00+00:00,0.6933,0.6933,0.6933,0.6933,1
2026-07-14 07:44:00+00:00,0.6932,0.6932,0.6932,0.6932,4
2026-07-14 07:45:00+00:00,0.6933,0.6933,0.6933,0.6933,1
2026-07-14 07:46:00+00:00,0.6932,0.6933,0.6932,0.6933,2
2026-07-14 07:47:00+00:00,0.6934,0.6934,0.6934,0.6934,1
2026-07-14 07:48:00+00:00,0.6934,0.6934,0.6934,0.6934,1
2026-07-14 07:49:00+00:00,0.6935,0.6936,0.6935,0.6936,8
2026-07-14 07:52:00+00:00,0.6934,0.6934,0.6934,0.6934,2
2026-07-14 07:53:00+00:00,0.6934,0.6934,0.6934,0.6934,2
2026-07-14 07:54:00+00:00,0.6935,0.6935,0.6935,0.6935,1
2026-07-14 07:56:00+00:00,0.6934,0.6934,0.6934,0.6934,5
2026-07-14 07:57:00+00:00,0.6935,0.6935,0.6935,0.6935,1
2026-07-14 07:57:00+00:00,0.6928,0.6928,0.6928,0.6928,1
2026-07-14 07:58:00+00:00,0.6933,0.6934,0.6933,0.6934,10
2026-07-14 08:01:00+00:00,0.6934,0.6934,0.6934,0.6934,15
2026-07-14 08:05:00+00:00,0.6933,0.6933,0.6933,0.6933,6
2026-07-14 08:08:00+00:00,0.6931,0.6932,0.6931,0.6932,16
2026-07-14 08:11:00+00:00,0.6931,0.6931,0.6931,0.6931,1
2026-07-14 08:13:00+00:00,0.6931,0.6931,0.6931,0.6931,3
2026-07-14 08:16:00+00:00,0.693,0.693,0.693,0.693,3
2026-07-14 08:17:00+00:00,0.693,0.693,0.693,0.693,3
2026-07-14 08:18:00+00:00,0.693,0.693,0.693,0.693,1
2026-07-14 08:21:00+00:00,0.6931,0.6931,0.6931,0.6931,3
2026-07-14 08:26:00+00:00,0.6932,0.6932,0.6932,0.6932,2
2026-07-14 08:28:00+00:00,0.6933,0.6933,0.6932,0.6932,5
2026-07-14 08:29:00+00:00,0.6932,0.6932,0.6932,0.6932,1
2026-07-14 08:30:00+00:00,0.6932,0.6932,0.6932,0.6932,4
2026-07-14 08:34:00+00:00,0.6933,0.6933,0.6933,0.6933,5
2026-07-14 08:37:00+00:00,0.6932,0.6932,0.6932,0.6932,4
2026-07-14 08:40:00+00:00,0.6934,0.6936,0.6934,0.6936,18
2026-07-14 08:42:00+00:00,0.6936,0.6936,0.6936,0.6936,7
2026-07-14 08:49:00+00:00,0.6937,0.6937,0.6936,0.6936,8
2026-07-14 08:50:00+00:00,0.6936,0.6936,0.6936,0.6936,1
2026-07-14 08:51:00+00:00,0.6935,0.6935,0.6935,0.6935,6
2026-07-14 08:54:00+00:00,0.6936,0.6936,0.6936,0.6936,1
2026-07-14 08:56:00+00:00,0.6936,0.6936,0.6936,0.6936,1
2026-07-14 08:57:00+00:00,0.6935,0.6935,0.6935,0.6935,4
2026-07-14 08:59:00+00:00,0.6936,0.6936,0.6936,0.6936,5
2026-07-14 09:01:00+00:00,0.6938,0.6939,0.6938,0.6939,38
2026-07-14 09:02:00+00:00,0.6938,0.6938,0.6937,0.6937,100
2026-07-14 09:03:00+00:00,0.6939,0.6939,0.6939,0.6939,2
2026-07-14 09:04:00+00:00,0.6939,0.694,0.6939,0.694,10
2026-07-14 09:05:00+00:00,0.694,0.694,0.694,0.694,1
2026-07-14 09:06:00+00:00,0.6939,0.6939,0.6939,0.6939,1
2026-07-14 09:07:00+00:00,0.694,0.6941,0.694,0.6941,100
2026-07-14 09:10:00+00:00,0.6941,0.6943,0.6941,0.6943,60
2026-07-14 09:11:00+00:00,0.6942,0.6942,0.6942,0.6942,27
2026-07-14 09:12:00+00:00,0.6943,0.6943,0.6943,0.6943,6
2026-07-14 09:13:00+00:00,0.6943,0.6945,0.6943,0.6945,37
2026-07-14 09:14:00+00:00,0.6945,0.6945,0.6945,0.6945,3
2026-07-14 09:15:00+00:00,0.6944,0.6944,0.6944,0.6944,5
2026-07-14 09:16:00+00:00,0.6944,0.6944,0.6943,0.6943,6
2026-07-14 09:17:00+00:00,0.6942,0.6942,0.6942,0.6942,4
2026-07-14 09:18:00+00:00,0.6941,0.6941,0.6941,0.6941,17
2026-07-14 09:22:00+00:00,0.6943,0.6943,0.6943,0.6943,1
2026-07-14 09:23:00+00:00,0.6941,0.6941,0.6941,0.6941,1
2026-07-14 09:26:00+00:00,0.6941,0.6941,0.6941,0.6941,1
2026-07-14 09:28:00+00:00,0.6941,0.6941,0.6941,0.6941,1
2026-07-14 09:29:00+00:00,0.6941,0.6941,0.6941,0.6941,2
2026-07-14 09:30:00+00:00,0.6941,0.6941,0.6941,0.6941,12
2026-07-14 09:34:00+00:00,0.6941,0.6941,0.6941,0.6941,2
2026-07-14 09:35:00+00:00,0.6941,0.6942,0.6941,0.6942,3
2026-07-14 09:37:00+00:00,0.6942,0.6942,0.6942,0.6942,2
2026-07-14 09:46:00+00:00,0.6941,0.6941,0.6941,0.6941,1
2026-07-14 09:47:00+00:00,0.6943,0.6943,0.6943,0.6943,1
2026-07-14 09:48:00+00:00,0.6944,0.6945,0.6944,0.6945,2
2026-07-14 09:49:00+00:00,0.6945,0.6945,0.6944,0.6945,4
2026-07-14 09:51:00+00:00,0.6945,0.6945,0.6945,0.6945,1
2026-07-14 09:52:00+00:00,0.6945,0.6945,0.6945,0.6945,1
2026-07-14 09:54:00+00:00,0.6945,0.6945,0.6945,0.6945,1
2026-07-14 09:55:00+00:00,0.6946,0.6947,0.6945,0.6945,27
2026-07-14 09:56:00+00:00,0.6946,0.6946,0.6946,0.6946,1
2026-07-14 09:57:00+00:00,0.6945,0.6946,0.6945,0.6946,12
2026-07-14 09:58:00+00:00,0.6945,0.6945,0.6945,0.6945,1
2026-07-14 10:00:00+00:00,0.6944,0.6944,0.6944,0.6944,7
2026-07-14 10:02:00+00:00,0.6945,0.6945,0.6945,0.6945,3
2026-07-14 10:07:00+00:00,0.6945,0.6945,0.6945,0.6945,1
2026-07-14 10:12:00+00:00,0.6943,0.6943,0.6943,0.6943,17
2026-07-14 10:14:00+00:00,0.6941,0.6942,0.6941,0.6942,7
2026-07-14 10:15:00+00:00,0.6941,0.6941,0.6941,0.6941,4
2026-07-14 10:16:00+00:00,0.6942,0.6942,0.6942,0.6942,1
2026-07-14 10:22:00+00:00,0.694,0.694,0.6939,0.694,15
2026-07-14 10:27:00+00:00,0.694,0.694,0.694,0.694,1
2026-07-14 10:29:00+00:00,0.6939,0.6939,0.6939,0.6939,1
2026-07-14 10:31:00+00:00,0.6939,0.6939,0.6938,0.6938,38
2026-07-14 10:32:00+00:00,0.6938,0.6938,0.6938,0.6938,1
2026-07-14 10:34:00+00:00,0.6937,0.6937,0.6937,0.6937,6
2026-07-14 10:36:00+00:00,0.6937,0.6937,0.6937,0.6937,5
2026-07-14 10:37:00+00:00,0.6939,0.6939,0.6939,0.6939,3
2026-07-14 10:38:00+00:00,0.6939,0.6939,0.6938,0.6938,3
2026-07-14 10:39:00+00:00,0.6938,0.6938,0.6937,0.6937,7
2026-07-14 10:41:00+00:00,0.6935,0.6935,0.6935,0.6935,7
2026-07-14 10:43:00+00:00,0.6935,0.6935,0.6935,0.6935,1
2026-07-14 10:44:00+00:00,0.6935,0.6935,0.6935,0.6935,2
2026-07-14 10:52:00+00:00,0.6935,0.6935,0.6935,0.6935,1
2026-07-14 10:54:00+00:00,0.6935,0.6935,0.6935,0.6935,2
2026-07-14 10:57:00+00:00,0.6934,0.6934,0.6934,0.6934,1
2026-07-14 10:59:00+00:00,0.6934,0.6934,0.6933,0.6933,2
2026-07-14 11:00:00+00:00,0.6932,0.6932,0.6932,0.6932,1
2026-07-14 11:01:00+00:00,0.6932,0.6932,0.6932,0.6932,1
2026-07-14 11:04:00+00:00,0.6932,0.6932,0.6932,0.6932,1
2026-07-14 11:05:00+00:00,0.6932,0.6932,0.6932,0.6932,3
2026-07-14 11:07:00+00:00,0.6933,0.6933,0.6933,0.6933,7
2026-07-14 11:09:00+00:00,0.6932,0.6932,0.6932,0.6932,16
2026-07-14 11:10:00+00:00,0.6933,0.6933,0.6933,0.6933,12
2026-07-14 11:11:00+00:00,0.6932,0.6932,0.6932,0.6932,10
2026-07-14 11:13:00+00:00,0.6933,0.6933,0.6933,0.6933,1
2026-07-14 11:15:00+00:00,0.6933,0.6933,0.6933,0.6933,1
2026-07-14 11:20:00+00:00,0.6932,0.6932,0.6932,0.6932,1
2026-07-14 11:22:00+00:00,0.6933,0.6933,0.6933,0.6933,2
2026-07-14 11:23:00+00:00,0.6933,0.6933,0.6933,0.6933,2
2026-07-14 11:24:00+00:00,0.6934,0.6934,0.6934,0.6934,6
2026-07-14 11:25:00+00:00,0.6934,0.6934,0.6934,0.6934,1
2026-07-14 11:28:00+00:00,0.6935,0.6935,0.6935,0.6935,2
2026-07-14 11:29:00+00:00,0.6934,0.6934,0.6934,0.6934,3
2026-07-14 11:30:00+00:00,0.6935,0.6935,0.6935,0.6935,2
2026-07-14 11:36:00+00:00,0.6936,0.6936,0.6936,0.6936,2
2026-07-14 11:37:00+00:00,0.6936,0.6936,0.6936,0.6936,2
2026-07-14 11:39:00+00:00,0.6936,0.6936,0.6936,0.6936,2
2026-07-14 11:40:00+00:00,0.6936,0.6936,0.6936,0.6936,2
2026-07-14 11:47:00+00:00,0.6936,0.6936,0.6936,0.6936,16
2026-07-14 11:54:00+00:00,0.6938,0.6938,0.6938,0.6938,16
2026-07-14 11:55:00+00:00,0.6937,0.6937,0.6937,0.6937,1
2026-07-14 11:56:00+00:00,0.6938,0.6938,0.6938,0.6938,1
2026-07-14 11:59:00+00:00,0.6937,0.6937,0.6937,0.6937,2
2026-07-14 12:00:00+00:00,0.6936,0.6936,0.6936,0.6936,2
2026-07-14 12:03:00+00:00,0.6937,0.6937,0.6937,0.6937,1
2026-07-14 12:06:00+00:00,0.6935,0.6935,0.6935,0.6935,1
2026-07-14 12:08:00+00:00,0.6934,0.6935,0.6934,0.6934,6
2026-07-14 12:13:00+00:00,0.6935,0.6935,0.6935,0.6935,2
2026-07-14 12:14:00+00:00,0.6934,0.6934,0.6933,0.6933,8
2026-07-14 12:16:00+00:00,0.6935,0.6935,0.6935,0.6935,5
2026-07-14 12:19:00+00:00,0.6935,0.6935,0.6935,0.6935,1
2026-07-14 12:20:00+00:00,0.6936,0.6937,0.6936,0.6936,11
2026-07-14 12:21:00+00:00,0.6936,0.6936,0.6936,0.6936,3
2026-07-14 12:22:00+00:00,0.6937,0.6937,0.6937,0.6937,1
2026-07-14 12:23:00+00:00,0.6937,0.694,0.6937,0.6939,14
2026-07-14 12:24:00+00:00,0.694,0.694,0.694,0.694,1
2026-07-14 12:25:00+00:00,0.6939,0.694,0.6939,0.694,4
2026-07-14 12:26:00+00:00,0.6928,0.6928,0.6928,0.6928,1
2026-07-14 12:26:00+00:00,0.6938,0.6938,0.6938,0.6938,7
2026-07-14 12:27:00+00:00,0.6938,0.6939,0.6938,0.6939,5
2026-07-14 12:28:00+00:00,0.6938,0.6938,0.6938,0.6938,1
2026-07-14 12:29:00+00:00,0.6939,0.6939,0.6939,0.6939,4
2026-07-14 12:30:00+00:00,0.6951,0.6959,0.6951,0.6959,3
2026-07-14 12:30:00+00:00,0.694,0.699,0.694,0.6973,274
2026-07-14 12:31:00+00:00,0.6975,0.6977,0.6966,0.6968,104
2026-07-14 12:32:00+00:00,0.6967,0.6968,0.6965,0.6966,35
2026-07-14 12:33:00+00:00,0.6966,0.6967,0.6965,0.6966,36
2026-07-14 12:34:00+00:00,0.6966,0.6967,0.6965,0.6967,31
2026-07-14 12:35:00+00:00,0.6966,0.6968,0.6965,0.6965,116
2026-07-14 12:36:00+00:00,0.6966,0.6966,0.6963,0.6964,25
2026-07-14 12:37:00+00:00,0.6964,0.6964,0.6961,0.6962,23
2026-07-14 12:38:00+00:00,0.6961,0.6964,0.6961,0.6964,16
2026-07-14 12:39:00+00:00,0.6964,0.6964,0.6962,0.6963,13
2026-07-14 12:40:00+00:00,0.6965,0.6969,0.6965,0.6969,61
2026-07-14 12:41:00+00:00,0.6967,0.6971,0.6967,0.6971,15
2026-07-14 12:41:00+00:00,0.6959,0.6959,0.6959,0.6959,1
2026-07-14 12:42:00+00:00,0.6971,0.6974,0.697,0.6974,21
2026-07-14 12:43:00+00:00,0.6974,0.6976,0.6973,0.6973,13
2026-07-14 12:44:00+00:00,0.6973,0.6974,0.6972,0.6974,9
2026-07-14 12:45:00+00:00,0.6973,0.6975,0.6972,0.6975,10
2026-07-14 12:46:00+00:00,0.6974,0.6974,0.6973,0.6973,19
2026-07-14 12:47:00+00:00,0.6961,0.6961,0.6961,0.6961,1
2026-07-14 12:47:00+00:00,0.6973,0.6974,0.6972,0.6973,64
2026-07-14 12:48:00+00:00,0.6961,0.6961,0.6961,0.6961,1
2026-07-14 12:48:00+00:00,0.6972,0.6972,0.6969,0.6969,13
2026-07-14 12:49:00+00:00,0.6969,0.6969,0.6969,0.6969,3
2026-07-14 12:50:00+00:00,0.6969,0.6969,0.6969,0.6969,2
2026-07-14 12:51:00+00:00,0.6968,0.6968,0.6966,0.6966,3
2026-07-14 12:52:00+00:00,0.6954,0.6954,0.6954,0.6954,2
2026-07-14 12:52:00+00:00,0.6965,0.6965,0.6965,0.6965,1
2026-07-14 12:53:00+00:00,0.6966,0.6966,0.6966,0.6966,1
2026-07-14 12:54:00+00:00,0.6963,0.6963,0.6963,0.6963,1
2026-07-14 12:55:00+00:00,0.6964,0.6964,0.6964,0.6964,10
2026-07-14 12:56:00+00:00,0.6963,0.6963,0.6959,0.6959,4
2026-07-14 12:57:00+00:00,0.6961,0.6961,0.696,0.696,6
2026-07-14 12:58:00+00:00,0.696,0.696,0.696,0.696,2
2026-07-14 13:00:00+00:00,0.6964,0.6965,0.6964,0.6965,8
2026-07-14 13:01:00+00:00,0.6966,0.6966,0.6966,0.6966,5
2026-07-14 13:02:00+00:00,0.6967,0.6967,0.6966,0.6966,69
2026-07-14 13:03:00+00:00,0.6962,0.6963,0.6962,0.6963,8
2026-07-14 13:04:00+00:00,0.6963,0.6963,0.6963,0.6963,6
2026-07-14 13:05:00+00:00,0.6965,0.6965,0.6965,0.6965,11
2026-07-14 13:07:00+00:00,0.6967,0.6967,0.6967,0.6967,1
2026-07-14 13:08:00+00:00,0.6967,0.6967,0.6967,0.6967,1
2026-07-14 13:09:00+00:00,0.6965,0.6965,0.6965,0.6965,4
2026-07-14 13:10:00+00:00,0.6965,0.6966,0.6965,0.6966,5
2026-07-14 13:11:00+00:00,0.6965,0.6966,0.6965,0.6966,11
2026-07-14 13:12:00+00:00,0.6966,0.6966,0.6966,0.6966,9
2026-07-14 13:13:00+00:00,0.6962,0.6962,0.6962,0.6962,8
2026-07-14 13:14:00+00:00,0.6962,0.6962,0.6962,0.6962,3
2026-07-14 13:16:00+00:00,0.6964,0.6964,0.6963,0.6963,8
2026-07-14 13:17:00+00:00,0.6964,0.6964,0.6964,0.6964,1
2026-07-14 13:19:00+00:00,0.6965,0.6966,0.6965,0.6965,54
2026-07-14 13:20:00+00:00,0.6961,0.6961,0.6961,0.6961,13
2026-07-14 13:21:00+00:00,0.6963,0.6966,0.6963,0.6966,6
2026-07-14 13:22:00+00:00,0.6965,0.6966,0.6965,0.6966,10
2026-07-14 13:23:00+00:00,0.6966,0.6966,0.6966,0.6966,1
2026-07-14 13:24:00+00:00,0.6966,0.6967,0.6966,0.6967,2
2026-07-14 13:26:00+00:00,0.6967,0.6967,0.6967,0.6967,1
2026-07-14 13:27:00+00:00,0.6969,0.6971,0.6969,0.6971,12
2026-07-14 13:28:00+00:00,0.6969,0.6969,0.6969,0.6969,1
2026-07-14 13:29:00+00:00,0.6967,0.6967,0.6967,0.6967,2
2026-07-14 13:30:00+00:00,0.6967,0.6971,0.6967,0.6971,20
2026-07-14 13:31:00+00:00,0.6969,0.6969,0.6969,0.6969,3
2026-07-14 13:32:00+00:00,0.6968,0.6968,0.6967,0.6967,4
2026-07-14 13:33:00+00:00,0.6967,0.6967,0.6967,0.6967,11
2026-07-14 13:34:00+00:00,0.6968,0.6968,0.6968,0.6968,4
2026-07-14 13:35:00+00:00,0.6968,0.6968,0.6968,0.6968,7
2026-07-14 13:36:00+00:00,0.6967,0.6969,0.6967,0.6969,6
2026-07-14 13:38:00+00:00,0.6961,0.6961,0.6961,0.6961,2
2026-07-14 13:38:00+00:00,0.6971,0.6971,0.6971,0.6971,2
2026-07-14 13:39:00+00:00,0.6972,0.6973,0.6971,0.6972,14
2026-07-14 13:40:00+00:00,0.6972,0.6972,0.6971,0.6972,5
2026-07-14 13:41:00+00:00,0.6972,0.6972,0.6971,0.6972,6
2026-07-14 13:42:00+00:00,0.6971,0.6971,0.6971,0.6971,5
2026-07-14 13:43:00+00:00,0.697,0.697,0.697,0.697,2
2026-07-14 13:44:00+00:00,0.6972,0.6972,0.6972,0.6972,18
2026-07-14 13:45:00+00:00,0.6972,0.6972,0.6972,0.6972,3
2026-07-14 13:46:00+00:00,0.6971,0.6971,0.6969,0.6969,7
2026-07-14 13:47:00+00:00,0.697,0.697,0.697,0.697,6
2026-07-14 13:48:00+00:00,0.6973,0.6973,0.6972,0.6972,6
2026-07-14 13:49:00+00:00,0.6972,0.6973,0.6972,0.6973,3
2026-07-14 13:50:00+00:00,0.6973,0.6974,0.6973,0.6974,23
2026-07-14 13:51:00+00:00,0.6973,0.6974,0.6973,0.6974,18
2026-07-14 13:52:00+00:00,0.6973,0.6973,0.6973,0.6973,1
2026-07-14 13:53:00+00:00,0.6974,0.6974,0.6974,0.6974,6
2026-07-14 13:54:00+00:00,0.6975,0.6976,0.6975,0.6976,3
2026-07-14 13:56:00+00:00,0.6975,0.6975,0.6975,0.6975,1
2026-07-14 13:57:00+00:00,0.6975,0.6975,0.6975,0.6975,1
2026-07-14 13:58:00+00:00,0.6974,0.6974,0.6973,0.6973,6
2026-07-14 13:59:00+00:00,0.6974,0.6974,0.6974,0.6974,7
2026-07-14 14:00:00+00:00,0.6973,0.6975,0.6973,0.6975,6
2026-07-14 14:01:00+00:00,0.6976,0.6977,0.6976,0.6977,11
2026-07-14 14:02:00+00:00,0.6976,0.6976,0.6976,0.6976,4
2026-07-14 14:03:00+00:00,0.6976,0.6979,0.6976,0.6979,34
2026-07-14 14:04:00+00:00,0.6978,0.6978,0.6978,0.6978,1
2026-07-14 14:05:00+00:00,0.6976,0.6977,0.6976,0.6976,4
2026-07-14 14:06:00+00:00,0.6977,0.6977,0.6976,0.6976,5
2026-07-14 14:12:00+00:00,0.6977,0.6977,0.6977,0.6977,1
2026-07-14 14:13:00+00:00,0.6978,0.6978,0.6978,0.6978,2
2026-07-14 14:14:00+00:00,0.6977,0.6977,0.6976,0.6976,4
2026-07-14 14:15:00+00:00,0.6974,0.6974,0.6974,0.6974,1
2026-07-14 14:16:00+00:00,0.6973,0.6973,0.6973,0.6973,2
2026-07-14 14:17:00+00:00,0.6974,0.6974,0.6973,0.6973,2
2026-07-14 14:18:00+00:00,0.6973,0.6975,0.6973,0.6975,5
2026-07-14 14:19:00+00:00,0.6977,0.6977,0.6977,0.6977,6
2026-07-14 14:20:00+00:00,0.6977,0.6978,0.6977,0.6978,13
2026-07-14 14:21:00+00:00,0.6979,0.6979,0.6979,0.6979,6
2026-07-14 14:22:00+00:00,0.698,0.6981,0.698,0.6981,11
2026-07-14 14:23:00+00:00,0.6982,0.6982,0.6981,0.6981,8
2026-07-14 14:24:00+00:00,0.6978,0.6978,0.6977,0.6977,4
2026-07-14 14:25:00+00:00,0.6976,0.6976,0.6976,0.6976,1
2026-07-14 14:26:00+00:00,0.6975,0.6976,0.6973,0.6976,29
2026-07-14 14:27:00+00:00,0.6975,0.6975,0.6973,0.6973,6
2026-07-14 14:28:00+00:00,0.6973,0.6973,0.6973,0.6973,13
2026-07-14 14:28:00+00:00,0.696,0.696,0.696,0.696,1
2026-07-14 14:29:00+00:00,0.6973,0.6973,0.6972,0.6972,9
2026-07-14 14:30:00+00:00,0.6972,0.6972,0.6972,0.6972,2
2026-07-14 14:31:00+00:00,0.6972,0.6972,0.6972,0.6972,1
2026-07-14 14:32:00+00:00,0.6963,0.6963,0.6963,0.6963,1
2026-07-14 14:32:00+00:00,0.6972,0.6975,0.6972,0.6975,12
2026-07-14 14:34:00+00:00,0.6978,0.6987,0.6978,0.6979,324
2026-07-14 14:35:00+00:00,0.6978,0.6978,0.6977,0.6977,3
2026-07-14 14:36:00+00:00,0.6979,0.6979,0.6979,0.6979,1
2026-07-14 14:37:00+00:00,0.6979,0.6979,0.6979,0.6979,1
2026-07-14 14:38:00+00:00,0.6979,0.6981,0.6979,0.6981,4
2026-07-14 14:39:00+00:00,0.698,0.698,0.698,0.698,2
2026-07-14 14:40:00+00:00,0.6979,0.6979,0.6977,0.6977,3
2026-07-14 14:41:00+00:00,0.6978,0.6978,0.6978,0.6978,1
2026-07-14 14:42:00+00:00,0.6978,0.6978,0.6978,0.6978,5
2026-07-14 14:45:00+00:00,0.6979,0.6979,0.6978,0.6978,7
2026-07-14 14:46:00+00:00,0.6979,0.6979,0.6977,0.6977,24
2026-07-14 14:47:00+00:00,0.6978,0.6979,0.6978,0.6979,12
2026-07-14 14:50:00+00:00,0.6978,0.6978,0.6978,0.6978,3
2026-07-14 14:51:00+00:00,0.6979,0.6979,0.6979,0.6979,1
2026-07-14 14:53:00+00:00,0.6977,0.6977,0.6977,0.6977,1
2026-07-14 14:55:00+00:00,0.6978,0.6979,0.6978,0.6979,13
2026-07-14 14:56:00+00:00,0.698,0.698,0.698,0.698,2
2026-07-14 14:57:00+00:00,0.6979,0.698,0.6979,0.698,7
2026-07-14 15:00:00+00:00,0.6979,0.6979,0.6978,0.6978,3
2026-07-14 15:02:00+00:00,0.6978,0.6978,0.6978,0.6978,1
2026-07-14 15:03:00+00:00,0.698,0.698,0.698,0.698,30
2026-07-14 15:04:00+00:00,0.698,0.6985,0.698,0.6983,140
2026-07-14 15:05:00+00:00,0.6982,0.6982,0.6982,0.6982,10
2026-07-14 15:06:00+00:00,0.6982,0.6982,0.6982,0.6982,9
2026-07-14 15:07:00+00:00,0.6982,0.6983,0.6982,0.6983,6
2026-07-14 15:08:00+00:00,0.6984,0.6985,0.6984,0.6984,12
2026-07-14 15:09:00+00:00,0.6984,0.6984,0.6984,0.6984,2
2026-07-14 15:10:00+00:00,0.6984,0.6984,0.6984,0.6984,5
2026-07-14 15:11:00+00:00,0.6983,0.6983,0.6982,0.6982,8
2026-07-14 15:13:00+00:00,0.6984,0.6984,0.6984,0.6984,1
2026-07-14 15:14:00+00:00,0.6983,0.6983,0.6983,0.6983,2
2026-07-14 15:15:00+00:00,0.6983,0.6983,0.6983,0.6983,1
2026-07-14 15:16:00+00:00,0.6983,0.6983,0.6983,0.6983,3
2026-07-14 15:19:00+00:00,0.6981,0.6981,0.6981,0.6981,1
2026-07-14 15:22:00+00:00,0.6981,0.6981,0.6981,0.6981,1
2026-07-14 15:25:00+00:00,0.698,0.698,0.698,0.698,1
2026-07-14 15:27:00+00:00,0.698,0.698,0.698,0.698,5
2026-07-14 15:28:00+00:00,0.698,0.698,0.698,0.698,5
2026-07-14 15:30:00+00:00,0.6979,0.698,0.6979,0.698,6
2026-07-14 15:31:00+00:00,0.6978,0.6978,0.6978,0.6978,1
2026-07-14 15:32:00+00:00,0.698,0.698,0.698,0.698,1
2026-07-14 15:33:00+00:00,0.6978,0.6978,0.6977,0.6977,9
2026-07-14 15:34:00+00:00,0.6976,0.6976,0.6976,0.6976,4
2026-07-14 15:35:00+00:00,0.6976,0.6976,0.6976,0.6976,3
2026-07-14 15:37:00+00:00,0.6974,0.6975,0.6973,0.6975,7
2026-07-14 15:38:00+00:00,0.6975,0.6975,0.6975,0.6975,8
2026-07-14 15:39:00+00:00,0.6975,0.6975,0.6973,0.6973,8
2026-07-14 15:40:00+00:00,0.6973,0.6973,0.6972,0.6972,7
2026-07-14 15:41:00+00:00,0.6972,0.6972,0.6969,0.6969,24
2026-07-14 15:42:00+00:00,0.6969,0.697,0.6967,0.6968,23
2026-07-14 15:43:00+00:00,0.6969,0.6969,0.6969,0.6969,1
2026-07-14 15:44:00+00:00,0.6969,0.6969,0.6969,0.6969,1
2026-07-14 15:45:00+00:00,0.697,0.697,0.697,0.697,3
2026-07-14 15:47:00+00:00,0.6969,0.6969,0.6969,0.6969,4
2026-07-14 15:48:00+00:00,0.6971,0.6971,0.697,0.697,14
2026-07-14 15:50:00+00:00,0.6967,0.6967,0.6966,0.6966,3
2026-07-14 15:51:00+00:00,0.6966,0.6966,0.6965,0.6965,6
2026-07-14 15:52:00+00:00,0.6965,0.6965,0.6965,0.6965,9
2026-07-14 15:54:00+00:00,0.6967,0.6967,0.6965,0.6965,2
2026-07-14 15:55:00+00:00,0.6966,0.6966,0.6966,0.6966,5
2026-07-14 15:56:00+00:00,0.6967,0.6967,0.6966,0.6966,5
2026-07-14 15:58:00+00:00,0.6965,0.6965,0.6965,0.6965,1
2026-07-14 16:03:00+00:00,0.6963,0.6963,0.6962,0.6963,6
2026-07-14 16:04:00+00:00,0.6962,0.6962,0.6962,0.6962,1
2026-07-14 16:07:00+00:00,0.6962,0.6962,0.6962,0.6962,5
2026-07-14 16:08:00+00:00,0.6962,0.6962,0.6962,0.6962,1
2026-07-14 16:09:00+00:00,0.6962,0.6963,0.6962,0.6963,3
2026-07-14 16:10:00+00:00,0.6964,0.6964,0.6964,0.6964,5
2026-07-14 16:11:00+00:00,0.6964,0.6965,0.6964,0.6965,2
2026-07-14 16:15:00+00:00,0.6965,0.6965,0.6965,0.6965,2
2026-07-14 16:18:00+00:00,0.6965,0.6965,0.6965,0.6965,4
2026-07-14 16:21:00+00:00,0.6965,0.6965,0.6965,0.6965,1
2026-07-14 16:22:00+00:00,0.6964,0.6964,0.6964,0.6964,3
2026-07-14 16:24:00+00:00,0.6966,0.6966,0.6966,0.6966,5
2026-07-14 16:25:00+00:00,0.6966,0.6966,0.6966,0.6966,3
2026-07-14 16:26:00+00:00,0.6967,0.6967,0.6967,0.6967,2
2026-07-14 16:27:00+00:00,0.6967,0.6967,0.6967,0.6967,2
2026-07-14 16:28:00+00:00,0.6967,0.6967,0.6967,0.6967,3
2026-07-14 16:31:00+00:00,0.6968,0.6968,0.6968,0.6968,1
2026-07-14 16:32:00+00:00,0.6968,0.6969,0.6968,0.6969,6
2026-07-14 16:36:00+00:00,0.697,0.697,0.697,0.697,2
2026-07-14 16:37:00+00:00,0.697,0.697,0.6969,0.6969,4
2026-07-14 16:39:00+00:00,0.697,0.697,0.697,0.697,2
2026-07-14 16:44:00+00:00,0.6969,0.6969,0.6969,0.6969,1
2026-07-14 16:49:00+00:00,0.6967,0.6967,0.6967,0.6967,2
2026-07-14 16:53:00+00:00,0.6969,0.6969,0.6969,0.6969,1
2026-07-14 16:54:00+00:00,0.697,0.697,0.697,0.697,4
2026-07-14 16:55:00+00:00,0.697,0.6971,0.697,0.6971,2
2026-07-14 16:56:00+00:00,0.697,0.697,0.697,0.697,1
2026-07-14 17:01:00+00:00,0.6971,0.6971,0.6971,0.6971,4
2026-07-14 17:03:00+00:00,0.6972,0.6972,0.6971,0.6971,14
2026-07-14 17:06:00+00:00,0.6967,0.6967,0.6966,0.6966,4
2026-07-14 17:07:00+00:00,0.6966,0.6967,0.6966,0.6967,2
2026-07-14 17:08:00+00:00,0.6967,0.6967,0.6967,0.6967,1
2026-07-14 17:12:00+00:00,0.6967,0.6967,0.6967,0.6967,2
2026-07-14 17:13:00+00:00,0.6967,0.6967,0.6967,0.6967,4
2026-07-14 17:14:00+00:00,0.6966,0.6966,0.6966,0.6966,2
2026-07-14 17:15:00+00:00,0.6964,0.6964,0.6963,0.6964,37
2026-07-14 17:17:00+00:00,0.6964,0.6964,0.6964,0.6964,23
2026-07-14 17:18:00+00:00,0.6964,0.6964,0.6964,0.6964,4
2026-07-14 17:21:00+00:00,0.6965,0.6965,0.6965,0.6965,10
2026-07-14 17:22:00+00:00,0.6966,0.6966,0.6966,0.6966,6
2026-07-14 17:24:00+00:00,0.6966,0.6966,0.6966,0.6966,2
2026-07-14 17:28:00+00:00,0.6968,0.6968,0.6968,0.6968,7
2026-07-14 17:32:00+00:00,0.6969,0.6969,0.6969,0.6969,1
2026-07-14 17:40:00+00:00,0.6968,0.6968,0.6968,0.6968,1
2026-07-14 17:41:00+00:00,0.6967,0.6967,0.6967,0.6967,1
2026-07-14 17:47:00+00:00,0.6967,0.6967,0.6967,0.6967,4
2026-07-14 17:48:00+00:00,0.6968,0.6968,0.6968,0.6968,2
2026-07-14 17:49:00+00:00,0.6969,0.6969,0.6969,0.6969,1
2026-07-14 17:56:00+00:00,0.6969,0.6969,0.6969,0.6969,1
2026-07-14 17:57:00+00:00,0.6969,0.6969,0.6969,0.6969,15
2026-07-14 17:58:00+00:00,0.6969,0.6969,0.6968,0.6968,2
2026-07-14 18:00:00+00:00,0.6968,0.6968,0.6967,0.6967,3
2026-07-14 18:12:00+00:00,0.6967,0.6967,0.6967,0.6967,2
2026-07-14 18:15:00+00:00,0.6968,0.6968,0.6968,0.6968,10
2026-07-14 18:18:00+00:00,0.697,0.697,0.6969,0.6969,9
2026-07-14 18:20:00+00:00,0.6968,0.6968,0.6968,0.6968,1
2026-07-14 18:25:00+00:00,0.6966,0.6966,0.6966,0.6966,2
2026-07-14 18:37:00+00:00,0.6965,0.6965,0.6965,0.6965,14
2026-07-14 18:40:00+00:00,0.6965,0.6965,0.6965,0.6965,1
2026-07-14 18:41:00+00:00,0.6964,0.6964,0.6963,0.6963,47
2026-07-14 18:42:00+00:00,0.6963,0.6963,0.6962,0.6962,5
2026-07-14 18:43:00+00:00,0.6964,0.6964,0.6964,0.6964,11
2026-07-14 18:44:00+00:00,0.6963,0.6963,0.6962,0.6962,13
2026-07-14 18:45:00+00:00,0.6964,0.6964,0.6964,0.6964,1
2026-07-14 18:52:00+00:00,0.6964,0.6964,0.6964,0.6964,1
2026-07-14 18:58:00+00:00,0.6966,0.6966,0.6966,0.6966,14
2026-07-14 18:59:00+00:00,0.6967,0.6967,0.6967,0.6967,8
2026-07-14 19:00:00+00:00,0.6967,0.6967,0.6967,0.6967,7
2026-07-14 19:01:00+00:00,0.6967,0.6967,0.6967,0.6967,2
2026-07-14 19:03:00+00:00,0.6967,0.6967,0.6967,0.6967,1
2026-07-14 19:07:00+00:00,0.6966,0.6966,0.6966,0.6966,3
2026-07-14 19:12:00+00:00,0.6966,0.6966,0.6965,0.6965,4
2026-07-14 19:13:00+00:00,0.6967,0.6967,0.6967,0.6967,3
2026-07-14 19:18:00+00:00,0.6967,0.6967,0.6967,0.6967,1
2026-07-14 19:22:00+00:00,0.6967,0.6967,0.6967,0.6967,1
2026-07-14 19:26:00+00:00,0.6967,0.6967,0.6967,0.6967,1
2026-07-14 19:29:00+00:00,0.6967,0.6967,0.6967,0.6967,1
2026-07-14 19:30:00+00:00,0.6966,0.6966,0.6965,0.6966,31
2026-07-14 19:33:00+00:00,0.6964,0.6966,0.6964,0.6966,15
2026-07-14 19:34:00+00:00,0.6966,0.6966,0.6966,0.6966,10
2026-07-14 19:42:00+00:00,0.6965,0.6965,0.6965,0.6965,1
2026-07-14 19:43:00+00:00,0.6965,0.6965,0.6965,0.6965,1
2026-07-14 19:50:00+00:00,0.6966,0.6966,0.6966,0.6966,19
2026-07-14 19:57:00+00:00,0.6966,0.6966,0.6966,0.6966,2
2026-07-14 19:59:00+00:00,0.6965,0.6965,0.6965,0.6965,5
2026-07-14 20:01:00+00:00,0.6965,0.6965,0.6965,0.6965,1
2026-07-14 20:02:00+00:00,0.6964,0.6964,0.6964,0.6964,2
2026-07-14 20:03:00+00:00,0.6965,0.6965,0.6965,0.6965,5
2026-07-14 20:05:00+00:00,0.6965,0.6965,0.6965,0.6965,1
2026-07-14 20:06:00+00:00,0.6964,0.6964,0.6964,0.6964,40
2026-07-14 20:08:00+00:00,0.6964,0.6964,0.6964,0.6964,3
2026-07-14 20:12:00+00:00,0.6965,0.6965,0.6965,0.6965,8
2026-07-14 20:13:00+00:00,0.6964,0.6964,0.6964,0.6964,1
2026-07-14 20:16:00+00:00,0.6964,0.6965,0.6964,0.6965,7
2026-07-14 20:17:00+00:00,0.6964,0.6964,0.6964,0.6964,9
2026-07-14 20:23:00+00:00,0.6964,0.6964,0.6964,0.6964,5
2026-07-14 20:24:00+00:00,0.6964,0.6964,0.6964,0.6964,5
2026-07-14 20:25:00+00:00,0.6964,0.6964,0.6964,0.6964,3
2026-07-14 20:30:00+00:00,0.6964,0.6964,0.6964,0.6964,10
2026-07-14 20:35:00+00:00,0.6964,0.6964,0.6964,0.6964,4
2026-07-14 20:36:00+00:00,0.6964,0.6964,0.6964,0.6964,2
2026-07-14 20:38:00+00:00,0.6966,0.6966,0.6966,0.6966,2
2026-07-14 20:39:00+00:00,0.6965,0.6965,0.6965,0.6965,2
2026-07-14 20:43:00+00:00,0.6965,0.6965,0.6965,0.6965,1
2026-07-14 20:44:00+00:00,0.6965,0.6965,0.6965,0.6965,1
2026-07-14 20:45:00+00:00,0.6965,0.6966,0.6965,0.6966,4
2026-07-14 20:47:00+00:00,0.6965,0.6965,0.6965,0.6965,1
2026-07-14 20:48:00+00:00,0.6965,0.6965,0.6965,0.6965,7
2026-07-14 20:49:00+00:00,0.6965,0.6965,0.6964,0.6964,5
2026-07-14 20:51:00+00:00,0.6965,0.6965,0.6965,0.6965,2
2026-07-14 20:52:00+00:00,0.6965,0.6965,0.6965,0.6965,3
2026-07-14 20:55:00+00:00,0.6966,0.6966,0.6966,0.6966,2
2026-07-14 20:56:00+00:00,0.6967,0.6967,0.6967,0.6967,1
2026-07-14 20:58:00+00:00,0.6966,0.6966,0.6966,0.6966,6
2026-07-14 20:59:00+00:00,0.6967,0.6967,0.6967,0.6967,4
2026-07-14 22:00:00+00:00,0.6967,0.6967,0.6967,0.6967,16
2026-07-14 22:02:00+00:00,0.6966,0.6966,0.6966,0.6966,5
2026-07-14 22:04:00+00:00,0.6967,0.6967,0.6965,0.6965,15
2026-07-14 22:05:00+00:00,0.6966,0.6966,0.6966,0.6966,1
2026-07-14 22:07:00+00:00,0.6966,0.6966,0.6966,0.6966,5
2026-07-14 22:08:00+00:00,0.6966,0.6966,0.6966,0.6966,1
2026-07-14 22:09:00+00:00,0.6966,0.6966,0.6966,0.6966,10
2026-07-14 22:10:00+00:00,0.6966,0.6966,0.6966,0.6966,5
2026-07-14 22:11:00+00:00,0.6965,0.6965,0.6965,0.6965,2
2026-07-14 22:13:00+00:00,0.6965,0.6966,0.6965,0.6965,8
2026-07-14 22:14:00+00:00,0.6965,0.6965,0.6965,0.6965,1
2026-07-14 22:19:00+00:00,0.6966,0.6966,0.6966,0.6966,1
2026-07-14 22:24:00+00:00,0.6967,0.6967,0.6967,0.6967,1
2026-07-14 22:25:00+00:00,0.6967,0.6967,0.6967,0.6967,3
2026-07-14 22:32:00+00:00,0.6966,0.6966,0.6966,0.6966,1
2026-07-14 22:34:00+00:00,0.6966,0.6966,0.6966,0.6966,1
2026-07-14 22:43:00+00:00,0.6966,0.6966,0.6966,0.6966,7
2026-07-14 22:50:00+00:00,0.6966,0.6966,0.6966,0.6966,1
2026-07-14 22:52:00+00:00,0.6966,0.6966,0.6966,0.6966,4
2026-07-14 22:53:00+00:00,0.6966,0.6966,0.6966,0.6966,4
2026-07-14 22:58:00+00:00,0.6965,0.6965,0.6965,0.6965,1
2026-07-14 22:59:00+00:00,0.6965,0.6965,0.6965,0.6965,1
2026-07-14 23:00:00+00:00,0.6965,0.6965,0.6965,0.6965,2
2026-07-14 23:01:00+00:00,0.6966,0.6966,0.6966,0.6966,1
2026-07-14 23:09:00+00:00,0.6966,0.6966,0.6966,0.6966,1
2026-07-14 23:16:00+00:00,0.6967,0.6967,0.6967,0.6967,3
2026-07-14 23:20:00+00:00,0.6967,0.6967,0.6967,0.6967,2
2026-07-14 23:21:00+00:00,0.6967,0.6967,0.6967,0.6967,1
2026-07-14 23:22:00+00:00,0.6967,0.6967,0.6967,0.6967,1
2026-07-14 23:23:00+00:00,0.6967,0.6967,0.6967,0.6967,1
2026-07-14 23:26:00+00:00,0.6968,0.6968,0.6968,0.6968,1
2026-07-14 23:27:00+00:00,0.6967,0.6967,0.6967,0.6967,5
2026-07-14 23:28:00+00:00,0.6967,0.6967,0.6967,0.6967,3
2026-07-14 23:29:00+00:00,0.6967,0.6967,0.6967,0.6967,3
2026-07-14 23:31:00+00:00,0.6968,0.6968,0.6968,0.6968,11
2026-07-14 23:38:00+00:00,0.6969,0.6969,0.6969,0.6969,24
2026-07-14 23:39:00+00:00,0.6969,0.6969,0.6969,0.6969,2
2026-07-14 23:40:00+00:00,0.6969,0.6969,0.6969,0.6969,5
2026-07-14 23:43:00+00:00,0.6969,0.6969,0.6969,0.6969,7
2026-07-14 23:46:00+00:00,0.6969,0.6969,0.6969,0.6969,3
2026-07-14 23:47:00+00:00,0.6969,0.6969,0.6969,0.6969,1
2026-07-14 23:50:00+00:00,0.6968,0.6968,0.6968,0.6968,5
2026-07-14 23:55:00+00:00,0.6968,0.6968,0.6968,0.6968,1
2026-07-14 23:58:00+00:00,0.6968,0.6968,0.6968,0.6968,4
2026-07-14 23:59:00+00:00,0.6968,0.6968,0.6968,0.6968,1
2026-07-15 00:02:00+00:00,0.697,0.6971,0.697,0.697,4
2026-07-15 00:03:00+00:00,0.6971,0.6971,0.6971,0.6971,2
2026-07-15 00:04:00+00:00,0.6972,0.6972,0.6972,0.6972,12
2026-07-15 00:06:00+00:00,0.697,0.697,0.697,0.697,8
2026-07-15 00:08:00+00:00,0.6971,0.6971,0.6971,0.6971,1
2026-07-15 00:09:00+00:00,0.6971,0.6971,0.6971,0.6971,1
2026-07-15 00:10:00+00:00,0.6971,0.6972,0.697,0.697,4
2026-07-15 00:12:00+00:00,0.697,0.697,0.697,0.697,3
2026-07-15 00:18:00+00:00,0.6973,0.6973,0.6973,0.6973,1
2026-07-15 00:20:00+00:00,0.6974,0.6974,0.6974,0.6974,1
2026-07-15 00:21:00+00:00,0.6974,0.6974,0.6974,0.6974,45
2026-07-15 00:22:00+00:00,0.6973,0.6973,0.6973,0.6973,2
2026-07-15 00:23:00+00:00,0.6972,0.6972,0.6972,0.6972,1
2026-07-15 00:24:00+00:00,0.6972,0.6972,0.6972,0.6972,1
2026-07-15 00:27:00+00:00,0.6975,0.6976,0.6975,0.6976,3
2026-07-15 00:28:00+00:00,0.6974,0.6974,0.6974,0.6974,1
2026-07-15 00:32:00+00:00,0.6975,0.6975,0.6975,0.6975,3
2026-07-15 00:36:00+00:00,0.6973,0.6973,0.6973,0.6973,1
2026-07-15 00:39:00+00:00,0.6972,0.6972,0.6972,0.6972,3
2026-07-15 00:40:00+00:00,0.6972,0.6972,0.6972,0.6972,1
2026-07-15 00:41:00+00:00,0.6971,0.6971,0.6971,0.6971,5
2026-07-15 00:43:00+00:00,0.697,0.697,0.697,0.697,3
2026-07-15 00:44:00+00:00,0.697,0.697,0.697,0.697,2
2026-07-15 00:45:00+00:00,0.6971,0.6972,0.6971,0.6972,5
2026-07-15 00:46:00+00:00,0.6972,0.6972,0.6972,0.6972,1
2026-07-15 00:49:00+00:00,0.6972,0.6972,0.6972,0.6972,1
2026-07-15 00:55:00+00:00,0.6974,0.6974,0.6974,0.6974,1
2026-07-15 00:56:00+00:00,0.6976,0.6976,0.6976,0.6976,6
2026-07-15 00:57:00+00:00,0.6977,0.6977,0.6977,0.6977,7
2026-07-15 00:59:00+00:00,0.6978,0.6978,0.6977,0.6978,10
2026-07-15 01:00:00+00:00,0.6978,0.6978,0.6978,0.6978,1
2026-07-15 01:02:00+00:00,0.6975,0.6975,0.6975,0.6975,10
2026-07-15 01:05:00+00:00,0.6975,0.6975,0.6975,0.6975,2
2026-07-15 01:06:00+00:00,0.6975,0.6975,0.6975,0.6975,3
2026-07-15 01:12:00+00:00,0.6976,0.6976,0.6976,0.6976,1
2026-07-15 01:13:00+00:00,0.6976,0.6976,0.6976,0.6976,4
2026-07-15 01:14:00+00:00,0.6977,0.6977,0.6977,0.6977,4
2026-07-15 01:15:00+00:00,0.6977,0.6978,0.6977,0.6978,3
2026-07-15 01:17:00+00:00,0.6978,0.6978,0.6978,0.6978,4
2026-07-15 01:22:00+00:00,0.6978,0.6978,0.6978,0.6978,1
2026-07-15 01:26:00+00:00,0.6978,0.6978,0.6978,0.6978,2
2026-07-15 01:28:00+00:00,0.6978,0.6978,0.6977,0.6977,17
2026-07-15 01:29:00+00:00,0.6976,0.6976,0.6975,0.6975,18
2026-07-15 01:31:00+00:00,0.6976,0.6976,0.6976,0.6976,1
2026-07-15 01:33:00+00:00,0.6974,0.6974,0.6974,0.6974,1
2026-07-15 01:35:00+00:00,0.6974,0.6974,0.6974,0.6974,2
2026-07-15 01:42:00+00:00,0.6973,0.6973,0.6973,0.6973,1
2026-07-15 01:44:00+00:00,0.6972,0.6972,0.6971,0.6971,22
2026-07-15 01:45:00+00:00,0.6972,0.6972,0.6972,0.6972,8
2026-07-15 01:46:00+00:00,0.6973,0.6974,0.6973,0.6974,10
2026-07-15 01:49:00+00:00,0.6974,0.6974,0.6974,0.6974,1
2026-07-15 01:53:00+00:00,0.6974,0.6975,0.6974,0.6975,8
2026-07-15 01:55:00+00:00,0.6975,0.6975,0.6975,0.6975,1
2026-07-15 01:57:00+00:00,0.6975,0.6975,0.6975,0.6975,1
2026-07-15 01:58:00+00:00,0.6977,0.6977,0.6977,0.6977,1
2026-07-15 01:59:00+00:00,0.6978,0.6979,0.6978,0.6979,3
2026-07-15 02:00:00+00:00,0.6979,0.6979,0.6978,0.6978,12
2026-07-15 02:02:00+00:00,0.6977,0.6979,0.6977,0.6979,7
2026-07-15 02:03:00+00:00,0.6979,0.6979,0.6979,0.6979,3
2026-07-15 02:04:00+00:00,0.6979,0.6979,0.6979,0.6979,3
2026-07-15 02:05:00+00:00,0.698,0.698,0.698,0.698,11
2026-07-15 02:06:00+00:00,0.698,0.698,0.698,0.698,1
2026-07-15 02:07:00+00:00,0.698,0.6981,0.698,0.698,14
2026-07-15 02:09:00+00:00,0.6981,0.6981,0.698,0.698,12
2026-07-15 02:13:00+00:00,0.6965,0.6965,0.6965,0.6965,1
2026-07-15 02:13:00+00:00,0.6979,0.6979,0.6978,0.6978,4
2026-07-15 02:17:00+00:00,0.6976,0.6976,0.6976,0.6976,2
2026-07-15 02:19:00+00:00,0.6977,0.6977,0.6977,0.6977,1
2026-07-15 02:21:00+00:00,0.6975,0.6975,0.6975,0.6975,2
2026-07-15 02:22:00+00:00,0.6976,0.6976,0.6976,0.6976,1
2026-07-15 02:31:00+00:00,0.6978,0.6979,0.6978,0.6979,4
2026-07-15 02:34:00+00:00,0.6979,0.6979,0.6979,0.6979,1
2026-07-15 02:37:00+00:00,0.698,0.698,0.698,0.698,1
2026-07-15 02:42:00+00:00,0.6982,0.6982,0.6982,0.6982,2
2026-07-15 02:43:00+00:00,0.6983,0.6983,0.6983,0.6983,1
2026-07-15 02:44:00+00:00,0.6983,0.6983,0.6983,0.6983,1
2026-07-15 02:45:00+00:00,0.6982,0.6982,0.6982,0.6982,1
2026-07-15 02:46:00+00:00,0.6981,0.6981,0.6981,0.6981,1
2026-07-15 02:47:00+00:00,0.6981,0.6981,0.6981,0.6981,1
2026-07-15 02:50:00+00:00,0.6983,0.6984,0.6983,0.6983,8
2026-07-15 02:52:00+00:00,0.6981,0.6982,0.6981,0.6982,3
2026-07-15 02:53:00+00:00,0.6981,0.6981,0.6981,0.6981,1
2026-07-15 02:54:00+00:00,0.6981,0.6982,0.6981,0.6982,7
2026-07-15 02:56:00+00:00,0.6983,0.6983,0.6983,0.6983,4
2026-07-15 02:57:00+00:00,0.6984,0.6984,0.6984,0.6984,1
2026-07-15 03:02:00+00:00,0.6984,0.6984,0.6984,0.6984,5
2026-07-15 03:03:00+00:00,0.6984,0.6984,0.6984,0.6984,1
2026-07-15 03:06:00+00:00,0.6983,0.6983,0.6983,0.6983,1
2026-07-15 03:09:00+00:00,0.6982,0.6982,0.6982,0.6982,5
2026-07-15 03:11:00+00:00,0.6981,0.6981,0.6981,0.6981,3
2026-07-15 03:12:00+00:00,0.6982,0.6982,0.6982,0.6982,1
2026-07-15 03:13:00+00:00,0.6981,0.6981,0.698,0.698,2
2026-07-15 03:17:00+00:00,0.6979,0.6979,0.6979,0.6979,2
2026-07-15 03:18:00+00:00,0.6977,0.6977,0.6977,0.6977,3
2026-07-15 03:20:00+00:00,0.6978,0.6978,0.6978,0.6978,1
2026-07-15 03:21:00+00:00,0.6977,0.6977,0.6977,0.6977,3
2026-07-15 03:22:00+00:00,0.6978,0.6978,0.6978,0.6978,6
2026-07-15 03:27:00+00:00,0.6977,0.6977,0.6977,0.6977,1
2026-07-15 03:30:00+00:00,0.6978,0.6978,0.6978,0.6978,5
2026-07-15 03:31:00+00:00,0.6977,0.6977,0.6977,0.6977,5
2026-07-15 03:32:00+00:00,0.6977,0.6977,0.6977,0.6977,1
2026-07-15 03:33:00+00:00,0.6976,0.6977,0.6976,0.6977,6
2026-07-15 03:35:00+00:00,0.6977,0.6977,0.6977,0.6977,2
2026-07-15 03:37:00+00:00,0.6977,0.6977,0.6977,0.6977,2
2026-07-15 03:38:00+00:00,0.6977,0.6977,0.6977,0.6977,3
2026-07-15 03:42:00+00:00,0.6977,0.6977,0.6977,0.6977,1
2026-07-15 03:45:00+00:00,0.6976,0.6976,0.6976,0.6976,6
2026-07-15 03:50:00+00:00,0.6979,0.6979,0.6979,0.6979,11
2026-07-15 03:53:00+00:00,0.698,0.698,0.698,0.698,5
2026-07-15 03:54:00+00:00,0.698,0.698,0.698,0.698,10
2026-07-15 03:56:00+00:00,0.6981,0.6981,0.6981,0.6981,17
2026-07-15 03:57:00+00:00,0.6981,0.6981,0.6981,0.6981,8
2026-07-15 03:58:00+00:00,0.6979,0.6979,0.6979,0.6979,17
2026-07-15 04:09:00+00:00,0.6978,0.6978,0.6978,0.6978,1
2026-07-15 04:12:00+00:00,0.6977,0.6977,0.6977,0.6977,1
2026-07-15 04:14:00+00:00,0.6977,0.6977,0.6977,0.6977,1
2026-07-15 04:15:00+00:00,0.6977,0.6977,0.6977,0.6977,10
2026-07-15 04:18:00+00:00,0.6978,0.6978,0.6978,0.6978,1
2026-07-15 04:20:00+00:00,0.6978,0.6978,0.6978,0.6978,1
2026-07-15 04:25:00+00:00,0.6978,0.6978,0.6978,0.6978,1
2026-07-15 04:26:00+00:00,0.6977,0.6977,0.6977,0.6977,3
2026-07-15 04:29:00+00:00,0.6977,0.6977,0.6977,0.6977,1
2026-07-15 04:42:00+00:00,0.6976,0.6976,0.6976,0.6976,1
2026-07-15 04:46:00+00:00,0.6976,0.6976,0.6976,0.6976,4
2026-07-15 04:49:00+00:00,0.6976,0.6976,0.6976,0.6976,2
2026-07-15 04:52:00+00:00,0.6976,0.6977,0.6976,0.6977,24
2026-07-15 04:53:00+00:00,0.6977,0.6977,0.6977,0.6977,5
2026-07-15 05:00:00+00:00,0.6976,0.6976,0.6976,0.6976,13
2026-07-15 05:05:00+00:00,0.6976,0.6976,0.6975,0.6975,8
2026-07-15 05:06:00+00:00,0.6975,0.6975,0.6975,0.6975,1
2026-07-15 05:07:00+00:00,0.6975,0.6975,0.6975,0.6975,1
2026-07-15 05:08:00+00:00,0.6976,0.6976,0.6976,0.6976,1
2026-07-15 05:15:00+00:00,0.6976,0.6976,0.6976,0.6976,5
2026-07-15 05:16:00+00:00,0.6976,0.6976,0.6975,0.6975,10
2026-07-15 05:17:00+00:00,0.6977,0.6977,0.6977,0.6977,6
2026-07-15 05:19:00+00:00,0.6977,0.6977,0.6977,0.6977,1
2026-07-15 05:20:00+00:00,0.6977,0.6977,0.6977,0.6977,1
2026-07-15 05:21:00+00:00,0.6976,0.6976,0.6976,0.6976,1
2026-07-15 05:22:00+00:00,0.6976,0.6976,0.6976,0.6976,1
2026-07-15 05:26:00+00:00,0.6975,0.6975,0.6975,0.6975,10
2026-07-15 05:27:00+00:00,0.6974,0.6974,0.6974,0.6974,2
2026-07-15 05:28:00+00:00,0.6975,0.6975,0.6974,0.6974,10
2026-07-15 05:29:00+00:00,0.6975,0.6975,0.6975,0.6975,1
2026-07-15 05:30:00+00:00,0.6975,0.6975,0.6974,0.6975,7
2026-07-15 05:38:00+00:00,0.6978,0.6978,0.6978,0.6978,4
2026-07-15 05:39:00+00:00,0.6978,0.6978,0.6978,0.6978,11
2026-07-15 05:44:00+00:00,0.6979,0.6979,0.6979,0.6979,1
2026-07-15 05:46:00+00:00,0.698,0.698,0.698,0.698,13
2026-07-15 05:47:00+00:00,0.6981,0.6981,0.6981,0.6981,6
2026-07-15 05:52:00+00:00,0.698,0.698,0.698,0.698,1
2026-07-15 05:58:00+00:00,0.698,0.698,0.698,0.698,1
2026-07-15 06:00:00+00:00,0.6979,0.6979,0.6979,0.6979,3
2026-07-15 06:10:00+00:00,0.6979,0.6979,0.6979,0.6979,10
2026-07-15 06:11:00+00:00,0.6978,0.6978,0.6978,0.6978,4
2026-07-15 06:12:00+00:00,0.6978,0.6978,0.6978,0.6978,1
2026-07-15 06:14:00+00:00,0.6979,0.6979,0.6979,0.6979,1
2026-07-15 06:19:00+00:00,0.6982,0.6982,0.6982,0.6982,3
2026-07-15 06:21:00+00:00,0.698,0.698,0.698,0.698,1
2026-07-15 06:24:00+00:00,0.6981,0.6981,0.6981,0.6981,3
2026-07-15 06:25:00+00:00,0.6982,0.6982,0.6982,0.6982,63
2026-07-15 06:27:00+00:00,0.6983,0.6983,0.6982,0.6982,2
2026-07-15 06:28:00+00:00,0.6981,0.6982,0.6981,0.6981,5
2026-07-15 06:29:00+00:00,0.6982,0.6982,0.6982,0.6982,2
2026-07-15 06:33:00+00:00,0.698,0.698,0.698,0.698,5
2026-07-15 06:35:00+00:00,0.698,0.698,0.698,0.698,1
2026-07-15 06:38:00+00:00,0.698,0.698,0.698,0.698,1
2026-07-15 06:43:00+00:00,0.6978,0.6978,0.6978,0.6978,2
2026-07-15 06:47:00+00:00,0.6978,0.6978,0.6978,0.6978,3
2026-07-15 06:56:00+00:00,0.6978,0.6978,0.6978,0.6978,1
2026-07-15 06:59:00+00:00,0.6977,0.6977,0.6977,0.6977,4
2026-07-15 07:00:00+00:00,0.6977,0.6978,0.6977,0.6978,2
2026-07-15 07:01:00+00:00,0.6978,0.6978,0.6978,0.6978,1
2026-07-15 07:05:00+00:00,0.6978,0.6978,0.6978,0.6978,1
2026-07-15 07:10:00+00:00,0.698,0.698,0.698,0.698,1
2026-07-15 07:17:00+00:00,0.698,0.698,0.698,0.698,1
2026-07-15 07:22:00+00:00,0.6976,0.6976,0.6976,0.6976,2
2026-07-15 07:23:00+00:00,0.6976,0.6976,0.6976,0.6976,3
2026-07-15 07:24:00+00:00,0.6974,0.6975,0.6974,0.6975,12
2026-07-15 07:25:00+00:00,0.6972,0.6972,0.6971,0.6972,12
2026-07-15 07:26:00+00:00,0.6971,0.6971,0.6971,0.6971,1
2026-07-15 07:27:00+00:00,0.697,0.697,0.697,0.697,11
2026-07-15 07:30:00+00:00,0.6973,0.6974,0.6973,0.6974,14
2026-07-15 07:32:00+00:00,0.6974,0.6974,0.6974,0.6974,7
2026-07-15 07:36:00+00:00,0.6974,0.6974,0.6974,0.6974,8
2026-07-15 07:38:00+00:00,0.6975,0.6975,0.6975,0.6975,1
2026-07-15 07:43:00+00:00,0.6976,0.6976,0.6976,0.6976,11
2026-07-15 07:44:00+00:00,0.6978,0.6978,0.6977,0.6977,3
2026-07-15 07:45:00+00:00,0.6976,0.6976,0.6976,0.6976,2
2026-07-15 07:47:00+00:00,0.6976,0.6976,0.6976,0.6976,1
2026-07-15 07:48:00+00:00,0.6978,0.6978,0.6978,0.6978,2
2026-07-15 07:49:00+00:00,0.6979,0.6979,0.6979,0.6979,6
2026-07-15 07:53:00+00:00,0.698,0.698,0.698,0.698,3
2026-07-15 08:00:00+00:00,0.6979,0.6979,0.6979,0.6979,2
2026-07-15 08:04:00+00:00,0.6981,0.6982,0.6981,0.6982,12
2026-07-15 08:10:00+00:00,0.6978,0.6979,0.6978,0.6979,2
2026-07-15 08:12:00+00:00,0.6978,0.6978,0.6978,0.6978,1
2026-07-15 08:13:00+00:00,0.6978,0.6978,0.6978,0.6978,3
2026-07-15 08:14:00+00:00,0.6979,0.6979,0.6979,0.6979,1
2026-07-15 08:17:00+00:00,0.6978,0.6978,0.6978,0.6978,1
2026-07-15 08:20:00+00:00,0.6978,0.6978,0.6978,0.6978,1
2026-07-15 08:25:00+00:00,0.6979,0.6979,0.6979,0.6979,20
2026-07-15 08:28:00+00:00,0.698,0.698,0.698,0.698,1
2026-07-15 08:30:00+00:00,0.6973,0.6973,0.6973,0.6973,1
2026-07-15 08:30:00+00:00,0.6981,0.6981,0.6981,0.6981,2
2026-07-15 08:32:00+00:00,0.698,0.698,0.698,0.698,2
2026-07-15 08:33:00+00:00,0.6982,0.6982,0.6982,0.6982,5
2026-07-15 08:41:00+00:00,0.698,0.698,0.698,0.698,2
2026-07-15 08:42:00+00:00,0.6967,0.6967,0.6967,0.6967,1
2026-07-15 08:42:00+00:00,0.698,0.698,0.698,0.698,1
2026-07-15 08:43:00+00:00,0.6979,0.6979,0.6979,0.6979,1
2026-07-15 08:44:00+00:00,0.6979,0.6979,0.6979,0.6979,1
2026-07-15 08:56:00+00:00,0.6977,0.6977,0.6977,0.6977,6
2026-07-15 08:57:00+00:00,0.6978,0.6979,0.6977,0.6979,24
2026-07-15 08:59:00+00:00,0.698,0.698,0.698,0.698,1
2026-07-15 09:00:00+00:00,0.698,0.698,0.698,0.698,1
2026-07-15 09:01:00+00:00,0.698,0.698,0.698,0.698,4
2026-07-15 09:02:00+00:00,0.698,0.698,0.698,0.698,1
2026-07-15 09:11:00+00:00,0.6981,0.6981,0.6981,0.6981,1
2026-07-15 09:15:00+00:00,0.6981,0.6981,0.6981,0.6981,5
2026-07-15 09:17:00+00:00,0.6981,0.6981,0.6981,0.6981,5
2026-07-15 09:20:00+00:00,0.698,0.698,0.698,0.698,1
2026-07-15 09:24:00+00:00,0.6982,0.6982,0.6982,0.6982,2
2026-07-15 09:26:00+00:00,0.6982,0.6982,0.6982,0.6982,1
2026-07-15 09:30:00+00:00,0.6979,0.6979,0.6979,0.6979,1
2026-07-15 09:35:00+00:00,0.6978,0.6979,0.6978,0.6979,3
2026-07-15 09:36:00+00:00,0.6977,0.6977,0.6977,0.6977,1
2026-07-15 09:39:00+00:00,0.6978,0.6978,0.6977,0.6977,2
2026-07-15 09:42:00+00:00,0.6978,0.6978,0.6978,0.6978,1
2026-07-15 09:49:00+00:00,0.6978,0.6979,0.6978,0.6979,2
2026-07-15 09:53:00+00:00,0.6977,0.6977,0.6977,0.6977,1
2026-07-15 09:54:00+00:00,0.6978,0.6978,0.6978,0.6978,1
2026-07-15 09:55:00+00:00,0.6979,0.6979,0.6979,0.6979,5
2026-07-15 09:56:00+00:00,0.6977,0.6977,0.6977,0.6977,1
2026-07-15 09:57:00+00:00,0.6978,0.6978,0.6978,0.6978,1
2026-07-15 10:00:00+00:00,0.6977,0.6977,0.6976,0.6976,2
2026-07-15 10:02:00+00:00,0.6976,0.6976,0.6976,0.6976,1
2026-07-15 10:04:00+00:00,0.6977,0.6977,0.6977,0.6977,1
2026-07-15 10:09:00+00:00,0.6976,0.6976,0.6976,0.6976,1
2026-07-15 10:12:00+00:00,0.6977,0.6977,0.6977,0.6977,1
2026-07-15 10:18:00+00:00,0.6978,0.6978,0.6978,0.6978,1
2026-07-15 10:19:00+00:00,0.6977,0.6977,0.6977,0.6977,9
2026-07-15 10:20:00+00:00,0.6977,0.6977,0.6976,0.6976,15
2026-07-15 10:23:00+00:00,0.6976,0.6976,0.6976,0.6976,1
2026-07-15 10:24:00+00:00,0.6974,0.6974,0.6974,0.6974,5
2026-07-15 10:25:00+00:00,0.6973,0.6974,0.6973,0.6973,22
2026-07-15 10:30:00+00:00,0.6974,0.6974,0.6974,0.6974,6
2026-07-15 10:32:00+00:00,0.6975,0.6975,0.6975,0.6975,2
2026-07-15 10:33:00+00:00,0.6976,0.6976,0.6976,0.6976,1
2026-07-15 10:42:00+00:00,0.6973,0.6974,0.6973,0.6974,5
2026-07-15 10:48:00+00:00,0.6974,0.6974,0.6974,0.6974,1
2026-07-15 10:51:00+00:00,0.6974,0.6974,0.6974,0.6974,2
2026-07-15 10:52:00+00:00,0.6974,0.6974,0.6974,0.6974,1
2026-07-15 10:59:00+00:00,0.6975,0.6975,0.6975,0.6975,1
2026-07-15 11:01:00+00:00,0.6977,0.6977,0.6977,0.6977,1
2026-07-15 11:02:00+00:00,0.6977,0.6978,0.6977,0.6978,2
2026-07-15 11:03:00+00:00,0.6978,0.6978,0.6978,0.6978,1
2026-07-15 11:04:00+00:00,0.6978,0.6978,0.6978,0.6978,1
2026-07-15 11:05:00+00:00,0.6978,0.6978,0.6978,0.6978,2
2026-07-15 11:06:00+00:00,0.6977,0.6977,0.6977,0.6977,1
2026-07-15 11:12:00+00:00,0.6978,0.6978,0.6978,0.6978,1
2026-07-15 11:17:00+00:00,0.6975,0.6975,0.6975,0.6975,6
2026-07-15 11:29:00+00:00,0.6975,0.6976,0.6975,0.6976,5
2026-07-15 11:33:00+00:00,0.6976,0.6976,0.6976,0.6976,4
2026-07-15 11:34:00+00:00,0.6977,0.6977,0.6977,0.6977,1
2026-07-15 11:38:00+00:00,0.6978,0.6978,0.6978,0.6978,12
2026-07-15 11:39:00+00:00,0.6977,0.6977,0.6977,0.6977,1
2026-07-15 11:43:00+00:00,0.6976,0.6976,0.6976,0.6976,1
2026-07-15 11:44:00+00:00,0.6977,0.6977,0.6977,0.6977,1
2026-07-15 11:45:00+00:00,0.6976,0.6976,0.6976,0.6976,1
2026-07-15 11:50:00+00:00,0.6977,0.6978,0.6977,0.6978,7
2026-07-15 11:53:00+00:00,0.6977,0.6977,0.6977,0.6977,1
2026-07-15 11:54:00+00:00,0.6977,0.6977,0.6977,0.6977,5
2026-07-15 11:57:00+00:00,0.6978,0.6978,0.6978,0.6978,1
2026-07-15 12:03:00+00:00,0.6977,0.6977,0.6977,0.6977,1
2026-07-15 12:05:00+00:00,0.6977,0.6977,0.6977,0.6977,2
2026-07-15 12:06:00+00:00,0.6975,0.6975,0.6975,0.6975,4
2026-07-15 12:09:00+00:00,0.6975,0.6975,0.6975,0.6975,1
2026-07-15 12:13:00+00:00,0.6976,0.6976,0.6976,0.6976,1
2026-07-15 12:17:00+00:00,0.6976,0.6976,0.6976,0.6976,1
2026-07-15 12:20:00+00:00,0.6974,0.6974,0.6974,0.6974,5
2026-07-15 12:21:00+00:00,0.6975,0.6975,0.6974,0.6974,3
2026-07-15 12:22:00+00:00,0.6976,0.6976,0.6976,0.6976,1
2026-07-15 12:27:00+00:00,0.6976,0.6976,0.6976,0.6976,2
2026-07-15 12:29:00+00:00,0.6976,0.6976,0.6976,0.6976,8
2026-07-15 12:30:00+00:00,0.6979,0.6984,0.6979,0.698,23
2026-07-15 12:31:00+00:00,0.6981,0.6981,0.6981,0.6981,10
2026-07-15 12:32:00+00:00,0.6984,0.6985,0.6984,0.6984,13
2026-07-15 12:33:00+00:00,0.6984,0.6984,0.6984,0.6984,7
2026-07-15 12:34:00+00:00,0.6984,0.6984,0.6984,0.6984,4
2026-07-15 12:36:00+00:00,0.6981,0.6981,0.6981,0.6981,1
2026-07-15 12:37:00+00:00,0.6982,0.6982,0.6982,0.6982,1
2026-07-15 12:38:00+00:00,0.6982,0.6982,0.6982,0.6982,1
2026-07-15 12:40:00+00:00,0.6981,0.6981,0.6981,0.6981,2
2026-07-15 12:41:00+00:00,0.6982,0.6982,0.6982,0.6982,1
2026-07-15 12:42:00+00:00,0.6982,0.6984,0.6982,0.6984,16
2026-07-15 12:43:00+00:00,0.6985,0.6985,0.6985,0.6985,68
2026-07-15 12:44:00+00:00,0.6985,0.6985,0.6985,0.6985,2
2026-07-15 12:45:00+00:00,0.6985,0.6985,0.6985,0.6985,4
2026-07-15 12:46:00+00:00,0.6985,0.6985,0.6985,0.6985,1
2026-07-15 12:47:00+00:00,0.6985,0.6985,0.6985,0.6985,3
2026-07-15 12:48:00+00:00,0.6985,0.6986,0.6985,0.6986,11
2026-07-15 12:49:00+00:00,0.6986,0.6986,0.6986,0.6986,22
2026-07-15 12:50:00+00:00,0.6985,0.6985,0.6985,0.6985,3
2026-07-15 12:52:00+00:00,0.6985,0.6985,0.6985,0.6985,9
2026-07-15 12:53:00+00:00,0.6985,0.6985,0.6985,0.6985,1
2026-07-15 12:54:00+00:00,0.6985,0.6985,0.6985,0.6985,2
2026-07-15 12:55:00+00:00,0.6985,0.6985,0.6985,0.6985,3
2026-07-15 12:56:00+00:00,0.6985,0.6986,0.6985,0.6986,6
2026-07-15 12:58:00+00:00,0.6988,0.6989,0.6988,0.6989,24
2026-07-15 12:58:00+00:00,0.6976,0.6976,0.6976,0.6976,1
2026-07-15 12:59:00+00:00,0.6989,0.6989,0.6989,0.6989,2
2026-07-15 13:00:00+00:00,0.6988,0.6988,0.6988,0.6988,1
2026-07-15 13:01:00+00:00,0.6989,0.6989,0.6989,0.6989,2
2026-07-15 13:02:00+00:00,0.6989,0.6989,0.6989,0.6989,6
2026-07-15 13:04:00+00:00,0.699,0.699,0.6989,0.6989,89
2026-07-15 13:05:00+00:00,0.699,0.699,0.6989,0.6989,10
2026-07-15 13:06:00+00:00,0.6991,0.6991,0.6991,0.6991,6
2026-07-15 13:07:00+00:00,0.6989,0.6989,0.6989,0.6989,1
2026-07-15 13:08:00+00:00,0.699,0.699,0.699,0.699,19
2026-07-15 13:10:00+00:00,0.6988,0.6988,0.6988,0.6988,2
2026-07-15 13:11:00+00:00,0.6987,0.6987,0.6987,0.6987,3
2026-07-15 13:12:00+00:00,0.6987,0.6987,0.6987,0.6987,1
2026-07-15 13:15:00+00:00,0.6987,0.6987,0.6987,0.6987,1
2026-07-15 13:16:00+00:00,0.6986,0.6986,0.6985,0.6985,5
2026-07-15 13:17:00+00:00,0.6986,0.6987,0.6986,0.6987,3
2026-07-15 13:18:00+00:00,0.6988,0.6988,0.6988,0.6988,5
2026-07-15 13:19:00+00:00,0.6989,0.6989,0.6989,0.6989,2
2026-07-15 13:20:00+00:00,0.6988,0.6988,0.6987,0.6987,4
2026-07-15 13:25:00+00:00,0.6987,0.6987,0.6987,0.6987,4
2026-07-15 13:26:00+00:00,0.6985,0.6985,0.6985,0.6985,3
2026-07-15 13:27:00+00:00,0.6985,0.6985,0.6985,0.6985,5
2026-07-15 13:28:00+00:00,0.6985,0.6985,0.6984,0.6985,14
2026-07-15 13:29:00+00:00,0.6986,0.6986,0.6986,0.6986,1
2026-07-15 13:30:00+00:00,0.6984,0.6984,0.6983,0.6983,3
2026-07-15 13:31:00+00:00,0.6986,0.6986,0.6985,0.6985,2
2026-07-15 13:33:00+00:00,0.6986,0.6986,0.6986,0.6986,2
2026-07-15 13:34:00+00:00,0.6986,0.6986,0.6986,0.6986,12
2026-07-15 13:36:00+00:00,0.6987,0.6988,0.6987,0.6987,10
2026-07-15 13:37:00+00:00,0.6986,0.6986,0.6986,0.6986,6
2026-07-15 13:38:00+00:00,0.6985,0.6985,0.6985,0.6985,7
2026-07-15 13:39:00+00:00,0.6985,0.6985,0.6985,0.6985,5
2026-07-15 13:44:00+00:00,0.6985,0.6985,0.6985,0.6985,1
2026-07-15 13:45:00+00:00,0.6985,0.6985,0.6985,0.6985,10
2026-07-15 13:46:00+00:00,0.6984,0.6984,0.6984,0.6984,3
2026-07-15 13:47:00+00:00,0.6985,0.6985,0.6985,0.6985,3
2026-07-15 13:48:00+00:00,0.6986,0.6986,0.6986,0.6986,2
2026-07-15 13:49:00+00:00,0.6985,0.6985,0.6985,0.6985,1
2026-07-15 13:54:00+00:00,0.6983,0.6983,0.6983,0.6983,3
2026-07-15 13:55:00+00:00,0.6983,0.6983,0.6983,0.6983,9
2026-07-15 13:57:00+00:00,0.6987,0.6988,0.6987,0.6988,12
2026-07-15 13:58:00+00:00,0.6988,0.6988,0.6988,0.6988,3
2026-07-15 14:01:00+00:00,0.6987,0.6987,0.6986,0.6986,2
2026-07-15 14:02:00+00:00,0.6987,0.6987,0.6987,0.6987,8
2026-07-15 14:03:00+00:00,0.6988,0.6988,0.6988,0.6988,1
2026-07-15 14:04:00+00:00,0.6988,0.6988,0.6988,0.6988,1
2026-07-15 14:06:00+00:00,0.6989,0.699,0.6989,0.699,2
2026-07-15 14:07:00+00:00,0.6989,0.6989,0.6987,0.6987,12
2026-07-15 14:15:00+00:00,0.6987,0.6987,0.6987,0.6987,1
2026-07-15 14:16:00+00:00,0.6988,0.6988,0.6988,0.6988,4
2026-07-15 14:17:00+00:00,0.6988,0.6988,0.6988,0.6988,1
2026-07-15 14:20:00+00:00,0.6987,0.6987,0.6987,0.6987,1
2026-07-15 14:23:00+00:00,0.6987,0.6987,0.6987,0.6987,1
2026-07-15 14:24:00+00:00,0.6986,0.6986,0.6985,0.6985,8
2026-07-15 14:25:00+00:00,0.6985,0.6985,0.6985,0.6985,21
2026-07-15 14:26:00+00:00,0.6986,0.6986,0.6986,0.6986,9
2026-07-15 14:27:00+00:00,0.6986,0.6986,0.6986,0.6986,5
2026-07-15 14:29:00+00:00,0.6987,0.6987,0.6987,0.6987,1
2026-07-15 14:30:00+00:00,0.6987,0.6987,0.6987,0.6987,10
2026-07-15 14:31:00+00:00,0.6986,0.6986,0.6986,0.6986,1
2026-07-15 14:32:00+00:00,0.6986,0.6987,0.6986,0.6987,2
2026-07-15 14:36:00+00:00,0.6988,0.6988,0.6988,0.6988,2
2026-07-15 14:39:00+00:00,0.6987,0.6987,0.6987,0.6987,1
2026-07-15 14:40:00+00:00,0.6987,0.6988,0.6987,0.6988,9
2026-07-15 14:41:00+00:00,0.6988,0.6988,0.6988,0.6988,5
2026-07-15 14:42:00+00:00,0.6989,0.6989,0.6989,0.6989,2
2026-07-15 14:43:00+00:00,0.6988,0.6989,0.6988,0.6989,18
2026-07-15 14:44:00+00:00,0.6989,0.6989,0.6989,0.6989,5
2026-07-15 14:45:00+00:00,0.6989,0.6989,0.6989,0.6989,1
2026-07-15 14:46:00+00:00,0.6988,0.6988,0.6988,0.6988,1
2026-07-15 14:48:00+00:00,0.699,0.699,0.699,0.699,1
2026-07-15 14:49:00+00:00,0.6991,0.6991,0.6991,0.6991,7
2026-07-15 14:51:00+00:00,0.6991,0.6991,0.699,0.699,5
2026-07-15 14:52:00+00:00,0.6991,0.6991,0.6989,0.6989,12
2026-07-15 14:54:00+00:00,0.6988,0.6988,0.6988,0.6988,1
2026-07-15 14:55:00+00:00,0.6988,0.6988,0.6987,0.6988,3
2026-07-15 14:57:00+00:00,0.699,0.699,0.699,0.699,1
2026-07-15 14:59:00+00:00,0.6991,0.6991,0.6991,0.6991,1
2026-07-15 15:01:00+00:00,0.6991,0.6991,0.6991,0.6991,2
2026-07-15 15:02:00+00:00,0.6992,0.6993,0.6992,0.6993,34
2026-07-15 15:03:00+00:00,0.6991,0.6991,0.6991,0.6991,1
2026-07-15 15:06:00+00:00,0.699,0.699,0.699,0.699,1
2026-07-15 15:10:00+00:00,0.6992,0.6992,0.6992,0.6992,8
2026-07-15 15:11:00+00:00,0.6992,0.6992,0.6992,0.6992,2
2026-07-15 15:13:00+00:00,0.6992,0.6992,0.6992,0.6992,2
2026-07-15 15:16:00+00:00,0.6988,0.6988,0.6987,0.6987,10
2026-07-15 15:17:00+00:00,0.6987,0.6989,0.6987,0.6988,5
2026-07-15 15:19:00+00:00,0.6991,0.6991,0.6991,0.6991,4
2026-07-15 15:23:00+00:00,0.699,0.699,0.6989,0.6989,10
2026-07-15 15:24:00+00:00,0.699,0.699,0.699,0.699,4
2026-07-15 15:26:00+00:00,0.6991,0.6991,0.6991,0.6991,1
2026-07-15 15:27:00+00:00,0.6992,0.6993,0.6992,0.6993,13
2026-07-15 15:28:00+00:00,0.6993,0.6993,0.6993,0.6993,4
2026-07-15 15:29:00+00:00,0.6994,0.6995,0.6994,0.6995,6
2026-07-15 15:30:00+00:00,0.6994,0.6994,0.6993,0.6993,9
2026-07-15 15:33:00+00:00,0.6994,0.6994,0.6994,0.6994,1
2026-07-15 15:34:00+00:00,0.6994,0.6994,0.6994,0.6994,9
2026-07-15 15:37:00+00:00,0.6992,0.6992,0.6992,0.6992,1
2026-07-15 15:38:00+00:00,0.6992,0.6992,0.6992,0.6992,1
2026-07-15 15:40:00+00:00,0.6991,0.6991,0.6991,0.6991,1
2026-07-15 15:41:00+00:00,0.6992,0.6992,0.6992,0.6992,1
2026-07-15 15:42:00+00:00,0.6991,0.6991,0.6991,0.6991,4
2026-07-15 15:49:00+00:00,0.6993,0.6993,0.6993,0.6993,1
2026-07-15 15:52:00+00:00,0.699,0.699,0.699,0.699,1
2026-07-15 15:54:00+00:00,0.6992,0.6992,0.6992,0.6992,3
2026-07-15 15:56:00+00:00,0.6991,0.6992,0.6991,0.6992,18
2026-07-15 16:02:00+00:00,0.6989,0.6989,0.6989,0.6989,1
2026-07-15 16:03:00+00:00,0.6989,0.6989,0.6987,0.6988,11
2026-07-15 16:04:00+00:00,0.6988,0.6988,0.6988,0.6988,1
2026-07-15 16:06:00+00:00,0.6987,0.6987,0.6987,0.6987,6
2026-07-15 16:07:00+00:00,0.6987,0.6987,0.6987,0.6987,2
2026-07-15 16:14:00+00:00,0.6988,0.6988,0.6988,0.6988,4
2026-07-15 16:15:00+00:00,0.6989,0.6989,0.6989,0.6989,1
2026-07-15 16:16:00+00:00,0.6988,0.6988,0.6988,0.6988,3
2026-07-15 16:19:00+00:00,0.6987,0.6987,0.6987,0.6987,2
2026-07-15 16:21:00+00:00,0.6987,0.6987,0.6987,0.6987,1
2026-07-15 16:24:00+00:00,0.6987,0.6987,0.6987,0.6987,1
2026-07-15 16:27:00+00:00,0.6988,0.6989,0.6988,0.6989,10
2026-07-15 16:28:00+00:00,0.6987,0.6987,0.6987,0.6987,8
2026-07-15 16:29:00+00:00,0.6987,0.6987,0.6987,0.6987,1
2026-07-15 16:31:00+00:00,0.6987,0.6987,0.6987,0.6987,5
2026-07-15 16:32:00+00:00,0.6986,0.6986,0.6986,0.6986,6
2026-07-15 16:33:00+00:00,0.6986,0.6986,0.6986,0.6986,2
2026-07-15 16:34:00+00:00,0.6985,0.6985,0.6985,0.6985,1
2026-07-15 16:36:00+00:00,0.6984,0.6984,0.6984,0.6984,2
2026-07-15 16:37:00+00:00,0.6983,0.6983,0.6983,0.6983,3
2026-07-15 16:38:00+00:00,0.6974,0.6974,0.6974,0.6974,1
2026-07-15 16:38:00+00:00,0.6983,0.6983,0.6983,0.6983,2
2026-07-15 16:40:00+00:00,0.6983,0.6983,0.6983,0.6983,7
2026-07-15 16:42:00+00:00,0.6983,0.6983,0.6983,0.6983,16
2026-07-15 16:43:00+00:00,0.6982,0.6982,0.6982,0.6982,3
2026-07-15 16:44:00+00:00,0.6982,0.6982,0.6982,0.6982,6
2026-07-15 16:45:00+00:00,0.6981,0.6981,0.6981,0.6981,2
2026-07-15 16:46:00+00:00,0.6982,0.6986,0.6982,0.6983,190
2026-07-15 16:47:00+00:00,0.6984,0.6984,0.6983,0.6983,6
2026-07-15 16:48:00+00:00,0.6982,0.6983,0.6982,0.6983,8
2026-07-15 16:49:00+00:00,0.6985,0.6985,0.6985,0.6985,2
2026-07-15 16:52:00+00:00,0.6974,0.6974,0.6974,0.6974,1
2026-07-15 16:56:00+00:00,0.6983,0.6983,0.6983,0.6983,68
2026-07-15 16:57:00+00:00,0.6983,0.6983,0.6983,0.6983,3
2026-07-15 16:58:00+00:00,0.6984,0.6984,0.6984,0.6984,4
2026-07-15 16:59:00+00:00,0.6985,0.6985,0.6985,0.6985,1
2026-07-15 17:00:00+00:00,0.6986,0.6986,0.6986,0.6986,16
2026-07-15 17:01:00+00:00,0.6988,0.6989,0.6987,0.6989,15
2026-07-15 17:02:00+00:00,0.6988,0.6988,0.6988,0.6988,3
2026-07-15 17:04:00+00:00,0.6988,0.6988,0.6987,0.6988,14
2026-07-15 17:07:00+00:00,0.699,0.699,0.699,0.699,1
2026-07-15 17:09:00+00:00,0.6991,0.6991,0.6991,0.6991,7
2026-07-15 17:10:00+00:00,0.6991,0.6991,0.6991,0.6991,6
2026-07-15 17:13:00+00:00,0.6992,0.6992,0.6992,0.6992,1
2026-07-15 17:14:00+00:00,0.699,0.699,0.699,0.699,1
2026-07-15 17:19:00+00:00,0.6992,0.6992,0.6992,0.6992,1
2026-07-15 17:20:00+00:00,0.6992,0.6992,0.6992,0.6992,1
2026-07-15 17:23:00+00:00,0.6992,0.6992,0.6992,0.6992,1
2026-07-15 17:25:00+00:00,0.6993,0.6993,0.6993,0.6993,2
2026-07-15 17:26:00+00:00,0.6994,0.6994,0.6994,0.6994,5
2026-07-15 17:27:00+00:00,0.6994,0.6994,0.6994,0.6994,5
2026-07-15 17:30:00+00:00,0.6995,0.6997,0.6995,0.6997,19
2026-07-15 17:31:00+00:00,0.6997,0.6997,0.6997,0.6997,4
2026-07-15 17:32:00+00:00,0.6998,0.7,0.6998,0.6999,35
2026-07-15 17:33:00+00:00,0.7,0.7001,0.7,0.7001,55
2026-07-15 17:34:00+00:00,0.6999,0.6999,0.6999,0.6999,1
2026-07-15 17:35:00+00:00,0.6999,0.7,0.6999,0.7,8
2026-07-15 17:36:00+00:00,0.7,0.7001,0.7,0.7001,8
2026-07-15 17:38:00+00:00,0.7,0.7,0.7,0.7,1
2026-07-15 17:40:00+00:00,0.7002,0.7003,0.7002,0.7003,23
2026-07-15 17:41:00+00:00,0.7004,0.7004,0.7004,0.7004,3
2026-07-15 17:41:00+00:00,0.6992,0.6992,0.6992,0.6992,1
2026-07-15 17:42:00+00:00,0.7005,0.7005,0.7005,0.7005,2
2026-07-15 17:43:00+00:00,0.7006,0.7006,0.7005,0.7005,10
2026-07-15 17:44:00+00:00,0.7005,0.7005,0.7005,0.7005,8
2026-07-15 17:45:00+00:00,0.7005,0.7005,0.7003,0.7003,16
2026-07-15 17:46:00+00:00,0.7006,0.7006,0.7006,0.7006,4
2026-07-15 17:47:00+00:00,0.7007,0.7008,0.7007,0.7007,49
2026-07-15 17:48:00+00:00,0.7007,0.7007,0.7007,0.7007,13
2026-07-15 17:50:00+00:00,0.7008,0.7008,0.7008,0.7008,5
2026-07-15 17:51:00+00:00,0.7006,0.7007,0.7006,0.7007,6
2026-07-15 17:52:00+00:00,0.7007,0.7007,0.7007,0.7007,2
2026-07-15 17:53:00+00:00,0.7007,0.7007,0.7006,0.7006,2
2026-07-15 17:54:00+00:00,0.7006,0.7007,0.7005,0.7005,4
2026-07-15 17:57:00+00:00,0.7006,0.7006,0.7006,0.7006,1
2026-07-15 17:58:00+00:00,0.7006,0.7006,0.7006,0.7006,1
2026-07-15 18:00:00+00:00,0.7007,0.7008,0.7007,0.7008,9
2026-07-15 18:01:00+00:00,0.7007,0.7007,0.7007,0.7007,1
2026-07-15 18:01:00+00:00,0.6994,0.6994,0.6994,0.6994,1
2026-07-15 18:02:00+00:00,0.7007,0.7007,0.7007,0.7007,1
2026-07-15 18:02:00+00:00,0.6994,0.6994,0.6994,0.6994,1
2026-07-15 18:03:00+00:00,0.7009,0.7009,0.7009,0.7009,5
2026-07-15 18:04:00+00:00,0.7009,0.7009,0.7008,0.7009,7
2026-07-15 18:04:00+00:00,0.6995,0.6995,0.6995,0.6995,2
2026-07-15 18:05:00+00:00,0.7009,0.7009,0.7009,0.7009,1
2026-07-15 18:08:00+00:00,0.6995,0.6995,0.6995,0.6995,1
2026-07-15 18:08:00+00:00,0.7008,0.7008,0.7008,0.7008,1
2026-07-15 18:10:00+00:00,0.701,0.701,0.7009,0.7009,14
2026-07-15 18:12:00+00:00,0.701,0.701,0.7009,0.7009,2
2026-07-15 18:13:00+00:00,0.7008,0.7008,0.7008,0.7008,3
2026-07-15 18:14:00+00:00,0.7008,0.7008,0.7008,0.7008,2
2026-07-15 18:15:00+00:00,0.7007,0.7007,0.7007,0.7007,4
2026-07-15 18:16:00+00:00,0.7008,0.7009,0.7008,0.7009,6
2026-07-15 18:17:00+00:00,0.701,0.701,0.701,0.701,6
2026-07-15 18:19:00+00:00,0.701,0.7011,0.701,0.7011,3
2026-07-15 18:20:00+00:00,0.7011,0.7011,0.7011,0.7011,1
2026-07-15 18:22:00+00:00,0.7012,0.7012,0.7012,0.7012,1
2026-07-15 18:23:00+00:00,0.7011,0.7011,0.7011,0.7011,3
2026-07-15 18:27:00+00:00,0.701,0.701,0.701,0.701,1
2026-07-15 18:30:00+00:00,0.7012,0.7012,0.7012,0.7012,9
2026-07-15 18:31:00+00:00,0.7012,0.7014,0.7012,0.7014,8
2026-07-15 18:33:00+00:00,0.7013,0.7013,0.7012,0.7013,7
2026-07-15 18:34:00+00:00,0.7012,0.7012,0.7012,0.7012,2
2026-07-15 18:40:00+00:00,0.701,0.701,0.7009,0.7009,13
2026-07-15 18:41:00+00:00,0.701,0.701,0.7009,0.7009,3
2026-07-15 18:42:00+00:00,0.7009,0.7009,0.7009,0.7009,1
2026-07-15 18:44:00+00:00,0.7006,0.7006,0.7006,0.7006,6
2026-07-15 18:46:00+00:00,0.7006,0.7006,0.7006,0.7006,14
2026-07-15 18:47:00+00:00,0.7006,0.7006,0.7006,0.7006,4
2026-07-15 18:50:00+00:00,0.7004,0.7004,0.7004,0.7004,3
2026-07-15 18:51:00+00:00,0.7002,0.7002,0.7002,0.7002,1
2026-07-15 18:53:00+00:00,0.7002,0.7002,0.7002,0.7002,6
2026-07-15 18:55:00+00:00,0.7004,0.7004,0.7004,0.7004,10
2026-07-15 18:56:00+00:00,0.7003,0.7003,0.7002,0.7002,2
2026-07-15 18:58:00+00:00,0.7001,0.7002,0.7001,0.7001,15
2026-07-15 18:59:00+00:00,0.7002,0.7002,0.7,0.7001,11
2026-07-15 19:00:00+00:00,0.7001,0.7001,0.7001,0.7001,2
2026-07-15 19:01:00+00:00,0.7002,0.7002,0.7002,0.7002,12
2026-07-15 19:02:00+00:00,0.7003,0.7003,0.7003,0.7003,1
2026-07-15 19:03:00+00:00,0.7003,0.7003,0.7003,0.7003,1
2026-07-15 19:04:00+00:00,0.7002,0.7002,0.7002,0.7002,10
2026-07-15 19:11:00+00:00,0.7005,0.7005,0.7004,0.7004,9
2026-07-15 19:12:00+00:00,0.7005,0.7005,0.7005,0.7005,5
2026-07-15 19:13:00+00:00,0.7004,0.7004,0.7004,0.7004,5
2026-07-15 19:20:00+00:00,0.7001,0.7001,0.7,0.7,6
2026-07-15 19:29:00+00:00,0.7002,0.7003,0.7002,0.7002,3
2026-07-15 19:30:00+00:00,0.7002,0.7002,0.7002,0.7002,1
2026-07-15 19:32:00+00:00,0.7001,0.7001,0.7,0.7,5
2026-07-15 19:33:00+00:00,0.6998,0.6998,0.6997,0.6997,3
2026-07-15 19:35:00+00:00,0.6997,0.6997,0.6997,0.6997,6
2026-07-15 19:36:00+00:00,0.6998,0.6998,0.6998,0.6998,6
2026-07-15 19:39:00+00:00,0.6998,0.6998,0.6998,0.6998,1
2026-07-15 19:40:00+00:00,0.6999,0.6999,0.6999,0.6999,1
2026-07-15 19:46:00+00:00,0.6998,0.6998,0.6998,0.6998,5
2026-07-15 19:50:00+00:00,0.6998,0.6998,0.6998,0.6998,1
2026-07-15 19:57:00+00:00,0.6998,0.6998,0.6998,0.6998,1
2026-07-15 19:59:00+00:00,0.6999,0.6999,0.6999,0.6999,1
2026-07-15 20:00:00+00:00,0.6999,0.6999,0.6999,0.6999,35
2026-07-15 20:02:00+00:00,0.7,0.7,0.7,0.7,2
2026-07-15 20:05:00+00:00,0.7,0.7,0.7,0.7,4
2026-07-15 20:06:00+00:00,0.7,0.7001,0.7,0.7,11
2026-07-15 20:08:00+00:00,0.6999,0.6999,0.6999,0.6999,1
2026-07-15 20:09:00+00:00,0.6998,0.6998,0.6998,0.6998,3
2026-07-15 20:15:00+00:00,0.6998,0.6998,0.6998,0.6998,5
2026-07-15 20:29:00+00:00,0.7,0.7,0.7,0.7,4
2026-07-15 20:30:00+00:00,0.6989,0.6989,0.6989,0.6989,11
2026-07-15 20:30:00+00:00,0.7001,0.7001,0.7001,0.7001,9
2026-07-15 20:33:00+00:00,0.6989,0.6989,0.6989,0.6989,1
2026-07-15 20:38:00+00:00,0.6999,0.6999,0.6999,0.6999,1
2026-07-15 20:43:00+00:00,0.6999,0.6999,0.6999,0.6999,1
2026-07-15 20:45:00+00:00,0.7,0.7,0.6999,0.6999,3
2026-07-15 20:47:00+00:00,0.6999,0.6999,0.6999,0.6999,1
2026-07-15 20:51:00+00:00,0.7,0.7,0.7,0.7,3
2026-07-15 20:52:00+00:00,0.6999,0.6999,0.6999,0.6999,1
2026-07-15 20:54:00+00:00,0.6987,0.6987,0.6987,0.6987,1
2026-07-15 20:55:00+00:00,0.7,0.7,0.7,0.7,3
2026-07-15 20:57:00+00:00,0.7,0.7,0.7,0.7,9
2026-07-15 20:58:00+00:00,0.7,0.7,0.6999,0.6999,5
2026-07-15 20:59:00+00:00,0.6998,0.6998,0.6998,0.6998,5
2026-07-15 22:00:00+00:00,0.6997,0.7001,0.6997,0.7,71
2026-07-15 22:01:00+00:00,0.7,0.7,0.7,0.7,2
2026-07-15 22:02:00+00:00,0.7,0.7,0.7,0.7,5
2026-07-15 22:04:00+00:00,0.6999,0.6999,0.6999,0.6999,4
2026-07-15 22:05:00+00:00,0.7,0.7,0.6999,0.6999,2
2026-07-15 22:10:00+00:00,0.6999,0.6999,0.6998,0.6999,13
2026-07-15 22:14:00+00:00,0.6998,0.6998,0.6998,0.6998,2
2026-07-15 22:15:00+00:00,0.6998,0.6998,0.6998,0.6998,7
2026-07-15 22:19:00+00:00,0.6999,0.6999,0.6999,0.6999,2
2026-07-15 22:20:00+00:00,0.6999,0.6999,0.6999,0.6999,1
2026-07-15 22:29:00+00:00,0.6999,0.6999,0.6999,0.6999,1
2026-07-15 22:30:00+00:00,0.6999,0.6999,0.6999,0.6999,1
2026-07-15 22:33:00+00:00,0.6999,0.6999,0.6999,0.6999,4
2026-07-15 22:34:00+00:00,0.6999,0.6999,0.6999,0.6999,1
2026-07-15 22:40:00+00:00,0.6998,0.6998,0.6998,0.6998,1
2026-07-15 22:41:00+00:00,0.6998,0.6998,0.6998,0.6998,1
2026-07-15 22:49:00+00:00,0.6998,0.6998,0.6998,0.6998,1
2026-07-15 22:54:00+00:00,0.6999,0.6999,0.6998,0.6998,23
2026-07-15 22:56:00+00:00,0.6998,0.6998,0.6998,0.6998,5
2026-07-15 22:59:00+00:00,0.6998,0.6998,0.6998,0.6998,1
2026-07-15 23:27:00+00:00,0.7,0.7001,0.7,0.7001,2
2026-07-15 23:28:00+00:00,0.7002,0.7003,0.7002,0.7002,16
2026-07-15 23:29:00+00:00,0.7002,0.7002,0.7002,0.7002,12
2026-07-15 23:31:00+00:00,0.7002,0.7002,0.7002,0.7002,1
2026-07-15 23:35:00+00:00,0.7003,0.7003,0.7003,0.7003,6
2026-07-15 23:41:00+00:00,0.7001,0.7001,0.7001,0.7001,1
2026-07-15 23:47:00+00:00,0.7002,0.7002,0.7002,0.7002,1
2026-07-15 23:51:00+00:00,0.7002,0.7002,0.7002,0.7002,1
2026-07-15 23:53:00+00:00,0.7001,0.7001,0.7001,0.7001,3
2026-07-15 23:57:00+00:00,0.7001,0.7001,0.7001,0.7001,2
2026-07-15 23:58:00+00:00,0.7001,0.7001,0.7001,0.7001,1
2026-07-16 00:00:00+00:00,0.7,0.7,0.7,0.7,1
2026-07-16 00:01:00+00:00,0.7002,0.7002,0.7002,0.7002,5
2026-07-16 00:03:00+00:00,0.7002,0.7002,0.7002,0.7002,16
2026-07-16 00:05:00+00:00,0.7001,0.7001,0.7001,0.7001,9
2026-07-16 00:10:00+00:00,0.7002,0.7002,0.7002,0.7002,4
2026-07-16 00:15:00+00:00,0.7003,0.7003,0.7003,0.7003,4
2026-07-16 00:16:00+00:00,0.7001,0.7001,0.7001,0.7001,1
2026-07-16 00:25:00+00:00,0.7,0.7,0.7,0.7,10
2026-07-16 00:26:00+00:00,0.6999,0.6999,0.6999,0.6999,4
2026-07-16 00:27:00+00:00,0.6998,0.6998,0.6998,0.6998,2
2026-07-16 00:30:00+00:00,0.6997,0.6998,0.6997,0.6998,5
2026-07-16 00:31:00+00:00,0.6997,0.6997,0.6997,0.6997,3
2026-07-16 00:33:00+00:00,0.6994,0.6994,0.6994,0.6994,4
2026-07-16 00:34:00+00:00,0.6994,0.6995,0.6994,0.6995,6
2026-07-16 00:35:00+00:00,0.6994,0.6994,0.6993,0.6993,2
2026-07-16 00:36:00+00:00,0.6993,0.6993,0.6993,0.6993,1
2026-07-16 00:40:00+00:00,0.6992,0.6992,0.6991,0.6992,10
2026-07-16 00:41:00+00:00,0.6993,0.6993,0.6993,0.6993,10
2026-07-16 00:43:00+00:00,0.6993,0.6993,0.6993,0.6993,2
2026-07-16 00:44:00+00:00,0.6993,0.6993,0.6993,0.6993,1
2026-07-16 00:46:00+00:00,0.6992,0.6993,0.6992,0.6992,19
2026-07-16 00:50:00+00:00,0.6991,0.6991,0.6991,0.6991,2
2026-07-16 00:52:00+00:00,0.6991,0.6991,0.6991,0.6991,1
2026-07-16 00:54:00+00:00,0.6991,0.6991,0.6989,0.6989,9
2026-07-16 00:57:00+00:00,0.6989,0.699,0.6989,0.699,3
2026-07-16 00:58:00+00:00,0.699,0.6991,0.699,0.6991,4
2026-07-16 00:59:00+00:00,0.699,0.699,0.699,0.699,2
2026-07-16 01:00:00+00:00,0.6991,0.6991,0.6991,0.6991,2
2026-07-16 01:01:00+00:00,0.699,0.699,0.699,0.699,2
2026-07-16 01:02:00+00:00,0.699,0.699,0.699,0.699,1
2026-07-16 01:04:00+00:00,0.699,0.699,0.699,0.699,1
2026-07-16 01:06:00+00:00,0.6989,0.6989,0.6989,0.6989,1
2026-07-16 01:07:00+00:00,0.6988,0.6988,0.6987,0.6987,5
2026-07-16 01:09:00+00:00,0.6989,0.6989,0.6988,0.6988,2
2026-07-16 01:13:00+00:00,0.6986,0.6986,0.6986,0.6986,1
2026-07-16 01:15:00+00:00,0.6988,0.6988,0.6987,0.6987,25
2026-07-16 01:17:00+00:00,0.6986,0.6986,0.6986,0.6986,2
2026-07-16 01:18:00+00:00,0.6985,0.6985,0.6985,0.6985,3
2026-07-16 01:19:00+00:00,0.6985,0.6985,0.6985,0.6985,1
2026-07-16 01:20:00+00:00,0.6984,0.6984,0.6984,0.6984,2
2026-07-16 01:21:00+00:00,0.6986,0.6987,0.6986,0.6986,15
2026-07-16 01:22:00+00:00,0.6986,0.6987,0.6986,0.6987,2
2026-07-16 01:24:00+00:00,0.6985,0.6985,0.6985,0.6985,1
2026-07-16 01:25:00+00:00,0.6987,0.6987,0.6987,0.6987,1
2026-07-16 01:26:00+00:00,0.6987,0.6987,0.6987,0.6987,1
2026-07-16 01:27:00+00:00,0.6985,0.6985,0.6985,0.6985,1
2026-07-16 01:28:00+00:00,0.6985,0.6985,0.6985,0.6985,1
2026-07-16 01:29:00+00:00,0.6984,0.6984,0.6984,0.6984,1
2026-07-16 01:30:00+00:00,0.6984,0.6984,0.6984,0.6984,1
2026-07-16 01:31:00+00:00,0.6984,0.6984,0.6984,0.6984,1
2026-07-16 01:33:00+00:00,0.6983,0.6983,0.6983,0.6983,2
2026-07-16 01:42:00+00:00,0.6975,0.6975,0.6975,0.6975,1
2026-07-16 01:42:00+00:00,0.6985,0.6985,0.6985,0.6985,4
2026-07-16 01:45:00+00:00,0.6985,0.6985,0.6985,0.6985,3
2026-07-16 01:48:00+00:00,0.6987,0.6988,0.6987,0.6988,5
2026-07-16 01:51:00+00:00,0.6987,0.6987,0.6987,0.6987,3
2026-07-16 01:52:00+00:00,0.6986,0.6986,0.6986,0.6986,1
2026-07-16 01:54:00+00:00,0.6987,0.6987,0.6986,0.6987,11
2026-07-16 01:55:00+00:00,0.6986,0.6986,0.6986,0.6986,1
2026-07-16 01:57:00+00:00,0.6985,0.6985,0.6985,0.6985,1
2026-07-16 01:59:00+00:00,0.6984,0.6985,0.6984,0.6985,3
2026-07-16 02:00:00+00:00,0.6984,0.6985,0.6984,0.6985,3
2026-07-16 02:01:00+00:00,0.6983,0.6983,0.6983,0.6983,1
2026-07-16 02:03:00+00:00,0.6983,0.6984,0.6983,0.6984,15
2026-07-16 02:05:00+00:00,0.6982,0.6982,0.6982,0.6982,23
2026-07-16 02:06:00+00:00,0.6982,0.6982,0.6982,0.6982,5
2026-07-16 02:07:00+00:00,0.6981,0.6982,0.6981,0.6982,23
2026-07-16 02:08:00+00:00,0.6982,0.6982,0.6982,0.6982,4
2026-07-16 02:09:00+00:00,0.6981,0.6981,0.6981,0.6981,2
2026-07-16 02:10:00+00:00,0.6981,0.6981,0.6981,0.6981,5
2026-07-16 02:11:00+00:00,0.6981,0.6981,0.6981,0.6981,1
2026-07-16 02:12:00+00:00,0.6981,0.6981,0.698,0.698,42
2026-07-16 02:13:00+00:00,0.698,0.698,0.6978,0.6979,12
2026-07-16 02:14:00+00:00,0.6979,0.698,0.6979,0.698,8
2026-07-16 02:15:00+00:00,0.6981,0.6981,0.698,0.698,3
2026-07-16 02:17:00+00:00,0.698,0.698,0.698,0.698,10
2026-07-16 02:19:00+00:00,0.6982,0.6982,0.6982,0.6982,1
2026-07-16 02:20:00+00:00,0.6983,0.6984,0.6983,0.6984,3
2026-07-16 02:23:00+00:00,0.6983,0.6983,0.6983,0.6983,1
2026-07-16 02:24:00+00:00,0.6983,0.6985,0.6983,0.6985,14
2026-07-16 02:26:00+00:00,0.6986,0.6986,0.6985,0.6985,3
2026-07-16 02:31:00+00:00,0.6985,0.6985,0.6985,0.6985,2
2026-07-16 02:33:00+00:00,0.6985,0.6985,0.6985,0.6985,1
2026-07-16 02:35:00+00:00,0.6985,0.6985,0.6985,0.6985,7
2026-07-16 02:36:00+00:00,0.6985,0.6985,0.6985,0.6985,1
2026-07-16 02:40:00+00:00,0.6975,0.6975,0.6975,0.6975,1
2026-07-16 02:40:00+00:00,0.6984,0.6984,0.6984,0.6984,1
2026-07-16 02:42:00+00:00,0.6984,0.6984,0.6984,0.6984,1
2026-07-16 02:45:00+00:00,0.6985,0.6985,0.6985,0.6985,17
2026-07-16 02:47:00+00:00,0.6984,0.6985,0.6984,0.6985,2
2026-07-16 02:49:00+00:00,0.6985,0.6985,0.6985,0.6985,4
2026-07-16 02:50:00+00:00,0.6986,0.6986,0.6986,0.6986,2
2026-07-16 02:58:00+00:00,0.6988,0.6988,0.6988,0.6988,1
2026-07-16 02:59:00+00:00,0.6988,0.6988,0.6988,0.6988,1
2026-07-16 03:03:00+00:00,0.6988,0.6988,0.6988,0.6988,5
2026-07-16 03:04:00+00:00,0.6988,0.6988,0.6988,0.6988,11
2026-07-16 03:05:00+00:00,0.6989,0.699,0.6989,0.699,16
2026-07-16 03:06:00+00:00,0.699,0.699,0.699,0.699,4
2026-07-16 03:07:00+00:00,0.699,0.699,0.6989,0.6989,2
2026-07-16 03:08:00+00:00,0.6989,0.699,0.6989,0.699,22
2026-07-16 03:09:00+00:00,0.699,0.699,0.699,0.699,7
2026-07-16 03:11:00+00:00,0.699,0.699,0.699,0.699,2
2026-07-16 03:14:00+00:00,0.6989,0.6989,0.6989,0.6989,1
2026-07-16 03:16:00+00:00,0.699,0.699,0.699,0.699,2
2026-07-16 03:19:00+00:00,0.6991,0.6991,0.6991,0.6991,4
2026-07-16 03:22:00+00:00,0.6991,0.6991,0.6991,0.6991,1
2026-07-16 03:23:00+00:00,0.6991,0.6991,0.6991,0.6991,2
2026-07-16 03:30:00+00:00,0.6992,0.6992,0.6992,0.6992,1
2026-07-16 03:32:00+00:00,0.6992,0.6992,0.6992,0.6992,1
2026-07-16 03:35:00+00:00,0.6994,0.6994,0.6994,0.6994,6
2026-07-16 03:36:00+00:00,0.6994,0.6994,0.6994,0.6994,1
2026-07-16 03:38:00+00:00,0.6993,0.6993,0.6993,0.6993,1
2026-07-16 03:44:00+00:00,0.6992,0.6992,0.6992,0.6992,1
2026-07-16 03:45:00+00:00,0.699,0.699,0.699,0.699,1
2026-07-16 03:46:00+00:00,0.6991,0.6991,0.6991,0.6991,8
2026-07-16 03:54:00+00:00,0.699,0.699,0.699,0.699,5
2026-07-16 03:55:00+00:00,0.699,0.699,0.699,0.699,1
2026-07-16 03:59:00+00:00,0.6993,0.6993,0.6993,0.6993,4
2026-07-16 04:00:00+00:00,0.6993,0.6993,0.6993,0.6993,2
2026-07-16 04:11:00+00:00,0.6993,0.6993,0.6993,0.6993,1
2026-07-16 04:12:00+00:00,0.6994,0.6994,0.6994,0.6994,22
2026-07-16 04:13:00+00:00,0.6994,0.6995,0.6994,0.6995,6
2026-07-16 04:14:00+00:00,0.6996,0.6996,0.6996,0.6996,25
2026-07-16 04:16:00+00:00,0.6995,0.6995,0.6995,0.6995,4
2026-07-16 04:19:00+00:00,0.6994,0.6994,0.6994,0.6994,21
2026-07-16 04:20:00+00:00,0.6994,0.6994,0.6994,0.6994,3
2026-07-16 04:24:00+00:00,0.6995,0.6995,0.6995,0.6995,8
2026-07-16 04:25:00+00:00,0.6994,0.6994,0.6994,0.6994,1
2026-07-16 04:26:00+00:00,0.6994,0.6994,0.6994,0.6994,5
2026-07-16 04:27:00+00:00,0.6994,0.6994,0.6994,0.6994,1
2026-07-16 04:30:00+00:00,0.6994,0.6994,0.6994,0.6994,5
2026-07-16 04:31:00+00:00,0.6995,0.6995,0.6995,0.6995,31
2026-07-16 04:32:00+00:00,0.6996,0.6996,0.6996,0.6996,1
2026-07-16 04:33:00+00:00,0.6994,0.6994,0.6994,0.6994,9
2026-07-16 04:34:00+00:00,0.6993,0.6994,0.6993,0.6994,6
2026-07-16 04:36:00+00:00,0.6994,0.6994,0.6994,0.6994,20
2026-07-16 04:38:00+00:00,0.6994,0.6994,0.6994,0.6994,7
2026-07-16 04:41:00+00:00,0.6994,0.6994,0.6994,0.6994,1
2026-07-16 04:42:00+00:00,0.6994,0.6994,0.6994,0.6994,3
2026-07-16 04:43:00+00:00,0.6995,0.6995,0.6995,0.6995,1
2026-07-16 04:44:00+00:00,0.6994,0.6994,0.6994,0.6994,1
2026-07-16 04:45:00+00:00,0.6994,0.6994,0.6994,0.6994,4
2026-07-16 04:46:00+00:00,0.6994,0.6994,0.6994,0.6994,4
2026-07-16 04:50:00+00:00,0.6993,0.6993,0.6993,0.6993,3
2026-07-16 04:53:00+00:00,0.6993,0.6993,0.6993,0.6993,1
2026-07-16 04:58:00+00:00,0.6992,0.6992,0.6992,0.6992,8
2026-07-16 05:06:00+00:00,0.699,0.699,0.699,0.699,4
2026-07-16 05:07:00+00:00,0.6989,0.6989,0.6989,0.6989,5
2026-07-16 05:09:00+00:00,0.6989,0.6989,0.6989,0.6989,1
2026-07-16 05:10:00+00:00,0.699,0.699,0.699,0.699,2
2026-07-16 05:13:00+00:00,0.6991,0.6991,0.6991,0.6991,1
2026-07-16 05:14:00+00:00,0.6991,0.6991,0.6991,0.6991,1
2026-07-16 05:15:00+00:00,0.6992,0.6993,0.6992,0.6993,5
2026-07-16 05:17:00+00:00,0.6993,0.6993,0.6993,0.6993,7
2026-07-16 05:20:00+00:00,0.6992,0.6992,0.6992,0.6992,3
2026-07-16 05:22:00+00:00,0.6992,0.6992,0.6992,0.6992,4
2026-07-16 05:23:00+00:00,0.6994,0.6994,0.6994,0.6994,6
2026-07-16 05:30:00+00:00,0.6992,0.6992,0.6992,0.6992,3
2026-07-16 05:37:00+00:00,0.699,0.699,0.699,0.699,6
2026-07-16 05:42:00+00:00,0.6989,0.6989,0.6989,0.6989,6
2026-07-16 05:48:00+00:00,0.6988,0.6988,0.6988,0.6988,3
2026-07-16 05:50:00+00:00,0.6987,0.6987,0.6987,0.6987,1
2026-07-16 05:53:00+00:00,0.6988,0.6988,0.6988,0.6988,20
2026-07-16 05:54:00+00:00,0.6987,0.6987,0.6987,0.6987,10
2026-07-16 05:55:00+00:00,0.6988,0.6988,0.6988,0.6988,1
2026-07-16 05:58:00+00:00,0.6988,0.6988,0.6988,0.6988,1
2026-07-16 05:59:00+00:00,0.6987,0.6987,0.6987,0.6987,5
2026-07-16 06:00:00+00:00,0.6989,0.6989,0.6989,0.6989,1
2026-07-16 06:01:00+00:00,0.6988,0.6988,0.6988,0.6988,1
2026-07-16 06:03:00+00:00,0.6987,0.6987,0.6987,0.6987,5
2026-07-16 06:08:00+00:00,0.6988,0.6989,0.6988,0.6989,22
2026-07-16 06:09:00+00:00,0.699,0.699,0.699,0.699,2
2026-07-16 06:19:00+00:00,0.6989,0.6989,0.6989,0.6989,1
2026-07-16 06:25:00+00:00,0.699,0.699,0.699,0.699,1
2026-07-16 06:27:00+00:00,0.699,0.699,0.699,0.699,1
2026-07-16 06:35:00+00:00,0.6988,0.6988,0.6988,0.6988,5
2026-07-16 06:38:00+00:00,0.6987,0.6987,0.6987,0.6987,1
2026-07-16 06:39:00+00:00,0.6988,0.6988,0.6988,0.6988,3
2026-07-16 06:42:00+00:00,0.699,0.699,0.699,0.699,1
2026-07-16 06:44:00+00:00,0.6989,0.6989,0.6989,0.6989,1
2026-07-16 06:46:00+00:00,0.6988,0.6988,0.6988,0.6988,17
2026-07-16 06:49:00+00:00,0.6989,0.6989,0.6989,0.6989,3
2026-07-16 06:50:00+00:00,0.699,0.699,0.699,0.699,5
2026-07-16 06:51:00+00:00,0.699,0.699,0.699,0.699,1
2026-07-16 06:55:00+00:00,0.6991,0.6991,0.6991,0.6991,10
2026-07-16 06:56:00+00:00,0.6993,0.6994,0.6993,0.6994,11
2026-07-16 07:01:00+00:00,0.6992,0.6992,0.6992,0.6992,6
2026-07-16 07:03:00+00:00,0.6992,0.6992,0.6992,0.6992,4
2026-07-16 07:07:00+00:00,0.6992,0.6992,0.6991,0.6991,4
2026-07-16 07:08:00+00:00,0.6991,0.6992,0.699,0.699,6
2026-07-16 07:09:00+00:00,0.6991,0.6991,0.6991,0.6991,3
2026-07-16 07:11:00+00:00,0.6991,0.6991,0.6991,0.6991,4
2026-07-16 07:12:00+00:00,0.6991,0.6991,0.6991,0.6991,4
2026-07-16 07:13:00+00:00,0.6991,0.6991,0.6991,0.6991,1
2026-07-16 07:14:00+00:00,0.6991,0.6991,0.6991,0.6991,1
2026-07-16 07:16:00+00:00,0.699,0.699,0.699,0.699,18
2026-07-16 07:19:00+00:00,0.6992,0.6992,0.6992,0.6992,1
2026-07-16 07:20:00+00:00,0.6993,0.6993,0.6993,0.6993,15
2026-07-16 07:25:00+00:00,0.6992,0.6992,0.6992,0.6992,5
2026-07-16 07:26:00+00:00,0.6992,0.6992,0.6992,0.6992,1
2026-07-16 07:28:00+00:00,0.6991,0.6991,0.699,0.699,5
2026-07-16 07:30:00+00:00,0.6991,0.6991,0.6991,0.6991,17
2026-07-16 07:37:00+00:00,0.699,0.699,0.699,0.699,1
2026-07-16 07:39:00+00:00,0.699,0.699,0.699,0.699,4
2026-07-16 07:43:00+00:00,0.6991,0.6991,0.6991,0.6991,2
2026-07-16 07:44:00+00:00,0.6991,0.6991,0.6991,0.6991,1
2026-07-16 07:48:00+00:00,0.6992,0.6992,0.6992,0.6992,1
2026-07-16 07:49:00+00:00,0.6992,0.6992,0.6992,0.6992,2
2026-07-16 07:50:00+00:00,0.6992,0.6992,0.6992,0.6992,5
2026-07-16 07:54:00+00:00,0.6991,0.6991,0.6991,0.6991,2
2026-07-16 07:56:00+00:00,0.6992,0.6992,0.6992,0.6992,1
2026-07-16 07:57:00+00:00,0.6991,0.6991,0.6991,0.6991,4
2026-07-16 07:58:00+00:00,0.6991,0.6991,0.6991,0.6991,6
2026-07-16 08:01:00+00:00,0.6991,0.6991,0.6991,0.6991,1
2026-07-16 08:04:00+00:00,0.6991,0.6991,0.6991,0.6991,1
2026-07-16 08:05:00+00:00,0.6991,0.6991,0.6991,0.6991,1
2026-07-16 08:07:00+00:00,0.699,0.699,0.699,0.699,2
2026-07-16 08:08:00+00:00,0.699,0.699,0.699,0.699,1
2026-07-16 08:11:00+00:00,0.699,0.699,0.699,0.699,1
2026-07-16 08:12:00+00:00,0.6988,0.6988,0.6988,0.6988,1
2026-07-16 08:14:00+00:00,0.6987,0.6987,0.6987,0.6987,1
2026-07-16 08:15:00+00:00,0.6987,0.6987,0.6987,0.6987,2
2026-07-16 08:19:00+00:00,0.6987,0.6987,0.6987,0.6987,1
2026-07-16 08:21:00+00:00,0.6989,0.6989,0.6989,0.6989,1
2026-07-16 08:24:00+00:00,0.6989,0.6989,0.6989,0.6989,8
2026-07-16 08:25:00+00:00,0.6988,0.6988,0.6988,0.6988,10
2026-07-16 08:26:00+00:00,0.699,0.699,0.699,0.699,1
2026-07-16 08:31:00+00:00,0.6989,0.6989,0.6989,0.6989,3
2026-07-16 08:35:00+00:00,0.699,0.6991,0.699,0.6991,13
2026-07-16 08:36:00+00:00,0.6991,0.6991,0.6991,0.6991,5
2026-07-16 08:37:00+00:00,0.6989,0.6989,0.6989,0.6989,1
2026-07-16 08:45:00+00:00,0.6989,0.6989,0.6989,0.6989,1
2026-07-16 08:58:00+00:00,0.6991,0.6991,0.6991,0.6991,2
2026-07-16 09:03:00+00:00,0.6992,0.6992,0.6992,0.6992,4
2026-07-16 09:06:00+00:00,0.6992,0.6992,0.6992,0.6992,1
2026-07-16 09:09:00+00:00,0.6993,0.6993,0.6993,0.6993,1
2026-07-16 09:15:00+00:00,0.6994,0.6994,0.6994,0.6994,1
2026-07-16 09:16:00+00:00,0.6995,0.6995,0.6995,0.6995,1
2026-07-16 09:17:00+00:00,0.6995,0.6995,0.6995,0.6995,6
2026-07-16 09:18:00+00:00,0.6996,0.6996,0.6996,0.6996,5
2026-07-16 09:19:00+00:00,0.6995,0.6995,0.6995,0.6995,2
2026-07-16 09:20:00+00:00,0.6995,0.6995,0.6995,0.6995,3
2026-07-16 09:21:00+00:00,0.6995,0.6995,0.6995,0.6995,2
2026-07-16 09:24:00+00:00,0.6994,0.6994,0.6994,0.6994,1
2026-07-16 09:33:00+00:00,0.6991,0.6991,0.6991,0.6991,1
2026-07-16 09:34:00+00:00,0.6991,0.6991,0.6991,0.6991,1
2026-07-16 09:40:00+00:00,0.6991,0.6991,0.6991,0.6991,5
2026-07-16 09:44:00+00:00,0.6991,0.6991,0.6991,0.6991,1
2026-07-16 09:45:00+00:00,0.699,0.699,0.699,0.699,1
2026-07-16 09:55:00+00:00,0.6993,0.6993,0.6993,0.6993,1
2026-07-16 10:05:00+00:00,0.6993,0.6993,0.6993,0.6993,1
2026-07-16 10:08:00+00:00,0.6994,0.6994,0.6994,0.6994,6
2026-07-16 10:14:00+00:00,0.6994,0.6994,0.6994,0.6994,2
2026-07-16 10:15:00+00:00,0.6994,0.6994,0.6994,0.6994,12
2026-07-16 10:16:00+00:00,0.6995,0.6995,0.6995,0.6995,2
2026-07-16 10:18:00+00:00,0.6995,0.6995,0.6995,0.6995,20
2026-07-16 10:19:00+00:00,0.6995,0.6995,0.6995,0.6995,10
2026-07-16 10:20:00+00:00,0.6995,0.6995,0.6995,0.6995,5
2026-07-16 10:21:00+00:00,0.6995,0.6995,0.6995,0.6995,4
2026-07-16 10:22:00+00:00,0.6995,0.6995,0.6995,0.6995,4
2026-07-16 10:24:00+00:00,0.6996,0.6996,0.6996,0.6996,50
2026-07-16 10:25:00+00:00,0.6996,0.6996,0.6996,0.6996,1
2026-07-16 10:30:00+00:00,0.6995,0.6995,0.6995,0.6995,12
2026-07-16 10:31:00+00:00,0.6995,0.6995,0.6995,0.6995,1
2026-07-16 10:32:00+00:00,0.6995,0.6995,0.6995,0.6995,5
2026-07-16 10:33:00+00:00,0.6994,0.6994,0.6994,0.6994,1
2026-07-16 10:39:00+00:00,0.6996,0.6996,0.6996,0.6996,1
2026-07-16 10:40:00+00:00,0.6995,0.6995,0.6995,0.6995,1
2026-07-16 10:43:00+00:00,0.6997,0.6998,0.6997,0.6998,2
2026-07-16 10:44:00+00:00,0.6998,0.6998,0.6998,0.6998,4
2026-07-16 10:52:00+00:00,0.6997,0.6997,0.6997,0.6997,1
2026-07-16 10:55:00+00:00,0.6998,0.6998,0.6998,0.6998,4
2026-07-16 10:56:00+00:00,0.6997,0.6997,0.6997,0.6997,1
2026-07-16 10:58:00+00:00,0.6997,0.6997,0.6996,0.6996,2
2026-07-16 11:00:00+00:00,0.6995,0.6995,0.6995,0.6995,3
2026-07-16 11:01:00+00:00,0.6995,0.6995,0.6995,0.6995,14
2026-07-16 11:02:00+00:00,0.6996,0.6998,0.6996,0.6997,179
2026-07-16 11:03:00+00:00,0.6997,0.6997,0.6997,0.6997,40
2026-07-16 11:04:00+00:00,0.6997,0.6997,0.6997,0.6997,2
2026-07-16 11:09:00+00:00,0.6998,0.6998,0.6998,0.6998,3
2026-07-16 11:10:00+00:00,0.6997,0.6997,0.6997,0.6997,4
2026-07-16 11:11:00+00:00,0.6997,0.6997,0.6997,0.6997,5
2026-07-16 11:12:00+00:00,0.6998,0.6998,0.6998,0.6998,2
2026-07-16 11:16:00+00:00,0.6996,0.6996,0.6996,0.6996,31
2026-07-16 11:18:00+00:00,0.6998,0.6998,0.6998,0.6998,11
2026-07-16 11:20:00+00:00,0.6998,0.6999,0.6998,0.6998,16
2026-07-16 11:27:00+00:00,0.6995,0.6995,0.6995,0.6995,1
2026-07-16 11:28:00+00:00,0.6996,0.6996,0.6996,0.6996,1
2026-07-16 11:33:00+00:00,0.6996,0.6996,0.6996,0.6996,7
2026-07-16 11:38:00+00:00,0.6997,0.6997,0.6997,0.6997,1
2026-07-16 11:46:00+00:00,0.6999,0.6999,0.6999,0.6999,5
2026-07-16 11:47:00+00:00,0.6999,0.6999,0.6999,0.6999,1
2026-07-16 11:49:00+00:00,0.6999,0.6999,0.6994,0.6995,81
2026-07-16 11:50:00+00:00,0.6995,0.6995,0.6988,0.6989,49
2026-07-16 11:51:00+00:00,0.6994,0.6994,0.6994,0.6994,8
2026-07-16 11:52:00+00:00,0.6996,0.6996,0.6996,0.6996,9
2026-07-16 11:55:00+00:00,0.6998,0.6998,0.6998,0.6998,1
2026-07-16 11:57:00+00:00,0.6997,0.6997,0.6997,0.6997,4
2026-07-16 11:59:00+00:00,0.6998,0.7001,0.6998,0.7001,171
2026-07-16 12:00:00+00:00,0.7001,0.7002,0.6999,0.7002,41
2026-07-16 12:01:00+00:00,0.7003,0.7004,0.7002,0.7003,20
2026-07-16 12:02:00+00:00,0.7002,0.7002,0.7002,0.7002,15
2026-07-16 12:05:00+00:00,0.7002,0.7002,0.7002,0.7002,12
2026-07-16 12:06:00+00:00,0.7002,0.7002,0.7002,0.7002,1
2026-07-16 12:09:00+00:00,0.7001,0.7001,0.7001,0.7001,1
2026-07-16 12:11:00+00:00,0.7,0.7,0.7,0.7,34
2026-07-16 12:12:00+00:00,0.7,0.7,0.7,0.7,6
2026-07-16 12:15:00+00:00,0.6998,0.6998,0.6998,0.6998,2
2026-07-16 12:17:00+00:00,0.6999,0.6999,0.6999,0.6999,4
2026-07-16 12:20:00+00:00,0.7,0.7,0.7,0.7,1
2026-07-16 12:21:00+00:00,0.7,0.7,0.6998,0.6999,53
2026-07-16 12:22:00+00:00,0.6999,0.6999,0.6999,0.6999,1
2026-07-16 12:25:00+00:00,0.6997,0.6997,0.6997,0.6997,6
2026-07-16 12:26:00+00:00,0.6997,0.6997,0.6997,0.6997,2
2026-07-16 12:28:00+00:00,0.6998,0.6998,0.6998,0.6998,9
2026-07-16 12:30:00+00:00,0.6997,0.6999,0.6997,0.6998,5
2026-07-16 12:34:00+00:00,0.6996,0.6996,0.6995,0.6996,3
2026-07-16 12:36:00+00:00,0.6996,0.6996,0.6996,0.6996,1
2026-07-16 12:38:00+00:00,0.6994,0.6994,0.6993,0.6993,4
2026-07-16 12:40:00+00:00,0.6995,0.6995,0.6995,0.6995,18
2026-07-16 12:41:00+00:00,0.6995,0.6995,0.6995,0.6995,1
2026-07-16 12:43:00+00:00,0.6995,0.6995,0.6994,0.6994,4
2026-07-16 12:44:00+00:00,0.6993,0.6993,0.6993,0.6993,8
2026-07-16 12:45:00+00:00,0.6993,0.6993,0.6993,0.6993,31
2026-07-16 12:47:00+00:00,0.6993,0.6993,0.6993,0.6993,3
2026-07-16 12:48:00+00:00,0.6994,0.6994,0.6994,0.6994,1
2026-07-16 12:50:00+00:00,0.6993,0.6993,0.6993,0.6993,1
2026-07-16 12:54:00+00:00,0.6991,0.6991,0.6991,0.6991,2
2026-07-16 12:55:00+00:00,0.6991,0.6991,0.6991,0.6991,2
2026-07-16 12:56:00+00:00,0.699,0.699,0.699,0.699,21
2026-07-16 12:57:00+00:00,0.6989,0.699,0.6989,0.699,5
2026-07-16 12:58:00+00:00,0.699,0.699,0.699,0.699,3
2026-07-16 12:59:00+00:00,0.699,0.699,0.699,0.699,5
2026-07-16 13:00:00+00:00,0.6991,0.6991,0.6991,0.6991,2
2026-07-16 13:01:00+00:00,0.6991,0.6991,0.6991,0.6991,1
2026-07-16 13:02:00+00:00,0.6991,0.6991,0.6991,0.6991,2
2026-07-16 13:04:00+00:00,0.6991,0.6991,0.6991,0.6991,2
2026-07-16 13:06:00+00:00,0.6993,0.6995,0.6993,0.6995,75
2026-07-16 13:07:00+00:00,0.6995,0.6995,0.6995,0.6995,11
2026-07-16 13:08:00+00:00,0.6995,0.6995,0.6995,0.6995,1
2026-07-16 13:09:00+00:00,0.6995,0.6995,0.6995,0.6995,1
2026-07-16 13:10:00+00:00,0.6996,0.6996,0.6996,0.6996,2
2026-07-16 13:11:00+00:00,0.6996,0.6997,0.6996,0.6997,15
2026-07-16 13:13:00+00:00,0.6998,0.7,0.6998,0.6999,33
2026-07-16 13:14:00+00:00,0.6999,0.6999,0.6998,0.6998,3
2026-07-16 13:15:00+00:00,0.6997,0.6997,0.6997,0.6997,1
2026-07-16 13:16:00+00:00,0.6997,0.6997,0.6997,0.6997,1
2026-07-16 13:20:00+00:00,0.7,0.7,0.7,0.7,1
2026-07-16 13:22:00+00:00,0.7,0.7,0.7,0.7,10
2026-07-16 13:23:00+00:00,0.7001,0.7001,0.7001,0.7001,1
2026-07-16 13:26:00+00:00,0.7001,0.7001,0.7001,0.7001,10
2026-07-16 13:27:00+00:00,0.7002,0.7003,0.7002,0.7003,4
2026-07-16 13:28:00+00:00,0.7002,0.7002,0.7002,0.7002,3
2026-07-16 13:29:00+00:00,0.7002,0.7002,0.7002,0.7002,1
2026-07-16 13:31:00+00:00,0.7002,0.7002,0.7001,0.7002,7
2026-07-16 13:34:00+00:00,0.6999,0.7,0.6999,0.7,3
2026-07-16 13:36:00+00:00,0.6998,0.6998,0.6998,0.6998,1
2026-07-16 13:37:00+00:00,0.6998,0.6998,0.6998,0.6998,15
2026-07-16 13:38:00+00:00,0.6997,0.6997,0.6997,0.6997,1
2026-07-16 13:39:00+00:00,0.6998,0.6998,0.6998,0.6998,2
2026-07-16 13:44:00+00:00,0.6996,0.6996,0.6996,0.6996,3
2026-07-16 13:45:00+00:00,0.6995,0.6995,0.6995,0.6995,2
2026-07-16 13:46:00+00:00,0.6996,0.6996,0.6996,0.6996,1
2026-07-16 13:47:00+00:00,0.6997,0.6997,0.6997,0.6997,4
2026-07-16 13:48:00+00:00,0.6995,0.6995,0.6995,0.6995,4
2026-07-16 13:51:00+00:00,0.6997,0.6997,0.6997,0.6997,1
2026-07-16 13:52:00+00:00,0.6998,0.7,0.6998,0.7,127
2026-07-16 13:53:00+00:00,0.6998,0.6998,0.6997,0.6998,38
2026-07-16 13:55:00+00:00,0.6996,0.6996,0.6996,0.6996,3
2026-07-16 13:56:00+00:00,0.6997,0.6997,0.6995,0.6995,20
2026-07-16 13:58:00+00:00,0.6996,0.6996,0.6996,0.6996,2
2026-07-16 14:01:00+00:00,0.6997,0.6997,0.6997,0.6997,1
2026-07-16 14:05:00+00:00,0.7,0.7,0.7,0.7,5
2026-07-16 14:06:00+00:00,0.7,0.7,0.7,0.7,1
2026-07-16 14:07:00+00:00,0.7,0.7,0.7,0.7,1
2026-07-16 14:08:00+00:00,0.7,0.7,0.7,0.7,1
2026-07-16 14:09:00+00:00,0.7001,0.7001,0.7,0.7,18
2026-07-16 14:10:00+00:00,0.6999,0.6999,0.6998,0.6998,9
2026-07-16 14:11:00+00:00,0.6998,0.6998,0.6998,0.6998,1
2026-07-16 14:17:00+00:00,0.7,0.7001,0.7,0.7001,11
2026-07-16 14:19:00+00:00,0.7002,0.7003,0.7001,0.7003,8
2026-07-16 14:20:00+00:00,0.7003,0.7003,0.7002,0.7002,9
2026-07-16 14:23:00+00:00,0.7001,0.7001,0.7001,0.7001,1
2026-07-16 14:24:00+00:00,0.7002,0.7002,0.7002,0.7002,1
2026-07-16 14:26:00+00:00,0.7002,0.7002,0.7002,0.7002,2
2026-07-16 14:27:00+00:00,0.7001,0.7003,0.7001,0.7003,2
2026-07-16 14:28:00+00:00,0.7004,0.7004,0.7004,0.7004,1
2026-07-16 14:29:00+00:00,0.7004,0.7005,0.7004,0.7004,6
2026-07-16 14:30:00+00:00,0.7003,0.7004,0.7003,0.7003,30
2026-07-16 14:32:00+00:00,0.7005,0.7005,0.7005,0.7005,2
2026-07-16 14:32:00+00:00,0.6996,0.6996,0.6996,0.6996,2
2026-07-16 14:33:00+00:00,0.7005,0.7005,0.7005,0.7005,8
2026-07-16 14:34:00+00:00,0.7005,0.7005,0.7005,0.7005,7
2026-07-16 14:37:00+00:00,0.7004,0.7004,0.7004,0.7004,2
2026-07-16 14:38:00+00:00,0.7004,0.7004,0.7004,0.7004,1
2026-07-16 14:39:00+00:00,0.7003,0.7003,0.7002,0.7002,3
2026-07-16 14:41:00+00:00,0.7003,0.7003,0.7003,0.7003,2
2026-07-16 14:43:00+00:00,0.7003,0.7003,0.7003,0.7003,3
2026-07-16 14:45:00+00:00,0.7004,0.7004,0.7004,0.7004,2
2026-07-16 14:48:00+00:00,0.7002,0.7002,0.7001,0.7001,2
2026-07-16 14:49:00+00:00,0.7001,0.7002,0.7001,0.7001,170
2026-07-16 14:50:00+00:00,0.7001,0.7001,0.7,0.7,10
2026-07-16 14:51:00+00:00,0.7,0.7001,0.7,0.7,7
2026-07-16 14:52:00+00:00,0.6999,0.6999,0.6998,0.6998,44
2026-07-16 14:53:00+00:00,0.6998,0.6998,0.6998,0.6998,1
2026-07-16 14:54:00+00:00,0.6997,0.6997,0.6997,0.6997,5
2026-07-16 14:55:00+00:00,0.6996,0.6996,0.6996,0.6996,2
2026-07-16 14:57:00+00:00,0.6996,0.6997,0.6996,0.6997,4
2026-07-16 14:58:00+00:00,0.6998,0.6998,0.6998,0.6998,5
2026-07-16 14:59:00+00:00,0.6997,0.6998,0.6997,0.6998,5
2026-07-16 15:00:00+00:00,0.6998,0.6998,0.6997,0.6997,6
2026-07-16 15:01:00+00:00,0.6997,0.6997,0.6997,0.6997,27
2026-07-16 15:02:00+00:00,0.6996,0.6996,0.6996,0.6996,44
2026-07-16 15:04:00+00:00,0.6995,0.6995,0.6995,0.6995,1
2026-07-16 15:05:00+00:00,0.6995,0.6995,0.6995,0.6995,4
2026-07-16 15:06:00+00:00,0.6994,0.6994,0.6993,0.6993,12
2026-07-16 15:08:00+00:00,0.6995,0.6995,0.6995,0.6995,2
2026-07-16 15:11:00+00:00,0.6996,0.6997,0.6996,0.6996,16
2026-07-16 15:13:00+00:00,0.6997,0.6997,0.6995,0.6995,13
2026-07-16 15:14:00+00:00,0.6995,0.6996,0.6995,0.6996,3
2026-07-16 15:15:00+00:00,0.6996,0.6996,0.6996,0.6996,1
2026-07-16 15:16:00+00:00,0.6996,0.6996,0.6996,0.6996,1
2026-07-16 15:18:00+00:00,0.6996,0.6996,0.6995,0.6996,7
2026-07-16 15:19:00+00:00,0.6996,0.6996,0.6996,0.6996,1
2026-07-16 15:20:00+00:00,0.6995,0.6995,0.6995,0.6995,2
2026-07-16 15:25:00+00:00,0.6996,0.6996,0.6996,0.6996,1
2026-07-16 15:26:00+00:00,0.6996,0.6996,0.6996,0.6996,10
2026-07-16 15:31:00+00:00,0.6997,0.6997,0.6997,0.6997,2
2026-07-16 15:34:00+00:00,0.6998,0.6998,0.6998,0.6998,2
2026-07-16 15:35:00+00:00,0.6998,0.6998,0.6998,0.6998,1
2026-07-16 15:39:00+00:00,0.6998,0.6998,0.6998,0.6998,5
2026-07-16 15:41:00+00:00,0.6998,0.6999,0.6998,0.6998,61
2026-07-16 15:43:00+00:00,0.6997,0.6997,0.6997,0.6997,1
2026-07-16 15:45:00+00:00,0.6995,0.6995,0.6995,0.6995,1
2026-07-16 15:46:00+00:00,0.6994,0.6994,0.6994,0.6994,1
2026-07-16 15:51:00+00:00,0.6996,0.6997,0.6996,0.6997,3
2026-07-16 15:55:00+00:00,0.6997,0.6997,0.6996,0.6996,3
2026-07-16 16:02:00+00:00,0.6994,0.6994,0.6994,0.6994,16
2026-07-16 16:03:00+00:00,0.6992,0.6992,0.6992,0.6992,4
2026-07-16 16:05:00+00:00,0.6992,0.6992,0.6992,0.6992,11
2026-07-16 16:11:00+00:00,0.699,0.699,0.6989,0.6989,12
2026-07-16 16:15:00+00:00,0.6989,0.6989,0.6989,0.6989,6
2026-07-16 16:16:00+00:00,0.6989,0.6989,0.6989,0.6989,4
2026-07-16 16:18:00+00:00,0.699,0.699,0.699,0.699,1
2026-07-16 16:19:00+00:00,0.6988,0.6988,0.6988,0.6988,6
2026-07-16 16:20:00+00:00,0.6988,0.6988,0.6987,0.6987,39
2026-07-16 16:21:00+00:00,0.6987,0.6987,0.6987,0.6987,4
2026-07-16 16:22:00+00:00,0.6986,0.6986,0.6985,0.6985,16
2026-07-16 16:23:00+00:00,0.6986,0.6986,0.6986,0.6986,1
2026-07-16 16:24:00+00:00,0.6986,0.6986,0.6986,0.6986,7
2026-07-16 16:25:00+00:00,0.6986,0.6986,0.6986,0.6986,4
2026-07-16 16:27:00+00:00,0.6986,0.6986,0.6986,0.6986,5
2026-07-16 16:28:00+00:00,0.6987,0.6987,0.6987,0.6987,1
2026-07-16 16:29:00+00:00,0.6986,0.6986,0.6986,0.6986,6
2026-07-16 16:30:00+00:00,0.6987,0.6987,0.6986,0.6986,8
2026-07-16 16:31:00+00:00,0.6987,0.6987,0.6987,0.6987,1
2026-07-16 16:33:00+00:00,0.6987,0.6988,0.6987,0.6988,11
2026-07-16 16:34:00+00:00,0.6988,0.6988,0.6988,0.6988,2
2026-07-16 16:35:00+00:00,0.6988,0.6988,0.6988,0.6988,1
2026-07-16 16:36:00+00:00,0.6988,0.6988,0.6988,0.6988,1
2026-07-16 16:39:00+00:00,0.6987,0.6987,0.6987,0.6987,3
2026-07-16 16:40:00+00:00,0.6986,0.6986,0.6986,0.6986,9
2026-07-16 16:41:00+00:00,0.6986,0.6986,0.6986,0.6986,8
2026-07-16 16:45:00+00:00,0.6986,0.6986,0.6986,0.6986,4
2026-07-16 16:49:00+00:00,0.6986,0.6986,0.6986,0.6986,1
2026-07-16 16:50:00+00:00,0.6986,0.6986,0.6986,0.6986,4
2026-07-16 16:54:00+00:00,0.6986,0.6986,0.6986,0.6986,1
2026-07-16 16:55:00+00:00,0.6987,0.6987,0.6987,0.6987,2
2026-07-16 17:00:00+00:00,0.6987,0.6987,0.6986,0.6986,7
2026-07-16 17:01:00+00:00,0.6985,0.6985,0.6985,0.6985,4
2026-07-16 17:03:00+00:00,0.6984,0.6984,0.6984,0.6984,1
2026-07-16 17:04:00+00:00,0.6986,0.6986,0.6986,0.6986,18
2026-07-16 17:05:00+00:00,0.6984,0.6984,0.6984,0.6984,1
2026-07-16 17:07:00+00:00,0.6985,0.6985,0.6984,0.6984,2
2026-07-16 17:07:00+00:00,0.6976,0.6976,0.6976,0.6976,1
2026-07-16 17:10:00+00:00,0.6984,0.6984,0.6984,0.6984,2
2026-07-16 17:12:00+00:00,0.6984,0.6984,0.6984,0.6984,4
2026-07-16 17:14:00+00:00,0.6984,0.6984,0.6983,0.6983,2
2026-07-16 17:15:00+00:00,0.6983,0.6984,0.6983,0.6984,2
2026-07-16 17:16:00+00:00,0.6984,0.6985,0.6984,0.6985,7
2026-07-16 17:17:00+00:00,0.6985,0.6985,0.6985,0.6985,2
2026-07-16 17:20:00+00:00,0.6986,0.6986,0.6986,0.6986,1
2026-07-16 17:23:00+00:00,0.6985,0.6985,0.6985,0.6985,6
2026-07-16 17:27:00+00:00,0.6985,0.6985,0.6985,0.6985,5
2026-07-16 17:40:00+00:00,0.6984,0.6984,0.6984,0.6984,4
2026-07-16 18:12:00+00:00,0.6988,0.6989,0.6988,0.6989,2
2026-07-16 18:25:00+00:00,0.6987,0.6987,0.6987,0.6987,1
2026-07-16 18:28:00+00:00,0.6987,0.6987,0.6987,0.6987,1
2026-07-16 18:30:00+00:00,0.6987,0.6987,0.6986,0.6986,10
2026-07-16 18:31:00+00:00,0.6986,0.6986,0.6986,0.6986,5
2026-07-16 18:33:00+00:00,0.6986,0.6986,0.6986,0.6986,2
2026-07-16 18:36:00+00:00,0.6985,0.6985,0.6985,0.6985,1
2026-07-16 18:37:00+00:00,0.6985,0.6985,0.6985,0.6985,1
2026-07-16 18:59:00+00:00,0.6989,0.6989,0.6989,0.6989,2
2026-07-16 19:06:00+00:00,0.6987,0.6987,0.6987,0.6987,3
2026-07-16 19:07:00+00:00,0.6986,0.6986,0.6986,0.6986,1
2026-07-16 19:08:00+00:00,0.6987,0.6987,0.6987,0.6987,1
2026-07-16 19:13:00+00:00,0.6986,0.6986,0.6986,0.6986,5
2026-07-16 19:14:00+00:00,0.6986,0.6986,0.6986,0.6986,3
2026-07-16 19:27:00+00:00,0.6985,0.6985,0.6985,0.6985,1
2026-07-16 19:31:00+00:00,0.6985,0.6985,0.6985,0.6985,1
2026-07-16 19:33:00+00:00,0.6985,0.6985,0.6985,0.6985,3
2026-07-16 19:35:00+00:00,0.6985,0.6985,0.6985,0.6985,1
2026-07-16 19:38:00+00:00,0.6985,0.6985,0.6985,0.6985,5
2026-07-16 19:40:00+00:00,0.6985,0.6985,0.6985,0.6985,1
2026-07-16 19:46:00+00:00,0.6985,0.6985,0.6985,0.6985,1
2026-07-16 19:48:00+00:00,0.6985,0.6985,0.6985,0.6985,11
2026-07-16 19:49:00+00:00,0.6985,0.6985,0.6985,0.6985,3
2026-07-16 19:52:00+00:00,0.6987,0.6988,0.6987,0.6987,16
2026-07-16 19:54:00+00:00,0.6988,0.6988,0.6988,0.6988,1
2026-07-16 19:55:00+00:00,0.6989,0.6989,0.6989,0.6989,1
2026-07-16 19:58:00+00:00,0.6988,0.6988,0.6988,0.6988,1
2026-07-16 19:59:00+00:00,0.6988,0.6988,0.6988,0.6988,9
2026-07-16 20:00:00+00:00,0.6989,0.6989,0.6988,0.6988,9
2026-07-16 20:04:00+00:00,0.6989,0.6989,0.6989,0.6989,3
2026-07-16 20:05:00+00:00,0.6988,0.6988,0.6988,0.6988,3
2026-07-16 20:06:00+00:00,0.6989,0.6989,0.6989,0.6989,1
2026-07-16 20:12:00+00:00,0.6989,0.6989,0.6989,0.6989,7
2026-07-16 20:18:00+00:00,0.6988,0.6988,0.6988,0.6988,1
2026-07-16 20:29:00+00:00,0.6987,0.6987,0.6987,0.6987,7
2026-07-16 20:30:00+00:00,0.6988,0.6988,0.6988,0.6988,6
2026-07-16 20:31:00+00:00,0.6988,0.6988,0.6988,0.6988,10
2026-07-16 20:35:00+00:00,0.6988,0.6988,0.6988,0.6988,1
2026-07-16 20:39:00+00:00,0.699,0.699,0.699,0.699,1
2026-07-16 20:40:00+00:00,0.6989,0.6989,0.6989,0.6989,1
2026-07-16 20:41:00+00:00,0.699,0.699,0.699,0.699,7
2026-07-16 20:45:00+00:00,0.699,0.699,0.699,0.699,1
2026-07-16 20:46:00+00:00,0.6989,0.6989,0.6989,0.6989,2
2026-07-16 20:50:00+00:00,0.699,0.6991,0.699,0.6991,8
2026-07-16 20:55:00+00:00,0.699,0.6991,0.6989,0.6991,12
2026-07-16 20:57:00+00:00,0.699,0.699,0.699,0.699,2
2026-07-16 20:58:00+00:00,0.699,0.699,0.699,0.699,1
2026-07-16 20:59:00+00:00,0.699,0.699,0.699,0.699,1
2026-07-16 22:00:00+00:00,0.699,0.6991,0.699,0.699,92
2026-07-16 22:01:00+00:00,0.6991,0.6991,0.6991,0.6991,10
2026-07-16 22:05:00+00:00,0.6991,0.6991,0.6991,0.6991,1
2026-07-16 22:07:00+00:00,0.6991,0.6991,0.6991,0.6991,4
2026-07-16 22:08:00+00:00,0.6991,0.6991,0.6991,0.6991,1
2026-07-16 22:10:00+00:00,0.699,0.699,0.699,0.699,2
2026-07-16 22:11:00+00:00,0.6991,0.6991,0.6991,0.6991,1
2026-07-16 22:12:00+00:00,0.6991,0.6991,0.699,0.699,5
2026-07-16 22:17:00+00:00,0.699,0.699,0.699,0.699,4
2026-07-16 22:23:00+00:00,0.6989,0.6989,0.6989,0.6989,1
2026-07-16 22:27:00+00:00,0.6989,0.6989,0.6989,0.6989,1
2026-07-16 22:28:00+00:00,0.6989,0.6989,0.6989,0.6989,1
2026-07-16 22:31:00+00:00,0.699,0.699,0.699,0.699,2
2026-07-16 22:39:00+00:00,0.6989,0.6989,0.6989,0.6989,1
2026-07-16 22:46:00+00:00,0.6989,0.6989,0.6989,0.6989,2
2026-07-16 22:53:00+00:00,0.6989,0.6989,0.6989,0.6989,5
2026-07-16 22:55:00+00:00,0.6989,0.6989,0.6989,0.6989,1
2026-07-16 22:58:00+00:00,0.699,0.699,0.699,0.699,1
2026-07-16 23:11:00+00:00,0.6989,0.6989,0.6989,0.6989,6
2026-07-16 23:13:00+00:00,0.699,0.6991,0.699,0.6991,6
2026-07-16 23:25:00+00:00,0.6989,0.6989,0.6989,0.6989,1
2026-07-16 23:29:00+00:00,0.699,0.699,0.699,0.699,1
2026-07-16 23:38:00+00:00,0.6991,0.6991,0.6991,0.6991,2
2026-07-16 23:40:00+00:00,0.6992,0.6992,0.6992,0.6992,2
2026-07-16 23:41:00+00:00,0.6992,0.6992,0.6992,0.6992,1
2026-07-16 23:44:00+00:00,0.6992,0.6992,0.6992,0.6992,1
2026-07-16 23:48:00+00:00,0.699,0.699,0.699,0.699,1
2026-07-16 23:52:00+00:00,0.699,0.6991,0.699,0.6991,4
2026-07-16 23:57:00+00:00,0.6991,0.6991,0.6991,0.6991,1
2026-07-16 23:58:00+00:00,0.6991,0.6991,0.6991,0.6991,1
2026-07-16 23:59:00+00:00,0.6993,0.6993,0.6993,0.6993,2
2026-07-17 00:03:00+00:00,0.6993,0.6994,0.6993,0.6994,6
2026-07-17 00:04:00+00:00,0.6993,0.6993,0.6993,0.6993,3
2026-07-17 00:06:00+00:00,0.6992,0.6992,0.6992,0.6992,8
2026-07-17 00:08:00+00:00,0.6992,0.6992,0.6992,0.6992,5
2026-07-17 00:09:00+00:00,0.6991,0.6991,0.6991,0.6991,10
2026-07-17 00:10:00+00:00,0.6991,0.6991,0.6991,0.6991,2
2026-07-17 00:11:00+00:00,0.699,0.699,0.699,0.699,5
2026-07-17 00:13:00+00:00,0.6989,0.6989,0.6989,0.6989,11
2026-07-17 00:14:00+00:00,0.6989,0.6989,0.6989,0.6989,2
2026-07-17 00:15:00+00:00,0.699,0.699,0.699,0.699,2
2026-07-17 00:16:00+00:00,0.699,0.6991,0.699,0.6991,6
2026-07-17 00:24:00+00:00,0.6988,0.6988,0.6988,0.6988,14
2026-07-17 00:26:00+00:00,0.6988,0.6988,0.6988,0.6988,1
2026-07-17 00:28:00+00:00,0.6988,0.6988,0.6988,0.6988,1
2026-07-17 00:29:00+00:00,0.6987,0.6987,0.6986,0.6987,3
2026-07-17 00:31:00+00:00,0.6987,0.6987,0.6987,0.6987,6
2026-07-17 00:32:00+00:00,0.6987,0.6987,0.6987,0.6987,2
2026-07-17 00:35:00+00:00,0.6988,0.6988,0.6988,0.6988,1
2026-07-17 00:37:00+00:00,0.6988,0.6988,0.6988,0.6988,1
2026-07-17 00:43:00+00:00,0.6985,0.6985,0.6985,0.6985,2
2026-07-17 00:45:00+00:00,0.6985,0.6985,0.6984,0.6984,6
2026-07-17 00:51:00+00:00,0.6989,0.6989,0.6989,0.6989,2
2026-07-17 00:54:00+00:00,0.699,0.699,0.699,0.699,1
2026-07-17 00:55:00+00:00,0.699,0.699,0.699,0.699,1
2026-07-17 00:56:00+00:00,0.6991,0.6991,0.699,0.699,5
2026-07-17 01:00:00+00:00,0.6991,0.6992,0.6991,0.6991,5
2026-07-17 01:01:00+00:00,0.6992,0.6992,0.6992,0.6992,2
2026-07-17 01:02:00+00:00,0.6993,0.6993,0.6992,0.6992,2
2026-07-17 01:05:00+00:00,0.6992,0.6992,0.6992,0.6992,5
2026-07-17 01:07:00+00:00,0.6991,0.6991,0.6991,0.6991,1
2026-07-17 01:11:00+00:00,0.6991,0.6991,0.6991,0.6991,1
2026-07-17 01:16:00+00:00,0.6993,0.6993,0.6993,0.6993,1
2026-07-17 01:23:00+00:00,0.6992,0.6992,0.6992,0.6992,1
2026-07-17 01:24:00+00:00,0.6991,0.6991,0.6991,0.6991,1
2026-07-17 01:30:00+00:00,0.699,0.699,0.699,0.699,2
2026-07-17 01:31:00+00:00,0.699,0.699,0.699,0.699,1
2026-07-17 01:32:00+00:00,0.6991,0.6991,0.699,0.699,9
2026-07-17 01:33:00+00:00,0.699,0.699,0.699,0.699,1
2026-07-17 01:34:00+00:00,0.6989,0.6989,0.6989,0.6989,7
2026-07-17 01:35:00+00:00,0.6988,0.6988,0.6988,0.6988,1
2026-07-17 01:36:00+00:00,0.6986,0.6986,0.6986,0.6986,1
2026-07-17 01:37:00+00:00,0.6987,0.6987,0.6987,0.6987,2
2026-07-17 01:38:00+00:00,0.6987,0.6987,0.6987,0.6987,1
2026-07-17 01:42:00+00:00,0.6986,0.6986,0.6986,0.6986,1
2026-07-17 01:45:00+00:00,0.6985,0.6985,0.6985,0.6985,11
2026-07-17 01:46:00+00:00,0.6984,0.6984,0.6984,0.6984,2
2026-07-17 01:47:00+00:00,0.6983,0.6983,0.6982,0.6982,15
2026-07-17 01:49:00+00:00,0.697,0.697,0.697,0.697,1
2026-07-17 01:49:00+00:00,0.6981,0.6981,0.6979,0.6979,18
2026-07-17 01:50:00+00:00,0.6979,0.6979,0.6979,0.6979,62
2026-07-17 01:51:00+00:00,0.6979,0.6979,0.6975,0.6976,81
2026-07-17 01:52:00+00:00,0.6976,0.6977,0.6976,0.6977,4
2026-07-17 01:53:00+00:00,0.6976,0.6976,0.6976,0.6976,5
2026-07-17 01:54:00+00:00,0.6977,0.6978,0.6975,0.6975,5
2026-07-17 01:55:00+00:00,0.6974,0.6974,0.6974,0.6974,1
2026-07-17 01:56:00+00:00,0.6974,0.6975,0.6974,0.6975,12
2026-07-17 01:57:00+00:00,0.6975,0.6975,0.6975,0.6975,2
2026-07-17 01:59:00+00:00,0.6977,0.6977,0.6977,0.6977,10
2026-07-17 02:00:00+00:00,0.6976,0.6976,0.6976,0.6976,21
2026-07-17 02:01:00+00:00,0.6976,0.6976,0.6975,0.6975,11
2026-07-17 02:02:00+00:00,0.6976,0.6976,0.6976,0.6976,4
2026-07-17 02:03:00+00:00,0.6976,0.6976,0.6976,0.6976,1
2026-07-17 02:04:00+00:00,0.6977,0.6977,0.6975,0.6975,12
2026-07-17 02:08:00+00:00,0.6976,0.6976,0.6976,0.6976,1
2026-07-17 02:09:00+00:00,0.6975,0.6975,0.6975,0.6975,1
2026-07-17 02:10:00+00:00,0.6975,0.6976,0.6975,0.6976,3
2026-07-17 02:12:00+00:00,0.6978,0.6978,0.6977,0.6977,7
2026-07-17 02:13:00+00:00,0.6979,0.6979,0.6979,0.6979,1
2026-07-17 02:15:00+00:00,0.6978,0.6978,0.6978,0.6978,3
2026-07-17 02:16:00+00:00,0.6978,0.6978,0.6978,0.6978,6
2026-07-17 02:20:00+00:00,0.6978,0.6978,0.6978,0.6978,1
2026-07-17 02:21:00+00:00,0.6977,0.6977,0.6977,0.6977,5
2026-07-17 02:28:00+00:00,0.6976,0.6976,0.6976,0.6976,4
2026-07-17 02:35:00+00:00,0.6975,0.6976,0.6975,0.6976,3
2026-07-17 02:36:00+00:00,0.6975,0.6975,0.6975,0.6975,1
2026-07-17 02:37:00+00:00,0.6973,0.6973,0.6971,0.6971,59
2026-07-17 02:38:00+00:00,0.696,0.696,0.696,0.696,1
2026-07-17 02:38:00+00:00,0.6971,0.6971,0.6971,0.6971,51
2026-07-17 02:39:00+00:00,0.6972,0.6972,0.6972,0.6972,4
2026-07-17 02:40:00+00:00,0.6974,0.6974,0.6974,0.6974,5
2026-07-17 02:41:00+00:00,0.6974,0.6974,0.6974,0.6974,1
2026-07-17 02:42:00+00:00,0.6974,0.6974,0.6973,0.6973,6
2026-07-17 02:45:00+00:00,0.6973,0.6973,0.6973,0.6973,1
2026-07-17 02:46:00+00:00,0.6974,0.6974,0.6974,0.6974,1
2026-07-17 02:47:00+00:00,0.6974,0.6976,0.6974,0.6976,4
2026-07-17 02:48:00+00:00,0.6975,0.6975,0.6974,0.6974,4
2026-07-17 02:50:00+00:00,0.6974,0.6974,0.6974,0.6974,6
2026-07-17 02:51:00+00:00,0.6973,0.6973,0.6973,0.6973,1
2026-07-17 02:54:00+00:00,0.6973,0.6973,0.6973,0.6973,3
2026-07-17 02:55:00+00:00,0.6973,0.6973,0.6972,0.6972,2
2026-07-17 03:02:00+00:00,0.6973,0.6973,0.6973,0.6973,1
2026-07-17 03:03:00+00:00,0.6974,0.6974,0.6974,0.6974,5
2026-07-17 03:04:00+00:00,0.6976,0.6977,0.6976,0.6977,33
2026-07-17 03:05:00+00:00,0.6976,0.6976,0.6976,0.6976,4
2026-07-17 03:07:00+00:00,0.6977,0.6977,0.6977,0.6977,4
2026-07-17 03:10:00+00:00,0.6976,0.6976,0.6976,0.6976,1
2026-07-17 03:15:00+00:00,0.6976,0.6978,0.6976,0.6978,13
2026-07-17 03:16:00+00:00,0.6978,0.6978,0.6978,0.6978,15
2026-07-17 03:17:00+00:00,0.6979,0.6979,0.6979,0.6979,1
2026-07-17 03:20:00+00:00,0.698,0.698,0.698,0.698,2
2026-07-17 03:23:00+00:00,0.698,0.698,0.698,0.698,1
2026-07-17 03:24:00+00:00,0.6979,0.6979,0.6979,0.6979,1
2026-07-17 03:25:00+00:00,0.6979,0.6979,0.6979,0.6979,5
2026-07-17 03:30:00+00:00,0.6979,0.6979,0.6979,0.6979,2
2026-07-17 03:37:00+00:00,0.6977,0.6977,0.6977,0.6977,1
2026-07-17 03:38:00+00:00,0.6976,0.6976,0.6976,0.6976,2
2026-07-17 03:41:00+00:00,0.6975,0.6975,0.6975,0.6975,12
2026-07-17 03:44:00+00:00,0.6975,0.6975,0.6975,0.6975,3
2026-07-17 03:47:00+00:00,0.6974,0.6974,0.6974,0.6974,2
2026-07-17 03:48:00+00:00,0.6975,0.6975,0.6975,0.6975,3
2026-07-17 04:00:00+00:00,0.6974,0.6975,0.6973,0.6973,5
2026-07-17 04:01:00+00:00,0.6974,0.6974,0.6974,0.6974,15
2026-07-17 04:02:00+00:00,0.6973,0.6973,0.6973,0.6973,1
2026-07-17 04:05:00+00:00,0.6974,0.6974,0.6974,0.6974,1
2026-07-17 04:09:00+00:00,0.6975,0.6975,0.6975,0.6975,2
2026-07-17 04:10:00+00:00,0.6973,0.6973,0.6973,0.6973,1
2026-07-17 04:18:00+00:00,0.6973,0.6973,0.6973,0.6973,1
2026-07-17 04:19:00+00:00,0.6973,0.6974,0.6973,0.6974,4
2026-07-17 04:21:00+00:00,0.6973,0.6973,0.6973,0.6973,1
2026-07-17 04:27:00+00:00,0.6971,0.6971,0.697,0.697,5
2026-07-17 04:28:00+00:00,0.697,0.697,0.697,0.697,1
2026-07-17 04:31:00+00:00,0.697,0.697,0.697,0.697,1
2026-07-17 04:33:00+00:00,0.6972,0.6972,0.6972,0.6972,4
2026-07-17 04:34:00+00:00,0.6971,0.6971,0.697,0.697,3
2026-07-17 04:35:00+00:00,0.6971,0.6971,0.6971,0.6971,4
2026-07-17 04:37:00+00:00,0.6971,0.6971,0.697,0.697,2
2026-07-17 04:38:00+00:00,0.6971,0.6971,0.6971,0.6971,1
2026-07-17 04:40:00+00:00,0.6972,0.6972,0.697,0.697,6
2026-07-17 04:47:00+00:00,0.6973,0.6973,0.6973,0.6973,1
2026-07-17 04:52:00+00:00,0.6972,0.6972,0.6972,0.6972,1
2026-07-17 05:00:00+00:00,0.6973,0.6973,0.6973,0.6973,1
2026-07-17 05:02:00+00:00,0.6971,0.6971,0.6971,0.6971,2
2026-07-17 05:06:00+00:00,0.6972,0.6972,0.6972,0.6972,1
2026-07-17 05:09:00+00:00,0.6972,0.6972,0.6972,0.6972,2
2026-07-17 05:10:00+00:00,0.6972,0.6972,0.6972,0.6972,4
2026-07-17 05:12:00+00:00,0.6971,0.6972,0.6971,0.6972,3
2026-07-17 05:15:00+00:00,0.6972,0.6972,0.6972,0.6972,1
2026-07-17 05:16:00+00:00,0.6971,0.6971,0.6971,0.6971,16
2026-07-17 05:17:00+00:00,0.6972,0.6972,0.6972,0.6972,16
2026-07-17 05:19:00+00:00,0.6971,0.6971,0.6971,0.6971,4
2026-07-17 05:20:00+00:00,0.6971,0.6971,0.6971,0.6971,3
2026-07-17 05:24:00+00:00,0.697,0.697,0.697,0.697,1
2026-07-17 05:25:00+00:00,0.697,0.6971,0.697,0.6971,12
2026-07-17 05:27:00+00:00,0.6971,0.6971,0.6971,0.6971,1
2026-07-17 05:28:00+00:00,0.6971,0.6971,0.6971,0.6971,1
2026-07-17 05:29:00+00:00,0.6972,0.6972,0.6972,0.6972,5
2026-07-17 05:30:00+00:00,0.6973,0.6973,0.6973,0.6973,6
2026-07-17 05:31:00+00:00,0.6973,0.6973,0.6973,0.6973,1
2026-07-17 05:33:00+00:00,0.6973,0.6973,0.6973,0.6973,1
2026-07-17 05:37:00+00:00,0.6972,0.6972,0.6972,0.6972,1
2026-07-17 05:39:00+00:00,0.6973,0.6973,0.6973,0.6973,1
2026-07-17 05:43:00+00:00,0.6972,0.6972,0.6972,0.6972,2
2026-07-17 05:44:00+00:00,0.697,0.697,0.697,0.697,5
2026-07-17 05:50:00+00:00,0.6972,0.6972,0.6972,0.6972,2
2026-07-17 05:52:00+00:00,0.6973,0.6973,0.6973,0.6973,1
2026-07-17 05:54:00+00:00,0.6973,0.6973,0.6973,0.6973,12
2026-07-17 05:55:00+00:00,0.6972,0.6972,0.6972,0.6972,5
2026-07-17 05:57:00+00:00,0.697,0.697,0.697,0.697,1
2026-07-17 05:59:00+00:00,0.697,0.697,0.697,0.697,16
2026-07-17 06:01:00+00:00,0.6974,0.6974,0.6974,0.6974,2
2026-07-17 06:02:00+00:00,0.6974,0.6975,0.6974,0.6975,22
2026-07-17 06:03:00+00:00,0.6974,0.6975,0.6974,0.6975,7
2026-07-17 06:07:00+00:00,0.6973,0.6973,0.6973,0.6973,4
2026-07-17 06:08:00+00:00,0.6972,0.6972,0.6972,0.6972,5
2026-07-17 06:14:00+00:00,0.6977,0.6977,0.6977,0.6977,16
2026-07-17 06:15:00+00:00,0.6978,0.6978,0.6978,0.6978,2
2026-07-17 06:17:00+00:00,0.6979,0.6979,0.6979,0.6979,2
2026-07-17 06:19:00+00:00,0.698,0.698,0.698,0.698,3
2026-07-17 06:20:00+00:00,0.698,0.6981,0.698,0.6981,5
2026-07-17 06:21:00+00:00,0.698,0.698,0.698,0.698,1
2026-07-17 06:22:00+00:00,0.6979,0.6979,0.6979,0.6979,14
2026-07-17 06:23:00+00:00,0.698,0.6981,0.698,0.6981,2
2026-07-17 06:24:00+00:00,0.6982,0.6982,0.6982,0.6982,1
2026-07-17 06:27:00+00:00,0.6983,0.6983,0.6983,0.6983,1
2026-07-17 06:29:00+00:00,0.6982,0.6982,0.6982,0.6982,1
2026-07-17 06:30:00+00:00,0.6982,0.6982,0.6982,0.6982,1
2026-07-17 06:32:00+00:00,0.6982,0.6982,0.6982,0.6982,1
2026-07-17 06:33:00+00:00,0.6982,0.6982,0.6982,0.6982,1
2026-07-17 06:34:00+00:00,0.6982,0.6982,0.6982,0.6982,10
2026-07-17 06:37:00+00:00,0.6981,0.6981,0.6981,0.6981,3
2026-07-17 06:42:00+00:00,0.6981,0.6981,0.6981,0.6981,1
2026-07-17 06:46:00+00:00,0.698,0.698,0.6979,0.6979,2
2026-07-17 06:51:00+00:00,0.6977,0.6977,0.6977,0.6977,2
2026-07-17 06:53:00+00:00,0.6978,0.6978,0.6978,0.6978,1
2026-07-17 06:57:00+00:00,0.698,0.698,0.698,0.698,1
2026-07-17 06:59:00+00:00,0.6979,0.6979,0.6979,0.6979,5
2026-07-17 07:00:00+00:00,0.698,0.698,0.698,0.698,5
2026-07-17 07:03:00+00:00,0.6982,0.6982,0.6982,0.6982,5
2026-07-17 07:09:00+00:00,0.698,0.698,0.698,0.698,1
2026-07-17 07:10:00+00:00,0.698,0.698,0.698,0.698,2
2026-07-17 07:11:00+00:00,0.698,0.698,0.698,0.698,3
2026-07-17 07:12:00+00:00,0.698,0.698,0.698,0.698,1
2026-07-17 07:14:00+00:00,0.698,0.6981,0.698,0.6981,36
2026-07-17 07:18:00+00:00,0.698,0.698,0.698,0.698,2
2026-07-17 07:20:00+00:00,0.6979,0.6979,0.6979,0.6979,1
2026-07-17 07:23:00+00:00,0.6978,0.6978,0.6978,0.6978,4
2026-07-17 07:26:00+00:00,0.6979,0.6979,0.6979,0.6979,1
2026-07-17 07:31:00+00:00,0.6982,0.6982,0.6982,0.6982,5
2026-07-17 07:43:00+00:00,0.6978,0.6978,0.6978,0.6978,3
2026-07-17 07:51:00+00:00,0.698,0.698,0.698,0.698,12
2026-07-17 07:57:00+00:00,0.6978,0.6978,0.6978,0.6978,5
2026-07-17 08:00:00+00:00,0.6977,0.6977,0.6977,0.6977,2
2026-07-17 08:01:00+00:00,0.6977,0.6977,0.6977,0.6977,2
2026-07-17 08:02:00+00:00,0.6979,0.6979,0.6979,0.6979,1
2026-07-17 08:03:00+00:00,0.6979,0.6979,0.6979,0.6979,18
2026-07-17 08:05:00+00:00,0.698,0.698,0.698,0.698,1
2026-07-17 08:07:00+00:00,0.6979,0.6979,0.6979,0.6979,1
2026-07-17 08:11:00+00:00,0.6978,0.6978,0.6978,0.6978,1
2026-07-17 08:12:00+00:00,0.6976,0.6976,0.6976,0.6976,5
2026-07-17 08:14:00+00:00,0.6973,0.6973,0.6973,0.6973,17
2026-07-17 08:16:00+00:00,0.6973,0.6973,0.6972,0.6972,2
2026-07-17 08:17:00+00:00,0.6971,0.6971,0.697,0.697,39
2026-07-17 08:18:00+00:00,0.6969,0.6969,0.6967,0.6969,28
2026-07-17 08:19:00+00:00,0.697,0.697,0.697,0.697,2
2026-07-17 08:20:00+00:00,0.6968,0.6968,0.6968,0.6968,7
2026-07-17 08:21:00+00:00,0.697,0.6971,0.697,0.6971,3
2026-07-17 08:22:00+00:00,0.697,0.697,0.697,0.697,7
2026-07-17 08:24:00+00:00,0.697,0.697,0.697,0.697,6
2026-07-17 08:26:00+00:00,0.697,0.697,0.697,0.697,1
2026-07-17 08:29:00+00:00,0.697,0.697,0.697,0.697,1
2026-07-17 08:31:00+00:00,0.6969,0.6969,0.6969,0.6969,39
2026-07-17 08:34:00+00:00,0.697,0.697,0.697,0.697,3
2026-07-17 08:35:00+00:00,0.697,0.697,0.697,0.697,1
2026-07-17 08:38:00+00:00,0.6968,0.6968,0.6968,0.6968,1
2026-07-17 08:39:00+00:00,0.6967,0.6967,0.6967,0.6967,25
2026-07-17 08:40:00+00:00,0.6967,0.6967,0.6967,0.6967,1
2026-07-17 08:41:00+00:00,0.6967,0.6967,0.6967,0.6967,2
2026-07-17 08:42:00+00:00,0.6966,0.6966,0.6966,0.6966,4
2026-07-17 08:45:00+00:00,0.6966,0.6966,0.6966,0.6966,1
2026-07-17 08:46:00+00:00,0.6966,0.6966,0.6966,0.6966,1
2026-07-17 08:47:00+00:00,0.6968,0.6968,0.6967,0.6967,15
2026-07-17 08:48:00+00:00,0.6968,0.6968,0.6966,0.6966,12
2026-07-17 08:49:00+00:00,0.6967,0.6967,0.6967,0.6967,2
2026-07-17 08:50:00+00:00,0.6967,0.6967,0.6967,0.6967,1
2026-07-17 08:54:00+00:00,0.6966,0.6966,0.6966,0.6966,11
2026-07-17 08:55:00+00:00,0.6965,0.6965,0.6965,0.6965,1
2026-07-17 08:57:00+00:00,0.6966,0.6966,0.6966,0.6966,1
2026-07-17 08:58:00+00:00,0.6968,0.6968,0.6968,0.6968,2
2026-07-17 09:01:00+00:00,0.6964,0.6964,0.6963,0.6963,9
2026-07-17 09:02:00+00:00,0.6963,0.6963,0.6962,0.6962,8
2026-07-17 09:03:00+00:00,0.6963,0.6963,0.6961,0.6961,13
2026-07-17 09:04:00+00:00,0.696,0.696,0.6959,0.696,10
2026-07-17 09:05:00+00:00,0.6962,0.6962,0.6962,0.6962,3
2026-07-17 09:07:00+00:00,0.6962,0.6962,0.6962,0.6962,3
2026-07-17 09:08:00+00:00,0.6963,0.6963,0.6963,0.6963,1
2026-07-17 09:09:00+00:00,0.6962,0.6962,0.6962,0.6962,2
2026-07-17 09:10:00+00:00,0.6963,0.6963,0.6963,0.6963,1
2026-07-17 09:12:00+00:00,0.6962,0.6962,0.6962,0.6962,1
2026-07-17 09:13:00+00:00,0.6962,0.6962,0.6962,0.6962,4
2026-07-17 09:16:00+00:00,0.6962,0.6962,0.6962,0.6962,1
2026-07-17 09:18:00+00:00,0.6962,0.6962,0.6962,0.6962,2
2026-07-17 09:20:00+00:00,0.6964,0.6964,0.6964,0.6964,1
2026-07-17 09:24:00+00:00,0.6965,0.6966,0.6965,0.6966,4
2026-07-17 09:25:00+00:00,0.6967,0.6967,0.6967,0.6967,1
2026-07-17 09:27:00+00:00,0.6967,0.6967,0.6967,0.6967,2
2026-07-17 09:37:00+00:00,0.6963,0.6963,0.6963,0.6963,1
2026-07-17 09:40:00+00:00,0.6963,0.6963,0.6963,0.6963,2
2026-07-17 09:41:00+00:00,0.6964,0.6964,0.6964,0.6964,1
2026-07-17 09:42:00+00:00,0.6964,0.6964,0.6964,0.6964,3
2026-07-17 09:45:00+00:00,0.6964,0.6964,0.6963,0.6963,3
2026-07-17 09:47:00+00:00,0.6962,0.6962,0.6962,0.6962,1
2026-07-17 09:48:00+00:00,0.6964,0.6964,0.6964,0.6964,3
2026-07-17 09:49:00+00:00,0.6965,0.6965,0.6965,0.6965,1
2026-07-17 09:50:00+00:00,0.6964,0.6964,0.6964,0.6964,1
2026-07-17 09:56:00+00:00,0.6964,0.6964,0.6964,0.6964,1
2026-07-17 09:59:00+00:00,0.6965,0.6965,0.6965,0.6965,9
2026-07-17 10:02:00+00:00,0.6963,0.6963,0.6963,0.6963,8
2026-07-17 10:07:00+00:00,0.6965,0.6965,0.6965,0.6965,3
2026-07-17 10:11:00+00:00,0.6964,0.6964,0.6964,0.6964,3
2026-07-17 10:13:00+00:00,0.6965,0.6965,0.6965,0.6965,9
2026-07-17 10:22:00+00:00,0.6964,0.6964,0.6964,0.6964,3
2026-07-17 10:25:00+00:00,0.6964,0.6964,0.6964,0.6964,5
2026-07-17 10:27:00+00:00,0.6962,0.6962,0.6962,0.6962,1
2026-07-17 10:30:00+00:00,0.6964,0.6965,0.6964,0.6965,2
2026-07-17 10:36:00+00:00,0.6964,0.6964,0.6964,0.6964,1
2026-07-17 10:38:00+00:00,0.6955,0.6955,0.6955,0.6955,1
2026-07-17 10:44:00+00:00,0.6965,0.6965,0.6965,0.6965,10
2026-07-17 10:45:00+00:00,0.6965,0.6965,0.6965,0.6965,44
2026-07-17 10:46:00+00:00,0.6965,0.6965,0.6965,0.6965,3
2026-07-17 10:47:00+00:00,0.6964,0.6964,0.6964,0.6964,2
2026-07-17 10:48:00+00:00,0.6965,0.6965,0.6965,0.6965,9
2026-07-17 10:49:00+00:00,0.6965,0.6965,0.6965,0.6965,4
2026-07-17 10:50:00+00:00,0.6965,0.6965,0.6965,0.6965,4
2026-07-17 10:51:00+00:00,0.6964,0.6964,0.6963,0.6963,3
2026-07-17 10:52:00+00:00,0.6962,0.6962,0.6962,0.6962,5
2026-07-17 10:53:00+00:00,0.6962,0.6963,0.6962,0.6963,2
2026-07-17 10:55:00+00:00,0.6963,0.6963,0.6963,0.6963,1
2026-07-17 10:57:00+00:00,0.6964,0.6964,0.6964,0.6964,6
2026-07-17 10:59:00+00:00,0.6964,0.6964,0.6964,0.6964,1
2026-07-17 11:00:00+00:00,0.6964,0.6964,0.6964,0.6964,2
2026-07-17 11:02:00+00:00,0.6962,0.6962,0.6962,0.6962,1
2026-07-17 11:03:00+00:00,0.6962,0.6962,0.6961,0.6961,42
2026-07-17 11:06:00+00:00,0.696,0.696,0.696,0.696,13
2026-07-17 11:07:00+00:00,0.6961,0.6961,0.6961,0.6961,6
2026-07-17 11:15:00+00:00,0.6962,0.6962,0.6962,0.6962,4
2026-07-17 11:17:00+00:00,0.6961,0.6961,0.6961,0.6961,1
2026-07-17 11:17:00+00:00,0.695,0.695,0.695,0.695,1
2026-07-17 11:19:00+00:00,0.6962,0.6962,0.6962,0.6962,1
2026-07-17 11:20:00+00:00,0.6962,0.6962,0.6961,0.6961,3
2026-07-17 11:24:00+00:00,0.6961,0.6961,0.6961,0.6961,6
2026-07-17 11:26:00+00:00,0.6961,0.6961,0.6961,0.6961,1
2026-07-17 11:27:00+00:00,0.6962,0.6962,0.6962,0.6962,4
2026-07-17 11:32:00+00:00,0.6963,0.6963,0.6963,0.6963,1
2026-07-17 11:35:00+00:00,0.6965,0.6965,0.6965,0.6965,4
2026-07-17 11:36:00+00:00,0.6966,0.6966,0.6966,0.6966,1
2026-07-17 11:39:00+00:00,0.6968,0.6968,0.6968,0.6968,1
2026-07-17 11:48:00+00:00,0.6969,0.6969,0.6969,0.6969,3
2026-07-17 11:49:00+00:00,0.697,0.697,0.6969,0.6969,2
2026-07-17 11:51:00+00:00,0.6967,0.6967,0.6967,0.6967,2
2026-07-17 11:53:00+00:00,0.6969,0.6969,0.6969,0.6969,1
2026-07-17 11:54:00+00:00,0.697,0.697,0.697,0.697,2
2026-07-17 11:58:00+00:00,0.6969,0.6969,0.6969,0.6969,7
2026-07-17 11:59:00+00:00,0.6967,0.6967,0.6967,0.6967,6
2026-07-17 12:01:00+00:00,0.6968,0.6968,0.6968,0.6968,1
2026-07-17 12:03:00+00:00,0.6968,0.6968,0.6968,0.6968,1
2026-07-17 12:05:00+00:00,0.6968,0.6968,0.6968,0.6968,1
2026-07-17 12:07:00+00:00,0.6967,0.6967,0.6967,0.6967,1
2026-07-17 12:13:00+00:00,0.6967,0.6967,0.6966,0.6966,36
2026-07-17 12:18:00+00:00,0.6966,0.6966,0.6966,0.6966,5
2026-07-17 12:25:00+00:00,0.6966,0.6966,0.6966,0.6966,1
2026-07-17 12:26:00+00:00,0.6967,0.6967,0.6967,0.6967,3
2026-07-17 12:27:00+00:00,0.6967,0.6967,0.6967,0.6967,1
2026-07-17 12:29:00+00:00,0.6968,0.6968,0.6968,0.6968,1
2026-07-17 12:30:00+00:00,0.6967,0.6967,0.6967,0.6967,7
2026-07-17 12:31:00+00:00,0.6967,0.6967,0.6967,0.6967,7
2026-07-17 12:32:00+00:00,0.6967,0.6967,0.6967,0.6967,4
2026-07-17 12:34:00+00:00,0.6966,0.6966,0.6966,0.6966,1
2026-07-17 12:35:00+00:00,0.6966,0.6966,0.6966,0.6966,1
2026-07-17 12:36:00+00:00,0.6966,0.6966,0.6966,0.6966,1
2026-07-17 12:37:00+00:00,0.6965,0.6965,0.6965,0.6965,6
2026-07-17 12:40:00+00:00,0.6964,0.6964,0.6964,0.6964,4
2026-07-17 12:41:00+00:00,0.6964,0.6964,0.6964,0.6964,2
2026-07-17 12:43:00+00:00,0.695,0.695,0.695,0.695,1
2026-07-17 12:43:00+00:00,0.6964,0.6964,0.6964,0.6964,1
2026-07-17 12:44:00+00:00,0.6964,0.6964,0.6964,0.6964,1
2026-07-17 12:45:00+00:00,0.6963,0.6963,0.6963,0.6963,1
2026-07-17 12:46:00+00:00,0.6952,0.6952,0.6952,0.6952,2
2026-07-17 12:50:00+00:00,0.6964,0.6964,0.6964,0.6964,4
2026-07-17 12:51:00+00:00,0.6964,0.6964,0.6964,0.6964,4
2026-07-17 12:52:00+00:00,0.6964,0.6964,0.6964,0.6964,1
2026-07-17 12:54:00+00:00,0.6963,0.6963,0.6963,0.6963,1
2026-07-17 12:55:00+00:00,0.6963,0.6963,0.6963,0.6963,1
2026-07-17 12:57:00+00:00,0.6953,0.6953,0.6953,0.6953,2
2026-07-17 12:58:00+00:00,0.6962,0.6962,0.6962,0.6962,6
2026-07-17 12:59:00+00:00,0.6962,0.6962,0.6962,0.6962,2
2026-07-17 13:00:00+00:00,0.6962,0.6962,0.6962,0.6962,2
2026-07-17 13:01:00+00:00,0.6961,0.6961,0.696,0.696,3
2026-07-17 13:02:00+00:00,0.696,0.696,0.696,0.696,1
2026-07-17 13:03:00+00:00,0.6961,0.6961,0.6961,0.6961,5
2026-07-17 13:05:00+00:00,0.6961,0.6961,0.6961,0.6961,1
2026-07-17 13:06:00+00:00,0.6961,0.6961,0.6961,0.6961,1
2026-07-17 13:07:00+00:00,0.6961,0.6961,0.6961,0.6961,1
2026-07-17 13:09:00+00:00,0.6961,0.6961,0.6961,0.6961,1
2026-07-17 13:14:00+00:00,0.6964,0.6965,0.6964,0.6965,2
2026-07-17 13:16:00+00:00,0.6964,0.6964,0.6964,0.6964,3
2026-07-17 13:17:00+00:00,0.6963,0.6963,0.6963,0.6963,2
2026-07-17 13:18:00+00:00,0.6962,0.6962,0.6962,0.6962,1
2026-07-17 13:19:00+00:00,0.6962,0.6962,0.6962,0.6962,5
2026-07-17 13:20:00+00:00,0.6964,0.6964,0.6964,0.6964,1
2026-07-17 13:21:00+00:00,0.6964,0.6964,0.6964,0.6964,1
2026-07-17 13:23:00+00:00,0.6963,0.6963,0.6963,0.6963,5
2026-07-17 13:24:00+00:00,0.6963,0.6964,0.6963,0.6964,2
2026-07-17 13:25:00+00:00,0.6964,0.6965,0.6964,0.6965,7
2026-07-17 13:26:00+00:00,0.6965,0.6965,0.6965,0.6965,1
2026-07-17 13:27:00+00:00,0.6963,0.6963,0.6963,0.6963,1
2026-07-17 13:28:00+00:00,0.6963,0.6963,0.6963,0.6963,1
2026-07-17 13:30:00+00:00,0.6964,0.6964,0.6963,0.6963,2
2026-07-17 13:32:00+00:00,0.6965,0.6965,0.6965,0.6965,2
2026-07-17 13:33:00+00:00,0.6965,0.6965,0.6965,0.6965,1
2026-07-17 13:34:00+00:00,0.6965,0.6965,0.6965,0.6965,2
2026-07-17 13:35:00+00:00,0.6964,0.6964,0.6964,0.6964,1
2026-07-17 13:38:00+00:00,0.6965,0.6965,0.6965,0.6965,1
2026-07-17 13:39:00+00:00,0.6966,0.6966,0.6966,0.6966,1
2026-07-17 13:42:00+00:00,0.6965,0.6965,0.6964,0.6964,2
2026-07-17 13:45:00+00:00,0.6963,0.6963,0.6963,0.6963,1
2026-07-17 13:46:00+00:00,0.6962,0.6963,0.6962,0.6963,16
2026-07-17 13:47:00+00:00,0.6964,0.6965,0.6964,0.6965,2
2026-07-17 13:48:00+00:00,0.6966,0.6967,0.6966,0.6967,4
2026-07-17 13:50:00+00:00,0.6969,0.6969,0.6969,0.6969,41
2026-07-17 13:51:00+00:00,0.6969,0.6969,0.6969,0.6969,6
2026-07-17 13:52:00+00:00,0.6968,0.6968,0.6967,0.6967,7
2026-07-17 13:53:00+00:00,0.6969,0.6971,0.6969,0.697,10
2026-07-17 13:54:00+00:00,0.697,0.6971,0.697,0.6971,6
2026-07-17 13:55:00+00:00,0.6969,0.6969,0.6969,0.6969,2
2026-07-17 13:56:00+00:00,0.697,0.697,0.697,0.697,1
2026-07-17 13:58:00+00:00,0.697,0.697,0.697,0.697,2
2026-07-17 13:59:00+00:00,0.6971,0.6971,0.6971,0.6971,2
2026-07-17 14:00:00+00:00,0.6971,0.6972,0.6971,0.6972,4
2026-07-17 14:01:00+00:00,0.6971,0.6972,0.6971,0.6971,6
2026-07-17 14:02:00+00:00,0.6972,0.6974,0.6972,0.6974,3
2026-07-17 14:03:00+00:00,0.6973,0.6973,0.6973,0.6973,6
2026-07-17 14:04:00+00:00,0.6972,0.6972,0.6972,0.6972,1
2026-07-17 14:05:00+00:00,0.6973,0.6974,0.6973,0.6974,6
2026-07-17 14:06:00+00:00,0.6973,0.6973,0.6973,0.6973,2
2026-07-17 14:07:00+00:00,0.6973,0.6973,0.6973,0.6973,2
2026-07-17 14:09:00+00:00,0.6973,0.6973,0.6971,0.6971,22
2026-07-17 14:14:00+00:00,0.697,0.697,0.697,0.697,1
2026-07-17 14:15:00+00:00,0.697,0.6971,0.697,0.6971,5
2026-07-17 14:16:00+00:00,0.6971,0.6971,0.6971,0.6971,6
2026-07-17 14:21:00+00:00,0.6973,0.6973,0.6973,0.6973,1
2026-07-17 14:23:00+00:00,0.6972,0.6972,0.6972,0.6972,1
2026-07-17 14:24:00+00:00,0.6973,0.6973,0.6973,0.6973,2
2026-07-17 14:25:00+00:00,0.6973,0.6973,0.6973,0.6973,3
2026-07-17 14:28:00+00:00,0.6972,0.6972,0.6972,0.6972,1
2026-07-17 14:32:00+00:00,0.6971,0.6972,0.6971,0.6971,6
2026-07-17 14:34:00+00:00,0.6971,0.6971,0.6971,0.6971,1
2026-07-17 14:35:00+00:00,0.6971,0.6971,0.6971,0.6971,1
2026-07-17 14:41:00+00:00,0.6974,0.6974,0.6974,0.6974,2
2026-07-17 14:42:00+00:00,0.6974,0.6974,0.6974,0.6974,1
2026-07-17 14:43:00+00:00,0.6975,0.6975,0.6975,0.6975,3
2026-07-17 14:46:00+00:00,0.6975,0.6975,0.6975,0.6975,1
2026-07-17 14:47:00+00:00,0.6976,0.6976,0.6976,0.6976,6
2026-07-17 14:49:00+00:00,0.6975,0.6975,0.6975,0.6975,2
2026-07-17 14:51:00+00:00,0.6976,0.6976,0.6974,0.6974,2
2026-07-17 14:52:00+00:00,0.6974,0.6974,0.6974,0.6974,2
2026-07-17 14:53:00+00:00,0.6974,0.6974,0.6973,0.6973,2
2026-07-17 14:54:00+00:00,0.6973,0.6973,0.6973,0.6973,1
2026-07-17 14:55:00+00:00,0.6974,0.6974,0.6974,0.6974,5
2026-07-17 14:57:00+00:00,0.6973,0.6973,0.6973,0.6973,1
2026-07-17 15:00:00+00:00,0.6973,0.6973,0.6973,0.6973,3
2026-07-17 15:01:00+00:00,0.6972,0.6972,0.6972,0.6972,10
2026-07-17 15:02:00+00:00,0.6973,0.6973,0.6973,0.6973,2
2026-07-17 15:03:00+00:00,0.6974,0.6974,0.6974,0.6974,1
2026-07-17 15:04:00+00:00,0.6974,0.6975,0.6974,0.6975,2
2026-07-17 15:05:00+00:00,0.6976,0.6976,0.6976,0.6976,7
2026-07-17 15:06:00+00:00,0.6976,0.6976,0.6976,0.6976,1
2026-07-17 15:07:00+00:00,0.6976,0.6976,0.6976,0.6976,4
2026-07-17 15:08:00+00:00,0.6977,0.6977,0.6977,0.6977,12
2026-07-17 15:09:00+00:00,0.6977,0.6977,0.6977,0.6977,2
2026-07-17 15:10:00+00:00,0.6976,0.6976,0.6976,0.6976,2
2026-07-17 15:12:00+00:00,0.6974,0.6974,0.6974,0.6974,2
2026-07-17 15:14:00+00:00,0.6973,0.6973,0.6973,0.6973,18
2026-07-17 15:19:00+00:00,0.6975,0.6975,0.6975,0.6975,3
2026-07-17 15:20:00+00:00,0.6976,0.6976,0.6976,0.6976,1
2026-07-17 15:21:00+00:00,0.6976,0.6977,0.6976,0.6977,3
2026-07-17 15:23:00+00:00,0.6975,0.6975,0.6975,0.6975,2
2026-07-17 15:30:00+00:00,0.6978,0.6978,0.6978,0.6978,11
2026-07-17 15:32:00+00:00,0.6977,0.6977,0.6975,0.6976,44
2026-07-17 15:33:00+00:00,0.6976,0.6976,0.6976,0.6976,3
2026-07-17 15:34:00+00:00,0.6976,0.6976,0.6976,0.6976,1
2026-07-17 15:35:00+00:00,0.6975,0.6975,0.6972,0.6974,15
2026-07-17 15:36:00+00:00,0.6975,0.6975,0.6974,0.6974,3
2026-07-17 15:37:00+00:00,0.6975,0.6975,0.6975,0.6975,1
2026-07-17 15:42:00+00:00,0.6974,0.6974,0.6974,0.6974,1
2026-07-17 15:44:00+00:00,0.6974,0.6975,0.6974,0.6975,2
2026-07-17 15:56:00+00:00,0.6976,0.6976,0.6976,0.6976,1
2026-07-17 15:57:00+00:00,0.6975,0.6975,0.6975,0.6975,2
2026-07-17 15:58:00+00:00,0.6977,0.6977,0.6977,0.6977,4
2026-07-17 16:01:00+00:00,0.6975,0.6975,0.6973,0.6974,160
2026-07-17 16:02:00+00:00,0.6973,0.6974,0.6973,0.6974,5
2026-07-17 16:03:00+00:00,0.6972,0.6973,0.6972,0.6973,15
2026-07-17 16:06:00+00:00,0.6973,0.6973,0.6973,0.6973,6
2026-07-17 16:07:00+00:00,0.6973,0.6973,0.6973,0.6973,1
2026-07-17 16:08:00+00:00,0.6974,0.6974,0.6974,0.6974,1
2026-07-17 16:09:00+00:00,0.6975,0.6975,0.6975,0.6975,1
2026-07-17 16:10:00+00:00,0.6976,0.6976,0.6976,0.6976,6
2026-07-17 16:11:00+00:00,0.6976,0.6976,0.6976,0.6976,4
2026-07-17 16:12:00+00:00,0.6977,0.6977,0.6977,0.6977,1
2026-07-17 16:14:00+00:00,0.6977,0.6977,0.6977,0.6977,1
2026-07-17 16:15:00+00:00,0.6979,0.6979,0.6979,0.6979,8
2026-07-17 16:16:00+00:00,0.6979,0.6979,0.6979,0.6979,1
2026-07-17 16:17:00+00:00,0.6979,0.6979,0.6979,0.6979,6
2026-07-17 16:18:00+00:00,0.698,0.698,0.698,0.698,10
2026-07-17 16:21:00+00:00,0.6979,0.6979,0.6979,0.6979,1
2026-07-17 16:24:00+00:00,0.6978,0.6979,0.6978,0.6979,19
2026-07-17 16:25:00+00:00,0.6978,0.6978,0.6978,0.6978,1
2026-07-17 16:26:00+00:00,0.6978,0.6978,0.6978,0.6978,9
2026-07-17 16:27:00+00:00,0.6978,0.6979,0.6978,0.6979,10
2026-07-17 16:30:00+00:00,0.698,0.698,0.698,0.698,1
2026-07-17 16:31:00+00:00,0.6978,0.6978,0.6978,0.6978,1
2026-07-17 16:34:00+00:00,0.6978,0.6978,0.6977,0.6977,2
2026-07-17 16:35:00+00:00,0.6977,0.6977,0.6977,0.6977,2
2026-07-17 16:36:00+00:00,0.6977,0.6977,0.6977,0.6977,2
2026-07-17 16:37:00+00:00,0.6977,0.6977,0.6975,0.6975,3
2026-07-17 16:38:00+00:00,0.6976,0.6976,0.6976,0.6976,1
2026-07-17 16:43:00+00:00,0.6977,0.6977,0.6977,0.6977,4
2026-07-17 16:45:00+00:00,0.6977,0.6977,0.6977,0.6977,1
2026-07-17 16:49:00+00:00,0.6977,0.6977,0.6977,0.6977,1
2026-07-17 16:54:00+00:00,0.6977,0.6977,0.6977,0.6977,1
2026-07-17 16:58:00+00:00,0.6976,0.6977,0.6976,0.6977,2
2026-07-17 17:01:00+00:00,0.6978,0.6978,0.6978,0.6978,1
2026-07-17 17:11:00+00:00,0.6977,0.6977,0.6977,0.6977,1
2026-07-17 17:18:00+00:00,0.6976,0.6976,0.6976,0.6976,1
2026-07-17 17:19:00+00:00,0.6976,0.6976,0.6976,0.6976,1
2026-07-17 17:21:00+00:00,0.6976,0.6976,0.6976,0.6976,1
2026-07-17 17:22:00+00:00,0.6977,0.6977,0.6977,0.6977,7
2026-07-17 17:35:00+00:00,0.6976,0.6976,0.6976,0.6976,15
2026-07-17 17:39:00+00:00,0.6977,0.6977,0.6977,0.6977,15
2026-07-17 17:40:00+00:00,0.6976,0.6976,0.6976,0.6976,1
2026-07-17 17:42:00+00:00,0.6976,0.6976,0.6975,0.6975,3
2026-07-17 17:45:00+00:00,0.6977,0.6977,0.6977,0.6977,5
2026-07-17 17:46:00+00:00,0.6976,0.6976,0.6976,0.6976,4
2026-07-17 17:49:00+00:00,0.6977,0.6977,0.6977,0.6977,2
2026-07-17 17:50:00+00:00,0.6976,0.6976,0.6976,0.6976,1
2026-07-17 17:52:00+00:00,0.6975,0.6975,0.6975,0.6975,4
2026-07-17 18:08:00+00:00,0.6975,0.6976,0.6975,0.6976,3
2026-07-17 18:17:00+00:00,0.6975,0.6975,0.6975,0.6975,1
2026-07-17 18:18:00+00:00,0.6976,0.6976,0.6975,0.6975,9
2026-07-17 18:30:00+00:00,0.6977,0.6977,0.6977,0.6977,1
2026-07-17 18:41:00+00:00,0.6975,0.6975,0.6975,0.6975,2
2026-07-17 18:48:00+00:00,0.6975,0.6975,0.6975,0.6975,3
2026-07-17 18:55:00+00:00,0.6976,0.6976,0.6976,0.6976,1
2026-07-17 18:59:00+00:00,0.6976,0.6976,0.6976,0.6976,1
2026-07-17 19:00:00+00:00,0.6975,0.6975,0.6975,0.6975,9
2026-07-17 19:04:00+00:00,0.6975,0.6975,0.6975,0.6975,1
2026-07-17 19:11:00+00:00,0.6974,0.6974,0.6974,0.6974,1
2026-07-17 19:21:00+00:00,0.6975,0.6975,0.6975,0.6975,2
2026-07-17 19:25:00+00:00,0.6973,0.6973,0.6973,0.6973,2
2026-07-17 19:30:00+00:00,0.6975,0.6976,0.6975,0.6975,6
2026-07-17 19:39:00+00:00,0.6974,0.6974,0.6974,0.6974,2
2026-07-17 19:41:00+00:00,0.6976,0.6976,0.6976,0.6976,4
2026-07-17 19:43:00+00:00,0.6977,0.6977,0.6977,0.6977,1
2026-07-17 19:44:00+00:00,0.6977,0.6977,0.6977,0.6977,11
2026-07-17 19:46:00+00:00,0.6977,0.6977,0.6977,0.6977,1
2026-07-17 19:48:00+00:00,0.6977,0.6977,0.6977,0.6977,1
2026-07-17 19:50:00+00:00,0.6977,0.6978,0.6977,0.6978,5
2026-07-17 19:51:00+00:00,0.6977,0.6977,0.6977,0.6977,1
2026-07-17 19:54:00+00:00,0.6977,0.6977,0.6977,0.6977,1
2026-07-17 19:55:00+00:00,0.6976,0.6977,0.6976,0.6977,4
2026-07-17 19:57:00+00:00,0.6977,0.6978,0.6977,0.6977,12
2026-07-17 19:58:00+00:00,0.6978,0.6978,0.6978,0.6978,6
2026-07-17 19:59:00+00:00,0.6978,0.6978,0.6978,0.6978,1
2026-07-17 20:00:00+00:00,0.6977,0.6977,0.6977,0.6977,1
2026-07-17 20:01:00+00:00,0.6976,0.6976,0.6976,0.6976,1
2026-07-17 20:05:00+00:00,0.6976,0.6977,0.6976,0.6977,27
2026-07-17 20:19:00+00:00,0.6976,0.6976,0.6976,0.6976,8
2026-07-17 20:20:00+00:00,0.6975,0.6975,0.6973,0.6973,8
2026-07-17 20:21:00+00:00,0.6974,0.6974,0.6974,0.6974,2
2026-07-17 20:24:00+00:00,0.6973,0.6973,0.6973,0.6973,1
2026-07-17 20:25:00+00:00,0.6974,0.6974,0.6974,0.6974,3
2026-07-17 20:27:00+00:00,0.6974,0.6974,0.6974,0.6974,1
2026-07-17 20:28:00+00:00,0.6974,0.6974,0.6974,0.6974,4
2026-07-17 20:29:00+00:00,0.6973,0.6974,0.6973,0.6974,19
2026-07-17 20:30:00+00:00,0.6974,0.6974,0.6974,0.6974,6
2026-07-17 20:31:00+00:00,0.6974,0.6974,0.6974,0.6974,2
2026-07-17 20:32:00+00:00,0.6973,0.6973,0.6973,0.6973,1
2026-07-17 20:33:00+00:00,0.6972,0.6972,0.6972,0.6972,1
2026-07-17 20:35:00+00:00,0.6973,0.6973,0.6972,0.6972,12
2026-07-17 20:44:00+00:00,0.6973,0.6974,0.6973,0.6974,12
2026-07-17 20:45:00+00:00,0.6972,0.6973,0.6972,0.6973,10
2026-07-17 20:46:00+00:00,0.6973,0.6973,0.6973,0.6973,12
2026-07-17 20:50:00+00:00,0.6973,0.6973,0.6973,0.6973,3
2026-07-17 20:54:00+00:00,0.6974,0.6974,0.6974,0.6974,2
2026-07-17 20:55:00+00:00,0.6975,0.6975,0.6974,0.6974,12
2026-07-17 20:56:00+00:00,0.6975,0.6975,0.6975,0.6975,2
2026-07-17 20:57:00+00:00,0.6974,0.6974,0.6974,0.6974,19
2026-07-17 20:58:00+00:00,0.6974,0.6974,0.6974,0.6974,7
2026-07-19 22:00:00+00:00,0.6965,0.6965,0.696,0.6964,17
2026-07-19 22:01:00+00:00,0.6963,0.6964,0.6963,0.6963,9
2026-07-19 22:02:00+00:00,0.6966,0.6966,0.6963,0.6963,6
2026-07-19 22:03:00+00:00,0.6964,0.6964,0.6964,0.6964,9
2026-07-19 22:04:00+00:00,0.6963,0.6963,0.6963,0.6963,2
2026-07-19 22:05:00+00:00,0.6964,0.6964,0.6964,0.6964,4
2026-07-19 22:07:00+00:00,0.6964,0.6964,0.6964,0.6964,3
2026-07-19 22:08:00+00:00,0.6964,0.6964,0.6964,0.6964,42
2026-07-19 22:09:00+00:00,0.6964,0.6965,0.6964,0.6965,12
2026-07-19 22:10:00+00:00,0.6965,0.6965,0.6965,0.6965,2
2026-07-19 22:11:00+00:00,0.6965,0.6965,0.6965,0.6965,40
2026-07-19 22:12:00+00:00,0.6966,0.6966,0.6966,0.6966,1
2026-07-19 22:13:00+00:00,0.6966,0.6966,0.6966,0.6966,7
2026-07-19 22:14:00+00:00,0.6966,0.6966,0.6966,0.6966,3
2026-07-19 22:15:00+00:00,0.6967,0.6967,0.6966,0.6966,12
2026-07-19 22:16:00+00:00,0.6967,0.6967,0.6967,0.6967,1
2026-07-19 22:17:00+00:00,0.6966,0.6966,0.6966,0.6966,6
2026-07-19 22:20:00+00:00,0.6966,0.6967,0.6966,0.6967,6
2026-07-19 22:21:00+00:00,0.6967,0.6968,0.6966,0.6966,13
2026-07-19 22:22:00+00:00,0.6966,0.6966,0.6966,0.6966,3
2026-07-19 22:24:00+00:00,0.6966,0.6966,0.6965,0.6965,5
2026-07-19 22:26:00+00:00,0.6964,0.6964,0.6964,0.6964,45
2026-07-19 22:27:00+00:00,0.6965,0.6965,0.6965,0.6965,32
2026-07-19 22:28:00+00:00,0.6966,0.6966,0.6966,0.6966,2
2026-07-19 22:30:00+00:00,0.6966,0.6967,0.6966,0.6967,13
2026-07-19 22:33:00+00:00,0.6968,0.6968,0.6968,0.6968,2
2026-07-19 22:34:00+00:00,0.6969,0.6969,0.6968,0.6968,9
2026-07-19 22:35:00+00:00,0.6968,0.6968,0.6968,0.6968,2
2026-07-19 22:36:00+00:00,0.6968,0.6969,0.6968,0.6969,2
2026-07-19 22:38:00+00:00,0.6969,0.6969,0.6969,0.6969,6
2026-07-19 22:41:00+00:00,0.6968,0.6968,0.6968,0.6968,6
2026-07-19 22:42:00+00:00,0.6969,0.6969,0.6969,0.6969,5
2026-07-19 22:44:00+00:00,0.697,0.697,0.697,0.697,2
2026-07-19 22:45:00+00:00,0.697,0.697,0.697,0.697,2
2026-07-19 22:52:00+00:00,0.6968,0.6968,0.6968,0.6968,2
2026-07-19 22:56:00+00:00,0.6968,0.6968,0.6968,0.6968,2
2026-07-19 22:57:00+00:00,0.6968,0.6968,0.6968,0.6968,1
2026-07-19 23:02:00+00:00,0.6969,0.6969,0.6969,0.6969,9
2026-07-19 23:07:00+00:00,0.6969,0.6969,0.6969,0.6969,2
2026-07-19 23:09:00+00:00,0.6969,0.6969,0.6969,0.6969,1
2026-07-19 23:11:00+00:00,0.697,0.697,0.697,0.697,2
2026-07-19 23:13:00+00:00,0.697,0.697,0.697,0.697,1
2026-07-19 23:17:00+00:00,0.6971,0.6971,0.6971,0.6971,7
2026-07-19 23:34:00+00:00,0.6969,0.6969,0.6969,0.6969,1
2026-07-19 23:35:00+00:00,0.6969,0.6969,0.6969,0.6969,5
2026-07-19 23:36:00+00:00,0.6968,0.6968,0.6968,0.6968,18
2026-07-19 23:37:00+00:00,0.6968,0.6968,0.6968,0.6968,15
2026-07-19 23:38:00+00:00,0.6967,0.6967,0.6967,0.6967,2
2026-07-19 23:39:00+00:00,0.6967,0.6967,0.6967,0.6967,5
2026-07-19 23:42:00+00:00,0.6969,0.697,0.6969,0.697,52
2026-07-19 23:45:00+00:00,0.6971,0.6971,0.697,0.697,33
2026-07-19 23:47:00+00:00,0.6969,0.6969,0.6969,0.6969,3
2026-07-19 23:48:00+00:00,0.697,0.697,0.697,0.697,4
2026-07-19 23:49:00+00:00,0.697,0.697,0.697,0.697,3
2026-07-19 23:54:00+00:00,0.6969,0.6969,0.6969,0.6969,4
2026-07-19 23:55:00+00:00,0.6969,0.6969,0.6969,0.6969,4
2026-07-19 23:58:00+00:00,0.6971,0.6971,0.6971,0.6971,1
2026-07-19 23:59:00+00:00,0.6971,0.6971,0.6971,0.6971,2
2026-07-20 00:00:00+00:00,0.6972,0.6972,0.6971,0.6971,9
2026-07-20 00:01:00+00:00,0.697,0.697,0.697,0.697,1
2026-07-20 00:02:00+00:00,0.6969,0.6969,0.6968,0.6969,26
2026-07-20 00:04:00+00:00,0.6971,0.6972,0.6971,0.6972,18
2026-07-20 00:05:00+00:00,0.6972,0.6972,0.6972,0.6972,4
2026-07-20 00:06:00+00:00,0.6973,0.6973,0.6973,0.6973,2
2026-07-20 00:07:00+00:00,0.6973,0.6973,0.6973,0.6973,6
2026-07-20 00:08:00+00:00,0.6974,0.6974,0.6974,0.6974,26
2026-07-20 00:10:00+00:00,0.6974,0.6975,0.6974,0.6974,5
2026-07-20 00:13:00+00:00,0.6976,0.6976,0.6975,0.6976,7
2026-07-20 00:14:00+00:00,0.6975,0.6975,0.6975,0.6975,11
2026-07-20 00:15:00+00:00,0.6976,0.6976,0.6976,0.6976,1
2026-07-20 00:16:00+00:00,0.6977,0.6978,0.6977,0.6977,8
2026-07-20 00:17:00+00:00,0.6978,0.6978,0.6978,0.6978,9
2026-07-20 00:18:00+00:00,0.6977,0.6977,0.6977,0.6977,4
2026-07-20 00:19:00+00:00,0.6978,0.6978,0.6978,0.6978,17
2026-07-20 00:20:00+00:00,0.6978,0.6978,0.6978,0.6978,4
2026-07-20 00:23:00+00:00,0.6978,0.6978,0.6978,0.6978,1
2026-07-20 00:24:00+00:00,0.6978,0.6978,0.6978,0.6978,4
2026-07-20 00:26:00+00:00,0.6979,0.6979,0.6978,0.6978,21
2026-07-20 00:30:00+00:00,0.6977,0.6977,0.6977,0.6977,1
2026-07-20 00:31:00+00:00,0.6977,0.6977,0.6977,0.6977,1
2026-07-20 00:35:00+00:00,0.6976,0.6976,0.6976,0.6976,1
2026-07-20 00:37:00+00:00,0.6976,0.6976,0.6976,0.6976,2
2026-07-20 00:38:00+00:00,0.6977,0.6977,0.6977,0.6977,1
2026-07-20 00:41:00+00:00,0.6978,0.6979,0.6978,0.6978,7
2026-07-20 00:45:00+00:00,0.6976,0.6976,0.6976,0.6976,1
2026-07-20 00:46:00+00:00,0.6976,0.6976,0.6976,0.6976,5
2026-07-20 00:48:00+00:00,0.6976,0.6976,0.6976,0.6976,1
2026-07-20 00:49:00+00:00,0.6976,0.6976,0.6976,0.6976,1
2026-07-20 00:50:00+00:00,0.6976,0.6976,0.6976,0.6976,1
2026-07-20 00:51:00+00:00,0.6976,0.6976,0.6976,0.6976,1
2026-07-20 00:52:00+00:00,0.6976,0.6976,0.6976,0.6976,3
2026-07-20 00:57:00+00:00,0.6977,0.6977,0.6977,0.6977,1
2026-07-20 01:00:00+00:00,0.6978,0.698,0.6978,0.698,10
2026-07-20 01:01:00+00:00,0.6979,0.6979,0.6979,0.6979,2
2026-07-20 01:04:00+00:00,0.6979,0.6979,0.6979,0.6979,2
2026-07-20 01:05:00+00:00,0.698,0.698,0.698,0.698,9
2026-07-20 01:06:00+00:00,0.6981,0.6982,0.6981,0.6982,6
2026-07-20 01:07:00+00:00,0.6981,0.6981,0.6981,0.6981,1
2026-07-20 01:08:00+00:00,0.6981,0.6981,0.6981,0.6981,1
2026-07-20 01:09:00+00:00,0.6982,0.6982,0.6982,0.6982,1
2026-07-20 01:10:00+00:00,0.6982,0.6982,0.6982,0.6982,34
2026-07-20 01:11:00+00:00,0.6981,0.6981,0.6981,0.6981,4
2026-07-20 01:12:00+00:00,0.698,0.698,0.698,0.698,2
2026-07-20 01:13:00+00:00,0.6979,0.6979,0.6979,0.6979,1
2026-07-20 01:21:00+00:00,0.6978,0.6978,0.6978,0.6978,1
2026-07-20 01:22:00+00:00,0.6979,0.698,0.6979,0.698,6
2026-07-20 01:23:00+00:00,0.6981,0.6981,0.6981,0.6981,1
2026-07-20 01:25:00+00:00,0.6981,0.6981,0.6981,0.6981,2
2026-07-20 01:29:00+00:00,0.698,0.698,0.698,0.698,1
2026-07-20 01:35:00+00:00,0.698,0.698,0.698,0.698,2
2026-07-20 01:41:00+00:00,0.6981,0.6981,0.6981,0.6981,1
2026-07-20 01:42:00+00:00,0.698,0.698,0.698,0.698,4
2026-07-20 01:44:00+00:00,0.6979,0.6979,0.6979,0.6979,1
2026-07-20 01:45:00+00:00,0.698,0.698,0.698,0.698,1
2026-07-20 01:48:00+00:00,0.698,0.698,0.698,0.698,1
2026-07-20 01:57:00+00:00,0.698,0.698,0.698,0.698,1
2026-07-20 02:00:00+00:00,0.6982,0.6982,0.6982,0.6982,2
2026-07-20 02:01:00+00:00,0.6982,0.6982,0.6982,0.6982,2
2026-07-20 02:02:00+00:00,0.6982,0.6984,0.6982,0.6983,6
2026-07-20 02:04:00+00:00,0.6983,0.6983,0.6983,0.6983,3
2026-07-20 02:05:00+00:00,0.6983,0.6983,0.6983,0.6983,1
2026-07-20 02:06:00+00:00,0.6984,0.6984,0.6984,0.6984,5
2026-07-20 02:08:00+00:00,0.6984,0.6984,0.6984,0.6984,1
2026-07-20 02:10:00+00:00,0.6983,0.6983,0.6983,0.6983,2
2026-07-20 02:11:00+00:00,0.6984,0.6984,0.6984,0.6984,2
2026-07-20 02:14:00+00:00,0.6984,0.6984,0.6984,0.6984,1
2026-07-20 02:16:00+00:00,0.6983,0.6983,0.6983,0.6983,2
2026-07-20 02:19:00+00:00,0.6983,0.6983,0.6983,0.6983,1
2026-07-20 02:23:00+00:00,0.6983,0.6983,0.6983,0.6983,1
2026-07-20 02:25:00+00:00,0.6981,0.6981,0.6981,0.6981,4
2026-07-20 02:31:00+00:00,0.6982,0.6982,0.6982,0.6982,1
2026-07-20 02:34:00+00:00,0.6983,0.6983,0.6983,0.6983,1
2026-07-20 02:35:00+00:00,0.6984,0.6985,0.6984,0.6985,3
2026-07-20 02:36:00+00:00,0.6984,0.6984,0.6984,0.6984,4
2026-07-20 02:40:00+00:00,0.6984,0.6985,0.6984,0.6985,30
2026-07-20 02:41:00+00:00,0.6986,0.6987,0.6986,0.6987,4
2026-07-20 02:42:00+00:00,0.6987,0.6988,0.6987,0.6988,9
2026-07-20 02:43:00+00:00,0.6988,0.6988,0.6988,0.6988,1
2026-07-20 02:44:00+00:00,0.6987,0.6987,0.6986,0.6986,11
2026-07-20 02:45:00+00:00,0.6986,0.6987,0.6986,0.6987,7
2026-07-20 02:46:00+00:00,0.6988,0.6988,0.6987,0.6987,7
2026-07-20 02:48:00+00:00,0.6986,0.6987,0.6986,0.6987,3
2026-07-20 02:51:00+00:00,0.6987,0.6987,0.6987,0.6987,1
2026-07-20 02:55:00+00:00,0.6986,0.6986,0.6986,0.6986,1
2026-07-20 03:03:00+00:00,0.6984,0.6984,0.6984,0.6984,2
2026-07-20 03:08:00+00:00,0.6982,0.6982,0.6982,0.6982,1
2026-07-20 03:09:00+00:00,0.6983,0.6983,0.6983,0.6983,1
2026-07-20 03:11:00+00:00,0.6983,0.6983,0.6983,0.6983,12
2026-07-20 03:13:00+00:00,0.6982,0.6982,0.6982,0.6982,1
2026-07-20 03:15:00+00:00,0.6983,0.6984,0.6983,0.6983,8
2026-07-20 03:21:00+00:00,0.6985,0.6985,0.6985,0.6985,1
2026-07-20 03:22:00+00:00,0.6984,0.6984,0.6984,0.6984,1
2026-07-20 03:24:00+00:00,0.6984,0.6984,0.6984,0.6984,7
2026-07-20 03:26:00+00:00,0.6984,0.6985,0.6984,0.6985,2
2026-07-20 03:28:00+00:00,0.6984,0.6985,0.6984,0.6985,11
2026-07-20 03:31:00+00:00,0.6986,0.6986,0.6986,0.6986,10
2026-07-20 03:37:00+00:00,0.6986,0.6986,0.6986,0.6986,4
2026-07-20 03:38:00+00:00,0.6986,0.6986,0.6986,0.6986,2
2026-07-20 03:41:00+00:00,0.6985,0.6985,0.6985,0.6985,3
2026-07-20 03:42:00+00:00,0.6986,0.6987,0.6986,0.6987,2
2026-07-20 03:43:00+00:00,0.6987,0.6988,0.6987,0.6988,2
2026-07-20 03:46:00+00:00,0.6987,0.6987,0.6987,0.6987,4
2026-07-20 03:48:00+00:00,0.6987,0.6987,0.6987,0.6987,25
2026-07-20 03:51:00+00:00,0.6987,0.6987,0.6987,0.6987,4
2026-07-20 03:54:00+00:00,0.6987,0.6987,0.6987,0.6987,1
2026-07-20 04:00:00+00:00,0.6987,0.6987,0.6987,0.6987,3
2026-07-20 04:03:00+00:00,0.6987,0.6987,0.6987,0.6987,4
2026-07-20 04:04:00+00:00,0.6988,0.6988,0.6988,0.6988,3
2026-07-20 04:05:00+00:00,0.6988,0.6988,0.6988,0.6988,25
2026-07-20 04:08:00+00:00,0.6987,0.6987,0.6986,0.6987,6
2026-07-20 04:11:00+00:00,0.6988,0.6988,0.6988,0.6988,4
2026-07-20 04:12:00+00:00,0.6988,0.6988,0.6988,0.6988,1
2026-07-20 04:13:00+00:00,0.6987,0.6987,0.6987,0.6987,1
2026-07-20 04:14:00+00:00,0.6987,0.6988,0.6987,0.6987,6
2026-07-20 04:16:00+00:00,0.6988,0.6989,0.6988,0.6989,5
2026-07-20 04:18:00+00:00,0.6987,0.6987,0.6987,0.6987,11
2026-07-20 04:20:00+00:00,0.6988,0.6989,0.6988,0.6989,12
2026-07-20 04:21:00+00:00,0.6989,0.6989,0.6989,0.6989,1
2026-07-20 04:23:00+00:00,0.699,0.699,0.699,0.699,2
2026-07-20 04:26:00+00:00,0.699,0.699,0.699,0.699,10
2026-07-20 04:27:00+00:00,0.6991,0.6991,0.6991,0.6991,2
2026-07-20 04:30:00+00:00,0.699,0.699,0.699,0.699,6
2026-07-20 04:31:00+00:00,0.699,0.699,0.699,0.699,2
2026-07-20 04:33:00+00:00,0.6991,0.6991,0.6991,0.6991,1
2026-07-20 04:34:00+00:00,0.6991,0.6991,0.6991,0.6991,2
2026-07-20 04:39:00+00:00,0.6991,0.6991,0.6991,0.6991,1
2026-07-20 04:40:00+00:00,0.6991,0.6991,0.6991,0.6991,5
2026-07-20 04:41:00+00:00,0.6992,0.6992,0.6991,0.6991,2
2026-07-20 04:42:00+00:00,0.6992,0.6992,0.6992,0.6992,1
2026-07-20 04:43:00+00:00,0.6991,0.6992,0.6991,0.6992,3
2026-07-20 04:48:00+00:00,0.6991,0.6991,0.6991,0.6991,8
2026-07-20 04:49:00+00:00,0.6991,0.6991,0.6991,0.6991,1
2026-07-20 04:52:00+00:00,0.6991,0.6992,0.6991,0.6992,5
2026-07-20 04:57:00+00:00,0.699,0.699,0.699,0.699,1
2026-07-20 04:58:00+00:00,0.6989,0.6989,0.6989,0.6989,1
2026-07-20 05:00:00+00:00,0.6989,0.6989,0.6989,0.6989,1
2026-07-20 05:01:00+00:00,0.6989,0.6989,0.6989,0.6989,2
2026-07-20 05:06:00+00:00,0.6987,0.6987,0.6987,0.6987,2
2026-07-20 05:09:00+00:00,0.6986,0.6986,0.6986,0.6986,3
2026-07-20 05:11:00+00:00,0.6986,0.6986,0.6986,0.6986,5
2026-07-20 05:13:00+00:00,0.6985,0.6985,0.6985,0.6985,5
2026-07-20 05:16:00+00:00,0.6986,0.6986,0.6986,0.6986,2
2026-07-20 05:20:00+00:00,0.6986,0.6986,0.6986,0.6986,1
2026-07-20 05:22:00+00:00,0.6986,0.6986,0.6986,0.6986,3
2026-07-20 05:28:00+00:00,0.6986,0.6986,0.6986,0.6986,2
2026-07-20 05:38:00+00:00,0.6985,0.6985,0.6985,0.6985,2
2026-07-20 05:39:00+00:00,0.6985,0.6985,0.6985,0.6985,4
2026-07-20 05:40:00+00:00,0.6985,0.6985,0.6985,0.6985,2
2026-07-20 05:46:00+00:00,0.6984,0.6984,0.6984,0.6984,4
2026-07-20 05:47:00+00:00,0.6985,0.6985,0.6985,0.6985,2
2026-07-20 05:48:00+00:00,0.6972,0.6972,0.6972,0.6972,1
2026-07-20 05:48:00+00:00,0.6985,0.6985,0.6985,0.6985,1
2026-07-20 05:51:00+00:00,0.6984,0.6984,0.6984,0.6984,1
2026-07-20 05:52:00+00:00,0.6985,0.6985,0.6985,0.6985,1
2026-07-20 05:57:00+00:00,0.6985,0.6985,0.6985,0.6985,6
2026-07-20 05:59:00+00:00,0.6983,0.6983,0.6983,0.6983,3
2026-07-20 06:00:00+00:00,0.6984,0.6984,0.6983,0.6983,28
2026-07-20 06:02:00+00:00,0.6983,0.6983,0.6983,0.6983,3
2026-07-20 06:05:00+00:00,0.6983,0.6983,0.6983,0.6983,9
2026-07-20 06:06:00+00:00,0.6983,0.6983,0.6983,0.6983,1
2026-07-20 06:08:00+00:00,0.6983,0.6983,0.6983,0.6983,10
2026-07-20 06:10:00+00:00,0.6981,0.6981,0.698,0.6981,4
2026-07-20 06:11:00+00:00,0.6981,0.6981,0.6981,0.6981,12
2026-07-20 06:13:00+00:00,0.698,0.698,0.698,0.698,1
2026-07-20 06:14:00+00:00,0.698,0.698,0.698,0.698,1
2026-07-20 06:15:00+00:00,0.698,0.698,0.698,0.698,1
2026-07-20 06:16:00+00:00,0.6981,0.6983,0.6981,0.6982,8
2026-07-20 06:17:00+00:00,0.6981,0.6981,0.6981,0.6981,1
2026-07-20 06:21:00+00:00,0.698,0.698,0.698,0.698,4
2026-07-20 06:23:00+00:00,0.6981,0.6981,0.6981,0.6981,5
2026-07-20 06:24:00+00:00,0.6979,0.6979,0.6979,0.6979,6
2026-07-20 06:25:00+00:00,0.6979,0.6979,0.6979,0.6979,1
2026-07-20 06:26:00+00:00,0.6979,0.6979,0.6979,0.6979,1
2026-07-20 06:34:00+00:00,0.698,0.698,0.698,0.698,1
2026-07-20 06:35:00+00:00,0.698,0.698,0.698,0.698,1
2026-07-20 06:42:00+00:00,0.6984,0.6985,0.6984,0.6985,5
2026-07-20 06:46:00+00:00,0.6984,0.6985,0.6984,0.6985,2
2026-07-20 06:47:00+00:00,0.6985,0.6985,0.6985,0.6985,6
2026-07-20 06:50:00+00:00,0.6985,0.6985,0.6985,0.6985,2
2026-07-20 07:00:00+00:00,0.6983,0.6983,0.6983,0.6983,2
2026-07-20 07:10:00+00:00,0.6984,0.6984,0.6984,0.6984,2
2026-07-20 07:14:00+00:00,0.6983,0.6983,0.6983,0.6983,2
2026-07-20 07:17:00+00:00,0.6983,0.6983,0.6983,0.6983,2
2026-07-20 07:20:00+00:00,0.6984,0.6984,0.6984,0.6984,5
2026-07-20 07:22:00+00:00,0.6985,0.6988,0.6985,0.6988,15
2026-07-20 07:23:00+00:00,0.6987,0.6987,0.6987,0.6987,2
2026-07-20 07:26:00+00:00,0.6988,0.6989,0.6988,0.6989,8
2026-07-20 07:27:00+00:00,0.699,0.699,0.6989,0.6989,3
2026-07-20 07:29:00+00:00,0.6989,0.6989,0.6989,0.6989,2
2026-07-20 07:30:00+00:00,0.699,0.6993,0.699,0.6991,25
2026-07-20 07:31:00+00:00,0.6992,0.6992,0.6992,0.6992,6
2026-07-20 07:32:00+00:00,0.6992,0.6992,0.6992,0.6992,1
2026-07-20 07:33:00+00:00,0.6993,0.6995,0.6993,0.6995,33
2026-07-20 07:34:00+00:00,0.6995,0.6998,0.6995,0.6996,27
2026-07-20 07:35:00+00:00,0.6995,0.6995,0.6994,0.6995,6
2026-07-20 07:36:00+00:00,0.6996,0.6996,0.6996,0.6996,7
2026-07-20 07:37:00+00:00,0.6995,0.6995,0.6995,0.6995,2
2026-07-20 07:38:00+00:00,0.6995,0.6997,0.6995,0.6997,8
2026-07-20 07:40:00+00:00,0.6996,0.6996,0.6996,0.6996,24
2026-07-20 07:41:00+00:00,0.6996,0.6996,0.6996,0.6996,23
2026-07-20 07:42:00+00:00,0.6995,0.6996,0.6995,0.6996,9
2026-07-20 07:43:00+00:00,0.6996,0.6996,0.6996,0.6996,1
2026-07-20 07:43:00+00:00,0.6985,0.6985,0.6985,0.6985,2
2026-07-20 07:44:00+00:00,0.6997,0.6997,0.6997,0.6997,13
2026-07-20 07:45:00+00:00,0.6996,0.6997,0.6996,0.6997,6
2026-07-20 07:47:00+00:00,0.6996,0.6996,0.6996,0.6996,1
2026-07-20 07:48:00+00:00,0.6996,0.6996,0.6996,0.6996,1
2026-07-20 07:49:00+00:00,0.6996,0.6996,0.6996,0.6996,1
2026-07-20 07:50:00+00:00,0.6995,0.6995,0.6995,0.6995,1
2026-07-20 07:52:00+00:00,0.6995,0.6995,0.6995,0.6995,2
2026-07-20 07:53:00+00:00,0.6994,0.6994,0.6994,0.6994,2
2026-07-20 07:54:00+00:00,0.6993,0.6993,0.6993,0.6993,2
2026-07-20 07:55:00+00:00,0.6993,0.6993,0.6993,0.6993,1
2026-07-20 07:57:00+00:00,0.6994,0.6994,0.6994,0.6994,3
2026-07-20 07:58:00+00:00,0.6994,0.6994,0.6994,0.6994,1
2026-07-20 08:00:00+00:00,0.6993,0.6993,0.6993,0.6993,1
2026-07-20 08:01:00+00:00,0.6994,0.6995,0.6994,0.6995,7
2026-07-20 08:02:00+00:00,0.6995,0.6996,0.6995,0.6996,5
2026-07-20 08:03:00+00:00,0.6995,0.6995,0.6995,0.6995,1
2026-07-20 08:04:00+00:00,0.6995,0.6995,0.6995,0.6995,4
2026-07-20 08:08:00+00:00,0.6994,0.6994,0.6994,0.6994,1
2026-07-20 08:15:00+00:00,0.6995,0.6995,0.6995,0.6995,2
2026-07-20 08:17:00+00:00,0.6995,0.6995,0.6995,0.6995,1
2026-07-20 08:20:00+00:00,0.6992,0.6992,0.6992,0.6992,1
2026-07-20 08:21:00+00:00,0.6991,0.6991,0.6991,0.6991,1
2026-07-20 08:24:00+00:00,0.6993,0.6993,0.6993,0.6993,1
2026-07-20 08:30:00+00:00,0.6991,0.6991,0.6991,0.6991,2
2026-07-20 08:35:00+00:00,0.6992,0.6992,0.6992,0.6992,5
2026-07-20 08:36:00+00:00,0.6991,0.6991,0.6991,0.6991,1
2026-07-20 08:38:00+00:00,0.6993,0.6993,0.6993,0.6993,4
2026-07-20 08:40:00+00:00,0.6994,0.6994,0.6994,0.6994,1
2026-07-20 08:41:00+00:00,0.6994,0.6994,0.6994,0.6994,5
2026-07-20 08:51:00+00:00,0.6992,0.6992,0.6991,0.6991,2
2026-07-20 08:52:00+00:00,0.6991,0.6991,0.6991,0.6991,1
2026-07-20 08:53:00+00:00,0.6991,0.6991,0.6991,0.6991,1
2026-07-20 09:05:00+00:00,0.6989,0.6989,0.6988,0.6988,2
2026-07-20 09:08:00+00:00,0.699,0.699,0.699,0.699,1
2026-07-20 09:09:00+00:00,0.699,0.699,0.699,0.699,1
2026-07-20 09:22:00+00:00,0.6991,0.6991,0.6991,0.6991,2
2026-07-20 09:24:00+00:00,0.6992,0.6992,0.6992,0.6992,1
2026-07-20 09:27:00+00:00,0.6991,0.6991,0.6991,0.6991,5
2026-07-20 09:30:00+00:00,0.699,0.699,0.699,0.699,1
2026-07-20 09:33:00+00:00,0.6991,0.6991,0.6991,0.6991,5
2026-07-20 09:38:00+00:00,0.6991,0.6992,0.6991,0.6992,2
2026-07-20 09:39:00+00:00,0.6991,0.6991,0.6991,0.6991,1
2026-07-20 09:45:00+00:00,0.6992,0.6992,0.6992,0.6992,1
2026-07-20 09:47:00+00:00,0.6992,0.6992,0.6992,0.6992,1
2026-07-20 09:48:00+00:00,0.6991,0.6991,0.6991,0.6991,1
2026-07-20 09:52:00+00:00,0.6992,0.6992,0.6992,0.6992,1
2026-07-20 09:53:00+00:00,0.6991,0.6991,0.6991,0.6991,4
2026-07-20 09:55:00+00:00,0.6991,0.6991,0.6991,0.6991,1
2026-07-20 09:57:00+00:00,0.699,0.699,0.699,0.699,4
2026-07-20 09:59:00+00:00,0.6991,0.6991,0.6991,0.6991,3
2026-07-20 10:01:00+00:00,0.6991,0.6991,0.6991,0.6991,5
2026-07-20 10:05:00+00:00,0.6992,0.6992,0.6992,0.6992,4
2026-07-20 10:11:00+00:00,0.6995,0.6995,0.6995,0.6995,1
2026-07-20 10:13:00+00:00,0.6995,0.6995,0.6995,0.6995,8
2026-07-20 10:14:00+00:00,0.6995,0.6995,0.6995,0.6995,5
2026-07-20 10:17:00+00:00,0.6996,0.6996,0.6996,0.6996,70
2026-07-20 10:18:00+00:00,0.6996,0.6997,0.6996,0.6997,17
2026-07-20 10:19:00+00:00,0.6997,0.6997,0.6997,0.6997,1
2026-07-20 10:20:00+00:00,0.6998,0.6998,0.6998,0.6998,1
2026-07-20 10:21:00+00:00,0.6997,0.6997,0.6997,0.6997,1
2026-07-20 10:23:00+00:00,0.6998,0.6998,0.6998,0.6998,57
2026-07-20 10:25:00+00:00,0.6999,0.7,0.6999,0.6999,13
2026-07-20 10:26:00+00:00,0.7,0.7,0.7,0.7,1
2026-07-20 10:27:00+00:00,0.7,0.7,0.7,0.7,4
2026-07-20 10:28:00+00:00,0.7,0.7,0.7,0.7,2
2026-07-20 10:29:00+00:00,0.6999,0.6999,0.6999,0.6999,2
2026-07-20 10:33:00+00:00,0.6999,0.6999,0.6999,0.6999,2
2026-07-20 10:35:00+00:00,0.7,0.7,0.7,0.7,14
2026-07-20 10:36:00+00:00,0.7,0.7,0.7,0.7,4
2026-07-20 10:38:00+00:00,0.7,0.7001,0.7,0.7001,6
2026-07-20 10:39:00+00:00,0.7,0.7,0.7,0.7,1
2026-07-20 10:43:00+00:00,0.6999,0.6999,0.6999,0.6999,1
2026-07-20 10:44:00+00:00,0.7,0.7,0.7,0.7,9
2026-07-20 10:48:00+00:00,0.6999,0.6999,0.6999,0.6999,1
2026-07-20 10:56:00+00:00,0.7,0.7,0.7,0.7,7
2026-07-20 10:57:00+00:00,0.6999,0.7,0.6999,0.7,3
2026-07-20 10:58:00+00:00,0.6999,0.6999,0.6999,0.6999,2
2026-07-20 10:59:00+00:00,0.6999,0.6999,0.6999,0.6999,1
2026-07-20 11:00:00+00:00,0.6999,0.7,0.6999,0.7,2
2026-07-20 11:01:00+00:00,0.7,0.7,0.7,0.7,1
2026-07-20 11:04:00+00:00,0.7,0.7,0.7,0.7,6
2026-07-20 11:05:00+00:00,0.7,0.7,0.7,0.7,1
2026-07-20 11:07:00+00:00,0.7,0.7,0.7,0.7,1
2026-07-20 11:11:00+00:00,0.6997,0.6997,0.6997,0.6997,1
2026-07-20 11:13:00+00:00,0.6998,0.6998,0.6998,0.6998,1
2026-07-20 11:17:00+00:00,0.7,0.7,0.7,0.7,2
2026-07-20 11:19:00+00:00,0.7,0.7,0.7,0.7,1
2026-07-20 11:21:00+00:00,0.7,0.7,0.7,0.7,1
2026-07-20 11:30:00+00:00,0.7002,0.7006,0.7002,0.7005,71
2026-07-20 11:30:00+00:00,0.6991,0.6991,0.6991,0.6991,1
2026-07-20 11:31:00+00:00,0.7004,0.7007,0.7004,0.7006,38
2026-07-20 11:32:00+00:00,0.7005,0.7007,0.7005,0.7006,34
2026-07-20 11:33:00+00:00,0.7006,0.7007,0.7006,0.7006,9
2026-07-20 11:34:00+00:00,0.7006,0.7006,0.7006,0.7006,1
2026-07-20 11:35:00+00:00,0.7005,0.7005,0.7005,0.7005,1
2026-07-20 11:36:00+00:00,0.7005,0.7005,0.7004,0.7005,12
2026-07-20 11:37:00+00:00,0.7004,0.7005,0.7004,0.7005,2
2026-07-20 11:39:00+00:00,0.7005,0.7005,0.7005,0.7005,2
2026-07-20 11:41:00+00:00,0.7005,0.7005,0.7004,0.7004,8
2026-07-20 11:44:00+00:00,0.7004,0.7004,0.7004,0.7004,1
2026-07-20 11:46:00+00:00,0.7004,0.7004,0.7004,0.7004,5
2026-07-20 11:47:00+00:00,0.7004,0.7004,0.7004,0.7004,32
2026-07-20 11:48:00+00:00,0.7004,0.7004,0.7004,0.7004,1
2026-07-20 11:49:00+00:00,0.7004,0.7004,0.7004,0.7004,2
2026-07-20 11:50:00+00:00,0.7003,0.7003,0.7003,0.7003,2
2026-07-20 11:51:00+00:00,0.7002,0.7004,0.7002,0.7004,6
2026-07-20 11:55:00+00:00,0.7003,0.7003,0.7003,0.7003,3
2026-07-20 11:56:00+00:00,0.7004,0.7004,0.7004,0.7004,1
2026-07-20 11:58:00+00:00,0.7002,0.7002,0.7002,0.7002,4
2026-07-20 12:00:00+00:00,0.7002,0.7002,0.7001,0.7001,4
2026-07-20 12:01:00+00:00,0.7002,0.7002,0.7002,0.7002,1
2026-07-20 12:02:00+00:00,0.7001,0.7001,0.6996,0.6996,22
2026-07-20 12:03:00+00:00,0.7,0.7001,0.6999,0.7001,7
2026-07-20 12:04:00+00:00,0.7,0.7001,0.6999,0.6999,10
2026-07-20 12:05:00+00:00,0.7,0.7,0.7,0.7,1
2026-07-20 12:06:00+00:00,0.7001,0.7001,0.7001,0.7001,3
2026-07-20 12:11:00+00:00,0.6999,0.6999,0.6999,0.6999,1
2026-07-20 12:15:00+00:00,0.6997,0.6997,0.6997,0.6997,2
2026-07-20 12:16:00+00:00,0.6997,0.6997,0.6997,0.6997,26
2026-07-20 12:17:00+00:00,0.6997,0.6997,0.6997,0.6997,4
2026-07-20 12:20:00+00:00,0.6995,0.6995,0.6994,0.6995,6
2026-07-20 12:21:00+00:00,0.6994,0.6994,0.6994,0.6994,1
2026-07-20 12:22:00+00:00,0.6995,0.6995,0.6994,0.6995,8
2026-07-20 12:23:00+00:00,0.6996,0.6996,0.6995,0.6996,12
2026-07-20 12:27:00+00:00,0.6996,0.6996,0.6996,0.6996,1
2026-07-20 12:30:00+00:00,0.6996,0.6996,0.6996,0.6996,21
2026-07-20 12:31:00+00:00,0.6996,0.6996,0.6996,0.6996,1
2026-07-20 12:34:00+00:00,0.6995,0.6996,0.6995,0.6996,3
2026-07-20 12:35:00+00:00,0.6997,0.6998,0.6997,0.6998,5
2026-07-20 12:38:00+00:00,0.6997,0.6998,0.6997,0.6998,5
2026-07-20 12:40:00+00:00,0.6997,0.6997,0.6997,0.6997,1
2026-07-20 12:42:00+00:00,0.6997,0.6997,0.6997,0.6997,1
2026-07-20 12:44:00+00:00,0.6996,0.6996,0.6994,0.6994,5
2026-07-20 12:47:00+00:00,0.6997,0.6997,0.6997,0.6997,1
2026-07-20 12:48:00+00:00,0.6997,0.6997,0.6997,0.6997,4
2026-07-20 12:49:00+00:00,0.6998,0.6998,0.6998,0.6998,1
2026-07-20 12:51:00+00:00,0.6997,0.6997,0.6997,0.6997,3
2026-07-20 12:52:00+00:00,0.6999,0.6999,0.6999,0.6999,10
2026-07-20 12:54:00+00:00,0.6999,0.6999,0.6998,0.6998,2
2026-07-20 12:55:00+00:00,0.6997,0.6997,0.6997,0.6997,4
2026-07-20 12:56:00+00:00,0.6997,0.6997,0.6997,0.6997,1
2026-07-20 12:57:00+00:00,0.6998,0.6998,0.6998,0.6998,4
2026-07-20 13:00:00+00:00,0.6999,0.6999,0.6999,0.6999,1
2026-07-20 13:03:00+00:00,0.6997,0.6997,0.6997,0.6997,2
2026-07-20 13:06:00+00:00,0.6997,0.6997,0.6996,0.6997,11
2026-07-20 13:06:00+00:00,0.6988,0.6988,0.6988,0.6988,1
2026-07-20 13:09:00+00:00,0.6997,0.6997,0.6997,0.6997,1
2026-07-20 13:10:00+00:00,0.6997,0.6997,0.6996,0.6996,32
2026-07-20 13:12:00+00:00,0.6998,0.6998,0.6998,0.6998,1
2026-07-20 13:14:00+00:00,0.6998,0.6998,0.6998,0.6998,12
2026-07-20 13:18:00+00:00,0.6997,0.6997,0.6997,0.6997,1
2026-07-20 13:19:00+00:00,0.6998,0.6998,0.6998,0.6998,1
2026-07-20 13:20:00+00:00,0.6998,0.6998,0.6998,0.6998,1
2026-07-20 13:22:00+00:00,0.6999,0.6999,0.6999,0.6999,3
2026-07-20 13:25:00+00:00,0.7,0.7,0.7,0.7,21
2026-07-20 13:26:00+00:00,0.7,0.7,0.7,0.7,1
2026-07-20 13:27:00+00:00,0.6999,0.6999,0.6999,0.6999,1
2026-07-20 13:28:00+00:00,0.6999,0.6999,0.6999,0.6999,1
2026-07-20 13:29:00+00:00,0.6999,0.6999,0.6999,0.6999,6
2026-07-20 13:30:00+00:00,0.7,0.7,0.6999,0.7,29
2026-07-20 13:32:00+00:00,0.7,0.7,0.7,0.7,1
2026-07-20 13:34:00+00:00,0.7002,0.7002,0.7001,0.7001,3
2026-07-20 13:35:00+00:00,0.7001,0.7002,0.7001,0.7002,7
2026-07-20 13:36:00+00:00,0.7003,0.7003,0.7003,0.7003,2
2026-07-20 13:37:00+00:00,0.7003,0.7003,0.7003,0.7003,1
2026-07-20 13:38:00+00:00,0.7003,0.7004,0.7002,0.7002,10
2026-07-20 13:39:00+00:00,0.7003,0.7004,0.7003,0.7004,3
2026-07-20 13:40:00+00:00,0.7004,0.7004,0.7004,0.7004,4
2026-07-20 13:41:00+00:00,0.7003,0.7003,0.7003,0.7003,2
2026-07-20 13:45:00+00:00,0.7001,0.7001,0.7001,0.7001,1
2026-07-20 13:47:00+00:00,0.6999,0.7,0.6999,0.7,8
2026-07-20 13:48:00+00:00,0.7,0.7,0.7,0.7,1
2026-07-20 13:49:00+00:00,0.7001,0.7002,0.7001,0.7002,2
2026-07-20 13:51:00+00:00,0.7003,0.7003,0.7003,0.7003,1
2026-07-20 13:52:00+00:00,0.7002,0.7002,0.7002,0.7002,15
2026-07-20 13:53:00+00:00,0.7002,0.7002,0.7002,0.7002,1
2026-07-20 13:56:00+00:00,0.7002,0.7002,0.7002,0.7002,1
2026-07-20 13:57:00+00:00,0.7004,0.7004,0.7004,0.7004,1
2026-07-20 13:58:00+00:00,0.7004,0.7004,0.7004,0.7004,1
2026-07-20 13:59:00+00:00,0.7004,0.7004,0.7004,0.7004,2
2026-07-20 14:00:00+00:00,0.7002,0.7004,0.7002,0.7003,7
2026-07-20 14:01:00+00:00,0.7002,0.7002,0.7002,0.7002,1
2026-07-20 14:02:00+00:00,0.7004,0.7004,0.7004,0.7004,1
2026-07-20 14:03:00+00:00,0.7004,0.7004,0.7004,0.7004,2
2026-07-20 14:04:00+00:00,0.7005,0.7005,0.7004,0.7004,11
2026-07-20 14:06:00+00:00,0.7003,0.7003,0.7003,0.7003,2
2026-07-20 14:10:00+00:00,0.7002,0.7002,0.7001,0.7001,3
2026-07-20 14:11:00+00:00,0.7003,0.7003,0.7003,0.7003,1
2026-07-20 14:13:00+00:00,0.7003,0.7004,0.7003,0.7004,4
2026-07-20 14:15:00+00:00,0.7004,0.7004,0.7004,0.7004,1
2026-07-20 14:16:00+00:00,0.7006,0.7006,0.7006,0.7006,5
2026-07-20 14:18:00+00:00,0.7005,0.7005,0.7005,0.7005,1
2026-07-20 14:20:00+00:00,0.7007,0.7007,0.7006,0.7006,25
2026-07-20 14:20:00+00:00,0.6993,0.6993,0.6993,0.6993,1
2026-07-20 14:21:00+00:00,0.7003,0.7003,0.7003,0.7003,1
2026-07-20 14:22:00+00:00,0.7004,0.7005,0.7004,0.7005,5
2026-07-20 14:26:00+00:00,0.7005,0.7005,0.7005,0.7005,3
2026-07-20 14:29:00+00:00,0.7007,0.7008,0.7006,0.7006,21
2026-07-20 14:31:00+00:00,0.7004,0.7004,0.7004,0.7004,4
2026-07-20 14:34:00+00:00,0.7003,0.7003,0.7003,0.7003,10
2026-07-20 14:37:00+00:00,0.7002,0.7002,0.7002,0.7002,1
2026-07-20 14:40:00+00:00,0.7003,0.7003,0.7002,0.7002,4
2026-07-20 14:45:00+00:00,0.6999,0.7,0.6999,0.7,6
2026-07-20 14:46:00+00:00,0.7001,0.7001,0.7,0.7001,3
2026-07-20 14:48:00+00:00,0.7002,0.7002,0.7002,0.7002,1
2026-07-20 14:51:00+00:00,0.7001,0.7001,0.7001,0.7001,1
2026-07-20 14:52:00+00:00,0.6999,0.6999,0.6998,0.6998,3
2026-07-20 14:54:00+00:00,0.6997,0.6997,0.6997,0.6997,2
2026-07-20 14:55:00+00:00,0.6995,0.6995,0.6995,0.6995,3
2026-07-20 14:56:00+00:00,0.6995,0.6995,0.6995,0.6995,15
2026-07-20 14:57:00+00:00,0.6993,0.6993,0.699,0.6993,58
2026-07-20 14:58:00+00:00,0.6993,0.6993,0.6993,0.6993,1
2026-07-20 15:00:00+00:00,0.6993,0.6993,0.6992,0.6992,13
2026-07-20 15:01:00+00:00,0.6994,0.6994,0.6994,0.6994,2
2026-07-20 15:02:00+00:00,0.6994,0.6994,0.6994,0.6994,2
2026-07-20 15:04:00+00:00,0.6992,0.6992,0.6992,0.6992,2
2026-07-20 15:06:00+00:00,0.6991,0.6991,0.6991,0.6991,2
2026-07-20 15:07:00+00:00,0.6992,0.6992,0.6992,0.6992,3
2026-07-20 15:08:00+00:00,0.6992,0.6994,0.6992,0.6994,29
2026-07-20 15:10:00+00:00,0.6995,0.6995,0.6994,0.6994,7
2026-07-20 15:11:00+00:00,0.6992,0.6992,0.6992,0.6992,1
2026-07-20 15:12:00+00:00,0.6991,0.6991,0.6991,0.6991,1
2026-07-20 15:13:00+00:00,0.6992,0.6992,0.6992,0.6992,1
2026-07-20 15:15:00+00:00,0.6992,0.6992,0.6991,0.6991,3
2026-07-20 15:17:00+00:00,0.6992,0.6993,0.6992,0.6993,2
2026-07-20 15:19:00+00:00,0.6992,0.6992,0.6992,0.6992,1
2026-07-20 15:20:00+00:00,0.6992,0.6992,0.6992,0.6992,1
2026-07-20 15:23:00+00:00,0.6993,0.6993,0.6993,0.6993,1
2026-07-20 15:27:00+00:00,0.6996,0.6996,0.6994,0.6994,3
2026-07-20 15:28:00+00:00,0.6996,0.6996,0.6996,0.6996,1
2026-07-20 15:29:00+00:00,0.6996,0.6996,0.6996,0.6996,1
2026-07-20 15:32:00+00:00,0.6995,0.6995,0.6995,0.6995,3
2026-07-20 15:33:00+00:00,0.6995,0.6995,0.6994,0.6994,2
2026-07-20 15:35:00+00:00,0.6994,0.6996,0.6994,0.6996,2
2026-07-20 15:40:00+00:00,0.6993,0.6993,0.6993,0.6993,2
2026-07-20 15:45:00+00:00,0.6993,0.6993,0.6993,0.6993,3
2026-07-20 15:49:00+00:00,0.6993,0.6995,0.6993,0.6995,12
2026-07-20 15:50:00+00:00,0.6994,0.6994,0.6994,0.6994,1
2026-07-20 15:51:00+00:00,0.6995,0.6995,0.6995,0.6995,1
2026-07-20 15:55:00+00:00,0.6995,0.6995,0.6995,0.6995,1
2026-07-20 15:56:00+00:00,0.6996,0.6996,0.6996,0.6996,1
2026-07-20 15:59:00+00:00,0.6995,0.6995,0.6995,0.6995,4
2026-07-20 16:11:00+00:00,0.7,0.7,0.7,0.7,4
2026-07-20 16:12:00+00:00,0.7,0.7,0.7,0.7,2
2026-07-20 16:13:00+00:00,0.7,0.7,0.7,0.7,1
2026-07-20 16:14:00+00:00,0.7,0.7,0.7,0.7,3
2026-07-20 16:18:00+00:00,0.7,0.7,0.7,0.7,1
2026-07-20 16:19:00+00:00,0.7001,0.7001,0.7001,0.7001,2
2026-07-20 16:20:00+00:00,0.7001,0.7001,0.7001,0.7001,1
2026-07-20 16:22:00+00:00,0.6999,0.6999,0.6999,0.6999,1
2026-07-20 16:27:00+00:00,0.6997,0.6997,0.6997,0.6997,2
2026-07-20 16:31:00+00:00,0.6998,0.6998,0.6998,0.6998,1
2026-07-20 16:36:00+00:00,0.6997,0.6997,0.6997,0.6997,1
2026-07-20 16:38:00+00:00,0.6998,0.6998,0.6998,0.6998,1
2026-07-20 16:39:00+00:00,0.6998,0.6998,0.6998,0.6998,1
2026-07-20 16:41:00+00:00,0.6997,0.6997,0.6992,0.6995,92
2026-07-20 16:46:00+00:00,0.6995,0.6995,0.6995,0.6995,5
2026-07-20 16:50:00+00:00,0.6995,0.6995,0.6995,0.6995,4
2026-07-20 16:52:00+00:00,0.6995,0.6995,0.6995,0.6995,5
2026-07-20 16:54:00+00:00,0.6996,0.6997,0.6996,0.6997,5
2026-07-20 16:56:00+00:00,0.6997,0.6997,0.6997,0.6997,1
2026-07-20 17:01:00+00:00,0.6997,0.6997,0.6997,0.6997,2
2026-07-20 17:02:00+00:00,0.6996,0.6996,0.6996,0.6996,1
2026-07-20 17:07:00+00:00,0.6996,0.6997,0.6996,0.6997,7
2026-07-20 17:12:00+00:00,0.6996,0.6996,0.6996,0.6996,1
2026-07-20 17:15:00+00:00,0.6995,0.6995,0.6994,0.6994,2
2026-07-20 17:19:00+00:00,0.6996,0.6996,0.6996,0.6996,2
2026-07-20 17:32:00+00:00,0.6997,0.6997,0.6997,0.6997,4
2026-07-20 17:35:00+00:00,0.6997,0.6997,0.6997,0.6997,5
2026-07-20 17:36:00+00:00,0.6997,0.6997,0.6997,0.6997,6
2026-07-20 17:39:00+00:00,0.6996,0.6996,0.6996,0.6996,1
2026-07-20 17:43:00+00:00,0.6995,0.6995,0.6995,0.6995,6
2026-07-20 17:46:00+00:00,0.6996,0.6996,0.6996,0.6996,3
2026-07-20 17:56:00+00:00,0.6997,0.6997,0.6997,0.6997,1
2026-07-20 17:58:00+00:00,0.6996,0.6996,0.6996,0.6996,1
2026-07-20 18:04:00+00:00,0.6998,0.6998,0.6998,0.6998,1
2026-07-20 18:05:00+00:00,0.6998,0.6998,0.6998,0.6998,1
2026-07-20 18:19:00+00:00,0.6999,0.6999,0.6999,0.6999,4
2026-07-20 18:20:00+00:00,0.6999,0.6999,0.6999,0.6999,1
2026-07-20 18:21:00+00:00,0.6998,0.6999,0.6998,0.6999,23
2026-07-20 18:25:00+00:00,0.6997,0.6997,0.6997,0.6997,4
2026-07-20 18:45:00+00:00,0.6993,0.6994,0.6992,0.6994,9
2026-07-20 18:49:00+00:00,0.6994,0.6994,0.6994,0.6994,1
2026-07-20 19:00:00+00:00,0.6995,0.6995,0.6995,0.6995,1
2026-07-20 19:02:00+00:00,0.6996,0.6996,0.6996,0.6996,1
2026-07-20 19:04:00+00:00,0.6994,0.6994,0.6994,0.6994,1
2026-07-20 19:10:00+00:00,0.6994,0.6994,0.6994,0.6994,1
2026-07-20 19:11:00+00:00,0.6994,0.6994,0.6994,0.6994,2
2026-07-20 19:13:00+00:00,0.6992,0.6992,0.6992,0.6992,2
2026-07-20 19:18:00+00:00,0.6991,0.6991,0.6991,0.6991,1
2026-07-20 19:19:00+00:00,0.6991,0.6991,0.6991,0.6991,1
2026-07-20 19:27:00+00:00,0.6992,0.6992,0.6992,0.6992,1
2026-07-20 19:28:00+00:00,0.6993,0.6993,0.6993,0.6993,1
2026-07-20 19:29:00+00:00,0.6993,0.6994,0.6993,0.6994,51
2026-07-20 19:30:00+00:00,0.6994,0.6994,0.6994,0.6994,4
2026-07-20 19:32:00+00:00,0.6995,0.6995,0.6995,0.6995,1
2026-07-20 19:34:00+00:00,0.6994,0.6994,0.6994,0.6994,16
2026-07-20 19:35:00+00:00,0.6993,0.6993,0.6993,0.6993,1
2026-07-20 19:38:00+00:00,0.6994,0.6994,0.6994,0.6994,10
2026-07-20 19:42:00+00:00,0.6994,0.6994,0.6993,0.6993,7
2026-07-20 19:46:00+00:00,0.6993,0.6993,0.6993,0.6993,4
2026-07-20 19:50:00+00:00,0.6993,0.6993,0.6993,0.6993,1
2026-07-20 19:51:00+00:00,0.6995,0.6995,0.6995,0.6995,1
2026-07-20 19:52:00+00:00,0.6994,0.6994,0.6994,0.6994,1
2026-07-20 20:00:00+00:00,0.6993,0.6993,0.6993,0.6993,5
2026-07-20 20:02:00+00:00,0.6982,0.6982,0.6982,0.6982,11
2026-07-20 20:05:00+00:00,0.6992,0.6992,0.6992,0.6992,1
2026-07-20 20:06:00+00:00,0.6992,0.6992,0.6992,0.6992,4
2026-07-20 20:07:00+00:00,0.698,0.698,0.698,0.698,1
2026-07-20 20:07:00+00:00,0.6991,0.6991,0.6991,0.6991,1
2026-07-20 20:09:00+00:00,0.699,0.699,0.699,0.699,12
2026-07-20 20:10:00+00:00,0.6989,0.6989,0.6989,0.6989,8
2026-07-20 20:11:00+00:00,0.6991,0.6991,0.6991,0.6991,5
2026-07-20 20:12:00+00:00,0.699,0.699,0.699,0.699,4
2026-07-20 20:13:00+00:00,0.699,0.699,0.699,0.699,1
2026-07-20 20:16:00+00:00,0.699,0.699,0.699,0.699,1
2026-07-20 20:24:00+00:00,0.6991,0.6991,0.6991,0.6991,1
2026-07-20 20:31:00+00:00,0.6991,0.6991,0.6991,0.6991,1
2026-07-20 20:34:00+00:00,0.699,0.699,0.699,0.699,1
2026-07-20 20:35:00+00:00,0.6991,0.6991,0.6991,0.6991,1
2026-07-20 20:36:00+00:00,0.6991,0.6991,0.6991,0.6991,2
2026-07-20 20:37:00+00:00,0.699,0.699,0.699,0.699,1
2026-07-20 20:39:00+00:00,0.699,0.699,0.699,0.699,1
2026-07-20 20:45:00+00:00,0.699,0.6991,0.699,0.6991,20
2026-07-20 20:47:00+00:00,0.699,0.699,0.699,0.699,9
2026-07-20 20:49:00+00:00,0.6991,0.6991,0.6991,0.6991,2
2026-07-20 20:50:00+00:00,0.6991,0.6991,0.6991,0.6991,1
2026-07-20 20:55:00+00:00,0.699,0.699,0.699,0.699,3
2026-07-20 20:57:00+00:00,0.6992,0.6992,0.6992,0.6992,2
2026-07-20 20:59:00+00:00,0.6993,0.6993,0.6993,0.6993,2
2026-07-20 22:00:00+00:00,0.6995,0.6995,0.699,0.6991,111
2026-07-20 22:01:00+00:00,0.699,0.699,0.699,0.699,1
2026-07-20 22:02:00+00:00,0.6989,0.6989,0.6989,0.6989,4
2026-07-20 22:03:00+00:00,0.6989,0.6989,0.6989,0.6989,3
2026-07-20 22:04:00+00:00,0.6989,0.6989,0.6989,0.6989,14
2026-07-20 22:05:00+00:00,0.6988,0.6988,0.6986,0.6986,39
2026-07-20 22:07:00+00:00,0.6988,0.6988,0.6988,0.6988,4
2026-07-20 22:08:00+00:00,0.6988,0.6988,0.6988,0.6988,4
2026-07-20 22:10:00+00:00,0.6988,0.6988,0.6987,0.6987,34
2026-07-20 22:11:00+00:00,0.6988,0.6988,0.6988,0.6988,4
2026-07-20 22:15:00+00:00,0.6987,0.6987,0.6987,0.6987,1
2026-07-20 22:17:00+00:00,0.6987,0.6987,0.6987,0.6987,3
2026-07-20 22:18:00+00:00,0.6987,0.6987,0.6987,0.6987,1
2026-07-20 22:21:00+00:00,0.6987,0.6987,0.6987,0.6987,5
2026-07-20 22:23:00+00:00,0.6988,0.6988,0.6988,0.6988,1
2026-07-20 22:26:00+00:00,0.6987,0.6987,0.6987,0.6987,2
2026-07-20 22:27:00+00:00,0.6987,0.6987,0.6987,0.6987,4
2026-07-20 22:29:00+00:00,0.6987,0.6987,0.6987,0.6987,4
2026-07-20 22:30:00+00:00,0.6987,0.6987,0.6987,0.6987,10
2026-07-20 22:33:00+00:00,0.6987,0.6987,0.6987,0.6987,1
2026-07-20 22:38:00+00:00,0.6987,0.6987,0.6987,0.6987,8
2026-07-20 22:39:00+00:00,0.6987,0.6987,0.6987,0.6987,4
2026-07-20 22:40:00+00:00,0.6987,0.6987,0.6987,0.6987,9
2026-07-20 22:43:00+00:00,0.6987,0.6987,0.6987,0.6987,2
2026-07-20 22:45:00+00:00,0.6988,0.6988,0.6988,0.6988,33
2026-07-20 22:46:00+00:00,0.6987,0.6987,0.6987,0.6987,10
2026-07-20 22:48:00+00:00,0.6987,0.6987,0.6987,0.6987,7
2026-07-20 22:49:00+00:00,0.6986,0.6986,0.6986,0.6986,2
2026-07-20 22:50:00+00:00,0.6986,0.6986,0.6986,0.6986,4
2026-07-20 22:51:00+00:00,0.6986,0.6986,0.6986,0.6986,3
2026-07-20 22:52:00+00:00,0.6987,0.6987,0.6987,0.6987,8
2026-07-20 22:53:00+00:00,0.6987,0.6987,0.6987,0.6987,10
2026-07-20 22:56:00+00:00,0.6988,0.6988,0.6988,0.6988,1
2026-07-20 22:59:00+00:00,0.6988,0.6988,0.6988,0.6988,4
2026-07-20 23:03:00+00:00,0.6989,0.6989,0.6989,0.6989,1
2026-07-20 23:04:00+00:00,0.6989,0.699,0.6989,0.699,6
2026-07-20 23:06:00+00:00,0.699,0.699,0.699,0.699,14
2026-07-20 23:09:00+00:00,0.6991,0.6991,0.6991,0.6991,1
2026-07-20 23:11:00+00:00,0.6991,0.6991,0.699,0.699,15
2026-07-20 23:15:00+00:00,0.699,0.699,0.699,0.699,1
2026-07-20 23:19:00+00:00,0.6992,0.6992,0.6992,0.6992,4
2026-07-20 23:20:00+00:00,0.6992,0.6992,0.6992,0.6992,5
2026-07-20 23:26:00+00:00,0.699,0.699,0.699,0.699,1
2026-07-20 23:35:00+00:00,0.6992,0.6992,0.6992,0.6992,2
2026-07-20 23:36:00+00:00,0.6992,0.6992,0.6992,0.6992,3
2026-07-20 23:37:00+00:00,0.6992,0.6992,0.6992,0.6992,2
2026-07-20 23:46:00+00:00,0.6992,0.6992,0.6992,0.6992,6
2026-07-20 23:47:00+00:00,0.6992,0.6992,0.6992,0.6992,5
2026-07-20 23:50:00+00:00,0.6991,0.6991,0.6991,0.6991,2
2026-07-20 23:52:00+00:00,0.6992,0.6992,0.6992,0.6992,13
2026-07-20 23:53:00+00:00,0.6992,0.6992,0.6992,0.6992,5
2026-07-20 23:55:00+00:00,0.6993,0.6993,0.6993,0.6993,9
2026-07-20 23:57:00+00:00,0.6993,0.6993,0.6993,0.6993,1
2026-07-21 00:00:00+00:00,0.6993,0.6994,0.6993,0.6994,3
2026-07-21 00:03:00+00:00,0.6992,0.6992,0.6992,0.6992,1
2026-07-21 00:05:00+00:00,0.6991,0.6991,0.6991,0.6991,1
2026-07-21 00:06:00+00:00,0.6991,0.6992,0.6991,0.6992,14
2026-07-21 00:07:00+00:00,0.6991,0.6991,0.6991,0.6991,3
2026-07-21 00:10:00+00:00,0.6989,0.6991,0.6989,0.6991,5
2026-07-21 00:13:00+00:00,0.6992,0.6992,0.6992,0.6992,1
2026-07-21 00:19:00+00:00,0.6992,0.6992,0.6992,0.6992,1
2026-07-21 00:22:00+00:00,0.6991,0.6991,0.6991,0.6991,1
2026-07-21 00:25:00+00:00,0.6992,0.6992,0.6992,0.6992,11
2026-07-21 00:30:00+00:00,0.6993,0.6993,0.6993,0.6993,5
2026-07-21 00:32:00+00:00,0.6993,0.6993,0.6993,0.6993,1
2026-07-21 00:35:00+00:00,0.6994,0.6994,0.6994,0.6994,2
2026-07-21 00:37:00+00:00,0.6994,0.6994,0.6994,0.6994,5
2026-07-21 00:38:00+00:00,0.6995,0.6995,0.6994,0.6994,4
2026-07-21 00:41:00+00:00,0.6994,0.6994,0.6994,0.6994,1
2026-07-21 00:43:00+00:00,0.6996,0.6996,0.6996,0.6996,5
2026-07-21 00:45:00+00:00,0.6997,0.6997,0.6996,0.6996,4
2026-07-21 00:46:00+00:00,0.6996,0.6996,0.6996,0.6996,2
2026-07-21 00:47:00+00:00,0.6997,0.6997,0.6997,0.6997,1
2026-07-21 00:49:00+00:00,0.6998,0.6998,0.6998,0.6998,9
2026-07-21 00:50:00+00:00,0.6998,0.6998,0.6998,0.6998,5
2026-07-21 00:53:00+00:00,0.6998,0.6998,0.6998,0.6998,1
2026-07-21 00:57:00+00:00,0.6997,0.6997,0.6997,0.6997,1
2026-07-21 00:59:00+00:00,0.6996,0.6996,0.6995,0.6995,2
2026-07-21 01:00:00+00:00,0.6995,0.6995,0.6994,0.6994,9
2026-07-21 01:02:00+00:00,0.6994,0.6995,0.6994,0.6995,12
2026-07-21 01:04:00+00:00,0.6995,0.6995,0.6995,0.6995,1
2026-07-21 01:05:00+00:00,0.6996,0.6997,0.6996,0.6997,17
2026-07-21 01:08:00+00:00,0.6998,0.6998,0.6998,0.6998,2
2026-07-21 01:09:00+00:00,0.6999,0.6999,0.6999,0.6999,1
2026-07-21 01:10:00+00:00,0.6999,0.6999,0.6999,0.6999,1
2026-07-21 01:11:00+00:00,0.6999,0.6999,0.6999,0.6999,1
2026-07-21 01:12:00+00:00,0.6999,0.6999,0.6998,0.6998,2
2026-07-21 01:15:00+00:00,0.6998,0.6998,0.6998,0.6998,1
2026-07-21 01:16:00+00:00,0.6998,0.6998,0.6998,0.6998,1
2026-07-21 01:17:00+00:00,0.6999,0.6999,0.6999,0.6999,4
2026-07-21 01:18:00+00:00,0.6997,0.6997,0.6997,0.6997,1
2026-07-21 01:19:00+00:00,0.6999,0.6999,0.6999,0.6999,6
2026-07-21 01:20:00+00:00,0.6999,0.6999,0.6999,0.6999,1
2026-07-21 01:21:00+00:00,0.6999,0.6999,0.6999,0.6999,1
2026-07-21 01:24:00+00:00,0.6998,0.6998,0.6998,0.6998,1
2026-07-21 01:28:00+00:00,0.6997,0.6997,0.6997,0.6997,5
2026-07-21 01:29:00+00:00,0.6999,0.6999,0.6999,0.6999,8
2026-07-21 01:30:00+00:00,0.7,0.7,0.6998,0.6998,10
2026-07-21 01:34:00+00:00,0.6999,0.6999,0.6998,0.6999,6
2026-07-21 01:35:00+00:00,0.6999,0.6999,0.6998,0.6998,4
2026-07-21 01:36:00+00:00,0.6999,0.6999,0.6999,0.6999,1
2026-07-21 01:37:00+00:00,0.6999,0.6999,0.6999,0.6999,1
2026-07-21 01:38:00+00:00,0.6998,0.6998,0.6998,0.6998,4
2026-07-21 01:41:00+00:00,0.6999,0.6999,0.6999,0.6999,2
2026-07-21 01:42:00+00:00,0.7,0.7,0.7,0.7,1
2026-07-21 01:44:00+00:00,0.7,0.7,0.6999,0.6999,5
2026-07-21 01:46:00+00:00,0.6999,0.6999,0.6999,0.6999,1
2026-07-21 01:47:00+00:00,0.6999,0.6999,0.6999,0.6999,1
2026-07-21 01:53:00+00:00,0.6999,0.6999,0.6999,0.6999,3
2026-07-21 01:54:00+00:00,0.6999,0.6999,0.6999,0.6999,4
2026-07-21 01:57:00+00:00,0.6998,0.6998,0.6998,0.6998,1
2026-07-21 01:58:00+00:00,0.6997,0.6997,0.6997,0.6997,5
2026-07-21 02:01:00+00:00,0.6999,0.6999,0.6998,0.6998,6
2026-07-21 02:02:00+00:00,0.6999,0.6999,0.6999,0.6999,1
2026-07-21 02:03:00+00:00,0.7,0.7,0.7,0.7,1
2026-07-21 02:05:00+00:00,0.7001,0.7001,0.7001,0.7001,1
2026-07-21 02:06:00+00:00,0.7002,0.7003,0.7002,0.7003,6
2026-07-21 02:10:00+00:00,0.7001,0.7001,0.7001,0.7001,1
2026-07-21 02:11:00+00:00,0.7002,0.7002,0.7002,0.7002,2
2026-07-21 02:13:00+00:00,0.7002,0.7002,0.7002,0.7002,5
2026-07-21 02:16:00+00:00,0.7001,0.7001,0.7001,0.7001,4
2026-07-21 02:20:00+00:00,0.7,0.7,0.7,0.7,18
2026-07-21 02:22:00+00:00,0.7002,0.7002,0.7002,0.7002,1
2026-07-21 02:24:00+00:00,0.7002,0.7002,0.7002,0.7002,1
2026-07-21 02:25:00+00:00,0.7002,0.7002,0.7002,0.7002,8
2026-07-21 02:28:00+00:00,0.6988,0.6988,0.6988,0.6988,1
2026-07-21 02:29:00+00:00,0.6999,0.6999,0.6998,0.6998,54
2026-07-21 02:31:00+00:00,0.6999,0.6999,0.6999,0.6999,27
2026-07-21 02:33:00+00:00,0.7,0.7,0.7,0.7,6
2026-07-21 02:36:00+00:00,0.7001,0.7002,0.7001,0.7002,5
2026-07-21 02:37:00+00:00,0.7001,0.7001,0.7001,0.7001,1
2026-07-21 02:46:00+00:00,0.7,0.7,0.7,0.7,1
2026-07-21 02:48:00+00:00,0.7001,0.7001,0.7001,0.7001,10
2026-07-21 02:50:00+00:00,0.7001,0.7001,0.7001,0.7001,5
2026-07-21 02:52:00+00:00,0.7,0.7,0.7,0.7,6
2026-07-21 02:53:00+00:00,0.6999,0.6999,0.6999,0.6999,1
2026-07-21 02:54:00+00:00,0.6999,0.6999,0.6999,0.6999,18
2026-07-21 02:55:00+00:00,0.6999,0.6999,0.6999,0.6999,1
2026-07-21 02:56:00+00:00,0.7,0.7,0.7,0.7,2
2026-07-21 03:00:00+00:00,0.7,0.7,0.7,0.7,2
2026-07-21 03:01:00+00:00,0.7,0.7,0.7,0.7,1
2026-07-21 03:05:00+00:00,0.6998,0.6998,0.6998,0.6998,4
2026-07-21 03:06:00+00:00,0.6997,0.6997,0.6997,0.6997,1
2026-07-21 03:07:00+00:00,0.6997,0.6997,0.6997,0.6997,1
2026-07-21 03:08:00+00:00,0.6997,0.6997,0.6997,0.6997,2
2026-07-21 03:11:00+00:00,0.6998,0.6998,0.6998,0.6998,1
2026-07-21 03:14:00+00:00,0.6998,0.6998,0.6998,0.6998,3
2026-07-21 03:15:00+00:00,0.6997,0.6997,0.6997,0.6997,1
2026-07-21 03:16:00+00:00,0.6999,0.6999,0.6999,0.6999,6
2026-07-21 03:20:00+00:00,0.6999,0.6999,0.6999,0.6999,4
2026-07-21 03:21:00+00:00,0.6998,0.6998,0.6998,0.6998,1
2026-07-21 03:23:00+00:00,0.6998,0.6998,0.6998,0.6998,1
2026-07-21 03:26:00+00:00,0.6998,0.6998,0.6998,0.6998,1
2026-07-21 03:27:00+00:00,0.6999,0.6999,0.6999,0.6999,4
2026-07-21 03:28:00+00:00,0.6997,0.6997,0.6997,0.6997,1
2026-07-21 03:32:00+00:00,0.6999,0.6999,0.6999,0.6999,1
2026-07-21 03:41:00+00:00,0.6999,0.7,0.6999,0.7,2
2026-07-21 03:43:00+00:00,0.7,0.7,0.7,0.7,1
2026-07-21 03:44:00+00:00,0.6997,0.6998,0.6997,0.6998,3
2026-07-21 03:45:00+00:00,0.6998,0.6998,0.6997,0.6997,2
2026-07-21 03:47:00+00:00,0.6998,0.6998,0.6998,0.6998,1
2026-07-21 03:58:00+00:00,0.6997,0.6997,0.6997,0.6997,2
2026-07-21 04:00:00+00:00,0.6998,0.6998,0.6998,0.6998,5
2026-07-21 04:04:00+00:00,0.6998,0.6998,0.6998,0.6998,3
2026-07-21 04:12:00+00:00,0.6999,0.6999,0.6999,0.6999,2
2026-07-21 04:14:00+00:00,0.7,0.7,0.7,0.7,1
2026-07-21 04:23:00+00:00,0.6998,0.6998,0.6998,0.6998,1
2026-07-21 04:27:00+00:00,0.6997,0.6997,0.6997,0.6997,1
2026-07-21 04:29:00+00:00,0.6998,0.6998,0.6998,0.6998,5
2026-07-21 04:33:00+00:00,0.6998,0.6998,0.6998,0.6998,6
2026-07-21 04:37:00+00:00,0.6999,0.6999,0.6999,0.6999,1
2026-07-21 04:39:00+00:00,0.7,0.7,0.7,0.7,1
2026-07-21 04:42:00+00:00,0.7,0.7,0.7,0.7,1
2026-07-21 04:46:00+00:00,0.7,0.7,0.7,0.7,1
2026-07-21 04:47:00+00:00,0.6999,0.6999,0.6999,0.6999,2
2026-07-21 04:53:00+00:00,0.6999,0.6999,0.6999,0.6999,3
2026-07-21 04:54:00+00:00,0.6999,0.6999,0.6999,0.6999,1
2026-07-21 04:55:00+00:00,0.6999,0.6999,0.6999,0.6999,1
2026-07-21 05:02:00+00:00,0.7001,0.7002,0.7001,0.7002,3
2026-07-21 05:04:00+00:00,0.7001,0.7001,0.7001,0.7001,1
2026-07-21 05:08:00+00:00,0.7,0.7,0.7,0.7,4
2026-07-21 05:09:00+00:00,0.7002,0.7002,0.7002,0.7002,1
2026-07-21 05:10:00+00:00,0.7002,0.7002,0.7002,0.7002,6
2026-07-21 05:13:00+00:00,0.7,0.7,0.7,0.7,1
2026-07-21 05:19:00+00:00,0.7,0.7,0.7,0.7,101
2026-07-21 05:20:00+00:00,0.7,0.7,0.7,0.7,13
2026-07-21 05:24:00+00:00,0.7001,0.7001,0.7001,0.7001,1
2026-07-21 05:26:00+00:00,0.7001,0.7001,0.7001,0.7001,1
2026-07-21 05:30:00+00:00,0.7002,0.7002,0.7002,0.7002,3
2026-07-21 05:33:00+00:00,0.7002,0.7002,0.7002,0.7002,1
2026-07-21 05:35:00+00:00,0.7002,0.7002,0.7002,0.7002,3
2026-07-21 05:43:00+00:00,0.7003,0.7004,0.7003,0.7004,5
2026-07-21 05:44:00+00:00,0.7003,0.7003,0.7003,0.7003,2
2026-07-21 05:48:00+00:00,0.7003,0.7003,0.7003,0.7003,1
2026-07-21 05:50:00+00:00,0.7002,0.7002,0.7002,0.7002,2
2026-07-21 06:00:00+00:00,0.7002,0.7003,0.7002,0.7003,16
2026-07-21 06:02:00+00:00,0.7003,0.7003,0.7003,0.7003,1
2026-07-21 06:03:00+00:00,0.7004,0.7004,0.7004,0.7004,2
2026-07-21 06:08:00+00:00,0.7004,0.7004,0.7004,0.7004,1
2026-07-21 06:14:00+00:00,0.7003,0.7003,0.7003,0.7003,1
2026-07-21 06:21:00+00:00,0.7002,0.7002,0.7002,0.7002,1
2026-07-21 06:23:00+00:00,0.7005,0.7006,0.7005,0.7006,12
2026-07-21 06:24:00+00:00,0.7006,0.7006,0.7005,0.7006,4
2026-07-21 06:25:00+00:00,0.7006,0.7006,0.7006,0.7006,1
2026-07-21 06:26:00+00:00,0.7005,0.7005,0.7005,0.7005,1
2026-07-21 06:27:00+00:00,0.7004,0.7004,0.7003,0.7003,30
2026-07-21 06:30:00+00:00,0.7005,0.7005,0.7005,0.7005,2
2026-07-21 06:32:00+00:00,0.7006,0.7006,0.7006,0.7006,2
2026-07-21 06:35:00+00:00,0.7007,0.7007,0.7007,0.7007,7
2026-07-21 06:36:00+00:00,0.7007,0.7007,0.7007,0.7007,5
2026-07-21 06:37:00+00:00,0.7008,0.7008,0.7008,0.7008,1
2026-07-21 06:39:00+00:00,0.7004,0.7004,0.7004,0.7004,3
2026-07-21 06:41:00+00:00,0.7005,0.7005,0.7005,0.7005,1
2026-07-21 06:42:00+00:00,0.7006,0.7006,0.7006,0.7006,1
2026-07-21 06:48:00+00:00,0.7007,0.7008,0.7007,0.7008,5
2026-07-21 06:49:00+00:00,0.7009,0.7009,0.7008,0.7008,7
2026-07-21 06:51:00+00:00,0.7008,0.7008,0.7008,0.7008,3
2026-07-21 06:54:00+00:00,0.7009,0.7009,0.7009,0.7009,3
2026-07-21 06:55:00+00:00,0.701,0.701,0.701,0.701,130
2026-07-21 06:57:00+00:00,0.7011,0.7012,0.7011,0.7012,38
2026-07-21 07:00:00+00:00,0.7011,0.7011,0.701,0.701,4
2026-07-21 07:01:00+00:00,0.7011,0.7011,0.7011,0.7011,4
2026-07-21 07:02:00+00:00,0.7012,0.7012,0.7012,0.7012,1
2026-07-21 07:03:00+00:00,0.7013,0.7013,0.7013,0.7013,1
2026-07-21 07:04:00+00:00,0.7014,0.7014,0.7014,0.7014,19
2026-07-21 07:05:00+00:00,0.7014,0.7014,0.7014,0.7014,3
2026-07-21 07:06:00+00:00,0.7014,0.7014,0.7014,0.7014,1
2026-07-21 07:08:00+00:00,0.7015,0.7016,0.7015,0.7015,55
2026-07-21 07:09:00+00:00,0.7015,0.7015,0.7014,0.7014,3
2026-07-21 07:10:00+00:00,0.7013,0.7013,0.7013,0.7013,1
2026-07-21 07:11:00+00:00,0.7013,0.7013,0.7013,0.7013,2
2026-07-21 07:13:00+00:00,0.7012,0.7012,0.7012,0.7012,6
2026-07-21 07:17:00+00:00,0.7012,0.7012,0.7012,0.7012,1
2026-07-21 07:20:00+00:00,0.7013,0.7013,0.7013,0.7013,3
2026-07-21 07:22:00+00:00,0.7013,0.7013,0.7013,0.7013,7
2026-07-21 07:23:00+00:00,0.7013,0.7013,0.7013,0.7013,3
2026-07-21 07:25:00+00:00,0.7012,0.7012,0.7012,0.7012,1
2026-07-21 07:26:00+00:00,0.7011,0.7011,0.701,0.7011,5
2026-07-21 07:27:00+00:00,0.7011,0.7011,0.7011,0.7011,7
2026-07-21 07:28:00+00:00,0.7011,0.7011,0.7011,0.7011,2
2026-07-21 07:31:00+00:00,0.7009,0.7009,0.7008,0.7009,9
2026-07-21 07:33:00+00:00,0.7012,0.7012,0.7012,0.7012,1
2026-07-21 07:34:00+00:00,0.7013,0.7013,0.7013,0.7013,20
2026-07-21 07:36:00+00:00,0.7012,0.7012,0.7012,0.7012,2
2026-07-21 07:42:00+00:00,0.7004,0.7004,0.7004,0.7004,1
2026-07-21 07:42:00+00:00,0.7012,0.7012,0.7012,0.7012,1
2026-07-21 07:43:00+00:00,0.7011,0.7011,0.7011,0.7011,1
2026-07-21 07:46:00+00:00,0.7011,0.7011,0.7011,0.7011,2
2026-07-21 07:47:00+00:00,0.7011,0.7011,0.7011,0.7011,2
2026-07-21 07:51:00+00:00,0.7011,0.7011,0.7011,0.7011,1
2026-07-21 07:57:00+00:00,0.6999,0.6999,0.6999,0.6999,1
2026-07-21 07:57:00+00:00,0.7012,0.7012,0.7012,0.7012,7
2026-07-21 07:59:00+00:00,0.7012,0.7012,0.7012,0.7012,1
2026-07-21 08:00:00+00:00,0.7012,0.7012,0.7012,0.7012,7
2026-07-21 08:07:00+00:00,0.7013,0.7013,0.7013,0.7013,2
2026-07-21 08:08:00+00:00,0.7013,0.7013,0.7013,0.7013,5
2026-07-21 08:12:00+00:00,0.7013,0.7013,0.7013,0.7013,1
2026-07-21 08:16:00+00:00,0.7013,0.7014,0.7013,0.7014,19
2026-07-21 08:17:00+00:00,0.7015,0.7015,0.7015,0.7015,1
2026-07-21 08:18:00+00:00,0.7015,0.7015,0.7015,0.7015,1
2026-07-21 08:19:00+00:00,0.7015,0.7016,0.7015,0.7016,7
2026-07-21 08:21:00+00:00,0.7014,0.7016,0.7014,0.7016,9
2026-07-21 08:24:00+00:00,0.7015,0.7015,0.7015,0.7015,2
2026-07-21 08:25:00+00:00,0.7015,0.7015,0.7015,0.7015,2
2026-07-21 08:26:00+00:00,0.7015,0.7015,0.7015,0.7015,5
2026-07-21 08:28:00+00:00,0.7015,0.7015,0.7015,0.7015,1
2026-07-21 08:29:00+00:00,0.7014,0.7014,0.7014,0.7014,3
2026-07-21 08:30:00+00:00,0.7013,0.7013,0.7013,0.7013,6
2026-07-21 08:31:00+00:00,0.7013,0.7013,0.7013,0.7013,2
2026-07-21 08:32:00+00:00,0.7013,0.7013,0.7013,0.7013,1
2026-07-21 08:33:00+00:00,0.7013,0.7013,0.7013,0.7013,2
2026-07-21 08:34:00+00:00,0.7013,0.7013,0.7013,0.7013,1
2026-07-21 08:36:00+00:00,0.7012,0.7012,0.7012,0.7012,1
2026-07-21 08:40:00+00:00,0.7013,0.7013,0.7013,0.7013,1
2026-07-21 08:43:00+00:00,0.7014,0.7014,0.7014,0.7014,6
2026-07-21 08:45:00+00:00,0.7014,0.7014,0.7014,0.7014,5
2026-07-21 08:47:00+00:00,0.7013,0.7013,0.7013,0.7013,13
2026-07-21 08:48:00+00:00,0.7013,0.7013,0.7013,0.7013,1
2026-07-21 08:52:00+00:00,0.7015,0.7015,0.7015,0.7015,1
2026-07-21 08:53:00+00:00,0.7015,0.7016,0.7015,0.7016,20
2026-07-21 08:55:00+00:00,0.7015,0.7015,0.7015,0.7015,1
2026-07-21 08:57:00+00:00,0.7015,0.7015,0.7015,0.7015,3
2026-07-21 08:58:00+00:00,0.7015,0.7015,0.7015,0.7015,2
2026-07-21 08:59:00+00:00,0.7015,0.7015,0.7015,0.7015,2
2026-07-21 09:01:00+00:00,0.7015,0.7015,0.7015,0.7015,1
2026-07-21 09:04:00+00:00,0.7015,0.7015,0.7015,0.7015,1
2026-07-21 09:05:00+00:00,0.7016,0.7016,0.7016,0.7016,1
2026-07-21 09:06:00+00:00,0.7016,0.7016,0.7016,0.7016,5
2026-07-21 09:07:00+00:00,0.7016,0.7016,0.7015,0.7015,4
2026-07-21 09:08:00+00:00,0.7015,0.7016,0.7015,0.7016,7
2026-07-21 09:09:00+00:00,0.7016,0.7016,0.7015,0.7015,9
2026-07-21 09:11:00+00:00,0.7015,0.7015,0.7015,0.7015,5
2026-07-21 09:13:00+00:00,0.7015,0.7015,0.7015,0.7015,5
2026-07-21 09:14:00+00:00,0.7015,0.7015,0.7015,0.7015,1
2026-07-21 09:16:00+00:00,0.7016,0.7016,0.7016,0.7016,1
2026-07-21 09:17:00+00:00,0.7017,0.7017,0.7017,0.7017,5
2026-07-21 09:18:00+00:00,0.7017,0.7019,0.7017,0.7019,17
2026-07-21 09:19:00+00:00,0.7019,0.7019,0.7019,0.7019,1
2026-07-21 09:20:00+00:00,0.7019,0.7019,0.7019,0.7019,3
2026-07-21 09:21:00+00:00,0.7019,0.7019,0.7018,0.7018,2
2026-07-21 09:23:00+00:00,0.7018,0.7018,0.7018,0.7018,3
2026-07-21 09:27:00+00:00,0.7016,0.7016,0.7016,0.7016,1
2026-07-21 09:28:00+00:00,0.7016,0.7016,0.7016,0.7016,1
2026-07-21 09:30:00+00:00,0.7015,0.7015,0.7015,0.7015,7
2026-07-21 09:31:00+00:00,0.7015,0.7015,0.7015,0.7015,1
2026-07-21 09:32:00+00:00,0.7016,0.7016,0.7016,0.7016,1
2026-07-21 09:33:00+00:00,0.7016,0.7016,0.7016,0.7016,1
2026-07-21 09:37:00+00:00,0.7017,0.7017,0.7017,0.7017,5
2026-07-21 09:38:00+00:00,0.7018,0.7018,0.7018,0.7018,1
2026-07-21 09:45:00+00:00,0.7017,0.7017,0.7017,0.7017,5
2026-07-21 09:48:00+00:00,0.7018,0.7018,0.7018,0.7018,1
2026-07-21 09:54:00+00:00,0.7018,0.7018,0.7018,0.7018,2
2026-07-21 10:02:00+00:00,0.7017,0.7017,0.7017,0.7017,1
2026-07-21 10:03:00+00:00,0.7017,0.7017,0.7017,0.7017,6
2026-07-21 10:06:00+00:00,0.7016,0.7016,0.7016,0.7016,2
2026-07-21 10:07:00+00:00,0.7016,0.7016,0.7016,0.7016,1
2026-07-21 10:10:00+00:00,0.7017,0.7019,0.7017,0.7019,13
2026-07-21 10:11:00+00:00,0.7019,0.7019,0.7019,0.7019,6
2026-07-21 10:12:00+00:00,0.7019,0.7019,0.7019,0.7019,2
2026-07-21 10:13:00+00:00,0.7018,0.7019,0.7018,0.7019,7
2026-07-21 10:14:00+00:00,0.7018,0.7019,0.7018,0.7019,7
2026-07-21 10:15:00+00:00,0.7018,0.7019,0.7018,0.7019,7
2026-07-21 10:19:00+00:00,0.7019,0.7019,0.7019,0.7019,1
2026-07-21 10:20:00+00:00,0.7018,0.7018,0.7018,0.7018,3
2026-07-21 10:21:00+00:00,0.7019,0.7019,0.7019,0.7019,5
2026-07-21 10:22:00+00:00,0.702,0.702,0.702,0.702,3
2026-07-21 10:23:00+00:00,0.702,0.702,0.702,0.702,1
2026-07-21 10:24:00+00:00,0.702,0.702,0.702,0.702,4
2026-07-21 10:25:00+00:00,0.7019,0.7019,0.7019,0.7019,1
2026-07-21 10:32:00+00:00,0.7018,0.7018,0.7018,0.7018,1
2026-07-21 10:36:00+00:00,0.7019,0.7019,0.7019,0.7019,1
2026-07-21 10:37:00+00:00,0.7018,0.7018,0.7017,0.7017,2
2026-07-21 10:40:00+00:00,0.7016,0.7016,0.7016,0.7016,2
2026-07-21 10:42:00+00:00,0.7015,0.7015,0.7015,0.7015,5
2026-07-21 10:43:00+00:00,0.7015,0.7015,0.7015,0.7015,2
2026-07-21 10:46:00+00:00,0.7013,0.7013,0.7013,0.7013,10
2026-07-21 10:48:00+00:00,0.7013,0.7013,0.7013,0.7013,20
2026-07-21 10:49:00+00:00,0.7013,0.7013,0.7013,0.7013,1
2026-07-21 10:51:00+00:00,0.7012,0.7012,0.7012,0.7012,22
2026-07-21 10:52:00+00:00,0.7012,0.7012,0.7012,0.7012,55
2026-07-21 10:54:00+00:00,0.7012,0.7012,0.7012,0.7012,1
2026-07-21 10:57:00+00:00,0.7013,0.7013,0.7013,0.7013,1
2026-07-21 10:59:00+00:00,0.7013,0.7013,0.7013,0.7013,1
2026-07-21 11:01:00+00:00,0.7012,0.7012,0.7012,0.7012,5
2026-07-21 11:02:00+00:00,0.7012,0.7012,0.7012,0.7012,1
2026-07-21 11:04:00+00:00,0.7011,0.7011,0.701,0.701,14
2026-07-21 11:05:00+00:00,0.701,0.701,0.701,0.701,1
2026-07-21 11:06:00+00:00,0.701,0.701,0.701,0.701,1
2026-07-21 11:07:00+00:00,0.701,0.701,0.701,0.701,1
2026-07-21 11:08:00+00:00,0.701,0.701,0.701,0.701,1
2026-07-21 11:09:00+00:00,0.7009,0.7009,0.7009,0.7009,4
2026-07-21 11:10:00+00:00,0.7008,0.7008,0.7008,0.7008,10
2026-07-21 11:11:00+00:00,0.7008,0.7008,0.7008,0.7008,2
2026-07-21 11:11:00+00:00,0.6997,0.6997,0.6997,0.6997,2
2026-07-21 11:13:00+00:00,0.7009,0.7009,0.7009,0.7009,1
2026-07-21 11:14:00+00:00,0.701,0.7011,0.701,0.7011,4
2026-07-21 11:17:00+00:00,0.7012,0.7012,0.7012,0.7012,2
2026-07-21 11:18:00+00:00,0.7011,0.7011,0.7011,0.7011,1
2026-07-21 11:19:00+00:00,0.701,0.701,0.7009,0.7009,4
2026-07-21 11:21:00+00:00,0.7008,0.7008,0.7008,0.7008,5
2026-07-21 11:25:00+00:00,0.7009,0.7009,0.7009,0.7009,1
2026-07-21 11:26:00+00:00,0.7009,0.7009,0.7009,0.7009,5
2026-07-21 11:27:00+00:00,0.7009,0.7009,0.7009,0.7009,5
2026-07-21 11:29:00+00:00,0.7009,0.7009,0.7009,0.7009,1
2026-07-21 11:31:00+00:00,0.701,0.701,0.701,0.701,2
2026-07-21 11:35:00+00:00,0.7011,0.7011,0.7011,0.7011,5
2026-07-21 11:38:00+00:00,0.7011,0.7011,0.701,0.7011,3
2026-07-21 11:39:00+00:00,0.7012,0.7012,0.7012,0.7012,4
2026-07-21 11:40:00+00:00,0.7012,0.7012,0.7012,0.7012,1
2026-07-21 11:41:00+00:00,0.7012,0.7012,0.7012,0.7012,3
2026-07-21 11:42:00+00:00,0.7011,0.7011,0.7011,0.7011,1
2026-07-21 11:48:00+00:00,0.7011,0.7011,0.7011,0.7011,1
2026-07-21 11:52:00+00:00,0.701,0.701,0.701,0.701,49
2026-07-21 11:55:00+00:00,0.7009,0.7009,0.7009,0.7009,1
2026-07-21 11:56:00+00:00,0.7009,0.701,0.7009,0.701,2
2026-07-21 11:59:00+00:00,0.701,0.701,0.701,0.701,2
2026-07-21 12:01:00+00:00,0.701,0.701,0.7009,0.701,4
2026-07-21 12:01:00+00:00,0.6997,0.6997,0.6997,0.6997,1
2026-07-21 12:03:00+00:00,0.701,0.701,0.701,0.701,1
2026-07-21 12:04:00+00:00,0.7009,0.7009,0.7009,0.7009,4
2026-07-21 12:06:00+00:00,0.7008,0.7008,0.7008,0.7008,3
2026-07-21 12:11:00+00:00,0.7008,0.7008,0.7008,0.7008,1
2026-07-21 12:13:00+00:00,0.7008,0.7008,0.7008,0.7008,5
2026-07-21 12:15:00+00:00,0.7007,0.7008,0.7005,0.7006,27
2026-07-21 12:21:00+00:00,0.7007,0.7007,0.7007,0.7007,1
2026-07-21 12:22:00+00:00,0.7007,0.7007,0.7006,0.7007,9
2026-07-21 12:24:00+00:00,0.7008,0.7008,0.7007,0.7007,2
2026-07-21 12:25:00+00:00,0.7005,0.7005,0.7005,0.7005,1
2026-07-21 12:26:00+00:00,0.7005,0.7005,0.7005,0.7005,2
2026-07-21 12:27:00+00:00,0.7005,0.7005,0.7005,0.7005,2
2026-07-21 12:29:00+00:00,0.7004,0.7004,0.7004,0.7004,1
2026-07-21 12:33:00+00:00,0.7007,0.7007,0.7007,0.7007,6
2026-07-21 12:34:00+00:00,0.7008,0.7008,0.7007,0.7007,8
2026-07-21 12:39:00+00:00,0.7007,0.7007,0.7007,0.7007,1
2026-07-21 12:42:00+00:00,0.7007,0.7007,0.7007,0.7007,6
2026-07-21 12:43:00+00:00,0.7006,0.7006,0.7005,0.7005,8
2026-07-21 12:46:00+00:00,0.7006,0.7008,0.7006,0.7008,2
2026-07-21 12:47:00+00:00,0.7008,0.7008,0.7008,0.7008,40
2026-07-21 12:48:00+00:00,0.7008,0.7009,0.7008,0.7009,3
2026-07-21 12:50:00+00:00,0.701,0.701,0.701,0.701,1
2026-07-21 12:52:00+00:00,0.7008,0.7008,0.7008,0.7008,3
2026-07-21 12:53:00+00:00,0.7008,0.7009,0.7008,0.7009,8
2026-07-21 12:55:00+00:00,0.7008,0.7008,0.7008,0.7008,4
2026-07-21 12:56:00+00:00,0.7008,0.7008,0.7008,0.7008,3
2026-07-21 13:01:00+00:00,0.7009,0.7009,0.7009,0.7009,1
2026-07-21 13:03:00+00:00,0.7007,0.7007,0.7007,0.7007,4
2026-07-21 13:04:00+00:00,0.7008,0.7008,0.7008,0.7008,9
2026-07-21 13:05:00+00:00,0.7008,0.7008,0.7008,0.7008,19
2026-07-21 13:06:00+00:00,0.7008,0.7008,0.7008,0.7008,1
2026-07-21 13:07:00+00:00,0.7009,0.7009,0.7009,0.7009,1
2026-07-21 13:08:00+00:00,0.7009,0.7009,0.7009,0.7009,1
2026-07-21 13:09:00+00:00,0.7009,0.7009,0.7009,0.7009,1
2026-07-21 13:11:00+00:00,0.7009,0.7009,0.7009,0.7009,13
2026-07-21 13:12:00+00:00,0.7009,0.7009,0.7009,0.7009,1
2026-07-21 13:16:00+00:00,0.7008,0.7008,0.7008,0.7008,2
2026-07-21 13:17:00+00:00,0.7007,0.7007,0.7007,0.7007,2
2026-07-21 13:19:00+00:00,0.7006,0.7006,0.7006,0.7006,2
2026-07-21 13:20:00+00:00,0.7005,0.7005,0.7005,0.7005,2
2026-07-21 13:21:00+00:00,0.7005,0.7005,0.7005,0.7005,3
2026-07-21 13:24:00+00:00,0.7003,0.7003,0.7002,0.7002,12
2026-07-21 13:25:00+00:00,0.7003,0.7003,0.7003,0.7003,1
2026-07-21 13:28:00+00:00,0.7002,0.7003,0.7002,0.7003,4
2026-07-21 13:29:00+00:00,0.7002,0.7002,0.7002,0.7002,1
2026-07-21 13:30:00+00:00,0.7002,0.7002,0.7002,0.7002,3
2026-07-21 13:33:00+00:00,0.7003,0.7003,0.7003,0.7003,6
2026-07-21 13:37:00+00:00,0.7001,0.7001,0.6998,0.6998,29
2026-07-21 13:37:00+00:00,0.699,0.699,0.699,0.699,1
2026-07-21 13:38:00+00:00,0.6999,0.7,0.6999,0.7,13
2026-07-21 13:39:00+00:00,0.6999,0.6999,0.6999,0.6999,1
2026-07-21 13:40:00+00:00,0.6998,0.6998,0.6997,0.6997,25
2026-07-21 13:41:00+00:00,0.6997,0.6997,0.6997,0.6997,1
2026-07-21 13:42:00+00:00,0.6997,0.6997,0.6997,0.6997,7
2026-07-21 13:43:00+00:00,0.6997,0.6998,0.6997,0.6997,5
2026-07-21 13:44:00+00:00,0.6996,0.6997,0.6996,0.6997,2
2026-07-21 13:45:00+00:00,0.6996,0.6996,0.6996,0.6996,1
2026-07-21 13:47:00+00:00,0.6996,0.6996,0.6996,0.6996,1
2026-07-21 13:48:00+00:00,0.6997,0.6997,0.6997,0.6997,2
2026-07-21 13:50:00+00:00,0.7,0.7,0.6999,0.6999,6
2026-07-21 13:51:00+00:00,0.6999,0.6999,0.6997,0.6997,7
2026-07-21 13:52:00+00:00,0.6996,0.6997,0.6996,0.6997,2
2026-07-21 13:53:00+00:00,0.6999,0.6999,0.6999,0.6999,2
2026-07-21 13:55:00+00:00,0.7,0.7,0.7,0.7,1
2026-07-21 13:56:00+00:00,0.6999,0.6999,0.6999,0.6999,6
2026-07-21 13:59:00+00:00,0.6999,0.6999,0.6999,0.6999,5
2026-07-21 14:00:00+00:00,0.6999,0.6999,0.6999,0.6999,2
2026-07-21 14:02:00+00:00,0.7,0.7,0.6999,0.6999,2
2026-07-21 14:03:00+00:00,0.7001,0.7001,0.7001,0.7001,1
2026-07-21 14:04:00+00:00,0.7001,0.7001,0.7001,0.7001,1
2026-07-21 14:05:00+00:00,0.7002,0.7002,0.7002,0.7002,1
2026-07-21 14:07:00+00:00,0.7004,0.7004,0.7003,0.7003,2
2026-07-21 14:12:00+00:00,0.7003,0.7003,0.7003,0.7003,5
2026-07-21 14:14:00+00:00,0.7005,0.7005,0.7005,0.7005,1
2026-07-21 14:15:00+00:00,0.7004,0.7004,0.7004,0.7004,1
2026-07-21 14:17:00+00:00,0.7003,0.7003,0.7003,0.7003,6
2026-07-21 14:20:00+00:00,0.7003,0.7003,0.7002,0.7002,2
2026-07-21 14:22:00+00:00,0.7002,0.7002,0.7002,0.7002,2
2026-07-21 14:22:00+00:00,0.6992,0.6992,0.6992,0.6992,1
2026-07-21 14:23:00+00:00,0.7003,0.7003,0.7003,0.7003,3
2026-07-21 14:25:00+00:00,0.7004,0.7004,0.7004,0.7004,1
2026-07-21 14:26:00+00:00,0.7004,0.7004,0.7004,0.7004,3
2026-07-21 14:28:00+00:00,0.7004,0.7004,0.7004,0.7004,1
2026-07-21 14:29:00+00:00,0.7003,0.7003,0.7003,0.7003,1
2026-07-21 14:31:00+00:00,0.7003,0.7003,0.7003,0.7003,1
2026-07-21 14:33:00+00:00,0.6992,0.6992,0.6992,0.6992,1
2026-07-21 14:33:00+00:00,0.7002,0.7002,0.7002,0.7002,1
2026-07-21 14:34:00+00:00,0.7002,0.7002,0.7002,0.7002,8
2026-07-21 14:35:00+00:00,0.7002,0.7002,0.7002,0.7002,6
2026-07-21 14:36:00+00:00,0.7001,0.7001,0.7001,0.7001,6
2026-07-21 14:37:00+00:00,0.7001,0.7001,0.7001,0.7001,1
2026-07-21 14:39:00+00:00,0.7001,0.7001,0.7001,0.7001,3
2026-07-21 14:40:00+00:00,0.7,0.7,0.7,0.7,1
2026-07-21 14:41:00+00:00,0.6999,0.6999,0.6999,0.6999,6
2026-07-21 14:43:00+00:00,0.7001,0.7001,0.7001,0.7001,4
2026-07-21 14:45:00+00:00,0.7,0.7,0.7,0.7,1
2026-07-21 14:46:00+00:00,0.7,0.7,0.7,0.7,1
2026-07-21 14:47:00+00:00,0.6988,0.6988,0.6988,0.6988,1
2026-07-21 14:48:00+00:00,0.6999,0.7001,0.6999,0.6999,12
2026-07-21 14:50:00+00:00,0.6998,0.6998,0.6998,0.6998,5
2026-07-21 14:51:00+00:00,0.6998,0.6998,0.6998,0.6998,1
2026-07-21 14:52:00+00:00,0.6998,0.6998,0.6998,0.6998,1
2026-07-21 14:53:00+00:00,0.6997,0.6997,0.6996,0.6996,6
2026-07-21 14:54:00+00:00,0.6996,0.6996,0.6996,0.6996,1
2026-07-21 14:55:00+00:00,0.6999,0.6999,0.6999,0.6999,1
2026-07-21 14:56:00+00:00,0.6997,0.6997,0.6997,0.6997,1
2026-07-21 14:57:00+00:00,0.6997,0.6998,0.6997,0.6998,7
2026-07-21 15:02:00+00:00,0.6998,0.6998,0.6997,0.6997,19
2026-07-21 15:06:00+00:00,0.6997,0.6997,0.6996,0.6996,2
2026-07-21 15:07:00+00:00,0.6996,0.6996,0.6996,0.6996,3
2026-07-21 15:08:00+00:00,0.6997,0.6997,0.6997,0.6997,3
2026-07-21 15:09:00+00:00,0.6999,0.6999,0.6999,0.6999,1
2026-07-21 15:10:00+00:00,0.6999,0.6999,0.6999,0.6999,1
2026-07-21 15:14:00+00:00,0.6999,0.6999,0.6999,0.6999,1
2026-07-21 15:15:00+00:00,0.7,0.7,0.7,0.7,7
2026-07-21 15:18:00+00:00,0.7002,0.7002,0.7002,0.7002,6
2026-07-21 15:20:00+00:00,0.7003,0.7003,0.7003,0.7003,2
2026-07-21 15:21:00+00:00,0.7003,0.7004,0.7002,0.7003,13
2026-07-21 15:24:00+00:00,0.7003,0.7003,0.7003,0.7003,2
2026-07-21 15:27:00+00:00,0.7003,0.7003,0.7003,0.7003,1
2026-07-21 15:28:00+00:00,0.7004,0.7004,0.7004,0.7004,1
2026-07-21 15:31:00+00:00,0.7004,0.7004,0.7004,0.7004,1
2026-07-21 15:32:00+00:00,0.7003,0.7003,0.7003,0.7003,1
2026-07-21 15:34:00+00:00,0.7005,0.7005,0.7005,0.7005,2
2026-07-21 15:35:00+00:00,0.7006,0.7006,0.7004,0.7004,2
2026-07-21 15:40:00+00:00,0.7004,0.7005,0.7004,0.7005,4
2026-07-21 15:42:00+00:00,0.7003,0.7004,0.7003,0.7004,6
2026-07-21 15:43:00+00:00,0.7004,0.7004,0.7002,0.7002,3
2026-07-21 15:44:00+00:00,0.7002,0.7002,0.7002,0.7002,1
2026-07-21 15:46:00+00:00,0.7001,0.7001,0.7,0.7,2
2026-07-21 15:47:00+00:00,0.7001,0.7001,0.7,0.7,4
2026-07-21 15:48:00+00:00,0.7,0.7,0.7,0.7,1
2026-07-21 15:53:00+00:00,0.7,0.7,0.7,0.7,1
2026-07-21 15:57:00+00:00,0.7,0.7,0.7,0.7,1
2026-07-21 16:06:00+00:00,0.7001,0.7001,0.7001,0.7001,6
2026-07-21 16:09:00+00:00,0.7,0.7,0.7,0.7,1
2026-07-21 16:10:00+00:00,0.7001,0.7001,0.7001,0.7001,1
2026-07-21 16:14:00+00:00,0.6999,0.6999,0.6999,0.6999,2
2026-07-21 16:16:00+00:00,0.6999,0.7,0.6999,0.7,2
2026-07-21 16:25:00+00:00,0.6998,0.6998,0.6998,0.6998,6
2026-07-21 16:32:00+00:00,0.6998,0.6998,0.6998,0.6998,2
2026-07-21 16:36:00+00:00,0.6997,0.6997,0.6997,0.6997,1
2026-07-21 16:41:00+00:00,0.6998,0.6998,0.6998,0.6998,1
2026-07-21 16:43:00+00:00,0.6999,0.6999,0.6999,0.6999,3
2026-07-21 16:46:00+00:00,0.6999,0.6999,0.6999,0.6999,6
2026-07-21 16:51:00+00:00,0.7,0.7,0.7,0.7,2
2026-07-21 16:57:00+00:00,0.6999,0.7,0.6999,0.7,15
2026-07-21 16:58:00+00:00,0.7001,0.7001,0.7001,0.7001,1
2026-07-21 17:05:00+00:00,0.6999,0.6999,0.6999,0.6999,1
2026-07-21 17:10:00+00:00,0.6999,0.6999,0.6999,0.6999,3
2026-07-21 17:11:00+00:00,0.6999,0.7,0.6999,0.7,2
2026-07-21 17:13:00+00:00,0.6999,0.6999,0.6999,0.6999,1
2026-07-21 17:16:00+00:00,0.7,0.7,0.7,0.7,10
2026-07-21 17:34:00+00:00,0.7001,0.7001,0.7,0.7,2
2026-07-21 17:43:00+00:00,0.6998,0.6999,0.6998,0.6999,4
2026-07-21 17:48:00+00:00,0.6999,0.7,0.6999,0.7,18
2026-07-21 17:51:00+00:00,0.6999,0.6999,0.6999,0.6999,10
2026-07-21 17:52:00+00:00,0.6998,0.6998,0.6998,0.6998,1
2026-07-21 17:56:00+00:00,0.6999,0.6999,0.6999,0.6999,2
2026-07-21 18:03:00+00:00,0.6998,0.6998,0.6998,0.6998,1
2026-07-21 18:04:00+00:00,0.6997,0.6997,0.6997,0.6997,8
2026-07-21 18:05:00+00:00,0.6997,0.6997,0.6997,0.6997,1
2026-07-21 18:13:00+00:00,0.6988,0.6988,0.6988,0.6988,1
2026-07-21 18:14:00+00:00,0.6997,0.6997,0.6997,0.6997,1
2026-07-21 18:15:00+00:00,0.6998,0.6998,0.6998,0.6998,8
2026-07-21 18:17:00+00:00,0.6997,0.6997,0.6997,0.6997,5
2026-07-21 18:20:00+00:00,0.6996,0.6996,0.6995,0.6995,10
2026-07-21 18:22:00+00:00,0.6996,0.6996,0.6996,0.6996,5
2026-07-21 18:25:00+00:00,0.6998,0.6998,0.6998,0.6998,1
2026-07-21 18:27:00+00:00,0.6988,0.6988,0.6988,0.6988,1
2026-07-21 18:27:00+00:00,0.6999,0.6999,0.6999,0.6999,1
2026-07-21 18:33:00+00:00,0.6998,0.6998,0.6998,0.6998,1
2026-07-21 18:35:00+00:00,0.6997,0.6997,0.6997,0.6997,1
2026-07-21 18:37:00+00:00,0.6996,0.6996,0.6995,0.6995,3
2026-07-21 18:41:00+00:00,0.6996,0.6998,0.6996,0.6998,17
2026-07-21 18:42:00+00:00,0.6996,0.6996,0.6996,0.6996,1
2026-07-21 18:45:00+00:00,0.6998,0.6998,0.6998,0.6998,1
2026-07-21 18:46:00+00:00,0.6998,0.6998,0.6998,0.6998,1
2026-07-21 18:47:00+00:00,0.6998,0.6998,0.6998,0.6998,1
2026-07-21 18:49:00+00:00,0.6997,0.6997,0.6997,0.6997,1
2026-07-21 18:50:00+00:00,0.6997,0.6997,0.6997,0.6997,1
2026-07-21 18:51:00+00:00,0.6997,0.6997,0.6997,0.6997,1
2026-07-21 18:52:00+00:00,0.6998,0.6998,0.6997,0.6997,2
2026-07-21 18:53:00+00:00,0.6998,0.6998,0.6998,0.6998,1
2026-07-21 18:54:00+00:00,0.6997,0.6997,0.6997,0.6997,2
2026-07-21 18:57:00+00:00,0.6998,0.6998,0.6998,0.6998,8
2026-07-21 18:59:00+00:00,0.6999,0.6999,0.6999,0.6999,3
2026-07-21 19:00:00+00:00,0.6999,0.6999,0.6998,0.6998,15
2026-07-21 19:16:00+00:00,0.6998,0.6998,0.6998,0.6998,1
2026-07-21 19:30:00+00:00,0.6998,0.6998,0.6997,0.6997,43
2026-07-21 19:35:00+00:00,0.6996,0.6996,0.6996,0.6996,5
2026-07-21 19:37:00+00:00,0.6996,0.6996,0.6996,0.6996,1
2026-07-21 19:39:00+00:00,0.6995,0.6995,0.6994,0.6994,102
2026-07-21 19:40:00+00:00,0.6995,0.6995,0.6995,0.6995,3
2026-07-21 19:42:00+00:00,0.6995,0.6995,0.6995,0.6995,11
2026-07-21 19:49:00+00:00,0.6994,0.6994,0.6994,0.6994,2
2026-07-21 19:50:00+00:00,0.6995,0.6995,0.6995,0.6995,4
2026-07-21 19:51:00+00:00,0.6995,0.6995,0.6995,0.6995,6
2026-07-21 19:53:00+00:00,0.6996,0.6996,0.6996,0.6996,1
2026-07-21 19:57:00+00:00,0.6996,0.6996,0.6996,0.6996,1
2026-07-21 19:58:00+00:00,0.6996,0.6996,0.6996,0.6996,1
2026-07-21 19:59:00+00:00,0.6996,0.6996,0.6996,0.6996,24
2026-07-21 20:00:00+00:00,0.6996,0.6996,0.6996,0.6996,1
2026-07-21 20:08:00+00:00,0.6995,0.6995,0.6995,0.6995,5
2026-07-21 20:10:00+00:00,0.6994,0.6994,0.6993,0.6993,14
2026-07-21 20:15:00+00:00,0.6993,0.6993,0.6991,0.6991,91
2026-07-21 20:17:00+00:00,0.6992,0.6992,0.6992,0.6992,5
2026-07-21 20:24:00+00:00,0.6992,0.6992,0.6992,0.6992,7
2026-07-21 20:28:00+00:00,0.6993,0.6993,0.6993,0.6993,1
2026-07-21 20:32:00+00:00,0.6992,0.6992,0.6992,0.6992,1
2026-07-21 20:36:00+00:00,0.6993,0.6993,0.6993,0.6993,6
2026-07-21 20:39:00+00:00,0.6991,0.6991,0.6991,0.6991,1
2026-07-21 20:40:00+00:00,0.6991,0.6991,0.6991,0.6991,1
2026-07-21 20:41:00+00:00,0.6992,0.6992,0.6992,0.6992,1
2026-07-21 20:43:00+00:00,0.6991,0.6991,0.6991,0.6991,1
2026-07-21 20:45:00+00:00,0.6992,0.6993,0.6992,0.6993,5
2026-07-21 20:47:00+00:00,0.6993,0.6993,0.6992,0.6992,2
2026-07-21 20:49:00+00:00,0.6986,0.6986,0.6986,0.6986,1
2026-07-21 20:50:00+00:00,0.6992,0.6992,0.6992,0.6992,4
2026-07-21 20:54:00+00:00,0.6991,0.6991,0.6991,0.6991,10
2026-07-21 20:55:00+00:00,0.6992,0.6992,0.6992,0.6992,2
2026-07-21 20:56:00+00:00,0.6992,0.6992,0.6992,0.6992,3
2026-07-21 20:57:00+00:00,0.6991,0.6991,0.6991,0.6991,1
2026-07-21 20:59:00+00:00,0.6992,0.6992,0.6992,0.6992,2
2026-07-21 22:00:00+00:00,0.6993,0.6993,0.6993,0.6993,5
2026-07-21 22:01:00+00:00,0.6993,0.6993,0.6992,0.6992,39
2026-07-21 22:06:00+00:00,0.6992,0.6992,0.6992,0.6992,5
2026-07-21 22:09:00+00:00,0.6993,0.6994,0.6993,0.6994,11
2026-07-21 22:11:00+00:00,0.6992,0.6993,0.6992,0.6993,7
2026-07-21 22:12:00+00:00,0.6993,0.6993,0.6993,0.6993,1
2026-07-21 22:18:00+00:00,0.6993,0.6993,0.6993,0.6993,1
2026-07-21 22:21:00+00:00,0.6993,0.6993,0.6992,0.6992,6
2026-07-21 22:26:00+00:00,0.6994,0.6994,0.6994,0.6994,4
2026-07-21 22:27:00+00:00,0.6993,0.6993,0.6993,0.6993,4
2026-07-21 22:30:00+00:00,0.6993,0.6993,0.6993,0.6993,1
2026-07-21 22:35:00+00:00,0.6993,0.6993,0.6993,0.6993,1
2026-07-21 22:39:00+00:00,0.6992,0.6992,0.6992,0.6992,1
2026-07-21 22:40:00+00:00,0.6992,0.6992,0.6992,0.6992,1
2026-07-21 22:43:00+00:00,0.6992,0.6992,0.6992,0.6992,1
2026-07-21 22:45:00+00:00,0.6991,0.6991,0.6991,0.6991,4
2026-07-21 22:46:00+00:00,0.6991,0.6991,0.6991,0.6991,1
2026-07-21 22:47:00+00:00,0.699,0.6991,0.699,0.6991,5
2026-07-21 22:49:00+00:00,0.6991,0.6991,0.6991,0.6991,3
2026-07-21 22:53:00+00:00,0.6992,0.6992,0.6991,0.6991,28
2026-07-21 22:56:00+00:00,0.6991,0.6991,0.6991,0.6991,2
2026-07-21 22:57:00+00:00,0.6991,0.6991,0.6991,0.6991,1
2026-07-21 23:00:00+00:00,0.6991,0.6991,0.6991,0.6991,8
2026-07-21 23:04:00+00:00,0.6991,0.6991,0.6991,0.6991,2
2026-07-21 23:05:00+00:00,0.6991,0.6991,0.6991,0.6991,6
2026-07-21 23:07:00+00:00,0.6991,0.6991,0.6991,0.6991,1
2026-07-21 23:11:00+00:00,0.6992,0.6992,0.6992,0.6992,7
2026-07-21 23:15:00+00:00,0.6992,0.6992,0.6992,0.6992,2
2026-07-21 23:17:00+00:00,0.6992,0.6992,0.6992,0.6992,2
2026-07-21 23:18:00+00:00,0.6992,0.6992,0.6992,0.6992,2
2026-07-21 23:19:00+00:00,0.6992,0.6992,0.6992,0.6992,1
2026-07-21 23:23:00+00:00,0.6991,0.6991,0.6991,0.6991,1
2026-07-21 23:24:00+00:00,0.6991,0.6991,0.6991,0.6991,1
2026-07-21 23:37:00+00:00,0.6991,0.6991,0.6991,0.6991,3
2026-07-21 23:39:00+00:00,0.6992,0.6992,0.6992,0.6992,1
2026-07-21 23:45:00+00:00,0.6992,0.6992,0.6992,0.6992,2
2026-07-21 23:47:00+00:00,0.6992,0.6992,0.6992,0.6992,1
2026-07-21 23:50:00+00:00,0.6992,0.6992,0.6992,0.6992,2
2026-07-21 23:56:00+00:00,0.6993,0.6993,0.6993,0.6993,4
2026-07-21 23:57:00+00:00,0.6994,0.6994,0.6994,0.6994,3
2026-07-21 23:58:00+00:00,0.6993,0.6993,0.6993,0.6993,21
2026-07-22 00:00:00+00:00,0.6994,0.6994,0.6993,0.6993,6
2026-07-22 00:01:00+00:00,0.6993,0.6993,0.6993,0.6993,4
2026-07-22 00:04:00+00:00,0.6994,0.6995,0.6994,0.6994,4
2026-07-22 00:05:00+00:00,0.6994,0.6994,0.6994,0.6994,9
2026-07-22 00:06:00+00:00,0.6994,0.6994,0.6994,0.6994,8
2026-07-22 00:07:00+00:00,0.6994,0.6994,0.6994,0.6994,2
2026-07-22 00:08:00+00:00,0.6994,0.6994,0.6993,0.6993,8
2026-07-22 00:09:00+00:00,0.6993,0.6993,0.6993,0.6993,4
2026-07-22 00:10:00+00:00,0.6994,0.6994,0.6993,0.6993,4
2026-07-22 00:15:00+00:00,0.6996,0.6996,0.6996,0.6996,2
2026-07-22 00:16:00+00:00,0.6995,0.6996,0.6995,0.6996,3
2026-07-22 00:17:00+00:00,0.6996,0.6996,0.6996,0.6996,1
2026-07-22 00:18:00+00:00,0.6997,0.6997,0.6997,0.6997,1
2026-07-22 00:20:00+00:00,0.6997,0.6997,0.6997,0.6997,6
2026-07-22 00:22:00+00:00,0.6997,0.6997,0.6997,0.6997,4
2026-07-22 00:23:00+00:00,0.6997,0.6997,0.6997,0.6997,1
2026-07-22 00:26:00+00:00,0.6997,0.6997,0.6997,0.6997,7
2026-07-22 00:28:00+00:00,0.6998,0.6998,0.6998,0.6998,1
2026-07-22 00:30:00+00:00,0.6998,0.6998,0.6998,0.6998,4
2026-07-22 00:34:00+00:00,0.6997,0.6997,0.6997,0.6997,3
2026-07-22 00:36:00+00:00,0.6997,0.6997,0.6997,0.6997,1
2026-07-22 00:37:00+00:00,0.6997,0.6998,0.6997,0.6998,10
2026-07-22 00:38:00+00:00,0.6997,0.6997,0.6997,0.6997,2
2026-07-22 00:39:00+00:00,0.6996,0.6996,0.6996,0.6996,62
2026-07-22 00:40:00+00:00,0.6995,0.6995,0.6995,0.6995,2
2026-07-22 00:41:00+00:00,0.6995,0.6995,0.6995,0.6995,34
2026-07-22 00:43:00+00:00,0.6996,0.6996,0.6996,0.6996,3
2026-07-22 00:45:00+00:00,0.6995,0.6995,0.6995,0.6995,1
2026-07-22 00:48:00+00:00,0.6996,0.6996,0.6996,0.6996,9
2026-07-22 00:50:00+00:00,0.6996,0.6996,0.6996,0.6996,1
2026-07-22 00:53:00+00:00,0.6996,0.6996,0.6996,0.6996,1
2026-07-22 00:54:00+00:00,0.6997,0.6997,0.6997,0.6997,6
2026-07-22 00:55:00+00:00,0.6996,0.6998,0.6996,0.6998,7
2026-07-22 00:56:00+00:00,0.6999,0.6999,0.6999,0.6999,1
2026-07-22 00:57:00+00:00,0.6999,0.6999,0.6999,0.6999,2
2026-07-22 00:58:00+00:00,0.7001,0.7002,0.7001,0.7002,26
2026-07-22 00:59:00+00:00,0.7002,0.7002,0.7002,0.7002,10
2026-07-22 01:00:00+00:00,0.7003,0.7004,0.7003,0.7004,21
2026-07-22 01:01:00+00:00,0.7004,0.7005,0.7004,0.7005,13
2026-07-22 01:02:00+00:00,0.7004,0.7004,0.7004,0.7004,1
2026-07-22 01:07:00+00:00,0.7005,0.7005,0.7004,0.7004,17
2026-07-22 01:10:00+00:00,0.7004,0.7004,0.7004,0.7004,3
2026-07-22 01:12:00+00:00,0.7004,0.7004,0.7004,0.7004,2
2026-07-22 01:13:00+00:00,0.7004,0.7004,0.7004,0.7004,1
2026-07-22 01:14:00+00:00,0.7004,0.7004,0.7004,0.7004,1
2026-07-22 01:17:00+00:00,0.7002,0.7002,0.7002,0.7002,1
2026-07-22 01:22:00+00:00,0.7001,0.7001,0.7001,0.7001,1
2026-07-22 01:23:00+00:00,0.7001,0.7001,0.7,0.7,3
2026-07-22 01:26:00+00:00,0.6999,0.6999,0.6999,0.6999,5
2026-07-22 01:30:00+00:00,0.6998,0.6998,0.6998,0.6998,12
2026-07-22 01:34:00+00:00,0.6997,0.6997,0.6997,0.6997,2
2026-07-22 01:40:00+00:00,0.6997,0.6997,0.6997,0.6997,4
2026-07-22 01:41:00+00:00,0.6997,0.6997,0.6997,0.6997,3
2026-07-22 01:42:00+00:00,0.6996,0.6996,0.6996,0.6996,1
2026-07-22 01:47:00+00:00,0.7,0.7,0.7,0.7,6
2026-07-22 01:52:00+00:00,0.7,0.7,0.7,0.7,1
2026-07-22 01:56:00+00:00,0.7,0.7,0.7,0.7,1
2026-07-22 01:59:00+00:00,0.6999,0.6999,0.6999,0.6999,2
2026-07-22 02:00:00+00:00,0.6998,0.6998,0.6998,0.6998,3
2026-07-22 02:01:00+00:00,0.6997,0.6997,0.6997,0.6997,3
2026-07-22 02:02:00+00:00,0.6996,0.6996,0.6996,0.6996,2
2026-07-22 02:04:00+00:00,0.6996,0.6996,0.6996,0.6996,1
2026-07-22 02:08:00+00:00,0.6995,0.6995,0.6995,0.6995,1
2026-07-22 02:09:00+00:00,0.6994,0.6994,0.6994,0.6994,3
2026-07-22 02:10:00+00:00,0.6996,0.6996,0.6996,0.6996,2
2026-07-22 02:11:00+00:00,0.6996,0.6996,0.6996,0.6996,4
2026-07-22 02:12:00+00:00,0.6997,0.6997,0.6997,0.6997,2
2026-07-22 02:15:00+00:00,0.6996,0.6996,0.6996,0.6996,1
2026-07-22 02:18:00+00:00,0.6997,0.6997,0.6995,0.6995,2
2026-07-22 02:22:00+00:00,0.6997,0.6997,0.6996,0.6996,31
2026-07-22 02:23:00+00:00,0.6998,0.6998,0.6998,0.6998,1
2026-07-22 02:27:00+00:00,0.6999,0.6999,0.6999,0.6999,1
2026-07-22 02:28:00+00:00,0.6991,0.6991,0.6991,0.6991,1
2026-07-22 02:29:00+00:00,0.7001,0.7001,0.7,0.7,6
2026-07-22 02:30:00+00:00,0.7,0.7,0.7,0.7,2
2026-07-22 02:32:00+00:00,0.7001,0.7001,0.7001,0.7001,3
2026-07-22 02:55:00+00:00,0.6998,0.6998,0.6998,0.6998,3
2026-07-22 03:06:00+00:00,0.6998,0.6998,0.6998,0.6998,4
2026-07-22 03:08:00+00:00,0.6997,0.6997,0.6997,0.6997,1
2026-07-22 03:09:00+00:00,0.6996,0.6996,0.6996,0.6996,1
2026-07-22 03:10:00+00:00,0.6995,0.6995,0.6994,0.6994,4
2026-07-22 03:12:00+00:00,0.6994,0.6994,0.6994,0.6994,2
2026-07-22 03:13:00+00:00,0.6994,0.6994,0.6994,0.6994,7
2026-07-22 03:27:00+00:00,0.6998,0.6998,0.6998,0.6998,2
2026-07-22 03:36:00+00:00,0.6995,0.6995,0.6995,0.6995,1
2026-07-22 03:37:00+00:00,0.6994,0.6994,0.6994,0.6994,1
2026-07-22 03:38:00+00:00,0.6994,0.6995,0.6994,0.6995,6
2026-07-22 03:39:00+00:00,0.6995,0.6995,0.6995,0.6995,3
2026-07-22 03:46:00+00:00,0.6995,0.6995,0.6995,0.6995,3
2026-07-22 03:48:00+00:00,0.6993,0.6993,0.6993,0.6993,5
2026-07-22 03:49:00+00:00,0.6993,0.6993,0.6993,0.6993,1
2026-07-22 03:51:00+00:00,0.6993,0.6993,0.6991,0.6991,18
2026-07-22 03:53:00+00:00,0.6992,0.6992,0.6992,0.6992,1
2026-07-22 03:54:00+00:00,0.6992,0.6992,0.6992,0.6992,1
2026-07-22 03:57:00+00:00,0.6992,0.6992,0.6992,0.6992,2
2026-07-22 04:00:00+00:00,0.6992,0.6992,0.6992,0.6992,2
2026-07-22 04:02:00+00:00,0.6992,0.6992,0.6992,0.6992,1
2026-07-22 04:03:00+00:00,0.6992,0.6992,0.6992,0.6992,2
2026-07-22 04:04:00+00:00,0.6992,0.6992,0.6992,0.6992,1
2026-07-22 04:05:00+00:00,0.6992,0.6992,0.6992,0.6992,2
2026-07-22 04:06:00+00:00,0.6992,0.6992,0.6992,0.6992,3
2026-07-22 04:08:00+00:00,0.6992,0.6992,0.6992,0.6992,1
2026-07-22 04:11:00+00:00,0.6991,0.6991,0.6991,0.6991,3
2026-07-22 04:12:00+00:00,0.699,0.699,0.6989,0.6989,19
2026-07-22 04:14:00+00:00,0.6991,0.6991,0.6991,0.6991,2
2026-07-22 04:27:00+00:00,0.6992,0.6992,0.6992,0.6992,10
2026-07-22 04:41:00+00:00,0.6992,0.6992,0.6992,0.6992,1
2026-07-22 04:46:00+00:00,0.6993,0.6993,0.6993,0.6993,16
2026-07-22 04:53:00+00:00,0.6992,0.6992,0.6992,0.6992,2
2026-07-22 04:54:00+00:00,0.6992,0.6992,0.6992,0.6992,1
2026-07-22 04:59:00+00:00,0.6992,0.6992,0.6992,0.6992,2
2026-07-22 05:08:00+00:00,0.6992,0.6992,0.6992,0.6992,4
2026-07-22 05:16:00+00:00,0.6991,0.6991,0.6991,0.6991,5
2026-07-22 05:17:00+00:00,0.6991,0.6991,0.6991,0.6991,5
2026-07-22 05:18:00+00:00,0.6992,0.6992,0.6992,0.6992,1
2026-07-22 05:20:00+00:00,0.6992,0.6992,0.6992,0.6992,4
2026-07-22 05:26:00+00:00,0.6981,0.6981,0.6981,0.6981,1
2026-07-22 05:29:00+00:00,0.6991,0.6991,0.6991,0.6991,1
2026-07-22 05:32:00+00:00,0.699,0.699,0.699,0.699,2
2026-07-22 05:35:00+00:00,0.699,0.699,0.699,0.699,1
2026-07-22 05:37:00+00:00,0.6989,0.6989,0.6989,0.6989,3
2026-07-22 05:40:00+00:00,0.6989,0.6989,0.6989,0.6989,1
2026-07-22 05:42:00+00:00,0.6988,0.6988,0.6987,0.6987,9
2026-07-22 05:43:00+00:00,0.6987,0.6987,0.6987,0.6987,1
2026-07-22 05:44:00+00:00,0.6988,0.6988,0.6988,0.6988,1
2026-07-22 05:46:00+00:00,0.6987,0.6987,0.6987,0.6987,9
2026-07-22 05:48:00+00:00,0.6987,0.6987,0.6987,0.6987,1
2026-07-22 05:53:00+00:00,0.6989,0.6989,0.6989,0.6989,1
2026-07-22 05:54:00+00:00,0.699,0.699,0.699,0.699,1
2026-07-22 05:55:00+00:00,0.6989,0.6989,0.6989,0.6989,1
2026-07-22 05:59:00+00:00,0.699,0.699,0.699,0.699,1
2026-07-22 06:00:00+00:00,0.699,0.6991,0.699,0.6991,5
2026-07-22 06:01:00+00:00,0.6991,0.6991,0.6991,0.6991,2
2026-07-22 06:02:00+00:00,0.6992,0.6992,0.6992,0.6992,6
2026-07-22 06:03:00+00:00,0.6993,0.6993,0.6993,0.6993,4
2026-07-22 06:06:00+00:00,0.6991,0.6991,0.6991,0.6991,1
2026-07-22 06:07:00+00:00,0.6991,0.6991,0.6991,0.6991,4
2026-07-22 06:10:00+00:00,0.6991,0.6991,0.6991,0.6991,1
2026-07-22 06:11:00+00:00,0.699,0.6991,0.699,0.6991,5
2026-07-22 06:14:00+00:00,0.6991,0.6991,0.6991,0.6991,2
2026-07-22 06:15:00+00:00,0.699,0.699,0.699,0.699,2
2026-07-22 06:18:00+00:00,0.699,0.699,0.699,0.699,3
2026-07-22 06:19:00+00:00,0.698,0.698,0.698,0.698,1
2026-07-22 06:20:00+00:00,0.6989,0.6989,0.6989,0.6989,3
2026-07-22 06:21:00+00:00,0.6989,0.6989,0.6989,0.6989,19
2026-07-22 06:22:00+00:00,0.6989,0.6989,0.6989,0.6989,1
2026-07-22 06:23:00+00:00,0.6988,0.6988,0.6988,0.6988,14
2026-07-22 06:24:00+00:00,0.6988,0.6988,0.6987,0.6987,9
2026-07-22 06:25:00+00:00,0.6987,0.6987,0.6987,0.6987,7
2026-07-22 06:26:00+00:00,0.6986,0.6986,0.6985,0.6986,49
2026-07-22 06:27:00+00:00,0.6985,0.6985,0.6985,0.6985,3
2026-07-22 06:28:00+00:00,0.6986,0.6986,0.6986,0.6986,1
2026-07-22 06:29:00+00:00,0.6984,0.6985,0.6983,0.6984,20
2026-07-22 06:30:00+00:00,0.6984,0.6984,0.6984,0.6984,5
2026-07-22 06:32:00+00:00,0.6985,0.6987,0.6985,0.6987,17
2026-07-22 06:34:00+00:00,0.6987,0.6988,0.6987,0.6988,3
2026-07-22 06:37:00+00:00,0.6987,0.6987,0.6987,0.6987,2
2026-07-22 06:39:00+00:00,0.6986,0.6987,0.6986,0.6987,11
2026-07-22 06:41:00+00:00,0.6987,0.6987,0.6987,0.6987,1
2026-07-22 06:43:00+00:00,0.6988,0.6988,0.6988,0.6988,2
2026-07-22 06:47:00+00:00,0.6988,0.6988,0.6988,0.6988,2
2026-07-22 06:49:00+00:00,0.6987,0.6987,0.6987,0.6987,1
2026-07-22 06:50:00+00:00,0.6987,0.6987,0.6987,0.6987,1
2026-07-22 06:51:00+00:00,0.6987,0.6987,0.6987,0.6987,1
2026-07-22 06:54:00+00:00,0.6988,0.6988,0.6988,0.6988,2
2026-07-22 06:55:00+00:00,0.6988,0.6988,0.6988,0.6988,3
2026-07-22 07:02:00+00:00,0.6988,0.6989,0.6988,0.6989,2
2026-07-22 07:06:00+00:00,0.6989,0.6989,0.6989,0.6989,3
2026-07-22 07:07:00+00:00,0.6989,0.6989,0.6989,0.6989,6
2026-07-22 07:11:00+00:00,0.699,0.699,0.699,0.699,1
2026-07-22 07:12:00+00:00,0.6991,0.6991,0.6991,0.6991,1
2026-07-22 07:13:00+00:00,0.6991,0.6991,0.6991,0.6991,5
2026-07-22 07:14:00+00:00,0.6992,0.6992,0.6992,0.6992,4
2026-07-22 07:17:00+00:00,0.6992,0.6992,0.6992,0.6992,1
2026-07-22 07:18:00+00:00,0.6993,0.6994,0.6993,0.6994,13
2026-07-22 07:20:00+00:00,0.6995,0.6995,0.6995,0.6995,4
2026-07-22 07:21:00+00:00,0.6996,0.6996,0.6996,0.6996,7
2026-07-22 07:22:00+00:00,0.6995,0.6995,0.6994,0.6994,2
2026-07-22 07:23:00+00:00,0.6994,0.6994,0.6994,0.6994,8
2026-07-22 07:25:00+00:00,0.6993,0.6994,0.6993,0.6994,3
2026-07-22 07:26:00+00:00,0.6994,0.6994,0.6994,0.6994,1
2026-07-22 07:29:00+00:00,0.6994,0.6995,0.6994,0.6995,9
2026-07-22 07:30:00+00:00,0.6996,0.6997,0.6996,0.6997,19
2026-07-22 07:31:00+00:00,0.6996,0.6998,0.6996,0.6998,15
2026-07-22 07:32:00+00:00,0.6997,0.6997,0.6997,0.6997,5
2026-07-22 07:34:00+00:00,0.6996,0.6996,0.6996,0.6996,4
2026-07-22 07:35:00+00:00,0.6995,0.6995,0.6995,0.6995,1
2026-07-22 07:37:00+00:00,0.6995,0.6995,0.6995,0.6995,2
2026-07-22 07:40:00+00:00,0.6993,0.6993,0.6992,0.6992,4
2026-07-22 07:41:00+00:00,0.6991,0.6991,0.6989,0.6989,6
2026-07-22 07:43:00+00:00,0.6989,0.699,0.6989,0.699,4
2026-07-22 07:44:00+00:00,0.6989,0.6989,0.6989,0.6989,2
2026-07-22 07:47:00+00:00,0.6988,0.6988,0.6988,0.6988,21
2026-07-22 07:48:00+00:00,0.6988,0.6989,0.6988,0.6989,9
2026-07-22 07:49:00+00:00,0.6988,0.6988,0.6988,0.6988,1
2026-07-22 07:51:00+00:00,0.6989,0.6989,0.6989,0.6989,1
2026-07-22 07:53:00+00:00,0.699,0.699,0.699,0.699,1
2026-07-22 08:00:00+00:00,0.6989,0.6989,0.6989,0.6989,1
2026-07-22 08:01:00+00:00,0.6988,0.6988,0.6988,0.6988,11
2026-07-22 08:02:00+00:00,0.6988,0.6988,0.6988,0.6988,3
2026-07-22 08:08:00+00:00,0.6987,0.6987,0.6987,0.6987,4
2026-07-22 08:11:00+00:00,0.6987,0.6987,0.6987,0.6987,4
2026-07-22 08:12:00+00:00,0.6986,0.6986,0.6985,0.6986,6
2026-07-22 08:14:00+00:00,0.6987,0.6987,0.6987,0.6987,1
2026-07-22 08:15:00+00:00,0.6986,0.6986,0.6985,0.6986,8
2026-07-22 08:19:00+00:00,0.6987,0.6987,0.6986,0.6986,3
2026-07-22 08:26:00+00:00,0.6988,0.6988,0.6988,0.6988,5
2026-07-22 08:27:00+00:00,0.6988,0.6988,0.6988,0.6988,4
2026-07-22 08:30:00+00:00,0.699,0.699,0.699,0.699,1
2026-07-22 08:32:00+00:00,0.6991,0.6991,0.6991,0.6991,1
2026-07-22 08:33:00+00:00,0.6991,0.6991,0.6991,0.6991,3
2026-07-22 08:34:00+00:00,0.699,0.699,0.699,0.699,2
2026-07-22 08:41:00+00:00,0.6991,0.6991,0.6991,0.6991,1
2026-07-22 08:45:00+00:00,0.6991,0.6991,0.6991,0.6991,1
2026-07-22 08:48:00+00:00,0.699,0.699,0.699,0.699,1
2026-07-22 08:50:00+00:00,0.699,0.699,0.699,0.699,1
2026-07-22 08:51:00+00:00,0.699,0.699,0.699,0.699,1
2026-07-22 08:53:00+00:00,0.6991,0.6991,0.6991,0.6991,1
2026-07-22 08:56:00+00:00,0.6991,0.6991,0.6991,0.6991,1
2026-07-22 09:01:00+00:00,0.6991,0.6991,0.6991,0.6991,5
2026-07-22 09:14:00+00:00,0.6991,0.6991,0.6991,0.6991,5
2026-07-22 09:21:00+00:00,0.6992,0.6992,0.6992,0.6992,1
2026-07-22 09:23:00+00:00,0.699,0.699,0.699,0.699,1
2026-07-22 09:29:00+00:00,0.699,0.699,0.699,0.699,19
2026-07-22 09:30:00+00:00,0.6991,0.6991,0.6991,0.6991,4
2026-07-22 09:32:00+00:00,0.699,0.699,0.699,0.699,1
2026-07-22 09:34:00+00:00,0.6991,0.6991,0.6991,0.6991,4
2026-07-22 09:40:00+00:00,0.6988,0.6988,0.6988,0.6988,1
2026-07-22 09:41:00+00:00,0.6987,0.6987,0.6987,0.6987,2
2026-07-22 09:42:00+00:00,0.6987,0.6987,0.6987,0.6987,1
2026-07-22 09:43:00+00:00,0.6988,0.6988,0.6988,0.6988,2
2026-07-22 09:46:00+00:00,0.6987,0.6987,0.6987,0.6987,1
2026-07-22 09:49:00+00:00,0.6987,0.6987,0.6987,0.6987,1
2026-07-22 09:52:00+00:00,0.6986,0.6986,0.6986,0.6986,1
2026-07-22 09:53:00+00:00,0.6985,0.6985,0.6985,0.6985,1
2026-07-22 09:54:00+00:00,0.6986,0.6986,0.6986,0.6986,7
2026-07-22 09:56:00+00:00,0.6987,0.6987,0.6987,0.6987,2
2026-07-22 09:57:00+00:00,0.6987,0.6987,0.6987,0.6987,1
2026-07-22 10:01:00+00:00,0.6988,0.6988,0.6988,0.6988,2
2026-07-22 10:02:00+00:00,0.6988,0.6988,0.6988,0.6988,1
2026-07-22 10:05:00+00:00,0.6985,0.6985,0.6985,0.6985,3
2026-07-22 10:08:00+00:00,0.6985,0.6985,0.6985,0.6985,2
2026-07-22 10:09:00+00:00,0.6985,0.6985,0.6985,0.6985,8
2026-07-22 10:11:00+00:00,0.6985,0.6985,0.6985,0.6985,1
2026-07-22 10:12:00+00:00,0.6985,0.6985,0.6985,0.6985,2
2026-07-22 10:14:00+00:00,0.6985,0.6985,0.6985,0.6985,4
2026-07-22 10:19:00+00:00,0.6987,0.6987,0.6987,0.6987,2
2026-07-22 10:20:00+00:00,0.6988,0.6988,0.6988,0.6988,2
2026-07-22 10:31:00+00:00,0.6987,0.6987,0.6987,0.6987,1
2026-07-22 10:31:00+00:00,0.6979,0.6979,0.6979,0.6979,1
2026-07-22 10:37:00+00:00,0.6987,0.6987,0.6987,0.6987,10
2026-07-22 10:44:00+00:00,0.6987,0.6987,0.6987,0.6987,1
2026-07-22 10:49:00+00:00,0.6987,0.6987,0.6987,0.6987,1
2026-07-22 10:52:00+00:00,0.6988,0.6988,0.6988,0.6988,1
2026-07-22 10:54:00+00:00,0.6987,0.6987,0.6987,0.6987,1
2026-07-22 11:01:00+00:00,0.6986,0.6986,0.6986,0.6986,4
2026-07-22 11:02:00+00:00,0.6986,0.6986,0.6986,0.6986,1
2026-07-22 11:11:00+00:00,0.6987,0.6987,0.6987,0.6987,1
2026-07-22 11:16:00+00:00,0.6987,0.6987,0.6987,0.6987,1
2026-07-22 11:17:00+00:00,0.6987,0.6987,0.6987,0.6987,1
2026-07-22 11:19:00+00:00,0.6986,0.6986,0.6986,0.6986,1
2026-07-22 11:25:00+00:00,0.6985,0.6985,0.6984,0.6984,2
2026-07-22 11:26:00+00:00,0.6984,0.6984,0.6984,0.6984,1
2026-07-22 11:27:00+00:00,0.6984,0.6985,0.6984,0.6985,3
2026-07-22 11:37:00+00:00,0.6986,0.6986,0.6986,0.6986,1
2026-07-22 11:40:00+00:00,0.6986,0.6986,0.6985,0.6985,13
2026-07-22 11:41:00+00:00,0.6984,0.6985,0.6984,0.6985,6
2026-07-22 11:42:00+00:00,0.6985,0.6985,0.6984,0.6984,53
2026-07-22 11:43:00+00:00,0.6983,0.6983,0.6981,0.6981,25
2026-07-22 11:46:00+00:00,0.6984,0.6984,0.6984,0.6984,3
2026-07-22 11:47:00+00:00,0.6984,0.6984,0.6984,0.6984,1
2026-07-22 11:48:00+00:00,0.6986,0.6986,0.6986,0.6986,1
2026-07-22 11:51:00+00:00,0.6986,0.6988,0.6986,0.6988,88
2026-07-22 11:52:00+00:00,0.6987,0.6987,0.6987,0.6987,3
2026-07-22 11:53:00+00:00,0.6987,0.6987,0.6987,0.6987,46
2026-07-22 11:54:00+00:00,0.6987,0.6987,0.6987,0.6987,8
2026-07-22 11:55:00+00:00,0.6987,0.6987,0.6987,0.6987,1
2026-07-22 11:59:00+00:00,0.6987,0.6987,0.6987,0.6987,1
2026-07-22 12:00:00+00:00,0.6988,0.6989,0.6988,0.6989,3
2026-07-22 12:01:00+00:00,0.6989,0.6989,0.6989,0.6989,3
2026-07-22 12:02:00+00:00,0.6988,0.6989,0.6988,0.6989,4
2026-07-22 12:03:00+00:00,0.6988,0.6988,0.6988,0.6988,4
2026-07-22 12:05:00+00:00,0.6988,0.6988,0.6988,0.6988,2
2026-07-22 12:07:00+00:00,0.6988,0.6988,0.6988,0.6988,2
2026-07-22 12:08:00+00:00,0.6987,0.6987,0.6987,0.6987,1
2026-07-22 12:09:00+00:00,0.6987,0.6987,0.6987,0.6987,7
2026-07-22 12:10:00+00:00,0.6988,0.6988,0.6988,0.6988,1
2026-07-22 12:11:00+00:00,0.6988,0.6988,0.6988,0.6988,1
2026-07-22 12:12:00+00:00,0.6988,0.6988,0.6988,0.6988,19
2026-07-22 12:15:00+00:00,0.6988,0.6988,0.6988,0.6988,1
2026-07-22 12:18:00+00:00,0.6988,0.6988,0.6988,0.6988,1
2026-07-22 12:21:00+00:00,0.6988,0.6988,0.6988,0.6988,1
2026-07-22 12:22:00+00:00,0.6987,0.6987,0.6987,0.6987,32
2026-07-22 12:25:00+00:00,0.6986,0.6986,0.6986,0.6986,1
2026-07-22 12:30:00+00:00,0.6988,0.6988,0.6988,0.6988,1
2026-07-22 12:31:00+00:00,0.6987,0.6987,0.6987,0.6987,3
2026-07-22 12:36:00+00:00,0.6988,0.6988,0.6988,0.6988,5
2026-07-22 12:38:00+00:00,0.6987,0.6987,0.6987,0.6987,10
2026-07-22 12:40:00+00:00,0.6986,0.6986,0.6986,0.6986,1
2026-07-22 12:46:00+00:00,0.6983,0.6983,0.6983,0.6983,7
2026-07-22 12:47:00+00:00,0.6983,0.6983,0.6983,0.6983,1
2026-07-22 12:48:00+00:00,0.6982,0.6982,0.6981,0.6981,4
2026-07-22 12:49:00+00:00,0.6981,0.6981,0.6981,0.6981,2
2026-07-22 12:50:00+00:00,0.6981,0.6981,0.6981,0.6981,2
2026-07-22 12:51:00+00:00,0.6981,0.6981,0.6981,0.6981,1
2026-07-22 12:52:00+00:00,0.6981,0.6981,0.6981,0.6981,15
2026-07-22 12:53:00+00:00,0.6981,0.6981,0.6981,0.6981,1
2026-07-22 12:54:00+00:00,0.698,0.698,0.6979,0.6979,73
2026-07-22 12:56:00+00:00,0.6979,0.6979,0.6974,0.6975,172
2026-07-22 12:57:00+00:00,0.6975,0.6979,0.6975,0.6979,35
2026-07-22 12:58:00+00:00,0.6979,0.6979,0.6978,0.6979,9
2026-07-22 12:58:00+00:00,0.697,0.697,0.697,0.697,1
2026-07-22 12:59:00+00:00,0.6978,0.6978,0.6978,0.6978,6
2026-07-22 13:02:00+00:00,0.698,0.6982,0.698,0.6982,21
2026-07-22 13:06:00+00:00,0.6982,0.6982,0.6982,0.6982,6
2026-07-22 13:07:00+00:00,0.6983,0.6983,0.6983,0.6983,1
2026-07-22 13:12:00+00:00,0.6983,0.6983,0.6983,0.6983,1
2026-07-22 13:13:00+00:00,0.6983,0.6983,0.6983,0.6983,1
2026-07-22 13:19:00+00:00,0.6984,0.6985,0.6984,0.6985,3
2026-07-22 13:23:00+00:00,0.6987,0.6988,0.6987,0.6988,6
2026-07-22 13:24:00+00:00,0.6989,0.6989,0.6988,0.6988,5
2026-07-22 13:26:00+00:00,0.6989,0.6989,0.6989,0.6989,2
2026-07-22 13:28:00+00:00,0.6988,0.6988,0.6988,0.6988,5
2026-07-22 13:29:00+00:00,0.6987,0.6987,0.6987,0.6987,9
2026-07-22 13:30:00+00:00,0.6988,0.6991,0.6988,0.6991,45
2026-07-22 13:31:00+00:00,0.6991,0.6994,0.6991,0.6993,40
2026-07-22 13:32:00+00:00,0.6992,0.6992,0.6992,0.6992,5
2026-07-22 13:33:00+00:00,0.6992,0.6992,0.699,0.699,22
2026-07-22 13:36:00+00:00,0.6991,0.6992,0.6991,0.6992,2
2026-07-22 13:38:00+00:00,0.6991,0.6991,0.6991,0.6991,1
2026-07-22 13:39:00+00:00,0.699,0.699,0.699,0.699,4
2026-07-22 13:40:00+00:00,0.6989,0.6989,0.6989,0.6989,10
2026-07-22 13:41:00+00:00,0.699,0.6991,0.699,0.6991,5
2026-07-22 13:43:00+00:00,0.6992,0.6992,0.6992,0.6992,1
2026-07-22 13:44:00+00:00,0.6992,0.6992,0.6992,0.6992,1
2026-07-22 13:45:00+00:00,0.6992,0.6993,0.6992,0.6992,9
2026-07-22 13:46:00+00:00,0.6991,0.6991,0.699,0.699,6
2026-07-22 13:48:00+00:00,0.6989,0.6989,0.6989,0.6989,3
2026-07-22 13:50:00+00:00,0.6988,0.6988,0.6987,0.6987,4
2026-07-22 13:51:00+00:00,0.6977,0.6977,0.6977,0.6977,1
2026-07-22 13:51:00+00:00,0.6989,0.6989,0.6989,0.6989,1
2026-07-22 13:52:00+00:00,0.699,0.699,0.699,0.699,6
2026-07-22 13:53:00+00:00,0.699,0.699,0.6989,0.6989,2
2026-07-22 13:57:00+00:00,0.6989,0.6989,0.6989,0.6989,5
2026-07-22 14:01:00+00:00,0.6989,0.699,0.6989,0.699,5
2026-07-22 14:02:00+00:00,0.6988,0.6988,0.6988,0.6988,3
2026-07-22 14:03:00+00:00,0.6989,0.6989,0.6989,0.6989,5
2026-07-22 14:05:00+00:00,0.6989,0.6989,0.6988,0.6988,2
2026-07-22 14:07:00+00:00,0.6988,0.6988,0.6988,0.6988,8
2026-07-22 14:08:00+00:00,0.6986,0.6986,0.6986,0.6986,6
2026-07-22 14:09:00+00:00,0.6987,0.6987,0.6987,0.6987,1
2026-07-22 14:10:00+00:00,0.6987,0.6987,0.6987,0.6987,5
2026-07-22 14:12:00+00:00,0.6989,0.6989,0.6989,0.6989,1
2026-07-22 14:13:00+00:00,0.699,0.699,0.699,0.699,1
2026-07-22 14:15:00+00:00,0.6989,0.6989,0.6989,0.6989,2
2026-07-22 14:18:00+00:00,0.699,0.699,0.699,0.699,9
2026-07-22 14:22:00+00:00,0.6989,0.6989,0.6989,0.6989,2
2026-07-22 14:23:00+00:00,0.6988,0.6988,0.6987,0.6987,4
2026-07-22 14:25:00+00:00,0.6988,0.6988,0.6988,0.6988,1
2026-07-22 14:26:00+00:00,0.6986,0.6986,0.6985,0.6985,13
2026-07-22 14:27:00+00:00,0.6987,0.6987,0.6987,0.6987,1
2026-07-22 14:29:00+00:00,0.6986,0.6986,0.6986,0.6986,1
2026-07-22 14:30:00+00:00,0.6986,0.6988,0.6986,0.6988,21
2026-07-22 14:32:00+00:00,0.6988,0.6988,0.6988,0.6988,4
2026-07-22 14:34:00+00:00,0.6988,0.6988,0.6988,0.6988,1
2026-07-22 14:35:00+00:00,0.6988,0.6988,0.6988,0.6988,1
2026-07-22 14:38:00+00:00,0.6989,0.6989,0.6989,0.6989,4
2026-07-22 14:39:00+00:00,0.699,0.699,0.699,0.699,1
2026-07-22 14:42:00+00:00,0.6989,0.6991,0.6989,0.6991,4
2026-07-22 14:46:00+00:00,0.699,0.699,0.699,0.699,5
2026-07-22 14:47:00+00:00,0.699,0.699,0.699,0.699,1
2026-07-22 14:50:00+00:00,0.6991,0.6991,0.6991,0.6991,11
2026-07-22 14:52:00+00:00,0.6992,0.6992,0.6992,0.6992,2
2026-07-22 14:55:00+00:00,0.699,0.699,0.6989,0.6989,41
2026-07-22 14:57:00+00:00,0.6988,0.6988,0.6988,0.6988,2
2026-07-22 15:02:00+00:00,0.699,0.699,0.699,0.699,2
2026-07-22 15:12:00+00:00,0.699,0.699,0.699,0.699,2
2026-07-22 15:21:00+00:00,0.699,0.699,0.699,0.699,1
2026-07-22 15:24:00+00:00,0.6991,0.6991,0.6991,0.6991,8
2026-07-22 15:25:00+00:00,0.699,0.699,0.699,0.699,1
2026-07-22 15:30:00+00:00,0.6992,0.6992,0.6992,0.6992,1
2026-07-22 15:32:00+00:00,0.6992,0.6992,0.6992,0.6992,1
2026-07-22 15:33:00+00:00,0.6992,0.6992,0.6992,0.6992,3
2026-07-22 15:35:00+00:00,0.699,0.699,0.699,0.699,2
2026-07-22 15:40:00+00:00,0.6991,0.6991,0.6991,0.6991,1
2026-07-22 15:41:00+00:00,0.6992,0.6992,0.6992,0.6992,2
2026-07-22 15:42:00+00:00,0.6992,0.6992,0.6992,0.6992,1
2026-07-22 15:43:00+00:00,0.6992,0.6992,0.6991,0.6991,10
2026-07-22 15:45:00+00:00,0.6991,0.6991,0.6991,0.6991,1
2026-07-22 15:49:00+00:00,0.6993,0.6993,0.6993,0.6993,5
2026-07-22 15:50:00+00:00,0.6993,0.6993,0.6992,0.6992,4
2026-07-22 15:56:00+00:00,0.6992,0.6992,0.6991,0.6991,2
2026-07-22 15:58:00+00:00,0.6993,0.6993,0.6993,0.6993,4
2026-07-22 16:00:00+00:00,0.6994,0.6994,0.6994,0.6994,6
2026-07-22 16:01:00+00:00,0.6993,0.6993,0.6993,0.6993,1
2026-07-22 16:03:00+00:00,0.6994,0.6994,0.6994,0.6994,1
2026-07-22 16:06:00+00:00,0.6994,0.6994,0.6994,0.6994,25
2026-07-22 16:08:00+00:00,0.6992,0.6992,0.6992,0.6992,1
2026-07-22 16:14:00+00:00,0.6991,0.6991,0.699,0.699,32
2026-07-22 16:16:00+00:00,0.699,0.699,0.6989,0.6989,5
2026-07-22 16:18:00+00:00,0.6989,0.6989,0.6989,0.6989,9
2026-07-22 16:20:00+00:00,0.6989,0.6989,0.6989,0.6989,2
2026-07-22 16:34:00+00:00,0.6988,0.6989,0.6988,0.6989,3
2026-07-22 16:46:00+00:00,0.6987,0.6987,0.6987,0.6987,1
2026-07-22 16:49:00+00:00,0.6988,0.6988,0.6988,0.6988,1
2026-07-22 16:55:00+00:00,0.6989,0.6989,0.6989,0.6989,2
2026-07-22 16:59:00+00:00,0.6989,0.6989,0.6989,0.6989,1
2026-07-22 17:00:00+00:00,0.699,0.699,0.6988,0.6988,2
2026-07-22 17:02:00+00:00,0.6989,0.6989,0.6989,0.6989,1
2026-07-22 17:04:00+00:00,0.6989,0.6989,0.6989,0.6989,1
2026-07-22 17:16:00+00:00,0.6989,0.6989,0.6989,0.6989,1
2026-07-22 17:21:00+00:00,0.6989,0.6989,0.6989,0.6989,1
2026-07-22 17:34:00+00:00,0.6988,0.6988,0.6988,0.6988,1
2026-07-22 17:40:00+00:00,0.6986,0.6986,0.6986,0.6986,3
2026-07-22 17:51:00+00:00,0.6987,0.6987,0.6987,0.6987,1
2026-07-22 17:55:00+00:00,0.6986,0.6986,0.6986,0.6986,1
2026-07-22 18:03:00+00:00,0.6986,0.6986,0.6986,0.6986,4
2026-07-22 18:10:00+00:00,0.6985,0.6985,0.6985,0.6985,1
2026-07-22 18:12:00+00:00,0.6985,0.6985,0.6985,0.6985,3
2026-07-22 18:17:00+00:00,0.6985,0.6985,0.6985,0.6985,1
2026-07-22 18:22:00+00:00,0.6986,0.6987,0.6986,0.6987,5
2026-07-22 18:30:00+00:00,0.6987,0.6987,0.6987,0.6987,13
2026-07-22 18:54:00+00:00,0.6988,0.6988,0.6988,0.6988,1
2026-07-22 18:56:00+00:00,0.6989,0.6989,0.6989,0.6989,9
2026-07-22 18:59:00+00:00,0.6988,0.6989,0.6988,0.6989,4
2026-07-22 19:00:00+00:00,0.6989,0.6989,0.6989,0.6989,1
2026-07-22 19:01:00+00:00,0.6989,0.6989,0.6989,0.6989,1
2026-07-22 19:02:00+00:00,0.6988,0.6988,0.6988,0.6988,1
2026-07-22 19:04:00+00:00,0.6989,0.6989,0.6989,0.6989,2
2026-07-22 19:14:00+00:00,0.6986,0.6986,0.6986,0.6986,1
2026-07-22 19:18:00+00:00,0.6988,0.6988,0.6988,0.6988,1
2026-07-22 19:25:00+00:00,0.6989,0.6989,0.6989,0.6989,1
2026-07-22 19:31:00+00:00,0.6987,0.6987,0.6987,0.6987,2
2026-07-22 19:32:00+00:00,0.6988,0.6988,0.6988,0.6988,1
2026-07-22 19:33:00+00:00,0.6988,0.6988,0.6988,0.6988,1
2026-07-22 19:36:00+00:00,0.6988,0.6988,0.6988,0.6988,1
2026-07-22 19:37:00+00:00,0.6987,0.6987,0.6987,0.6987,2
2026-07-22 19:38:00+00:00,0.6988,0.6988,0.6988,0.6988,2
2026-07-22 19:40:00+00:00,0.6988,0.6988,0.6988,0.6988,10
2026-07-22 19:44:00+00:00,0.6989,0.6989,0.6989,0.6989,1
2026-07-22 19:50:00+00:00,0.6988,0.6988,0.6988,0.6988,4
2026-07-22 19:56:00+00:00,0.6987,0.6987,0.6987,0.6987,4
2026-07-22 19:59:00+00:00,0.6989,0.6989,0.6989,0.6989,4
2026-07-22 20:00:00+00:00,0.699,0.699,0.6989,0.6989,3
2026-07-22 20:01:00+00:00,0.699,0.699,0.699,0.699,16
2026-07-22 20:02:00+00:00,0.699,0.699,0.699,0.699,5
2026-07-22 20:06:00+00:00,0.6989,0.6989,0.6989,0.6989,4
2026-07-22 20:10:00+00:00,0.699,0.699,0.699,0.699,1
2026-07-22 20:13:00+00:00,0.6991,0.6991,0.6991,0.6991,1
2026-07-22 20:16:00+00:00,0.6991,0.6991,0.6991,0.6991,1
2026-07-22 20:21:00+00:00,0.6992,0.6992,0.6991,0.6991,5
2026-07-22 20:23:00+00:00,0.6991,0.6991,0.6991,0.6991,1
2026-07-22 20:25:00+00:00,0.6991,0.6991,0.6991,0.6991,3
2026-07-22 20:26:00+00:00,0.6991,0.6991,0.6991,0.6991,3
2026-07-22 20:30:00+00:00,0.6991,0.6991,0.6991,0.6991,1
2026-07-22 20:33:00+00:00,0.6991,0.6991,0.6991,0.6991,1
2026-07-22 20:35:00+00:00,0.699,0.699,0.699,0.699,1
2026-07-22 20:45:00+00:00,0.6989,0.699,0.6989,0.699,2
2026-07-22 20:46:00+00:00,0.6989,0.6989,0.6989,0.6989,1
2026-07-22 20:47:00+00:00,0.6989,0.699,0.6989,0.699,5
2026-07-22 20:55:00+00:00,0.699,0.699,0.699,0.699,4
2026-07-22 20:57:00+00:00,0.699,0.6991,0.699,0.6991,2
2026-07-22 22:00:00+00:00,0.6986,0.6987,0.6986,0.6987,6
2026-07-22 22:05:00+00:00,0.6985,0.6985,0.6985,0.6985,1
2026-07-22 22:06:00+00:00,0.6985,0.6985,0.6985,0.6985,3
2026-07-22 22:10:00+00:00,0.6983,0.6984,0.6982,0.6984,10
2026-07-22 22:11:00+00:00,0.6984,0.6984,0.6984,0.6984,3
2026-07-22 22:14:00+00:00,0.6983,0.6983,0.6983,0.6983,4
2026-07-22 22:15:00+00:00,0.6983,0.6984,0.6983,0.6983,20
2026-07-22 22:18:00+00:00,0.6983,0.6983,0.6983,0.6983,4
2026-07-22 22:27:00+00:00,0.6982,0.6983,0.6982,0.6983,6
2026-07-22 22:28:00+00:00,0.6982,0.6982,0.6982,0.6982,5
2026-07-22 22:30:00+00:00,0.6981,0.6981,0.6981,0.6981,3
2026-07-22 22:31:00+00:00,0.6982,0.6982,0.6981,0.6981,5
2026-07-22 22:32:00+00:00,0.6982,0.6982,0.6982,0.6982,1
2026-07-22 22:33:00+00:00,0.6983,0.6983,0.6983,0.6983,5
2026-07-22 22:34:00+00:00,0.6983,0.6983,0.6983,0.6983,5
2026-07-22 22:35:00+00:00,0.6982,0.6982,0.6982,0.6982,3
2026-07-22 22:37:00+00:00,0.6983,0.6983,0.6983,0.6983,2
2026-07-22 22:41:00+00:00,0.6981,0.6981,0.6981,0.6981,1
2026-07-22 22:42:00+00:00,0.6981,0.6981,0.6981,0.6981,8
2026-07-22 22:43:00+00:00,0.698,0.698,0.698,0.698,2
2026-07-22 22:44:00+00:00,0.698,0.698,0.698,0.698,2
2026-07-22 22:45:00+00:00,0.6981,0.6981,0.6981,0.6981,1
2026-07-22 22:48:00+00:00,0.6981,0.6981,0.6981,0.6981,1
2026-07-22 22:49:00+00:00,0.6982,0.6982,0.6982,0.6982,4
2026-07-22 23:04:00+00:00,0.6983,0.6983,0.6983,0.6983,5
2026-07-22 23:16:00+00:00,0.6984,0.6984,0.6984,0.6984,2
2026-07-22 23:18:00+00:00,0.6984,0.6984,0.6984,0.6984,4
2026-07-22 23:19:00+00:00,0.6984,0.6984,0.6984,0.6984,1
2026-07-22 23:20:00+00:00,0.6984,0.6984,0.6984,0.6984,3
2026-07-22 23:26:00+00:00,0.6984,0.6984,0.6984,0.6984,1
2026-07-22 23:29:00+00:00,0.6984,0.6984,0.6984,0.6984,2
2026-07-22 23:34:00+00:00,0.6984,0.6984,0.6984,0.6984,2
2026-07-22 23:38:00+00:00,0.6985,0.6985,0.6985,0.6985,1
2026-07-22 23:41:00+00:00,0.6984,0.6984,0.6984,0.6984,2
2026-07-22 23:42:00+00:00,0.6983,0.6983,0.6983,0.6983,4
2026-07-22 23:45:00+00:00,0.6984,0.6984,0.6984,0.6984,2
2026-07-22 23:46:00+00:00,0.6983,0.6984,0.6983,0.6984,19
2026-07-22 23:47:00+00:00,0.6984,0.6984,0.6984,0.6984,2
2026-07-22 23:48:00+00:00,0.6983,0.6983,0.6983,0.6983,2
2026-07-22 23:50:00+00:00,0.6983,0.6983,0.6983,0.6983,5
2026-07-23 00:00:00+00:00,0.6984,0.6984,0.6984,0.6984,1
2026-07-23 00:01:00+00:00,0.6984,0.6984,0.6984,0.6984,1
2026-07-23 00:09:00+00:00,0.6984,0.6984,0.6984,0.6984,4
2026-07-23 00:17:00+00:00,0.6984,0.6984,0.6984,0.6984,5
2026-07-23 00:19:00+00:00,0.6984,0.6984,0.6984,0.6984,5
2026-07-23 00:23:00+00:00,0.6985,0.6985,0.6985,0.6985,2
2026-07-23 00:27:00+00:00,0.6986,0.6986,0.6986,0.6986,8
2026-07-23 00:29:00+00:00,0.6985,0.6985,0.6985,0.6985,1
2026-07-23 00:34:00+00:00,0.6985,0.6986,0.6985,0.6986,2
2026-07-23 00:35:00+00:00,0.6986,0.6986,0.6986,0.6986,4
2026-07-23 00:36:00+00:00,0.6986,0.6986,0.6985,0.6985,3
2026-07-23 00:39:00+00:00,0.6985,0.6985,0.6985,0.6985,4
2026-07-23 00:45:00+00:00,0.6986,0.6986,0.6986,0.6986,2
2026-07-23 00:49:00+00:00,0.6985,0.6985,0.6985,0.6985,5
2026-07-23 00:51:00+00:00,0.6985,0.6985,0.6985,0.6985,5
2026-07-23 00:53:00+00:00,0.6984,0.6984,0.6984,0.6984,2
2026-07-23 00:55:00+00:00,0.6987,0.6987,0.6987,0.6987,1
2026-07-23 00:58:00+00:00,0.6987,0.6987,0.6987,0.6987,2
2026-07-23 00:59:00+00:00,0.6988,0.6988,0.6988,0.6988,4
2026-07-23 01:00:00+00:00,0.6989,0.699,0.6989,0.6989,11
2026-07-23 01:01:00+00:00,0.699,0.6992,0.699,0.6992,10
2026-07-23 01:03:00+00:00,0.6989,0.6989,0.6989,0.6989,1
2026-07-23 01:09:00+00:00,0.699,0.699,0.699,0.699,2
2026-07-23 01:19:00+00:00,0.6991,0.6991,0.6991,0.6991,3
2026-07-23 01:22:00+00:00,0.6992,0.6992,0.6992,0.6992,2
2026-07-23 01:23:00+00:00,0.6992,0.6992,0.6992,0.6992,1
2026-07-23 01:25:00+00:00,0.6991,0.6991,0.6991,0.6991,1
2026-07-23 01:26:00+00:00,0.6991,0.6991,0.6991,0.6991,13
2026-07-23 01:27:00+00:00,0.6992,0.6992,0.6992,0.6992,2
2026-07-23 01:28:00+00:00,0.699,0.699,0.699,0.699,1
2026-07-23 01:30:00+00:00,0.6985,0.6986,0.6985,0.6986,40
2026-07-23 01:30:00+00:00,0.6992,0.7003,0.699,0.6999,247
2026-07-23 01:31:00+00:00,0.6997,0.6999,0.6997,0.6997,38
2026-07-23 01:32:00+00:00,0.6997,0.6997,0.6996,0.6997,13
2026-07-23 01:33:00+00:00,0.7,0.7002,0.7,0.7002,14
2026-07-23 01:34:00+00:00,0.7002,0.7004,0.7002,0.7004,73
2026-07-23 01:35:00+00:00,0.7004,0.7007,0.7004,0.7006,37
2026-07-23 01:36:00+00:00,0.7006,0.7008,0.7006,0.7008,31
2026-07-23 01:37:00+00:00,0.7009,0.7012,0.7009,0.7011,83
2026-07-23 01:38:00+00:00,0.7011,0.7015,0.7011,0.7013,59
2026-07-23 01:39:00+00:00,0.7014,0.7014,0.7011,0.7011,9
2026-07-23 01:40:00+00:00,0.701,0.7014,0.701,0.7014,15
2026-07-23 01:41:00+00:00,0.7013,0.7014,0.7013,0.7014,87
2026-07-23 01:42:00+00:00,0.7014,0.7014,0.7012,0.7012,15
2026-07-23 01:43:00+00:00,0.7011,0.7012,0.7011,0.7012,4
2026-07-23 01:44:00+00:00,0.7011,0.7011,0.701,0.701,6
2026-07-23 01:44:00+00:00,0.7,0.7,0.7,0.7,1
2026-07-23 01:45:00+00:00,0.7009,0.701,0.7009,0.701,5
2026-07-23 01:46:00+00:00,0.7011,0.7011,0.701,0.701,3
2026-07-23 01:47:00+00:00,0.701,0.701,0.7009,0.7009,7
2026-07-23 01:48:00+00:00,0.7008,0.7008,0.7007,0.7007,11
2026-07-23 01:51:00+00:00,0.7009,0.7009,0.7008,0.7008,2
2026-07-23 01:53:00+00:00,0.7007,0.7007,0.7007,0.7007,8
2026-07-23 01:54:00+00:00,0.7006,0.7006,0.7006,0.7006,8
2026-07-23 01:55:00+00:00,0.7008,0.7008,0.7008,0.7008,3
2026-07-23 01:56:00+00:00,0.7008,0.7008,0.7008,0.7008,6
2026-07-23 01:57:00+00:00,0.7007,0.7007,0.7006,0.7006,6
2026-07-23 01:58:00+00:00,0.7006,0.7006,0.7006,0.7006,6
2026-07-23 01:59:00+00:00,0.7006,0.7006,0.7006,0.7006,4
2026-07-23 02:00:00+00:00,0.7005,0.7005,0.7005,0.7005,9
2026-07-23 02:01:00+00:00,0.7005,0.7005,0.7005,0.7005,3
2026-07-23 02:02:00+00:00,0.7006,0.7007,0.7006,0.7007,10
2026-07-23 02:03:00+00:00,0.7008,0.7008,0.7007,0.7007,3
2026-07-23 02:04:00+00:00,0.7007,0.7007,0.7007,0.7007,1
2026-07-23 02:05:00+00:00,0.7009,0.701,0.7009,0.701,6
2026-07-23 02:07:00+00:00,0.7009,0.7009,0.7009,0.7009,3
2026-07-23 02:09:00+00:00,0.7009,0.7009,0.7009,0.7009,1
2026-07-23 02:11:00+00:00,0.7008,0.7008,0.7008,0.7008,8
2026-07-23 02:13:00+00:00,0.7008,0.7008,0.7008,0.7008,1
2026-07-23 02:14:00+00:00,0.7008,0.7008,0.7008,0.7008,1
2026-07-23 02:15:00+00:00,0.7007,0.7007,0.7007,0.7007,2
2026-07-23 02:17:00+00:00,0.7007,0.7007,0.7007,0.7007,1
2026-07-23 02:18:00+00:00,0.7007,0.7007,0.7007,0.7007,1
2026-07-23 02:20:00+00:00,0.7006,0.7006,0.7006,0.7006,1
2026-07-23 02:21:00+00:00,0.7006,0.7006,0.7006,0.7006,1
2026-07-23 02:22:00+00:00,0.7005,0.7005,0.7004,0.7004,2
2026-07-23 02:23:00+00:00,0.7004,0.7005,0.7004,0.7004,21
2026-07-23 02:24:00+00:00,0.7006,0.7006,0.7006,0.7006,1
2026-07-23 02:25:00+00:00,0.7005,0.7005,0.7005,0.7005,1
2026-07-23 02:27:00+00:00,0.7004,0.7004,0.7004,0.7004,10
2026-07-23 02:28:00+00:00,0.7004,0.7004,0.7004,0.7004,3
2026-07-23 02:30:00+00:00,0.7005,0.7005,0.7005,0.7005,2
2026-07-23 02:32:00+00:00,0.7006,0.7006,0.7006,0.7006,1
2026-07-23 02:34:00+00:00,0.7007,0.7007,0.7007,0.7007,1
2026-07-23 02:35:00+00:00,0.7007,0.7007,0.7007,0.7007,4
2026-07-23 02:36:00+00:00,0.7006,0.7007,0.7006,0.7007,4
2026-07-23 02:37:00+00:00,0.7007,0.7007,0.7007,0.7007,3
2026-07-23 02:38:00+00:00,0.7006,0.7006,0.7006,0.7006,6
2026-07-23 02:40:00+00:00,0.7006,0.7006,0.7006,0.7006,4
2026-07-23 02:41:00+00:00,0.7008,0.7008,0.7008,0.7008,5
2026-07-23 02:42:00+00:00,0.7008,0.7009,0.7008,0.7009,4
2026-07-23 02:44:00+00:00,0.7009,0.7009,0.7009,0.7009,2
2026-07-23 02:45:00+00:00,0.7009,0.7009,0.7009,0.7009,1
2026-07-23 02:46:00+00:00,0.701,0.7012,0.701,0.7012,5
2026-07-23 02:48:00+00:00,0.701,0.701,0.701,0.701,1
2026-07-23 02:49:00+00:00,0.7009,0.7009,0.7008,0.7008,6
2026-07-23 02:51:00+00:00,0.7008,0.7008,0.7008,0.7008,2
2026-07-23 02:54:00+00:00,0.7009,0.701,0.7009,0.7009,5
2026-07-23 02:55:00+00:00,0.7009,0.7009,0.7009,0.7009,2
2026-07-23 02:56:00+00:00,0.7009,0.7009,0.7009,0.7009,1
2026-07-23 02:59:00+00:00,0.701,0.701,0.701,0.701,1
2026-07-23 03:01:00+00:00,0.7009,0.7009,0.7009,0.7009,1
2026-07-23 03:03:00+00:00,0.7009,0.7009,0.7009,0.7009,1
2026-07-23 03:05:00+00:00,0.7007,0.7007,0.7006,0.7006,2
2026-07-23 03:08:00+00:00,0.7006,0.7006,0.7006,0.7006,2
2026-07-23 03:09:00+00:00,0.7005,0.7005,0.7005,0.7005,1
2026-07-23 03:16:00+00:00,0.7006,0.7006,0.7006,0.7006,3
2026-07-23 03:24:00+00:00,0.7009,0.701,0.7009,0.701,4
2026-07-23 03:27:00+00:00,0.701,0.701,0.701,0.701,1
2026-07-23 03:28:00+00:00,0.701,0.701,0.701,0.701,1
2026-07-23 03:31:00+00:00,0.7009,0.7009,0.7009,0.7009,1
2026-07-23 03:33:00+00:00,0.7008,0.7008,0.7008,0.7008,4
2026-07-23 03:34:00+00:00,0.7009,0.7009,0.7009,0.7009,1
2026-07-23 03:35:00+00:00,0.7009,0.7009,0.7009,0.7009,1
2026-07-23 03:36:00+00:00,0.701,0.701,0.701,0.701,4
2026-07-23 03:38:00+00:00,0.701,0.701,0.701,0.701,1
2026-07-23 03:39:00+00:00,0.7011,0.7011,0.701,0.7011,7
2026-07-23 03:42:00+00:00,0.701,0.701,0.701,0.701,1
2026-07-23 03:43:00+00:00,0.7011,0.7011,0.7011,0.7011,5
2026-07-23 03:44:00+00:00,0.7011,0.7011,0.7011,0.7011,1
2026-07-23 03:46:00+00:00,0.7012,0.7012,0.7011,0.7011,3
2026-07-23 03:48:00+00:00,0.701,0.7011,0.701,0.7011,3
2026-07-23 03:55:00+00:00,0.7011,0.7011,0.7011,0.7011,16
2026-07-23 04:04:00+00:00,0.7011,0.7011,0.7011,0.7011,3
2026-07-23 04:05:00+00:00,0.7012,0.7012,0.7012,0.7012,2
2026-07-23 04:07:00+00:00,0.7011,0.7012,0.7011,0.7012,33
2026-07-23 04:08:00+00:00,0.7013,0.7013,0.7013,0.7013,8
2026-07-23 04:09:00+00:00,0.7013,0.7013,0.7013,0.7013,6
2026-07-23 04:12:00+00:00,0.7014,0.7014,0.7014,0.7014,8
2026-07-23 04:13:00+00:00,0.7014,0.7014,0.7014,0.7014,1
2026-07-23 04:15:00+00:00,0.7014,0.7014,0.7014,0.7014,1
2026-07-23 04:16:00+00:00,0.7014,0.7014,0.7014,0.7014,2
2026-07-23 04:17:00+00:00,0.7014,0.7014,0.7013,0.7013,2
2026-07-23 04:19:00+00:00,0.7012,0.7012,0.7012,0.7012,1
2026-07-23 04:24:00+00:00,0.7012,0.7012,0.7012,0.7012,8
2026-07-23 04:25:00+00:00,0.7012,0.7012,0.7012,0.7012,1
2026-07-23 04:27:00+00:00,0.7013,0.7013,0.7013,0.7013,1
2026-07-23 04:29:00+00:00,0.7013,0.7013,0.7013,0.7013,3
2026-07-23 04:32:00+00:00,0.7013,0.7013,0.7013,0.7013,2
2026-07-23 04:35:00+00:00,0.7013,0.7013,0.7013,0.7013,4
2026-07-23 04:38:00+00:00,0.7012,0.7012,0.7012,0.7012,5
2026-07-23 04:39:00+00:00,0.7012,0.7012,0.7012,0.7012,1
2026-07-23 04:42:00+00:00,0.701,0.701,0.701,0.701,1
2026-07-23 04:45:00+00:00,0.701,0.701,0.701,0.701,4
2026-07-23 04:52:00+00:00,0.7008,0.7008,0.7008,0.7008,2
2026-07-23 04:55:00+00:00,0.7008,0.7008,0.7008,0.7008,1
2026-07-23 05:07:00+00:00,0.701,0.701,0.701,0.701,1
2026-07-23 05:08:00+00:00,0.7011,0.7011,0.7011,0.7011,1
2026-07-23 05:10:00+00:00,0.701,0.701,0.701,0.701,5
2026-07-23 05:11:00+00:00,0.7009,0.7009,0.7009,0.7009,2
2026-07-23 05:17:00+00:00,0.7006,0.7006,0.7006,0.7006,1
2026-07-23 05:19:00+00:00,0.7006,0.7006,0.7006,0.7006,1
2026-07-23 05:20:00+00:00,0.7007,0.7007,0.7007,0.7007,2
2026-07-23 05:22:00+00:00,0.7007,0.7007,0.7007,0.7007,4
2026-07-23 05:26:00+00:00,0.7007,0.7007,0.7007,0.7007,7
2026-07-23 05:28:00+00:00,0.7007,0.7007,0.7007,0.7007,1
2026-07-23 05:29:00+00:00,0.7009,0.7009,0.7009,0.7009,1
2026-07-23 05:37:00+00:00,0.7007,0.7007,0.7007,0.7007,1
2026-07-23 05:39:00+00:00,0.7007,0.7007,0.7007,0.7007,6
2026-07-23 05:41:00+00:00,0.7007,0.7007,0.7007,0.7007,1
2026-07-23 05:43:00+00:00,0.7007,0.7007,0.7006,0.7006,2
2026-07-23 05:44:00+00:00,0.7006,0.7006,0.7006,0.7006,1
2026-07-23 05:48:00+00:00,0.7006,0.7006,0.7006,0.7006,8
2026-07-23 05:50:00+00:00,0.7006,0.7006,0.7006,0.7006,30
2026-07-23 05:56:00+00:00,0.7007,0.7007,0.7007,0.7007,1
2026-07-23 05:57:00+00:00,0.7006,0.7006,0.7006,0.7006,4
2026-07-23 06:02:00+00:00,0.7007,0.7007,0.7007,0.7007,1
2026-07-23 06:04:00+00:00,0.7007,0.7007,0.7007,0.7007,2
2026-07-23 06:08:00+00:00,0.7006,0.7006,0.7006,0.7006,1
2026-07-23 06:09:00+00:00,0.7006,0.7006,0.7006,0.7006,7
2026-07-23 06:12:00+00:00,0.7005,0.7005,0.7005,0.7005,4
2026-07-23 06:13:00+00:00,0.7007,0.7007,0.7007,0.7007,1
2026-07-23 06:19:00+00:00,0.7008,0.7008,0.7008,0.7008,4
2026-07-23 06:20:00+00:00,0.7007,0.7007,0.7007,0.7007,1
2026-07-23 06:21:00+00:00,0.7007,0.7008,0.7007,0.7008,2
2026-07-23 06:25:00+00:00,0.7007,0.7007,0.7007,0.7007,3
2026-07-23 06:27:00+00:00,0.7007,0.7007,0.7007,0.7007,1
2026-07-23 06:31:00+00:00,0.7007,0.7007,0.7007,0.7007,4
2026-07-23 06:34:00+00:00,0.7006,0.7006,0.7006,0.7006,4
2026-07-23 06:41:00+00:00,0.7005,0.7005,0.7005,0.7005,5
2026-07-23 06:42:00+00:00,0.7005,0.7005,0.7005,0.7005,4
2026-07-23 06:43:00+00:00,0.7005,0.7005,0.7005,0.7005,1
2026-07-23 06:48:00+00:00,0.7005,0.7005,0.7005,0.7005,6
2026-07-23 06:52:00+00:00,0.7004,0.7004,0.7004,0.7004,4
2026-07-23 06:53:00+00:00,0.7003,0.7003,0.7003,0.7003,44
2026-07-23 06:55:00+00:00,0.7002,0.7002,0.7001,0.7001,3
2026-07-23 06:58:00+00:00,0.7001,0.7001,0.7,0.7,8
2026-07-23 07:00:00+00:00,0.6999,0.6999,0.6999,0.6999,6
2026-07-23 07:01:00+00:00,0.6998,0.6998,0.6997,0.6997,9
2026-07-23 07:02:00+00:00,0.6996,0.6997,0.6996,0.6997,7
2026-07-23 07:03:00+00:00,0.6997,0.6997,0.6997,0.6997,1
2026-07-23 07:04:00+00:00,0.6996,0.6996,0.6995,0.6995,8
2026-07-23 07:06:00+00:00,0.6996,0.6996,0.6996,0.6996,4
2026-07-23 07:07:00+00:00,0.6996,0.6996,0.6996,0.6996,1
2026-07-23 07:10:00+00:00,0.6997,0.6999,0.6997,0.6999,10
2026-07-23 07:12:00+00:00,0.6998,0.6998,0.6997,0.6997,4
2026-07-23 07:13:00+00:00,0.6998,0.6998,0.6998,0.6998,5
2026-07-23 07:14:00+00:00,0.6999,0.6999,0.6999,0.6999,1
2026-07-23 07:16:00+00:00,0.7001,0.7001,0.7001,0.7001,1
2026-07-23 07:18:00+00:00,0.7002,0.7003,0.7002,0.7003,3
2026-07-23 07:19:00+00:00,0.7001,0.7001,0.7001,0.7001,4
2026-07-23 07:22:00+00:00,0.7002,0.7003,0.7002,0.7003,6
2026-07-23 07:25:00+00:00,0.7002,0.7002,0.7002,0.7002,1
2026-07-23 07:27:00+00:00,0.7002,0.7002,0.7002,0.7002,2
2026-07-23 07:28:00+00:00,0.7,0.7,0.7,0.7,1
2026-07-23 07:31:00+00:00,0.6999,0.6999,0.6999,0.6999,1
2026-07-23 07:32:00+00:00,0.6999,0.6999,0.6999,0.6999,1
2026-07-23 07:34:00+00:00,0.7001,0.7001,0.7001,0.7001,5
2026-07-23 07:36:00+00:00,0.7,0.7,0.7,0.7,5
2026-07-23 07:42:00+00:00,0.6996,0.6996,0.6995,0.6995,9
2026-07-23 07:43:00+00:00,0.6994,0.6994,0.6993,0.6993,12
2026-07-23 07:44:00+00:00,0.6995,0.6995,0.6995,0.6995,10
2026-07-23 07:45:00+00:00,0.6993,0.6995,0.6993,0.6995,10
2026-07-23 07:46:00+00:00,0.6993,0.6993,0.6992,0.6992,12
2026-07-23 07:47:00+00:00,0.6991,0.6991,0.6991,0.6991,5
2026-07-23 07:49:00+00:00,0.6993,0.6993,0.6993,0.6993,1
2026-07-23 07:53:00+00:00,0.6994,0.6994,0.6994,0.6994,2
2026-07-23 07:55:00+00:00,0.6993,0.6994,0.6992,0.6994,12
2026-07-23 07:59:00+00:00,0.6997,0.6997,0.6997,0.6997,4
2026-07-23 08:02:00+00:00,0.6995,0.6995,0.6995,0.6995,7
2026-07-23 08:03:00+00:00,0.6995,0.6995,0.6995,0.6995,1
2026-07-23 08:05:00+00:00,0.6995,0.6995,0.6995,0.6995,1
2026-07-23 08:06:00+00:00,0.6996,0.6996,0.6996,0.6996,1
2026-07-23 08:07:00+00:00,0.6998,0.6998,0.6998,0.6998,6
2026-07-23 08:08:00+00:00,0.6998,0.6998,0.6998,0.6998,4
2026-07-23 08:09:00+00:00,0.6998,0.6998,0.6998,0.6998,1
2026-07-23 08:13:00+00:00,0.6997,0.6997,0.6997,0.6997,2
2026-07-23 08:15:00+00:00,0.6994,0.6994,0.6994,0.6994,1
2026-07-23 08:16:00+00:00,0.6993,0.6993,0.6992,0.6992,8
2026-07-23 08:17:00+00:00,0.6992,0.6992,0.6992,0.6992,1
2026-07-23 08:18:00+00:00,0.6993,0.6993,0.6993,0.6993,1
2026-07-23 08:22:00+00:00,0.6993,0.6993,0.6993,0.6993,1
2026-07-23 08:23:00+00:00,0.6992,0.6992,0.6992,0.6992,3
2026-07-23 08:25:00+00:00,0.6992,0.6993,0.6992,0.6993,2
2026-07-23 08:27:00+00:00,0.6993,0.6993,0.6993,0.6993,4
2026-07-23 08:28:00+00:00,0.6993,0.6993,0.6993,0.6993,4
2026-07-23 08:31:00+00:00,0.6994,0.6994,0.6993,0.6993,22
2026-07-23 08:34:00+00:00,0.6992,0.6992,0.6992,0.6992,5
2026-07-23 08:38:00+00:00,0.6992,0.6992,0.6992,0.6992,5
2026-07-23 08:39:00+00:00,0.6993,0.6993,0.6993,0.6993,1
2026-07-23 08:42:00+00:00,0.6992,0.6993,0.6992,0.6993,3
2026-07-23 08:44:00+00:00,0.6994,0.6994,0.6993,0.6993,2
2026-07-23 08:45:00+00:00,0.6993,0.6993,0.6993,0.6993,1
2026-07-23 08:52:00+00:00,0.6993,0.6993,0.6993,0.6993,3
2026-07-23 08:54:00+00:00,0.6994,0.6994,0.6994,0.6994,3
2026-07-23 09:03:00+00:00,0.6997,0.6998,0.6997,0.6998,12
2026-07-23 09:04:00+00:00,0.6998,0.6998,0.6998,0.6998,5
2026-07-23 09:06:00+00:00,0.6999,0.7,0.6999,0.6999,5
2026-07-23 09:09:00+00:00,0.6997,0.6997,0.6997,0.6997,1
2026-07-23 09:10:00+00:00,0.6997,0.6997,0.6997,0.6997,10
2026-07-23 09:12:00+00:00,0.6996,0.6996,0.6996,0.6996,2
2026-07-23 09:14:00+00:00,0.6995,0.6995,0.6995,0.6995,2
2026-07-23 09:18:00+00:00,0.6996,0.6996,0.6996,0.6996,1
2026-07-23 09:22:00+00:00,0.6995,0.6995,0.6995,0.6995,1
2026-07-23 09:25:00+00:00,0.6994,0.6994,0.6994,0.6994,1
2026-07-23 09:26:00+00:00,0.6993,0.6993,0.6992,0.6992,11
2026-07-23 09:28:00+00:00,0.6993,0.6993,0.6993,0.6993,4
2026-07-23 09:31:00+00:00,0.6993,0.6993,0.6993,0.6993,1
2026-07-23 09:32:00+00:00,0.6992,0.6992,0.6992,0.6992,3
2026-07-23 09:33:00+00:00,0.6992,0.6992,0.6992,0.6992,1
2026-07-23 09:43:00+00:00,0.6995,0.6995,0.6995,0.6995,2
2026-07-23 09:58:00+00:00,0.6992,0.6992,0.6992,0.6992,10
2026-07-23 10:04:00+00:00,0.6992,0.6992,0.6992,0.6992,3
2026-07-23 10:06:00+00:00,0.6991,0.6991,0.699,0.699,9
2026-07-23 10:11:00+00:00,0.699,0.699,0.699,0.699,3
2026-07-23 10:13:00+00:00,0.6991,0.6991,0.699,0.699,2
2026-07-23 10:14:00+00:00,0.699,0.699,0.699,0.699,1
2026-07-23 10:15:00+00:00,0.6991,0.6991,0.6991,0.6991,4
2026-07-23 10:16:00+00:00,0.6991,0.6991,0.6991,0.6991,4
2026-07-23 10:17:00+00:00,0.6991,0.6991,0.6991,0.6991,1
2026-07-23 10:21:00+00:00,0.6991,0.6991,0.6991,0.6991,1
2026-07-23 10:27:00+00:00,0.6991,0.6991,0.6991,0.6991,4
2026-07-23 10:28:00+00:00,0.6991,0.6991,0.6991,0.6991,1
2026-07-23 10:32:00+00:00,0.6992,0.6992,0.6992,0.6992,1
2026-07-23 10:35:00+00:00,0.6991,0.6991,0.6991,0.6991,1
2026-07-23 10:42:00+00:00,0.6992,0.6992,0.6992,0.6992,13
2026-07-23 10:43:00+00:00,0.6992,0.6992,0.6992,0.6992,1
2026-07-23 10:45:00+00:00,0.6992,0.6992,0.699,0.699,5
2026-07-23 10:46:00+00:00,0.699,0.699,0.699,0.699,1
2026-07-23 10:48:00+00:00,0.6991,0.6991,0.699,0.699,2
2026-07-23 10:49:00+00:00,0.6991,0.6991,0.6991,0.6991,1
2026-07-23 10:54:00+00:00,0.6992,0.6993,0.6992,0.6993,2
2026-07-23 10:55:00+00:00,0.6993,0.6995,0.6993,0.6995,3
2026-07-23 11:01:00+00:00,0.699,0.699,0.6989,0.699,5
2026-07-23 11:02:00+00:00,0.699,0.699,0.699,0.699,2
2026-07-23 11:04:00+00:00,0.699,0.699,0.699,0.699,1
2026-07-23 11:07:00+00:00,0.6991,0.6991,0.6991,0.6991,31
2026-07-23 11:08:00+00:00,0.6992,0.6992,0.6992,0.6992,4
2026-07-23 11:09:00+00:00,0.6991,0.6991,0.6991,0.6991,2
2026-07-23 11:13:00+00:00,0.6991,0.6991,0.6991,0.6991,2
2026-07-23 11:14:00+00:00,0.6992,0.6992,0.6992,0.6992,25
2026-07-23 11:17:00+00:00,0.699,0.699,0.699,0.699,1
2026-07-23 11:19:00+00:00,0.699,0.699,0.699,0.699,1
2026-07-23 11:20:00+00:00,0.699,0.699,0.699,0.699,1
2026-07-23 11:22:00+00:00,0.699,0.699,0.699,0.699,4
2026-07-23 11:23:00+00:00,0.6989,0.6989,0.6989,0.6989,22
2026-07-23 11:25:00+00:00,0.6989,0.6989,0.6989,0.6989,2
2026-07-23 11:26:00+00:00,0.699,0.699,0.699,0.699,1
2026-07-23 11:28:00+00:00,0.6989,0.6989,0.6989,0.6989,5
2026-07-23 11:30:00+00:00,0.699,0.699,0.699,0.699,1
2026-07-23 11:32:00+00:00,0.6988,0.6988,0.6986,0.6986,15
2026-07-23 11:33:00+00:00,0.6986,0.6988,0.6986,0.6988,2
2026-07-23 11:33:00+00:00,0.6981,0.6981,0.6981,0.6981,1
2026-07-23 11:34:00+00:00,0.6986,0.6986,0.6985,0.6985,63
2026-07-23 11:35:00+00:00,0.6985,0.6985,0.6983,0.6983,78
2026-07-23 11:36:00+00:00,0.6983,0.6984,0.6983,0.6984,9
2026-07-23 11:37:00+00:00,0.6984,0.6984,0.6984,0.6984,62
2026-07-23 11:39:00+00:00,0.6983,0.6983,0.6983,0.6983,2
2026-07-23 11:40:00+00:00,0.6982,0.6982,0.6981,0.6981,10
2026-07-23 11:41:00+00:00,0.698,0.698,0.6978,0.6979,37
2026-07-23 11:42:00+00:00,0.6979,0.698,0.6979,0.698,6
2026-07-23 11:43:00+00:00,0.698,0.698,0.698,0.698,2
2026-07-23 11:45:00+00:00,0.6981,0.6982,0.6981,0.6982,4
2026-07-23 11:46:00+00:00,0.6982,0.6982,0.6982,0.6982,4
2026-07-23 11:47:00+00:00,0.6982,0.6982,0.6982,0.6982,1
2026-07-23 11:48:00+00:00,0.6984,0.6984,0.6984,0.6984,1
2026-07-23 11:49:00+00:00,0.6984,0.6985,0.6984,0.6985,9
2026-07-23 11:52:00+00:00,0.6986,0.6988,0.6986,0.6988,26
2026-07-23 11:53:00+00:00,0.6987,0.6987,0.6987,0.6987,1
2026-07-23 11:54:00+00:00,0.6987,0.6987,0.6987,0.6987,6
2026-07-23 11:57:00+00:00,0.6986,0.6986,0.6986,0.6986,2
2026-07-23 12:00:00+00:00,0.6986,0.6987,0.6986,0.6987,6
2026-07-23 12:01:00+00:00,0.6985,0.6986,0.6985,0.6986,6
2026-07-23 12:02:00+00:00,0.6985,0.6985,0.6985,0.6985,8
2026-07-23 12:04:00+00:00,0.6985,0.6985,0.6985,0.6985,1
2026-07-23 12:05:00+00:00,0.6986,0.6986,0.6986,0.6986,3
2026-07-23 12:07:00+00:00,0.6986,0.6986,0.6986,0.6986,1
2026-07-23 12:08:00+00:00,0.6987,0.6987,0.6987,0.6987,6
2026-07-23 12:09:00+00:00,0.6986,0.6986,0.6986,0.6986,2
2026-07-23 12:10:00+00:00,0.6987,0.6987,0.6987,0.6987,1
2026-07-23 12:11:00+00:00,0.6987,0.6987,0.6987,0.6987,1
2026-07-23 12:12:00+00:00,0.6987,0.6987,0.6987,0.6987,1
2026-07-23 12:13:00+00:00,0.6986,0.6987,0.6986,0.6987,8
2026-07-23 12:14:00+00:00,0.6985,0.6985,0.6984,0.6984,8
2026-07-23 12:15:00+00:00,0.6984,0.6984,0.6984,0.6984,1
2026-07-23 12:16:00+00:00,0.6983,0.6983,0.6981,0.6981,41
2026-07-23 12:17:00+00:00,0.6983,0.6983,0.6983,0.6983,2
2026-07-23 12:18:00+00:00,0.6983,0.6983,0.6983,0.6983,4
2026-07-23 12:19:00+00:00,0.6983,0.6983,0.6982,0.6982,5
2026-07-23 12:20:00+00:00,0.6982,0.6982,0.6981,0.6981,5
2026-07-23 12:21:00+00:00,0.698,0.698,0.6978,0.6978,19
2026-07-23 12:22:00+00:00,0.6979,0.6979,0.6977,0.6977,31
2026-07-23 12:23:00+00:00,0.6977,0.6978,0.6977,0.6978,75
2026-07-23 12:24:00+00:00,0.6976,0.6977,0.6976,0.6976,18
2026-07-23 12:26:00+00:00,0.6977,0.6977,0.6977,0.6977,1
2026-07-23 12:27:00+00:00,0.6977,0.6978,0.6977,0.6978,11
2026-07-23 12:28:00+00:00,0.6977,0.6978,0.6977,0.6977,10
2026-07-23 12:30:00+00:00,0.6976,0.6978,0.6967,0.6976,59
2026-07-23 12:30:00+00:00,0.6965,0.6965,0.696,0.696,8
2026-07-23 12:31:00+00:00,0.6977,0.6977,0.6976,0.6977,13
2026-07-23 12:32:00+00:00,0.6976,0.6976,0.6975,0.6975,3
2026-07-23 12:33:00+00:00,0.6976,0.6977,0.6976,0.6977,6
2026-07-23 12:34:00+00:00,0.6977,0.6977,0.6976,0.6976,6
2026-07-23 12:35:00+00:00,0.6977,0.6977,0.6977,0.6977,1
2026-07-23 12:36:00+00:00,0.6977,0.6977,0.6977,0.6977,1
2026-07-23 12:37:00+00:00,0.6972,0.6972,0.6972,0.6972,7
2026-07-23 12:38:00+00:00,0.6972,0.6972,0.6972,0.6972,2
2026-07-23 12:42:00+00:00,0.697,0.697,0.6969,0.6969,2
2026-07-23 12:42:00+00:00,0.696,0.696,0.696,0.696,1
2026-07-23 12:43:00+00:00,0.697,0.697,0.697,0.697,10
2026-07-23 12:47:00+00:00,0.6971,0.6971,0.697,0.697,13
2026-07-23 12:48:00+00:00,0.697,0.6971,0.697,0.6971,5
2026-07-23 12:49:00+00:00,0.6971,0.6973,0.6971,0.6971,3
2026-07-23 12:50:00+00:00,0.6972,0.6972,0.6972,0.6972,24
2026-07-23 12:51:00+00:00,0.6971,0.6971,0.6971,0.6971,7
2026-07-23 12:52:00+00:00,0.6971,0.6971,0.6971,0.6971,1
2026-07-23 12:53:00+00:00,0.6972,0.6972,0.6972,0.6972,1
2026-07-23 12:54:00+00:00,0.6972,0.6972,0.6972,0.6972,1
2026-07-23 12:56:00+00:00,0.6973,0.6973,0.6973,0.6973,5
2026-07-23 12:57:00+00:00,0.6973,0.6973,0.6973,0.6973,5
2026-07-23 12:59:00+00:00,0.6973,0.6973,0.6973,0.6973,2
2026-07-23 13:00:00+00:00,0.6973,0.6973,0.6973,0.6973,9
2026-07-23 13:01:00+00:00,0.6973,0.6973,0.6972,0.6972,6
2026-07-23 13:02:00+00:00,0.6971,0.6971,0.6971,0.6971,2
2026-07-23 13:03:00+00:00,0.697,0.697,0.697,0.697,5
2026-07-23 13:04:00+00:00,0.6971,0.6971,0.697,0.697,7
2026-07-23 13:05:00+00:00,0.6969,0.6969,0.6967,0.6967,60
2026-07-23 13:06:00+00:00,0.6955,0.6955,0.6955,0.6955,3
2026-07-23 13:06:00+00:00,0.6966,0.6966,0.6964,0.6964,53
2026-07-23 13:07:00+00:00,0.6963,0.6963,0.6963,0.6963,9
2026-07-23 13:08:00+00:00,0.6965,0.6966,0.6964,0.6964,6
2026-07-23 13:09:00+00:00,0.6964,0.6964,0.6964,0.6964,1
2026-07-23 13:10:00+00:00,0.6963,0.6963,0.6963,0.6963,6
2026-07-23 13:12:00+00:00,0.6963,0.6963,0.6961,0.6963,16
2026-07-23 13:13:00+00:00,0.6963,0.6963,0.6963,0.6963,1
2026-07-23 13:14:00+00:00,0.6962,0.6962,0.6962,0.6962,1
2026-07-23 13:15:00+00:00,0.6963,0.6963,0.6963,0.6963,9
2026-07-23 13:17:00+00:00,0.6964,0.6964,0.6964,0.6964,1
2026-07-23 13:19:00+00:00,0.6966,0.6966,0.6965,0.6965,15
2026-07-23 13:20:00+00:00,0.6965,0.6965,0.6965,0.6965,1
2026-07-23 13:21:00+00:00,0.6966,0.6966,0.6966,0.6966,6
2026-07-23 13:22:00+00:00,0.6966,0.6967,0.6966,0.6966,10
2026-07-23 13:23:00+00:00,0.6965,0.6965,0.6965,0.6965,3
2026-07-23 13:24:00+00:00,0.6965,0.6965,0.6965,0.6965,3
2026-07-23 13:25:00+00:00,0.6965,0.6965,0.6965,0.6965,1
2026-07-23 13:27:00+00:00,0.6964,0.6965,0.6964,0.6965,20
2026-07-23 13:28:00+00:00,0.6966,0.6966,0.6966,0.6966,9
2026-07-23 13:30:00+00:00,0.6967,0.6967,0.6967,0.6967,1
2026-07-23 13:31:00+00:00,0.6969,0.6969,0.6969,0.6969,2
2026-07-23 13:32:00+00:00,0.697,0.697,0.697,0.697,1
2026-07-23 13:33:00+00:00,0.6971,0.6972,0.6971,0.6972,9
2026-07-23 13:35:00+00:00,0.6973,0.6973,0.6973,0.6973,5
2026-07-23 13:36:00+00:00,0.6973,0.6974,0.6973,0.6974,9
2026-07-23 13:37:00+00:00,0.6976,0.6976,0.6976,0.6976,3
2026-07-23 13:38:00+00:00,0.6975,0.6975,0.6975,0.6975,4
2026-07-23 13:39:00+00:00,0.6974,0.6974,0.6973,0.6973,3
2026-07-23 13:40:00+00:00,0.6972,0.6972,0.6972,0.6972,6
2026-07-23 13:41:00+00:00,0.6973,0.6974,0.6973,0.6974,4
2026-07-23 13:45:00+00:00,0.6972,0.6972,0.6972,0.6972,4
2026-07-23 13:46:00+00:00,0.6971,0.6971,0.6971,0.6971,8
2026-07-23 13:48:00+00:00,0.697,0.697,0.6969,0.6969,16
2026-07-23 13:49:00+00:00,0.697,0.6971,0.697,0.6971,9
2026-07-23 13:50:00+00:00,0.6971,0.6972,0.697,0.697,23
2026-07-23 13:52:00+00:00,0.697,0.697,0.6969,0.6969,3
2026-07-23 13:53:00+00:00,0.697,0.697,0.697,0.697,1
2026-07-23 13:54:00+00:00,0.697,0.697,0.697,0.697,3
2026-07-23 13:55:00+00:00,0.697,0.697,0.697,0.697,2
2026-07-23 13:56:00+00:00,0.6969,0.6969,0.6969,0.6969,1
2026-07-23 13:57:00+00:00,0.6968,0.6968,0.6968,0.6968,3
2026-07-23 13:58:00+00:00,0.6968,0.6968,0.6968,0.6968,4
2026-07-23 13:59:00+00:00,0.6967,0.6967,0.6966,0.6966,2
2026-07-23 14:00:00+00:00,0.6967,0.6967,0.6967,0.6967,4
2026-07-23 14:01:00+00:00,0.6968,0.6968,0.6966,0.6966,47
2026-07-23 14:02:00+00:00,0.6966,0.6966,0.6965,0.6965,2
2026-07-23 14:03:00+00:00,0.6965,0.6965,0.6965,0.6965,17
2026-07-23 14:04:00+00:00,0.6967,0.6967,0.6967,0.6967,2
2026-07-23 14:05:00+00:00,0.6966,0.6966,0.6966,0.6966,1
2026-07-23 14:06:00+00:00,0.6968,0.6968,0.6968,0.6968,1
2026-07-23 14:07:00+00:00,0.6966,0.6966,0.6966,0.6966,1
2026-07-23 14:08:00+00:00,0.6966,0.6966,0.6966,0.6966,12
2026-07-23 14:09:00+00:00,0.6963,0.6963,0.6962,0.6962,3
2026-07-23 14:10:00+00:00,0.6966,0.6966,0.6966,0.6966,2
2026-07-23 14:11:00+00:00,0.6965,0.6965,0.6965,0.6965,3
2026-07-23 14:12:00+00:00,0.6967,0.6967,0.6967,0.6967,1
2026-07-23 14:13:00+00:00,0.6968,0.6969,0.6968,0.6969,6
2026-07-23 14:14:00+00:00,0.6968,0.6968,0.6968,0.6968,38
2026-07-23 14:15:00+00:00,0.6969,0.6969,0.6969,0.6969,1
2026-07-23 14:17:00+00:00,0.6969,0.6969,0.6969,0.6969,5
2026-07-23 14:18:00+00:00,0.6969,0.6969,0.6968,0.6968,6
2026-07-23 14:19:00+00:00,0.6966,0.6966,0.6965,0.6966,10
2026-07-23 14:20:00+00:00,0.6955,0.6955,0.6955,0.6955,1
2026-07-23 14:20:00+00:00,0.6966,0.6966,0.6966,0.6966,5
2026-07-23 14:21:00+00:00,0.6967,0.6968,0.6967,0.6968,9
2026-07-23 14:22:00+00:00,0.6968,0.6968,0.6968,0.6968,1
2026-07-23 14:23:00+00:00,0.6969,0.6969,0.6968,0.6968,17
2026-07-23 14:24:00+00:00,0.6967,0.6968,0.6967,0.6968,3
2026-07-23 14:25:00+00:00,0.6969,0.6969,0.6969,0.6969,1
2026-07-23 14:26:00+00:00,0.6957,0.6957,0.6957,0.6957,1
2026-07-23 14:26:00+00:00,0.697,0.697,0.6969,0.6969,2
2026-07-23 14:27:00+00:00,0.697,0.697,0.6969,0.6969,5
2026-07-23 14:30:00+00:00,0.697,0.6971,0.6969,0.6971,10
2026-07-23 14:32:00+00:00,0.6969,0.6969,0.6968,0.6968,2
2026-07-23 14:33:00+00:00,0.6968,0.6968,0.6968,0.6968,3
2026-07-23 14:35:00+00:00,0.6968,0.6968,0.6968,0.6968,13
2026-07-23 14:37:00+00:00,0.6971,0.6971,0.6971,0.6971,2
2026-07-23 14:39:00+00:00,0.6972,0.6972,0.6972,0.6972,6
2026-07-23 14:40:00+00:00,0.6972,0.6972,0.6972,0.6972,7
2026-07-23 14:41:00+00:00,0.6971,0.6971,0.697,0.697,12
2026-07-23 14:43:00+00:00,0.6969,0.6969,0.6969,0.6969,1
2026-07-23 14:45:00+00:00,0.6967,0.6967,0.6967,0.6967,1
2026-07-23 14:45:00+00:00,0.6957,0.6957,0.6957,0.6957,1
2026-07-23 14:46:00+00:00,0.6967,0.6967,0.6967,0.6967,1
2026-07-23 14:48:00+00:00,0.6966,0.6966,0.6966,0.6966,1
2026-07-23 14:49:00+00:00,0.6966,0.6966,0.6964,0.6964,5
2026-07-23 14:50:00+00:00,0.6965,0.6966,0.6965,0.6966,3
2026-07-23 14:51:00+00:00,0.6964,0.6964,0.6964,0.6964,3
2026-07-23 14:52:00+00:00,0.6964,0.6964,0.6964,0.6964,9
2026-07-23 14:54:00+00:00,0.6965,0.6965,0.6965,0.6965,3
2026-07-23 14:56:00+00:00,0.6965,0.6965,0.6964,0.6964,8
2026-07-23 14:57:00+00:00,0.6964,0.6965,0.6964,0.6965,6
2026-07-23 14:58:00+00:00,0.6966,0.6967,0.6966,0.6967,3
2026-07-23 14:59:00+00:00,0.6966,0.6966,0.6966,0.6966,1
2026-07-23 15:02:00+00:00,0.6968,0.6968,0.6968,0.6968,1
2026-07-23 15:04:00+00:00,0.6968,0.6968,0.6968,0.6968,1
2026-07-23 15:06:00+00:00,0.6969,0.6969,0.6968,0.6968,26
2026-07-23 15:08:00+00:00,0.6968,0.6968,0.6968,0.6968,1
2026-07-23 15:11:00+00:00,0.6966,0.6966,0.6966,0.6966,1
2026-07-23 15:13:00+00:00,0.6966,0.6967,0.6966,0.6967,5
2026-07-23 15:14:00+00:00,0.6967,0.6967,0.6966,0.6966,5
2026-07-23 15:15:00+00:00,0.6967,0.6967,0.6967,0.6967,1
2026-07-23 15:19:00+00:00,0.6968,0.6968,0.6968,0.6968,4
2026-07-23 15:20:00+00:00,0.6968,0.6968,0.6968,0.6968,1
2026-07-23 15:21:00+00:00,0.6967,0.6967,0.6967,0.6967,4
2026-07-23 15:22:00+00:00,0.6966,0.6966,0.6963,0.6963,32
2026-07-23 15:23:00+00:00,0.6964,0.6965,0.6964,0.6965,8
2026-07-23 15:24:00+00:00,0.6966,0.6966,0.6965,0.6965,4
2026-07-23 15:25:00+00:00,0.6965,0.6965,0.6965,0.6965,1
2026-07-23 15:26:00+00:00,0.6965,0.6965,0.6965,0.6965,1
2026-07-23 15:29:00+00:00,0.6964,0.6964,0.6964,0.6964,1
2026-07-23 15:30:00+00:00,0.6962,0.6962,0.6961,0.6961,29
2026-07-23 15:31:00+00:00,0.696,0.696,0.6959,0.696,38
2026-07-23 15:31:00+00:00,0.695,0.695,0.695,0.695,4
2026-07-23 15:32:00+00:00,0.6959,0.6959,0.6959,0.6959,3
2026-07-23 15:35:00+00:00,0.696,0.696,0.696,0.696,1
2026-07-23 15:36:00+00:00,0.696,0.696,0.696,0.696,1
2026-07-23 15:37:00+00:00,0.6961,0.6964,0.696,0.6964,16
2026-07-23 15:38:00+00:00,0.6964,0.6964,0.6964,0.6964,4
2026-07-23 15:40:00+00:00,0.6967,0.6968,0.6967,0.6967,18
2026-07-23 15:41:00+00:00,0.6968,0.6968,0.6968,0.6968,8
2026-07-23 15:42:00+00:00,0.6968,0.6968,0.6968,0.6968,3
2026-07-23 15:43:00+00:00,0.6968,0.6968,0.6968,0.6968,3
2026-07-23 15:44:00+00:00,0.6967,0.6967,0.6965,0.6965,12
2026-07-23 15:45:00+00:00,0.6966,0.6967,0.6966,0.6967,2
2026-07-23 15:46:00+00:00,0.6966,0.6966,0.6966,0.6966,1
2026-07-23 15:47:00+00:00,0.6965,0.6965,0.6965,0.6965,1
2026-07-23 15:48:00+00:00,0.6965,0.6966,0.6965,0.6966,10
2026-07-23 15:49:00+00:00,0.6966,0.6966,0.6966,0.6966,1
2026-07-23 15:51:00+00:00,0.6966,0.6966,0.6966,0.6966,5
2026-07-23 15:54:00+00:00,0.6968,0.697,0.6968,0.697,7
2026-07-23 15:55:00+00:00,0.697,0.697,0.697,0.697,6
2026-07-23 15:56:00+00:00,0.697,0.697,0.6968,0.6968,8
2026-07-23 15:59:00+00:00,0.6968,0.6968,0.6968,0.6968,2
2026-07-23 16:00:00+00:00,0.6969,0.6969,0.6968,0.6968,11
2026-07-23 16:01:00+00:00,0.6968,0.6968,0.6968,0.6968,4
2026-07-23 16:02:00+00:00,0.697,0.697,0.697,0.697,4
2026-07-23 16:03:00+00:00,0.6971,0.6971,0.6971,0.6971,2
2026-07-23 16:04:00+00:00,0.697,0.6971,0.697,0.6971,3
2026-07-23 16:05:00+00:00,0.697,0.697,0.697,0.697,4
2026-07-23 16:06:00+00:00,0.697,0.697,0.697,0.697,3
2026-07-23 16:07:00+00:00,0.6969,0.6969,0.6969,0.6969,7
2026-07-23 16:08:00+00:00,0.6969,0.697,0.6969,0.697,6
2026-07-23 16:09:00+00:00,0.6969,0.6969,0.6969,0.6969,2
2026-07-23 16:10:00+00:00,0.697,0.697,0.697,0.697,1
2026-07-23 16:11:00+00:00,0.697,0.697,0.697,0.697,2
2026-07-23 16:13:00+00:00,0.6971,0.6971,0.6971,0.6971,1
2026-07-23 16:15:00+00:00,0.6971,0.6972,0.6971,0.6972,3
2026-07-23 16:16:00+00:00,0.6971,0.6971,0.6971,0.6971,1
2026-07-23 16:24:00+00:00,0.6971,0.6971,0.6971,0.6971,3
2026-07-23 16:26:00+00:00,0.697,0.697,0.697,0.697,4
2026-07-23 16:27:00+00:00,0.697,0.697,0.697,0.697,5
2026-07-23 16:28:00+00:00,0.697,0.697,0.697,0.697,7
2026-07-23 16:29:00+00:00,0.6971,0.6971,0.6971,0.6971,1
2026-07-23 16:30:00+00:00,0.6971,0.6971,0.6971,0.6971,1
2026-07-23 16:37:00+00:00,0.6969,0.6969,0.6969,0.6969,1
2026-07-23 16:39:00+00:00,0.697,0.697,0.697,0.697,2
2026-07-23 16:40:00+00:00,0.697,0.697,0.697,0.697,1
2026-07-23 16:41:00+00:00,0.6969,0.6969,0.6969,0.6969,6
2026-07-23 16:43:00+00:00,0.6971,0.6971,0.6971,0.6971,1
2026-07-23 16:45:00+00:00,0.6971,0.6971,0.6971,0.6971,1
2026-07-23 16:46:00+00:00,0.697,0.697,0.697,0.697,4
2026-07-23 16:47:00+00:00,0.697,0.697,0.697,0.697,1
2026-07-23 16:48:00+00:00,0.697,0.697,0.697,0.697,4
2026-07-23 16:52:00+00:00,0.6972,0.6972,0.6972,0.6972,3
2026-07-23 16:53:00+00:00,0.6971,0.6971,0.6971,0.6971,3
2026-07-23 16:54:00+00:00,0.6971,0.6972,0.6971,0.6972,2
2026-07-23 17:00:00+00:00,0.6971,0.6971,0.6971,0.6971,1
2026-07-23 17:02:00+00:00,0.697,0.697,0.697,0.697,4
2026-07-23 17:04:00+00:00,0.697,0.697,0.697,0.697,4
2026-07-23 17:05:00+00:00,0.697,0.6971,0.697,0.6971,3
2026-07-23 17:12:00+00:00,0.6969,0.6969,0.6969,0.6969,1
2026-07-23 17:15:00+00:00,0.6968,0.6968,0.6968,0.6968,2
2026-07-23 17:18:00+00:00,0.697,0.697,0.697,0.697,1
2026-07-23 17:19:00+00:00,0.697,0.697,0.697,0.697,1
2026-07-23 17:23:00+00:00,0.697,0.697,0.697,0.697,1
2026-07-23 17:31:00+00:00,0.6967,0.6967,0.6967,0.6967,11
2026-07-23 17:32:00+00:00,0.6966,0.6967,0.6966,0.6967,9
2026-07-23 17:35:00+00:00,0.6966,0.6966,0.6966,0.6966,5
2026-07-23 17:40:00+00:00,0.6965,0.6965,0.6965,0.6965,3
2026-07-23 17:41:00+00:00,0.6964,0.6964,0.6964,0.6964,6
2026-07-23 17:42:00+00:00,0.6965,0.6965,0.6965,0.6965,3
2026-07-23 17:45:00+00:00,0.6965,0.6965,0.6965,0.6965,1
2026-07-23 17:46:00+00:00,0.6965,0.6965,0.6965,0.6965,3
2026-07-23 17:51:00+00:00,0.6966,0.6966,0.6966,0.6966,1
2026-07-23 17:52:00+00:00,0.6965,0.6965,0.6965,0.6965,2
2026-07-23 17:53:00+00:00,0.6965,0.6965,0.6965,0.6965,1
2026-07-23 17:54:00+00:00,0.6965,0.6965,0.6965,0.6965,3
2026-07-23 17:56:00+00:00,0.6963,0.6963,0.6963,0.6963,1
2026-07-23 17:58:00+00:00,0.6963,0.6963,0.6963,0.6963,1
2026-07-23 17:59:00+00:00,0.6963,0.6964,0.6963,0.6964,2
2026-07-23 18:17:00+00:00,0.6961,0.6961,0.696,0.696,3
2026-07-23 18:19:00+00:00,0.696,0.696,0.696,0.696,5
2026-07-23 18:24:00+00:00,0.696,0.696,0.696,0.696,5
2026-07-23 18:26:00+00:00,0.6961,0.6961,0.6961,0.6961,18
2026-07-23 18:29:00+00:00,0.6962,0.6962,0.6962,0.6962,4
2026-07-23 18:31:00+00:00,0.6963,0.6963,0.6963,0.6963,1
2026-07-23 18:35:00+00:00,0.6962,0.6962,0.6962,0.6962,1
2026-07-23 18:37:00+00:00,0.6961,0.6962,0.6961,0.6962,3
2026-07-23 18:39:00+00:00,0.6961,0.6961,0.6961,0.6961,4
2026-07-23 18:42:00+00:00,0.696,0.696,0.696,0.696,4
2026-07-23 18:44:00+00:00,0.6961,0.6961,0.6961,0.6961,5
2026-07-23 18:47:00+00:00,0.6961,0.6961,0.6961,0.6961,4
2026-07-23 18:48:00+00:00,0.6961,0.6961,0.6961,0.6961,1
2026-07-23 18:50:00+00:00,0.6961,0.6961,0.6961,0.6961,5
2026-07-23 18:54:00+00:00,0.6961,0.6961,0.6961,0.6961,12
2026-07-23 18:55:00+00:00,0.696,0.696,0.696,0.696,1
2026-07-23 18:56:00+00:00,0.696,0.696,0.696,0.696,4
2026-07-23 18:57:00+00:00,0.6959,0.6959,0.6959,0.6959,11
2026-07-23 18:59:00+00:00,0.696,0.696,0.696,0.696,1
2026-07-23 19:00:00+00:00,0.6961,0.6961,0.6961,0.6961,5
2026-07-23 19:01:00+00:00,0.696,0.696,0.696,0.696,5
2026-07-23 19:08:00+00:00,0.6959,0.6959,0.6959,0.6959,1
2026-07-23 19:10:00+00:00,0.6958,0.6958,0.6957,0.6957,30
2026-07-23 19:11:00+00:00,0.6958,0.6959,0.6958,0.6959,11
2026-07-23 19:12:00+00:00,0.6958,0.6958,0.6958,0.6958,1
2026-07-23 19:13:00+00:00,0.6957,0.6957,0.6957,0.6957,10
2026-07-23 19:16:00+00:00,0.6958,0.6959,0.6958,0.6959,15
2026-07-23 19:18:00+00:00,0.6957,0.6957,0.6956,0.6956,4
2026-07-23 19:19:00+00:00,0.6957,0.6957,0.6956,0.6956,2
2026-07-23 19:20:00+00:00,0.6957,0.6957,0.6956,0.6956,3
2026-07-23 19:22:00+00:00,0.6956,0.6956,0.6956,0.6956,5
2026-07-23 19:23:00+00:00,0.6957,0.6957,0.6957,0.6957,1
2026-07-23 19:27:00+00:00,0.6957,0.6957,0.6957,0.6957,2
2026-07-23 19:28:00+00:00,0.6958,0.6958,0.6958,0.6958,6
2026-07-23 19:30:00+00:00,0.6959,0.6959,0.6959,0.6959,1
2026-07-23 19:33:00+00:00,0.6959,0.6959,0.6959,0.6959,2
2026-07-23 19:34:00+00:00,0.6958,0.6958,0.6958,0.6958,1
2026-07-23 19:35:00+00:00,0.6959,0.6959,0.6959,0.6959,1
2026-07-23 19:36:00+00:00,0.6959,0.6959,0.6959,0.6959,1
2026-07-23 19:37:00+00:00,0.6959,0.6959,0.6959,0.6959,2
2026-07-23 19:40:00+00:00,0.6959,0.6959,0.6959,0.6959,1
2026-07-23 19:41:00+00:00,0.6958,0.6958,0.6957,0.6957,14
2026-07-23 19:46:00+00:00,0.6957,0.6957,0.6957,0.6957,2
2026-07-23 19:49:00+00:00,0.6957,0.6958,0.6957,0.6958,12
2026-07-23 19:51:00+00:00,0.6958,0.6959,0.6958,0.6959,4
2026-07-23 19:52:00+00:00,0.6959,0.6959,0.6959,0.6959,2
2026-07-23 19:54:00+00:00,0.6959,0.6959,0.6959,0.6959,5
2026-07-23 20:00:00+00:00,0.6962,0.6962,0.6962,0.6962,1
2026-07-23 20:03:00+00:00,0.6962,0.6962,0.6962,0.6962,1
2026-07-23 20:04:00+00:00,0.6961,0.6961,0.6961,0.6961,1
2026-07-23 20:05:00+00:00,0.6961,0.6961,0.6961,0.6961,1
2026-07-23 20:10:00+00:00,0.6962,0.6962,0.6962,0.6962,2
2026-07-23 20:11:00+00:00,0.6961,0.6961,0.6961,0.6961,2
2026-07-23 20:13:00+00:00,0.6962,0.6962,0.6962,0.6962,1
2026-07-23 20:14:00+00:00,0.6962,0.6962,0.6962,0.6962,1
2026-07-23 20:18:00+00:00,0.6961,0.6961,0.6961,0.6961,1
2026-07-23 20:19:00+00:00,0.696,0.696,0.696,0.696,1
2026-07-23 20:23:00+00:00,0.6961,0.6961,0.6961,0.6961,1
2026-07-23 20:24:00+00:00,0.6961,0.6961,0.6961,0.6961,1
2026-07-23 20:25:00+00:00,0.6961,0.6962,0.6961,0.6962,2
2026-07-23 20:26:00+00:00,0.6961,0.6961,0.6961,0.6961,1
2026-07-23 20:27:00+00:00,0.6961,0.6961,0.6961,0.6961,6
2026-07-23 20:29:00+00:00,0.6961,0.6961,0.6961,0.6961,2
2026-07-23 20:30:00+00:00,0.6962,0.6963,0.6962,0.6963,2
2026-07-23 20:31:00+00:00,0.6961,0.6961,0.6961,0.6961,1
2026-07-23 20:32:00+00:00,0.6962,0.6962,0.6962,0.6962,1
2026-07-23 20:33:00+00:00,0.6961,0.6961,0.6961,0.6961,3
2026-07-23 20:38:00+00:00,0.6961,0.6961,0.6961,0.6961,5
2026-07-23 20:40:00+00:00,0.696,0.696,0.696,0.696,1
2026-07-23 20:43:00+00:00,0.696,0.696,0.696,0.696,8
2026-07-23 20:44:00+00:00,0.6961,0.6961,0.696,0.696,2
2026-07-23 20:45:00+00:00,0.6961,0.6962,0.6961,0.6962,9
2026-07-23 20:47:00+00:00,0.6962,0.6962,0.6962,0.6962,1
2026-07-23 20:48:00+00:00,0.6962,0.6962,0.6962,0.6962,1
2026-07-23 20:49:00+00:00,0.6962,0.6962,0.6962,0.6962,1
2026-07-23 20:52:00+00:00,0.696,0.696,0.696,0.696,5
2026-07-23 20:54:00+00:00,0.6961,0.6961,0.6961,0.6961,3
2026-07-23 20:55:00+00:00,0.6961,0.6961,0.696,0.6961,10
2026-07-23 20:58:00+00:00,0.6962,0.6962,0.6962,0.6962,1
2026-07-23 20:59:00+00:00,0.6962,0.6962,0.6962,0.6962,5
2026-07-23 22:03:00+00:00,0.6961,0.6962,0.6961,0.6962,6
2026-07-23 22:08:00+00:00,0.6962,0.6962,0.6962,0.6962,4
2026-07-23 22:09:00+00:00,0.6961,0.6961,0.6961,0.6961,8
2026-07-23 22:11:00+00:00,0.6962,0.6962,0.6962,0.6962,2
2026-07-23 22:12:00+00:00,0.696,0.696,0.696,0.696,5
2026-07-23 22:18:00+00:00,0.6962,0.6962,0.6962,0.6962,1
2026-07-23 22:23:00+00:00,0.6962,0.6962,0.6962,0.6962,2
2026-07-23 22:24:00+00:00,0.6962,0.6962,0.6962,0.6962,7
2026-07-23 22:30:00+00:00,0.6962,0.6962,0.6962,0.6962,4
2026-07-23 22:47:00+00:00,0.6962,0.6962,0.6962,0.6962,1
2026-07-23 23:00:00+00:00,0.6962,0.6962,0.6962,0.6962,3
2026-07-23 23:01:00+00:00,0.6962,0.6962,0.6962,0.6962,1
2026-07-23 23:06:00+00:00,0.6961,0.6961,0.6961,0.6961,1
2026-07-23 23:17:00+00:00,0.6962,0.6962,0.6962,0.6962,1
2026-07-23 23:21:00+00:00,0.6962,0.6962,0.6962,0.6962,1
2026-07-23 23:22:00+00:00,0.6962,0.6962,0.6962,0.6962,3
2026-07-23 23:27:00+00:00,0.6962,0.6962,0.6962,0.6962,9
2026-07-23 23:28:00+00:00,0.6962,0.6962,0.6962,0.6962,12
2026-07-23 23:30:00+00:00,0.6963,0.6963,0.6963,0.6963,4
2026-07-23 23:31:00+00:00,0.6963,0.6963,0.6963,0.6963,6
2026-07-23 23:32:00+00:00,0.6963,0.6963,0.6963,0.6963,4
2026-07-23 23:35:00+00:00,0.6963,0.6963,0.6963,0.6963,4
2026-07-23 23:38:00+00:00,0.6963,0.6963,0.6963,0.6963,4
2026-07-23 23:39:00+00:00,0.6963,0.6963,0.6963,0.6963,2
2026-07-23 23:40:00+00:00,0.6962,0.6962,0.6962,0.6962,3
2026-07-23 23:43:00+00:00,0.6962,0.6962,0.6962,0.6962,4
2026-07-23 23:44:00+00:00,0.6962,0.6962,0.6962,0.6962,9
2026-07-23 23:45:00+00:00,0.6963,0.6963,0.6963,0.6963,1
2026-07-23 23:46:00+00:00,0.6963,0.6963,0.6963,0.6963,1
2026-07-23 23:52:00+00:00,0.696,0.696,0.696,0.696,1
2026-07-23 23:54:00+00:00,0.696,0.696,0.696,0.696,1
2026-07-23 23:59:00+00:00,0.6961,0.6961,0.6961,0.6961,1
2026-07-24 00:00:00+00:00,0.696,0.696,0.696,0.696,1
2026-07-24 00:01:00+00:00,0.6962,0.6962,0.6962,0.6962,8
2026-07-24 00:02:00+00:00,0.6962,0.6962,0.6962,0.6962,1
2026-07-24 00:03:00+00:00,0.6963,0.6963,0.6963,0.6963,5
2026-07-24 00:04:00+00:00,0.6963,0.6963,0.6963,0.6963,6
2026-07-24 00:06:00+00:00,0.6962,0.6964,0.6962,0.6964,7
2026-07-24 00:07:00+00:00,0.6964,0.6964,0.6964,0.6964,1
2026-07-24 00:08:00+00:00,0.6965,0.6965,0.6965,0.6965,1
2026-07-24 00:10:00+00:00,0.6964,0.6964,0.6964,0.6964,10
2026-07-24 00:14:00+00:00,0.6963,0.6963,0.6963,0.6963,1
2026-07-24 00:17:00+00:00,0.6962,0.6962,0.6962,0.6962,4
2026-07-24 00:18:00+00:00,0.6962,0.6962,0.6962,0.6962,7
2026-07-24 00:20:00+00:00,0.6962,0.6962,0.6962,0.6962,2
2026-07-24 00:21:00+00:00,0.6962,0.6962,0.6962,0.6962,1
2026-07-24 00:22:00+00:00,0.6962,0.6962,0.6962,0.6962,9
2026-07-24 00:29:00+00:00,0.6963,0.6963,0.6963,0.6963,1
2026-07-24 00:31:00+00:00,0.6963,0.6963,0.6963,0.6963,1
2026-07-24 00:32:00+00:00,0.6963,0.6963,0.6963,0.6963,1
2026-07-24 00:36:00+00:00,0.6964,0.6964,0.6964,0.6964,5
2026-07-24 00:39:00+00:00,0.6965,0.6965,0.6965,0.6965,4
2026-07-24 00:41:00+00:00,0.6965,0.6965,0.6965,0.6965,5
2026-07-24 00:43:00+00:00,0.6965,0.6965,0.6965,0.6965,3
2026-07-24 00:44:00+00:00,0.6966,0.6966,0.6966,0.6966,6
2026-07-24 00:45:00+00:00,0.6966,0.6966,0.6966,0.6966,1
2026-07-24 00:47:00+00:00,0.6966,0.6968,0.6966,0.6968,3
2026-07-24 00:48:00+00:00,0.6968,0.6968,0.6968,0.6968,2
2026-07-24 00:49:00+00:00,0.6968,0.6968,0.6967,0.6967,5
2026-07-24 00:51:00+00:00,0.6968,0.6968,0.6968,0.6968,1
2026-07-24 00:52:00+00:00,0.6968,0.6968,0.6968,0.6968,2
2026-07-24 00:53:00+00:00,0.6968,0.6968,0.6967,0.6967,3
2026-07-24 00:54:00+00:00,0.6967,0.6967,0.6967,0.6967,1
2026-07-24 00:56:00+00:00,0.6968,0.6968,0.6968,0.6968,8
2026-07-24 00:57:00+00:00,0.6969,0.6969,0.6969,0.6969,5
2026-07-24 00:58:00+00:00,0.6969,0.6969,0.6969,0.6969,2
2026-07-24 01:00:00+00:00,0.6971,0.6972,0.697,0.697,20
2026-07-24 01:02:00+00:00,0.6969,0.6969,0.6967,0.6967,3
2026-07-24 01:03:00+00:00,0.6968,0.6968,0.6968,0.6968,1
2026-07-24 01:04:00+00:00,0.6968,0.6968,0.6968,0.6968,1
2026-07-24 01:06:00+00:00,0.6967,0.6967,0.6966,0.6966,4
2026-07-24 01:07:00+00:00,0.6968,0.6968,0.6968,0.6968,7
2026-07-24 01:08:00+00:00,0.6968,0.6968,0.6968,0.6968,1
2026-07-24 01:10:00+00:00,0.6968,0.6968,0.6968,0.6968,4
2026-07-24 01:12:00+00:00,0.6968,0.6968,0.6968,0.6968,1
2026-07-24 01:17:00+00:00,0.6967,0.6967,0.6967,0.6967,4
2026-07-24 01:19:00+00:00,0.6968,0.6968,0.6968,0.6968,1
2026-07-24 01:20:00+00:00,0.6954,0.6954,0.6954,0.6954,1
2026-07-24 01:20:00+00:00,0.6967,0.6967,0.6967,0.6967,1
2026-07-24 01:26:00+00:00,0.6967,0.6967,0.6967,0.6967,1
2026-07-24 01:27:00+00:00,0.6967,0.6967,0.6966,0.6967,124
2026-07-24 01:28:00+00:00,0.6967,0.6967,0.6966,0.6967,16
2026-07-24 01:29:00+00:00,0.6966,0.6966,0.6966,0.6966,2
2026-07-24 01:30:00+00:00,0.6966,0.6966,0.6965,0.6966,4
2026-07-24 01:31:00+00:00,0.6966,0.6967,0.6966,0.6966,8
2026-07-24 01:32:00+00:00,0.6967,0.6967,0.6967,0.6967,2
2026-07-24 01:33:00+00:00,0.6968,0.6968,0.6968,0.6968,5
2026-07-24 01:34:00+00:00,0.6969,0.6969,0.6969,0.6969,1
2026-07-24 01:35:00+00:00,0.6969,0.6969,0.6969,0.6969,3
2026-07-24 01:36:00+00:00,0.6969,0.6969,0.6969,0.6969,5
2026-07-24 01:39:00+00:00,0.6969,0.6969,0.6968,0.6969,4
2026-07-24 01:41:00+00:00,0.697,0.6971,0.697,0.6971,13
2026-07-24 01:42:00+00:00,0.6972,0.6972,0.6972,0.6972,3
2026-07-24 01:43:00+00:00,0.6972,0.6972,0.6972,0.6972,15
2026-07-24 01:44:00+00:00,0.6973,0.6975,0.6973,0.6974,142
2026-07-24 01:46:00+00:00,0.6972,0.6972,0.6972,0.6972,1
2026-07-24 01:47:00+00:00,0.6973,0.6973,0.6973,0.6973,14
2026-07-24 01:49:00+00:00,0.6973,0.6973,0.6973,0.6973,11
2026-07-24 01:50:00+00:00,0.6972,0.6972,0.6972,0.6972,4
2026-07-24 01:54:00+00:00,0.6972,0.6972,0.6972,0.6972,4
2026-07-24 01:55:00+00:00,0.6971,0.6971,0.6971,0.6971,4
2026-07-24 01:56:00+00:00,0.6971,0.6971,0.697,0.697,6
2026-07-24 01:59:00+00:00,0.6969,0.6969,0.6969,0.6969,2
2026-07-24 02:00:00+00:00,0.6969,0.6969,0.6969,0.6969,3
2026-07-24 02:02:00+00:00,0.6968,0.6968,0.6967,0.6968,16
2026-07-24 02:05:00+00:00,0.6967,0.6967,0.6967,0.6967,1
2026-07-24 02:06:00+00:00,0.6968,0.6968,0.6968,0.6968,13
2026-07-24 02:11:00+00:00,0.6969,0.6969,0.6969,0.6969,2
2026-07-24 02:14:00+00:00,0.6971,0.6972,0.6971,0.6971,3
2026-07-24 02:16:00+00:00,0.6971,0.6971,0.6971,0.6971,1
2026-07-24 02:20:00+00:00,0.697,0.697,0.697,0.697,1
2026-07-24 02:24:00+00:00,0.6973,0.6974,0.6973,0.6974,2
2026-07-24 02:26:00+00:00,0.6973,0.6973,0.6973,0.6973,1
2026-07-24 02:28:00+00:00,0.6973,0.6973,0.6973,0.6973,1
2026-07-24 02:31:00+00:00,0.6974,0.6974,0.6974,0.6974,4
2026-07-24 02:32:00+00:00,0.6975,0.6975,0.6975,0.6975,3
2026-07-24 02:37:00+00:00,0.6973,0.6973,0.6973,0.6973,1
2026-07-24 02:38:00+00:00,0.6973,0.6974,0.6973,0.6974,10
2026-07-24 02:40:00+00:00,0.6972,0.6972,0.6972,0.6972,4
2026-07-24 02:44:00+00:00,0.6971,0.6972,0.6971,0.6972,5
2026-07-24 02:48:00+00:00,0.697,0.697,0.697,0.697,5
2026-07-24 02:55:00+00:00,0.6968,0.6968,0.6968,0.6968,1
2026-07-24 02:58:00+00:00,0.6968,0.6968,0.6968,0.6968,2
2026-07-24 02:59:00+00:00,0.6967,0.6967,0.6967,0.6967,5
2026-07-24 03:13:00+00:00,0.697,0.697,0.697,0.697,1
2026-07-24 03:18:00+00:00,0.6969,0.6969,0.6969,0.6969,4
2026-07-24 03:24:00+00:00,0.6968,0.6968,0.6968,0.6968,1
2026-07-24 03:25:00+00:00,0.6969,0.6969,0.6969,0.6969,1
2026-07-24 03:30:00+00:00,0.6969,0.6969,0.6969,0.6969,1
2026-07-24 03:30:00+00:00,0.6958,0.6958,0.6958,0.6958,1
2026-07-24 03:32:00+00:00,0.6969,0.6969,0.6969,0.6969,6
2026-07-24 03:34:00+00:00,0.6969,0.6969,0.6969,0.6969,1
2026-07-24 03:37:00+00:00,0.6968,0.6968,0.6968,0.6968,71
2026-07-24 03:39:00+00:00,0.6967,0.6967,0.6967,0.6967,2
2026-07-24 03:40:00+00:00,0.6967,0.6967,0.6967,0.6967,3
2026-07-24 03:41:00+00:00,0.6967,0.6968,0.6967,0.6968,4
2026-07-24 03:43:00+00:00,0.6968,0.6969,0.6968,0.6969,3
2026-07-24 03:48:00+00:00,0.6968,0.6968,0.6968,0.6968,5
2026-07-24 03:50:00+00:00,0.6968,0.6968,0.6968,0.6968,1
2026-07-24 03:51:00+00:00,0.6968,0.6968,0.6968,0.6968,2
2026-07-24 04:00:00+00:00,0.6968,0.6968,0.6968,0.6968,1
2026-07-24 04:01:00+00:00,0.6969,0.6969,0.6968,0.6968,24
2026-07-24 04:02:00+00:00,0.6969,0.6969,0.6969,0.6969,1
2026-07-24 04:06:00+00:00,0.697,0.697,0.697,0.697,6
2026-07-24 04:11:00+00:00,0.697,0.697,0.697,0.697,6
2026-07-24 04:15:00+00:00,0.697,0.697,0.697,0.697,1
2026-07-24 04:18:00+00:00,0.697,0.697,0.697,0.697,1
2026-07-24 04:23:00+00:00,0.697,0.697,0.697,0.697,5
2026-07-24 04:24:00+00:00,0.697,0.697,0.697,0.697,4
2026-07-24 04:30:00+00:00,0.6969,0.6969,0.6969,0.6969,8
2026-07-24 04:35:00+00:00,0.6968,0.6968,0.6968,0.6968,4
2026-07-24 04:36:00+00:00,0.6968,0.6968,0.6968,0.6968,1
2026-07-24 04:39:00+00:00,0.6968,0.6968,0.6968,0.6968,1
2026-07-24 04:40:00+00:00,0.6967,0.6967,0.6967,0.6967,1
2026-07-24 04:41:00+00:00,0.6966,0.6966,0.6966,0.6966,1
2026-07-24 04:46:00+00:00,0.6966,0.6966,0.6966,0.6966,10
2026-07-24 04:52:00+00:00,0.6966,0.6966,0.6966,0.6966,2
2026-07-24 05:00:00+00:00,0.6967,0.6967,0.6967,0.6967,1
2026-07-24 05:03:00+00:00,0.6968,0.6968,0.6968,0.6968,5
2026-07-24 05:05:00+00:00,0.6968,0.6968,0.6968,0.6968,1
2026-07-24 05:09:00+00:00,0.697,0.697,0.697,0.697,7
2026-07-24 05:14:00+00:00,0.6971,0.6971,0.6971,0.6971,2
2026-07-24 05:17:00+00:00,0.6972,0.6972,0.6972,0.6972,1
2026-07-24 05:18:00+00:00,0.6971,0.6971,0.697,0.697,2
2026-07-24 05:24:00+00:00,0.6972,0.6972,0.6972,0.6972,1
2026-07-24 05:27:00+00:00,0.6972,0.6972,0.6972,0.6972,1
2026-07-24 05:31:00+00:00,0.6973,0.6973,0.6973,0.6973,2
2026-07-24 05:34:00+00:00,0.6973,0.6973,0.6973,0.6973,1
2026-07-24 05:37:00+00:00,0.6971,0.6972,0.6971,0.6972,3
2026-07-24 05:38:00+00:00,0.6971,0.6971,0.6971,0.6971,1
2026-07-24 05:44:00+00:00,0.697,0.697,0.697,0.697,3
2026-07-24 05:46:00+00:00,0.6971,0.6971,0.6971,0.6971,3
2026-07-24 05:47:00+00:00,0.6971,0.6971,0.6971,0.6971,3
2026-07-24 05:49:00+00:00,0.6971,0.6971,0.6971,0.6971,1
2026-07-24 05:52:00+00:00,0.6969,0.6969,0.6969,0.6969,1
2026-07-24 05:54:00+00:00,0.6969,0.6969,0.6969,0.6969,11
2026-07-24 06:01:00+00:00,0.6968,0.6968,0.6968,0.6968,1
2026-07-24 06:02:00+00:00,0.6968,0.6968,0.6968,0.6968,1
2026-07-24 06:04:00+00:00,0.6969,0.6969,0.6969,0.6969,1
2026-07-24 06:05:00+00:00,0.6969,0.6969,0.6969,0.6969,1
2026-07-24 06:09:00+00:00,0.6969,0.6969,0.6969,0.6969,1
2026-07-24 06:14:00+00:00,0.697,0.697,0.697,0.697,2
2026-07-24 06:15:00+00:00,0.697,0.697,0.697,0.697,6
2026-07-24 06:18:00+00:00,0.6971,0.6972,0.6971,0.6972,2
2026-07-24 06:20:00+00:00,0.6973,0.6974,0.6972,0.6974,9
2026-07-24 06:23:00+00:00,0.6974,0.6974,0.6973,0.6973,3
2026-07-24 06:25:00+00:00,0.6973,0.6973,0.6973,0.6973,1
2026-07-24 06:26:00+00:00,0.6974,0.6974,0.6974,0.6974,1
2026-07-24 06:34:00+00:00,0.6975,0.6975,0.6975,0.6975,7
2026-07-24 06:36:00+00:00,0.6974,0.6974,0.6974,0.6974,1
2026-07-24 06:37:00+00:00,0.6974,0.6974,0.6974,0.6974,1
2026-07-24 06:40:00+00:00,0.6975,0.6975,0.6975,0.6975,1
2026-07-24 06:41:00+00:00,0.6975,0.6975,0.6975,0.6975,1
2026-07-24 06:42:00+00:00,0.6974,0.6974,0.6974,0.6974,3
2026-07-24 06:45:00+00:00,0.6974,0.6974,0.6974,0.6974,1
2026-07-24 06:50:00+00:00,0.6974,0.6974,0.6974,0.6974,1
2026-07-24 06:53:00+00:00,0.6974,0.6974,0.6974,0.6974,1
2026-07-24 06:55:00+00:00,0.6975,0.6975,0.6975,0.6975,4
2026-07-24 06:57:00+00:00,0.6975,0.6975,0.6975,0.6975,4
2026-07-24 06:59:00+00:00,0.6976,0.6977,0.6976,0.6977,6
2026-07-24 07:00:00+00:00,0.6978,0.6979,0.6977,0.6977,39
2026-07-24 07:01:00+00:00,0.6978,0.6979,0.6978,0.6978,34
2026-07-24 07:02:00+00:00,0.6979,0.6979,0.6979,0.6979,2
2026-07-24 07:03:00+00:00,0.6978,0.6981,0.6978,0.6981,15
2026-07-24 07:06:00+00:00,0.6978,0.6979,0.6978,0.6979,11
2026-07-24 07:07:00+00:00,0.6979,0.6979,0.6979,0.6979,2
2026-07-24 07:09:00+00:00,0.6979,0.6979,0.6979,0.6979,1
2026-07-24 07:11:00+00:00,0.6981,0.6981,0.6981,0.6981,2
2026-07-24 07:12:00+00:00,0.6981,0.6981,0.6981,0.6981,4
2026-07-24 07:13:00+00:00,0.6982,0.6982,0.6982,0.6982,2
2026-07-24 07:14:00+00:00,0.6981,0.6981,0.698,0.698,5
2026-07-24 07:14:00+00:00,0.697,0.697,0.697,0.697,1
2026-07-24 07:15:00+00:00,0.698,0.6981,0.698,0.6981,2
2026-07-24 07:16:00+00:00,0.6981,0.6981,0.698,0.698,6
2026-07-24 07:17:00+00:00,0.6979,0.6979,0.6979,0.6979,1
2026-07-24 07:18:00+00:00,0.6979,0.6979,0.6979,0.6979,2
2026-07-24 07:20:00+00:00,0.6981,0.6981,0.6981,0.6981,4
2026-07-24 07:21:00+00:00,0.6981,0.6981,0.6981,0.6981,4
2026-07-24 07:22:00+00:00,0.698,0.6981,0.698,0.6981,7
2026-07-24 07:25:00+00:00,0.6981,0.6981,0.6981,0.6981,7
2026-07-24 07:26:00+00:00,0.6981,0.6982,0.6981,0.6982,7
2026-07-24 07:28:00+00:00,0.6982,0.6982,0.6982,0.6982,3
2026-07-24 07:29:00+00:00,0.6981,0.6981,0.6981,0.6981,1
2026-07-24 07:30:00+00:00,0.6981,0.6982,0.6981,0.6982,3
2026-07-24 07:31:00+00:00,0.6983,0.6983,0.6982,0.6982,5
2026-07-24 07:31:00+00:00,0.697,0.697,0.697,0.697,1
2026-07-24 07:32:00+00:00,0.6982,0.6982,0.6982,0.6982,1
2026-07-24 07:36:00+00:00,0.698,0.698,0.698,0.698,10
2026-07-24 07:37:00+00:00,0.698,0.698,0.6979,0.6979,5
2026-07-24 07:38:00+00:00,0.6979,0.6979,0.6979,0.6979,5
2026-07-24 07:39:00+00:00,0.6978,0.6978,0.6978,0.6978,1
2026-07-24 07:40:00+00:00,0.6978,0.6978,0.6978,0.6978,7
2026-07-24 07:41:00+00:00,0.6977,0.6977,0.6977,0.6977,2
2026-07-24 07:43:00+00:00,0.6976,0.6976,0.6976,0.6976,2
2026-07-24 07:44:00+00:00,0.6967,0.6967,0.6967,0.6967,2
2026-07-24 07:50:00+00:00,0.6977,0.6978,0.6977,0.6978,2
2026-07-24 07:52:00+00:00,0.6978,0.6978,0.6978,0.6978,1
2026-07-24 07:54:00+00:00,0.6979,0.6979,0.6979,0.6979,2
2026-07-24 07:55:00+00:00,0.698,0.698,0.6978,0.6978,8
2026-07-24 07:57:00+00:00,0.6979,0.698,0.6979,0.698,3
2026-07-24 08:03:00+00:00,0.6977,0.6977,0.6977,0.6977,2
2026-07-24 08:06:00+00:00,0.6978,0.6978,0.6978,0.6978,3
2026-07-24 08:14:00+00:00,0.698,0.698,0.698,0.698,2
2026-07-24 08:17:00+00:00,0.6981,0.6981,0.6981,0.6981,3
2026-07-24 08:18:00+00:00,0.698,0.698,0.698,0.698,1
2026-07-24 08:20:00+00:00,0.6979,0.6979,0.6979,0.6979,6
2026-07-24 08:22:00+00:00,0.6979,0.6979,0.6979,0.6979,2
2026-07-24 08:23:00+00:00,0.6981,0.6981,0.6979,0.6979,3
2026-07-24 08:24:00+00:00,0.6981,0.6981,0.6981,0.6981,1
2026-07-24 08:25:00+00:00,0.698,0.698,0.698,0.698,2
2026-07-24 08:26:00+00:00,0.698,0.6981,0.698,0.6981,5
2026-07-24 08:29:00+00:00,0.6982,0.6982,0.6982,0.6982,1
2026-07-24 08:30:00+00:00,0.6982,0.6982,0.6982,0.6982,1
2026-07-24 08:31:00+00:00,0.6981,0.6982,0.6981,0.6982,3
2026-07-24 08:36:00+00:00,0.6981,0.6981,0.6981,0.6981,5
2026-07-24 08:40:00+00:00,0.6981,0.6982,0.6981,0.6982,5
2026-07-24 08:41:00+00:00,0.6981,0.6981,0.6981,0.6981,4
2026-07-24 08:43:00+00:00,0.6981,0.6981,0.698,0.698,17
2026-07-24 08:43:00+00:00,0.6969,0.6969,0.6968,0.6968,14
2026-07-24 08:45:00+00:00,0.698,0.698,0.698,0.698,2
2026-07-24 08:46:00+00:00,0.6981,0.6981,0.6981,0.6981,5
2026-07-24 08:48:00+00:00,0.6979,0.6979,0.6979,0.6979,4
2026-07-24 08:53:00+00:00,0.6981,0.6981,0.6981,0.6981,1
2026-07-24 08:59:00+00:00,0.6981,0.6981,0.6981,0.6981,5
2026-07-24 09:00:00+00:00,0.6981,0.6981,0.6981,0.6981,1
2026-07-24 09:01:00+00:00,0.6982,0.6982,0.6982,0.6982,2
2026-07-24 09:02:00+00:00,0.6982,0.6982,0.6982,0.6982,2
2026-07-24 09:04:00+00:00,0.6982,0.6982,0.6982,0.6982,1
2026-07-24 09:06:00+00:00,0.6982,0.6982,0.6982,0.6982,1
2026-07-24 09:09:00+00:00,0.6983,0.6984,0.6983,0.6984,4
2026-07-24 09:14:00+00:00,0.698,0.698,0.698,0.698,1
2026-07-24 09:23:00+00:00,0.6981,0.6981,0.6981,0.6981,2
2026-07-24 09:32:00+00:00,0.6983,0.6983,0.6983,0.6983,1
2026-07-24 09:43:00+00:00,0.6982,0.6982,0.6982,0.6982,1
2026-07-24 09:47:00+00:00,0.6982,0.6982,0.6982,0.6982,1
2026-07-24 09:54:00+00:00,0.6982,0.6982,0.6982,0.6982,1
2026-07-24 09:55:00+00:00,0.6983,0.6983,0.6983,0.6983,10
2026-07-24 09:57:00+00:00,0.6984,0.6984,0.6984,0.6984,15
2026-07-24 09:58:00+00:00,0.6984,0.6984,0.6984,0.6984,1
2026-07-24 09:59:00+00:00,0.6985,0.6986,0.6985,0.6986,8
2026-07-24 10:02:00+00:00,0.6985,0.6985,0.6985,0.6985,1
2026-07-24 10:07:00+00:00,0.6984,0.6984,0.6984,0.6984,5
2026-07-24 10:08:00+00:00,0.6984,0.6985,0.6984,0.6985,6
2026-07-24 10:12:00+00:00,0.6985,0.6985,0.6985,0.6985,1
2026-07-24 10:14:00+00:00,0.6986,0.6986,0.6986,0.6986,2
2026-07-24 10:16:00+00:00,0.6986,0.6986,0.6986,0.6986,1
2026-07-24 10:18:00+00:00,0.6987,0.6988,0.6987,0.6988,6
2026-07-24 10:19:00+00:00,0.6986,0.6986,0.6986,0.6986,1
2026-07-24 10:21:00+00:00,0.6987,0.6987,0.6987,0.6987,2
2026-07-24 10:22:00+00:00,0.6988,0.6988,0.6988,0.6988,2
2026-07-24 10:23:00+00:00,0.6988,0.6988,0.6988,0.6988,2
2026-07-24 10:25:00+00:00,0.6986,0.6986,0.6986,0.6986,1
2026-07-24 10:27:00+00:00,0.6989,0.6989,0.6989,0.6989,38
2026-07-24 10:31:00+00:00,0.6989,0.6989,0.6989,0.6989,2
2026-07-24 10:33:00+00:00,0.6989,0.6989,0.6989,0.6989,4
2026-07-24 10:34:00+00:00,0.6989,0.6989,0.6989,0.6989,1
2026-07-24 10:35:00+00:00,0.6988,0.6988,0.6988,0.6988,25
2026-07-24 10:43:00+00:00,0.6988,0.6988,0.6988,0.6988,1
2026-07-24 10:45:00+00:00,0.6986,0.6986,0.6986,0.6986,4
2026-07-24 10:46:00+00:00,0.6987,0.6987,0.6986,0.6986,6
2026-07-24 10:49:00+00:00,0.6986,0.6986,0.6986,0.6986,1
2026-07-24 10:54:00+00:00,0.6985,0.6985,0.6985,0.6985,5
2026-07-24 10:55:00+00:00,0.6984,0.6984,0.6984,0.6984,1
2026-07-24 10:57:00+00:00,0.6985,0.6985,0.6985,0.6985,1
2026-07-24 10:58:00+00:00,0.6985,0.6985,0.6985,0.6985,4
2026-07-24 11:00:00+00:00,0.6986,0.6986,0.6986,0.6986,2
2026-07-24 11:09:00+00:00,0.6985,0.6986,0.6985,0.6985,16
2026-07-24 11:13:00+00:00,0.6986,0.6986,0.6986,0.6986,1
2026-07-24 11:18:00+00:00,0.6987,0.6987,0.6986,0.6986,2
2026-07-24 11:27:00+00:00,0.6984,0.6984,0.6984,0.6984,1
2026-07-24 11:32:00+00:00,0.6984,0.6984,0.6984,0.6984,1
2026-07-24 11:36:00+00:00,0.6984,0.6984,0.6984,0.6984,2
2026-07-24 11:45:00+00:00,0.6982,0.6983,0.6982,0.6983,3
2026-07-24 11:47:00+00:00,0.6982,0.6982,0.6982,0.6982,1
2026-07-24 11:49:00+00:00,0.6982,0.6982,0.6981,0.6981,3
2026-07-24 11:50:00+00:00,0.6983,0.6983,0.6983,0.6983,1
2026-07-24 11:51:00+00:00,0.6983,0.6983,0.6983,0.6983,2
2026-07-24 11:53:00+00:00,0.6981,0.6981,0.6981,0.6981,1
2026-07-24 11:54:00+00:00,0.6981,0.6981,0.6981,0.6981,5
2026-07-24 11:55:00+00:00,0.6981,0.6981,0.6981,0.6981,5
2026-07-24 11:56:00+00:00,0.698,0.6981,0.698,0.6981,3
2026-07-24 11:57:00+00:00,0.6979,0.6979,0.6979,0.6979,1
2026-07-24 11:58:00+00:00,0.698,0.6983,0.698,0.6983,27
2026-07-24 11:59:00+00:00,0.6983,0.6985,0.6983,0.6985,4
2026-07-24 12:00:00+00:00,0.6983,0.6983,0.6982,0.6983,10
2026-07-24 12:01:00+00:00,0.6982,0.6982,0.6982,0.6982,3
2026-07-24 12:02:00+00:00,0.6981,0.6981,0.6979,0.6979,3
2026-07-24 12:03:00+00:00,0.698,0.698,0.698,0.698,1
2026-07-24 12:05:00+00:00,0.698,0.698,0.698,0.698,1
2026-07-24 12:06:00+00:00,0.6981,0.6981,0.698,0.698,8
2026-07-24 12:08:00+00:00,0.6981,0.6982,0.6981,0.6981,4
2026-07-24 12:14:00+00:00,0.6982,0.6982,0.6982,0.6982,8
2026-07-24 12:16:00+00:00,0.6981,0.6981,0.6981,0.6981,1
2026-07-24 12:19:00+00:00,0.698,0.698,0.698,0.698,4
2026-07-24 12:23:00+00:00,0.6979,0.6979,0.6979,0.6979,1
2026-07-24 12:24:00+00:00,0.6979,0.6979,0.6979,0.6979,1
2026-07-24 12:25:00+00:00,0.6978,0.6978,0.6977,0.6977,18
2026-07-24 12:27:00+00:00,0.6978,0.6978,0.6978,0.6978,1
2026-07-24 12:30:00+00:00,0.6978,0.6978,0.6978,0.6978,1
2026-07-24 12:31:00+00:00,0.6978,0.6978,0.6977,0.6977,14
2026-07-24 12:32:00+00:00,0.6976,0.6976,0.6976,0.6976,34
2026-07-24 12:33:00+00:00,0.6975,0.6975,0.6975,0.6975,8
2026-07-24 12:34:00+00:00,0.6975,0.6975,0.6975,0.6975,1
2026-07-24 12:35:00+00:00,0.6975,0.6975,0.6974,0.6974,4
2026-07-24 12:36:00+00:00,0.6975,0.6975,0.6975,0.6975,3
2026-07-24 12:38:00+00:00,0.6975,0.6975,0.6975,0.6975,1
2026-07-24 12:40:00+00:00,0.6973,0.6973,0.6972,0.6972,14
2026-07-24 12:40:00+00:00,0.696,0.696,0.696,0.696,1
2026-07-24 12:41:00+00:00,0.6972,0.6972,0.697,0.697,4
2026-07-24 12:42:00+00:00,0.6971,0.6971,0.697,0.697,9
2026-07-24 12:43:00+00:00,0.6969,0.697,0.6969,0.697,3
2026-07-24 12:45:00+00:00,0.6971,0.6971,0.6971,0.6971,6
2026-07-24 12:46:00+00:00,0.6971,0.6971,0.697,0.697,20
2026-07-24 12:47:00+00:00,0.6969,0.697,0.6969,0.697,5
2026-07-24 12:49:00+00:00,0.6971,0.6971,0.697,0.697,3
2026-07-24 12:50:00+00:00,0.6971,0.6971,0.697,0.697,2
2026-07-24 12:52:00+00:00,0.697,0.697,0.697,0.697,9
2026-07-24 12:53:00+00:00,0.6971,0.6973,0.6971,0.6973,5
2026-07-24 12:55:00+00:00,0.6971,0.6971,0.6971,0.6971,1
2026-07-24 12:57:00+00:00,0.697,0.697,0.697,0.697,1
2026-07-24 12:58:00+00:00,0.697,0.697,0.697,0.697,1
2026-07-24 13:00:00+00:00,0.6971,0.6971,0.6971,0.6971,1
2026-07-24 13:01:00+00:00,0.6969,0.6969,0.6969,0.6969,1
2026-07-24 13:02:00+00:00,0.6969,0.6971,0.6969,0.6971,25
2026-07-24 13:03:00+00:00,0.6971,0.6971,0.697,0.697,3
2026-07-24 13:06:00+00:00,0.6969,0.697,0.6969,0.697,9
2026-07-24 13:07:00+00:00,0.6969,0.6969,0.6969,0.6969,25
2026-07-24 13:08:00+00:00,0.6969,0.6969,0.6969,0.6969,5
2026-07-24 13:10:00+00:00,0.6969,0.6969,0.6969,0.6969,3
2026-07-24 13:11:00+00:00,0.696,0.696,0.696,0.696,1
2026-07-24 13:11:00+00:00,0.6969,0.6969,0.6969,0.6969,4
2026-07-24 13:12:00+00:00,0.6971,0.6971,0.6971,0.6971,1
2026-07-24 13:16:00+00:00,0.697,0.697,0.697,0.697,1
2026-07-24 13:18:00+00:00,0.6971,0.6971,0.6971,0.6971,2
2026-07-24 13:19:00+00:00,0.6971,0.6971,0.6971,0.6971,12
2026-07-24 13:21:00+00:00,0.6971,0.6971,0.6971,0.6971,1
2026-07-24 13:24:00+00:00,0.6971,0.6971,0.6971,0.6971,1
2026-07-24 13:26:00+00:00,0.697,0.697,0.697,0.697,2
2026-07-24 13:30:00+00:00,0.697,0.697,0.697,0.697,1
2026-07-24 13:31:00+00:00,0.6969,0.6969,0.6968,0.6968,14
2026-07-24 13:32:00+00:00,0.6969,0.6969,0.6967,0.6967,6
2026-07-24 13:33:00+00:00,0.6968,0.6968,0.6966,0.6966,15
2026-07-24 13:35:00+00:00,0.6968,0.6968,0.6968,0.6968,13
2026-07-24 13:36:00+00:00,0.6967,0.6968,0.6967,0.6968,3
2026-07-24 13:36:00+00:00,0.696,0.696,0.696,0.696,1
2026-07-24 13:41:00+00:00,0.697,0.697,0.697,0.697,1
2026-07-24 13:42:00+00:00,0.6971,0.6971,0.697,0.697,7
2026-07-24 13:44:00+00:00,0.697,0.697,0.697,0.697,13
2026-07-24 13:48:00+00:00,0.697,0.697,0.697,0.697,3
2026-07-24 13:50:00+00:00,0.6969,0.6969,0.6968,0.6969,9
2026-07-24 13:51:00+00:00,0.697,0.697,0.6969,0.6969,2
2026-07-24 13:52:00+00:00,0.6968,0.6968,0.6968,0.6968,5
2026-07-24 13:54:00+00:00,0.697,0.697,0.697,0.697,1
2026-07-24 13:56:00+00:00,0.697,0.697,0.697,0.697,1
2026-07-24 13:57:00+00:00,0.697,0.697,0.697,0.697,1
2026-07-24 13:59:00+00:00,0.6972,0.6972,0.6972,0.6972,1
2026-07-24 14:00:00+00:00,0.6972,0.6973,0.6972,0.6973,6
2026-07-24 14:01:00+00:00,0.6974,0.6974,0.6974,0.6974,2
2026-07-24 14:02:00+00:00,0.6974,0.6975,0.6974,0.6975,6
2026-07-24 14:03:00+00:00,0.6973,0.6973,0.6973,0.6973,2
2026-07-24 14:04:00+00:00,0.6973,0.6973,0.6973,0.6973,1
2026-07-24 14:05:00+00:00,0.6972,0.6972,0.6972,0.6972,3
2026-07-24 14:06:00+00:00,0.6971,0.6971,0.6971,0.6971,1
2026-07-24 14:07:00+00:00,0.6971,0.6971,0.6971,0.6971,1
2026-07-24 14:08:00+00:00,0.6972,0.6972,0.6972,0.6972,2
2026-07-24 14:09:00+00:00,0.6972,0.6973,0.6972,0.6973,6
2026-07-24 14:10:00+00:00,0.6973,0.6974,0.6973,0.6974,5
2026-07-24 14:11:00+00:00,0.6974,0.6974,0.6974,0.6974,1
2026-07-24 14:12:00+00:00,0.6973,0.6973,0.6973,0.6973,1
2026-07-24 14:13:00+00:00,0.6974,0.6974,0.6974,0.6974,1
2026-07-24 14:17:00+00:00,0.6974,0.6974,0.6974,0.6974,1
2026-07-24 14:19:00+00:00,0.6974,0.6974,0.6974,0.6974,1
2026-07-24 14:21:00+00:00,0.6973,0.6973,0.6973,0.6973,1
2026-07-24 14:23:00+00:00,0.6976,0.6976,0.6976,0.6976,1
2026-07-24 14:25:00+00:00,0.6977,0.6977,0.6977,0.6977,4
2026-07-24 14:26:00+00:00,0.6977,0.6978,0.6977,0.6978,6
2026-07-24 14:30:00+00:00,0.6975,0.6975,0.6974,0.6974,3
2026-07-24 14:32:00+00:00,0.6975,0.6975,0.6975,0.6975,1
2026-07-24 14:35:00+00:00,0.6977,0.6977,0.6977,0.6977,5
2026-07-24 14:36:00+00:00,0.6978,0.6978,0.6978,0.6978,69
2026-07-24 14:37:00+00:00,0.6978,0.6978,0.6977,0.6977,2
2026-07-24 14:39:00+00:00,0.6977,0.6977,0.6977,0.6977,1
2026-07-24 14:43:00+00:00,0.6977,0.6977,0.6977,0.6977,15
2026-07-24 14:44:00+00:00,0.6978,0.6978,0.6978,0.6978,14
2026-07-24 14:46:00+00:00,0.6978,0.6978,0.6978,0.6978,3
2026-07-24 14:47:00+00:00,0.6979,0.6979,0.6978,0.6978,5
2026-07-24 14:50:00+00:00,0.698,0.6981,0.698,0.6981,9
2026-07-24 14:52:00+00:00,0.698,0.698,0.6979,0.6979,5
2026-07-24 14:54:00+00:00,0.6979,0.698,0.6979,0.698,5
2026-07-24 14:55:00+00:00,0.6981,0.6981,0.6981,0.6981,14
2026-07-24 14:56:00+00:00,0.6981,0.6981,0.6981,0.6981,12
2026-07-24 14:57:00+00:00,0.6982,0.6984,0.6982,0.6984,11
2026-07-24 14:58:00+00:00,0.6982,0.6982,0.6981,0.6981,2
2026-07-24 15:00:00+00:00,0.697,0.697,0.697,0.697,1
2026-07-24 15:00:00+00:00,0.6982,0.6982,0.6981,0.6981,4
2026-07-24 15:02:00+00:00,0.6983,0.6983,0.6983,0.6983,2
2026-07-24 15:03:00+00:00,0.6982,0.6982,0.6982,0.6982,5
2026-07-24 15:05:00+00:00,0.6983,0.6983,0.6983,0.6983,4
2026-07-24 15:06:00+00:00,0.6983,0.6983,0.6983,0.6983,1
2026-07-24 15:08:00+00:00,0.6984,0.6985,0.6984,0.6985,20
2026-07-24 15:09:00+00:00,0.6985,0.6985,0.6985,0.6985,1
2026-07-24 15:10:00+00:00,0.6987,0.6989,0.6987,0.6989,88
2026-07-24 15:11:00+00:00,0.699,0.6992,0.6987,0.6987,45
2026-07-24 15:13:00+00:00,0.6987,0.6987,0.6987,0.6987,13
2026-07-24 15:14:00+00:00,0.6988,0.6992,0.6988,0.6992,75
2026-07-24 15:15:00+00:00,0.6991,0.6996,0.6991,0.6994,93
2026-07-24 15:16:00+00:00,0.6993,0.6993,0.6993,0.6993,27
2026-07-24 15:18:00+00:00,0.6991,0.6991,0.6989,0.699,27
2026-07-24 15:19:00+00:00,0.6988,0.6988,0.6987,0.6988,8
2026-07-24 15:20:00+00:00,0.6989,0.6989,0.6989,0.6989,4
2026-07-24 15:21:00+00:00,0.6988,0.6988,0.6988,0.6988,2
2026-07-24 15:22:00+00:00,0.6988,0.6988,0.6987,0.6987,8
2026-07-24 15:24:00+00:00,0.6987,0.6987,0.6987,0.6987,2
2026-07-24 15:25:00+00:00,0.6987,0.6987,0.6987,0.6987,1
2026-07-24 15:27:00+00:00,0.6988,0.6988,0.6987,0.6987,2
2026-07-24 15:28:00+00:00,0.6988,0.6988,0.6988,0.6988,1
2026-07-24 15:29:00+00:00,0.6987,0.6988,0.6986,0.6986,3
2026-07-24 15:30:00+00:00,0.6986,0.6986,0.6985,0.6985,4
2026-07-24 15:31:00+00:00,0.6987,0.6987,0.6987,0.6987,2
2026-07-24 15:34:00+00:00,0.6986,0.6986,0.6986,0.6986,2
2026-07-24 15:36:00+00:00,0.6986,0.6986,0.6986,0.6986,3
2026-07-24 15:37:00+00:00,0.6987,0.6987,0.6987,0.6987,1
2026-07-24 15:38:00+00:00,0.6988,0.6988,0.6988,0.6988,11
2026-07-24 15:40:00+00:00,0.6988,0.6988,0.6988,0.6988,3
2026-07-24 15:41:00+00:00,0.6988,0.6988,0.6986,0.6986,5
2026-07-24 15:42:00+00:00,0.6987,0.6987,0.6987,0.6987,3
2026-07-24 15:43:00+00:00,0.6985,0.6985,0.6983,0.6983,5
2026-07-24 15:44:00+00:00,0.6984,0.6984,0.6984,0.6984,2
2026-07-24 15:45:00+00:00,0.6985,0.6985,0.6985,0.6985,2
2026-07-24 15:46:00+00:00,0.6985,0.6985,0.6985,0.6985,1
2026-07-24 15:48:00+00:00,0.6985,0.6985,0.6985,0.6985,4
2026-07-24 15:50:00+00:00,0.6987,0.6987,0.6987,0.6987,6
2026-07-24 15:54:00+00:00,0.6987,0.6987,0.6987,0.6987,1
2026-07-24 15:59:00+00:00,0.6989,0.6989,0.6989,0.6989,8
2026-07-24 16:00:00+00:00,0.699,0.699,0.699,0.699,1
2026-07-24 16:03:00+00:00,0.6988,0.6989,0.6988,0.6989,3
2026-07-24 16:07:00+00:00,0.6989,0.6989,0.6989,0.6989,1
2026-07-24 16:08:00+00:00,0.6989,0.6989,0.6989,0.6989,3
2026-07-24 16:10:00+00:00,0.699,0.699,0.699,0.699,4
2026-07-24 16:11:00+00:00,0.699,0.699,0.699,0.699,1
2026-07-24 16:13:00+00:00,0.6989,0.6989,0.6989,0.6989,4
2026-07-24 16:15:00+00:00,0.6989,0.6989,0.6989,0.6989,1
2026-07-24 16:16:00+00:00,0.6988,0.6988,0.6988,0.6988,1
2026-07-24 16:25:00+00:00,0.6988,0.6988,0.6988,0.6988,1
2026-07-24 16:30:00+00:00,0.6987,0.6987,0.6987,0.6987,50
2026-07-24 16:31:00+00:00,0.6987,0.6987,0.6987,0.6987,2
2026-07-24 16:32:00+00:00,0.6988,0.6988,0.6988,0.6988,1
2026-07-24 16:35:00+00:00,0.6988,0.6988,0.6988,0.6988,1
2026-07-24 16:37:00+00:00,0.6987,0.6987,0.6987,0.6987,1
2026-07-24 16:39:00+00:00,0.6985,0.6985,0.6985,0.6985,3
2026-07-24 16:40:00+00:00,0.6985,0.6985,0.6985,0.6985,1
2026-07-24 16:40:00+00:00,0.6973,0.6973,0.6973,0.6973,1
2026-07-24 16:44:00+00:00,0.6984,0.6984,0.6984,0.6984,5
2026-07-24 16:45:00+00:00,0.6985,0.6985,0.6985,0.6985,6
2026-07-24 16:47:00+00:00,0.6984,0.6984,0.6984,0.6984,2
2026-07-24 16:48:00+00:00,0.6983,0.6983,0.6983,0.6983,2
2026-07-24 16:51:00+00:00,0.6983,0.6983,0.6983,0.6983,2
2026-07-24 16:52:00+00:00,0.6983,0.6983,0.6983,0.6983,6
2026-07-24 16:54:00+00:00,0.6984,0.6984,0.6984,0.6984,2
2026-07-24 16:56:00+00:00,0.6985,0.6985,0.6985,0.6985,3
2026-07-24 17:00:00+00:00,0.6985,0.6985,0.6985,0.6985,3
2026-07-24 17:02:00+00:00,0.6984,0.6985,0.6984,0.6985,8
2026-07-24 17:04:00+00:00,0.6985,0.6985,0.6984,0.6984,3
2026-07-24 17:05:00+00:00,0.6983,0.6983,0.6983,0.6983,2
2026-07-24 17:06:00+00:00,0.6982,0.6982,0.6981,0.6982,21
2026-07-24 17:07:00+00:00,0.6981,0.6981,0.6981,0.6981,1
2026-07-24 17:08:00+00:00,0.698,0.698,0.698,0.698,5
2026-07-24 17:11:00+00:00,0.698,0.698,0.698,0.698,1
2026-07-24 17:14:00+00:00,0.698,0.698,0.698,0.698,2
2026-07-24 17:15:00+00:00,0.698,0.698,0.698,0.698,2
2026-07-24 17:18:00+00:00,0.698,0.698,0.698,0.698,2
2026-07-24 17:23:00+00:00,0.6979,0.6979,0.6978,0.6978,3
2026-07-24 17:24:00+00:00,0.698,0.698,0.698,0.698,1
2026-07-24 17:25:00+00:00,0.698,0.698,0.698,0.698,1
2026-07-24 17:31:00+00:00,0.6981,0.6981,0.6981,0.6981,10
2026-07-24 17:32:00+00:00,0.6981,0.6981,0.6981,0.6981,1
2026-07-24 17:34:00+00:00,0.6983,0.6983,0.6983,0.6983,4
2026-07-24 17:35:00+00:00,0.6982,0.6982,0.6982,0.6982,1
2026-07-24 17:39:00+00:00,0.698,0.698,0.698,0.698,1
2026-07-24 17:40:00+00:00,0.698,0.6981,0.698,0.698,11
2026-07-24 17:41:00+00:00,0.698,0.698,0.698,0.698,1
2026-07-24 17:52:00+00:00,0.6979,0.6979,0.6979,0.6979,2
2026-07-24 17:56:00+00:00,0.6981,0.6981,0.6981,0.6981,5
2026-07-24 17:58:00+00:00,0.6981,0.6981,0.698,0.698,2
2026-07-24 18:03:00+00:00,0.698,0.698,0.698,0.698,3
2026-07-24 18:04:00+00:00,0.6979,0.6979,0.6979,0.6979,10
2026-07-24 18:07:00+00:00,0.698,0.698,0.698,0.698,5
2026-07-24 18:19:00+00:00,0.6979,0.6979,0.6979,0.6979,1
2026-07-24 18:20:00+00:00,0.6978,0.6978,0.6977,0.6977,13
2026-07-24 18:21:00+00:00,0.6978,0.6978,0.6978,0.6978,1
2026-07-24 18:23:00+00:00,0.6971,0.6971,0.6971,0.6971,10
2026-07-24 18:26:00+00:00,0.6978,0.6978,0.6978,0.6978,4
2026-07-24 18:28:00+00:00,0.6978,0.6978,0.6978,0.6978,2
2026-07-24 18:33:00+00:00,0.6977,0.6977,0.6977,0.6977,2
2026-07-24 18:34:00+00:00,0.6976,0.6976,0.6976,0.6976,2
2026-07-24 18:35:00+00:00,0.6976,0.6976,0.6976,0.6976,1
2026-07-24 18:37:00+00:00,0.6977,0.6977,0.6977,0.6977,1
2026-07-24 18:39:00+00:00,0.6976,0.6977,0.6976,0.6977,18
2026-07-24 18:42:00+00:00,0.6976,0.6976,0.6976,0.6976,4
2026-07-24 18:44:00+00:00,0.6977,0.6977,0.6977,0.6977,2
2026-07-24 18:45:00+00:00,0.6976,0.6976,0.6976,0.6976,1
2026-07-24 18:52:00+00:00,0.6977,0.6977,0.6977,0.6977,1
2026-07-24 18:54:00+00:00,0.6977,0.6977,0.6977,0.6977,6
2026-07-24 18:59:00+00:00,0.6977,0.6977,0.6977,0.6977,1
2026-07-24 19:06:00+00:00,0.6976,0.6976,0.6976,0.6976,2
2026-07-24 19:12:00+00:00,0.6976,0.6976,0.6976,0.6976,9
2026-07-24 19:13:00+00:00,0.6976,0.6976,0.6976,0.6976,1
2026-07-24 19:14:00+00:00,0.6975,0.6975,0.6975,0.6975,28
2026-07-24 19:15:00+00:00,0.6975,0.6975,0.6975,0.6975,4
2026-07-24 19:16:00+00:00,0.6974,0.6974,0.6974,0.6974,4
2026-07-24 19:17:00+00:00,0.6974,0.6974,0.6974,0.6974,2
2026-07-24 19:20:00+00:00,0.6975,0.6975,0.6975,0.6975,10
2026-07-24 19:22:00+00:00,0.6975,0.6975,0.6975,0.6975,1
2026-07-24 19:25:00+00:00,0.6973,0.6974,0.6973,0.6974,7
2026-07-24 19:27:00+00:00,0.6973,0.6973,0.6973,0.6973,2
2026-07-24 19:29:00+00:00,0.6973,0.6973,0.6973,0.6973,1
2026-07-24 19:30:00+00:00,0.6974,0.6974,0.6974,0.6974,1
2026-07-24 19:31:00+00:00,0.6974,0.6974,0.6974,0.6974,3
2026-07-24 19:33:00+00:00,0.6975,0.6975,0.6975,0.6975,11
2026-07-24 19:35:00+00:00,0.6976,0.6976,0.6976,0.6976,4
2026-07-24 19:36:00+00:00,0.6975,0.6975,0.6975,0.6975,3
2026-07-24 19:37:00+00:00,0.6975,0.6976,0.6975,0.6976,3
2026-07-24 19:43:00+00:00,0.6976,0.6976,0.6976,0.6976,1
2026-07-24 19:54:00+00:00,0.6974,0.6974,0.6974,0.6974,5
2026-07-24 19:56:00+00:00,0.6974,0.6974,0.6974,0.6974,2
2026-07-24 20:02:00+00:00,0.6974,0.6974,0.6974,0.6974,5
2026-07-24 20:05:00+00:00,0.6973,0.6973,0.6973,0.6973,4
2026-07-24 20:06:00+00:00,0.6974,0.6974,0.6974,0.6974,9
2026-07-24 20:25:00+00:00,0.6974,0.6974,0.6974,0.6974,5
2026-07-24 20:27:00+00:00,0.6974,0.6974,0.6974,0.6974,2
2026-07-24 20:28:00+00:00,0.6974,0.6974,0.6974,0.6974,2
2026-07-24 20:29:00+00:00,0.6974,0.6974,0.6974,0.6974,1
2026-07-24 20:30:00+00:00,0.6975,0.6975,0.6974,0.6974,4
2026-07-24 20:31:00+00:00,0.6974,0.6974,0.6973,0.6973,2
2026-07-24 20:34:00+00:00,0.6973,0.6973,0.6973,0.6973,2
2026-07-24 20:35:00+00:00,0.6974,0.6974,0.6974,0.6974,13
2026-07-24 20:36:00+00:00,0.6974,0.6974,0.6974,0.6974,9
2026-07-24 20:37:00+00:00,0.6975,0.6975,0.6974,0.6974,13
2026-07-24 20:38:00+00:00,0.6974,0.6974,0.6974,0.6974,9
2026-07-24 20:45:00+00:00,0.6974,0.6975,0.6974,0.6975,2
2026-07-24 20:47:00+00:00,0.6975,0.6975,0.6975,0.6975,1
2026-07-24 20:48:00+00:00,0.6975,0.6975,0.6975,0.6975,1
2026-07-24 20:49:00+00:00,0.6975,0.6975,0.6975,0.6975,4
2026-07-24 20:50:00+00:00,0.6975,0.6975,0.6975,0.6975,5
2026-07-24 20:51:00+00:00,0.6975,0.6976,0.6975,0.6976,36
2026-07-24 20:52:00+00:00,0.6975,0.6975,0.6975,0.6975,1
2026-07-24 20:55:00+00:00,0.6975,0.6975,0.6975,0.6975,2
2026-07-24 20:56:00+00:00,0.6975,0.6976,0.6975,0.6976,2
2026-07-24 20:57:00+00:00,0.6975,0.6975,0.6975,0.6975,3
2026-07-24 20:59:00+00:00,0.6977,0.6977,0.6977,0.6977,1
2026-07-26 22:00:00+00:00,0.6981,0.6999,0.6981,0.6996,138
2026-07-26 22:01:00+00:00,0.6997,0.6998,0.6996,0.6996,33
2026-07-26 22:02:00+00:00,0.6995,0.7001,0.6995,0.7,92
2026-07-26 22:03:00+00:00,0.7,0.7,0.6998,0.6998,42
2026-07-26 22:04:00+00:00,0.7,0.7,0.6998,0.6998,14
2026-07-26 22:05:00+00:00,0.6998,0.6999,0.6998,0.6999,12
2026-07-26 22:06:00+00:00,0.6997,0.6998,0.6997,0.6998,12
2026-07-26 22:07:00+00:00,0.6998,0.6998,0.6998,0.6998,2
2026-07-26 22:08:00+00:00,0.6997,0.6997,0.6996,0.6997,5
2026-07-26 22:09:00+00:00,0.6998,0.6998,0.6995,0.6995,12
2026-07-26 22:09:00+00:00,0.6983,0.6983,0.6983,0.6983,1
2026-07-26 22:10:00+00:00,0.6995,0.6995,0.6993,0.6995,23
2026-07-26 22:11:00+00:00,0.6994,0.6994,0.6994,0.6994,8
2026-07-26 22:12:00+00:00,0.6993,0.6993,0.6993,0.6993,5
2026-07-26 22:13:00+00:00,0.6992,0.6992,0.6992,0.6992,8
2026-07-26 22:15:00+00:00,0.6992,0.6992,0.6992,0.6992,8
2026-07-26 22:17:00+00:00,0.6993,0.6993,0.6993,0.6993,2
2026-07-26 22:19:00+00:00,0.6994,0.6994,0.6994,0.6994,3
2026-07-26 22:21:00+00:00,0.6993,0.6993,0.6993,0.6993,13
2026-07-26 22:23:00+00:00,0.6993,0.6993,0.6993,0.6993,3
2026-07-26 22:25:00+00:00,0.6991,0.6991,0.699,0.699,9
2026-07-26 22:27:00+00:00,0.6991,0.6991,0.6991,0.6991,1
2026-07-26 22:28:00+00:00,0.6991,0.6991,0.6991,0.6991,2
2026-07-26 22:29:00+00:00,0.698,0.698,0.698,0.698,2
2026-07-26 22:29:00+00:00,0.699,0.699,0.699,0.699,8
2026-07-26 22:30:00+00:00,0.699,0.699,0.699,0.699,5
2026-07-26 22:31:00+00:00,0.699,0.699,0.6989,0.6989,12
2026-07-26 22:32:00+00:00,0.6989,0.6989,0.6988,0.6988,10
2026-07-26 22:34:00+00:00,0.6989,0.6989,0.6989,0.6989,5
2026-07-26 22:35:00+00:00,0.6988,0.6988,0.6988,0.6988,2
2026-07-26 22:37:00+00:00,0.6988,0.6988,0.6988,0.6988,2
2026-07-26 22:40:00+00:00,0.6988,0.6988,0.6987,0.6987,2
2026-07-26 22:42:00+00:00,0.6987,0.6987,0.6987,0.6987,7
2026-07-26 22:43:00+00:00,0.6987,0.6987,0.6987,0.6987,3
2026-07-26 22:44:00+00:00,0.6988,0.6988,0.6988,0.6988,5
2026-07-26 22:46:00+00:00,0.6988,0.6988,0.6988,0.6988,2
2026-07-26 22:47:00+00:00,0.6987,0.6987,0.6987,0.6987,6
2026-07-26 22:48:00+00:00,0.6986,0.6986,0.6986,0.6986,10
2026-07-26 22:49:00+00:00,0.6986,0.6986,0.6986,0.6986,4
2026-07-26 22:52:00+00:00,0.6986,0.6986,0.6986,0.6986,1
2026-07-26 22:54:00+00:00,0.6986,0.6987,0.6986,0.6987,19
2026-07-26 22:57:00+00:00,0.6986,0.6986,0.6986,0.6986,4
2026-07-26 22:58:00+00:00,0.6985,0.6985,0.6985,0.6985,1
2026-07-26 22:59:00+00:00,0.6986,0.6986,0.6986,0.6986,4
2026-07-26 23:00:00+00:00,0.6987,0.6987,0.6987,0.6987,7
2026-07-26 23:01:00+00:00,0.6986,0.6986,0.6986,0.6986,4
2026-07-26 23:07:00+00:00,0.6988,0.6988,0.6988,0.6988,8
2026-07-26 23:09:00+00:00,0.6988,0.6988,0.6988,0.6988,8
2026-07-26 23:13:00+00:00,0.6986,0.6986,0.6986,0.6986,5
2026-07-26 23:14:00+00:00,0.6988,0.6988,0.6988,0.6988,1
2026-07-26 23:15:00+00:00,0.6987,0.6987,0.6987,0.6987,1
2026-07-26 23:18:00+00:00,0.6987,0.6987,0.6986,0.6986,9
2026-07-26 23:19:00+00:00,0.6986,0.6986,0.6986,0.6986,4
2026-07-26 23:23:00+00:00,0.6986,0.6986,0.6986,0.6986,32
2026-07-26 23:25:00+00:00,0.6985,0.6985,0.6985,0.6985,7
2026-07-26 23:26:00+00:00,0.6985,0.6985,0.6985,0.6985,1
2026-07-26 23:27:00+00:00,0.6986,0.6986,0.6986,0.6986,1
2026-07-26 23:30:00+00:00,0.6986,0.6986,0.6986,0.6986,4
2026-07-26 23:31:00+00:00,0.6986,0.6986,0.6986,0.6986,5
2026-07-26 23:33:00+00:00,0.6985,0.6985,0.6985,0.6985,3
2026-07-26 23:35:00+00:00,0.6986,0.6986,0.6986,0.6986,2
2026-07-26 23:36:00+00:00,0.6987,0.6987,0.6987,0.6987,1
2026-07-26 23:41:00+00:00,0.6988,0.6988,0.6988,0.6988,1
2026-07-26 23:42:00+00:00,0.6989,0.699,0.6989,0.699,2
2026-07-26 23:43:00+00:00,0.6989,0.6989,0.6989,0.6989,1
2026-07-26 23:44:00+00:00,0.6989,0.6989,0.6989,0.6989,1
2026-07-26 23:45:00+00:00,0.6989,0.6989,0.6989,0.6989,1
2026-07-26 23:48:00+00:00,0.6989,0.6989,0.6989,0.6989,2
2026-07-26 23:51:00+00:00,0.6988,0.6988,0.6988,0.6988,2
2026-07-26 23:54:00+00:00,0.6987,0.6987,0.6987,0.6987,5
2026-07-26 23:57:00+00:00,0.6988,0.6988,0.6988,0.6988,7
2026-07-27 00:00:00+00:00,0.6989,0.6991,0.6989,0.6991,12
2026-07-27 00:02:00+00:00,0.6992,0.6992,0.6992,0.6992,3
2026-07-27 00:03:00+00:00,0.6991,0.6991,0.6991,0.6991,4
2026-07-27 00:05:00+00:00,0.6992,0.6992,0.6992,0.6992,4
2026-07-27 00:06:00+00:00,0.6992,0.6992,0.6992,0.6992,1
2026-07-27 00:07:00+00:00,0.6991,0.6992,0.6991,0.6991,12
2026-07-27 00:08:00+00:00,0.699,0.699,0.699,0.699,5
2026-07-27 00:10:00+00:00,0.699,0.699,0.6989,0.6989,4
2026-07-27 00:11:00+00:00,0.699,0.699,0.699,0.699,3
2026-07-27 00:12:00+00:00,0.6991,0.6991,0.6991,0.6991,1
2026-07-27 00:13:00+00:00,0.6993,0.6994,0.6993,0.6994,21
2026-07-27 00:14:00+00:00,0.6994,0.6994,0.6994,0.6994,1
2026-07-27 00:15:00+00:00,0.6995,0.6995,0.6993,0.6994,11
2026-07-27 00:16:00+00:00,0.6993,0.6993,0.6993,0.6993,4
2026-07-27 00:19:00+00:00,0.6992,0.6992,0.6992,0.6992,1
2026-07-27 00:20:00+00:00,0.6992,0.6992,0.6991,0.6991,5
2026-07-27 00:21:00+00:00,0.6992,0.6992,0.6992,0.6992,1
2026-07-27 00:22:00+00:00,0.6993,0.6993,0.6993,0.6993,6
2026-07-27 00:23:00+00:00,0.6994,0.6994,0.6994,0.6994,1
2026-07-27 00:24:00+00:00,0.6994,0.6994,0.6994,0.6994,1
2026-07-27 00:25:00+00:00,0.6994,0.6994,0.6994,0.6994,1
2026-07-27 00:26:00+00:00,0.6994,0.6994,0.6994,0.6994,2
2026-07-27 00:28:00+00:00,0.6995,0.6995,0.6994,0.6994,8
2026-07-27 00:29:00+00:00,0.6994,0.6995,0.6994,0.6995,12
2026-07-27 00:30:00+00:00,0.6995,0.6995,0.6995,0.6995,3
2026-07-27 00:31:00+00:00,0.6994,0.6994,0.6994,0.6994,3
2026-07-27 00:32:00+00:00,0.6995,0.6995,0.6995,0.6995,3
2026-07-27 00:33:00+00:00,0.6996,0.6997,0.6996,0.6997,5
2026-07-27 00:34:00+00:00,0.6995,0.6995,0.6995,0.6995,1
2026-07-27 00:35:00+00:00,0.6994,0.6994,0.6994,0.6994,1
2026-07-27 00:39:00+00:00,0.6992,0.6992,0.6992,0.6992,2
2026-07-27 00:40:00+00:00,0.6991,0.6992,0.6991,0.6992,8
2026-07-27 00:45:00+00:00,0.6992,0.6992,0.6992,0.6992,3
2026-07-27 00:49:00+00:00,0.6993,0.6993,0.6993,0.6993,1
2026-07-27 00:51:00+00:00,0.6992,0.6992,0.6992,0.6992,4
2026-07-27 00:52:00+00:00,0.6991,0.6992,0.6991,0.6992,5
2026-07-27 00:53:00+00:00,0.6991,0.6991,0.699,0.699,9
2026-07-27 00:54:00+00:00,0.6989,0.6989,0.6989,0.6989,7
2026-07-27 00:55:00+00:00,0.699,0.699,0.699,0.699,8
2026-07-27 00:56:00+00:00,0.6989,0.6989,0.6989,0.6989,6
2026-07-27 00:57:00+00:00,0.699,0.699,0.699,0.699,1
2026-07-27 00:58:00+00:00,0.6989,0.6989,0.6989,0.6989,1
2026-07-27 00:59:00+00:00,0.6987,0.6987,0.6987,0.6987,8
2026-07-27 01:00:00+00:00,0.6988,0.6988,0.6988,0.6988,7
2026-07-27 01:01:00+00:00,0.6987,0.6987,0.6987,0.6987,4
2026-07-27 01:03:00+00:00,0.6988,0.6988,0.6988,0.6988,1
2026-07-27 01:04:00+00:00,0.6988,0.6989,0.6988,0.6989,2
2026-07-27 01:09:00+00:00,0.699,0.699,0.699,0.699,5
2026-07-27 01:10:00+00:00,0.6991,0.6991,0.6991,0.6991,1
2026-07-27 01:11:00+00:00,0.6991,0.6991,0.6991,0.6991,1
2026-07-27 01:15:00+00:00,0.6991,0.6991,0.6991,0.6991,1
2026-07-27 01:17:00+00:00,0.6992,0.6992,0.6992,0.6992,5
2026-07-27 01:18:00+00:00,0.6993,0.6993,0.6993,0.6993,9
2026-07-27 01:22:00+00:00,0.6992,0.6992,0.6992,0.6992,6
2026-07-27 01:24:00+00:00,0.6991,0.6991,0.6991,0.6991,8
2026-07-27 01:29:00+00:00,0.6991,0.6991,0.6991,0.6991,16
2026-07-27 01:30:00+00:00,0.6992,0.6992,0.6992,0.6992,1
2026-07-27 01:31:00+00:00,0.6993,0.6993,0.6993,0.6993,1
2026-07-27 01:32:00+00:00,0.6993,0.6993,0.6993,0.6993,5
2026-07-27 01:33:00+00:00,0.6993,0.6993,0.6992,0.6992,2
2026-07-27 01:35:00+00:00,0.6991,0.6991,0.6989,0.6989,8
2026-07-27 01:37:00+00:00,0.6989,0.6989,0.6989,0.6989,4
2026-07-27 01:38:00+00:00,0.6989,0.699,0.6989,0.699,4
2026-07-27 01:41:00+00:00,0.6991,0.6991,0.6991,0.6991,4
2026-07-27 01:42:00+00:00,0.6991,0.6991,0.6991,0.6991,4
2026-07-27 01:43:00+00:00,0.6991,0.6991,0.6991,0.6991,33
2026-07-27 01:44:00+00:00,0.699,0.699,0.699,0.699,1
2026-07-27 01:45:00+00:00,0.699,0.699,0.699,0.699,1
2026-07-27 01:46:00+00:00,0.6991,0.6991,0.6991,0.6991,3
2026-07-27 01:49:00+00:00,0.6993,0.6993,0.6993,0.6993,4
2026-07-27 01:50:00+00:00,0.6993,0.6993,0.6992,0.6992,7
2026-07-27 01:51:00+00:00,0.6992,0.6993,0.6992,0.6993,4
2026-07-27 01:52:00+00:00,0.6993,0.6993,0.6993,0.6993,1
2026-07-27 01:56:00+00:00,0.6994,0.6994,0.6994,0.6994,4
2026-07-27 01:57:00+00:00,0.6995,0.6995,0.6995,0.6995,3
2026-07-27 01:58:00+00:00,0.6996,0.6998,0.6995,0.6998,14
2026-07-27 01:59:00+00:00,0.6999,0.6999,0.6999,0.6999,7
2026-07-27 02:00:00+00:00,0.6999,0.6999,0.6999,0.6999,6
2026-07-27 02:02:00+00:00,0.6998,0.6998,0.6997,0.6997,6
2026-07-27 02:03:00+00:00,0.6997,0.6997,0.6997,0.6997,1
2026-07-27 02:04:00+00:00,0.6997,0.6997,0.6997,0.6997,3
2026-07-27 02:05:00+00:00,0.6997,0.6998,0.6997,0.6998,5
2026-07-27 02:08:00+00:00,0.6996,0.6996,0.6996,0.6996,8
2026-07-27 02:09:00+00:00,0.6997,0.6997,0.6997,0.6997,23
2026-07-27 02:11:00+00:00,0.6997,0.6997,0.6997,0.6997,3
2026-07-27 02:12:00+00:00,0.6996,0.6996,0.6996,0.6996,1
2026-07-27 02:13:00+00:00,0.6996,0.6996,0.6996,0.6996,1
2026-07-27 02:14:00+00:00,0.6996,0.6996,0.6996,0.6996,1
2026-07-27 02:17:00+00:00,0.6994,0.6994,0.6994,0.6994,1
2026-07-27 02:25:00+00:00,0.6995,0.6995,0.6995,0.6995,2
2026-07-27 02:29:00+00:00,0.6996,0.6996,0.6996,0.6996,9
2026-07-27 02:30:00+00:00,0.6995,0.6995,0.6994,0.6994,7
2026-07-27 02:33:00+00:00,0.6994,0.6994,0.6994,0.6994,1
2026-07-27 02:34:00+00:00,0.6994,0.6994,0.6994,0.6994,6
2026-07-27 02:42:00+00:00,0.6995,0.6995,0.6995,0.6995,6
2026-07-27 02:45:00+00:00,0.6995,0.6995,0.6995,0.6995,2
2026-07-27 02:46:00+00:00,0.6995,0.6995,0.6995,0.6995,2
2026-07-27 02:51:00+00:00,0.6993,0.6993,0.6993,0.6993,4
2026-07-27 02:55:00+00:00,0.6993,0.6993,0.6993,0.6993,2
2026-07-27 02:56:00+00:00,0.6993,0.6993,0.6993,0.6993,2
2026-07-27 03:01:00+00:00,0.6993,0.6993,0.6993,0.6993,5
2026-07-27 03:05:00+00:00,0.6992,0.6992,0.6992,0.6992,5
2026-07-27 03:10:00+00:00,0.6992,0.6992,0.6992,0.6992,1
2026-07-27 03:20:00+00:00,0.6993,0.6993,0.6993,0.6993,7
2026-07-27 03:21:00+00:00,0.6993,0.6993,0.6993,0.6993,1
2026-07-27 03:22:00+00:00,0.6992,0.6992,0.6992,0.6992,7
2026-07-27 03:29:00+00:00,0.6991,0.6991,0.6991,0.6991,4
2026-07-27 03:30:00+00:00,0.699,0.699,0.699,0.699,6
2026-07-27 03:31:00+00:00,0.6989,0.6989,0.6988,0.6988,6
2026-07-27 03:32:00+00:00,0.6989,0.6989,0.6989,0.6989,1
2026-07-27 03:34:00+00:00,0.6988,0.6988,0.6988,0.6988,2
2026-07-27 03:35:00+00:00,0.6989,0.6989,0.6989,0.6989,18
2026-07-27 03:40:00+00:00,0.699,0.699,0.699,0.699,1
2026-07-27 03:44:00+00:00,0.6991,0.6991,0.6991,0.6991,4
2026-07-27 03:49:00+00:00,0.6991,0.6991,0.6991,0.6991,1
2026-07-27 03:50:00+00:00,0.6991,0.6991,0.6991,0.6991,2
2026-07-27 03:53:00+00:00,0.6993,0.6993,0.6993,0.6993,1
2026-07-27 04:01:00+00:00,0.6993,0.6993,0.6993,0.6993,5
2026-07-27 04:06:00+00:00,0.6993,0.6993,0.6993,0.6993,4
2026-07-27 04:24:00+00:00,0.6991,0.6991,0.6991,0.6991,1
2026-07-27 04:26:00+00:00,0.699,0.699,0.699,0.699,19
2026-07-27 04:27:00+00:00,0.6989,0.6989,0.6989,0.6989,5
2026-07-27 04:30:00+00:00,0.699,0.699,0.699,0.699,1
2026-07-27 04:31:00+00:00,0.6991,0.6991,0.6991,0.6991,3
2026-07-27 04:43:00+00:00,0.6992,0.6992,0.6992,0.6992,1
2026-07-27 04:49:00+00:00,0.699,0.699,0.699,0.699,1
2026-07-27 04:51:00+00:00,0.699,0.699,0.699,0.699,1
2026-07-27 04:54:00+00:00,0.699,0.699,0.699,0.699,1
2026-07-27 04:55:00+00:00,0.699,0.699,0.699,0.699,1
2026-07-27 04:59:00+00:00,0.6991,0.6991,0.6991,0.6991,4
2026-07-27 05:07:00+00:00,0.6993,0.6993,0.6993,0.6993,4
2026-07-27 05:10:00+00:00,0.6993,0.6993,0.6993,0.6993,7
2026-07-27 05:11:00+00:00,0.6993,0.6993,0.6993,0.6993,1
2026-07-27 05:12:00+00:00,0.6994,0.6994,0.6994,0.6994,4
2026-07-27 05:15:00+00:00,0.6994,0.6994,0.6994,0.6994,2
2026-07-27 05:18:00+00:00,0.6995,0.6995,0.6995,0.6995,4
2026-07-27 05:22:00+00:00,0.6995,0.6995,0.6995,0.6995,7
2026-07-27 05:23:00+00:00,0.6995,0.6995,0.6995,0.6995,7
2026-07-27 05:24:00+00:00,0.6994,0.6994,0.6994,0.6994,7
2026-07-27 05:25:00+00:00,0.6994,0.6994,0.6994,0.6994,1
2026-07-27 05:28:00+00:00,0.6994,0.6994,0.6994,0.6994,1
2026-07-27 05:29:00+00:00,0.6995,0.6995,0.6995,0.6995,4
2026-07-27 05:30:00+00:00,0.6996,0.6996,0.6996,0.6996,1
2026-07-27 05:36:00+00:00,0.6995,0.6995,0.6995,0.6995,3
2026-07-27 05:39:00+00:00,0.6996,0.6996,0.6996,0.6996,11
2026-07-27 05:43:00+00:00,0.6996,0.6996,0.6996,0.6996,1
2026-07-27 05:47:00+00:00,0.6996,0.6996,0.6996,0.6996,1
2026-07-27 05:49:00+00:00,0.6996,0.6996,0.6995,0.6995,10
2026-07-27 05:51:00+00:00,0.6997,0.6997,0.6997,0.6997,4
2026-07-27 05:54:00+00:00,0.6997,0.6997,0.6997,0.6997,10
2026-07-27 05:58:00+00:00,0.6997,0.6997,0.6997,0.6997,14
2026-07-27 06:01:00+00:00,0.6997,0.6997,0.6997,0.6997,4
2026-07-27 06:03:00+00:00,0.6997,0.6997,0.6997,0.6997,1
2026-07-27 06:05:00+00:00,0.6997,0.6997,0.6997,0.6997,4
2026-07-27 06:09:00+00:00,0.6997,0.6997,0.6997,0.6997,4
2026-07-27 06:10:00+00:00,0.6998,0.6999,0.6998,0.6999,18
2026-07-27 06:11:00+00:00,0.6999,0.6999,0.6999,0.6999,201
2026-07-27 06:12:00+00:00,0.6999,0.6999,0.6999,0.6999,4
2026-07-27 06:13:00+00:00,0.6998,0.6998,0.6998,0.6998,3
2026-07-27 06:14:00+00:00,0.6997,0.6997,0.6997,0.6997,3
2026-07-27 06:15:00+00:00,0.6997,0.6997,0.6997,0.6997,3
2026-07-27 06:16:00+00:00,0.6997,0.6997,0.6997,0.6997,1
2026-07-27 06:17:00+00:00,0.6998,0.6998,0.6998,0.6998,13
2026-07-27 06:23:00+00:00,0.6997,0.6997,0.6997,0.6997,3
2026-07-27 06:24:00+00:00,0.6998,0.6998,0.6998,0.6998,186
2026-07-27 06:25:00+00:00,0.6998,0.6999,0.6998,0.6999,37
2026-07-27 06:26:00+00:00,0.7,0.7,0.7,0.7,2
2026-07-27 06:28:00+00:00,0.7,0.7,0.7,0.7,36
2026-07-27 06:30:00+00:00,0.7,0.7001,0.7,0.7,75
2026-07-27 06:33:00+00:00,0.7001,0.7001,0.7001,0.7001,3
2026-07-27 06:35:00+00:00,0.7001,0.7001,0.7001,0.7001,29
2026-07-27 06:36:00+00:00,0.7001,0.7003,0.7001,0.7003,21
2026-07-27 06:37:00+00:00,0.7003,0.7003,0.7003,0.7003,11
2026-07-27 06:38:00+00:00,0.7003,0.7003,0.7003,0.7003,2
2026-07-27 06:39:00+00:00,0.7004,0.7004,0.7003,0.7004,12
2026-07-27 06:40:00+00:00,0.7004,0.7004,0.7004,0.7004,9
2026-07-27 06:41:00+00:00,0.7005,0.7005,0.7005,0.7005,24
2026-07-27 06:42:00+00:00,0.7004,0.7004,0.7004,0.7004,1
2026-07-27 06:46:00+00:00,0.7003,0.7003,0.7003,0.7003,15
2026-07-27 06:47:00+00:00,0.7003,0.7003,0.7003,0.7003,3
2026-07-27 06:48:00+00:00,0.7002,0.7002,0.7002,0.7002,3
2026-07-27 06:49:00+00:00,0.7001,0.7001,0.7001,0.7001,1
2026-07-27 06:53:00+00:00,0.7002,0.7002,0.7,0.7,29
2026-07-27 06:54:00+00:00,0.7,0.7001,0.7,0.7001,4
2026-07-27 06:57:00+00:00,0.7,0.7,0.7,0.7,8
2026-07-27 06:58:00+00:00,0.7001,0.7001,0.7001,0.7001,2
2026-07-27 06:59:00+00:00,0.7001,0.7001,0.7001,0.7001,3
2026-07-27 07:00:00+00:00,0.7,0.7,0.7,0.7,10
2026-07-27 07:01:00+00:00,0.7,0.7,0.7,0.7,29
2026-07-27 07:01:00+00:00,0.6989,0.6989,0.6989,0.6989,3
2026-07-27 07:02:00+00:00,0.6999,0.6999,0.6999,0.6999,2
2026-07-27 07:04:00+00:00,0.6998,0.6998,0.6998,0.6998,3
2026-07-27 07:10:00+00:00,0.7,0.7,0.7,0.7,2
2026-07-27 07:12:00+00:00,0.7,0.7,0.7,0.7,2
2026-07-27 07:13:00+00:00,0.7,0.7002,0.7,0.7002,3
2026-07-27 07:14:00+00:00,0.7002,0.7003,0.7002,0.7003,3
2026-07-27 07:15:00+00:00,0.7002,0.7002,0.7002,0.7002,1
2026-07-27 07:16:00+00:00,0.7001,0.7001,0.7001,0.7001,1
2026-07-27 07:17:00+00:00,0.7001,0.7001,0.7,0.7,2
2026-07-27 07:18:00+00:00,0.7001,0.7001,0.7001,0.7001,3
2026-07-27 07:19:00+00:00,0.7001,0.7001,0.7,0.7001,8
2026-07-27 07:20:00+00:00,0.7002,0.7002,0.7002,0.7002,2
2026-07-27 07:21:00+00:00,0.7001,0.7003,0.7001,0.7003,12
2026-07-27 07:22:00+00:00,0.7002,0.7002,0.7002,0.7002,6
2026-07-27 07:23:00+00:00,0.7003,0.7003,0.7003,0.7003,5
2026-07-27 07:25:00+00:00,0.7002,0.7002,0.7002,0.7002,1
2026-07-27 07:26:00+00:00,0.7002,0.7002,0.7002,0.7002,2
2026-07-27 07:27:00+00:00,0.7001,0.7001,0.7001,0.7001,1
2026-07-27 07:30:00+00:00,0.7,0.7,0.6998,0.6998,6
2026-07-27 07:32:00+00:00,0.6997,0.6998,0.6997,0.6998,7
2026-07-27 07:33:00+00:00,0.6997,0.6997,0.6996,0.6996,7
2026-07-27 07:34:00+00:00,0.6997,0.6997,0.6997,0.6997,5
2026-07-27 07:35:00+00:00,0.6998,0.6999,0.6998,0.6999,3
2026-07-27 07:37:00+00:00,0.6998,0.6998,0.6998,0.6998,1
2026-07-27 07:39:00+00:00,0.6997,0.6997,0.6997,0.6997,1
2026-07-27 07:40:00+00:00,0.6996,0.6996,0.6995,0.6996,16
2026-07-27 07:43:00+00:00,0.6996,0.6996,0.6995,0.6995,9
2026-07-27 07:44:00+00:00,0.6995,0.6996,0.6995,0.6996,4
2026-07-27 07:46:00+00:00,0.6995,0.6996,0.6995,0.6996,5
2026-07-27 07:49:00+00:00,0.6995,0.6995,0.6995,0.6995,1
2026-07-27 07:50:00+00:00,0.6996,0.6996,0.6996,0.6996,1
2026-07-27 07:54:00+00:00,0.6997,0.6997,0.6997,0.6997,15
2026-07-27 07:57:00+00:00,0.6996,0.6996,0.6996,0.6996,11
2026-07-27 07:58:00+00:00,0.6996,0.6996,0.6996,0.6996,37
2026-07-27 07:59:00+00:00,0.6996,0.6996,0.6996,0.6996,2
2026-07-27 08:00:00+00:00,0.6996,0.6996,0.6996,0.6996,1
2026-07-27 08:02:00+00:00,0.6996,0.6996,0.6996,0.6996,21
2026-07-27 08:03:00+00:00,0.6996,0.6996,0.6996,0.6996,4
2026-07-27 08:04:00+00:00,0.6996,0.6996,0.6996,0.6996,20
2026-07-27 08:05:00+00:00,0.6996,0.6996,0.6996,0.6996,9
2026-07-27 08:06:00+00:00,0.6997,0.6997,0.6997,0.6997,1
2026-07-27 08:12:00+00:00,0.6995,0.6995,0.6995,0.6995,1
2026-07-27 08:13:00+00:00,0.6995,0.6995,0.6995,0.6995,6
2026-07-27 08:14:00+00:00,0.6995,0.6995,0.6995,0.6995,4
2026-07-27 08:16:00+00:00,0.6994,0.6994,0.6994,0.6994,14
2026-07-27 08:17:00+00:00,0.6994,0.6994,0.6994,0.6994,2
2026-07-27 08:19:00+00:00,0.6995,0.6995,0.6995,0.6995,3
2026-07-27 08:20:00+00:00,0.6995,0.6995,0.6995,0.6995,5
2026-07-27 08:24:00+00:00,0.6995,0.6995,0.6995,0.6995,5
2026-07-27 08:28:00+00:00,0.6995,0.6995,0.6995,0.6995,5
2026-07-27 08:29:00+00:00,0.6995,0.6995,0.6995,0.6995,10
2026-07-27 08:33:00+00:00,0.6995,0.6995,0.6995,0.6995,1
2026-07-27 08:34:00+00:00,0.6995,0.6995,0.6995,0.6995,4
2026-07-27 08:37:00+00:00,0.6996,0.6996,0.6996,0.6996,1
2026-07-27 08:40:00+00:00,0.6996,0.6996,0.6996,0.6996,4
2026-07-27 08:43:00+00:00,0.6996,0.6996,0.6996,0.6996,1
2026-07-27 08:47:00+00:00,0.6994,0.6994,0.6994,0.6994,1
2026-07-27 08:59:00+00:00,0.6997,0.6997,0.6997,0.6997,15
2026-07-27 09:01:00+00:00,0.6997,0.6997,0.6997,0.6997,2
2026-07-27 09:02:00+00:00,0.6996,0.6996,0.6996,0.6996,1
2026-07-27 09:08:00+00:00,0.6997,0.6997,0.6997,0.6997,2
2026-07-27 09:09:00+00:00,0.6997,0.6997,0.6997,0.6997,25
2026-07-27 09:10:00+00:00,0.6996,0.6996,0.6995,0.6995,4
2026-07-27 09:13:00+00:00,0.6995,0.6995,0.6995,0.6995,4
2026-07-27 09:16:00+00:00,0.6995,0.6995,0.6995,0.6995,10
2026-07-27 09:19:00+00:00,0.6994,0.6994,0.6994,0.6994,10
2026-07-27 09:20:00+00:00,0.6994,0.6994,0.6994,0.6994,2
2026-07-27 09:22:00+00:00,0.6995,0.6995,0.6995,0.6995,3
2026-07-27 09:24:00+00:00,0.6996,0.6996,0.6996,0.6996,1
2026-07-27 09:33:00+00:00,0.6996,0.6996,0.6996,0.6996,65
2026-07-27 09:34:00+00:00,0.6995,0.6996,0.6995,0.6996,2
2026-07-27 09:36:00+00:00,0.6996,0.6996,0.6996,0.6996,3
2026-07-27 09:38:00+00:00,0.6996,0.6996,0.6996,0.6996,3
2026-07-27 09:43:00+00:00,0.6997,0.6997,0.6997,0.6997,1
2026-07-27 09:47:00+00:00,0.6997,0.6997,0.6997,0.6997,2
2026-07-27 09:54:00+00:00,0.6997,0.6997,0.6997,0.6997,2
2026-07-27 09:57:00+00:00,0.6997,0.6997,0.6997,0.6997,1
2026-07-27 10:00:00+00:00,0.6996,0.6996,0.6996,0.6996,1
2026-07-27 10:01:00+00:00,0.6997,0.6997,0.6997,0.6997,1
2026-07-27 10:03:00+00:00,0.6998,0.6998,0.6998,0.6998,3
2026-07-27 10:04:00+00:00,0.6998,0.6998,0.6998,0.6998,15
2026-07-27 10:07:00+00:00,0.6998,0.6998,0.6998,0.6998,1
2026-07-27 10:08:00+00:00,0.6997,0.6997,0.6997,0.6997,5
2026-07-27 10:10:00+00:00,0.6995,0.6995,0.6995,0.6995,5
2026-07-27 10:11:00+00:00,0.6994,0.6994,0.6994,0.6994,2
2026-07-27 10:15:00+00:00,0.6996,0.6996,0.6996,0.6996,4
2026-07-27 10:21:00+00:00,0.6997,0.6997,0.6997,0.6997,11
2026-07-27 10:24:00+00:00,0.6997,0.6997,0.6997,0.6997,1
2026-07-27 10:25:00+00:00,0.6997,0.6997,0.6997,0.6997,1
2026-07-27 10:30:00+00:00,0.6997,0.6997,0.6997,0.6997,8
2026-07-27 10:31:00+00:00,0.6997,0.6997,0.6997,0.6997,1
2026-07-27 10:41:00+00:00,0.6998,0.6998,0.6998,0.6998,1
2026-07-27 10:42:00+00:00,0.6999,0.6999,0.6999,0.6999,4
2026-07-27 10:43:00+00:00,0.7,0.7,0.7,0.7,10
2026-07-27 10:46:00+00:00,0.6998,0.6999,0.6998,0.6999,30
2026-07-27 10:47:00+00:00,0.6998,0.6998,0.6998,0.6998,5
2026-07-27 10:48:00+00:00,0.6998,0.6998,0.6998,0.6998,3
2026-07-27 10:49:00+00:00,0.6998,0.6998,0.6998,0.6998,1
2026-07-27 10:50:00+00:00,0.6998,0.6998,0.6998,0.6998,1
2026-07-27 10:53:00+00:00,0.6998,0.6998,0.6998,0.6998,3
2026-07-27 10:54:00+00:00,0.6998,0.6998,0.6998,0.6998,1
2026-07-27 10:55:00+00:00,0.6998,0.6998,0.6998,0.6998,2
2026-07-27 10:56:00+00:00,0.6997,0.6997,0.6997,0.6997,10
2026-07-27 11:02:00+00:00,0.6996,0.6996,0.6996,0.6996,2
2026-07-27 11:03:00+00:00,0.6995,0.6995,0.6995,0.6995,3
2026-07-27 11:05:00+00:00,0.6995,0.6995,0.6995,0.6995,1
2026-07-27 11:07:00+00:00,0.6994,0.6994,0.6994,0.6994,4
2026-07-27 11:09:00+00:00,0.6995,0.6995,0.6995,0.6995,1
2026-07-27 11:13:00+00:00,0.6995,0.6995,0.6994,0.6994,2
2026-07-27 11:14:00+00:00,0.6996,0.6996,0.6995,0.6995,5
2026-07-27 11:16:00+00:00,0.6995,0.6995,0.6994,0.6994,52
2026-07-27 11:17:00+00:00,0.6996,0.6997,0.6996,0.6997,24
2026-07-27 11:23:00+00:00,0.6996,0.6996,0.6996,0.6996,5
2026-07-27 11:24:00+00:00,0.6996,0.6996,0.6996,0.6996,1
2026-07-27 11:28:00+00:00,0.6997,0.6997,0.6997,0.6997,2
2026-07-27 11:29:00+00:00,0.6997,0.6997,0.6997,0.6997,6
2026-07-27 11:30:00+00:00,0.6995,0.6997,0.6995,0.6997,15
2026-07-27 11:38:00+00:00,0.6998,0.6998,0.6998,0.6998,1
2026-07-27 11:43:00+00:00,0.6995,0.6995,0.6995,0.6995,8
2026-07-27 11:44:00+00:00,0.6994,0.6994,0.6994,0.6994,1
2026-07-27 11:47:00+00:00,0.6994,0.6994,0.6994,0.6994,1
2026-07-27 11:48:00+00:00,0.6993,0.6993,0.6992,0.6993,5
2026-07-27 11:51:00+00:00,0.6993,0.6993,0.6993,0.6993,100
2026-07-27 11:53:00+00:00,0.6993,0.6993,0.6993,0.6993,1
2026-07-27 11:54:00+00:00,0.6992,0.6993,0.6991,0.6993,67
2026-07-27 11:55:00+00:00,0.6992,0.6992,0.6991,0.6991,44
2026-07-27 11:56:00+00:00,0.6992,0.6992,0.6992,0.6992,30
2026-07-27 11:58:00+00:00,0.6992,0.6992,0.6992,0.6992,4
2026-07-27 11:59:00+00:00,0.6992,0.6992,0.6992,0.6992,3
2026-07-27 12:00:00+00:00,0.6992,0.6992,0.6992,0.6992,2
2026-07-27 12:02:00+00:00,0.6993,0.6993,0.6993,0.6993,1
2026-07-27 12:03:00+00:00,0.6994,0.6994,0.6994,0.6994,1
2026-07-27 12:04:00+00:00,0.6995,0.6995,0.6994,0.6994,3
2026-07-27 12:05:00+00:00,0.6994,0.6994,0.6994,0.6994,1
2026-07-27 12:07:00+00:00,0.6995,0.6995,0.6995,0.6995,2
2026-07-27 12:07:00+00:00,0.6989,0.6989,0.6989,0.6989,2
2026-07-27 12:10:00+00:00,0.6993,0.6994,0.6993,0.6993,12
2026-07-27 12:11:00+00:00,0.6991,0.6991,0.699,0.699,10
2026-07-27 12:13:00+00:00,0.699,0.699,0.699,0.699,14
2026-07-27 12:14:00+00:00,0.699,0.699,0.699,0.699,2
2026-07-27 12:17:00+00:00,0.699,0.699,0.699,0.699,1
2026-07-27 12:18:00+00:00,0.6989,0.699,0.6989,0.699,2
2026-07-27 12:23:00+00:00,0.699,0.699,0.699,0.699,16
2026-07-27 12:24:00+00:00,0.699,0.6991,0.699,0.6991,2
2026-07-27 12:25:00+00:00,0.6991,0.6991,0.6991,0.6991,3
2026-07-27 12:26:00+00:00,0.6991,0.6991,0.699,0.699,9
2026-07-27 12:27:00+00:00,0.699,0.699,0.699,0.699,1
2026-07-27 12:29:00+00:00,0.699,0.699,0.699,0.699,1
2026-07-27 12:31:00+00:00,0.6989,0.6989,0.6989,0.6989,4
2026-07-27 12:33:00+00:00,0.6989,0.6989,0.6988,0.6988,4
2026-07-27 12:34:00+00:00,0.6989,0.6989,0.6989,0.6989,5
2026-07-27 12:35:00+00:00,0.699,0.699,0.6989,0.6989,5
2026-07-27 12:36:00+00:00,0.6989,0.6989,0.6989,0.6989,6
2026-07-27 12:38:00+00:00,0.6989,0.6989,0.6989,0.6989,1
2026-07-27 12:39:00+00:00,0.6988,0.6988,0.6988,0.6988,4
2026-07-27 12:42:00+00:00,0.6987,0.6987,0.6987,0.6987,1
2026-07-27 12:43:00+00:00,0.6987,0.6989,0.6987,0.6989,7
2026-07-27 12:45:00+00:00,0.699,0.699,0.699,0.699,8
2026-07-27 12:47:00+00:00,0.6991,0.6991,0.6991,0.6991,2
2026-07-27 12:49:00+00:00,0.6989,0.6989,0.6989,0.6989,11
2026-07-27 12:50:00+00:00,0.699,0.699,0.699,0.699,4
2026-07-27 12:51:00+00:00,0.6989,0.6989,0.6989,0.6989,3
2026-07-27 12:53:00+00:00,0.6992,0.6992,0.6992,0.6992,1
2026-07-27 12:54:00+00:00,0.6991,0.6991,0.6991,0.6991,1
2026-07-27 12:57:00+00:00,0.6991,0.6991,0.6991,0.6991,1
2026-07-27 12:58:00+00:00,0.6992,0.6992,0.6992,0.6992,4
2026-07-27 13:00:00+00:00,0.699,0.699,0.699,0.699,3
2026-07-27 13:08:00+00:00,0.6989,0.6989,0.6989,0.6989,1
2026-07-27 13:10:00+00:00,0.699,0.699,0.699,0.699,8
2026-07-27 13:12:00+00:00,0.6991,0.6991,0.6991,0.6991,8
2026-07-27 13:15:00+00:00,0.699,0.699,0.699,0.699,5
2026-07-27 13:16:00+00:00,0.699,0.699,0.699,0.699,1
2026-07-27 13:17:00+00:00,0.6989,0.6989,0.6989,0.6989,1
2026-07-27 13:18:00+00:00,0.699,0.699,0.699,0.699,1
2026-07-27 13:20:00+00:00,0.699,0.699,0.699,0.699,2
2026-07-27 13:22:00+00:00,0.699,0.699,0.699,0.699,4
2026-07-27 13:24:00+00:00,0.699,0.699,0.699,0.699,4
2026-07-27 13:27:00+00:00,0.699,0.699,0.6989,0.699,4
2026-07-27 13:28:00+00:00,0.6989,0.6989,0.6989,0.6989,2
2026-07-27 13:29:00+00:00,0.6988,0.6989,0.6988,0.6989,4
2026-07-27 13:30:00+00:00,0.699,0.6993,0.699,0.6992,19
2026-07-27 13:33:00+00:00,0.6991,0.6991,0.6991,0.6991,1
2026-07-27 13:37:00+00:00,0.6992,0.6992,0.6992,0.6992,1
2026-07-27 13:39:00+00:00,0.6994,0.6995,0.6994,0.6995,4
2026-07-27 13:40:00+00:00,0.6993,0.6993,0.6993,0.6993,4
2026-07-27 13:41:00+00:00,0.6994,0.6994,0.6994,0.6994,3
2026-07-27 13:42:00+00:00,0.6994,0.6994,0.6994,0.6994,5
2026-07-27 13:43:00+00:00,0.6993,0.6993,0.6992,0.6992,2
2026-07-27 13:45:00+00:00,0.6994,0.6994,0.6993,0.6993,2
2026-07-27 13:46:00+00:00,0.6993,0.6993,0.6993,0.6993,1
2026-07-27 13:47:00+00:00,0.6994,0.6994,0.6994,0.6994,35
2026-07-27 13:48:00+00:00,0.6995,0.6995,0.6995,0.6995,4
2026-07-27 13:49:00+00:00,0.6994,0.6994,0.6994,0.6994,4
2026-07-27 13:52:00+00:00,0.6995,0.6995,0.6995,0.6995,4
2026-07-27 13:53:00+00:00,0.6993,0.6993,0.6993,0.6993,1
2026-07-27 13:55:00+00:00,0.699,0.699,0.699,0.699,3
2026-07-27 13:56:00+00:00,0.699,0.699,0.699,0.699,4
2026-07-27 13:57:00+00:00,0.699,0.699,0.6989,0.6989,12
2026-07-27 13:58:00+00:00,0.6989,0.6989,0.6989,0.6989,1
2026-07-27 13:59:00+00:00,0.699,0.699,0.699,0.699,43
2026-07-27 14:01:00+00:00,0.6988,0.6988,0.6988,0.6988,11
2026-07-27 14:04:00+00:00,0.6991,0.6991,0.699,0.699,5
2026-07-27 14:07:00+00:00,0.699,0.699,0.699,0.699,54
2026-07-27 14:08:00+00:00,0.699,0.699,0.699,0.699,1
2026-07-27 14:10:00+00:00,0.699,0.699,0.699,0.699,2
2026-07-27 14:12:00+00:00,0.6989,0.6989,0.6989,0.6989,1
2026-07-27 14:14:00+00:00,0.6989,0.6989,0.6989,0.6989,1
2026-07-27 14:16:00+00:00,0.6989,0.6989,0.6989,0.6989,1
2026-07-27 14:17:00+00:00,0.699,0.699,0.699,0.699,10
2026-07-27 14:19:00+00:00,0.6989,0.6989,0.6988,0.6988,59
2026-07-27 14:20:00+00:00,0.6988,0.6988,0.6987,0.6987,16
2026-07-27 14:21:00+00:00,0.6987,0.6987,0.6987,0.6987,1
2026-07-27 14:22:00+00:00,0.6986,0.6987,0.6986,0.6987,2
2026-07-27 14:23:00+00:00,0.6987,0.6987,0.6987,0.6987,5
2026-07-27 14:24:00+00:00,0.6986,0.6986,0.6986,0.6986,3
2026-07-27 14:25:00+00:00,0.6986,0.6986,0.6985,0.6985,12
2026-07-27 14:28:00+00:00,0.6985,0.6985,0.6983,0.6983,9
2026-07-27 14:29:00+00:00,0.6984,0.6984,0.6984,0.6984,1
2026-07-27 14:30:00+00:00,0.6982,0.6983,0.6982,0.6983,3
2026-07-27 14:31:00+00:00,0.6982,0.6982,0.6982,0.6982,3
2026-07-27 14:32:00+00:00,0.6982,0.6982,0.6981,0.6981,2
2026-07-27 14:33:00+00:00,0.6981,0.6981,0.6981,0.6981,3
2026-07-27 14:34:00+00:00,0.6981,0.6981,0.6981,0.6981,8
2026-07-27 14:35:00+00:00,0.6981,0.6981,0.6981,0.6981,6
2026-07-27 14:37:00+00:00,0.6981,0.6981,0.6981,0.6981,1
2026-07-27 14:38:00+00:00,0.6982,0.6982,0.6982,0.6982,6
2026-07-27 14:39:00+00:00,0.6983,0.6983,0.6983,0.6983,3
2026-07-27 14:40:00+00:00,0.6983,0.6983,0.6983,0.6983,4
2026-07-27 14:41:00+00:00,0.6983,0.6983,0.6983,0.6983,2
2026-07-27 14:42:00+00:00,0.6982,0.6982,0.6982,0.6982,1
2026-07-27 14:43:00+00:00,0.698,0.6981,0.6979,0.6981,13
2026-07-27 14:44:00+00:00,0.6981,0.6981,0.6981,0.6981,25
2026-07-27 14:45:00+00:00,0.6983,0.6983,0.6983,0.6983,7
2026-07-27 14:46:00+00:00,0.6983,0.6985,0.6983,0.6985,2
2026-07-27 14:51:00+00:00,0.6985,0.6985,0.6985,0.6985,2
2026-07-27 14:54:00+00:00,0.6985,0.6985,0.6984,0.6984,6
2026-07-27 14:55:00+00:00,0.6985,0.6985,0.6984,0.6984,2
2026-07-27 14:56:00+00:00,0.6984,0.6984,0.6984,0.6984,1
2026-07-27 14:59:00+00:00,0.6987,0.6987,0.6987,0.6987,10
2026-07-27 15:00:00+00:00,0.6986,0.6986,0.6986,0.6986,5
2026-07-27 15:03:00+00:00,0.6987,0.6987,0.6987,0.6987,2
2026-07-27 15:04:00+00:00,0.6987,0.6988,0.6987,0.6988,5
2026-07-27 15:07:00+00:00,0.6987,0.6988,0.6987,0.6988,6
2026-07-27 15:08:00+00:00,0.6988,0.6988,0.6988,0.6988,1
2026-07-27 15:10:00+00:00,0.6986,0.6986,0.6986,0.6986,1
2026-07-27 15:11:00+00:00,0.6986,0.6986,0.6986,0.6986,10
2026-07-27 15:12:00+00:00,0.6986,0.6986,0.6985,0.6985,13
2026-07-27 15:14:00+00:00,0.6986,0.6986,0.6986,0.6986,2
2026-07-27 15:17:00+00:00,0.6986,0.6987,0.6986,0.6987,10
2026-07-27 15:18:00+00:00,0.6986,0.6986,0.6986,0.6986,2
2026-07-27 15:20:00+00:00,0.6987,0.6987,0.6987,0.6987,3
2026-07-27 15:21:00+00:00,0.6989,0.699,0.6989,0.699,6
2026-07-27 15:22:00+00:00,0.699,0.699,0.699,0.699,2
2026-07-27 15:24:00+00:00,0.6988,0.6988,0.6988,0.6988,1
2026-07-27 15:26:00+00:00,0.6987,0.6988,0.6987,0.6988,4
2026-07-27 15:29:00+00:00,0.6987,0.6987,0.6987,0.6987,2
2026-07-27 15:30:00+00:00,0.6987,0.6987,0.6987,0.6987,15
2026-07-27 15:33:00+00:00,0.6985,0.6985,0.6985,0.6985,2
2026-07-27 15:35:00+00:00,0.6985,0.6985,0.6985,0.6985,19
2026-07-27 15:36:00+00:00,0.6986,0.6986,0.6986,0.6986,3
2026-07-27 15:40:00+00:00,0.6984,0.6984,0.6984,0.6984,1
2026-07-27 15:41:00+00:00,0.6975,0.6975,0.6975,0.6975,2
2026-07-27 15:41:00+00:00,0.6985,0.6985,0.6985,0.6985,4
2026-07-27 15:42:00+00:00,0.6985,0.6985,0.6985,0.6985,1
2026-07-27 15:46:00+00:00,0.6986,0.6986,0.6986,0.6986,2
2026-07-27 15:51:00+00:00,0.6986,0.6986,0.6986,0.6986,5
2026-07-27 15:53:00+00:00,0.6987,0.6987,0.6987,0.6987,1
2026-07-27 15:55:00+00:00,0.6987,0.6987,0.6986,0.6986,10
2026-07-27 15:58:00+00:00,0.6987,0.6987,0.6987,0.6987,1
2026-07-27 16:00:00+00:00,0.6986,0.6986,0.6986,0.6986,2
2026-07-27 16:01:00+00:00,0.6986,0.6986,0.6986,0.6986,1
2026-07-27 16:04:00+00:00,0.6986,0.6986,0.6986,0.6986,4
2026-07-27 16:13:00+00:00,0.6986,0.6986,0.6986,0.6986,1
2026-07-27 16:18:00+00:00,0.6987,0.6988,0.6987,0.6988,5
2026-07-27 16:20:00+00:00,0.6989,0.6989,0.6989,0.6989,1
2026-07-27 16:22:00+00:00,0.6979,0.6979,0.6979,0.6979,2
2026-07-27 16:23:00+00:00,0.6988,0.6988,0.6988,0.6988,3
2026-07-27 16:25:00+00:00,0.6989,0.6992,0.6989,0.6992,59
2026-07-27 16:26:00+00:00,0.6991,0.6991,0.6991,0.6991,5
2026-07-27 16:28:00+00:00,0.6991,0.6991,0.6991,0.6991,1
2026-07-27 16:29:00+00:00,0.6991,0.6991,0.6991,0.6991,4
2026-07-27 16:33:00+00:00,0.6992,0.6992,0.6991,0.6991,2
2026-07-27 16:34:00+00:00,0.6992,0.6992,0.6992,0.6992,1
2026-07-27 16:37:00+00:00,0.6993,0.6993,0.6993,0.6993,1
2026-07-27 16:40:00+00:00,0.6993,0.6993,0.6993,0.6993,2
2026-07-27 16:41:00+00:00,0.6992,0.6992,0.6992,0.6992,8
2026-07-27 16:43:00+00:00,0.6991,0.6991,0.6991,0.6991,11
2026-07-27 16:44:00+00:00,0.6991,0.6991,0.6991,0.6991,1
2026-07-27 16:46:00+00:00,0.6991,0.6991,0.6991,0.6991,3
2026-07-27 16:48:00+00:00,0.699,0.699,0.699,0.699,1
2026-07-27 16:55:00+00:00,0.6988,0.6988,0.6988,0.6988,3
2026-07-27 16:58:00+00:00,0.6989,0.6989,0.6989,0.6989,1
2026-07-27 16:59:00+00:00,0.6989,0.6989,0.6989,0.6989,1
2026-07-27 17:00:00+00:00,0.6988,0.6988,0.6988,0.6988,1
2026-07-27 17:02:00+00:00,0.6986,0.6986,0.6986,0.6986,2
2026-07-27 17:04:00+00:00,0.6984,0.6984,0.6983,0.6984,13
2026-07-27 17:05:00+00:00,0.6984,0.6984,0.6984,0.6984,1
2026-07-27 17:06:00+00:00,0.6985,0.6985,0.6983,0.6983,2
2026-07-27 17:09:00+00:00,0.6985,0.6985,0.6985,0.6985,3
2026-07-27 17:15:00+00:00,0.6984,0.6984,0.6984,0.6984,3
2026-07-27 17:17:00+00:00,0.6984,0.6984,0.6984,0.6984,2
2026-07-27 17:20:00+00:00,0.6982,0.6984,0.6982,0.6984,2
2026-07-27 17:25:00+00:00,0.6982,0.6982,0.6982,0.6982,1
2026-07-27 17:26:00+00:00,0.6982,0.6982,0.6982,0.6982,5
2026-07-27 17:30:00+00:00,0.6982,0.6982,0.6982,0.6982,1
2026-07-27 17:31:00+00:00,0.6982,0.6982,0.6982,0.6982,15
2026-07-27 17:33:00+00:00,0.6984,0.6984,0.6984,0.6984,1
2026-07-27 17:44:00+00:00,0.6981,0.6981,0.6981,0.6981,1
2026-07-27 17:46:00+00:00,0.6982,0.6982,0.6981,0.6981,4
2026-07-27 17:53:00+00:00,0.6983,0.6983,0.6983,0.6983,6
2026-07-27 17:54:00+00:00,0.6983,0.6983,0.6983,0.6983,3
2026-07-27 17:57:00+00:00,0.6983,0.6983,0.6983,0.6983,1
2026-07-27 18:00:00+00:00,0.6984,0.6985,0.6984,0.6985,10
2026-07-27 18:01:00+00:00,0.6983,0.6983,0.6982,0.6982,44
2026-07-27 18:04:00+00:00,0.6984,0.6984,0.6984,0.6984,3
2026-07-27 18:09:00+00:00,0.6983,0.6983,0.6983,0.6983,1
2026-07-27 18:10:00+00:00,0.6983,0.6983,0.6983,0.6983,3
2026-07-27 18:13:00+00:00,0.6983,0.6983,0.6983,0.6983,1
2026-07-27 18:14:00+00:00,0.6983,0.6983,0.6983,0.6983,1
2026-07-27 18:15:00+00:00,0.6983,0.6983,0.6983,0.6983,3
2026-07-27 18:19:00+00:00,0.6983,0.6983,0.6983,0.6983,1
2026-07-27 18:30:00+00:00,0.6983,0.6983,0.6983,0.6983,5
2026-07-27 18:32:00+00:00,0.6983,0.6983,0.6983,0.6983,1
2026-07-27 18:35:00+00:00,0.6981,0.6981,0.698,0.698,19
2026-07-27 18:36:00+00:00,0.6981,0.6981,0.6981,0.6981,1
2026-07-27 18:37:00+00:00,0.6981,0.6981,0.6981,0.6981,1
2026-07-27 18:39:00+00:00,0.698,0.698,0.698,0.698,1
2026-07-27 18:41:00+00:00,0.6981,0.6983,0.6981,0.6983,93
2026-07-27 18:42:00+00:00,0.6983,0.6983,0.6983,0.6983,3
2026-07-27 18:43:00+00:00,0.6983,0.6983,0.6983,0.6983,5
2026-07-27 18:44:00+00:00,0.6982,0.6982,0.6982,0.6982,1
2026-07-27 18:45:00+00:00,0.6982,0.6983,0.6982,0.6982,11
2026-07-27 18:47:00+00:00,0.6982,0.6982,0.6982,0.6982,1
2026-07-27 18:49:00+00:00,0.6981,0.6981,0.6981,0.6981,7
2026-07-27 18:50:00+00:00,0.698,0.698,0.698,0.698,16
2026-07-27 18:51:00+00:00,0.698,0.6981,0.698,0.6981,4
2026-07-27 18:52:00+00:00,0.6982,0.6982,0.6982,0.6982,1
2026-07-27 18:53:00+00:00,0.6982,0.6982,0.6982,0.6982,2
2026-07-27 18:54:00+00:00,0.6973,0.6973,0.6973,0.6973,1
2026-07-27 18:55:00+00:00,0.6983,0.6983,0.6982,0.6982,11
2026-07-27 18:56:00+00:00,0.6982,0.6982,0.6982,0.6982,2
2026-07-27 18:57:00+00:00,0.6982,0.6982,0.6982,0.6982,8
2026-07-27 18:58:00+00:00,0.6982,0.6982,0.6982,0.6982,16
2026-07-27 18:59:00+00:00,0.6983,0.6983,0.6983,0.6983,2
2026-07-27 19:00:00+00:00,0.6983,0.6983,0.6983,0.6983,34
2026-07-27 19:01:00+00:00,0.6983,0.6983,0.6982,0.6983,4
2026-07-27 19:02:00+00:00,0.6983,0.6983,0.6983,0.6983,1
2026-07-27 19:04:00+00:00,0.6973,0.6973,0.6973,0.6973,1
2026-07-27 19:05:00+00:00,0.6982,0.6982,0.6982,0.6982,2
2026-07-27 19:11:00+00:00,0.6984,0.6984,0.6984,0.6984,2
2026-07-27 19:15:00+00:00,0.6974,0.6974,0.6974,0.6974,1
2026-07-27 19:18:00+00:00,0.6984,0.6984,0.6984,0.6984,15
2026-07-27 19:20:00+00:00,0.6985,0.6985,0.6985,0.6985,3
2026-07-27 19:21:00+00:00,0.6984,0.6984,0.6984,0.6984,1
2026-07-27 19:22:00+00:00,0.6984,0.6984,0.6984,0.6984,1
2026-07-27 19:25:00+00:00,0.6985,0.6985,0.6985,0.6985,5
2026-07-27 19:36:00+00:00,0.6976,0.6976,0.6976,0.6976,1
2026-07-27 19:37:00+00:00,0.6986,0.6986,0.6986,0.6986,1
2026-07-27 19:38:00+00:00,0.6986,0.6986,0.6986,0.6986,7
2026-07-27 19:39:00+00:00,0.6987,0.6987,0.6987,0.6987,16
2026-07-27 19:40:00+00:00,0.6987,0.6987,0.6987,0.6987,7
2026-07-27 19:45:00+00:00,0.6987,0.6987,0.6987,0.6987,1
2026-07-27 19:46:00+00:00,0.6987,0.6987,0.6987,0.6987,3
2026-07-27 19:47:00+00:00,0.6987,0.6987,0.6987,0.6987,1
2026-07-27 19:48:00+00:00,0.6986,0.6986,0.6986,0.6986,4
2026-07-27 19:56:00+00:00,0.6986,0.6987,0.6986,0.6987,6
2026-07-27 19:59:00+00:00,0.6987,0.6987,0.6987,0.6987,2
2026-07-27 20:00:00+00:00,0.6987,0.6987,0.6987,0.6987,25
2026-07-27 20:01:00+00:00,0.6987,0.6987,0.6986,0.6986,2
2026-07-27 20:03:00+00:00,0.6987,0.6987,0.6987,0.6987,2
2026-07-27 20:04:00+00:00,0.6986,0.6986,0.6986,0.6986,2
2026-07-27 20:07:00+00:00,-0.0009,-0.0009,-0.001,-0.001,126
2026-07-27 20:08:00+00:00,0.6986,0.6986,0.6986,0.6986,1
2026-07-27 20:11:00+00:00,0.6985,0.6985,0.6985,0.6985,8
2026-07-27 20:12:00+00:00,0.6985,0.6985,0.6985,0.6985,1
2026-07-27 20:19:00+00:00,0.6986,0.6986,0.6986,0.6986,1
2026-07-27 20:27:00+00:00,0.6984,0.6984,0.6984,0.6984,1
2026-07-27 20:34:00+00:00,0.6984,0.6984,0.6984,0.6984,1
2026-07-27 20:35:00+00:00,0.6984,0.6984,0.6984,0.6984,5
2026-07-27 20:39:00+00:00,0.6983,0.6983,0.6983,0.6983,1
2026-07-27 20:45:00+00:00,0.6984,0.6984,0.6983,0.6984,5
2026-07-27 20:46:00+00:00,0.6984,0.6984,0.6984,0.6984,10
2026-07-27 20:50:00+00:00,0.6984,0.6984,0.6984,0.6984,17
2026-07-27 20:54:00+00:00,0.6984,0.6984,0.6984,0.6984,1
2026-07-27 20:55:00+00:00,0.6984,0.6984,0.6984,0.6984,2
2026-07-27 20:57:00+00:00,0.6984,0.6985,0.6984,0.6985,4
2026-07-27 20:58:00+00:00,0.6984,0.6984,0.6983,0.6983,6
2026-07-27 22:00:00+00:00,0.6983,0.6983,0.6983,0.6983,8
2026-07-27 22:07:00+00:00,0.6983,0.6983,0.6983,0.6983,2
2026-07-27 22:08:00+00:00,0.6983,0.6983,0.6983,0.6983,2
2026-07-27 22:09:00+00:00,0.6983,0.6983,0.6983,0.6983,4
2026-07-27 22:10:00+00:00,0.6982,0.6982,0.6982,0.6982,2
2026-07-27 22:11:00+00:00,0.6982,0.6982,0.6982,0.6982,2
2026-07-27 22:14:00+00:00,0.6982,0.6982,0.6982,0.6982,1
2026-07-27 22:18:00+00:00,0.6982,0.6982,0.6982,0.6982,1
2026-07-27 22:20:00+00:00,0.6983,0.6983,0.6983,0.6983,4
2026-07-27 22:27:00+00:00,0.6983,0.6983,0.6983,0.6983,3
2026-07-27 22:34:00+00:00,0.6983,0.6983,0.6983,0.6983,1
2026-07-27 22:35:00+00:00,0.6983,0.6983,0.6983,0.6983,1
2026-07-27 22:37:00+00:00,0.6983,0.6983,0.6983,0.6983,3
2026-07-27 22:47:00+00:00,0.6982,0.6982,0.6982,0.6982,21
2026-07-27 22:52:00+00:00,0.6982,0.6982,0.6982,0.6982,3
2026-07-27 22:56:00+00:00,0.6982,0.6982,0.6982,0.6982,7
2026-07-27 23:00:00+00:00,0.6981,0.6981,0.6981,0.6981,6
2026-07-27 23:01:00+00:00,0.6981,0.6981,0.6981,0.6981,4
2026-07-27 23:04:00+00:00,0.6981,0.6981,0.698,0.698,6
2026-07-27 23:06:00+00:00,0.6981,0.6981,0.6981,0.6981,3
2026-07-27 23:13:00+00:00,0.6981,0.6981,0.6981,0.6981,21
2026-07-27 23:22:00+00:00,0.6982,0.6982,0.6982,0.6982,7
2026-07-27 23:29:00+00:00,0.6982,0.6982,0.6982,0.6982,4
2026-07-27 23:32:00+00:00,0.6981,0.6981,0.6981,0.6981,12
2026-07-27 23:35:00+00:00,0.698,0.698,0.698,0.698,1
2026-07-27 23:44:00+00:00,0.698,0.698,0.698,0.698,4
2026-07-27 23:45:00+00:00,0.6981,0.6981,0.6981,0.6981,11
2026-07-27 23:47:00+00:00,0.698,0.698,0.698,0.698,1
2026-07-27 23:54:00+00:00,0.698,0.698,0.698,0.698,1
2026-07-27 23:55:00+00:00,0.6981,0.6981,0.6981,0.6981,6
2026-07-27 23:59:00+00:00,0.6982,0.6982,0.6982,0.6982,1
2026-07-28 00:00:00+00:00,0.6981,0.6982,0.698,0.698,12
2026-07-28 00:01:00+00:00,0.698,0.698,0.698,0.698,3
2026-07-28 00:03:00+00:00,0.698,0.698,0.6979,0.6979,9
2026-07-28 00:05:00+00:00,0.6978,0.6978,0.6977,0.6977,47
2026-07-28 00:06:00+00:00,0.6977,0.6977,0.6976,0.6977,7
2026-07-28 00:07:00+00:00,0.6977,0.6977,0.6977,0.6977,3
2026-07-28 00:08:00+00:00,0.6977,0.6977,0.6977,0.6977,9
2026-07-28 00:09:00+00:00,0.6978,0.6978,0.6978,0.6978,2
2026-07-28 00:10:00+00:00,0.6977,0.6977,0.6977,0.6977,2
2026-07-28 00:11:00+00:00,0.6977,0.6977,0.6977,0.6977,9
2026-07-28 00:12:00+00:00,0.6977,0.6978,0.6977,0.6978,12
2026-07-28 00:12:00+00:00,0.6967,0.6967,0.6967,0.6967,2
2026-07-28 00:15:00+00:00,0.6977,0.6977,0.6977,0.6977,1
2026-07-28 00:16:00+00:00,0.6977,0.6977,0.6977,0.6977,2
2026-07-28 00:17:00+00:00,0.6977,0.6977,0.6977,0.6977,1
2026-07-28 00:18:00+00:00,0.6977,0.6977,0.6977,0.6977,7
2026-07-28 00:19:00+00:00,0.6977,0.6977,0.6977,0.6977,5
2026-07-28 00:20:00+00:00,0.6978,0.6979,0.6978,0.6979,4
2026-07-28 00:22:00+00:00,0.6978,0.6978,0.6978,0.6978,3
2026-07-28 00:24:00+00:00,0.6977,0.6977,0.6977,0.6977,4
2026-07-28 00:26:00+00:00,0.6978,0.6978,0.6978,0.6978,4
2026-07-28 00:27:00+00:00,0.6978,0.6978,0.6978,0.6978,9
2026-07-28 00:29:00+00:00,0.6978,0.6978,0.6978,0.6978,2
2026-07-28 00:30:00+00:00,0.6979,0.6979,0.6979,0.6979,4
2026-07-28 00:33:00+00:00,0.6981,0.6981,0.6981,0.6981,1
2026-07-28 00:34:00+00:00,0.6981,0.6981,0.6981,0.6981,1
2026-07-28 00:37:00+00:00,0.6982,0.6982,0.6982,0.6982,2
2026-07-28 00:39:00+00:00,0.6983,0.6983,0.6983,0.6983,4
2026-07-28 00:41:00+00:00,0.6983,0.6983,0.6983,0.6983,7
2026-07-28 00:42:00+00:00,0.6984,0.6984,0.6984,0.6984,1
2026-07-28 00:47:00+00:00,0.6981,0.6981,0.6981,0.6981,17
2026-07-28 00:49:00+00:00,0.6981,0.6981,0.6981,0.6981,1
2026-07-28 00:50:00+00:00,0.6981,0.6981,0.6981,0.6981,5
2026-07-28 00:52:00+00:00,0.6979,0.6979,0.6979,0.6979,1
2026-07-28 00:57:00+00:00,0.6973,0.6973,0.6973,0.6973,2
2026-07-28 00:57:00+00:00,0.6983,0.6983,0.6983,0.6983,1
2026-07-28 00:58:00+00:00,0.6983,0.6983,0.6983,0.6983,4
2026-07-28 00:59:00+00:00,0.6983,0.6983,0.6983,0.6983,2
2026-07-28 01:01:00+00:00,0.6984,0.6985,0.6984,0.6985,2
2026-07-28 01:03:00+00:00,0.6985,0.6985,0.6985,0.6985,2
2026-07-28 01:04:00+00:00,0.6986,0.6986,0.6985,0.6985,7
2026-07-28 01:05:00+00:00,0.6986,0.6986,0.6986,0.6986,1
2026-07-28 01:07:00+00:00,0.6985,0.6985,0.6985,0.6985,17
2026-07-28 01:13:00+00:00,0.6984,0.6984,0.6982,0.6982,5
2026-07-28 01:15:00+00:00,0.6982,0.6982,0.6982,0.6982,4
2026-07-28 01:19:00+00:00,0.6983,0.6983,0.6983,0.6983,1
2026-07-28 01:22:00+00:00,0.6983,0.6983,0.6983,0.6983,5
2026-07-28 01:24:00+00:00,0.6983,0.6983,0.6983,0.6983,1
2026-07-28 01:26:00+00:00,0.6982,0.6982,0.6982,0.6982,1
2026-07-28 01:29:00+00:00,0.6986,0.6986,0.6986,0.6986,2
2026-07-28 01:30:00+00:00,0.6986,0.6986,0.6986,0.6986,1
2026-07-28 01:32:00+00:00,0.6987,0.6987,0.6987,0.6987,2
2026-07-28 01:33:00+00:00,0.6988,0.6989,0.6987,0.6987,5
2026-07-28 01:40:00+00:00,0.6986,0.6986,0.6986,0.6986,1
2026-07-28 01:42:00+00:00,0.6986,0.6986,0.6986,0.6986,28
2026-07-28 01:43:00+00:00,0.6985,0.6985,0.6985,0.6985,1
2026-07-28 01:51:00+00:00,0.6983,0.6983,0.6983,0.6983,1
2026-07-28 01:53:00+00:00,0.6983,0.6983,0.6983,0.6983,2
2026-07-28 01:55:00+00:00,0.6984,0.6984,0.6984,0.6984,20
2026-07-28 01:57:00+00:00,0.6984,0.6984,0.6984,0.6984,5
2026-07-28 01:58:00+00:00,0.6985,0.6985,0.6985,0.6985,1
2026-07-28 01:59:00+00:00,0.6984,0.6984,0.6984,0.6984,3
2026-07-28 02:01:00+00:00,0.6984,0.6984,0.6984,0.6984,2
2026-07-28 02:04:00+00:00,0.6985,0.6985,0.6985,0.6985,2
2026-07-28 02:05:00+00:00,0.6985,0.6985,0.6985,0.6985,1
2026-07-28 02:06:00+00:00,0.6985,0.6985,0.6985,0.6985,4
2026-07-28 02:07:00+00:00,0.6986,0.6986,0.6986,0.6986,2
2026-07-28 02:12:00+00:00,0.6988,0.6988,0.6988,0.6988,4
2026-07-28 02:13:00+00:00,0.6988,0.6988,0.6988,0.6988,1
2026-07-28 02:14:00+00:00,0.6988,0.6988,0.6988,0.6988,1
2026-07-28 02:16:00+00:00,0.6987,0.6987,0.6987,0.6987,1
2026-07-28 02:18:00+00:00,0.6988,0.6988,0.6988,0.6988,4
2026-07-28 02:19:00+00:00,0.6989,0.6989,0.6989,0.6989,3
2026-07-28 02:20:00+00:00,0.6989,0.6989,0.6989,0.6989,4
2026-07-28 02:21:00+00:00,0.699,0.699,0.699,0.699,13
2026-07-28 02:22:00+00:00,0.699,0.699,0.699,0.699,1
2026-07-28 02:26:00+00:00,0.6989,0.6989,0.6989,0.6989,2
2026-07-28 02:27:00+00:00,0.6987,0.6987,0.6987,0.6987,2
2026-07-28 02:29:00+00:00,0.6986,0.6986,0.6986,0.6986,3
2026-07-28 02:30:00+00:00,0.6988,0.6988,0.6988,0.6988,1
2026-07-28 02:32:00+00:00,0.6987,0.6987,0.6987,0.6987,20
2026-07-28 02:34:00+00:00,0.6986,0.6986,0.6986,0.6986,2
2026-07-28 02:36:00+00:00,0.6986,0.6987,0.6986,0.6987,6
2026-07-28 02:37:00+00:00,0.6987,0.6987,0.6987,0.6987,1
2026-07-28 02:39:00+00:00,0.6986,0.6986,0.6986,0.6986,1
2026-07-28 02:40:00+00:00,0.6987,0.6987,0.6987,0.6987,15
2026-07-28 02:47:00+00:00,0.6987,0.6987,0.6987,0.6987,1
2026-07-28 02:50:00+00:00,0.6988,0.6988,0.6987,0.6987,5
2026-07-28 02:51:00+00:00,0.6987,0.6988,0.6987,0.6988,12
2026-07-28 02:53:00+00:00,0.699,0.699,0.699,0.699,1
2026-07-28 02:55:00+00:00,0.6989,0.6989,0.6989,0.6989,1
2026-07-28 02:56:00+00:00,0.6988,0.6988,0.6988,0.6988,1
2026-07-28 02:57:00+00:00,0.6988,0.6988,0.6988,0.6988,1
2026-07-28 03:01:00+00:00,0.6987,0.6987,0.6987,0.6987,3
2026-07-28 03:03:00+00:00,0.6986,0.6986,0.6986,0.6986,2
2026-07-28 03:04:00+00:00,0.6985,0.6986,0.6985,0.6986,6
2026-07-28 03:05:00+00:00,0.6987,0.6987,0.6987,0.6987,1
2026-07-28 03:06:00+00:00,0.6988,0.6988,0.6988,0.6988,8
2026-07-28 03:09:00+00:00,0.6986,0.6986,0.6986,0.6986,1
2026-07-28 03:10:00+00:00,0.6983,0.6983,0.698,0.6981,13
2026-07-28 03:11:00+00:00,0.6981,0.6981,0.6981,0.6981,4
2026-07-28 03:12:00+00:00,0.6982,0.6982,0.6982,0.6982,1
2026-07-28 03:13:00+00:00,0.6982,0.6982,0.6982,0.6982,4
2026-07-28 03:18:00+00:00,0.6982,0.6982,0.6982,0.6982,2
2026-07-28 03:19:00+00:00,0.6975,0.6975,0.6975,0.6975,1
2026-07-28 03:19:00+00:00,0.6984,0.6984,0.6984,0.6984,1
2026-07-28 03:24:00+00:00,0.6984,0.6984,0.6984,0.6984,2
2026-07-28 03:28:00+00:00,0.6984,0.6984,0.6984,0.6984,5
2026-07-28 03:29:00+00:00,0.6983,0.6983,0.6983,0.6983,1
2026-07-28 03:31:00+00:00,0.6986,0.6986,0.6986,0.6986,1
2026-07-28 03:32:00+00:00,0.6987,0.6987,0.6986,0.6986,4
2026-07-28 03:33:00+00:00,0.6985,0.6985,0.6983,0.6983,54
2026-07-28 03:34:00+00:00,0.6984,0.6984,0.6984,0.6984,3
2026-07-28 03:35:00+00:00,0.6981,0.6981,0.698,0.698,4
2026-07-28 03:36:00+00:00,0.6981,0.6981,0.6981,0.6981,3
2026-07-28 03:37:00+00:00,0.6979,0.6979,0.6977,0.6977,22
2026-07-28 03:38:00+00:00,0.6976,0.6976,0.6975,0.6975,10
2026-07-28 03:38:00+00:00,0.6967,0.6967,0.6967,0.6967,1
2026-07-28 03:40:00+00:00,0.6977,0.6977,0.6977,0.6977,5
2026-07-28 03:41:00+00:00,0.6977,0.6977,0.6977,0.6977,30
2026-07-28 03:42:00+00:00,0.6977,0.6978,0.6977,0.6978,15
2026-07-28 03:43:00+00:00,0.6977,0.6978,0.6977,0.6977,7
2026-07-28 03:46:00+00:00,0.6977,0.6977,0.6977,0.6977,23
2026-07-28 03:47:00+00:00,0.6977,0.6977,0.6977,0.6977,4
2026-07-28 03:49:00+00:00,0.6979,0.6979,0.6979,0.6979,15
2026-07-28 03:51:00+00:00,0.6978,0.6978,0.6978,0.6978,3
2026-07-28 03:52:00+00:00,0.6977,0.6977,0.6977,0.6977,4
2026-07-28 03:53:00+00:00,0.6977,0.6977,0.6977,0.6977,1
2026-07-28 03:55:00+00:00,0.6977,0.6977,0.6977,0.6977,1
2026-07-28 03:56:00+00:00,0.6976,0.6976,0.6975,0.6975,22
2026-07-28 03:57:00+00:00,0.6974,0.6975,0.6974,0.6975,29
2026-07-28 03:58:00+00:00,0.6975,0.6975,0.6975,0.6975,3
2026-07-28 04:00:00+00:00,0.6975,0.6975,0.6973,0.6973,14
2026-07-28 04:01:00+00:00,0.6972,0.6972,0.6972,0.6972,10
2026-07-28 04:02:00+00:00,0.6972,0.6972,0.697,0.697,6
2026-07-28 04:03:00+00:00,0.697,0.697,0.6968,0.697,102
2026-07-28 04:03:00+00:00,0.696,0.696,0.696,0.696,4
2026-07-28 04:04:00+00:00,0.697,0.697,0.697,0.697,10
2026-07-28 04:05:00+00:00,0.6969,0.697,0.6969,0.697,7
2026-07-28 04:06:00+00:00,0.697,0.6971,0.697,0.697,29
2026-07-28 04:07:00+00:00,0.6969,0.697,0.6969,0.697,17
2026-07-28 04:08:00+00:00,0.6968,0.6968,0.6966,0.6968,97
2026-07-28 04:09:00+00:00,0.6968,0.6969,0.6968,0.6968,9
2026-07-28 04:10:00+00:00,0.6967,0.6967,0.6967,0.6967,1
2026-07-28 04:13:00+00:00,0.6969,0.6969,0.6969,0.6969,3
2026-07-28 04:14:00+00:00,0.6969,0.6969,0.6969,0.6969,3
2026-07-28 04:15:00+00:00,0.696,0.696,0.696,0.696,1
2026-07-28 04:17:00+00:00,0.6969,0.6969,0.6968,0.6968,19
2026-07-28 04:18:00+00:00,0.6969,0.6969,0.6969,0.6969,7
2026-07-28 04:21:00+00:00,0.6968,0.6968,0.6968,0.6968,1
2026-07-28 04:22:00+00:00,0.6968,0.6968,0.6968,0.6968,2
2026-07-28 04:23:00+00:00,0.6969,0.6969,0.6969,0.6969,1
2026-07-28 04:24:00+00:00,0.6967,0.6967,0.6966,0.6966,47
2026-07-28 04:25:00+00:00,0.6965,0.6965,0.6965,0.6965,32
2026-07-28 04:26:00+00:00,0.6965,0.6965,0.6965,0.6965,1
2026-07-28 04:27:00+00:00,0.6966,0.6966,0.6966,0.6966,8
2026-07-28 04:28:00+00:00,0.6966,0.6966,0.6966,0.6966,3
2026-07-28 04:29:00+00:00,0.6966,0.6966,0.6966,0.6966,1
2026-07-28 04:30:00+00:00,0.6966,0.6966,0.6966,0.6966,2
2026-07-28 04:32:00+00:00,0.6967,0.6967,0.6967,0.6967,4
2026-07-28 04:35:00+00:00,0.6968,0.6968,0.6968,0.6968,1
2026-07-28 04:36:00+00:00,0.6967,0.6967,0.6967,0.6967,3
2026-07-28 04:36:00+00:00,0.6957,0.6957,0.6957,0.6957,1
2026-07-28 04:37:00+00:00,0.6966,0.6966,0.6966,0.6966,9
2026-07-28 04:38:00+00:00,0.6965,0.6965,0.6965,0.6965,20
2026-07-28 04:40:00+00:00,0.6966,0.6966,0.6966,0.6966,25
2026-07-28 04:41:00+00:00,0.6967,0.6967,0.6967,0.6967,1
2026-07-28 04:44:00+00:00,0.6967,0.6967,0.6967,0.6967,1
2026-07-28 04:45:00+00:00,0.6968,0.6968,0.6968,0.6968,16
2026-07-28 04:47:00+00:00,0.6967,0.6967,0.6967,0.6967,2
2026-07-28 04:49:00+00:00,0.6968,0.6968,0.6968,0.6968,5
2026-07-28 04:50:00+00:00,0.6967,0.6967,0.6967,0.6967,1
2026-07-28 04:56:00+00:00,0.6966,0.6966,0.6966,0.6966,6
2026-07-28 04:59:00+00:00,0.6966,0.6966,0.6966,0.6966,3
2026-07-28 05:01:00+00:00,0.6966,0.6966,0.6966,0.6966,4
2026-07-28 05:05:00+00:00,0.6965,0.6965,0.6964,0.6964,5
2026-07-28 05:05:00+00:00,0.6955,0.6955,0.6955,0.6955,4
2026-07-28 05:06:00+00:00,0.6963,0.6963,0.6962,0.6963,65
2026-07-28 05:07:00+00:00,0.6962,0.6962,0.6962,0.6962,13
2026-07-28 05:08:00+00:00,0.6962,0.6962,0.6962,0.6962,3
2026-07-28 05:09:00+00:00,0.6962,0.6962,0.6962,0.6962,1
2026-07-28 05:11:00+00:00,0.6961,0.6962,0.6961,0.6962,5
2026-07-28 05:12:00+00:00,0.6962,0.6962,0.6962,0.6962,2
2026-07-28 05:14:00+00:00,0.6951,0.6951,0.6951,0.6951,1
2026-07-28 05:14:00+00:00,0.6961,0.6961,0.6959,0.696,33
2026-07-28 05:15:00+00:00,0.696,0.696,0.696,0.696,5
2026-07-28 05:16:00+00:00,0.6959,0.6959,0.6959,0.6959,1
2026-07-28 05:18:00+00:00,0.695,0.695,0.695,0.695,5
2026-07-28 05:18:00+00:00,0.696,0.696,0.6959,0.6959,5
2026-07-28 05:19:00+00:00,0.6958,0.6958,0.6957,0.6958,8
2026-07-28 05:20:00+00:00,0.6958,0.6959,0.6958,0.6959,12
2026-07-28 05:21:00+00:00,0.6959,0.6959,0.6959,0.6959,2
2026-07-28 05:22:00+00:00,0.6958,0.6958,0.6958,0.6958,2
2026-07-28 05:23:00+00:00,0.6958,0.6958,0.6958,0.6958,3
2026-07-28 05:24:00+00:00,0.6959,0.696,0.6959,0.696,5
2026-07-28 05:25:00+00:00,0.696,0.696,0.696,0.696,8
2026-07-28 05:28:00+00:00,0.6959,0.6959,0.6959,0.6959,1
2026-07-28 05:29:00+00:00,0.696,0.696,0.696,0.696,1
2026-07-28 05:30:00+00:00,0.6962,0.6962,0.6962,0.6962,7
2026-07-28 05:31:00+00:00,0.6961,0.6961,0.6961,0.6961,2
2026-07-28 05:33:00+00:00,0.6962,0.6962,0.6962,0.6962,8
2026-07-28 05:34:00+00:00,0.6962,0.6962,0.6961,0.6961,13
2026-07-28 05:35:00+00:00,0.6961,0.6961,0.696,0.6961,14
2026-07-28 05:36:00+00:00,0.6961,0.6961,0.6961,0.6961,3
2026-07-28 05:37:00+00:00,0.6961,0.6961,0.6961,0.6961,1
2026-07-28 05:38:00+00:00,0.6961,0.6961,0.6961,0.6961,2
2026-07-28 05:39:00+00:00,0.696,0.696,0.696,0.696,5
2026-07-28 05:42:00+00:00,0.6962,0.6962,0.6962,0.6962,3
2026-07-28 05:43:00+00:00,0.6963,0.6963,0.6963,0.6963,2
2026-07-28 05:44:00+00:00,0.6963,0.6963,0.6963,0.6963,1
2026-07-28 05:45:00+00:00,0.6963,0.6963,0.6963,0.6963,1
2026-07-28 05:46:00+00:00,0.6962,0.6962,0.6962,0.6962,8
2026-07-28 05:47:00+00:00,0.6961,0.6961,0.6961,0.6961,1
2026-07-28 05:48:00+00:00,0.696,0.6961,0.696,0.6961,6
2026-07-28 05:50:00+00:00,0.6961,0.6961,0.6961,0.6961,3
2026-07-28 05:51:00+00:00,0.6961,0.6961,0.6961,0.6961,1
2026-07-28 06:00:00+00:00,0.6961,0.6961,0.6961,0.6961,8
2026-07-28 06:01:00+00:00,0.696,0.696,0.696,0.696,2
2026-07-28 06:03:00+00:00,0.6959,0.696,0.6959,0.696,3
2026-07-28 06:03:00+00:00,0.6948,0.6948,0.6948,0.6948,1
2026-07-28 06:04:00+00:00,0.6959,0.6959,0.6959,0.6959,8
2026-07-28 06:06:00+00:00,0.6959,0.6959,0.6959,0.6959,6
2026-07-28 06:07:00+00:00,0.696,0.696,0.6959,0.6959,6
2026-07-28 06:12:00+00:00,0.6962,0.6962,0.6962,0.6962,4
2026-07-28 06:13:00+00:00,0.6962,0.6962,0.6962,0.6962,4
2026-07-28 06:14:00+00:00,0.6963,0.6963,0.6962,0.6962,6
2026-07-28 06:16:00+00:00,0.6962,0.6962,0.6962,0.6962,3
2026-07-28 06:17:00+00:00,0.6962,0.6962,0.6962,0.6962,4
2026-07-28 06:19:00+00:00,0.6963,0.6963,0.6963,0.6963,4
2026-07-28 06:20:00+00:00,0.6964,0.6965,0.6964,0.6965,20
2026-07-28 06:21:00+00:00,0.6965,0.6965,0.6965,0.6965,1
2026-07-28 06:22:00+00:00,0.6964,0.6964,0.6964,0.6964,8
2026-07-28 06:23:00+00:00,0.6964,0.6964,0.6964,0.6964,2
2026-07-28 06:24:00+00:00,0.6963,0.6964,0.6963,0.6964,4
2026-07-28 06:25:00+00:00,0.6964,0.6964,0.6964,0.6964,3
2026-07-28 06:26:00+00:00,0.6964,0.6964,0.6964,0.6964,1
2026-07-28 06:27:00+00:00,0.6964,0.6964,0.6964,0.6964,3
2026-07-28 06:28:00+00:00,0.6965,0.6965,0.6965,0.6965,3
2026-07-28 06:30:00+00:00,0.6965,0.6965,0.6965,0.6965,3
2026-07-28 06:31:00+00:00,0.6967,0.6967,0.6967,0.6967,4
2026-07-28 06:32:00+00:00,0.6967,0.6967,0.6966,0.6966,9
2026-07-28 06:35:00+00:00,0.6966,0.6966,0.6966,0.6966,1
2026-07-28 06:38:00+00:00,0.6966,0.6966,0.6966,0.6966,1
2026-07-28 06:39:00+00:00,0.6967,0.6967,0.6967,0.6967,2
2026-07-28 06:40:00+00:00,0.6967,0.6967,0.6967,0.6967,1
2026-07-28 06:41:00+00:00,0.6967,0.6967,0.6967,0.6967,1
2026-07-28 06:44:00+00:00,0.6968,0.6968,0.6968,0.6968,1
2026-07-28 06:45:00+00:00,0.6968,0.6968,0.6967,0.6967,4
2026-07-28 06:46:00+00:00,0.6966,0.6966,0.6966,0.6966,1
2026-07-28 06:54:00+00:00,0.6968,0.6969,0.6968,0.6969,9
2026-07-28 06:57:00+00:00,0.6969,0.6969,0.6969,0.6969,1
2026-07-28 06:58:00+00:00,0.6969,0.6969,0.6967,0.6967,49
2026-07-28 07:00:00+00:00,0.6965,0.6965,0.6965,0.6965,3
2026-07-28 07:01:00+00:00,0.6965,0.6965,0.6965,0.6965,3
2026-07-28 07:02:00+00:00,0.6966,0.6966,0.6966,0.6966,26
2026-07-28 07:06:00+00:00,0.6964,0.6964,0.6964,0.6964,2
2026-07-28 07:08:00+00:00,0.6966,0.6966,0.6966,0.6966,2
2026-07-28 07:11:00+00:00,0.6967,0.6967,0.6967,0.6967,2
2026-07-28 07:12:00+00:00,0.6968,0.6969,0.6968,0.6969,37
2026-07-28 07:12:00+00:00,-0.0008,-0.0008,-0.0008,-0.0008,20
2026-07-28 07:13:00+00:00,0.6967,0.6967,0.6967,0.6967,3
2026-07-28 07:14:00+00:00,0.6967,0.6968,0.6967,0.6968,3
2026-07-28 07:16:00+00:00,0.697,0.697,0.697,0.697,1
2026-07-28 07:20:00+00:00,0.697,0.697,0.697,0.697,2
2026-07-28 07:21:00+00:00,0.697,0.697,0.697,0.697,1
2026-07-28 07:22:00+00:00,0.697,0.697,0.697,0.697,7
2026-07-28 07:25:00+00:00,0.6968,0.6968,0.6968,0.6968,3
2026-07-28 07:26:00+00:00,0.6969,0.697,0.6969,0.697,6
2026-07-28 07:27:00+00:00,0.6968,0.6968,0.6968,0.6968,3
2026-07-28 07:28:00+00:00,0.6967,0.6967,0.6967,0.6967,1
2026-07-28 07:37:00+00:00,0.6967,0.6967,0.6967,0.6967,3
2026-07-28 07:41:00+00:00,0.6966,0.6966,0.6966,0.6966,4
2026-07-28 07:45:00+00:00,0.6964,0.6964,0.6964,0.6964,4
2026-07-28 07:46:00+00:00,0.6964,0.6964,0.6964,0.6964,2
2026-07-28 07:51:00+00:00,0.6962,0.6962,0.6962,0.6962,1
2026-07-28 07:53:00+00:00,0.6962,0.6962,0.6962,0.6962,8
2026-07-28 07:54:00+00:00,0.6962,0.6963,0.6962,0.6963,8
2026-07-28 07:55:00+00:00,0.6964,0.6964,0.6964,0.6964,1
2026-07-28 07:58:00+00:00,0.6963,0.6963,0.6963,0.6963,3
2026-07-28 07:59:00+00:00,0.6964,0.6964,0.6964,0.6964,50
2026-07-28 08:03:00+00:00,0.6964,0.6964,0.6964,0.6964,9
2026-07-28 08:07:00+00:00,0.6966,0.6966,0.6966,0.6966,1
2026-07-28 08:08:00+00:00,0.6965,0.6965,0.6965,0.6965,11
2026-07-28 08:10:00+00:00,0.6963,0.6963,0.6963,0.6963,1
2026-07-28 08:11:00+00:00,0.6962,0.6962,0.6962,0.6962,5
2026-07-28 08:24:00+00:00,0.6966,0.6967,0.6966,0.6967,51
2026-07-28 08:25:00+00:00,0.6965,0.6965,0.6965,0.6965,3
2026-07-28 08:28:00+00:00,0.6965,0.6965,0.6965,0.6965,1
2026-07-28 08:30:00+00:00,0.6965,0.6965,0.6965,0.6965,4
2026-07-28 08:35:00+00:00,0.6965,0.6965,0.6965,0.6965,1
2026-07-28 08:36:00+00:00,0.6965,0.6965,0.6965,0.6965,2
2026-07-28 08:39:00+00:00,0.6966,0.6966,0.6966,0.6966,1
2026-07-28 08:42:00+00:00,0.6965,0.6965,0.6964,0.6965,23
2026-07-28 08:43:00+00:00,0.6965,0.6965,0.6965,0.6965,2
2026-07-28 08:49:00+00:00,0.6968,0.6968,0.6968,0.6968,3
2026-07-28 08:53:00+00:00,0.6967,0.6967,0.6967,0.6967,1
2026-07-28 09:00:00+00:00,0.6969,0.6969,0.6969,0.6969,1
2026-07-28 09:02:00+00:00,0.6969,0.6969,0.6969,0.6969,1
2026-07-28 09:08:00+00:00,0.6967,0.6967,0.6967,0.6967,11
2026-07-28 09:09:00+00:00,0.6967,0.6967,0.6967,0.6967,3
2026-07-28 09:10:00+00:00,0.6966,0.6966,0.6966,0.6966,1
2026-07-28 09:19:00+00:00,0.6967,0.6967,0.6967,0.6967,4
2026-07-28 09:20:00+00:00,0.6967,0.6967,0.6967,0.6967,3
2026-07-28 09:25:00+00:00,0.6968,0.6968,0.6968,0.6968,2
2026-07-28 09:30:00+00:00,0.6967,0.6967,0.6967,0.6967,12
2026-07-28 09:31:00+00:00,0.6966,0.6966,0.6966,0.6966,1
2026-07-28 09:32:00+00:00,0.6965,0.6965,0.6965,0.6965,43
2026-07-28 09:36:00+00:00,0.6966,0.6966,0.6966,0.6966,1
2026-07-28 09:38:00+00:00,0.6967,0.6967,0.6967,0.6967,1
2026-07-28 09:39:00+00:00,0.6966,0.6966,0.6966,0.6966,1
2026-07-28 09:42:00+00:00,0.6967,0.6967,0.6967,0.6967,1
2026-07-28 09:44:00+00:00,0.6965,0.6965,0.6965,0.6965,7
2026-07-28 09:46:00+00:00,0.6964,0.6964,0.6964,0.6964,4
2026-07-28 09:47:00+00:00,0.6964,0.6964,0.6964,0.6964,4
2026-07-28 09:49:00+00:00,0.6964,0.6964,0.6964,0.6964,1
2026-07-28 09:51:00+00:00,0.6964,0.6964,0.6964,0.6964,1
2026-07-28 09:53:00+00:00,0.6963,0.6963,0.6963,0.6963,1
2026-07-28 09:54:00+00:00,0.6962,0.6962,0.6962,0.6962,1
2026-07-28 09:57:00+00:00,0.6961,0.6961,0.696,0.696,18
2026-07-28 09:59:00+00:00,0.696,0.696,0.696,0.696,19
2026-07-28 10:00:00+00:00,0.696,0.696,0.696,0.696,5
2026-07-28 10:01:00+00:00,0.696,0.696,0.696,0.696,1
2026-07-28 10:02:00+00:00,0.696,0.696,0.696,0.696,5
2026-07-28 10:03:00+00:00,0.6961,0.6961,0.696,0.696,9
2026-07-28 10:04:00+00:00,0.696,0.696,0.696,0.696,8
2026-07-28 10:06:00+00:00,0.6959,0.6959,0.6958,0.6958,8
2026-07-28 10:08:00+00:00,0.6958,0.6958,0.6957,0.6957,7
2026-07-28 10:09:00+00:00,0.6959,0.6959,0.6959,0.6959,2
2026-07-28 10:10:00+00:00,0.6959,0.6959,0.6959,0.6959,1
2026-07-28 10:11:00+00:00,0.6959,0.6959,0.6959,0.6959,3
2026-07-28 10:12:00+00:00,0.6959,0.6959,0.6959,0.6959,17
2026-07-28 10:13:00+00:00,0.6959,0.696,0.6959,0.696,5
2026-07-28 10:15:00+00:00,0.6959,0.6959,0.6959,0.6959,4
2026-07-28 10:21:00+00:00,0.6958,0.6958,0.6958,0.6958,1
2026-07-28 10:22:00+00:00,0.6958,0.6958,0.6958,0.6958,13
2026-07-28 10:23:00+00:00,0.6959,0.6959,0.6959,0.6959,11
2026-07-28 10:24:00+00:00,0.6959,0.6959,0.6959,0.6959,2
2026-07-28 10:27:00+00:00,0.696,0.696,0.696,0.696,2
2026-07-28 10:30:00+00:00,0.696,0.696,0.696,0.696,3
2026-07-28 10:34:00+00:00,0.696,0.696,0.696,0.696,3
2026-07-28 10:35:00+00:00,0.696,0.696,0.6958,0.6959,59
2026-07-28 10:38:00+00:00,0.6961,0.6961,0.6961,0.6961,5
2026-07-28 10:40:00+00:00,0.6961,0.6961,0.696,0.696,3
2026-07-28 10:41:00+00:00,0.696,0.696,0.696,0.696,3
2026-07-28 10:43:00+00:00,0.6958,0.6958,0.6958,0.6958,1
2026-07-28 10:44:00+00:00,0.6958,0.6958,0.6958,0.6958,1
2026-07-28 10:45:00+00:00,0.6959,0.6959,0.6958,0.6958,2
2026-07-28 10:46:00+00:00,0.6958,0.6958,0.6958,0.6958,39
2026-07-28 10:47:00+00:00,0.6958,0.6959,0.6957,0.6959,33
2026-07-28 10:49:00+00:00,0.6959,0.6959,0.6959,0.6959,1
2026-07-28 10:54:00+00:00,0.6961,0.6961,0.6961,0.6961,1
2026-07-28 10:56:00+00:00,0.696,0.696,0.696,0.696,1
2026-07-28 11:00:00+00:00,0.696,0.696,0.696,0.696,1
2026-07-28 11:01:00+00:00,0.696,0.696,0.696,0.696,3
2026-07-28 11:05:00+00:00,0.6959,0.6959,0.6959,0.6959,3
2026-07-28 11:07:00+00:00,0.6958,0.6958,0.6957,0.6957,3
2026-07-28 11:10:00+00:00,0.6958,0.6958,0.6958,0.6958,12
2026-07-28 11:12:00+00:00,0.696,0.696,0.696,0.696,1
2026-07-28 11:15:00+00:00,0.6958,0.6961,0.6958,0.6961,5
2026-07-28 11:18:00+00:00,0.6961,0.6961,0.6961,0.6961,1
2026-07-28 11:19:00+00:00,0.6961,0.6961,0.6961,0.6961,3
2026-07-28 11:23:00+00:00,0.6961,0.6961,0.6961,0.6961,1
2026-07-28 11:26:00+00:00,0.6961,0.6961,0.6959,0.6959,3
2026-07-28 11:36:00+00:00,0.6959,0.6961,0.6959,0.6961,2
2026-07-28 11:42:00+00:00,0.696,0.696,0.696,0.696,4
2026-07-28 11:43:00+00:00,0.696,0.696,0.696,0.696,4
2026-07-28 11:46:00+00:00,0.6959,0.6959,0.6959,0.6959,1
2026-07-28 11:51:00+00:00,0.6959,0.6959,0.6959,0.6959,4
2026-07-28 11:55:00+00:00,0.696,0.696,0.696,0.696,5
2026-07-28 11:56:00+00:00,0.6961,0.6961,0.6961,0.6961,2
2026-07-28 11:57:00+00:00,0.6961,0.6961,0.6961,0.6961,16
2026-07-28 11:59:00+00:00,0.696,0.696,0.696,0.696,1
2026-07-28 12:00:00+00:00,0.696,0.696,0.696,0.696,2
2026-07-28 12:01:00+00:00,0.696,0.696,0.696,0.696,2
2026-07-28 12:04:00+00:00,0.6961,0.6961,0.6961,0.6961,2
2026-07-28 12:05:00+00:00,0.6963,0.6963,0.6963,0.6963,4
2026-07-28 12:06:00+00:00,0.6962,0.6962,0.6962,0.6962,1
2026-07-28 12:08:00+00:00,0.6962,0.6963,0.6962,0.6963,3
2026-07-28 12:18:00+00:00,0.6962,0.6962,0.6962,0.6962,2
2026-07-28 12:24:00+00:00,0.6963,0.6963,0.6963,0.6963,3
2026-07-28 12:25:00+00:00,0.6963,0.6963,0.6963,0.6963,8
2026-07-28 12:26:00+00:00,0.6963,0.6963,0.6963,0.6963,4
2026-07-28 12:28:00+00:00,0.6964,0.6964,0.6964,0.6964,5
2026-07-28 12:29:00+00:00,0.6964,0.6964,0.6963,0.6963,5
2026-07-28 12:33:00+00:00,0.6962,0.6963,0.6962,0.6963,33
2026-07-28 12:34:00+00:00,0.6962,0.6962,0.6961,0.6962,34
2026-07-28 12:35:00+00:00,0.6964,0.6964,0.6964,0.6964,1
2026-07-28 12:37:00+00:00,0.6962,0.6962,0.6962,0.6962,1
2026-07-28 12:38:00+00:00,0.6962,0.6962,0.6962,0.6962,1
2026-07-28 12:40:00+00:00,0.6962,0.6962,0.6962,0.6962,1
2026-07-28 12:41:00+00:00,0.6963,0.6963,0.6963,0.6963,1
2026-07-28 12:42:00+00:00,0.6962,0.6962,0.6962,0.6962,1
2026-07-28 12:44:00+00:00,0.6964,0.6964,0.6964,0.6964,2
2026-07-28 12:45:00+00:00,0.6965,0.6965,0.6965,0.6965,2
2026-07-28 12:46:00+00:00,0.6965,0.6965,0.6965,0.6965,3
2026-07-28 12:48:00+00:00,0.6966,0.6966,0.6966,0.6966,2
2026-07-28 12:49:00+00:00,0.6966,0.6966,0.6966,0.6966,1
2026-07-28 12:52:00+00:00,0.6966,0.6966,0.6966,0.6966,2
2026-07-28 12:54:00+00:00,0.6965,0.6965,0.6965,0.6965,1
2026-07-28 12:59:00+00:00,0.6964,0.6965,0.6964,0.6965,10
2026-07-28 13:00:00+00:00,0.6964,0.6964,0.6964,0.6964,1
2026-07-28 13:03:00+00:00,0.6965,0.6966,0.6965,0.6966,21
2026-07-28 13:06:00+00:00,0.6966,0.6966,0.6966,0.6966,5
2026-07-28 13:08:00+00:00,0.6965,0.6965,0.6965,0.6965,2
2026-07-28 13:09:00+00:00,0.6966,0.6966,0.6966,0.6966,1
2026-07-28 13:10:00+00:00,0.6967,0.6967,0.6966,0.6966,6
2026-07-28 13:14:00+00:00,0.6966,0.6966,0.6966,0.6966,1
2026-07-28 13:18:00+00:00,0.6967,0.6967,0.6967,0.6967,1
2026-07-28 13:19:00+00:00,0.6967,0.6967,0.6967,0.6967,1
2026-07-28 13:20:00+00:00,0.6968,0.6968,0.6968,0.6968,21
2026-07-28 13:21:00+00:00,0.6968,0.6968,0.6968,0.6968,1
2026-07-28 13:22:00+00:00,0.6968,0.6968,0.6968,0.6968,1
2026-07-28 13:29:00+00:00,0.6966,0.6966,0.6966,0.6966,1
2026-07-28 13:30:00+00:00,0.6965,0.6965,0.6964,0.6965,6
2026-07-28 13:31:00+00:00,0.6966,0.6966,0.6966,0.6966,1
2026-07-28 13:32:00+00:00,0.6965,0.6965,0.6965,0.6965,9
2026-07-28 13:36:00+00:00,0.6964,0.6964,0.6964,0.6964,5
2026-07-28 13:37:00+00:00,0.6962,0.6962,0.6962,0.6962,4
2026-07-28 13:38:00+00:00,0.6962,0.6962,0.6962,0.6962,1
2026-07-28 13:39:00+00:00,0.6961,0.6961,0.696,0.696,2
2026-07-28 13:42:00+00:00,0.6963,0.6963,0.6963,0.6963,2
2026-07-28 13:43:00+00:00,0.6963,0.6963,0.6963,0.6963,6
2026-07-28 13:45:00+00:00,0.6963,0.6963,0.6962,0.6962,4
2026-07-28 13:46:00+00:00,0.6961,0.6962,0.6961,0.6962,29
2026-07-28 13:47:00+00:00,0.6961,0.6961,0.6959,0.6959,19
2026-07-28 13:48:00+00:00,0.696,0.6961,0.696,0.6961,7
2026-07-28 13:49:00+00:00,0.6965,0.6965,0.6965,0.6965,5
2026-07-28 13:50:00+00:00,0.6964,0.6964,0.6964,0.6964,1
2026-07-28 13:51:00+00:00,0.6964,0.6964,0.6964,0.6964,32
2026-07-28 13:52:00+00:00,0.6965,0.6965,0.6965,0.6965,5
2026-07-28 13:55:00+00:00,0.6964,0.6964,0.6964,0.6964,5
2026-07-28 13:56:00+00:00,0.6964,0.6964,0.6964,0.6964,2
2026-07-28 13:58:00+00:00,0.6964,0.6964,0.6964,0.6964,3
2026-07-28 13:59:00+00:00,0.6965,0.6965,0.6965,0.6965,2
2026-07-28 14:00:00+00:00,0.6965,0.6967,0.6965,0.6967,13
2026-07-28 14:01:00+00:00,0.6967,0.6967,0.6966,0.6966,3
2026-07-28 14:02:00+00:00,0.6966,0.6966,0.6966,0.6966,1
2026-07-28 14:03:00+00:00,0.6967,0.6967,0.6967,0.6967,1
2026-07-28 14:05:00+00:00,0.6968,0.6968,0.6968,0.6968,1
2026-07-28 14:06:00+00:00,0.6968,0.6968,0.6967,0.6967,2
2026-07-28 14:10:00+00:00,0.6967,0.6967,0.6967,0.6967,20
2026-07-28 14:11:00+00:00,0.6967,0.6967,0.6967,0.6967,20
2026-07-28 14:12:00+00:00,0.6966,0.6966,0.6966,0.6966,5
2026-07-28 14:13:00+00:00,0.6965,0.6965,0.6964,0.6964,43
2026-07-28 14:14:00+00:00,0.6966,0.6966,0.6963,0.6963,2
2026-07-28 14:15:00+00:00,0.6964,0.6964,0.6964,0.6964,5
2026-07-28 14:16:00+00:00,0.6963,0.6963,0.6961,0.6961,3
2026-07-28 14:17:00+00:00,0.6962,0.6962,0.6962,0.6962,1
2026-07-28 14:18:00+00:00,0.6961,0.6961,0.6961,0.6961,22
2026-07-28 14:19:00+00:00,0.6961,0.6961,0.696,0.696,11
2026-07-28 14:20:00+00:00,0.6959,0.6959,0.6959,0.6959,1
2026-07-28 14:21:00+00:00,0.6958,0.6959,0.6957,0.6959,11
2026-07-28 14:22:00+00:00,0.695,0.695,0.695,0.695,1
2026-07-28 14:23:00+00:00,0.6958,0.696,0.6958,0.696,4
2026-07-28 14:28:00+00:00,0.6964,0.6965,0.6964,0.6964,19
2026-07-28 14:30:00+00:00,0.6965,0.6965,0.6965,0.6965,2
2026-07-28 14:31:00+00:00,0.6965,0.6965,0.6964,0.6964,6
2026-07-28 14:32:00+00:00,0.6965,0.6965,0.6965,0.6965,1
2026-07-28 14:33:00+00:00,0.6964,0.6964,0.6964,0.6964,1
2026-07-28 14:35:00+00:00,0.6963,0.6963,0.6963,0.6963,1
2026-07-28 14:36:00+00:00,0.6964,0.6964,0.6964,0.6964,3
2026-07-28 14:37:00+00:00,0.6963,0.6963,0.6963,0.6963,1
2026-07-28 14:39:00+00:00,0.6963,0.6963,0.6963,0.6963,2
2026-07-28 14:42:00+00:00,0.6964,0.6964,0.6964,0.6964,1
2026-07-28 14:45:00+00:00,0.6964,0.6964,0.6964,0.6964,1
2026-07-28 14:48:00+00:00,0.6963,0.6963,0.6963,0.6963,1
2026-07-28 14:49:00+00:00,0.6964,0.6965,0.6964,0.6965,7
2026-07-28 14:51:00+00:00,0.6964,0.6964,0.6964,0.6964,12
2026-07-28 14:52:00+00:00,0.6963,0.6963,0.6963,0.6963,1
2026-07-28 14:53:00+00:00,0.6963,0.6963,0.6963,0.6963,1
2026-07-28 14:54:00+00:00,0.6963,0.6964,0.6963,0.6964,5
2026-07-28 14:55:00+00:00,0.6963,0.6963,0.6962,0.6962,11
2026-07-28 14:56:00+00:00,0.6962,0.6962,0.6962,0.6962,2
2026-07-28 14:58:00+00:00,0.6962,0.6962,0.6962,0.6962,1
2026-07-28 14:59:00+00:00,0.6962,0.6962,0.6962,0.6962,12
2026-07-28 15:00:00+00:00,0.6962,0.6963,0.6962,0.6963,5
2026-07-28 15:02:00+00:00,0.6963,0.6963,0.6963,0.6963,22
2026-07-28 15:03:00+00:00,0.6962,0.6962,0.6962,0.6962,3
2026-07-28 15:04:00+00:00,0.6961,0.6961,0.6961,0.6961,1
2026-07-28 15:05:00+00:00,0.696,0.696,0.696,0.696,4
2026-07-28 15:06:00+00:00,0.6961,0.6961,0.6961,0.6961,4
2026-07-28 15:08:00+00:00,0.6962,0.6963,0.6962,0.6963,17
2026-07-28 15:09:00+00:00,0.6963,0.6963,0.6963,0.6963,7
2026-07-28 15:10:00+00:00,0.6965,0.6966,0.6965,0.6965,38
2026-07-28 15:11:00+00:00,0.6964,0.6964,0.6964,0.6964,1
2026-07-28 15:12:00+00:00,0.6967,0.697,0.6967,0.697,23
2026-07-28 15:13:00+00:00,0.6968,0.6968,0.6968,0.6968,2
2026-07-28 15:14:00+00:00,0.6969,0.6971,0.6969,0.6971,11
2026-07-28 15:15:00+00:00,0.697,0.697,0.697,0.697,8
2026-07-28 15:16:00+00:00,0.6971,0.6971,0.6971,0.6971,3
2026-07-28 15:17:00+00:00,0.6969,0.6969,0.6969,0.6969,46
2026-07-28 15:18:00+00:00,0.6969,0.6969,0.6969,0.6969,13
2026-07-28 15:19:00+00:00,0.697,0.697,0.697,0.697,12
2026-07-28 15:20:00+00:00,0.6971,0.6974,0.6971,0.6974,19
2026-07-28 15:21:00+00:00,0.6973,0.6973,0.6973,0.6973,16
2026-07-28 15:22:00+00:00,0.6974,0.6974,0.6974,0.6974,2
2026-07-28 15:23:00+00:00,0.6972,0.6972,0.6972,0.6972,3
2026-07-28 15:26:00+00:00,0.6972,0.6974,0.6972,0.6974,6
2026-07-28 15:27:00+00:00,0.6974,0.6974,0.6973,0.6974,9
2026-07-28 15:28:00+00:00,0.6972,0.6972,0.6972,0.6972,5
2026-07-28 15:30:00+00:00,0.6972,0.6975,0.6972,0.6975,25
2026-07-28 15:31:00+00:00,0.6975,0.6975,0.6975,0.6975,6
2026-07-28 15:32:00+00:00,0.6974,0.6974,0.6974,0.6974,1
2026-07-28 15:33:00+00:00,0.6976,0.6976,0.6976,0.6976,1
2026-07-28 15:34:00+00:00,0.6977,0.6977,0.6976,0.6976,13
2026-07-28 15:38:00+00:00,0.6975,0.6975,0.6975,0.6975,4
2026-07-28 15:40:00+00:00,0.6973,0.6973,0.6971,0.6972,43
2026-07-28 15:41:00+00:00,0.6973,0.6973,0.6973,0.6973,3
2026-07-28 15:42:00+00:00,0.6974,0.6974,0.6974,0.6974,3
2026-07-28 15:43:00+00:00,0.6975,0.6975,0.6975,0.6975,1
2026-07-28 15:44:00+00:00,0.6975,0.6976,0.6975,0.6976,6
2026-07-28 15:45:00+00:00,0.6975,0.6975,0.6975,0.6975,7
2026-07-28 15:46:00+00:00,0.6975,0.6975,0.6975,0.6975,2
2026-07-28 15:47:00+00:00,0.6975,0.6975,0.6975,0.6975,2
2026-07-28 15:48:00+00:00,0.6975,0.6976,0.6975,0.6976,2
2026-07-28 15:50:00+00:00,0.6976,0.6976,0.6976,0.6976,2
2026-07-28 15:52:00+00:00,0.6976,0.6976,0.6976,0.6976,5
2026-07-28 15:53:00+00:00,0.6976,0.6976,0.6976,0.6976,14
2026-07-28 15:57:00+00:00,0.6976,0.6977,0.6976,0.6977,7
2026-07-28 15:58:00+00:00,0.6976,0.6976,0.6976,0.6976,1
2026-07-28 15:59:00+00:00,0.6976,0.6977,0.6976,0.6977,11
2026-07-28 16:00:00+00:00,0.6977,0.6977,0.6977,0.6977,2
2026-07-28 16:01:00+00:00,0.6978,0.6978,0.6978,0.6978,6
2026-07-28 16:03:00+00:00,0.6979,0.6979,0.6979,0.6979,13
2026-07-28 16:05:00+00:00,0.6978,0.6978,0.6978,0.6978,1
2026-07-28 16:10:00+00:00,0.6977,0.6977,0.6977,0.6977,5
2026-07-28 16:12:00+00:00,0.6979,0.6979,0.6979,0.6979,3
2026-07-28 16:13:00+00:00,0.6979,0.6979,0.6979,0.6979,2
2026-07-28 16:14:00+00:00,0.6979,0.6979,0.6979,0.6979,1
2026-07-28 16:14:00+00:00,0.697,0.697,0.697,0.697,1
2026-07-28 16:15:00+00:00,0.698,0.6981,0.698,0.6981,11
2026-07-28 16:16:00+00:00,0.698,0.698,0.698,0.698,2
2026-07-28 16:20:00+00:00,0.698,0.698,0.698,0.698,5
2026-07-28 16:21:00+00:00,0.6981,0.6981,0.698,0.698,25
2026-07-28 16:22:00+00:00,0.6979,0.6979,0.6979,0.6979,1
2026-07-28 16:25:00+00:00,0.698,0.698,0.698,0.698,4
2026-07-28 16:27:00+00:00,0.698,0.698,0.698,0.698,8
2026-07-28 16:30:00+00:00,0.6978,0.6978,0.6978,0.6978,1
2026-07-28 16:31:00+00:00,0.6977,0.6977,0.6977,0.6977,17
2026-07-28 16:32:00+00:00,0.6978,0.6978,0.6978,0.6978,2
2026-07-28 16:33:00+00:00,0.6979,0.6979,0.6978,0.6978,6
2026-07-28 16:34:00+00:00,0.6979,0.6979,0.6979,0.6979,1
2026-07-28 16:36:00+00:00,0.6979,0.6979,0.6979,0.6979,3
2026-07-28 16:37:00+00:00,0.6979,0.6979,0.6979,0.6979,1
2026-07-28 16:40:00+00:00,0.6979,0.6979,0.6978,0.6978,9
2026-07-28 16:43:00+00:00,0.6977,0.6977,0.6977,0.6977,28
2026-07-28 16:44:00+00:00,0.6977,0.6977,0.6977,0.6977,7
2026-07-28 16:45:00+00:00,0.6977,0.6977,0.6977,0.6977,1
2026-07-28 16:48:00+00:00,0.6976,0.6976,0.6976,0.6976,1
2026-07-28 16:49:00+00:00,0.6976,0.6976,0.6976,0.6976,1
2026-07-28 16:50:00+00:00,0.6976,0.6977,0.6976,0.6977,5
2026-07-28 16:51:00+00:00,0.6978,0.6978,0.6978,0.6978,3
2026-07-28 16:53:00+00:00,0.6977,0.6978,0.6977,0.6978,2
2026-07-28 16:55:00+00:00,0.6977,0.6977,0.6977,0.6977,1
2026-07-28 16:57:00+00:00,0.6976,0.6976,0.6976,0.6976,3
2026-07-28 16:58:00+00:00,0.6976,0.6976,0.6976,0.6976,2
2026-07-28 16:59:00+00:00,0.6976,0.6976,0.6976,0.6976,4
2026-07-28 17:00:00+00:00,0.6977,0.6977,0.6976,0.6976,3
2026-07-28 17:01:00+00:00,0.6977,0.6977,0.6977,0.6977,1
2026-07-28 17:02:00+00:00,0.6977,0.6977,0.6977,0.6977,1
2026-07-28 17:05:00+00:00,0.6977,0.6977,0.6977,0.6977,1
2026-07-28 17:06:00+00:00,0.6976,0.6976,0.6976,0.6976,5
2026-07-28 17:09:00+00:00,0.6975,0.6975,0.6974,0.6974,8
2026-07-28 17:10:00+00:00,0.6974,0.6974,0.6973,0.6973,5
2026-07-28 17:16:00+00:00,0.6974,0.6974,0.6974,0.6974,1
2026-07-28 17:20:00+00:00,0.6974,0.6977,0.6974,0.6977,35
2026-07-28 17:21:00+00:00,0.6978,0.6978,0.6978,0.6978,2
2026-07-28 17:22:00+00:00,0.6976,0.6976,0.6976,0.6976,1
2026-07-28 17:24:00+00:00,0.6974,0.6974,0.6974,0.6974,2
2026-07-28 17:27:00+00:00,0.6974,0.6974,0.6974,0.6974,1
2026-07-28 17:29:00+00:00,0.6973,0.6973,0.6973,0.6973,2
2026-07-28 17:39:00+00:00,0.6972,0.6972,0.6972,0.6972,1
2026-07-28 17:40:00+00:00,0.6972,0.6972,0.6972,0.6972,5
2026-07-28 17:41:00+00:00,0.6972,0.6972,0.6972,0.6972,1
2026-07-28 17:43:00+00:00,0.6971,0.6971,0.697,0.697,9
2026-07-28 17:45:00+00:00,0.697,0.697,0.697,0.697,2
2026-07-28 17:47:00+00:00,0.697,0.6971,0.697,0.6971,8
2026-07-28 17:48:00+00:00,0.6971,0.6971,0.6971,0.6971,2
2026-07-28 17:49:00+00:00,0.6971,0.6971,0.6971,0.6971,3
2026-07-28 17:50:00+00:00,0.697,0.697,0.697,0.697,4
2026-07-28 18:00:00+00:00,0.697,0.697,0.697,0.697,3
2026-07-28 18:02:00+00:00,0.697,0.697,0.697,0.697,1
2026-07-28 18:11:00+00:00,0.6969,0.697,0.6969,0.697,4
2026-07-28 18:14:00+00:00,0.6969,0.6969,0.6969,0.6969,1
2026-07-28 18:15:00+00:00,0.697,0.697,0.697,0.697,1
2026-07-28 18:33:00+00:00,0.6969,0.6969,0.6969,0.6969,4
2026-07-28 18:41:00+00:00,0.6969,0.6969,0.6969,0.6969,1
2026-07-28 18:42:00+00:00,0.697,0.697,0.697,0.697,1
2026-07-28 18:47:00+00:00,0.697,0.697,0.697,0.697,2
2026-07-28 18:48:00+00:00,0.6969,0.6969,0.6969,0.6969,1
2026-07-28 18:51:00+00:00,0.6969,0.6969,0.6969,0.6969,1
2026-07-28 18:52:00+00:00,0.6968,0.6969,0.6968,0.6969,17
2026-07-28 18:59:00+00:00,0.6969,0.6969,0.6969,0.6969,1
2026-07-28 19:01:00+00:00,0.6971,0.6971,0.697,0.697,8
2026-07-28 19:02:00+00:00,0.697,0.697,0.697,0.697,1
2026-07-28 19:04:00+00:00,0.697,0.6971,0.697,0.6971,8
2026-07-28 19:11:00+00:00,0.6971,0.6971,0.6971,0.6971,4
2026-07-28 19:17:00+00:00,0.6971,0.6971,0.6971,0.6971,1
2026-07-28 19:18:00+00:00,0.6972,0.6972,0.6972,0.6972,4
2026-07-28 19:24:00+00:00,0.6972,0.6972,0.6972,0.6972,3
2026-07-28 19:26:00+00:00,0.6972,0.6972,0.6972,0.6972,2
2026-07-28 19:27:00+00:00,0.6971,0.6971,0.6971,0.6971,1
2026-07-28 19:30:00+00:00,0.6971,0.6971,0.6971,0.6971,1
2026-07-28 19:32:00+00:00,0.6972,0.6972,0.6972,0.6972,3
2026-07-28 19:37:00+00:00,0.6971,0.6971,0.6971,0.6971,1
2026-07-28 19:40:00+00:00,0.6971,0.6972,0.6971,0.6972,4
2026-07-28 19:44:00+00:00,0.6971,0.6971,0.6971,0.6971,4
2026-07-28 19:46:00+00:00,0.6971,0.6971,0.6971,0.6971,4
2026-07-28 19:53:00+00:00,0.6971,0.6971,0.6971,0.6971,3
2026-07-28 19:55:00+00:00,0.6971,0.6971,0.697,0.697,3
2026-07-28 20:00:00+00:00,0.6969,0.6969,0.6969,0.6969,9
2026-07-28 20:01:00+00:00,0.6969,0.6969,0.6969,0.6969,11
2026-07-28 20:02:00+00:00,0.697,0.697,0.697,0.697,1
2026-07-28 20:05:00+00:00,0.6969,0.6969,0.6969,0.6969,1
2026-07-28 20:08:00+00:00,0.697,0.697,0.697,0.697,5
2026-07-28 20:11:00+00:00,0.697,0.697,0.697,0.697,12
2026-07-28 20:13:00+00:00,0.697,0.697,0.697,0.697,6
2026-07-28 20:16:00+00:00,0.697,0.697,0.697,0.697,1
2026-07-28 20:23:00+00:00,0.6968,0.6968,0.6968,0.6968,1
2026-07-28 20:27:00+00:00,0.6968,0.6968,0.6968,0.6968,3
2026-07-28 20:29:00+00:00,0.6969,0.6969,0.6969,0.6969,4
2026-07-28 20:33:00+00:00,0.6968,0.6968,0.6968,0.6968,1
2026-07-28 20:37:00+00:00,0.6968,0.6968,0.6968,0.6968,7
2026-07-28 20:39:00+00:00,0.6968,0.6968,0.6968,0.6968,1
2026-07-28 20:41:00+00:00,0.6969,0.6969,0.6969,0.6969,1
2026-07-28 20:43:00+00:00,0.697,0.697,0.697,0.697,2
2026-07-28 20:45:00+00:00,0.6969,0.697,0.6969,0.697,3
2026-07-28 20:47:00+00:00,0.6969,0.6969,0.6969,0.6969,24
2026-07-28 20:50:00+00:00,0.6969,0.6969,0.6969,0.6969,3
2026-07-28 20:55:00+00:00,0.6969,0.6969,0.6969,0.6969,2
2026-07-28 20:59:00+00:00,0.6968,0.6968,0.6968,0.6968,3
2026-07-28 22:00:00+00:00,0.6967,0.6969,0.6967,0.6969,12
2026-07-28 22:05:00+00:00,0.697,0.697,0.697,0.697,4
2026-07-28 22:10:00+00:00,0.697,0.697,0.697,0.697,8
2026-07-28 22:11:00+00:00,0.6971,0.6971,0.6971,0.6971,2
2026-07-28 22:12:00+00:00,0.697,0.697,0.697,0.697,7
2026-07-28 22:13:00+00:00,0.6969,0.6969,0.6969,0.6969,12
2026-07-28 22:16:00+00:00,0.6969,0.6969,0.6968,0.6968,14
2026-07-28 22:17:00+00:00,0.6969,0.6969,0.6969,0.6969,8
2026-07-28 22:23:00+00:00,0.6966,0.6966,0.6965,0.6966,6
2026-07-28 22:24:00+00:00,0.6965,0.6965,0.6965,0.6965,3
2026-07-28 22:25:00+00:00,0.6965,0.6965,0.6965,0.6965,1
2026-07-28 22:26:00+00:00,0.6966,0.6966,0.6966,0.6966,3
2026-07-28 22:32:00+00:00,0.6967,0.6967,0.6967,0.6967,5
2026-07-28 22:33:00+00:00,0.6967,0.6967,0.6967,0.6967,4
2026-07-28 22:34:00+00:00,0.6967,0.6967,0.6967,0.6967,1
2026-07-28 22:37:00+00:00,0.6967,0.6967,0.6967,0.6967,6
2026-07-28 22:38:00+00:00,0.6966,0.6967,0.6966,0.6966,10
2026-07-28 22:42:00+00:00,0.6966,0.6966,0.6966,0.6966,15
2026-07-28 22:43:00+00:00,0.6966,0.6967,0.6966,0.6966,14
2026-07-28 22:44:00+00:00,0.6966,0.6966,0.6966,0.6966,1
2026-07-28 22:46:00+00:00,0.6966,0.6966,0.6966,0.6966,1
2026-07-28 22:50:00+00:00,0.6967,0.6967,0.6967,0.6967,12
2026-07-28 22:51:00+00:00,0.6967,0.6967,0.6967,0.6967,5
2026-07-28 22:54:00+00:00,0.6967,0.6967,0.6967,0.6967,6
2026-07-28 22:59:00+00:00,0.6967,0.6967,0.6967,0.6967,25
2026-07-28 23:07:00+00:00,0.6967,0.6967,0.6967,0.6967,5
2026-07-28 23:08:00+00:00,0.6967,0.6967,0.6967,0.6967,7
2026-07-28 23:12:00+00:00,0.6968,0.6968,0.6968,0.6968,1
2026-07-28 23:13:00+00:00,0.6968,0.6968,0.6968,0.6968,3
2026-07-28 23:14:00+00:00,0.6969,0.6969,0.6969,0.6969,8
2026-07-28 23:15:00+00:00,0.6969,0.6969,0.6969,0.6969,2
2026-07-28 23:21:00+00:00,0.6969,0.6969,0.6969,0.6969,4
2026-07-28 23:23:00+00:00,0.697,0.697,0.697,0.697,1
2026-07-28 23:36:00+00:00,0.697,0.697,0.697,0.697,1
2026-07-28 23:45:00+00:00,0.6972,0.6972,0.6972,0.6972,4
2026-07-28 23:48:00+00:00,0.697,0.697,0.697,0.697,1
2026-07-28 23:49:00+00:00,0.6971,0.6971,0.6971,0.6971,1
2026-07-28 23:51:00+00:00,0.6971,0.6971,0.6971,0.6971,1
2026-07-28 23:54:00+00:00,0.6969,0.6969,0.6969,0.6969,4
2026-07-28 23:59:00+00:00,0.6969,0.6969,0.6969,0.6969,1
2026-07-29 00:00:00+00:00,0.6967,0.6967,0.6967,0.6967,1
2026-07-29 00:01:00+00:00,0.6967,0.6967,0.6967,0.6967,1
2026-07-29 00:05:00+00:00,0.6968,0.6968,0.6968,0.6968,1
2026-07-29 00:10:00+00:00,0.6968,0.6968,0.6967,0.6967,4
2026-07-29 00:13:00+00:00,0.6967,0.6967,0.6967,0.6967,8
2026-07-29 00:14:00+00:00,0.6966,0.6966,0.6966,0.6966,1
2026-07-29 00:15:00+00:00,0.6964,0.6965,0.6964,0.6965,9
2026-07-29 00:16:00+00:00,0.6966,0.6966,0.6966,0.6966,2
2026-07-29 00:17:00+00:00,0.6967,0.6967,0.6967,0.6967,1
2026-07-29 00:19:00+00:00,0.6968,0.6968,0.6968,0.6968,3
2026-07-29 00:21:00+00:00,0.697,0.6971,0.697,0.697,8
2026-07-29 00:24:00+00:00,0.6967,0.6967,0.6967,0.6967,4
2026-07-29 00:30:00+00:00,0.6969,0.6969,0.6969,0.6969,7
2026-07-29 00:37:00+00:00,0.6969,0.6969,0.6969,0.6969,1
2026-07-29 00:42:00+00:00,0.6967,0.6967,0.6967,0.6967,1
2026-07-29 00:47:00+00:00,0.697,0.697,0.697,0.697,4
2026-07-29 00:49:00+00:00,0.6967,0.6967,0.6967,0.6967,1
2026-07-29 00:50:00+00:00,0.6966,0.6966,0.6966,0.6966,1
2026-07-29 00:53:00+00:00,0.6966,0.6966,0.6966,0.6966,1
2026-07-29 00:54:00+00:00,0.6965,0.6965,0.6965,0.6965,15
2026-07-29 00:56:00+00:00,0.6966,0.6966,0.6966,0.6966,1
2026-07-29 01:00:00+00:00,0.6964,0.6964,0.6964,0.6964,9
2026-07-29 01:01:00+00:00,0.6965,0.6965,0.6965,0.6965,3
2026-07-29 01:03:00+00:00,0.6966,0.6966,0.6966,0.6966,3
2026-07-29 01:05:00+00:00,0.6966,0.6967,0.6966,0.6967,10
2026-07-29 01:06:00+00:00,0.6966,0.6966,0.6965,0.6965,16
2026-07-29 01:09:00+00:00,0.6964,0.6964,0.6964,0.6964,5
2026-07-29 01:10:00+00:00,0.6963,0.6964,0.6963,0.6963,5
2026-07-29 01:11:00+00:00,0.6964,0.6964,0.6963,0.6963,6
2026-07-29 01:14:00+00:00,0.6962,0.6962,0.6961,0.6961,5
2026-07-29 01:15:00+00:00,0.6962,0.6962,0.6962,0.6962,2
2026-07-29 01:16:00+00:00,0.6964,0.6964,0.6964,0.6964,1
2026-07-29 01:18:00+00:00,0.6962,0.6962,0.6962,0.6962,15
2026-07-29 01:19:00+00:00,0.6964,0.6964,0.6964,0.6964,2
2026-07-29 01:20:00+00:00,0.6964,0.6964,0.6964,0.6964,5
2026-07-29 01:21:00+00:00,0.6965,0.6965,0.6965,0.6965,5
2026-07-29 01:24:00+00:00,0.6966,0.6966,0.6966,0.6966,1
2026-07-29 01:25:00+00:00,0.6966,0.6966,0.6966,0.6966,1
2026-07-29 01:26:00+00:00,0.6966,0.6966,0.6966,0.6966,3
2026-07-29 01:27:00+00:00,0.6965,0.6965,0.6965,0.6965,10
2026-07-29 01:30:00+00:00,0.6947,0.6947,0.6926,0.6926,15
2026-07-29 01:30:00+00:00,0.6964,0.6964,0.6934,0.6945,394
2026-07-29 01:31:00+00:00,0.6945,0.6948,0.6942,0.6948,81
2026-07-29 01:32:00+00:00,0.6948,0.6949,0.6946,0.6947,56
2026-07-29 01:33:00+00:00,0.6947,0.6947,0.6944,0.6944,21
2026-07-29 01:34:00+00:00,0.6946,0.6948,0.6946,0.6948,16
2026-07-29 01:35:00+00:00,0.695,0.695,0.6946,0.6946,53
2026-07-29 01:36:00+00:00,0.6947,0.6947,0.6945,0.6946,70
2026-07-29 01:38:00+00:00,0.6946,0.6946,0.6944,0.6944,17
2026-07-29 01:39:00+00:00,0.6943,0.6946,0.6943,0.6946,25
2026-07-29 01:40:00+00:00,0.6946,0.6946,0.6944,0.6944,7
2026-07-29 01:41:00+00:00,0.6942,0.6942,0.6941,0.6941,13
2026-07-29 01:42:00+00:00,0.694,0.6942,0.694,0.6942,14
2026-07-29 01:43:00+00:00,0.6941,0.6942,0.694,0.6942,9
2026-07-29 01:44:00+00:00,0.6943,0.6943,0.6943,0.6943,4
2026-07-29 01:45:00+00:00,0.6944,0.6944,0.6943,0.6943,11
2026-07-29 01:46:00+00:00,0.6943,0.6944,0.6943,0.6944,6
2026-07-29 01:47:00+00:00,0.6944,0.6944,0.6942,0.6942,10
2026-07-29 01:48:00+00:00,0.6943,0.6943,0.6942,0.6942,2
2026-07-29 01:49:00+00:00,0.6943,0.6943,0.6943,0.6943,4
2026-07-29 01:50:00+00:00,0.6943,0.6945,0.6943,0.6944,4
2026-07-29 01:50:00+00:00,0.6936,0.6936,0.6936,0.6936,2
2026-07-29 01:51:00+00:00,0.6943,0.6943,0.6941,0.6941,44
2026-07-29 01:52:00+00:00,0.6936,0.6936,0.6936,0.6936,1
2026-07-29 01:53:00+00:00,0.694,0.694,0.694,0.694,2
2026-07-29 01:54:00+00:00,0.6941,0.6941,0.6941,0.6941,11
2026-07-29 01:55:00+00:00,0.6942,0.6942,0.6942,0.6942,2
2026-07-29 01:56:00+00:00,0.6942,0.6942,0.6941,0.6941,3
2026-07-29 01:58:00+00:00,0.694,0.694,0.694,0.694,5
2026-07-29 01:59:00+00:00,0.6941,0.6941,0.6941,0.6941,1
2026-07-29 02:00:00+00:00,0.6941,0.6941,0.6938,0.6939,44
2026-07-29 02:01:00+00:00,0.6939,0.6942,0.6939,0.6942,69
2026-07-29 02:02:00+00:00,0.6942,0.6942,0.6942,0.6942,2
2026-07-29 02:05:00+00:00,0.6941,0.6941,0.6941,0.6941,2
2026-07-29 02:07:00+00:00,0.6942,0.6942,0.6941,0.6941,12
2026-07-29 02:09:00+00:00,0.6943,0.6943,0.6943,0.6943,24
2026-07-29 02:12:00+00:00,0.6943,0.6943,0.6943,0.6943,1
2026-07-29 02:13:00+00:00,0.6945,0.6945,0.6945,0.6945,1
2026-07-29 02:15:00+00:00,0.6946,0.6946,0.6946,0.6946,8
2026-07-29 02:16:00+00:00,0.6944,0.6944,0.6944,0.6944,5
2026-07-29 02:17:00+00:00,0.6945,0.6945,0.6945,0.6945,1
2026-07-29 02:18:00+00:00,0.6944,0.6945,0.6944,0.6944,6
2026-07-29 02:20:00+00:00,0.6945,0.6945,0.6945,0.6945,1
2026-07-29 02:21:00+00:00,0.6947,0.6949,0.6947,0.6949,4
2026-07-29 02:22:00+00:00,0.6949,0.6949,0.6949,0.6949,3
2026-07-29 02:24:00+00:00,0.6951,0.6952,0.6951,0.6952,6
2026-07-29 02:25:00+00:00,0.695,0.695,0.695,0.695,1
2026-07-29 02:26:00+00:00,0.695,0.695,0.6949,0.6949,3
2026-07-29 02:28:00+00:00,0.6949,0.6949,0.6949,0.6949,5
2026-07-29 02:30:00+00:00,0.6948,0.6948,0.6948,0.6948,6
2026-07-29 02:31:00+00:00,0.6948,0.6948,0.6948,0.6948,1
2026-07-29 02:32:00+00:00,0.6948,0.6948,0.6948,0.6948,1
2026-07-29 02:34:00+00:00,0.6947,0.6947,0.6947,0.6947,1
2026-07-29 02:35:00+00:00,0.6947,0.6947,0.6947,0.6947,1
2026-07-29 02:36:00+00:00,0.6947,0.6947,0.6947,0.6947,4
2026-07-29 02:37:00+00:00,0.6948,0.6948,0.6948,0.6948,3
2026-07-29 02:38:00+00:00,0.6948,0.6948,0.6948,0.6948,4
2026-07-29 02:39:00+00:00,0.6947,0.6948,0.6947,0.6947,7
2026-07-29 02:40:00+00:00,0.6946,0.6946,0.6946,0.6946,2
2026-07-29 02:41:00+00:00,0.6946,0.6946,0.6946,0.6946,1
2026-07-29 02:42:00+00:00,0.6945,0.6945,0.6944,0.6944,15
2026-07-29 02:46:00+00:00,0.6943,0.6943,0.6943,0.6943,2
2026-07-29 02:47:00+00:00,0.6941,0.6941,0.6941,0.6941,1
2026-07-29 02:49:00+00:00,0.6941,0.6941,0.6941,0.6941,2
2026-07-29 02:51:00+00:00,0.6941,0.6941,0.6941,0.6941,3
2026-07-29 02:52:00+00:00,0.6942,0.6942,0.6942,0.6942,1
2026-07-29 02:54:00+00:00,0.6941,0.6941,0.6941,0.6941,5
2026-07-29 02:56:00+00:00,0.6942,0.6943,0.6942,0.6943,5
2026-07-29 02:57:00+00:00,0.6943,0.6943,0.6943,0.6943,3
2026-07-29 03:00:00+00:00,0.6944,0.6944,0.6944,0.6944,2
2026-07-29 03:01:00+00:00,0.6944,0.6944,0.6944,0.6944,4
2026-07-29 03:08:00+00:00,0.6944,0.6944,0.6944,0.6944,8
2026-07-29 03:13:00+00:00,0.6945,0.6945,0.6945,0.6945,3
2026-07-29 03:14:00+00:00,0.6944,0.6944,0.6944,0.6944,1
2026-07-29 03:19:00+00:00,0.6944,0.6944,0.6944,0.6944,1
2026-07-29 03:23:00+00:00,0.6942,0.6942,0.6942,0.6942,5
2026-07-29 03:27:00+00:00,0.6941,0.6941,0.6941,0.6941,1
2026-07-29 03:28:00+00:00,0.694,0.694,0.6939,0.694,20
2026-07-29 03:29:00+00:00,0.694,0.694,0.694,0.694,3
2026-07-29 03:30:00+00:00,0.694,0.694,0.694,0.694,1
2026-07-29 03:31:00+00:00,0.694,0.694,0.694,0.694,2
2026-07-29 03:32:00+00:00,0.6939,0.6939,0.6939,0.6939,8
2026-07-29 03:33:00+00:00,0.6939,0.6941,0.6939,0.6941,213
2026-07-29 03:34:00+00:00,0.6941,0.6941,0.6941,0.6941,1
2026-07-29 03:35:00+00:00,0.6942,0.6942,0.6941,0.6941,18
2026-07-29 03:36:00+00:00,0.6941,0.6941,0.6941,0.6941,1
2026-07-29 03:37:00+00:00,0.6942,0.6942,0.6942,0.6942,7
2026-07-29 03:39:00+00:00,0.6943,0.6943,0.6943,0.6943,55
2026-07-29 03:40:00+00:00,0.6943,0.6943,0.6943,0.6943,1
2026-07-29 03:41:00+00:00,0.6942,0.6943,0.6942,0.6943,21
2026-07-29 03:42:00+00:00,0.6943,0.6943,0.6943,0.6943,7
2026-07-29 03:48:00+00:00,0.6944,0.6944,0.6944,0.6944,2
2026-07-29 03:49:00+00:00,0.6945,0.6945,0.6945,0.6945,2
2026-07-29 03:52:00+00:00,0.6943,0.6943,0.6942,0.6942,2
2026-07-29 03:55:00+00:00,0.6941,0.6941,0.6941,0.6941,1
2026-07-29 03:56:00+00:00,0.6941,0.6941,0.6941,0.6941,1
2026-07-29 03:58:00+00:00,0.6941,0.6941,0.6941,0.6941,1
2026-07-29 03:59:00+00:00,0.6941,0.6941,0.6941,0.6941,9
2026-07-29 04:00:00+00:00,0.694,0.694,0.694,0.694,2
2026-07-29 04:01:00+00:00,0.694,0.694,0.6939,0.6939,3
2026-07-29 04:03:00+00:00,0.6941,0.6941,0.6941,0.6941,4
2026-07-29 04:09:00+00:00,0.694,0.694,0.6939,0.6939,20
2026-07-29 04:12:00+00:00,0.6938,0.6938,0.6938,0.6938,1
2026-07-29 04:16:00+00:00,0.694,0.694,0.694,0.694,1
2026-07-29 04:17:00+00:00,0.6939,0.6939,0.6939,0.6939,1
2026-07-29 04:19:00+00:00,0.6939,0.6939,0.6938,0.6938,7
2026-07-29 04:19:00+00:00,0.693,0.693,0.693,0.693,4
2026-07-29 04:20:00+00:00,0.6938,0.6938,0.6938,0.6938,4
2026-07-29 04:21:00+00:00,0.6938,0.6938,0.6938,0.6938,1
2026-07-29 04:26:00+00:00,0.694,0.694,0.694,0.694,1
2026-07-29 04:29:00+00:00,0.6939,0.6939,0.6938,0.6938,13
2026-07-29 04:29:00+00:00,0.693,0.693,0.693,0.693,1
2026-07-29 04:30:00+00:00,0.6938,0.6938,0.6938,0.6938,3
2026-07-29 04:31:00+00:00,0.6938,0.6938,0.6938,0.6938,1
2026-07-29 04:36:00+00:00,0.6941,0.6943,0.6941,0.6943,10
2026-07-29 04:39:00+00:00,0.6942,0.6942,0.6942,0.6942,1
2026-07-29 04:41:00+00:00,0.6942,0.6942,0.6942,0.6942,4
2026-07-29 04:42:00+00:00,0.6942,0.6942,0.6942,0.6942,6
2026-07-29 04:43:00+00:00,0.6942,0.6942,0.6942,0.6942,2
2026-07-29 04:45:00+00:00,0.6942,0.6942,0.6942,0.6942,2
2026-07-29 04:46:00+00:00,0.6942,0.6942,0.6942,0.6942,3
2026-07-29 04:47:00+00:00,0.6943,0.6943,0.6943,0.6943,5
2026-07-29 04:48:00+00:00,0.6943,0.6943,0.6943,0.6943,1
2026-07-29 04:49:00+00:00,0.6943,0.6944,0.6943,0.6944,5
2026-07-29 04:52:00+00:00,0.6945,0.6946,0.6945,0.6946,4
2026-07-29 04:55:00+00:00,0.6946,0.6946,0.6946,0.6946,1
2026-07-29 05:01:00+00:00,0.6948,0.6948,0.6948,0.6948,3
2026-07-29 05:02:00+00:00,0.6948,0.6948,0.6948,0.6948,2
2026-07-29 05:04:00+00:00,0.6949,0.6949,0.6949,0.6949,7
2026-07-29 05:08:00+00:00,0.695,0.695,0.695,0.695,1
2026-07-29 05:10:00+00:00,0.6948,0.6949,0.6948,0.6949,19
2026-07-29 05:11:00+00:00,0.6949,0.6949,0.6949,0.6949,2
2026-07-29 05:12:00+00:00,0.6949,0.6949,0.6949,0.6949,1
2026-07-29 05:14:00+00:00,0.695,0.695,0.695,0.695,23
2026-07-29 05:16:00+00:00,0.695,0.695,0.695,0.695,4
2026-07-29 05:18:00+00:00,0.6949,0.6949,0.6949,0.6949,1
2026-07-29 05:21:00+00:00,0.6948,0.6948,0.6948,0.6948,7
2026-07-29 05:24:00+00:00,0.6949,0.6949,0.6949,0.6949,1
2026-07-29 05:30:00+00:00,0.6947,0.6947,0.6947,0.6947,6
2026-07-29 05:31:00+00:00,0.6947,0.6947,0.6947,0.6947,2
2026-07-29 05:36:00+00:00,0.695,0.695,0.695,0.695,2
2026-07-29 05:37:00+00:00,0.6951,0.6951,0.6951,0.6951,3
2026-07-29 05:38:00+00:00,0.6951,0.6951,0.6951,0.6951,9
2026-07-29 05:41:00+00:00,0.6952,0.6952,0.6952,0.6952,10
2026-07-29 05:44:00+00:00,0.6951,0.6951,0.695,0.695,31
2026-07-29 05:46:00+00:00,0.6951,0.6951,0.6951,0.6951,9
2026-07-29 05:50:00+00:00,0.6952,0.6952,0.6952,0.6952,1
2026-07-29 05:52:00+00:00,0.6951,0.6951,0.6951,0.6951,1
2026-07-29 05:54:00+00:00,0.6951,0.6951,0.6951,0.6951,1
2026-07-29 05:56:00+00:00,0.6951,0.6951,0.6951,0.6951,4
2026-07-29 06:00:00+00:00,0.6951,0.6951,0.6951,0.6951,4
2026-07-29 06:01:00+00:00,0.6953,0.6954,0.6953,0.6953,4
2026-07-29 06:04:00+00:00,0.6951,0.6951,0.695,0.695,2
2026-07-29 06:07:00+00:00,0.6951,0.6951,0.6951,0.6951,2
2026-07-29 06:11:00+00:00,0.6951,0.6951,0.6951,0.6951,2
2026-07-29 06:14:00+00:00,0.6952,0.6952,0.6952,0.6952,1
2026-07-29 06:15:00+00:00,0.6954,0.6954,0.6954,0.6954,4
2026-07-29 06:16:00+00:00,0.6954,0.6954,0.6954,0.6954,5
2026-07-29 06:17:00+00:00,0.6953,0.6953,0.6952,0.6952,22
2026-07-29 06:21:00+00:00,0.695,0.695,0.695,0.695,7
2026-07-29 06:24:00+00:00,0.6949,0.6949,0.6949,0.6949,4
2026-07-29 06:25:00+00:00,0.6949,0.6949,0.6948,0.6948,14
2026-07-29 06:27:00+00:00,0.6948,0.6948,0.6948,0.6948,1
2026-07-29 06:28:00+00:00,0.6948,0.6948,0.6948,0.6948,1
2026-07-29 06:29:00+00:00,0.6949,0.6949,0.6949,0.6949,3
2026-07-29 06:32:00+00:00,0.695,0.695,0.695,0.695,3
2026-07-29 06:33:00+00:00,0.6949,0.6949,0.6949,0.6949,1
2026-07-29 06:41:00+00:00,0.695,0.695,0.695,0.695,2
2026-07-29 06:46:00+00:00,0.6948,0.6948,0.6948,0.6948,2
2026-07-29 06:47:00+00:00,0.6948,0.6948,0.6948,0.6948,1
2026-07-29 06:48:00+00:00,0.6948,0.6948,0.6948,0.6948,1
2026-07-29 06:50:00+00:00,0.6947,0.6948,0.6947,0.6948,3
2026-07-29 06:51:00+00:00,0.6948,0.6948,0.6948,0.6948,1
2026-07-29 06:53:00+00:00,0.6948,0.6948,0.6948,0.6948,10
2026-07-29 06:55:00+00:00,0.6947,0.6947,0.6947,0.6947,1
2026-07-29 06:56:00+00:00,0.6936,0.6936,0.6936,0.6936,1
2026-07-29 06:56:00+00:00,0.6946,0.6946,0.6946,0.6946,1
2026-07-29 06:58:00+00:00,0.6946,0.6947,0.6946,0.6947,4
2026-07-29 07:06:00+00:00,0.6951,0.6951,0.6951,0.6951,1
2026-07-29 07:07:00+00:00,0.6951,0.6951,0.6951,0.6951,4
2026-07-29 07:08:00+00:00,0.695,0.695,0.695,0.695,2
2026-07-29 07:10:00+00:00,0.695,0.695,0.695,0.695,1
2026-07-29 07:11:00+00:00,0.6951,0.6951,0.695,0.695,2
2026-07-29 07:13:00+00:00,0.6948,0.6948,0.6948,0.6948,1
2026-07-29 07:14:00+00:00,0.6948,0.6948,0.6948,0.6948,1
2026-07-29 07:17:00+00:00,0.6947,0.6947,0.6947,0.6947,1
2026-07-29 07:18:00+00:00,0.6948,0.6948,0.6947,0.6947,2
2026-07-29 07:20:00+00:00,0.6947,0.6947,0.6947,0.6947,1
2026-07-29 07:24:00+00:00,0.6948,0.6948,0.6948,0.6948,1
2026-07-29 07:29:00+00:00,0.6949,0.6949,0.6949,0.6949,1
2026-07-29 07:33:00+00:00,0.6948,0.6948,0.6948,0.6948,1
2026-07-29 07:34:00+00:00,0.6949,0.6949,0.6949,0.6949,10
2026-07-29 07:35:00+00:00,0.6949,0.6949,0.6949,0.6949,2
2026-07-29 07:38:00+00:00,0.6948,0.6948,0.6948,0.6948,1
2026-07-29 07:41:00+00:00,0.6946,0.6946,0.6946,0.6946,7
2026-07-29 07:45:00+00:00,0.6946,0.6946,0.6946,0.6946,1
2026-07-29 07:46:00+00:00,0.6945,0.6945,0.6945,0.6945,9
2026-07-29 07:48:00+00:00,0.6945,0.6945,0.6945,0.6945,7
2026-07-29 07:51:00+00:00,0.6935,0.6935,0.6935,0.6935,1
2026-07-29 07:53:00+00:00,0.6944,0.6944,0.6944,0.6944,3
2026-07-29 07:56:00+00:00,0.6943,0.6943,0.6943,0.6943,4
2026-07-29 07:57:00+00:00,0.6943,0.6943,0.6943,0.6943,1
2026-07-29 08:00:00+00:00,0.6942,0.6942,0.6942,0.6942,1
2026-07-29 08:03:00+00:00,0.6941,0.6941,0.6941,0.6941,3
2026-07-29 08:04:00+00:00,0.6941,0.6941,0.6941,0.6941,4
2026-07-29 08:05:00+00:00,0.6942,0.6942,0.6942,0.6942,3
2026-07-29 08:12:00+00:00,0.694,0.694,0.6938,0.6938,41
2026-07-29 08:13:00+00:00,0.6939,0.6939,0.6939,0.6939,1
2026-07-29 08:14:00+00:00,0.6939,0.6939,0.6939,0.6939,1
2026-07-29 08:16:00+00:00,0.6939,0.6939,0.6939,0.6939,1
2026-07-29 08:18:00+00:00,0.6939,0.6939,0.6939,0.6939,1
2026-07-29 08:19:00+00:00,0.694,0.694,0.694,0.694,4
2026-07-29 08:20:00+00:00,0.694,0.694,0.694,0.694,4
2026-07-29 08:24:00+00:00,0.6938,0.6938,0.6937,0.6937,4
2026-07-29 08:25:00+00:00,0.6938,0.6938,0.6937,0.6937,6
2026-07-29 08:26:00+00:00,0.6937,0.6937,0.6937,0.6937,1
2026-07-29 08:27:00+00:00,0.6937,0.6937,0.6937,0.6937,3
2026-07-29 08:29:00+00:00,0.6937,0.6937,0.6937,0.6937,1
2026-07-29 08:30:00+00:00,0.6937,0.6937,0.6937,0.6937,3
2026-07-29 08:34:00+00:00,0.6937,0.6937,0.6937,0.6937,1
2026-07-29 08:35:00+00:00,0.6936,0.6936,0.6936,0.6936,2
2026-07-29 08:39:00+00:00,0.6936,0.6936,0.6936,0.6936,1
2026-07-29 08:45:00+00:00,0.6939,0.6939,0.6939,0.6939,1
2026-07-29 08:52:00+00:00,0.6941,0.6941,0.6941,0.6941,4
2026-07-29 08:54:00+00:00,0.6939,0.6939,0.6939,0.6939,32
2026-07-29 08:55:00+00:00,0.6939,0.6939,0.6939,0.6939,32
2026-07-29 08:58:00+00:00,0.6938,0.6938,0.6937,0.6937,8
2026-07-29 09:04:00+00:00,0.6938,0.6938,0.6938,0.6938,3
2026-07-29 09:07:00+00:00,0.6938,0.6938,0.6938,0.6938,7
2026-07-29 09:08:00+00:00,0.6939,0.6939,0.6939,0.6939,1
2026-07-29 09:13:00+00:00,0.6939,0.6939,0.6939,0.6939,3
2026-07-29 09:15:00+00:00,0.6939,0.6939,0.6939,0.6939,1
2026-07-29 09:20:00+00:00,0.6937,0.6937,0.6937,0.6937,3
2026-07-29 09:23:00+00:00,0.6936,0.6936,0.6936,0.6936,11
2026-07-29 09:24:00+00:00,0.6937,0.6937,0.6937,0.6937,1
2026-07-29 09:25:00+00:00,0.6937,0.6937,0.6937,0.6937,20
2026-07-29 09:26:00+00:00,0.6938,0.6938,0.6938,0.6938,3
2026-07-29 09:27:00+00:00,0.6938,0.6938,0.6938,0.6938,2
2026-07-29 09:28:00+00:00,0.6938,0.6938,0.6938,0.6938,4
2026-07-29 09:32:00+00:00,0.6938,0.6938,0.6938,0.6938,1
2026-07-29 09:35:00+00:00,0.6938,0.6938,0.6938,0.6938,4
2026-07-29 09:37:00+00:00,0.6937,0.6937,0.6937,0.6937,1
2026-07-29 09:39:00+00:00,0.6937,0.6937,0.6934,0.6935,15
2026-07-29 09:40:00+00:00,0.6935,0.6935,0.6935,0.6935,5
2026-07-29 09:44:00+00:00,0.6937,0.6937,0.6937,0.6937,1
2026-07-29 09:46:00+00:00,0.6938,0.6938,0.6938,0.6938,2
2026-07-29 09:51:00+00:00,0.6939,0.6939,0.6939,0.6939,3
2026-07-29 09:52:00+00:00,0.6939,0.6939,0.6939,0.6939,1
2026-07-29 09:59:00+00:00,0.6936,0.6936,0.6935,0.6935,2
2026-07-29 10:00:00+00:00,0.6935,0.6935,0.6935,0.6935,8
2026-07-29 10:01:00+00:00,0.6936,0.6936,0.6936,0.6936,5
2026-07-29 10:04:00+00:00,0.6936,0.6936,0.6936,0.6936,1
2026-07-29 10:06:00+00:00,0.6936,0.6936,0.6936,0.6936,22
2026-07-29 10:14:00+00:00,0.6937,0.6937,0.6937,0.6937,15
2026-07-29 10:16:00+00:00,0.6937,0.6937,0.6937,0.6937,1
2026-07-29 10:20:00+00:00,0.6936,0.6936,0.6936,0.6936,3
2026-07-29 10:25:00+00:00,0.6936,0.6936,0.6936,0.6936,8
2026-07-29 10:31:00+00:00,0.6938,0.6938,0.6938,0.6938,1
2026-07-29 10:40:00+00:00,0.6935,0.6935,0.6935,0.6935,2
2026-07-29 10:42:00+00:00,0.6935,0.6935,0.6935,0.6935,6
2026-07-29 10:44:00+00:00,0.6935,0.6935,0.6935,0.6935,1
2026-07-29 10:50:00+00:00,0.6934,0.6934,0.6934,0.6934,50
2026-07-29 10:55:00+00:00,0.6926,0.6926,0.6926,0.6926,1
2026-07-29 10:56:00+00:00,0.6934,0.6934,0.6934,0.6934,3
2026-07-29 10:59:00+00:00,0.6935,0.6935,0.6935,0.6935,3
2026-07-29 11:02:00+00:00,0.6936,0.6936,0.6936,0.6936,2
2026-07-29 11:03:00+00:00,0.6936,0.6936,0.6936,0.6936,28
2026-07-29 11:07:00+00:00,0.6936,0.6936,0.6936,0.6936,3
2026-07-29 11:09:00+00:00,0.6936,0.6937,0.6936,0.6937,7
2026-07-29 11:12:00+00:00,0.6937,0.6937,0.6937,0.6937,1
2026-07-29 11:13:00+00:00,0.6937,0.6937,0.6937,0.6937,1
2026-07-29 11:14:00+00:00,0.6937,0.6937,0.6937,0.6937,6
2026-07-29 11:21:00+00:00,0.6938,0.6938,0.6938,0.6938,1
2026-07-29 11:22:00+00:00,0.6938,0.6938,0.6938,0.6938,2
2026-07-29 11:23:00+00:00,0.6938,0.6938,0.6938,0.6938,3
2026-07-29 11:24:00+00:00,0.6938,0.6938,0.6938,0.6938,50
2026-07-29 11:28:00+00:00,0.6939,0.694,0.6939,0.694,2
2026-07-29 11:30:00+00:00,0.6933,0.6933,0.6933,0.6933,1
2026-07-29 11:30:00+00:00,0.694,0.694,0.6939,0.6939,2
2026-07-29 11:32:00+00:00,0.6938,0.6938,0.6937,0.6937,210
2026-07-29 11:33:00+00:00,0.6937,0.6937,0.6937,0.6937,33
2026-07-29 11:37:00+00:00,0.6935,0.6935,0.6935,0.6935,3
2026-07-29 11:47:00+00:00,0.6935,0.6935,0.6935,0.6935,9
2026-07-29 11:48:00+00:00,0.6935,0.6935,0.6934,0.6934,3
2026-07-29 11:49:00+00:00,0.6935,0.6935,0.6935,0.6935,1
2026-07-29 11:50:00+00:00,0.6936,0.6936,0.6936,0.6936,1
2026-07-29 11:50:00+00:00,0.6929,0.6929,0.6929,0.6929,1
2026-07-29 11:52:00+00:00,0.6936,0.6936,0.6936,0.6936,1
2026-07-29 11:52:00+00:00,0.6929,0.6929,0.6929,0.6929,1
2026-07-29 11:53:00+00:00,0.6936,0.6936,0.6936,0.6936,1
2026-07-29 11:57:00+00:00,0.6936,0.6936,0.6936,0.6936,1
2026-07-29 12:07:00+00:00,0.6935,0.6935,0.6935,0.6935,1
2026-07-29 12:11:00+00:00,0.6935,0.6935,0.6935,0.6935,4
2026-07-29 12:13:00+00:00,0.6935,0.6936,0.6935,0.6936,9
2026-07-29 12:14:00+00:00,0.6934,0.6934,0.6933,0.6933,7
2026-07-29 12:16:00+00:00,0.6932,0.6933,0.6929,0.6931,99
2026-07-29 12:17:00+00:00,0.693,0.6932,0.693,0.6932,20
2026-07-29 12:18:00+00:00,0.6932,0.6933,0.6932,0.6933,12
2026-07-29 12:21:00+00:00,0.6933,0.6934,0.6933,0.6933,4
2026-07-29 12:22:00+00:00,0.6933,0.6934,0.6933,0.6934,5
2026-07-29 12:24:00+00:00,0.6934,0.6934,0.6934,0.6934,2
2026-07-29 12:25:00+00:00,0.6934,0.6934,0.6934,0.6934,3
2026-07-29 12:27:00+00:00,0.6934,0.6934,0.6933,0.6933,12
2026-07-29 12:30:00+00:00,0.6931,0.6932,0.6931,0.6932,2
2026-07-29 12:33:00+00:00,0.6934,0.6934,0.6934,0.6934,11
2026-07-29 12:34:00+00:00,0.6934,0.6934,0.6934,0.6934,8
2026-07-29 12:36:00+00:00,0.6935,0.6935,0.6935,0.6935,2
2026-07-29 12:39:00+00:00,0.6935,0.6935,0.6935,0.6935,1
2026-07-29 12:40:00+00:00,0.6935,0.6935,0.6934,0.6934,2
2026-07-29 12:41:00+00:00,0.6935,0.6935,0.6935,0.6935,1
2026-07-29 12:42:00+00:00,0.6934,0.6935,0.6934,0.6935,2
2026-07-29 12:43:00+00:00,0.6935,0.6935,0.6934,0.6934,2
2026-07-29 12:44:00+00:00,0.6935,0.6935,0.6935,0.6935,2
2026-07-29 12:47:00+00:00,0.6934,0.6934,0.6934,0.6934,2
2026-07-29 12:49:00+00:00,0.6936,0.6936,0.6936,0.6936,7
2026-07-29 12:51:00+00:00,0.6934,0.6934,0.6934,0.6934,6
2026-07-29 12:56:00+00:00,0.6935,0.6935,0.6934,0.6934,3
2026-07-29 12:59:00+00:00,0.6936,0.6936,0.6936,0.6936,20
2026-07-29 13:01:00+00:00,0.6937,0.6938,0.6937,0.6937,11
2026-07-29 13:02:00+00:00,0.6938,0.6938,0.6938,0.6938,1
2026-07-29 13:03:00+00:00,0.6937,0.6937,0.6937,0.6937,1
2026-07-29 13:06:00+00:00,0.6936,0.6936,0.6936,0.6936,9
2026-07-29 13:08:00+00:00,0.6936,0.6936,0.6936,0.6936,3
2026-07-29 13:08:00+00:00,0.6928,0.6928,0.6928,0.6928,1
2026-07-29 13:09:00+00:00,0.6936,0.6936,0.6936,0.6936,1
2026-07-29 13:11:00+00:00,0.6935,0.6935,0.6935,0.6935,1
2026-07-29 13:11:00+00:00,0.6928,0.6928,0.6928,0.6928,1
2026-07-29 13:16:00+00:00,0.6936,0.6936,0.6936,0.6936,1
2026-07-29 13:18:00+00:00,0.6937,0.6937,0.6937,0.6937,2
2026-07-29 13:19:00+00:00,0.6938,0.6938,0.6938,0.6938,1
2026-07-29 13:20:00+00:00,0.6938,0.6938,0.6938,0.6938,17
2026-07-29 13:21:00+00:00,0.6939,0.694,0.6939,0.694,8
2026-07-29 13:22:00+00:00,0.694,0.6941,0.694,0.6941,7
2026-07-29 13:23:00+00:00,0.694,0.694,0.694,0.694,1
2026-07-29 13:25:00+00:00,0.694,0.694,0.694,0.694,1
2026-07-29 13:26:00+00:00,0.694,0.6941,0.694,0.6941,8
2026-07-29 13:27:00+00:00,0.6941,0.6941,0.6941,0.6941,2
2026-07-29 13:28:00+00:00,0.694,0.694,0.694,0.694,9
2026-07-29 13:30:00+00:00,0.694,0.694,0.694,0.694,8
2026-07-29 13:31:00+00:00,0.694,0.694,0.694,0.694,1
2026-07-29 13:32:00+00:00,0.694,0.694,0.694,0.694,2
2026-07-29 13:33:00+00:00,0.6939,0.694,0.6939,0.694,11
2026-07-29 13:36:00+00:00,0.694,0.694,0.694,0.694,1
2026-07-29 13:41:00+00:00,0.6939,0.6939,0.6938,0.6938,8
2026-07-29 13:42:00+00:00,0.6938,0.6938,0.6937,0.6938,6
2026-07-29 13:44:00+00:00,0.6938,0.6938,0.6938,0.6938,2
2026-07-29 13:46:00+00:00,0.6939,0.6939,0.6939,0.6939,4
2026-07-29 13:48:00+00:00,0.694,0.6941,0.694,0.6941,2
2026-07-29 13:49:00+00:00,0.6942,0.6942,0.6941,0.6942,9
2026-07-29 13:50:00+00:00,0.6941,0.6941,0.6941,0.6941,6
2026-07-29 13:51:00+00:00,0.6939,0.6941,0.6939,0.6941,66
2026-07-29 13:52:00+00:00,0.694,0.694,0.694,0.694,5
2026-07-29 13:54:00+00:00,0.6942,0.6943,0.6942,0.6943,15
2026-07-29 13:55:00+00:00,0.6942,0.6942,0.6942,0.6942,14
2026-07-29 13:56:00+00:00,0.6942,0.6942,0.6942,0.6942,8
2026-07-29 13:57:00+00:00,0.6941,0.6942,0.6941,0.6942,5
2026-07-29 14:00:00+00:00,0.6944,0.6944,0.6943,0.6944,20
2026-07-29 14:01:00+00:00,0.6944,0.6944,0.6943,0.6943,9
2026-07-29 14:02:00+00:00,0.6944,0.6944,0.6944,0.6944,1
2026-07-29 14:03:00+00:00,0.6945,0.6945,0.6945,0.6945,1
2026-07-29 14:04:00+00:00,0.6945,0.6945,0.6944,0.6945,10
2026-07-29 14:05:00+00:00,0.6945,0.6945,0.6944,0.6944,2
2026-07-29 14:06:00+00:00,0.6944,0.6944,0.6944,0.6944,3
2026-07-29 14:07:00+00:00,0.6943,0.6943,0.6943,0.6943,2
2026-07-29 14:08:00+00:00,0.6943,0.6943,0.6943,0.6943,1
2026-07-29 14:09:00+00:00,0.6942,0.6943,0.6942,0.6942,8
2026-07-29 14:10:00+00:00,0.6941,0.6941,0.6941,0.6941,11
2026-07-29 14:13:00+00:00,0.694,0.694,0.694,0.694,2
2026-07-29 14:14:00+00:00,0.694,0.694,0.6938,0.6938,6
2026-07-29 14:15:00+00:00,0.6939,0.6939,0.6939,0.6939,2
2026-07-29 14:16:00+00:00,0.6937,0.6938,0.6937,0.6938,2
2026-07-29 14:18:00+00:00,0.694,0.694,0.694,0.694,3
2026-07-29 14:19:00+00:00,0.6941,0.6941,0.6941,0.6941,3
2026-07-29 14:20:00+00:00,0.694,0.694,0.694,0.694,1
2026-07-29 14:21:00+00:00,0.694,0.694,0.694,0.694,1
2026-07-29 14:25:00+00:00,0.6941,0.6941,0.6941,0.6941,5
2026-07-29 14:26:00+00:00,0.6941,0.6941,0.694,0.694,10
2026-07-29 14:28:00+00:00,0.694,0.694,0.694,0.694,2
2026-07-29 14:39:00+00:00,0.6938,0.6938,0.6938,0.6938,2
2026-07-29 14:42:00+00:00,0.6938,0.6938,0.6937,0.6937,2
2026-07-29 14:43:00+00:00,0.6927,0.6927,0.6927,0.6927,1
2026-07-29 14:43:00+00:00,0.6934,0.6934,0.6933,0.6933,18
2026-07-29 14:44:00+00:00,0.6933,0.6933,0.6933,0.6933,1
2026-07-29 14:45:00+00:00,0.6933,0.6933,0.6933,0.6933,1
2026-07-29 14:47:00+00:00,0.6931,0.6931,0.693,0.693,2
2026-07-29 14:48:00+00:00,0.693,0.693,0.6929,0.6929,10
2026-07-29 14:49:00+00:00,0.693,0.693,0.693,0.693,1
2026-07-29 14:50:00+00:00,0.6929,0.6929,0.6928,0.6929,9
2026-07-29 14:51:00+00:00,0.6929,0.6929,0.6926,0.6927,19
2026-07-29 14:52:00+00:00,0.6917,0.6917,0.6917,0.6917,1
2026-07-29 14:52:00+00:00,0.6926,0.6926,0.6925,0.6926,27
2026-07-29 14:53:00+00:00,0.6926,0.6926,0.6926,0.6926,5
2026-07-29 14:53:00+00:00,0.6918,0.6918,0.6918,0.6918,1
2026-07-29 14:54:00+00:00,0.6925,0.6925,0.6924,0.6925,42
2026-07-29 14:55:00+00:00,0.6924,0.6924,0.6922,0.6922,19
2026-07-29 14:56:00+00:00,0.6922,0.6922,0.692,0.6921,43
2026-07-29 14:57:00+00:00,0.6922,0.6923,0.692,0.692,17
2026-07-29 14:58:00+00:00,0.6919,0.692,0.6919,0.6919,62
2026-07-29 14:59:00+00:00,0.692,0.692,0.6919,0.6919,57
2026-07-29 15:00:00+00:00,0.6919,0.6919,0.6918,0.6918,20
2026-07-29 15:01:00+00:00,0.6918,0.692,0.6918,0.692,80
2026-07-29 15:02:00+00:00,0.6922,0.6922,0.6922,0.6922,18
2026-07-29 15:03:00+00:00,0.6921,0.6922,0.6921,0.6922,7
2026-07-29 15:04:00+00:00,0.6922,0.6922,0.6922,0.6922,1
2026-07-29 15:05:00+00:00,0.6917,0.6917,0.6917,0.6917,1
2026-07-29 15:05:00+00:00,0.6923,0.6923,0.6922,0.6922,16
2026-07-29 15:06:00+00:00,0.6922,0.6922,0.6922,0.6922,6
2026-07-29 15:07:00+00:00,0.6923,0.6923,0.6923,0.6923,2
2026-07-29 15:08:00+00:00,0.6922,0.6922,0.6922,0.6922,8
2026-07-29 15:09:00+00:00,0.6925,0.6925,0.6925,0.6925,2
2026-07-29 15:12:00+00:00,0.6924,0.6924,0.6924,0.6924,3
2026-07-29 15:13:00+00:00,0.6924,0.6924,0.6924,0.6924,1
2026-07-29 15:17:00+00:00,0.6924,0.6924,0.6924,0.6924,1
2026-07-29 15:19:00+00:00,0.6923,0.6924,0.6921,0.6922,21
2026-07-29 15:20:00+00:00,0.692,0.6921,0.692,0.6921,3
2026-07-29 15:21:00+00:00,0.692,0.692,0.692,0.692,5
2026-07-29 15:26:00+00:00,0.6921,0.6921,0.692,0.692,4
2026-07-29 15:28:00+00:00,0.692,0.692,0.692,0.692,5
2026-07-29 15:29:00+00:00,0.6921,0.6921,0.6921,0.6921,1
2026-07-29 15:30:00+00:00,0.6914,0.6914,0.6914,0.6914,3
2026-07-29 15:32:00+00:00,0.6922,0.6922,0.6922,0.6922,2
2026-07-29 15:35:00+00:00,0.6923,0.6923,0.6923,0.6923,1
2026-07-29 15:47:00+00:00,0.6925,0.6925,0.6925,0.6925,1
2026-07-29 15:50:00+00:00,0.6924,0.6924,0.6924,0.6924,2
2026-07-29 15:51:00+00:00,0.6925,0.6925,0.6925,0.6925,2
2026-07-29 15:52:00+00:00,0.6925,0.6925,0.6925,0.6925,3
2026-07-29 15:54:00+00:00,0.6924,0.6924,0.6923,0.6923,2
2026-07-29 15:55:00+00:00,0.6923,0.6923,0.6923,0.6923,1
2026-07-29 15:57:00+00:00,0.6923,0.6923,0.6923,0.6923,1
2026-07-29 16:00:00+00:00,0.6923,0.6923,0.6923,0.6923,8
2026-07-29 16:01:00+00:00,0.6914,0.6914,0.6914,0.6914,1
2026-07-29 16:01:00+00:00,0.6923,0.6923,0.6923,0.6923,5
2026-07-29 16:03:00+00:00,0.6923,0.6923,0.6923,0.6923,5
2026-07-29 16:04:00+00:00,0.6923,0.6923,0.6922,0.6922,2
2026-07-29 16:05:00+00:00,0.692,0.692,0.692,0.692,1
2026-07-29 16:07:00+00:00,0.692,0.692,0.6919,0.6919,7
2026-07-29 16:08:00+00:00,0.6919,0.692,0.6919,0.692,2
2026-07-29 16:09:00+00:00,0.692,0.6921,0.692,0.6921,5
2026-07-29 16:12:00+00:00,0.691,0.691,0.691,0.691,3
2026-07-29 16:12:00+00:00,0.6918,0.6918,0.6918,0.6918,2
2026-07-29 16:13:00+00:00,0.6918,0.6918,0.6918,0.6918,3
2026-07-29 16:15:00+00:00,0.6917,0.6917,0.6917,0.6917,2
2026-07-29 16:15:00+00:00,0.6909,0.6909,0.6909,0.6909,1
2026-07-29 16:31:00+00:00,0.6922,0.6922,0.6922,0.6922,3
2026-07-29 16:32:00+00:00,0.6919,0.6919,0.6919,0.6919,2
2026-07-29 16:34:00+00:00,0.6919,0.6919,0.6919,0.6919,9
2026-07-29 16:37:00+00:00,0.6917,0.6917,0.6917,0.6917,1
2026-07-29 16:39:00+00:00,0.6919,0.6919,0.6919,0.6919,1
2026-07-29 16:42:00+00:00,0.6919,0.6919,0.6919,0.6919,6
2026-07-29 16:43:00+00:00,0.6919,0.6919,0.6919,0.6919,3
2026-07-29 16:46:00+00:00,0.6919,0.6919,0.6919,0.6919,1
2026-07-29 16:48:00+00:00,0.692,0.692,0.692,0.692,4
2026-07-29 16:49:00+00:00,0.692,0.692,0.692,0.692,1
2026-07-29 16:50:00+00:00,0.6921,0.6921,0.6921,0.6921,3
2026-07-29 16:56:00+00:00,0.6923,0.6923,0.6923,0.6923,3
2026-07-29 16:58:00+00:00,0.6923,0.6923,0.6923,0.6923,1
2026-07-29 16:59:00+00:00,0.6923,0.6923,0.6923,0.6923,1
2026-07-29 17:00:00+00:00,0.6922,0.6922,0.6922,0.6922,2
2026-07-29 17:02:00+00:00,0.6923,0.6924,0.6923,0.6924,12
2026-07-29 17:04:00+00:00,0.6924,0.6924,0.6924,0.6924,1
2026-07-29 17:05:00+00:00,0.6923,0.6923,0.6923,0.6923,9
2026-07-29 17:10:00+00:00,0.6925,0.6926,0.6925,0.6925,7
2026-07-29 17:13:00+00:00,0.6926,0.6926,0.6926,0.6926,2
2026-07-29 17:14:00+00:00,0.6927,0.6927,0.6927,0.6927,7
2026-07-29 17:15:00+00:00,0.6927,0.6927,0.6927,0.6927,1
2026-07-29 17:16:00+00:00,0.6926,0.6926,0.6925,0.6925,5
2026-07-29 17:17:00+00:00,0.6925,0.6925,0.6925,0.6925,2
2026-07-29 17:18:00+00:00,0.6927,0.6927,0.6927,0.6927,1
2026-07-29 17:19:00+00:00,0.6927,0.6927,0.6927,0.6927,4
2026-07-29 17:20:00+00:00,0.6927,0.6927,0.6927,0.6927,1
2026-07-29 17:21:00+00:00,0.6928,0.6928,0.6928,0.6928,2
2026-07-29 17:23:00+00:00,0.6928,0.6928,0.6928,0.6928,8
2026-07-29 17:31:00+00:00,0.6925,0.6925,0.6925,0.6925,9
2026-07-29 17:32:00+00:00,0.6926,0.6926,0.6926,0.6926,1
2026-07-29 17:34:00+00:00,0.6927,0.6927,0.6927,0.6927,1
2026-07-29 17:39:00+00:00,0.6926,0.6926,0.6926,0.6926,3
2026-07-29 17:40:00+00:00,0.6927,0.6927,0.6927,0.6927,6
2026-07-29 17:52:00+00:00,0.693,0.6931,0.693,0.693,9
2026-07-29 17:59:00+00:00,0.6929,0.693,0.6929,0.693,17
2026-07-29 18:00:00+00:00,0.6928,0.6957,0.6915,0.695,231
2026-07-29 18:01:00+00:00,0.6952,0.6954,0.6947,0.6954,57
2026-07-29 18:01:00+00:00,0.6943,0.6943,0.694,0.694,2
2026-07-29 18:02:00+00:00,0.6953,0.6954,0.6948,0.6948,47
2026-07-29 18:03:00+00:00,0.6948,0.6948,0.6946,0.6947,40
2026-07-29 18:04:00+00:00,0.6946,0.6948,0.6945,0.6945,17
2026-07-29 18:05:00+00:00,0.6945,0.6948,0.6945,0.6948,5
2026-07-29 18:06:00+00:00,0.6949,0.6949,0.6949,0.6949,10
2026-07-29 18:06:00+00:00,0.6938,0.6938,0.6938,0.6938,1
2026-07-29 18:07:00+00:00,0.6949,0.6949,0.6949,0.6949,4
2026-07-29 18:08:00+00:00,0.6947,0.6947,0.6947,0.6947,6
2026-07-29 18:09:00+00:00,0.6945,0.6945,0.6945,0.6945,1
2026-07-29 18:10:00+00:00,0.6945,0.6947,0.6945,0.6946,12
2026-07-29 18:10:00+00:00,0.6936,0.6936,0.6936,0.6936,1
2026-07-29 18:11:00+00:00,0.6946,0.6948,0.6946,0.6948,8
2026-07-29 18:12:00+00:00,0.695,0.695,0.6949,0.6949,4
2026-07-29 18:13:00+00:00,0.6949,0.695,0.6949,0.695,11
2026-07-29 18:14:00+00:00,0.6952,0.6953,0.695,0.695,33
2026-07-29 18:15:00+00:00,0.6953,0.6954,0.6953,0.6954,8
2026-07-29 18:18:00+00:00,0.6949,0.6949,0.6948,0.6949,10
2026-07-29 18:20:00+00:00,0.6947,0.6947,0.6945,0.6946,14
2026-07-29 18:21:00+00:00,0.6944,0.6945,0.6944,0.6945,10
2026-07-29 18:22:00+00:00,0.6945,0.6945,0.6945,0.6945,4
2026-07-29 18:23:00+00:00,0.6947,0.6947,0.6947,0.6947,4
2026-07-29 18:24:00+00:00,0.6945,0.6945,0.6945,0.6945,6
2026-07-29 18:25:00+00:00,0.6943,0.6943,0.6943,0.6943,3
2026-07-29 18:27:00+00:00,0.6945,0.6945,0.6945,0.6945,1
2026-07-29 18:29:00+00:00,0.6947,0.6947,0.6947,0.6947,1
2026-07-29 18:30:00+00:00,0.6948,0.6952,0.6948,0.6951,38
2026-07-29 18:31:00+00:00,0.6952,0.6952,0.6941,0.6945,158
2026-07-29 18:32:00+00:00,0.6941,0.6943,0.6935,0.6941,166
2026-07-29 18:33:00+00:00,0.694,0.6944,0.6938,0.6944,199
2026-07-29 18:34:00+00:00,0.6946,0.6946,0.6943,0.6944,18
2026-07-29 18:35:00+00:00,0.6945,0.6945,0.694,0.6943,83
2026-07-29 18:36:00+00:00,0.6941,0.6947,0.6941,0.6947,18
2026-07-29 18:37:00+00:00,0.6947,0.6947,0.6946,0.6947,51
2026-07-29 18:38:00+00:00,0.6949,0.6952,0.6949,0.6951,59
2026-07-29 18:39:00+00:00,0.6951,0.6954,0.6951,0.6954,33
2026-07-29 18:40:00+00:00,0.6954,0.6957,0.6954,0.6956,50
2026-07-29 18:41:00+00:00,0.6957,0.6959,0.6957,0.6959,72
2026-07-29 18:42:00+00:00,0.6955,0.6955,0.6955,0.6955,3
2026-07-29 18:43:00+00:00,0.696,0.6962,0.6958,0.6962,94
2026-07-29 18:44:00+00:00,0.6961,0.6966,0.6961,0.6966,52
2026-07-29 18:45:00+00:00,0.6965,0.6967,0.6965,0.6966,57
2026-07-29 18:46:00+00:00,0.6966,0.6967,0.6966,0.6967,75
2026-07-29 18:47:00+00:00,0.6968,0.6974,0.6967,0.6972,116
2026-07-29 18:47:00+00:00,0.6959,0.6959,0.6955,0.6958,6
2026-07-29 18:48:00+00:00,0.6972,0.6973,0.6971,0.6972,117
2026-07-29 18:49:00+00:00,0.6958,0.6967,0.6957,0.6967,26
2026-07-29 18:49:00+00:00,0.6971,0.6976,0.6971,0.6975,163
2026-07-29 18:50:00+00:00,0.6959,0.6959,0.6959,0.6959,3
2026-07-29 18:50:00+00:00,0.6971,0.6972,0.697,0.6971,76
2026-07-29 18:51:00+00:00,0.6958,0.6958,0.6958,0.6958,2
2026-07-29 18:51:00+00:00,0.6971,0.6972,0.6969,0.6972,24
2026-07-29 18:52:00+00:00,0.6974,0.6974,0.6973,0.6973,10
2026-07-29 18:53:00+00:00,0.6974,0.6976,0.6974,0.6976,5
2026-07-29 18:54:00+00:00,0.6976,0.6976,0.6975,0.6976,6
2026-07-29 18:55:00+00:00,0.6976,0.6976,0.6973,0.6973,15
2026-07-29 18:56:00+00:00,0.6964,0.6964,0.6964,0.6964,1
2026-07-29 18:56:00+00:00,0.6973,0.6973,0.6973,0.6973,1
2026-07-29 18:57:00+00:00,0.6974,0.6975,0.6973,0.6973,17
2026-07-29 18:58:00+00:00,0.6976,0.6976,0.6976,0.6976,12
2026-07-29 18:59:00+00:00,0.6976,0.6978,0.6976,0.6978,25
2026-07-29 19:00:00+00:00,0.6979,0.6979,0.6979,0.6979,14
2026-07-29 19:01:00+00:00,0.6978,0.6982,0.6978,0.6982,23
2026-07-29 19:02:00+00:00,0.6983,0.6983,0.6979,0.698,22
2026-07-29 19:03:00+00:00,0.6981,0.6981,0.698,0.698,21
2026-07-29 19:04:00+00:00,0.6979,0.6979,0.6975,0.6975,19
2026-07-29 19:05:00+00:00,0.6975,0.6976,0.6975,0.6975,5
2026-07-29 19:06:00+00:00,0.6975,0.6975,0.6973,0.6974,9
2026-07-29 19:07:00+00:00,0.6973,0.6973,0.6973,0.6973,1
2026-07-29 19:08:00+00:00,0.6972,0.6972,0.697,0.697,12
2026-07-29 19:09:00+00:00,0.6968,0.6968,0.6968,0.6968,1
2026-07-29 19:10:00+00:00,0.6968,0.6968,0.6966,0.6966,9
2026-07-29 19:11:00+00:00,0.6967,0.6972,0.6967,0.6972,43
2026-07-29 19:12:00+00:00,0.6973,0.6973,0.6973,0.6973,9
2026-07-29 19:13:00+00:00,0.6974,0.6975,0.6974,0.6975,13
2026-07-29 19:14:00+00:00,0.6975,0.6976,0.6975,0.6976,5
2026-07-29 19:15:00+00:00,0.6976,0.698,0.6976,0.698,4
2026-07-29 19:16:00+00:00,0.6982,0.6982,0.6979,0.6979,5
2026-07-29 19:17:00+00:00,0.6981,0.6982,0.6981,0.6982,20
2026-07-29 19:18:00+00:00,0.6982,0.6982,0.6981,0.6981,6
2026-07-29 19:21:00+00:00,0.6973,0.6973,0.6971,0.6973,33
2026-07-29 19:22:00+00:00,0.697,0.697,0.6969,0.697,13
2026-07-29 19:23:00+00:00,0.6969,0.6969,0.6967,0.6967,10
2026-07-29 19:24:00+00:00,0.6968,0.6969,0.6968,0.6968,22
2026-07-29 19:25:00+00:00,0.6968,0.6968,0.6968,0.6968,4
2026-07-29 19:26:00+00:00,0.6965,0.6965,0.6964,0.6964,57
2026-07-29 19:27:00+00:00,0.6963,0.6963,0.6955,0.6961,273
2026-07-29 19:28:00+00:00,0.6962,0.6962,0.6962,0.6962,3
2026-07-29 19:29:00+00:00,0.6962,0.6963,0.6962,0.6962,66
2026-07-29 19:30:00+00:00,0.6961,0.6962,0.6961,0.6962,8
2026-07-29 19:31:00+00:00,0.6961,0.6961,0.6961,0.6961,1
2026-07-29 19:32:00+00:00,0.6961,0.6961,0.6957,0.6957,9
2026-07-29 19:33:00+00:00,0.6957,0.6957,0.6954,0.6954,5
2026-07-29 19:34:00+00:00,0.695,0.6953,0.6949,0.6953,44
2026-07-29 19:35:00+00:00,0.6952,0.6953,0.6952,0.6953,12
2026-07-29 19:36:00+00:00,0.6953,0.6959,0.6953,0.6959,8
2026-07-29 19:37:00+00:00,0.6959,0.6959,0.6956,0.6956,8
2026-07-29 19:38:00+00:00,0.6958,0.6958,0.6953,0.6953,75
2026-07-29 19:39:00+00:00,0.6953,0.6955,0.6953,0.6954,45
2026-07-29 19:40:00+00:00,0.6952,0.6952,0.6949,0.6951,11
2026-07-29 19:41:00+00:00,0.6952,0.6953,0.6951,0.6951,24
2026-07-29 19:43:00+00:00,0.6953,0.6953,0.6951,0.6951,6
2026-07-29 19:44:00+00:00,0.6951,0.6951,0.6951,0.6951,3
2026-07-29 19:45:00+00:00,0.695,0.695,0.695,0.695,3
2026-07-29 19:46:00+00:00,0.695,0.6951,0.6949,0.6949,11
2026-07-29 19:47:00+00:00,0.6949,0.6949,0.6946,0.6946,18
2026-07-29 19:48:00+00:00,0.6948,0.6948,0.6948,0.6948,5
2026-07-29 19:49:00+00:00,0.6948,0.6948,0.6948,0.6948,3
2026-07-29 19:50:00+00:00,0.6949,0.6949,0.6946,0.6946,68
2026-07-29 19:51:00+00:00,0.6945,0.6945,0.6943,0.6945,69
2026-07-29 19:52:00+00:00,0.6946,0.6946,0.6946,0.6946,5
2026-07-29 19:53:00+00:00,0.6945,0.6945,0.6944,0.6944,20
2026-07-29 19:54:00+00:00,0.6944,0.6944,0.6944,0.6944,4
2026-07-29 19:55:00+00:00,0.6942,0.6942,0.6942,0.6942,2
2026-07-29 19:56:00+00:00,0.6942,0.6942,0.6942,0.6942,22
2026-07-29 19:57:00+00:00,0.6943,0.6943,0.6942,0.6942,4
2026-07-29 19:58:00+00:00,0.6942,0.6942,0.6942,0.6942,15
2026-07-29 19:59:00+00:00,0.6941,0.6942,0.6941,0.6942,8
2026-07-29 20:00:00+00:00,0.6942,0.6942,0.694,0.6941,9
2026-07-29 20:01:00+00:00,0.6942,0.6945,0.6942,0.6944,50
2026-07-29 20:02:00+00:00,0.6944,0.6944,0.6943,0.6943,5
2026-07-29 20:03:00+00:00,0.6944,0.6944,0.6942,0.6942,5
2026-07-29 20:04:00+00:00,0.6943,0.6943,0.6941,0.6941,14
2026-07-29 20:05:00+00:00,0.6944,0.6944,0.6943,0.6944,13
2026-07-29 20:07:00+00:00,0.6945,0.6945,0.6944,0.6944,6
2026-07-29 20:08:00+00:00,0.6943,0.6943,0.6943,0.6943,2
2026-07-29 20:09:00+00:00,0.6943,0.6943,0.6942,0.6942,5
2026-07-29 20:10:00+00:00,0.6941,0.6941,0.694,0.694,23
2026-07-29 20:11:00+00:00,0.6939,0.6941,0.6939,0.6941,12
2026-07-29 20:12:00+00:00,0.6941,0.6941,0.6941,0.6941,7
2026-07-29 20:13:00+00:00,0.6945,0.6947,0.6945,0.6945,21
2026-07-29 20:14:00+00:00,0.6944,0.6944,0.6943,0.6943,14
2026-07-29 20:15:00+00:00,0.6941,0.6941,0.694,0.694,8
2026-07-29 20:16:00+00:00,0.693,0.693,0.693,0.693,1
2026-07-29 20:16:00+00:00,0.6942,0.6942,0.6939,0.6939,4
2026-07-29 20:21:00+00:00,0.6942,0.6942,0.6942,0.6942,14
2026-07-29 20:22:00+00:00,0.6942,0.6942,0.6942,0.6942,1
2026-07-29 20:24:00+00:00,0.6942,0.6942,0.6941,0.6941,5
2026-07-29 20:26:00+00:00,0.694,0.694,0.694,0.694,3
2026-07-29 20:27:00+00:00,0.6939,0.6939,0.6939,0.6939,1
2026-07-29 20:28:00+00:00,0.694,0.694,0.694,0.694,1
2026-07-29 20:29:00+00:00,0.6941,0.6941,0.6941,0.6941,1
2026-07-29 20:31:00+00:00,0.694,0.694,0.694,0.694,3
2026-07-29 20:32:00+00:00,0.6943,0.6943,0.6943,0.6943,1
2026-07-29 20:35:00+00:00,0.6944,0.6945,0.6944,0.6945,21
2026-07-29 20:37:00+00:00,0.6944,0.6944,0.6944,0.6944,4
2026-07-29 20:39:00+00:00,0.6945,0.6945,0.6945,0.6945,1
2026-07-29 20:41:00+00:00,0.6945,0.6945,0.6945,0.6945,3
2026-07-29 20:42:00+00:00,0.6944,0.6944,0.6944,0.6944,5
2026-07-29 20:46:00+00:00,0.6946,0.6947,0.6946,0.6947,31
2026-07-29 20:47:00+00:00,0.6948,0.6948,0.6947,0.6947,4
2026-07-29 20:48:00+00:00,0.6947,0.6947,0.6947,0.6947,9
2026-07-29 20:49:00+00:00,0.6947,0.6949,0.6947,0.6947,12
2026-07-29 20:50:00+00:00,0.6946,0.6946,0.6946,0.6946,13
2026-07-29 20:51:00+00:00,0.6946,0.6946,0.6946,0.6946,3
2026-07-29 20:54:00+00:00,0.6947,0.6947,0.6947,0.6947,3
2026-07-29 20:55:00+00:00,0.6948,0.6948,0.6947,0.6947,4
2026-07-29 20:56:00+00:00,0.6948,0.6948,0.6948,0.6948,11
2026-07-29 20:58:00+00:00,0.6948,0.6948,0.6948,0.6948,10
2026-07-29 20:59:00+00:00,0.6949,0.6949,0.6948,0.6948,4
2026-07-29 22:00:00+00:00,0.6947,0.6948,0.6945,0.6948,52
2026-07-29 22:01:00+00:00,0.6948,0.6948,0.6948,0.6948,4
2026-07-29 22:02:00+00:00,0.695,0.695,0.695,0.695,3
2026-07-29 22:03:00+00:00,0.695,0.695,0.695,0.695,7
2026-07-29 22:05:00+00:00,0.695,0.695,0.695,0.695,6
2026-07-29 22:06:00+00:00,0.6951,0.6951,0.6951,0.6951,12
2026-07-29 22:08:00+00:00,0.6952,0.6952,0.6952,0.6952,1
2026-07-29 22:09:00+00:00,0.6952,0.6953,0.6952,0.6952,9
2026-07-29 22:10:00+00:00,0.6953,0.6953,0.6951,0.6953,18
2026-07-29 22:11:00+00:00,0.6952,0.6952,0.6952,0.6952,3
2026-07-29 22:13:00+00:00,0.6951,0.6951,0.6951,0.6951,1
2026-07-29 22:15:00+00:00,0.6951,0.6951,0.6951,0.6951,1
2026-07-29 22:16:00+00:00,0.6951,0.6952,0.6951,0.6952,3
2026-07-29 22:17:00+00:00,0.6952,0.6952,0.6952,0.6952,5
2026-07-29 22:18:00+00:00,0.6952,0.6952,0.6952,0.6952,1
2026-07-29 22:20:00+00:00,0.6952,0.6952,0.6952,0.6952,10
2026-07-29 22:21:00+00:00,0.6941,0.6941,0.6941,0.6941,1
2026-07-29 22:23:00+00:00,0.6941,0.6941,0.6941,0.6941,3
2026-07-29 22:24:00+00:00,0.6952,0.6952,0.6952,0.6952,1
2026-07-29 22:25:00+00:00,0.6951,0.6951,0.6951,0.6951,2
2026-07-29 22:25:00+00:00,0.6942,0.6942,0.6942,0.6942,1
2026-07-29 22:26:00+00:00,0.695,0.695,0.695,0.695,1
2026-07-29 22:28:00+00:00,0.694,0.694,0.694,0.694,1
2026-07-29 22:28:00+00:00,0.695,0.695,0.695,0.695,1
2026-07-29 22:30:00+00:00,0.6951,0.6951,0.6951,0.6951,3
2026-07-29 22:32:00+00:00,0.6952,0.6952,0.6952,0.6952,7
2026-07-29 22:33:00+00:00,0.6952,0.6952,0.6952,0.6952,9
2026-07-29 22:36:00+00:00,0.6952,0.6952,0.6952,0.6952,2
2026-07-29 22:37:00+00:00,0.6952,0.6952,0.6952,0.6952,3
2026-07-29 22:39:00+00:00,0.6952,0.6952,0.6952,0.6952,1
2026-07-29 22:44:00+00:00,0.6952,0.6952,0.6952,0.6952,4
2026-07-29 22:52:00+00:00,0.6952,0.6952,0.6952,0.6952,5
2026-07-29 22:54:00+00:00,0.6943,0.6943,0.6943,0.6943,1
2026-07-29 22:55:00+00:00,0.6952,0.6952,0.6952,0.6952,6
2026-07-29 22:56:00+00:00,0.6953,0.6953,0.6952,0.6952,18
2026-07-29 22:58:00+00:00,0.6952,0.6952,0.6952,0.6952,8
2026-07-29 22:59:00+00:00,0.6953,0.6953,0.6953,0.6953,1
2026-07-29 23:00:00+00:00,0.6953,0.6954,0.6953,0.6954,15
2026-07-29 23:01:00+00:00,0.6954,0.6954,0.6954,0.6954,2
2026-07-29 23:02:00+00:00,0.6954,0.6954,0.6954,0.6954,7
2026-07-29 23:03:00+00:00,0.6955,0.6955,0.6955,0.6955,1
2026-07-29 23:04:00+00:00,0.6955,0.6955,0.6955,0.6955,1
2026-07-29 23:07:00+00:00,0.6955,0.6955,0.6955,0.6955,4
2026-07-29 23:08:00+00:00,0.6955,0.6957,0.6955,0.6957,9
2026-07-29 23:09:00+00:00,0.6959,0.6959,0.6958,0.6958,8
2026-07-29 23:10:00+00:00,0.6957,0.6958,0.6957,0.6957,4
2026-07-29 23:11:00+00:00,0.6957,0.6957,0.6955,0.6956,32
2026-07-29 23:12:00+00:00,0.6955,0.6955,0.6955,0.6955,5
2026-07-29 23:13:00+00:00,0.6955,0.6955,0.6955,0.6955,1
2026-07-29 23:14:00+00:00,0.6954,0.6954,0.6953,0.6954,11
2026-07-29 23:18:00+00:00,0.6954,0.6954,0.6954,0.6954,14
2026-07-29 23:22:00+00:00,0.6953,0.6953,0.6953,0.6953,6
2026-07-29 23:27:00+00:00,0.6952,0.6952,0.6952,0.6952,1
2026-07-29 23:29:00+00:00,0.6952,0.6952,0.6952,0.6952,1
2026-07-29 23:30:00+00:00,0.6952,0.6952,0.6952,0.6952,3
2026-07-29 23:31:00+00:00,0.6952,0.6952,0.6952,0.6952,1
2026-07-29 23:32:00+00:00,0.6953,0.6953,0.6953,0.6953,1
2026-07-29 23:33:00+00:00,0.6954,0.6954,0.6954,0.6954,1
2026-07-29 23:42:00+00:00,0.6952,0.6952,0.6952,0.6952,1
2026-07-29 23:45:00+00:00,0.6943,0.6943,0.6943,0.6943,1
2026-07-29 23:46:00+00:00,0.6954,0.6954,0.6954,0.6954,19
2026-07-29 23:47:00+00:00,0.6955,0.6956,0.6955,0.6956,7
2026-07-29 23:49:00+00:00,0.6955,0.6955,0.6954,0.6954,2
2026-07-29 23:52:00+00:00,0.6955,0.6955,0.6955,0.6955,1
2026-07-29 23:54:00+00:00,0.6954,0.6954,0.6954,0.6954,5
2026-07-30 00:00:00+00:00,0.6954,0.6955,0.6954,0.6955,38
2026-07-30 00:01:00+00:00,0.6954,0.6954,0.6954,0.6954,4
2026-07-30 00:03:00+00:00,0.6952,0.6953,0.6952,0.6953,26
2026-07-30 00:04:00+00:00,0.6953,0.6953,0.6953,0.6953,7
2026-07-30 00:05:00+00:00,0.6953,0.6953,0.6953,0.6953,23
2026-07-30 00:07:00+00:00,0.6956,0.6956,0.6956,0.6956,2
2026-07-30 00:08:00+00:00,0.6957,0.6957,0.6957,0.6957,1
2026-07-30 00:09:00+00:00,0.6958,0.6958,0.6958,0.6958,5
2026-07-30 00:10:00+00:00,0.6958,0.6958,0.6957,0.6957,5
2026-07-30 00:12:00+00:00,0.6959,0.6959,0.6959,0.6959,2
2026-07-30 00:13:00+00:00,0.696,0.696,0.696,0.696,8
2026-07-30 00:14:00+00:00,0.696,0.696,0.6959,0.6959,7
2026-07-30 00:15:00+00:00,0.6957,0.6957,0.6957,0.6957,2
2026-07-30 00:16:00+00:00,0.6957,0.6957,0.6957,0.6957,2
2026-07-30 00:17:00+00:00,0.6956,0.6956,0.6956,0.6956,3
2026-07-30 00:18:00+00:00,0.6956,0.6956,0.6954,0.6954,9
2026-07-30 00:19:00+00:00,0.6954,0.6954,0.6953,0.6953,4
2026-07-30 00:20:00+00:00,0.6952,0.6952,0.6952,0.6952,5
2026-07-30 00:21:00+00:00,0.6952,0.6953,0.6952,0.6953,3
2026-07-30 00:22:00+00:00,0.6955,0.6955,0.6955,0.6955,3
2026-07-30 00:27:00+00:00,0.6953,0.6953,0.6952,0.6952,4
2026-07-30 00:28:00+00:00,0.6951,0.6952,0.6951,0.6952,15
2026-07-30 00:29:00+00:00,0.6952,0.6952,0.6952,0.6952,9
2026-07-30 00:30:00+00:00,0.6952,0.6952,0.6952,0.6952,3
2026-07-30 00:31:00+00:00,0.6951,0.6951,0.6951,0.6951,1
2026-07-30 00:32:00+00:00,0.695,0.695,0.695,0.695,26
2026-07-30 00:32:00+00:00,0.694,0.694,0.694,0.694,3
2026-07-30 00:33:00+00:00,0.695,0.6951,0.695,0.6951,19
2026-07-30 00:34:00+00:00,0.6951,0.6951,0.6951,0.6951,3
2026-07-30 00:35:00+00:00,0.6949,0.6949,0.6949,0.6949,1
2026-07-30 00:36:00+00:00,0.6949,0.6949,0.6948,0.6948,4
2026-07-30 00:37:00+00:00,0.6948,0.6948,0.6948,0.6948,8
2026-07-30 00:39:00+00:00,0.6947,0.6947,0.6947,0.6947,6
2026-07-30 00:40:00+00:00,0.6946,0.6946,0.6946,0.6946,1
2026-07-30 00:43:00+00:00,0.6946,0.6946,0.6946,0.6946,5
2026-07-30 00:44:00+00:00,0.6945,0.6945,0.6945,0.6945,6
2026-07-30 00:45:00+00:00,0.6947,0.6947,0.6947,0.6947,1
2026-07-30 00:46:00+00:00,0.6945,0.6945,0.6945,0.6945,6
2026-07-30 00:47:00+00:00,0.6946,0.6947,0.6946,0.6947,12
2026-07-30 00:49:00+00:00,0.6949,0.6949,0.6949,0.6949,1
2026-07-30 00:52:00+00:00,0.6949,0.6949,0.6949,0.6949,1
2026-07-30 00:54:00+00:00,0.6951,0.6951,0.6951,0.6951,3
2026-07-30 00:55:00+00:00,0.6951,0.6951,0.6951,0.6951,1
2026-07-30 00:56:00+00:00,0.695,0.695,0.695,0.695,11
2026-07-30 01:01:00+00:00,0.6951,0.6951,0.6951,0.6951,1
2026-07-30 01:03:00+00:00,0.6952,0.6952,0.6952,0.6952,2
2026-07-30 01:04:00+00:00,0.6953,0.6953,0.6953,0.6953,3
2026-07-30 01:06:00+00:00,0.6955,0.6955,0.6955,0.6955,1
2026-07-30 01:07:00+00:00,0.6955,0.6955,0.6955,0.6955,1
2026-07-30 01:09:00+00:00,0.6955,0.6955,0.6955,0.6955,1
2026-07-30 01:14:00+00:00,0.6953,0.6953,0.6953,0.6953,19
2026-07-30 01:15:00+00:00,0.6952,0.6952,0.6951,0.6951,10
2026-07-30 01:16:00+00:00,0.6952,0.6952,0.6952,0.6952,1
2026-07-30 01:19:00+00:00,0.6952,0.6952,0.6952,0.6952,1
2026-07-30 01:21:00+00:00,0.6952,0.6952,0.6952,0.6952,1
2026-07-30 01:23:00+00:00,0.6951,0.6951,0.6951,0.6951,1
2026-07-30 01:24:00+00:00,0.6952,0.6952,0.6952,0.6952,5
2026-07-30 01:26:00+00:00,0.6953,0.6953,0.6953,0.6953,6
2026-07-30 01:27:00+00:00,0.6952,0.6952,0.6952,0.6952,1
2026-07-30 01:29:00+00:00,0.6952,0.6952,0.6952,0.6952,1
2026-07-30 01:30:00+00:00,0.6954,0.6954,0.6954,0.6954,2
2026-07-30 01:32:00+00:00,0.6956,0.6956,0.6956,0.6956,3
2026-07-30 01:33:00+00:00,0.6956,0.6956,0.6956,0.6956,1
2026-07-30 01:35:00+00:00,0.6955,0.6955,0.6955,0.6955,2
2026-07-30 01:37:00+00:00,0.6956,0.6956,0.6956,0.6956,1
2026-07-30 01:38:00+00:00,0.6955,0.6955,0.6955,0.6955,6
2026-07-30 01:39:00+00:00,0.6956,0.6956,0.6956,0.6956,1
2026-07-30 01:40:00+00:00,0.6956,0.6959,0.6956,0.6959,12
2026-07-30 01:47:00+00:00,0.6957,0.6957,0.6957,0.6957,2
2026-07-30 01:48:00+00:00,0.6957,0.6957,0.6957,0.6957,3
2026-07-30 01:49:00+00:00,0.6957,0.6957,0.6957,0.6957,1
2026-07-30 01:51:00+00:00,0.6957,0.6957,0.6957,0.6957,1
2026-07-30 01:53:00+00:00,0.6955,0.6955,0.6954,0.6954,3
2026-07-30 01:56:00+00:00,0.6954,0.6954,0.6954,0.6954,1
2026-07-30 01:59:00+00:00,0.6953,0.6953,0.6952,0.6952,8
2026-07-30 02:00:00+00:00,0.6954,0.6954,0.6954,0.6954,4
2026-07-30 02:01:00+00:00,0.6955,0.6955,0.6955,0.6955,1
2026-07-30 02:02:00+00:00,0.6956,0.6956,0.6956,0.6956,1
2026-07-30 02:06:00+00:00,0.6956,0.6956,0.6956,0.6956,1
2026-07-30 02:07:00+00:00,0.6957,0.6957,0.6955,0.6955,4
2026-07-30 02:18:00+00:00,0.6955,0.6955,0.6955,0.6955,1
2026-07-30 02:19:00+00:00,0.6955,0.6955,0.6955,0.6955,5
2026-07-30 02:25:00+00:00,0.6957,0.6957,0.6957,0.6957,1
2026-07-30 02:26:00+00:00,0.6956,0.6956,0.6956,0.6956,1
2026-07-30 02:29:00+00:00,0.6956,0.6956,0.6956,0.6956,3
2026-07-30 02:30:00+00:00,0.6955,0.6955,0.6954,0.6954,51
2026-07-30 02:31:00+00:00,0.6955,0.6956,0.6955,0.6956,57
2026-07-30 02:33:00+00:00,0.6954,0.6954,0.6954,0.6954,1
2026-07-30 02:35:00+00:00,0.6955,0.6955,0.6955,0.6955,5
2026-07-30 02:38:00+00:00,0.6955,0.6955,0.6955,0.6955,1
2026-07-30 02:39:00+00:00,0.6954,0.6954,0.6954,0.6954,10
2026-07-30 02:44:00+00:00,0.6952,0.6952,0.6951,0.6951,2
2026-07-30 02:55:00+00:00,0.6954,0.6954,0.6954,0.6954,2
2026-07-30 02:57:00+00:00,0.6951,0.6951,0.6951,0.6951,5
2026-07-30 02:58:00+00:00,0.695,0.695,0.695,0.695,3
2026-07-30 02:58:00+00:00,0.694,0.694,0.694,0.694,3
2026-07-30 02:59:00+00:00,0.6949,0.6949,0.6949,0.6949,3
2026-07-30 03:00:00+00:00,0.695,0.695,0.695,0.695,2
2026-07-30 03:03:00+00:00,0.6951,0.6951,0.6951,0.6951,1
2026-07-30 03:11:00+00:00,0.6948,0.6948,0.6948,0.6948,3
2026-07-30 03:13:00+00:00,0.6947,0.6947,0.6947,0.6947,4
2026-07-30 03:18:00+00:00,0.6947,0.6947,0.6947,0.6947,7
2026-07-30 03:19:00+00:00,0.6946,0.6946,0.6946,0.6946,4
2026-07-30 03:21:00+00:00,0.6945,0.6945,0.6945,0.6945,7
2026-07-30 03:22:00+00:00,0.6945,0.6945,0.6945,0.6945,2
2026-07-30 03:25:00+00:00,0.6946,0.6946,0.6946,0.6946,1
2026-07-30 03:27:00+00:00,0.6947,0.6947,0.6947,0.6947,2
2026-07-30 03:28:00+00:00,0.6947,0.6947,0.6947,0.6947,1
2026-07-30 03:30:00+00:00,0.6946,0.6946,0.6946,0.6946,11
2026-07-30 03:34:00+00:00,0.6948,0.695,0.6948,0.695,6
2026-07-30 03:37:00+00:00,0.6947,0.6947,0.6947,0.6947,8
2026-07-30 03:39:00+00:00,0.6948,0.6948,0.6947,0.6947,6
2026-07-30 03:42:00+00:00,0.6948,0.6948,0.6948,0.6948,3
2026-07-30 03:44:00+00:00,0.6949,0.6949,0.6948,0.6948,2
2026-07-30 03:45:00+00:00,0.6948,0.6948,0.6948,0.6948,33
2026-07-30 03:48:00+00:00,0.6948,0.6948,0.6948,0.6948,6
2026-07-30 03:49:00+00:00,0.6948,0.6948,0.6948,0.6948,9
2026-07-30 03:52:00+00:00,0.6948,0.6948,0.6948,0.6948,1
2026-07-30 04:00:00+00:00,0.6945,0.6945,0.6945,0.6945,1
2026-07-30 04:02:00+00:00,0.6947,0.6947,0.6947,0.6947,8
2026-07-30 04:03:00+00:00,0.6947,0.6947,0.6947,0.6947,3
2026-07-30 04:08:00+00:00,0.6947,0.6947,0.6947,0.6947,1
2026-07-30 04:11:00+00:00,0.6946,0.6946,0.6946,0.6946,5
2026-07-30 04:13:00+00:00,0.6947,0.6947,0.6947,0.6947,1
2026-07-30 04:16:00+00:00,0.6947,0.6947,0.6947,0.6947,4
2026-07-30 04:22:00+00:00,0.6947,0.6947,0.6947,0.6947,3
2026-07-30 04:27:00+00:00,0.6947,0.6947,0.6947,0.6947,5
2026-07-30 04:30:00+00:00,0.6948,0.6948,0.6948,0.6948,3
2026-07-30 04:34:00+00:00,0.6948,0.6948,0.6948,0.6948,5
2026-07-30 04:35:00+00:00,0.6947,0.6947,0.6947,0.6947,7
2026-07-30 04:41:00+00:00,0.6947,0.6947,0.6947,0.6947,4
2026-07-30 04:46:00+00:00,0.6946,0.6947,0.6946,0.6947,8
2026-07-30 04:47:00+00:00,0.6947,0.6947,0.6947,0.6947,1
2026-07-30 04:48:00+00:00,0.6947,0.6947,0.6947,0.6947,2
2026-07-30 04:49:00+00:00,0.6945,0.6945,0.6945,0.6945,2
2026-07-30 04:50:00+00:00,0.6945,0.6945,0.6945,0.6945,9
2026-07-30 04:51:00+00:00,0.6944,0.6945,0.6944,0.6945,23
2026-07-30 04:56:00+00:00,0.6945,0.6945,0.6944,0.6944,4
2026-07-30 04:57:00+00:00,0.6944,0.6944,0.6944,0.6944,3
2026-07-30 04:58:00+00:00,0.6944,0.6944,0.6944,0.6944,4
2026-07-30 05:00:00+00:00,0.6944,0.6944,0.6944,0.6944,1
2026-07-30 05:01:00+00:00,0.6945,0.6945,0.6945,0.6945,1
2026-07-30 05:01:00+00:00,0.6935,0.6935,0.6935,0.6935,1
2026-07-30 05:02:00+00:00,0.6945,0.6945,0.6943,0.6943,19
2026-07-30 05:03:00+00:00,0.6942,0.6942,0.6942,0.6942,9
2026-07-30 05:04:00+00:00,0.6944,0.6944,0.6943,0.6943,6
2026-07-30 05:06:00+00:00,0.6945,0.6945,0.6945,0.6945,1
2026-07-30 05:12:00+00:00,0.6946,0.6946,0.6946,0.6946,3
2026-07-30 05:16:00+00:00,0.6948,0.6948,0.6948,0.6948,1
2026-07-30 05:17:00+00:00,0.6948,0.6948,0.6948,0.6948,2
2026-07-30 05:18:00+00:00,0.6947,0.6947,0.6947,0.6947,6
2026-07-30 05:20:00+00:00,0.6949,0.6949,0.6949,0.6949,1
2026-07-30 05:28:00+00:00,0.6948,0.6948,0.6948,0.6948,4
2026-07-30 05:31:00+00:00,0.6949,0.6949,0.6948,0.6948,8
2026-07-30 05:32:00+00:00,0.6949,0.6949,0.6949,0.6949,3
2026-07-30 05:33:00+00:00,0.6949,0.6949,0.6949,0.6949,3
2026-07-30 05:38:00+00:00,0.6947,0.6947,0.6947,0.6947,1
2026-07-30 05:40:00+00:00,0.6948,0.6948,0.6948,0.6948,8
2026-07-30 05:42:00+00:00,0.6948,0.6948,0.6948,0.6948,17
2026-07-30 05:44:00+00:00,0.6948,0.6948,0.6948,0.6948,1
2026-07-30 05:45:00+00:00,0.6948,0.6948,0.6948,0.6948,1
2026-07-30 05:46:00+00:00,0.6949,0.6951,0.6949,0.695,26
2026-07-30 05:51:00+00:00,0.6946,0.6946,0.6946,0.6946,1
2026-07-30 05:54:00+00:00,0.6946,0.6946,0.6946,0.6946,1
2026-07-30 05:55:00+00:00,0.6936,0.6936,0.6936,0.6936,1
2026-07-30 05:55:00+00:00,0.6944,0.6944,0.6944,0.6944,1
2026-07-30 05:56:00+00:00,0.6944,0.6945,0.6944,0.6945,6
2026-07-30 05:57:00+00:00,0.6945,0.6945,0.6945,0.6945,5
2026-07-30 06:02:00+00:00,0.6945,0.6945,0.6945,0.6945,6
2026-07-30 06:06:00+00:00,0.6945,0.6945,0.6945,0.6945,2
2026-07-30 06:09:00+00:00,0.6943,0.6943,0.6943,0.6943,2
2026-07-30 06:10:00+00:00,0.6943,0.6944,0.6943,0.6944,9
2026-07-30 06:11:00+00:00,0.6944,0.6944,0.6944,0.6944,1
2026-07-30 06:12:00+00:00,0.6942,0.6942,0.6942,0.6942,1
2026-07-30 06:13:00+00:00,0.6942,0.6942,0.6941,0.6941,17
2026-07-30 06:14:00+00:00,0.6941,0.6941,0.694,0.6941,5
2026-07-30 06:15:00+00:00,0.6942,0.6942,0.6942,0.6942,2
2026-07-30 06:16:00+00:00,0.6941,0.6941,0.6941,0.6941,2
2026-07-30 06:17:00+00:00,0.6941,0.6942,0.6941,0.6942,3
2026-07-30 06:19:00+00:00,0.6942,0.6942,0.6942,0.6942,5
2026-07-30 06:21:00+00:00,0.6943,0.6943,0.6943,0.6943,1
2026-07-30 06:24:00+00:00,0.6944,0.6944,0.6944,0.6944,1
2026-07-30 06:25:00+00:00,0.6945,0.6946,0.6945,0.6946,6
2026-07-30 06:26:00+00:00,0.6946,0.6946,0.6945,0.6945,16
2026-07-30 06:30:00+00:00,0.6944,0.6944,0.6944,0.6944,1
2026-07-30 06:32:00+00:00,0.6945,0.6945,0.6945,0.6945,5
2026-07-30 06:39:00+00:00,0.6947,0.6947,0.6947,0.6947,5
2026-07-30 06:40:00+00:00,0.6946,0.6946,0.6946,0.6946,5
2026-07-30 06:41:00+00:00,0.6934,0.6934,0.6934,0.6934,1
2026-07-30 06:41:00+00:00,0.6945,0.6945,0.6945,0.6945,1
2026-07-30 06:42:00+00:00,0.6945,0.6945,0.6945,0.6945,1
2026-07-30 06:44:00+00:00,0.6946,0.6946,0.6946,0.6946,1
2026-07-30 06:47:00+00:00,0.6947,0.6947,0.6947,0.6947,1
2026-07-30 06:50:00+00:00,0.6948,0.6948,0.6948,0.6948,1
2026-07-30 06:51:00+00:00,0.6949,0.6949,0.6949,0.6949,12
2026-07-30 06:52:00+00:00,0.695,0.6951,0.695,0.6951,9
2026-07-30 06:54:00+00:00,0.695,0.695,0.695,0.695,4
2026-07-30 06:56:00+00:00,0.6949,0.6949,0.6949,0.6949,1
2026-07-30 06:58:00+00:00,0.6948,0.6948,0.6948,0.6948,1
2026-07-30 06:59:00+00:00,0.6948,0.6948,0.6948,0.6948,1
2026-07-30 07:00:00+00:00,0.695,0.695,0.695,0.695,1
2026-07-30 07:01:00+00:00,0.6951,0.6952,0.6951,0.6952,29
2026-07-30 07:02:00+00:00,0.6951,0.6953,0.6951,0.6953,26
2026-07-30 07:03:00+00:00,0.6954,0.6955,0.6954,0.6955,13
2026-07-30 07:04:00+00:00,0.6957,0.6958,0.6956,0.6956,9
2026-07-30 07:07:00+00:00,0.6956,0.6956,0.6954,0.6954,10
2026-07-30 07:08:00+00:00,0.6953,0.6953,0.6953,0.6953,1
2026-07-30 07:14:00+00:00,0.6955,0.6955,0.6954,0.6954,5
2026-07-30 07:23:00+00:00,0.6951,0.6951,0.6951,0.6951,8
2026-07-30 07:25:00+00:00,0.6951,0.6951,0.6951,0.6951,4
2026-07-30 07:26:00+00:00,0.6951,0.6951,0.6951,0.6951,1
2026-07-30 07:27:00+00:00,0.6951,0.6951,0.6951,0.6951,21
2026-07-30 07:28:00+00:00,0.695,0.695,0.695,0.695,1
2026-07-30 07:29:00+00:00,0.695,0.695,0.6949,0.6949,15
2026-07-30 07:30:00+00:00,0.6949,0.6949,0.6948,0.6948,26
2026-07-30 07:32:00+00:00,0.6947,0.6947,0.6946,0.6946,4
2026-07-30 07:35:00+00:00,0.6946,0.6946,0.6946,0.6946,5
2026-07-30 07:36:00+00:00,0.6945,0.6945,0.6945,0.6945,4
2026-07-30 07:37:00+00:00,0.6946,0.6946,0.6946,0.6946,2
2026-07-30 07:38:00+00:00,0.6946,0.6946,0.6946,0.6946,2
2026-07-30 07:39:00+00:00,0.6947,0.6947,0.6947,0.6947,2
2026-07-30 07:41:00+00:00,0.6949,0.6949,0.6949,0.6949,1
2026-07-30 07:44:00+00:00,0.695,0.695,0.695,0.695,4
2026-07-30 07:45:00+00:00,0.695,0.695,0.695,0.695,7
2026-07-30 07:47:00+00:00,0.6949,0.6949,0.6949,0.6949,15
2026-07-30 07:48:00+00:00,0.6949,0.6949,0.6948,0.6948,2
2026-07-30 07:54:00+00:00,0.6946,0.6946,0.6946,0.6946,1
2026-07-30 07:56:00+00:00,0.6947,0.6947,0.6947,0.6947,3
2026-07-30 07:59:00+00:00,0.6946,0.6946,0.6945,0.6945,4
2026-07-30 08:10:00+00:00,0.6949,0.6949,0.6949,0.6949,1
2026-07-30 08:13:00+00:00,0.6951,0.6951,0.6951,0.6951,3
2026-07-30 08:19:00+00:00,0.6952,0.6952,0.6952,0.6952,4
2026-07-30 08:21:00+00:00,0.6954,0.6954,0.6954,0.6954,1
2026-07-30 08:23:00+00:00,0.6956,0.6956,0.6956,0.6956,2
2026-07-30 08:24:00+00:00,0.6955,0.6955,0.6955,0.6955,2
2026-07-30 08:27:00+00:00,0.6957,0.6957,0.6956,0.6956,5
2026-07-30 08:28:00+00:00,0.6957,0.6957,0.6957,0.6957,1
2026-07-30 08:30:00+00:00,0.6956,0.6957,0.6956,0.6957,12
2026-07-30 08:31:00+00:00,0.6958,0.6958,0.6958,0.6958,1
2026-07-30 08:32:00+00:00,0.6958,0.6958,0.6958,0.6958,6
2026-07-30 08:39:00+00:00,0.6954,0.6954,0.6953,0.6953,3
2026-07-30 08:40:00+00:00,0.6954,0.6954,0.6954,0.6954,16
2026-07-30 08:42:00+00:00,0.6955,0.6955,0.6955,0.6955,3
2026-07-30 08:45:00+00:00,0.6955,0.6955,0.6955,0.6955,4
2026-07-30 08:46:00+00:00,0.6956,0.6956,0.6956,0.6956,1
2026-07-30 08:49:00+00:00,0.6955,0.6955,0.6955,0.6955,3
2026-07-30 08:52:00+00:00,0.6955,0.6955,0.6955,0.6955,1
2026-07-30 08:53:00+00:00,0.6955,0.6955,0.6955,0.6955,2
2026-07-30 08:57:00+00:00,0.6954,0.6954,0.6954,0.6954,9
2026-07-30 08:58:00+00:00,0.6954,0.6954,0.6954,0.6954,3
2026-07-30 09:00:00+00:00,0.6955,0.6955,0.6955,0.6955,3
2026-07-30 09:03:00+00:00,0.6956,0.6956,0.6956,0.6956,1
2026-07-30 09:06:00+00:00,0.6957,0.6957,0.6957,0.6957,1
2026-07-30 09:08:00+00:00,0.696,0.696,0.696,0.696,11
2026-07-30 09:09:00+00:00,0.6961,0.6963,0.6961,0.6963,13
2026-07-30 09:10:00+00:00,0.6951,0.6951,0.6951,0.6951,1
2026-07-30 09:10:00+00:00,0.6962,0.6962,0.6962,0.6962,2
2026-07-30 09:11:00+00:00,0.6962,0.6962,0.6962,0.6962,1
2026-07-30 09:12:00+00:00,0.6963,0.6963,0.6963,0.6963,1
2026-07-30 09:13:00+00:00,0.6962,0.6962,0.6962,0.6962,1
2026-07-30 09:14:00+00:00,0.6963,0.6963,0.6963,0.6963,9
2026-07-30 09:16:00+00:00,0.6962,0.6962,0.6962,0.6962,1
2026-07-30 09:19:00+00:00,0.6963,0.6964,0.6963,0.6964,20
2026-07-30 09:22:00+00:00,0.6952,0.6952,0.6952,0.6952,1
2026-07-30 09:22:00+00:00,0.6964,0.6964,0.6964,0.6964,1
2026-07-30 09:24:00+00:00,0.6964,0.6964,0.6964,0.6964,2
2026-07-30 09:26:00+00:00,0.6965,0.6965,0.6965,0.6965,5
2026-07-30 09:27:00+00:00,0.6966,0.6966,0.6966,0.6966,6
2026-07-30 09:28:00+00:00,0.6966,0.6966,0.6965,0.6965,15
2026-07-30 09:29:00+00:00,0.6964,0.6964,0.6964,0.6964,1
2026-07-30 09:30:00+00:00,0.6963,0.6963,0.6963,0.6963,1
2026-07-30 09:31:00+00:00,0.6963,0.6963,0.6963,0.6963,3
2026-07-30 09:35:00+00:00,0.6964,0.6964,0.6964,0.6964,2
2026-07-30 09:36:00+00:00,0.6964,0.6964,0.6964,0.6964,9
2026-07-30 09:37:00+00:00,0.6966,0.6966,0.6966,0.6966,3
2026-07-30 09:38:00+00:00,0.6965,0.6965,0.6965,0.6965,1
2026-07-30 09:43:00+00:00,0.6965,0.6965,0.6965,0.6965,6
2026-07-30 09:44:00+00:00,0.6966,0.6966,0.6966,0.6966,1
2026-07-30 09:45:00+00:00,0.6966,0.6966,0.6965,0.6965,8
2026-07-30 09:46:00+00:00,0.6967,0.6967,0.6967,0.6967,16
2026-07-30 09:48:00+00:00,0.6968,0.6969,0.6968,0.6969,3
2026-07-30 09:50:00+00:00,0.697,0.6971,0.6969,0.6969,10
2026-07-30 09:51:00+00:00,0.6969,0.6969,0.6969,0.6969,1
2026-07-30 09:52:00+00:00,0.697,0.697,0.697,0.697,1
2026-07-30 09:53:00+00:00,0.6969,0.6969,0.6969,0.6969,1
2026-07-30 09:55:00+00:00,0.6969,0.6969,0.6969,0.6969,1
2026-07-30 09:57:00+00:00,0.6969,0.6969,0.6968,0.6968,2
2026-07-30 09:58:00+00:00,0.6968,0.6968,0.6968,0.6968,20
2026-07-30 09:59:00+00:00,0.6968,0.6968,0.6968,0.6968,1
2026-07-30 10:00:00+00:00,0.6967,0.6968,0.6967,0.6968,15
2026-07-30 10:04:00+00:00,0.6967,0.6967,0.6967,0.6967,4
2026-07-30 10:06:00+00:00,0.6967,0.6967,0.6966,0.6967,20
2026-07-30 10:10:00+00:00,0.697,0.6971,0.697,0.6971,110
2026-07-30 10:12:00+00:00,0.6971,0.6971,0.6971,0.6971,1
2026-07-30 10:12:00+00:00,0.6959,0.6959,0.6959,0.6959,1
2026-07-30 10:13:00+00:00,0.6959,0.6962,0.6959,0.6962,2
2026-07-30 10:13:00+00:00,0.6971,0.6973,0.6971,0.6973,17
2026-07-30 10:14:00+00:00,0.6974,0.6974,0.6974,0.6974,1
2026-07-30 10:15:00+00:00,0.6974,0.6975,0.6974,0.6975,44
2026-07-30 10:16:00+00:00,0.6975,0.6978,0.6975,0.6977,105
2026-07-30 10:17:00+00:00,0.6977,0.6977,0.6975,0.6975,6
2026-07-30 10:18:00+00:00,0.6975,0.6975,0.6974,0.6974,3
2026-07-30 10:19:00+00:00,0.6974,0.6974,0.6973,0.6973,6
2026-07-30 10:20:00+00:00,0.6972,0.6973,0.6972,0.6972,5
2026-07-30 10:22:00+00:00,0.6972,0.6972,0.6971,0.6971,8
2026-07-30 10:25:00+00:00,0.6971,0.6971,0.6971,0.6971,3
2026-07-30 10:26:00+00:00,0.6971,0.6971,0.6971,0.6971,7
2026-07-30 10:28:00+00:00,0.697,0.697,0.6969,0.697,9
2026-07-30 10:30:00+00:00,0.6971,0.6971,0.6971,0.6971,21
2026-07-30 10:32:00+00:00,0.6971,0.6971,0.6971,0.6971,1
2026-07-30 10:33:00+00:00,0.6971,0.6971,0.6971,0.6971,4
2026-07-30 10:34:00+00:00,0.6971,0.6971,0.6971,0.6971,2
2026-07-30 10:35:00+00:00,0.6971,0.6971,0.6971,0.6971,1
2026-07-30 10:37:00+00:00,0.6971,0.6972,0.6971,0.6972,24
2026-07-30 10:40:00+00:00,0.6973,0.6973,0.6973,0.6973,1
2026-07-30 10:41:00+00:00,0.6974,0.6974,0.6973,0.6973,13
2026-07-30 10:43:00+00:00,0.6974,0.6975,0.6974,0.6974,4
2026-07-30 10:44:00+00:00,0.6973,0.6973,0.6973,0.6973,1
2026-07-30 10:45:00+00:00,0.6974,0.6974,0.6974,0.6974,9
2026-07-30 10:46:00+00:00,0.6974,0.6974,0.6974,0.6974,1
2026-07-30 10:47:00+00:00,0.6975,0.6976,0.6975,0.6976,2
2026-07-30 10:48:00+00:00,0.6976,0.6976,0.6975,0.6975,7
2026-07-30 10:49:00+00:00,0.6976,0.6976,0.6976,0.6976,5
2026-07-30 10:50:00+00:00,0.6974,0.6974,0.6974,0.6974,25
2026-07-30 10:51:00+00:00,0.6973,0.6973,0.6973,0.6973,1
2026-07-30 10:52:00+00:00,0.6973,0.6973,0.6973,0.6973,3
2026-07-30 10:53:00+00:00,0.6973,0.6973,0.6972,0.6972,18
2026-07-30 10:54:00+00:00,0.6972,0.6972,0.6972,0.6972,1
2026-07-30 10:56:00+00:00,0.6972,0.6972,0.6971,0.6971,2
2026-07-30 11:00:00+00:00,0.6972,0.6972,0.6972,0.6972,2
2026-07-30 11:03:00+00:00,0.6973,0.6973,0.6973,0.6973,5
2026-07-30 11:05:00+00:00,0.6973,0.6973,0.6973,0.6973,1
2026-07-30 11:06:00+00:00,0.6972,0.6973,0.6972,0.6972,23
2026-07-30 11:07:00+00:00,0.6972,0.6972,0.6972,0.6972,1
2026-07-30 11:08:00+00:00,0.6957,0.6957,0.6957,0.6957,1
2026-07-30 11:08:00+00:00,0.6971,0.6972,0.697,0.697,6
2026-07-30 11:09:00+00:00,0.6971,0.6971,0.6971,0.6971,7
2026-07-30 11:12:00+00:00,0.6971,0.6971,0.6971,0.6971,7
2026-07-30 11:13:00+00:00,0.697,0.697,0.697,0.697,1
2026-07-30 11:17:00+00:00,0.6971,0.6971,0.6971,0.6971,1
2026-07-30 11:20:00+00:00,0.6971,0.6971,0.6971,0.6971,6
2026-07-30 11:22:00+00:00,0.697,0.697,0.697,0.697,1
2026-07-30 11:23:00+00:00,0.6971,0.6971,0.697,0.697,4
2026-07-30 11:26:00+00:00,0.6972,0.6972,0.6972,0.6972,1
2026-07-30 11:27:00+00:00,0.6973,0.6973,0.6973,0.6973,2
2026-07-30 11:32:00+00:00,0.6971,0.6971,0.6971,0.6971,1
2026-07-30 11:34:00+00:00,0.697,0.697,0.697,0.697,1
2026-07-30 11:35:00+00:00,0.6971,0.6971,0.6971,0.6971,1
2026-07-30 11:36:00+00:00,0.6971,0.6972,0.6971,0.6972,6
2026-07-30 11:39:00+00:00,0.6973,0.6973,0.6973,0.6973,1
2026-07-30 11:42:00+00:00,0.6971,0.6971,0.6971,0.6971,1
2026-07-30 11:43:00+00:00,0.6971,0.6971,0.6971,0.6971,20
2026-07-30 11:46:00+00:00,0.696,0.696,0.696,0.696,1
2026-07-30 11:48:00+00:00,0.6972,0.6972,0.6972,0.6972,8
2026-07-30 11:49:00+00:00,0.6973,0.6973,0.6973,0.6973,2
2026-07-30 11:51:00+00:00,0.6974,0.6975,0.6974,0.6975,40
2026-07-30 11:52:00+00:00,0.6975,0.6975,0.6975,0.6975,11
2026-07-30 11:53:00+00:00,0.6975,0.6975,0.6975,0.6975,5
2026-07-30 11:57:00+00:00,0.6976,0.6976,0.6976,0.6976,1
2026-07-30 11:58:00+00:00,0.6977,0.6977,0.6977,0.6977,1
2026-07-30 11:59:00+00:00,0.6977,0.6977,0.6977,0.6977,4
2026-07-30 12:01:00+00:00,0.6975,0.6975,0.6975,0.6975,3
2026-07-30 12:02:00+00:00,0.6978,0.6978,0.6978,0.6978,1
2026-07-30 12:03:00+00:00,0.6978,0.6978,0.6978,0.6978,2
2026-07-30 12:04:00+00:00,0.6968,0.6968,0.6968,0.6968,1
2026-07-30 12:04:00+00:00,0.6979,0.6979,0.6979,0.6979,16
2026-07-30 12:07:00+00:00,0.6978,0.6978,0.6978,0.6978,4
2026-07-30 12:08:00+00:00,0.6977,0.6977,0.6977,0.6977,1
2026-07-30 12:09:00+00:00,0.6975,0.6975,0.6975,0.6975,2
2026-07-30 12:11:00+00:00,0.6976,0.6976,0.6976,0.6976,1
2026-07-30 12:13:00+00:00,0.6978,0.6978,0.6978,0.6978,1
2026-07-30 12:16:00+00:00,0.6965,0.6965,0.6965,0.6965,4
2026-07-30 12:16:00+00:00,0.6977,0.6977,0.6976,0.6976,8
2026-07-30 12:18:00+00:00,0.6975,0.6975,0.6974,0.6974,9
2026-07-30 12:21:00+00:00,0.6975,0.6975,0.6975,0.6975,3
2026-07-30 12:24:00+00:00,0.6975,0.6975,0.6975,0.6975,1
2026-07-30 12:26:00+00:00,0.6977,0.6977,0.6977,0.6977,2
2026-07-30 12:28:00+00:00,0.6976,0.6976,0.6976,0.6976,4
2026-07-30 12:29:00+00:00,0.6976,0.6976,0.6976,0.6976,23
2026-07-30 12:30:00+00:00,0.6978,0.6979,0.6976,0.6976,21
2026-07-30 12:31:00+00:00,0.6976,0.6976,0.6974,0.6974,9
2026-07-30 12:33:00+00:00,0.6974,0.6974,0.6974,0.6974,2
2026-07-30 12:34:00+00:00,0.6974,0.6974,0.6974,0.6974,7
2026-07-30 12:35:00+00:00,0.6975,0.6976,0.6975,0.6976,6
2026-07-30 12:36:00+00:00,0.6976,0.6976,0.6976,0.6976,4
2026-07-30 12:38:00+00:00,0.6976,0.6976,0.6976,0.6976,3
2026-07-30 12:41:00+00:00,0.6975,0.6976,0.6975,0.6976,4
2026-07-30 12:42:00+00:00,0.6975,0.6975,0.6975,0.6975,2
2026-07-30 12:45:00+00:00,0.6976,0.6976,0.6976,0.6976,1
2026-07-30 12:46:00+00:00,0.6976,0.6976,0.6976,0.6976,3
2026-07-30 12:47:00+00:00,0.6974,0.6974,0.6974,0.6974,4
2026-07-30 12:48:00+00:00,0.6974,0.6975,0.6974,0.6975,4
2026-07-30 12:50:00+00:00,0.6974,0.6974,0.6974,0.6974,1
2026-07-30 12:52:00+00:00,0.6962,0.6962,0.6962,0.6962,1
2026-07-30 12:53:00+00:00,0.6971,0.6971,0.697,0.697,7
2026-07-30 12:54:00+00:00,0.6972,0.6972,0.6972,0.6972,2
2026-07-30 12:55:00+00:00,0.6972,0.6972,0.6971,0.6971,11
2026-07-30 12:56:00+00:00,0.6971,0.6971,0.6971,0.6971,4
2026-07-30 12:57:00+00:00,0.6971,0.6971,0.6971,0.6971,18
2026-07-30 12:58:00+00:00,0.697,0.697,0.697,0.697,3
2026-07-30 12:59:00+00:00,0.697,0.697,0.697,0.697,3
2026-07-30 13:01:00+00:00,0.697,0.697,0.6969,0.6969,6
2026-07-30 13:02:00+00:00,0.6969,0.6969,0.6968,0.6969,6
2026-07-30 13:03:00+00:00,0.6969,0.6971,0.6969,0.6971,7
2026-07-30 13:04:00+00:00,0.697,0.697,0.697,0.697,5
2026-07-30 13:06:00+00:00,0.6972,0.6972,0.6972,0.6972,1
2026-07-30 13:07:00+00:00,0.6973,0.6975,0.6973,0.6974,20
2026-07-30 13:08:00+00:00,0.6974,0.6974,0.6973,0.6973,12
2026-07-30 13:10:00+00:00,0.6971,0.6971,0.6971,0.6971,1
2026-07-30 13:11:00+00:00,0.6972,0.6972,0.6972,0.6972,1
2026-07-30 13:13:00+00:00,0.6973,0.6973,0.6973,0.6973,4
2026-07-30 13:17:00+00:00,0.6973,0.6973,0.6973,0.6973,3
2026-07-30 13:20:00+00:00,0.6973,0.6973,0.6973,0.6973,1
2026-07-30 13:21:00+00:00,0.6973,0.6973,0.6973,0.6973,4
2026-07-30 13:22:00+00:00,0.6975,0.6975,0.6975,0.6975,6
2026-07-30 13:23:00+00:00,0.6976,0.6976,0.6976,0.6976,6
2026-07-30 13:24:00+00:00,0.6975,0.6975,0.6975,0.6975,1
2026-07-30 13:25:00+00:00,0.6976,0.6976,0.6976,0.6976,2
2026-07-30 13:28:00+00:00,0.6975,0.6976,0.6975,0.6976,6
2026-07-30 13:29:00+00:00,0.6976,0.6977,0.6976,0.6977,2
2026-07-30 13:30:00+00:00,0.6976,0.6977,0.6976,0.6977,10
2026-07-30 13:31:00+00:00,0.6977,0.6978,0.6977,0.6978,5
2026-07-30 13:32:00+00:00,0.6978,0.6978,0.6977,0.6977,4
2026-07-30 13:33:00+00:00,0.6978,0.6979,0.6978,0.6979,20
2026-07-30 13:34:00+00:00,0.697,0.697,0.697,0.697,3
2026-07-30 13:34:00+00:00,0.698,0.698,0.6979,0.6979,22
2026-07-30 13:35:00+00:00,0.6978,0.6978,0.6978,0.6978,1
2026-07-30 13:36:00+00:00,0.698,0.6984,0.698,0.6982,90
2026-07-30 13:37:00+00:00,0.6976,0.6976,0.6976,0.6976,1
2026-07-30 13:37:00+00:00,0.6983,0.6986,0.6982,0.6985,56
2026-07-30 13:38:00+00:00,0.6986,0.6988,0.6986,0.6988,210
2026-07-30 13:39:00+00:00,0.6988,0.6988,0.6987,0.6988,18
2026-07-30 13:40:00+00:00,0.6988,0.6991,0.6985,0.6991,49
2026-07-30 13:41:00+00:00,0.699,0.6992,0.699,0.6992,212
2026-07-30 13:42:00+00:00,0.6984,0.6984,0.6984,0.6984,1
2026-07-30 13:42:00+00:00,0.6992,0.6997,0.6991,0.6997,25
2026-07-30 13:43:00+00:00,0.6984,0.6984,0.6984,0.6984,1
2026-07-30 13:43:00+00:00,0.6996,0.6999,0.6996,0.6998,59
2026-07-30 13:44:00+00:00,0.699,0.699,0.699,0.699,1
2026-07-30 13:44:00+00:00,0.6999,0.7001,0.6999,0.6999,72
2026-07-30 13:45:00+00:00,0.6999,0.7,0.6998,0.6998,7
2026-07-30 13:46:00+00:00,0.699,0.699,0.699,0.699,1
2026-07-30 13:46:00+00:00,0.6997,0.7001,0.6997,0.7001,18
2026-07-30 13:47:00+00:00,0.7001,0.7003,0.7001,0.7002,32
2026-07-30 13:47:00+00:00,0.6992,0.6992,0.6992,0.6992,1
2026-07-30 13:48:00+00:00,0.7002,0.7003,0.7002,0.7003,40
2026-07-30 13:49:00+00:00,0.7004,0.7004,0.7,0.7,7
2026-07-30 13:50:00+00:00,0.7,0.7001,0.7,0.7001,12
2026-07-30 13:51:00+00:00,0.7,0.7003,0.7,0.7002,34
2026-07-30 13:52:00+00:00,0.7001,0.7005,0.7001,0.7005,43
2026-07-30 13:53:00+00:00,0.7004,0.7006,0.7003,0.7003,44
2026-07-30 13:54:00+00:00,0.7004,0.7005,0.7003,0.7004,106
2026-07-30 13:55:00+00:00,0.7006,0.7007,0.7006,0.7007,16
2026-07-30 13:56:00+00:00,0.7007,0.7008,0.7006,0.7008,68
2026-07-30 13:57:00+00:00,0.7008,0.7008,0.7007,0.7007,29
2026-07-30 13:58:00+00:00,0.7,0.7,0.7,0.7,1
2026-07-30 13:58:00+00:00,0.7008,0.701,0.7008,0.701,43
2026-07-30 13:59:00+00:00,0.7001,0.7001,0.7001,0.7001,1
2026-07-30 13:59:00+00:00,0.701,0.7014,0.701,0.7012,32
2026-07-30 14:00:00+00:00,0.7014,0.7016,0.7013,0.7016,31
2026-07-30 14:01:00+00:00,0.7015,0.7015,0.7014,0.7014,25
2026-07-30 14:02:00+00:00,0.7015,0.7016,0.7014,0.7016,20
2026-07-30 14:03:00+00:00,0.7002,0.7002,0.7002,0.7002,1
2026-07-30 14:03:00+00:00,0.7015,0.7016,0.7014,0.7016,16
2026-07-30 14:04:00+00:00,0.7016,0.7017,0.7015,0.7015,28
2026-07-30 14:05:00+00:00,0.7015,0.7016,0.7014,0.7014,3
2026-07-30 14:06:00+00:00,0.7013,0.7013,0.701,0.701,32
2026-07-30 14:07:00+00:00,0.701,0.7011,0.701,0.7011,13
2026-07-30 14:08:00+00:00,0.701,0.701,0.7006,0.7008,69
2026-07-30 14:09:00+00:00,0.7008,0.701,0.7008,0.701,111
2026-07-30 14:10:00+00:00,0.7011,0.7014,0.7011,0.7012,63
2026-07-30 14:11:00+00:00,0.7012,0.7013,0.7011,0.7013,39
2026-07-30 14:12:00+00:00,0.7012,0.7012,0.701,0.7011,100
2026-07-30 14:13:00+00:00,0.7011,0.7012,0.701,0.7012,19
2026-07-30 14:14:00+00:00,0.7012,0.7013,0.7012,0.7013,43
2026-07-30 14:15:00+00:00,0.7003,0.7003,0.7003,0.7003,1
2026-07-30 14:15:00+00:00,0.7013,0.7014,0.7013,0.7014,21
2026-07-30 14:16:00+00:00,0.7015,0.7017,0.7015,0.7017,23
2026-07-30 14:17:00+00:00,0.7008,0.7008,0.7008,0.7008,1
2026-07-30 14:17:00+00:00,0.7017,0.7018,0.7016,0.7017,75
2026-07-30 14:18:00+00:00,0.7017,0.7017,0.7013,0.7013,76
2026-07-30 14:19:00+00:00,0.7013,0.7015,0.7013,0.7015,40
2026-07-30 14:20:00+00:00,0.7005,0.7005,0.7005,0.7005,1
2026-07-30 14:20:00+00:00,0.7015,0.7016,0.7015,0.7016,19
2026-07-30 14:21:00+00:00,0.7014,0.7017,0.7014,0.7016,39
2026-07-30 14:22:00+00:00,0.7017,0.7017,0.7015,0.7016,12
2026-07-30 14:23:00+00:00,0.7017,0.7018,0.7016,0.7016,55
2026-07-30 14:24:00+00:00,0.7016,0.7016,0.7013,0.7013,36
2026-07-30 14:25:00+00:00,0.7012,0.7012,0.7009,0.7009,17
2026-07-30 14:26:00+00:00,0.7005,0.7005,0.7005,0.7005,1
2026-07-30 14:26:00+00:00,0.701,0.701,0.701,0.701,1
2026-07-30 14:27:00+00:00,0.701,0.701,0.701,0.701,10
2026-07-30 14:28:00+00:00,0.7009,0.7009,0.7009,0.7009,6
2026-07-30 14:29:00+00:00,0.7009,0.7009,0.7009,0.7009,8
2026-07-30 14:30:00+00:00,0.7008,0.7008,0.7008,0.7008,7
2026-07-30 14:31:00+00:00,0.7011,0.7011,0.7011,0.7011,1
2026-07-30 14:32:00+00:00,0.7011,0.7011,0.7011,0.7011,3
2026-07-30 14:33:00+00:00,0.7013,0.7013,0.7013,0.7013,11
2026-07-30 14:34:00+00:00,0.7011,0.7011,0.7011,0.7011,1
2026-07-30 14:36:00+00:00,0.7011,0.7011,0.7011,0.7011,5
2026-07-30 14:37:00+00:00,0.7012,0.7012,0.7012,0.7012,4
2026-07-30 14:38:00+00:00,0.701,0.7011,0.701,0.7011,4
2026-07-30 14:39:00+00:00,0.7011,0.7011,0.701,0.701,49
2026-07-30 14:41:00+00:00,0.701,0.701,0.7007,0.7008,6
2026-07-30 14:45:00+00:00,0.7009,0.7009,0.7006,0.7006,8
2026-07-30 14:46:00+00:00,0.7007,0.7007,0.7006,0.7006,5
2026-07-30 14:47:00+00:00,0.7006,0.7008,0.7006,0.7008,7
2026-07-30 14:48:00+00:00,0.7004,0.7004,0.7003,0.7004,3
2026-07-30 14:49:00+00:00,0.7003,0.7003,0.7003,0.7003,1
2026-07-30 14:50:00+00:00,0.7002,0.7002,0.7002,0.7002,3
2026-07-30 14:51:00+00:00,0.7002,0.7002,0.7002,0.7002,2
2026-07-30 14:52:00+00:00,0.7002,0.7002,0.7002,0.7002,1
2026-07-30 14:53:00+00:00,0.7002,0.7003,0.7002,0.7003,6
2026-07-30 14:54:00+00:00,0.7003,0.7003,0.7003,0.7003,6
2026-07-30 14:55:00+00:00,0.7001,0.7001,0.6999,0.6999,31
2026-07-30 14:56:00+00:00,0.6999,0.6999,0.6998,0.6998,8
2026-07-30 14:57:00+00:00,0.6991,0.6991,0.6991,0.6991,2
2026-07-30 14:57:00+00:00,0.7,0.7,0.6999,0.6999,2
2026-07-30 14:58:00+00:00,0.6998,0.6998,0.6998,0.6998,9
2026-07-30 14:59:00+00:00,0.6991,0.6991,0.6991,0.6991,1
2026-07-30 14:59:00+00:00,0.7,0.7,0.6999,0.6999,7
2026-07-30 15:00:00+00:00,0.6999,0.6999,0.6999,0.6999,6
2026-07-30 15:01:00+00:00,0.7,0.7,0.7,0.7,1
2026-07-30 15:02:00+00:00,0.7,0.7002,0.7,0.7001,22
2026-07-30 15:03:00+00:00,0.7001,0.7001,0.7,0.7,3
2026-07-30 15:04:00+00:00,0.7001,0.7001,0.7,0.7,2
2026-07-30 15:05:00+00:00,0.7,0.7,0.7,0.7,1
2026-07-30 15:06:00+00:00,0.7002,0.7004,0.7002,0.7002,90
2026-07-30 15:07:00+00:00,0.7002,0.7002,0.7002,0.7002,6
2026-07-30 15:08:00+00:00,0.7004,0.7005,0.7004,0.7004,20
2026-07-30 15:09:00+00:00,0.7004,0.7004,0.7004,0.7004,1
2026-07-30 15:10:00+00:00,0.7001,0.7001,0.7001,0.7001,6
2026-07-30 15:11:00+00:00,0.7001,0.7001,0.7001,0.7001,1
2026-07-30 15:12:00+00:00,0.7,0.7,0.7,0.7,2
2026-07-30 15:13:00+00:00,0.7,0.7,0.7,0.7,4
2026-07-30 15:15:00+00:00,0.7004,0.7004,0.7004,0.7004,7
2026-07-30 15:20:00+00:00,0.7006,0.7006,0.7006,0.7006,1
2026-07-30 15:23:00+00:00,0.7006,0.7006,0.7006,0.7006,1
2026-07-30 15:26:00+00:00,0.7004,0.7004,0.7004,0.7004,3
2026-07-30 15:27:00+00:00,0.7006,0.7006,0.7006,0.7006,1
2026-07-30 15:29:00+00:00,0.7007,0.7007,0.7007,0.7007,5
2026-07-30 15:30:00+00:00,0.7007,0.7007,0.7006,0.7006,5
2026-07-30 15:32:00+00:00,0.7008,0.7008,0.7008,0.7008,3
2026-07-30 15:33:00+00:00,0.7008,0.7009,0.7008,0.7009,6
2026-07-30 15:34:00+00:00,0.7,0.7,0.7,0.7,1
2026-07-30 15:34:00+00:00,0.7011,0.7011,0.7011,0.7011,1
2026-07-30 15:35:00+00:00,0.7011,0.7011,0.7011,0.7011,4
2026-07-30 15:36:00+00:00,0.7013,0.7013,0.7013,0.7013,2
2026-07-30 15:38:00+00:00,0.7002,0.7002,0.7002,0.7002,1
2026-07-30 15:38:00+00:00,0.7013,0.7013,0.7013,0.7013,1
2026-07-30 15:40:00+00:00,0.7013,0.7013,0.7013,0.7013,3
2026-07-30 15:41:00+00:00,0.7013,0.7014,0.7013,0.7014,12
2026-07-30 15:43:00+00:00,0.7014,0.7014,0.7014,0.7014,1
2026-07-30 15:44:00+00:00,0.7015,0.7016,0.7015,0.7016,22
2026-07-30 15:45:00+00:00,0.7016,0.7016,0.7016,0.7016,12
2026-07-30 15:47:00+00:00,0.7017,0.7017,0.7016,0.7017,4
2026-07-30 15:48:00+00:00,0.7016,0.7016,0.7016,0.7016,3
2026-07-30 15:49:00+00:00,0.7016,0.7016,0.7016,0.7016,10
2026-07-30 15:51:00+00:00,0.7017,0.7018,0.7017,0.7018,5
2026-07-30 15:53:00+00:00,0.7016,0.7016,0.7016,0.7016,3
2026-07-30 15:54:00+00:00,0.7017,0.7017,0.7017,0.7017,1
2026-07-30 15:55:00+00:00,0.7017,0.7017,0.7017,0.7017,3
2026-07-30 15:56:00+00:00,0.7018,0.7018,0.7018,0.7018,10
2026-07-30 15:59:00+00:00,0.7016,0.7016,0.7015,0.7015,5
2026-07-30 16:01:00+00:00,0.7018,0.7018,0.7018,0.7018,2
2026-07-30 16:03:00+00:00,0.7019,0.7021,0.7019,0.702,56
2026-07-30 16:03:00+00:00,0.7009,0.7009,0.7009,0.7009,1
2026-07-30 16:04:00+00:00,0.7021,0.7022,0.7021,0.7021,20
2026-07-30 16:05:00+00:00,0.702,0.702,0.702,0.702,3
2026-07-30 16:06:00+00:00,0.702,0.7021,0.702,0.7021,19
2026-07-30 16:07:00+00:00,0.702,0.702,0.702,0.702,3
2026-07-30 16:08:00+00:00,0.702,0.702,0.702,0.702,3
2026-07-30 16:09:00+00:00,0.702,0.7021,0.702,0.7021,8
2026-07-30 16:10:00+00:00,0.7021,0.7021,0.7021,0.7021,1
2026-07-30 16:11:00+00:00,0.7019,0.7019,0.7019,0.7019,50
2026-07-30 16:12:00+00:00,0.702,0.702,0.702,0.702,1
2026-07-30 16:13:00+00:00,0.702,0.702,0.702,0.702,1
2026-07-30 16:14:00+00:00,0.702,0.7021,0.702,0.7021,5
2026-07-30 16:15:00+00:00,0.7007,0.7007,0.7007,0.7007,3
2026-07-30 16:15:00+00:00,0.702,0.7021,0.702,0.7021,6
2026-07-30 16:16:00+00:00,0.7021,0.7021,0.702,0.7021,4
2026-07-30 16:17:00+00:00,0.7014,0.7014,0.7014,0.7014,1
2026-07-30 16:17:00+00:00,0.7021,0.7021,0.7021,0.7021,1
2026-07-30 16:18:00+00:00,0.7021,0.7021,0.7021,0.7021,1
2026-07-30 16:19:00+00:00,0.7022,0.7024,0.7022,0.7024,9
2026-07-30 16:20:00+00:00,0.7023,0.7023,0.7023,0.7023,1
2026-07-30 16:21:00+00:00,0.7022,0.7023,0.7022,0.7023,22
2026-07-30 16:25:00+00:00,0.7021,0.7021,0.7021,0.7021,1
2026-07-30 16:28:00+00:00,0.7021,0.7021,0.7021,0.7021,1
2026-07-30 16:29:00+00:00,0.7022,0.7022,0.7022,0.7022,7
2026-07-30 16:35:00+00:00,0.7022,0.7022,0.7022,0.7022,1
2026-07-30 16:36:00+00:00,0.7022,0.7022,0.7022,0.7022,2
2026-07-30 16:37:00+00:00,0.7021,0.7022,0.7021,0.7022,30
2026-07-30 16:38:00+00:00,0.7021,0.7021,0.7021,0.7021,8
2026-07-30 16:40:00+00:00,0.7021,0.7021,0.7021,0.7021,53
2026-07-30 16:41:00+00:00,0.702,0.702,0.702,0.702,3
2026-07-30 16:43:00+00:00,0.702,0.702,0.7019,0.7019,4
2026-07-30 16:44:00+00:00,0.7019,0.7019,0.7019,0.7019,12
2026-07-30 16:46:00+00:00,0.702,0.702,0.702,0.702,1
2026-07-30 16:47:00+00:00,0.7019,0.7019,0.7019,0.7019,1
2026-07-30 16:50:00+00:00,0.7019,0.7019,0.7019,0.7019,3
2026-07-30 16:51:00+00:00,0.7019,0.7019,0.7019,0.7019,1
2026-07-30 16:52:00+00:00,0.7019,0.7019,0.7019,0.7019,3
2026-07-30 16:54:00+00:00,0.7018,0.7018,0.7018,0.7018,2
2026-07-30 16:56:00+00:00,0.702,0.702,0.702,0.702,8
2026-07-30 16:57:00+00:00,0.7021,0.7021,0.7021,0.7021,2
2026-07-30 16:59:00+00:00,0.702,0.702,0.702,0.702,2
2026-07-30 17:00:00+00:00,0.7022,0.7022,0.7022,0.7022,3
2026-07-30 17:02:00+00:00,0.702,0.702,0.702,0.702,2
2026-07-30 17:03:00+00:00,0.702,0.702,0.702,0.702,3
2026-07-30 17:06:00+00:00,0.702,0.702,0.702,0.702,1
2026-07-30 17:12:00+00:00,0.7019,0.7019,0.7019,0.7019,44
2026-07-30 17:14:00+00:00,0.702,0.702,0.702,0.702,1
2026-07-30 17:15:00+00:00,0.7019,0.7019,0.7019,0.7019,1
2026-07-30 17:17:00+00:00,0.702,0.702,0.702,0.702,1
2026-07-30 17:18:00+00:00,0.702,0.702,0.702,0.702,2
2026-07-30 17:27:00+00:00,0.7018,0.7018,0.7018,0.7018,4
2026-07-30 17:30:00+00:00,0.7018,0.7018,0.7018,0.7018,1
2026-07-30 17:31:00+00:00,0.7018,0.7018,0.7018,0.7018,3
2026-07-30 17:32:00+00:00,0.7004,0.7004,0.7004,0.7004,1
2026-07-30 17:32:00+00:00,0.7017,0.7017,0.7017,0.7017,1
2026-07-30 17:35:00+00:00,0.7017,0.7017,0.7017,0.7017,4
2026-07-30 17:36:00+00:00,0.7018,0.702,0.7018,0.702,11
2026-07-30 17:37:00+00:00,0.7021,0.7023,0.7021,0.7022,14
2026-07-30 17:39:00+00:00,0.7021,0.7022,0.7021,0.7021,43
2026-07-30 17:40:00+00:00,0.7024,0.7024,0.7024,0.7024,1
2026-07-30 17:42:00+00:00,0.7021,0.7021,0.7021,0.7021,3
2026-07-30 17:43:00+00:00,0.7021,0.7021,0.7021,0.7021,1
2026-07-30 17:44:00+00:00,0.7023,0.7023,0.7023,0.7023,1
2026-07-30 17:45:00+00:00,0.7023,0.7023,0.7023,0.7023,3
2026-07-30 17:47:00+00:00,0.7024,0.7024,0.7024,0.7024,1
2026-07-30 17:47:00+00:00,0.7015,0.7015,0.7015,0.7015,1
2026-07-30 17:48:00+00:00,0.7022,0.7022,0.7022,0.7022,1
2026-07-30 17:49:00+00:00,0.7023,0.7023,0.7023,0.7023,1
2026-07-30 17:51:00+00:00,0.7023,0.7025,0.7023,0.7025,32
2026-07-30 17:52:00+00:00,0.7024,0.7026,0.7024,0.7026,73
2026-07-30 17:53:00+00:00,0.7024,0.7024,0.7024,0.7024,7
2026-07-30 17:55:00+00:00,0.7023,0.7023,0.7023,0.7023,2
2026-07-30 17:56:00+00:00,0.7023,0.7023,0.7023,0.7023,1
2026-07-30 17:57:00+00:00,0.7024,0.7024,0.7024,0.7024,25
2026-07-30 18:00:00+00:00,0.7025,0.7025,0.7025,0.7025,3
2026-07-30 18:01:00+00:00,0.7025,0.7025,0.7025,0.7025,20
2026-07-30 18:05:00+00:00,0.7026,0.7026,0.7026,0.7026,22
2026-07-30 18:07:00+00:00,0.7024,0.7025,0.7024,0.7025,9
2026-07-30 18:08:00+00:00,0.7025,0.7025,0.7025,0.7025,8
2026-07-30 18:09:00+00:00,0.7025,0.7027,0.7025,0.7027,11
2026-07-30 18:10:00+00:00,0.7026,0.7026,0.7026,0.7026,3
2026-07-30 18:11:00+00:00,0.7027,0.7027,0.7027,0.7027,1
2026-07-30 18:13:00+00:00,0.7027,0.7027,0.7027,0.7027,2
2026-07-30 18:14:00+00:00,0.7026,0.7027,0.7026,0.7027,3
2026-07-30 18:16:00+00:00,0.7026,0.7026,0.7025,0.7025,3
2026-07-30 18:19:00+00:00,0.7024,0.7024,0.7024,0.7024,1
2026-07-30 18:22:00+00:00,0.7023,0.7023,0.7022,0.7022,3
2026-07-30 18:23:00+00:00,0.7022,0.7022,0.7022,0.7022,1
2026-07-30 18:27:00+00:00,0.7023,0.7023,0.7023,0.7023,1
2026-07-30 18:28:00+00:00,0.7023,0.7023,0.7023,0.7023,1
2026-07-30 18:45:00+00:00,0.7023,0.7023,0.7023,0.7023,1
2026-07-30 18:58:00+00:00,0.7023,0.7023,0.7023,0.7023,3
2026-07-30 18:59:00+00:00,0.7024,0.7024,0.7024,0.7024,1
2026-07-30 19:01:00+00:00,0.7025,0.7025,0.7025,0.7025,1
2026-07-30 19:04:00+00:00,0.7024,0.7024,0.7024,0.7024,4
2026-07-30 19:06:00+00:00,0.7015,0.7015,0.7015,0.7015,1
2026-07-30 19:06:00+00:00,0.7025,0.7026,0.7025,0.7026,6
2026-07-30 19:07:00+00:00,0.7026,0.7026,0.7026,0.7026,3
2026-07-30 19:08:00+00:00,0.7026,0.7026,0.7026,0.7026,8
2026-07-30 19:09:00+00:00,0.7026,0.7026,0.7026,0.7026,5
2026-07-30 19:12:00+00:00,0.7024,0.7024,0.7024,0.7024,1
2026-07-30 19:16:00+00:00,0.7023,0.7024,0.7023,0.7024,5
2026-07-30 19:18:00+00:00,0.7025,0.7025,0.7025,0.7025,5
2026-07-30 19:22:00+00:00,0.7026,0.7026,0.7026,0.7026,6
2026-07-30 19:23:00+00:00,0.7026,0.7026,0.7026,0.7026,10
2026-07-30 19:25:00+00:00,0.7018,0.7018,0.7018,0.7018,1
2026-07-30 19:25:00+00:00,0.7027,0.7027,0.7027,0.7027,3
2026-07-30 19:27:00+00:00,0.7026,0.7026,0.7026,0.7026,6
2026-07-30 19:30:00+00:00,0.7026,0.7026,0.7026,0.7026,1
2026-07-30 19:32:00+00:00,0.7025,0.7025,0.7025,0.7025,1
2026-07-30 19:34:00+00:00,0.7025,0.7025,0.7025,0.7025,4
2026-07-30 19:39:00+00:00,0.7026,0.7026,0.7026,0.7026,5
2026-07-30 19:40:00+00:00,0.7026,0.7026,0.7026,0.7026,2
2026-07-30 19:42:00+00:00,0.7026,0.7026,0.7025,0.7025,2
2026-07-30 19:44:00+00:00,0.7026,0.7026,0.7026,0.7026,5
2026-07-30 19:50:00+00:00,0.7027,0.7027,0.7027,0.7027,2
2026-07-30 19:54:00+00:00,0.7025,0.7025,0.7024,0.7024,6
2026-07-30 19:55:00+00:00,0.7025,0.7025,0.7025,0.7025,1
2026-07-30 19:56:00+00:00,0.7024,0.7024,0.7024,0.7024,6
2026-07-30 19:57:00+00:00,0.7025,0.7025,0.7025,0.7025,1
2026-07-30 19:58:00+00:00,0.7026,0.7026,0.7026,0.7026,7
2026-07-30 19:59:00+00:00,0.7027,0.7027,0.7026,0.7026,8
2026-07-30 20:00:00+00:00,0.7026,0.7026,0.7026,0.7026,3
2026-07-30 20:01:00+00:00,0.7026,0.7027,0.7026,0.7027,52
2026-07-30 20:02:00+00:00,0.7027,0.7027,0.7027,0.7027,3
2026-07-30 20:03:00+00:00,0.7026,0.7026,0.7026,0.7026,5
2026-07-30 20:04:00+00:00,0.7027,0.7029,0.7027,0.7029,18
2026-07-30 20:05:00+00:00,0.7027,0.7027,0.7027,0.7027,1
2026-07-30 20:07:00+00:00,0.7027,0.7027,0.7026,0.7026,5
2026-07-30 20:10:00+00:00,0.7026,0.7026,0.7026,0.7026,2
2026-07-30 20:12:00+00:00,0.7027,0.7027,0.7027,0.7027,2
2026-07-30 20:13:00+00:00,0.7028,0.7028,0.7028,0.7028,1
2026-07-30 20:14:00+00:00,0.7028,0.7028,0.7028,0.7028,1
2026-07-30 20:18:00+00:00,0.7026,0.7026,0.7025,0.7026,29
2026-07-30 20:23:00+00:00,0.7025,0.7025,0.7025,0.7025,49
2026-07-30 20:26:00+00:00,0.7026,0.7026,0.7026,0.7026,1
2026-07-30 20:30:00+00:00,0.7025,0.7025,0.7024,0.7024,13
2026-07-30 20:31:00+00:00,0.7026,0.7026,0.7026,0.7026,1
2026-07-30 20:32:00+00:00,0.7025,0.7025,0.7025,0.7025,13
2026-07-30 20:33:00+00:00,0.7017,0.7017,0.7017,0.7017,3
2026-07-30 20:33:00+00:00,0.7026,0.7026,0.7025,0.7025,4
2026-07-30 20:34:00+00:00,0.7025,0.7025,0.7025,0.7025,1
2026-07-30 20:36:00+00:00,0.7024,0.7025,0.7024,0.7025,2
2026-07-30 20:37:00+00:00,0.7018,0.7018,0.7018,0.7018,1
2026-07-30 20:39:00+00:00,0.7024,0.7024,0.7024,0.7024,2
2026-07-30 20:39:00+00:00,0.7011,0.7011,0.7011,0.7011,1
2026-07-30 20:40:00+00:00,0.7024,0.7025,0.7024,0.7025,3
2026-07-30 20:42:00+00:00,0.7025,0.7025,0.7025,0.7025,1
2026-07-30 20:45:00+00:00,0.7024,0.7025,0.7024,0.7025,5
2026-07-30 20:46:00+00:00,0.7024,0.7024,0.7024,0.7024,1
2026-07-30 20:48:00+00:00,0.7023,0.7023,0.7023,0.7023,2
2026-07-30 20:50:00+00:00,0.7023,0.7023,0.7023,0.7023,1
2026-07-30 20:51:00+00:00,0.7023,0.7024,0.7023,0.7024,6
2026-07-30 20:55:00+00:00,0.7024,0.7024,0.7024,0.7024,5
2026-07-30 20:56:00+00:00,0.7024,0.7024,0.7024,0.7024,1
2026-07-30 20:59:00+00:00,0.7025,0.7025,0.7024,0.7024,2
2026-07-30 22:00:00+00:00,0.7025,0.7025,0.7025,0.7025,1
2026-07-30 22:01:00+00:00,0.7023,0.7023,0.7023,0.7023,3
2026-07-30 22:02:00+00:00,0.7024,0.7024,0.7024,0.7024,1
2026-07-30 22:04:00+00:00,0.7023,0.7023,0.7023,0.7023,17
2026-07-30 22:05:00+00:00,0.7023,0.7023,0.7022,0.7022,9
2026-07-30 22:06:00+00:00,0.7023,0.7024,0.7023,0.7024,4
2026-07-30 22:08:00+00:00,0.7023,0.7023,0.7023,0.7023,3
2026-07-30 22:09:00+00:00,0.7022,0.7022,0.7022,0.7022,1
2026-07-30 22:11:00+00:00,0.7022,0.7022,0.7022,0.7022,3
2026-07-30 22:17:00+00:00,0.7023,0.7023,0.7023,0.7023,4
2026-07-30 22:18:00+00:00,0.7023,0.7023,0.7023,0.7023,1
2026-07-30 22:19:00+00:00,0.7022,0.7022,0.7022,0.7022,1
2026-07-30 22:22:00+00:00,0.7023,0.7023,0.7023,0.7023,1
2026-07-30 22:25:00+00:00,0.7022,0.7022,0.7022,0.7022,3
2026-07-30 22:28:00+00:00,0.7022,0.7022,0.7022,0.7022,1
2026-07-30 22:29:00+00:00,0.7021,0.7021,0.7021,0.7021,1
2026-07-30 22:31:00+00:00,0.7022,0.7023,0.7022,0.7023,7
2026-07-30 22:34:00+00:00,0.7024,0.7024,0.7024,0.7024,7
2026-07-30 22:37:00+00:00,0.7025,0.7025,0.7025,0.7025,4
2026-07-30 22:38:00+00:00,0.7025,0.7025,0.7025,0.7025,3
2026-07-30 22:39:00+00:00,0.7025,0.7025,0.7025,0.7025,3
2026-07-30 22:43:00+00:00,0.7025,0.7025,0.7025,0.7025,4
2026-07-30 22:44:00+00:00,0.7024,0.7024,0.7024,0.7024,1
2026-07-30 22:54:00+00:00,0.7024,0.7024,0.7024,0.7024,1
2026-07-30 22:55:00+00:00,0.7023,0.7023,0.7023,0.7023,2
2026-07-30 22:56:00+00:00,0.7023,0.7023,0.7023,0.7023,2
2026-07-30 22:59:00+00:00,0.7023,0.7023,0.7023,0.7023,2
2026-07-30 23:00:00+00:00,0.7024,0.7025,0.7024,0.7025,12
2026-07-30 23:04:00+00:00,0.7024,0.7024,0.7024,0.7024,1
2026-07-30 23:05:00+00:00,0.7023,0.7023,0.7023,0.7023,1
2026-07-30 23:10:00+00:00,0.7009,0.7009,0.7009,0.7009,1
2026-07-30 23:10:00+00:00,0.7022,0.7022,0.7022,0.7022,1
2026-07-30 23:11:00+00:00,0.7021,0.7021,0.7021,0.7021,2
2026-07-30 23:16:00+00:00,0.7021,0.7021,0.7021,0.7021,1
2026-07-30 23:19:00+00:00,0.7021,0.7021,0.7021,0.7021,5
2026-07-30 23:26:00+00:00,0.7022,0.7022,0.7022,0.7022,7
2026-07-30 23:29:00+00:00,0.7021,0.7021,0.7021,0.7021,1
2026-07-30 23:35:00+00:00,0.702,0.702,0.7019,0.7019,4
2026-07-30 23:36:00+00:00,0.7019,0.702,0.7019,0.702,2
2026-07-30 23:39:00+00:00,0.702,0.702,0.702,0.702,2
2026-07-30 23:46:00+00:00,0.7021,0.7021,0.702,0.702,3
2026-07-30 23:47:00+00:00,0.702,0.702,0.702,0.702,2
2026-07-30 23:50:00+00:00,0.7021,0.7021,0.7019,0.7019,12
2026-07-30 23:51:00+00:00,0.7019,0.7019,0.7019,0.7019,1
2026-07-30 23:52:00+00:00,0.7019,0.7019,0.7019,0.7019,5
2026-07-30 23:55:00+00:00,0.7019,0.7019,0.7019,0.7019,4
2026-07-30 23:57:00+00:00,0.702,0.702,0.702,0.702,12
2026-07-30 23:58:00+00:00,0.7022,0.7022,0.7022,0.7022,5
2026-07-31 00:00:00+00:00,0.702,0.702,0.702,0.702,4
2026-07-31 00:03:00+00:00,0.702,0.702,0.702,0.702,2
2026-07-31 00:05:00+00:00,0.702,0.702,0.702,0.702,1
2026-07-31 00:06:00+00:00,0.7019,0.7019,0.7019,0.7019,1
2026-07-31 00:07:00+00:00,0.702,0.702,0.702,0.702,1
2026-07-31 00:08:00+00:00,0.7021,0.7021,0.7021,0.7021,1
2026-07-31 00:09:00+00:00,0.7021,0.7021,0.7021,0.7021,3
2026-07-31 00:10:00+00:00,0.7021,0.7022,0.7021,0.7022,2
2026-07-31 00:11:00+00:00,0.7023,0.7023,0.7023,0.7023,4
2026-07-31 00:13:00+00:00,0.7022,0.7022,0.7022,0.7022,4
2026-07-31 00:14:00+00:00,0.7022,0.7022,0.7022,0.7022,3
2026-07-31 00:15:00+00:00,0.7022,0.7023,0.7022,0.7023,5
2026-07-31 00:16:00+00:00,0.7022,0.7022,0.7021,0.7021,4
2026-07-31 00:17:00+00:00,0.7021,0.7021,0.7021,0.7021,1
2026-07-31 00:19:00+00:00,0.7021,0.7022,0.7021,0.7022,7
2026-07-31 00:20:00+00:00,0.7023,0.7023,0.7022,0.7022,6
2026-07-31 00:24:00+00:00,0.7025,0.7026,0.7025,0.7026,14
2026-07-31 00:27:00+00:00,0.7025,0.7025,0.7025,0.7025,1
2026-07-31 00:29:00+00:00,0.7024,0.7024,0.7024,0.7024,1
2026-07-31 00:30:00+00:00,0.7024,0.7025,0.7024,0.7025,5
2026-07-31 00:32:00+00:00,0.7024,0.7024,0.7024,0.7024,5
2026-07-31 00:34:00+00:00,0.7023,0.7023,0.7023,0.7023,1
2026-07-31 00:37:00+00:00,0.7025,0.7026,0.7025,0.7026,2
2026-07-31 00:40:00+00:00,0.7025,0.7025,0.7025,0.7025,1
2026-07-31 00:41:00+00:00,0.7025,0.7025,0.7025,0.7025,1
2026-07-31 00:43:00+00:00,0.7025,0.7025,0.7025,0.7025,2
2026-07-31 00:44:00+00:00,0.7025,0.7025,0.7025,0.7025,3
2026-07-31 00:45:00+00:00,0.7024,0.7024,0.7024,0.7024,2
2026-07-31 00:46:00+00:00,0.7023,0.7023,0.7023,0.7023,4
2026-07-31 00:48:00+00:00,0.7023,0.7023,0.7023,0.7023,3
2026-07-31 00:53:00+00:00,0.7025,0.7026,0.7025,0.7025,6
2026-07-31 00:54:00+00:00,0.7024,0.7024,0.7024,0.7024,12
2026-07-31 00:56:00+00:00,0.7025,0.7025,0.7025,0.7025,4
2026-07-31 01:00:00+00:00,0.7025,0.7027,0.7025,0.7027,5
2026-07-31 01:01:00+00:00,0.7026,0.7026,0.7026,0.7026,1
2026-07-31 01:02:00+00:00,0.7027,0.7027,0.7027,0.7027,4
2026-07-31 01:03:00+00:00,0.7027,0.7027,0.7027,0.7027,3
2026-07-31 01:05:00+00:00,0.7025,0.7025,0.7025,0.7025,3
2026-07-31 01:06:00+00:00,0.7024,0.7024,0.7024,0.7024,1
2026-07-31 01:10:00+00:00,0.7026,0.7026,0.7026,0.7026,1
2026-07-31 01:11:00+00:00,0.7025,0.7025,0.7025,0.7025,1
2026-07-31 01:14:00+00:00,0.7024,0.7024,0.7024,0.7024,2
2026-07-31 01:15:00+00:00,0.7024,0.7024,0.7023,0.7023,5
2026-07-31 01:16:00+00:00,0.7023,0.7023,0.7022,0.7022,2
2026-07-31 01:18:00+00:00,0.7022,0.7022,0.7022,0.7022,3
2026-07-31 01:19:00+00:00,0.7022,0.7022,0.7021,0.7021,5
2026-07-31 01:20:00+00:00,0.7021,0.7021,0.7021,0.7021,1
2026-07-31 01:23:00+00:00,0.7022,0.7022,0.7022,0.7022,1
2026-07-31 01:27:00+00:00,0.7022,0.7022,0.7022,0.7022,1
2026-07-31 01:31:00+00:00,0.702,0.702,0.702,0.702,10
2026-07-31 01:32:00+00:00,0.702,0.702,0.702,0.702,1
2026-07-31 01:32:00+00:00,0.701,0.701,0.701,0.701,1
2026-07-31 01:33:00+00:00,0.7021,0.7021,0.7021,0.7021,2
2026-07-31 01:34:00+00:00,0.7021,0.7021,0.7021,0.7021,13
2026-07-31 01:35:00+00:00,0.7021,0.7021,0.7021,0.7021,1
2026-07-31 01:37:00+00:00,0.7019,0.7019,0.7019,0.7019,3
2026-07-31 01:38:00+00:00,0.7018,0.7018,0.7018,0.7018,2
2026-07-31 01:39:00+00:00,0.7019,0.7019,0.7019,0.7019,1
2026-07-31 01:40:00+00:00,0.7019,0.7019,0.7019,0.7019,2
2026-07-31 01:44:00+00:00,0.702,0.702,0.702,0.702,1
2026-07-31 01:45:00+00:00,0.702,0.702,0.702,0.702,1
2026-07-31 01:46:00+00:00,0.7019,0.7019,0.7019,0.7019,3
2026-07-31 01:47:00+00:00,0.7018,0.7018,0.7018,0.7018,10
2026-07-31 01:49:00+00:00,0.7017,0.7018,0.7017,0.7018,2
2026-07-31 01:52:00+00:00,0.7018,0.7018,0.7018,0.7018,3
2026-07-31 01:54:00+00:00,0.7018,0.7018,0.7018,0.7018,1
2026-07-31 01:59:00+00:00,0.7019,0.7019,0.7019,0.7019,1
2026-07-31 02:00:00+00:00,0.7019,0.7019,0.7018,0.7018,15
2026-07-31 02:01:00+00:00,0.7018,0.7018,0.7018,0.7018,1
2026-07-31 02:02:00+00:00,0.7017,0.7017,0.7017,0.7017,2
2026-07-31 02:03:00+00:00,0.7017,0.7017,0.7017,0.7017,2
2026-07-31 02:04:00+00:00,0.7018,0.7018,0.7018,0.7018,12
2026-07-31 02:05:00+00:00,0.7018,0.7018,0.7018,0.7018,4
2026-07-31 02:06:00+00:00,0.7018,0.702,0.7018,0.7019,15
2026-07-31 02:07:00+00:00,0.7019,0.7019,0.7019,0.7019,5
2026-07-31 02:08:00+00:00,0.7018,0.7018,0.7018,0.7018,4
2026-07-31 02:12:00+00:00,0.7009,0.7009,0.7009,0.7009,1
2026-07-31 02:14:00+00:00,0.7018,0.7018,0.7018,0.7018,1
2026-07-31 02:15:00+00:00,0.7016,0.7016,0.7016,0.7016,2
2026-07-31 02:16:00+00:00,0.7016,0.7016,0.7016,0.7016,8
2026-07-31 02:18:00+00:00,0.7016,0.7016,0.7016,0.7016,1
2026-07-31 02:19:00+00:00,0.7015,0.7015,0.7015,0.7015,5
2026-07-31 02:20:00+00:00,0.7016,0.7016,0.7016,0.7016,1
2026-07-31 02:21:00+00:00,0.7017,0.7017,0.7017,0.7017,1
2026-07-31 02:22:00+00:00,0.7017,0.7017,0.7017,0.7017,1
2026-07-31 02:28:00+00:00,0.7018,0.7018,0.7018,0.7018,1
2026-07-31 02:29:00+00:00,0.7018,0.7018,0.7018,0.7018,4
2026-07-31 02:31:00+00:00,0.7019,0.7019,0.7019,0.7019,2
2026-07-31 02:32:00+00:00,0.7019,0.7019,0.7019,0.7019,2
2026-07-31 02:33:00+00:00,0.7019,0.7019,0.7019,0.7019,4
2026-07-31 02:37:00+00:00,0.7019,0.7019,0.7019,0.7019,2
2026-07-31 02:39:00+00:00,0.7019,0.7019,0.7019,0.7019,2
2026-07-31 02:40:00+00:00,0.702,0.702,0.702,0.702,8
2026-07-31 02:42:00+00:00,0.702,0.702,0.702,0.702,3
2026-07-31 02:44:00+00:00,0.702,0.702,0.702,0.702,4
2026-07-31 02:58:00+00:00,0.702,0.702,0.702,0.702,75
2026-07-31 02:59:00+00:00,0.7019,0.7019,0.7019,0.7019,1
2026-07-31 03:00:00+00:00,0.7019,0.7019,0.7019,0.7019,3
2026-07-31 03:03:00+00:00,0.7018,0.7018,0.7018,0.7018,2
2026-07-31 03:04:00+00:00,0.7018,0.7018,0.7018,0.7018,1
2026-07-31 03:07:00+00:00,0.7018,0.7018,0.7018,0.7018,1
2026-07-31 03:09:00+00:00,0.7018,0.7018,0.7018,0.7018,1
2026-07-31 03:11:00+00:00,0.7017,0.7017,0.7017,0.7017,8
2026-07-31 03:14:00+00:00,0.7016,0.7016,0.7016,0.7016,1
2026-07-31 03:15:00+00:00,0.7015,0.7015,0.7015,0.7015,2
2026-07-31 03:15:00+00:00,0.7005,0.7005,0.7005,0.7005,1
2026-07-31 03:16:00+00:00,0.7017,0.7017,0.7017,0.7017,1
2026-07-31 03:17:00+00:00,0.7017,0.7017,0.7017,0.7017,5
2026-07-31 03:18:00+00:00,0.7016,0.7016,0.7016,0.7016,1
2026-07-31 03:21:00+00:00,0.7017,0.7017,0.7017,0.7017,3
2026-07-31 03:23:00+00:00,0.7017,0.7017,0.7017,0.7017,1
2026-07-31 03:24:00+00:00,0.7018,0.7018,0.7017,0.7017,5
2026-07-31 03:25:00+00:00,0.7017,0.7017,0.7017,0.7017,2
2026-07-31 03:35:00+00:00,0.7019,0.7019,0.7019,0.7019,1
2026-07-31 03:37:00+00:00,0.702,0.702,0.702,0.702,2
2026-07-31 03:39:00+00:00,0.702,0.7021,0.702,0.7021,2
2026-07-31 03:44:00+00:00,0.7019,0.7019,0.7019,0.7019,1
2026-07-31 03:54:00+00:00,0.702,0.702,0.702,0.702,1
2026-07-31 03:55:00+00:00,0.702,0.702,0.702,0.702,1
2026-07-31 03:59:00+00:00,0.7021,0.7021,0.7021,0.7021,1
2026-07-31 04:00:00+00:00,0.7022,0.7022,0.7022,0.7022,3
2026-07-31 04:07:00+00:00,0.7022,0.7022,0.7022,0.7022,1
2026-07-31 04:16:00+00:00,0.7021,0.7022,0.7021,0.7022,2
2026-07-31 04:18:00+00:00,0.7022,0.7022,0.7022,0.7022,5
2026-07-31 04:20:00+00:00,0.7023,0.7023,0.7023,0.7023,1
2026-07-31 04:24:00+00:00,0.7025,0.7025,0.7025,0.7025,10
2026-07-31 04:25:00+00:00,0.7025,0.7025,0.7025,0.7025,2
2026-07-31 04:28:00+00:00,0.7015,0.7015,0.7015,0.7015,2
2026-07-31 04:30:00+00:00,0.7022,0.7022,0.7022,0.7022,8
2026-07-31 04:31:00+00:00,0.7021,0.7021,0.7021,0.7021,8
2026-07-31 04:32:00+00:00,0.7021,0.7021,0.702,0.702,3
2026-07-31 04:35:00+00:00,0.7022,0.7023,0.7022,0.7023,5
2026-07-31 04:41:00+00:00,0.7023,0.7023,0.7022,0.7022,7
2026-07-31 04:42:00+00:00,0.7022,0.7022,0.7022,0.7022,10
2026-07-31 04:43:00+00:00,0.7022,0.7022,0.7022,0.7022,1
2026-07-31 04:45:00+00:00,0.7022,0.7022,0.7022,0.7022,2
2026-07-31 04:48:00+00:00,0.7023,0.7023,0.7023,0.7023,2
2026-07-31 04:54:00+00:00,0.7022,0.7022,0.7022,0.7022,1
2026-07-31 04:57:00+00:00,0.7022,0.7022,0.7022,0.7022,3
2026-07-31 04:58:00+00:00,0.7022,0.7023,0.7022,0.7023,3
2026-07-31 04:59:00+00:00,0.7023,0.7023,0.7022,0.7022,5
2026-07-31 05:00:00+00:00,0.7022,0.7022,0.7022,0.7022,4
2026-07-31 05:01:00+00:00,0.7022,0.7022,0.7022,0.7022,1
2026-07-31 05:07:00+00:00,0.7022,0.7022,0.7022,0.7022,8
2026-07-31 05:09:00+00:00,0.7022,0.7022,0.7022,0.7022,4
2026-07-31 05:14:00+00:00,0.7023,0.7023,0.7023,0.7023,3
2026-07-31 05:16:00+00:00,0.7023,0.7023,0.7023,0.7023,1
2026-07-31 05:17:00+00:00,0.7024,0.7024,0.7024,0.7024,1
2026-07-31 05:19:00+00:00,0.7024,0.7024,0.7024,0.7024,1
2026-07-31 05:20:00+00:00,0.7024,0.7024,0.7024,0.7024,2
2026-07-31 05:22:00+00:00,0.7023,0.7023,0.7023,0.7023,4
2026-07-31 05:23:00+00:00,0.7024,0.7024,0.7024,0.7024,4
2026-07-31 05:26:00+00:00,0.7023,0.7023,0.7023,0.7023,1
2026-07-31 05:33:00+00:00,0.7023,0.7024,0.7023,0.7024,5
2026-07-31 05:34:00+00:00,0.7024,0.7024,0.7024,0.7024,5
2026-07-31 05:36:00+00:00,0.7024,0.7024,0.7024,0.7024,4
2026-07-31 05:38:00+00:00,0.7024,0.7024,0.7024,0.7024,5
2026-07-31 05:39:00+00:00,0.7025,0.7025,0.7025,0.7025,5
2026-07-31 05:43:00+00:00,0.7025,0.7025,0.7025,0.7025,7
2026-07-31 05:44:00+00:00,0.7025,0.7025,0.7025,0.7025,1
2026-07-31 05:45:00+00:00,0.7024,0.7024,0.7023,0.7024,16
2026-07-31 05:47:00+00:00,0.7023,0.7023,0.7022,0.7022,18
2026-07-31 05:48:00+00:00,0.7022,0.7022,0.7022,0.7022,9
2026-07-31 05:53:00+00:00,0.7022,0.7022,0.7022,0.7022,3
2026-07-31 05:56:00+00:00,0.7022,0.7022,0.7022,0.7022,1
2026-07-31 05:56:00+00:00,0.701,0.701,0.701,0.701,1
2026-07-31 05:57:00+00:00,0.7023,0.7023,0.7023,0.7023,1
2026-07-31 05:58:00+00:00,0.7024,0.7024,0.7024,0.7024,2
2026-07-31 06:02:00+00:00,0.7025,0.7025,0.7025,0.7025,8
2026-07-31 06:07:00+00:00,0.7027,0.7028,0.7027,0.7028,14
2026-07-31 06:08:00+00:00,0.7028,0.7028,0.7028,0.7028,2
2026-07-31 06:10:00+00:00,0.7028,0.7028,0.7028,0.7028,3
2026-07-31 06:11:00+00:00,0.7028,0.7028,0.7028,0.7028,5
2026-07-31 06:13:00+00:00,0.7027,0.7027,0.7027,0.7027,7
2026-07-31 06:14:00+00:00,0.7028,0.7028,0.7028,0.7028,8
2026-07-31 06:20:00+00:00,0.7027,0.7029,0.7027,0.7028,6
2026-07-31 06:22:00+00:00,0.7027,0.7027,0.7027,0.7027,11
2026-07-31 06:25:00+00:00,0.7029,0.703,0.7029,0.703,10
2026-07-31 06:26:00+00:00,0.703,0.7032,0.703,0.7032,25
2026-07-31 06:27:00+00:00,0.7032,0.7032,0.7032,0.7032,4
2026-07-31 06:28:00+00:00,0.7032,0.7032,0.7032,0.7032,6
2026-07-31 06:29:00+00:00,0.7032,0.7033,0.7032,0.7033,9
2026-07-31 06:30:00+00:00,0.7032,0.7032,0.703,0.703,22
2026-07-31 06:33:00+00:00,0.703,0.703,0.703,0.703,1
2026-07-31 06:34:00+00:00,0.7029,0.7029,0.7029,0.7029,11
2026-07-31 06:35:00+00:00,0.7028,0.7028,0.7028,0.7028,2
2026-07-31 06:36:00+00:00,0.7029,0.7029,0.7029,0.7029,1
2026-07-31 06:38:00+00:00,0.7029,0.7029,0.7029,0.7029,1
2026-07-31 06:39:00+00:00,0.7027,0.7027,0.7027,0.7027,14
2026-07-31 06:42:00+00:00,0.7027,0.7027,0.7027,0.7027,1
2026-07-31 06:46:00+00:00,0.7027,0.7027,0.7027,0.7027,3
2026-07-31 06:51:00+00:00,0.703,0.703,0.703,0.703,17
2026-07-31 06:52:00+00:00,0.7029,0.7029,0.7029,0.7029,4
2026-07-31 06:53:00+00:00,0.7029,0.7029,0.7029,0.7029,3
2026-07-31 06:54:00+00:00,0.7029,0.7029,0.7029,0.7029,3
2026-07-31 06:57:00+00:00,0.7029,0.7029,0.7029,0.7029,1
2026-07-31 06:59:00+00:00,0.7028,0.7028,0.7028,0.7028,2
2026-07-31 07:00:00+00:00,0.7027,0.7027,0.7027,0.7027,1
2026-07-31 07:03:00+00:00,0.7025,0.7025,0.7025,0.7025,5
2026-07-31 07:04:00+00:00,0.7025,0.7026,0.7025,0.7026,17
2026-07-31 07:06:00+00:00,0.7025,0.7025,0.7025,0.7025,4
2026-07-31 07:08:00+00:00,0.7025,0.7025,0.7025,0.7025,1
2026-07-31 07:08:00+00:00,0.7015,0.7015,0.7015,0.7015,1
2026-07-31 07:11:00+00:00,0.7025,0.7025,0.7025,0.7025,1
2026-07-31 07:12:00+00:00,0.7026,0.7026,0.7026,0.7026,3
2026-07-31 07:13:00+00:00,0.7027,0.7027,0.7027,0.7027,6
2026-07-31 07:15:00+00:00,0.7026,0.7026,0.7026,0.7026,1
2026-07-31 07:16:00+00:00,0.7025,0.7025,0.7025,0.7025,5
2026-07-31 07:20:00+00:00,0.7026,0.7026,0.7025,0.7025,11
2026-07-31 07:22:00+00:00,0.7025,0.7025,0.7025,0.7025,1
2026-07-31 07:23:00+00:00,0.7026,0.7026,0.7026,0.7026,1
2026-07-31 07:26:00+00:00,0.7026,0.7026,0.7026,0.7026,1
2026-07-31 07:27:00+00:00,0.7027,0.7028,0.7027,0.7028,12
2026-07-31 07:28:00+00:00,0.7029,0.7029,0.7028,0.7028,10
2026-07-31 07:29:00+00:00,0.7028,0.7029,0.7028,0.7029,3
2026-07-31 07:30:00+00:00,0.7028,0.7028,0.7027,0.7028,7
2026-07-31 07:31:00+00:00,0.7026,0.7026,0.7026,0.7026,1
2026-07-31 07:33:00+00:00,0.7025,0.7025,0.7025,0.7025,6
2026-07-31 07:34:00+00:00,0.7024,0.7024,0.7024,0.7024,4
2026-07-31 07:35:00+00:00,0.7025,0.7025,0.7025,0.7025,1
2026-07-31 07:37:00+00:00,0.7024,0.7024,0.7024,0.7024,8
2026-07-31 07:39:00+00:00,0.7027,0.7027,0.7027,0.7027,3
2026-07-31 07:42:00+00:00,0.7029,0.7029,0.7029,0.7029,2
2026-07-31 07:42:00+00:00,0.7021,0.7021,0.7021,0.7021,2
2026-07-31 07:44:00+00:00,0.7028,0.7028,0.7028,0.7028,1
2026-07-31 07:45:00+00:00,0.7029,0.7029,0.7029,0.7029,1
2026-07-31 07:47:00+00:00,0.703,0.703,0.703,0.703,1
2026-07-31 07:48:00+00:00,0.7031,0.7031,0.7031,0.7031,2
2026-07-31 07:50:00+00:00,0.7031,0.7031,0.7031,0.7031,2
2026-07-31 07:52:00+00:00,0.7029,0.7029,0.7029,0.7029,4
2026-07-31 07:54:00+00:00,0.7029,0.7029,0.7029,0.7029,2
2026-07-31 07:56:00+00:00,0.7028,0.7028,0.7028,0.7028,4
2026-07-31 08:00:00+00:00,0.7026,0.7026,0.7026,0.7026,1
2026-07-31 08:01:00+00:00,0.7025,0.7025,0.7025,0.7025,8
2026-07-31 08:02:00+00:00,0.7026,0.7026,0.7026,0.7026,2
2026-07-31 08:02:00+00:00,0.7014,0.7014,0.7014,0.7014,2
2026-07-31 08:03:00+00:00,0.7026,0.7026,0.7026,0.7026,2
2026-07-31 08:07:00+00:00,0.7024,0.7024,0.7024,0.7024,2
2026-07-31 08:09:00+00:00,0.7023,0.7023,0.7023,0.7023,1
2026-07-31 08:10:00+00:00,0.7022,0.7022,0.7022,0.7022,5
2026-07-31 08:12:00+00:00,0.7021,0.7021,0.7021,0.7021,2
2026-07-31 08:17:00+00:00,0.7024,0.7025,0.7024,0.7025,2
2026-07-31 08:19:00+00:00,0.7027,0.7027,0.7027,0.7027,2
2026-07-31 08:20:00+00:00,0.7027,0.7027,0.7027,0.7027,3
2026-07-31 08:21:00+00:00,0.7026,0.7026,0.7026,0.7026,2
2026-07-31 08:24:00+00:00,0.7026,0.7026,0.7024,0.7024,3
2026-07-31 08:31:00+00:00,0.7024,0.7024,0.7024,0.7024,4
2026-07-31 08:33:00+00:00,0.7023,0.7023,0.7023,0.7023,1
2026-07-31 08:34:00+00:00,0.7024,0.7024,0.7024,0.7024,1
2026-07-31 08:38:00+00:00,0.7025,0.7025,0.7025,0.7025,4
2026-07-31 08:43:00+00:00,0.7027,0.7027,0.7027,0.7027,4
2026-07-31 08:44:00+00:00,0.7027,0.7027,0.7027,0.7027,7
2026-07-31 08:47:00+00:00,0.7029,0.703,0.7029,0.703,3
2026-07-31 08:48:00+00:00,0.7031,0.7031,0.7031,0.7031,1
2026-07-31 08:51:00+00:00,0.703,0.703,0.703,0.703,1
2026-07-31 08:52:00+00:00,0.703,0.703,0.7028,0.7028,27
2026-07-31 08:54:00+00:00,0.7028,0.7028,0.7028,0.7028,3
2026-07-31 08:55:00+00:00,0.7031,0.7032,0.7031,0.7032,52
2026-07-31 08:56:00+00:00,0.7033,0.7035,0.7033,0.7035,65
2026-07-31 08:57:00+00:00,0.7035,0.7038,0.7035,0.7038,11
2026-07-31 08:57:00+00:00,0.7026,0.7026,0.7026,0.7026,1
2026-07-31 08:58:00+00:00,0.7038,0.7038,0.7037,0.7037,3
2026-07-31 08:59:00+00:00,0.7038,0.7038,0.7036,0.7036,15
2026-07-31 09:00:00+00:00,0.7037,0.7038,0.7037,0.7037,17
2026-07-31 09:01:00+00:00,0.7037,0.7038,0.7037,0.7038,17
2026-07-31 09:02:00+00:00,0.7037,0.704,0.7037,0.7037,62
2026-07-31 09:03:00+00:00,0.7038,0.7038,0.7038,0.7038,59
2026-07-31 09:04:00+00:00,0.7035,0.7035,0.7035,0.7035,1
2026-07-31 09:05:00+00:00,0.7034,0.7034,0.7034,0.7034,10
2026-07-31 09:06:00+00:00,0.7035,0.7037,0.7035,0.7037,11
2026-07-31 09:07:00+00:00,0.7035,0.7035,0.7035,0.7035,1
2026-07-31 09:08:00+00:00,0.7034,0.7034,0.7034,0.7034,77
2026-07-31 09:09:00+00:00,0.7033,0.7034,0.7032,0.7032,37
2026-07-31 09:10:00+00:00,0.7033,0.7033,0.7033,0.7033,4
2026-07-31 09:11:00+00:00,0.7032,0.7032,0.7032,0.7032,74
2026-07-31 09:13:00+00:00,0.7034,0.7034,0.7034,0.7034,5
2026-07-31 09:14:00+00:00,0.7033,0.7033,0.7033,0.7033,1
2026-07-31 09:16:00+00:00,0.7034,0.7034,0.7034,0.7034,1
2026-07-31 09:20:00+00:00,0.7033,0.7033,0.7033,0.7033,19
2026-07-31 09:21:00+00:00,0.7034,0.7034,0.7033,0.7033,11
2026-07-31 09:22:00+00:00,0.7032,0.7032,0.7032,0.7032,75
2026-07-31 09:24:00+00:00,0.7031,0.7031,0.7031,0.7031,2
2026-07-31 09:26:00+00:00,0.703,0.703,0.703,0.703,1
2026-07-31 09:28:00+00:00,0.703,0.703,0.703,0.703,15
2026-07-31 09:30:00+00:00,0.7029,0.7029,0.7029,0.7029,3
2026-07-31 09:31:00+00:00,0.7029,0.7029,0.7029,0.7029,10
2026-07-31 09:32:00+00:00,0.7028,0.703,0.7028,0.703,23
2026-07-31 09:33:00+00:00,0.7028,0.7028,0.7028,0.7028,15
2026-07-31 09:35:00+00:00,0.7027,0.7027,0.7027,0.7027,45
2026-07-31 09:36:00+00:00,0.7026,0.7026,0.7026,0.7026,2
2026-07-31 09:37:00+00:00,0.7026,0.7026,0.7026,0.7026,1
2026-07-31 09:38:00+00:00,0.7025,0.7025,0.7025,0.7025,1
2026-07-31 09:39:00+00:00,0.7025,0.7025,0.7025,0.7025,1
2026-07-31 09:40:00+00:00,0.7025,0.7025,0.7025,0.7025,1
2026-07-31 09:41:00+00:00,0.7024,0.7024,0.7024,0.7024,8
2026-07-31 09:42:00+00:00,0.7024,0.7024,0.7024,0.7024,2
2026-07-31 09:43:00+00:00,0.7024,0.7024,0.7024,0.7024,1
2026-07-31 09:44:00+00:00,0.7024,0.7024,0.7024,0.7024,1
2026-07-31 09:51:00+00:00,0.7027,0.7027,0.7027,0.7027,1
2026-07-31 09:52:00+00:00,0.7028,0.7028,0.7028,0.7028,1
2026-07-31 09:53:00+00:00,0.7028,0.7028,0.7028,0.7028,1
2026-07-31 09:56:00+00:00,0.7028,0.7028,0.7028,0.7028,2
2026-07-31 09:57:00+00:00,0.7029,0.7029,0.7029,0.7029,3
2026-07-31 09:58:00+00:00,0.7028,0.7028,0.7028,0.7028,1
2026-07-31 10:01:00+00:00,0.7028,0.7029,0.7028,0.7029,13
2026-07-31 10:04:00+00:00,0.703,0.703,0.703,0.703,3
2026-07-31 10:05:00+00:00,0.703,0.703,0.703,0.703,5
2026-07-31 10:08:00+00:00,0.7029,0.7029,0.7029,0.7029,1
2026-07-31 10:12:00+00:00,0.7028,0.7028,0.7028,0.7028,1
2026-07-31 10:13:00+00:00,0.7029,0.7029,0.7029,0.7029,4
2026-07-31 10:18:00+00:00,0.7027,0.7027,0.7027,0.7027,1
2026-07-31 10:20:00+00:00,0.7027,0.7027,0.7027,0.7027,1
2026-07-31 10:22:00+00:00,0.7026,0.7026,0.7026,0.7026,2
2026-07-31 10:24:00+00:00,0.7025,0.7025,0.7025,0.7025,1
2026-07-31 10:25:00+00:00,0.7026,0.7027,0.7026,0.7027,5
2026-07-31 10:30:00+00:00,0.7026,0.7026,0.7026,0.7026,1
2026-07-31 10:32:00+00:00,0.7026,0.7026,0.7026,0.7026,3
2026-07-31 10:39:00+00:00,0.7027,0.7027,0.7027,0.7027,3
2026-07-31 10:47:00+00:00,0.7026,0.7026,0.7026,0.7026,1
2026-07-31 10:50:00+00:00,0.7027,0.7027,0.7027,0.7027,1
2026-07-31 11:01:00+00:00,0.7024,0.7024,0.7024,0.7024,2
2026-07-31 11:02:00+00:00,0.7023,0.7024,0.7023,0.7024,5
2026-07-31 11:04:00+00:00,0.7024,0.7025,0.7024,0.7025,2
2026-07-31 11:05:00+00:00,0.7026,0.7026,0.7026,0.7026,3
2026-07-31 11:06:00+00:00,0.7025,0.7025,0.7025,0.7025,2
2026-07-31 11:08:00+00:00,0.7027,0.7027,0.7027,0.7027,2
2026-07-31 11:09:00+00:00,0.7027,0.7027,0.7027,0.7027,5
2026-07-31 11:12:00+00:00,0.7026,0.7026,0.7026,0.7026,1
2026-07-31 11:13:00+00:00,0.7025,0.7025,0.7025,0.7025,4
2026-07-31 11:15:00+00:00,0.7023,0.7023,0.7023,0.7023,1
2026-07-31 11:16:00+00:00,0.7022,0.7022,0.7021,0.7021,16
2026-07-31 11:17:00+00:00,0.7021,0.7021,0.7021,0.7021,1
2026-07-31 11:21:00+00:00,0.7021,0.7021,0.7021,0.7021,1
2026-07-31 11:22:00+00:00,0.7021,0.7021,0.7021,0.7021,1
2026-07-31 11:24:00+00:00,0.7022,0.7022,0.7022,0.7022,3
2026-07-31 11:26:00+00:00,0.7022,0.7022,0.7022,0.7022,1
2026-07-31 11:27:00+00:00,0.7023,0.7023,0.7023,0.7023,4
2026-07-31 11:28:00+00:00,0.7022,0.7022,0.7022,0.7022,1
2026-07-31 11:29:00+00:00,0.7021,0.7021,0.7021,0.7021,4
2026-07-31 11:30:00+00:00,0.7021,0.7021,0.7019,0.7019,36
2026-07-31 11:31:00+00:00,0.7019,0.7019,0.7018,0.7018,6
2026-07-31 11:32:00+00:00,0.7018,0.7018,0.7018,0.7018,2
2026-07-31 11:33:00+00:00,0.7017,0.7017,0.7017,0.7017,2
2026-07-31 11:34:00+00:00,0.7017,0.7018,0.7017,0.7018,4
2026-07-31 11:35:00+00:00,0.7018,0.7018,0.7018,0.7018,3
2026-07-31 11:36:00+00:00,0.7018,0.7018,0.7018,0.7018,3
2026-07-31 11:37:00+00:00,0.7018,0.7018,0.7018,0.7018,6
2026-07-31 11:39:00+00:00,0.7017,0.7017,0.7017,0.7017,3
2026-07-31 11:39:00+00:00,0.7009,0.7009,0.7009,0.7009,1
2026-07-31 11:41:00+00:00,0.7017,0.7017,0.7017,0.7017,3
2026-07-31 11:43:00+00:00,0.7016,0.7016,0.7015,0.7016,12
2026-07-31 11:46:00+00:00,0.7016,0.7016,0.7016,0.7016,3
2026-07-31 11:47:00+00:00,0.7015,0.7015,0.7014,0.7014,12
2026-07-31 11:48:00+00:00,0.7014,0.7014,0.7014,0.7014,1
2026-07-31 11:50:00+00:00,0.7014,0.7014,0.7014,0.7014,2
2026-07-31 11:51:00+00:00,0.7015,0.7015,0.7015,0.7015,11
2026-07-31 11:52:00+00:00,0.7016,0.7016,0.7016,0.7016,2
2026-07-31 11:53:00+00:00,0.7014,0.7014,0.7014,0.7014,1
2026-07-31 11:55:00+00:00,0.7014,0.7014,0.7014,0.7014,2
2026-07-31 11:56:00+00:00,0.7014,0.7014,0.7014,0.7014,12
2026-07-31 12:01:00+00:00,0.7012,0.7012,0.7011,0.7012,14
2026-07-31 12:02:00+00:00,0.7013,0.7013,0.7013,0.7013,1
2026-07-31 12:04:00+00:00,0.7013,0.7013,0.7013,0.7013,2
2026-07-31 12:05:00+00:00,0.7013,0.7014,0.7013,0.7014,2
2026-07-31 12:06:00+00:00,0.7014,0.7014,0.7014,0.7014,2
2026-07-31 12:07:00+00:00,0.7014,0.7014,0.7014,0.7014,37
2026-07-31 12:08:00+00:00,0.7014,0.7014,0.7014,0.7014,19
2026-07-31 12:09:00+00:00,0.7013,0.7013,0.7013,0.7013,1
2026-07-31 12:10:00+00:00,0.7013,0.7013,0.7012,0.7012,5
2026-07-31 12:11:00+00:00,0.7012,0.7012,0.7012,0.7012,4
2026-07-31 12:14:00+00:00,0.7012,0.7012,0.7012,0.7012,5
2026-07-31 12:15:00+00:00,0.7012,0.7012,0.7012,0.7012,2
2026-07-31 12:16:00+00:00,0.7011,0.7011,0.7011,0.7011,5
2026-07-31 12:19:00+00:00,0.7011,0.7011,0.7009,0.7009,6
2026-07-31 12:20:00+00:00,0.7011,0.7011,0.7011,0.7011,1
2026-07-31 12:21:00+00:00,0.7011,0.7011,0.7011,0.7011,1
2026-07-31 12:23:00+00:00,0.7011,0.7011,0.7011,0.7011,1
2026-07-31 12:25:00+00:00,0.7012,0.7012,0.7012,0.7012,1
2026-07-31 12:26:00+00:00,0.7012,0.7012,0.7012,0.7012,2
2026-07-31 12:27:00+00:00,0.7011,0.7011,0.7011,0.7011,3
2026-07-31 12:28:00+00:00,0.701,0.701,0.701,0.701,15
2026-07-31 12:29:00+00:00,0.7,0.7,0.7,0.7,1
2026-07-31 12:30:00+00:00,0.7009,0.7015,0.7008,0.7009,17
2026-07-31 12:30:00+00:00,0.6999,0.6999,0.6999,0.6999,1
2026-07-31 12:31:00+00:00,0.7009,0.7009,0.7009,0.7009,3
2026-07-31 12:32:00+00:00,0.7009,0.701,0.7009,0.7009,5
2026-07-31 12:33:00+00:00,0.7009,0.7009,0.7008,0.7008,4
2026-07-31 12:34:00+00:00,0.7009,0.7009,0.7008,0.7008,3
2026-07-31 12:36:00+00:00,0.7007,0.7007,0.7007,0.7007,2
2026-07-31 12:37:00+00:00,0.7007,0.7007,0.7007,0.7007,1
2026-07-31 12:38:00+00:00,0.7006,0.7007,0.7005,0.7006,15
2026-07-31 12:39:00+00:00,0.7007,0.7007,0.7006,0.7006,5
2026-07-31 12:41:00+00:00,0.7006,0.7006,0.7005,0.7005,17
2026-07-31 12:41:00+00:00,0.6995,0.6995,0.6995,0.6995,8
2026-07-31 12:42:00+00:00,0.7004,0.7005,0.7004,0.7004,6
2026-07-31 12:43:00+00:00,0.7005,0.7006,0.7005,0.7006,5
2026-07-31 12:44:00+00:00,0.7007,0.7007,0.7006,0.7006,5
2026-07-31 12:52:00+00:00,0.7007,0.7007,0.7007,0.7007,4
2026-07-31 12:54:00+00:00,0.7008,0.7008,0.7008,0.7008,8
2026-07-31 12:56:00+00:00,0.7008,0.7008,0.7008,0.7008,1
2026-07-31 12:57:00+00:00,0.7008,0.7008,0.7007,0.7007,5
2026-07-31 12:58:00+00:00,0.7007,0.7008,0.7007,0.7008,12
2026-07-31 13:00:00+00:00,0.7007,0.7007,0.7006,0.7006,7
2026-07-31 13:01:00+00:00,0.7006,0.7006,0.7006,0.7006,2
2026-07-31 13:03:00+00:00,0.7008,0.7009,0.7008,0.7009,7
2026-07-31 13:04:00+00:00,0.7009,0.7009,0.7009,0.7009,19
2026-07-31 13:05:00+00:00,0.7009,0.7009,0.7008,0.7008,2
2026-07-31 13:07:00+00:00,0.7008,0.7008,0.7008,0.7008,4
2026-07-31 13:08:00+00:00,0.7008,0.7008,0.7008,0.7008,7
2026-07-31 13:09:00+00:00,0.7008,0.7008,0.7008,0.7008,6
2026-07-31 13:10:00+00:00,0.7008,0.7009,0.7008,0.7009,9
2026-07-31 13:10:00+00:00,0.6998,0.6998,0.6998,0.6998,1
2026-07-31 13:11:00+00:00,0.7009,0.7009,0.7009,0.7009,9
2026-07-31 13:12:00+00:00,0.7008,0.7008,0.7007,0.7007,11
2026-07-31 13:13:00+00:00,0.7008,0.7008,0.7008,0.7008,5
2026-07-31 13:14:00+00:00,0.7008,0.7008,0.7008,0.7008,5
2026-07-31 13:15:00+00:00,0.7009,0.7009,0.7009,0.7009,1
2026-07-31 13:16:00+00:00,0.7008,0.7008,0.7008,0.7008,5
2026-07-31 13:17:00+00:00,0.7008,0.7008,0.7008,0.7008,4
2026-07-31 13:18:00+00:00,0.7009,0.7009,0.7009,0.7009,2
2026-07-31 13:19:00+00:00,0.701,0.7011,0.701,0.7011,8
2026-07-31 13:21:00+00:00,0.7011,0.7011,0.7011,0.7011,3
2026-07-31 13:22:00+00:00,0.7011,0.7017,0.7011,0.7015,57
2026-07-31 13:23:00+00:00,0.7013,0.7015,0.7013,0.7015,58
2026-07-31 13:24:00+00:00,0.7016,0.7018,0.7015,0.7018,53
2026-07-31 13:25:00+00:00,0.7018,0.7019,0.7017,0.7017,12
2026-07-31 13:26:00+00:00,0.7018,0.7018,0.7017,0.7017,14
2026-07-31 13:27:00+00:00,0.7018,0.7019,0.7018,0.7019,7
2026-07-31 13:28:00+00:00,0.7019,0.7019,0.7018,0.7018,9
2026-07-31 13:29:00+00:00,0.7018,0.7018,0.7018,0.7018,5
2026-07-31 13:30:00+00:00,0.7017,0.7017,0.7017,0.7017,6
2026-07-31 13:31:00+00:00,0.7016,0.7016,0.7013,0.7016,11
2026-07-31 13:32:00+00:00,0.7016,0.7016,0.7016,0.7016,5
2026-07-31 13:33:00+00:00,0.7014,0.7014,0.7014,0.7014,5
2026-07-31 13:34:00+00:00,0.7015,0.7015,0.7015,0.7015,1
2026-07-31 13:35:00+00:00,0.7014,0.7014,0.7014,0.7014,6
2026-07-31 13:36:00+00:00,0.7013,0.7013,0.7011,0.7012,18
2026-07-31 13:37:00+00:00,0.7011,0.7011,0.7011,0.7011,1
2026-07-31 13:38:00+00:00,0.701,0.701,0.7009,0.7009,5
2026-07-31 13:39:00+00:00,0.7009,0.7009,0.7007,0.7007,4
2026-07-31 13:40:00+00:00,0.7006,0.7006,0.7005,0.7005,34
2026-07-31 13:41:00+00:00,0.7006,0.7008,0.7006,0.7006,4
2026-07-31 13:42:00+00:00,0.7006,0.7006,0.7004,0.7005,15
2026-07-31 13:43:00+00:00,0.7004,0.7004,0.7002,0.7003,13
2026-07-31 13:44:00+00:00,0.7006,0.7006,0.7005,0.7006,19
2026-07-31 13:45:00+00:00,0.7008,0.7008,0.7004,0.7005,6
2026-07-31 13:46:00+00:00,0.7005,0.7005,0.7005,0.7005,25
2026-07-31 13:47:00+00:00,0.7005,0.7005,0.7005,0.7005,4
2026-07-31 13:47:00+00:00,0.6999,0.6999,0.6999,0.6999,1
2026-07-31 13:48:00+00:00,0.7005,0.7005,0.7003,0.7003,13
2026-07-31 13:49:00+00:00,0.7002,0.7002,0.7002,0.7002,15
2026-07-31 13:50:00+00:00,0.7002,0.7004,0.7002,0.7004,9
2026-07-31 13:52:00+00:00,0.7005,0.7005,0.7004,0.7004,2
2026-07-31 13:53:00+00:00,0.7002,0.7002,0.7001,0.7001,10
2026-07-31 13:54:00+00:00,0.7001,0.7001,0.7,0.7001,10
2026-07-31 13:55:00+00:00,0.7002,0.7002,0.7002,0.7002,13
2026-07-31 13:56:00+00:00,0.7001,0.7001,0.7001,0.7001,1
2026-07-31 13:57:00+00:00,0.7001,0.7001,0.6998,0.6998,10
2026-07-31 13:57:00+00:00,0.699,0.699,0.699,0.699,9
2026-07-31 13:58:00+00:00,0.6999,0.6999,0.6999,0.6999,2
2026-07-31 13:59:00+00:00,0.6999,0.6999,0.6998,0.6998,5
2026-07-31 14:00:00+00:00,0.6997,0.6999,0.6997,0.6997,8
2026-07-31 14:01:00+00:00,0.6997,0.6998,0.6995,0.6998,9
2026-07-31 14:01:00+00:00,0.699,0.699,0.699,0.699,1
2026-07-31 14:02:00+00:00,0.6997,0.6997,0.6994,0.6997,61
2026-07-31 14:02:00+00:00,0.6985,0.6985,0.6985,0.6985,8
2026-07-31 14:03:00+00:00,0.6997,0.6997,0.6995,0.6995,13
2026-07-31 14:04:00+00:00,0.6994,0.6994,0.6992,0.6993,26
2026-07-31 14:04:00+00:00,0.6984,0.6984,0.6984,0.6984,1
2026-07-31 14:05:00+00:00,0.6992,0.6993,0.6992,0.6993,18
2026-07-31 14:06:00+00:00,0.6993,0.6993,0.6993,0.6993,2
2026-07-31 14:07:00+00:00,0.6991,0.6991,0.6988,0.6989,52
2026-07-31 14:07:00+00:00,0.6981,0.6981,0.698,0.698,7
2026-07-31 14:08:00+00:00,0.6989,0.6989,0.6987,0.6988,28
2026-07-31 14:09:00+00:00,0.6987,0.6989,0.6987,0.6988,26
2026-07-31 14:09:00+00:00,0.698,0.698,0.698,0.698,1
2026-07-31 14:10:00+00:00,0.6988,0.6988,0.6987,0.6987,23
2026-07-31 14:10:00+00:00,0.6977,0.6977,0.6977,0.6977,1
2026-07-31 14:11:00+00:00,0.6987,0.6987,0.6987,0.6987,1
2026-07-31 14:12:00+00:00,0.699,0.699,0.699,0.699,6
2026-07-31 14:13:00+00:00,0.699,0.699,0.6989,0.6989,66
2026-07-31 14:14:00+00:00,0.6991,0.6991,0.6991,0.6991,1
2026-07-31 14:15:00+00:00,0.6991,0.6991,0.6991,0.6991,6
2026-07-31 14:16:00+00:00,0.6993,0.6993,0.6993,0.6993,2
2026-07-31 14:17:00+00:00,0.6994,0.6995,0.6994,0.6994,5
2026-07-31 14:18:00+00:00,0.6994,0.6994,0.6994,0.6994,4
2026-07-31 14:19:00+00:00,0.6993,0.6993,0.6993,0.6993,2
2026-07-31 14:20:00+00:00,0.6992,0.6992,0.6992,0.6992,1
2026-07-31 14:21:00+00:00,0.6996,0.6997,0.6996,0.6997,2
2026-07-31 14:22:00+00:00,0.6997,0.6998,0.6997,0.6998,8
2026-07-31 14:23:00+00:00,0.6997,0.6998,0.6996,0.6996,9
2026-07-31 14:24:00+00:00,0.6996,0.6996,0.6996,0.6996,4
2026-07-31 14:25:00+00:00,0.6996,0.6996,0.6996,0.6996,3
2026-07-31 14:26:00+00:00,0.6995,0.6995,0.6995,0.6995,1
2026-07-31 14:27:00+00:00,0.6996,0.6998,0.6996,0.6998,2
2026-07-31 14:28:00+00:00,0.6998,0.6998,0.6998,0.6998,5
2026-07-31 14:29:00+00:00,0.6998,0.6998,0.6998,0.6998,1
2026-07-31 14:30:00+00:00,0.6998,0.6998,0.6998,0.6998,2
2026-07-31 14:31:00+00:00,0.7,0.7,0.7,0.7,2
2026-07-31 14:33:00+00:00,0.7,0.7,0.7,0.7,4
2026-07-31 14:34:00+00:00,0.7,0.7002,0.7,0.7002,5
2026-07-31 14:35:00+00:00,0.7003,0.7004,0.7003,0.7004,13
2026-07-31 14:37:00+00:00,0.7005,0.7006,0.7005,0.7006,11
2026-07-31 14:39:00+00:00,0.7007,0.7007,0.7007,0.7007,2
2026-07-31 14:40:00+00:00,0.7008,0.7008,0.7008,0.7008,29
2026-07-31 14:41:00+00:00,0.7008,0.7009,0.7008,0.7009,9
2026-07-31 14:42:00+00:00,0.7008,0.7009,0.7008,0.7009,12
2026-07-31 14:43:00+00:00,0.7008,0.7008,0.7007,0.7007,5
2026-07-31 14:44:00+00:00,0.7008,0.7009,0.7008,0.7009,6
2026-07-31 14:45:00+00:00,0.701,0.7012,0.701,0.7012,11
2026-07-31 14:46:00+00:00,0.7012,0.7013,0.7012,0.7013,22
2026-07-31 14:47:00+00:00,0.7011,0.7011,0.7011,0.7011,2
2026-07-31 14:48:00+00:00,0.7013,0.7013,0.7013,0.7013,1
2026-07-31 14:49:00+00:00,0.7014,0.7014,0.7013,0.7013,96
2026-07-31 14:50:00+00:00,0.7013,0.7014,0.7011,0.7012,4
2026-07-31 14:50:00+00:00,0.7007,0.7007,0.7007,0.7007,1
2026-07-31 14:51:00+00:00,0.7014,0.7017,0.7014,0.7017,11
2026-07-31 14:52:00+00:00,0.7015,0.7015,0.7015,0.7015,1
2026-07-31 14:53:00+00:00,0.7016,0.7018,0.7016,0.7018,5
2026-07-31 14:54:00+00:00,0.7018,0.7018,0.7017,0.7017,6
2026-07-31 14:55:00+00:00,0.7016,0.7016,0.7014,0.7014,14
2026-07-31 14:55:00+00:00,0.7007,0.7007,0.7007,0.7007,1
2026-07-31 14:56:00+00:00,0.7014,0.7014,0.7014,0.7014,4
2026-07-31 14:57:00+00:00,0.7017,0.7019,0.7017,0.7019,4
2026-07-31 14:58:00+00:00,0.7017,0.702,0.7017,0.702,30
2026-07-31 14:59:00+00:00,0.7018,0.7018,0.7018,0.7018,10
2026-07-31 14:59:00+00:00,0.7007,0.7007,0.7007,0.7007,1
2026-07-31 15:00:00+00:00,0.7018,0.7018,0.7018,0.7018,1
2026-07-31 15:01:00+00:00,0.7018,0.7018,0.7018,0.7018,11
2026-07-31 15:02:00+00:00,0.7019,0.7019,0.7015,0.7015,16
2026-07-31 15:03:00+00:00,0.7013,0.7013,0.7013,0.7013,3
2026-07-31 15:04:00+00:00,0.7013,0.7014,0.7013,0.7014,5
2026-07-31 15:06:00+00:00,0.7014,0.7014,0.7014,0.7014,3
2026-07-31 15:07:00+00:00,0.7016,0.7016,0.7016,0.7016,3
2026-07-31 15:08:00+00:00,0.7019,0.7019,0.7019,0.7019,1
2026-07-31 15:09:00+00:00,0.7018,0.7018,0.7017,0.7017,5
2026-07-31 15:11:00+00:00,0.7015,0.7015,0.7015,0.7015,3
2026-07-31 15:12:00+00:00,0.7014,0.7014,0.7012,0.7013,26
2026-07-31 15:13:00+00:00,0.7016,0.7016,0.7016,0.7016,4
2026-07-31 15:14:00+00:00,0.7007,0.7007,0.7007,0.7007,1
2026-07-31 15:15:00+00:00,0.7019,0.7023,0.7019,0.7021,16
2026-07-31 15:17:00+00:00,0.7016,0.7016,0.7016,0.7016,1
2026-07-31 15:20:00+00:00,0.7014,0.7014,0.7013,0.7013,2
2026-07-31 15:22:00+00:00,0.7014,0.7014,0.7014,0.7014,2
2026-07-31 15:27:00+00:00,0.7014,0.7014,0.7014,0.7014,1
2026-07-31 15:28:00+00:00,0.7014,0.7014,0.7014,0.7014,5
2026-07-31 15:29:00+00:00,0.7013,0.7013,0.7012,0.7012,30
2026-07-31 15:29:00+00:00,0.7,0.7,0.6999,0.7,26
2026-07-31 15:30:00+00:00,0.7014,0.7014,0.7014,0.7014,4
2026-07-31 15:31:00+00:00,0.7014,0.7014,0.7014,0.7014,4
2026-07-31 15:33:00+00:00,0.7014,0.7014,0.7014,0.7014,4
2026-07-31 15:34:00+00:00,0.7015,0.7015,0.7015,0.7015,1
2026-07-31 15:35:00+00:00,0.7015,0.7015,0.7015,0.7015,6
2026-07-31 15:36:00+00:00,0.7017,0.7017,0.7017,0.7017,1
2026-07-31 15:37:00+00:00,0.7019,0.7019,0.7019,0.7019,20
2026-07-31 15:38:00+00:00,0.702,0.702,0.702,0.702,10
2026-07-31 15:40:00+00:00,0.702,0.702,0.7019,0.7019,5
2026-07-31 15:40:00+00:00,0.7013,0.7013,0.7013,0.7013,2
2026-07-31 15:41:00+00:00,0.7019,0.7019,0.7019,0.7019,7
2026-07-31 15:42:00+00:00,0.7018,0.7018,0.7018,0.7018,1
2026-07-31 15:45:00+00:00,0.7018,0.7018,0.7018,0.7018,2
2026-07-31 15:46:00+00:00,0.7018,0.7018,0.7018,0.7018,1
2026-07-31 15:47:00+00:00,0.7016,0.7016,0.7016,0.7016,5
2026-07-31 15:48:00+00:00,0.7016,0.7016,0.7016,0.7016,3
2026-07-31 15:50:00+00:00,0.7018,0.7018,0.7018,0.7018,1
2026-07-31 15:51:00+00:00,0.7018,0.7018,0.7018,0.7018,4
2026-07-31 15:52:00+00:00,0.7017,0.7017,0.7017,0.7017,5
2026-07-31 15:53:00+00:00,0.7018,0.7018,0.7018,0.7018,2
2026-07-31 15:54:00+00:00,0.7019,0.7019,0.7019,0.7019,1
2026-07-31 15:55:00+00:00,0.7019,0.7019,0.7019,0.7019,4
2026-07-31 15:56:00+00:00,0.7018,0.7018,0.7018,0.7018,2
2026-07-31 16:04:00+00:00,0.7018,0.7018,0.7018,0.7018,2
2026-07-31 16:05:00+00:00,0.7019,0.7019,0.7019,0.7019,1
2026-07-31 16:06:00+00:00,0.7017,0.7017,0.7017,0.7017,5
2026-07-31 16:08:00+00:00,0.7017,0.7017,0.7017,0.7017,1
2026-07-31 16:09:00+00:00,0.7018,0.7018,0.7018,0.7018,2
2026-07-31 16:11:00+00:00,0.7019,0.7019,0.7019,0.7019,4
2026-07-31 16:13:00+00:00,0.7021,0.7021,0.7021,0.7021,1
2026-07-31 16:18:00+00:00,0.702,0.702,0.702,0.702,4
2026-07-31 16:24:00+00:00,0.7019,0.7019,0.7019,0.7019,5
2026-07-31 16:27:00+00:00,0.7021,0.7021,0.7021,0.7021,2
2026-07-31 16:28:00+00:00,0.702,0.702,0.702,0.702,5
2026-07-31 16:30:00+00:00,0.702,0.702,0.702,0.702,1
2026-07-31 16:33:00+00:00,0.7022,0.7022,0.7022,0.7022,1
2026-07-31 16:36:00+00:00,0.7023,0.7023,0.7023,0.7023,2
2026-07-31 16:38:00+00:00,0.7022,0.7022,0.7022,0.7022,4
2026-07-31 16:41:00+00:00,0.7022,0.7022,0.7022,0.7022,1
2026-07-31 16:42:00+00:00,0.7021,0.7021,0.7021,0.7021,1
2026-07-31 16:48:00+00:00,0.702,0.702,0.702,0.702,1
2026-07-31 16:50:00+00:00,0.7021,0.7022,0.702,0.702,10
2026-07-31 17:02:00+00:00,0.7021,0.7021,0.7021,0.7021,5
2026-07-31 17:12:00+00:00,0.7024,0.7024,0.7024,0.7024,9
2026-07-31 17:14:00+00:00,0.7025,0.7025,0.7025,0.7025,6
2026-07-31 17:19:00+00:00,0.7024,0.7024,0.7024,0.7024,3
2026-07-31 17:21:00+00:00,0.7024,0.7024,0.7024,0.7024,2
2026-07-31 17:24:00+00:00,0.7026,0.7028,0.7026,0.7028,14
2026-07-31 17:25:00+00:00,0.7027,0.7027,0.7027,0.7027,1
2026-07-31 17:27:00+00:00,0.7028,0.7029,0.7028,0.7029,10
2026-07-31 17:28:00+00:00,0.7028,0.703,0.7028,0.7029,28
2026-07-31 17:29:00+00:00,0.7029,0.7029,0.7029,0.7029,1
2026-07-31 17:29:00+00:00,0.702,0.702,0.702,0.702,1
2026-07-31 17:30:00+00:00,0.703,0.7031,0.703,0.703,17
2026-07-31 17:31:00+00:00,0.7031,0.7031,0.7031,0.7031,1
2026-07-31 17:31:00+00:00,0.702,0.702,0.702,0.702,1
2026-07-31 17:32:00+00:00,0.7033,0.7033,0.7033,0.7033,1
2026-07-31 17:34:00+00:00,0.7031,0.7031,0.7031,0.7031,2
2026-07-31 17:37:00+00:00,0.703,0.703,0.703,0.703,4
2026-07-31 17:38:00+00:00,0.7031,0.7031,0.7031,0.7031,1
2026-07-31 17:39:00+00:00,0.703,0.703,0.703,0.703,1
2026-07-31 17:42:00+00:00,0.703,0.703,0.703,0.703,2
2026-07-31 17:44:00+00:00,0.7031,0.7031,0.7031,0.7031,8
2026-07-31 17:45:00+00:00,0.7031,0.7031,0.7029,0.7029,15
2026-07-31 17:46:00+00:00,0.7029,0.7029,0.7029,0.7029,9
2026-07-31 17:48:00+00:00,0.7028,0.7031,0.7028,0.703,18
2026-07-31 17:49:00+00:00,0.7029,0.7029,0.7029,0.7029,5
2026-07-31 17:50:00+00:00,0.7029,0.7029,0.7029,0.7029,7
2026-07-31 17:51:00+00:00,0.7031,0.7031,0.7031,0.7031,1
2026-07-31 17:52:00+00:00,0.7032,0.7032,0.7032,0.7032,1
2026-07-31 17:53:00+00:00,0.7032,0.7033,0.7032,0.7033,4
2026-07-31 17:53:00+00:00,0.7023,0.7023,0.7023,0.7023,1
2026-07-31 17:54:00+00:00,0.7033,0.7033,0.7033,0.7033,1
2026-07-31 17:56:00+00:00,0.7032,0.7033,0.7032,0.7033,8
2026-07-31 17:57:00+00:00,0.7032,0.7032,0.7032,0.7032,4
2026-07-31 18:00:00+00:00,0.703,0.703,0.7029,0.7029,2
2026-07-31 18:02:00+00:00,0.703,0.703,0.703,0.703,1
2026-07-31 18:04:00+00:00,0.703,0.703,0.703,0.703,3
2026-07-31 18:06:00+00:00,0.703,0.703,0.703,0.703,8
2026-07-31 18:09:00+00:00,0.7029,0.703,0.7029,0.703,5
2026-07-31 18:12:00+00:00,0.7029,0.7029,0.7029,0.7029,3
2026-07-31 18:14:00+00:00,0.7028,0.7028,0.7028,0.7028,1
2026-07-31 18:17:00+00:00,0.7028,0.7028,0.7028,0.7028,1
2026-07-31 18:18:00+00:00,0.7029,0.7029,0.7028,0.7028,2
2026-07-31 18:23:00+00:00,0.703,0.703,0.703,0.703,1
2026-07-31 18:29:00+00:00,0.7029,0.7029,0.7029,0.7029,1
2026-07-31 18:30:00+00:00,0.7029,0.7029,0.7029,0.7029,1
2026-07-31 18:36:00+00:00,0.7029,0.7029,0.7029,0.7029,2
2026-07-31 18:38:00+00:00,0.703,0.703,0.703,0.703,1
2026-07-31 18:41:00+00:00,0.7031,0.7031,0.703,0.703,11
2026-07-31 18:44:00+00:00,0.703,0.703,0.703,0.703,1
2026-07-31 18:45:00+00:00,0.7029,0.7029,0.7029,0.7029,3
2026-07-31 18:52:00+00:00,0.7029,0.7029,0.7029,0.7029,42
2026-07-31 18:55:00+00:00,0.7031,0.7031,0.7031,0.7031,16
2026-07-31 18:58:00+00:00,0.7032,0.7032,0.7031,0.7031,5
2026-07-31 18:59:00+00:00,0.7032,0.7032,0.7032,0.7032,12
2026-07-31 19:00:00+00:00,0.7033,0.7033,0.7033,0.7033,10
2026-07-31 19:10:00+00:00,0.7033,0.7033,0.7033,0.7033,1
2026-07-31 19:12:00+00:00,0.7033,0.7033,0.7033,0.7033,2
2026-07-31 19:13:00+00:00,0.7034,0.7034,0.7034,0.7034,6
2026-07-31 19:15:00+00:00,0.7033,0.7033,0.7032,0.7032,22
2026-07-31 19:21:00+00:00,0.7033,0.7033,0.7033,0.7033,8
2026-07-31 19:22:00+00:00,0.7033,0.7033,0.7033,0.7033,10
2026-07-31 19:25:00+00:00,0.7033,0.7033,0.7033,0.7033,3
2026-07-31 19:26:00+00:00,0.7033,0.7033,0.7033,0.7033,2
2026-07-31 19:29:00+00:00,0.7034,0.7034,0.7034,0.7034,7
2026-07-31 19:30:00+00:00,0.7034,0.7034,0.7033,0.7033,4
2026-07-31 19:35:00+00:00,0.7032,0.7032,0.7032,0.7032,1
2026-07-31 19:36:00+00:00,0.7032,0.7032,0.7031,0.7031,2
2026-07-31 19:38:00+00:00,0.7032,0.7032,0.7032,0.7032,5
2026-07-31 19:42:00+00:00,0.7034,0.7034,0.7034,0.7034,2
2026-07-31 19:43:00+00:00,0.7034,0.7034,0.7034,0.7034,1
2026-07-31 19:44:00+00:00,0.7035,0.7035,0.7035,0.7035,2
2026-07-31 19:45:00+00:00,0.7036,0.7037,0.7036,0.7037,6
2026-07-31 19:49:00+00:00,0.7036,0.7036,0.7036,0.7036,4
2026-07-31 19:50:00+00:00,0.7036,0.7036,0.7036,0.7036,3
2026-07-31 19:51:00+00:00,0.7023,0.7023,0.7023,0.7023,1
2026-07-31 19:52:00+00:00,0.7036,0.7037,0.7036,0.7037,4
2026-07-31 19:54:00+00:00,0.7036,0.7036,0.7036,0.7036,3
2026-07-31 19:55:00+00:00,0.7035,0.7035,0.7035,0.7035,1
2026-07-31 19:56:00+00:00,0.7034,0.7034,0.7034,0.7034,20
2026-07-31 19:57:00+00:00,0.7033,0.7033,0.7033,0.7033,6
2026-07-31 19:58:00+00:00,0.7032,0.7032,0.7032,0.7032,4
2026-07-31 19:59:00+00:00,0.7032,0.7032,0.7032,0.7032,4
2026-07-31 20:00:00+00:00,0.7031,0.7031,0.703,0.703,21
2026-07-31 20:01:00+00:00,0.703,0.703,0.703,0.703,39
2026-07-31 20:04:00+00:00,0.703,0.703,0.703,0.703,3
2026-07-31 20:05:00+00:00,0.7029,0.7029,0.7029,0.7029,6
2026-07-31 20:06:00+00:00,0.7028,0.7029,0.7028,0.7029,5
2026-07-31 20:07:00+00:00,0.703,0.703,0.7029,0.7029,13
2026-07-31 20:09:00+00:00,0.703,0.703,0.703,0.703,8
2026-07-31 20:10:00+00:00,0.703,0.703,0.703,0.703,6
2026-07-31 20:14:00+00:00,0.7031,0.7031,0.7031,0.7031,4
2026-07-31 20:15:00+00:00,0.7031,0.7031,0.7031,0.7031,7
2026-07-31 20:18:00+00:00,0.7033,0.7033,0.7033,0.7033,4
2026-07-31 20:19:00+00:00,0.7033,0.7033,0.7033,0.7033,9
2026-07-31 20:20:00+00:00,0.7033,0.7033,0.7033,0.7033,3
2026-07-31 20:21:00+00:00,0.7034,0.7034,0.7034,0.7034,8
2026-07-31 20:22:00+00:00,0.7034,0.7034,0.7034,0.7034,5
2026-07-31 20:24:00+00:00,0.7034,0.7034,0.7034,0.7034,5
2026-07-31 20:25:00+00:00,0.7034,0.7034,0.7034,0.7034,2
2026-07-31 20:26:00+00:00,0.7033,0.7033,0.7033,0.7033,1
2026-07-31 20:27:00+00:00,0.7033,0.7033,0.7033,0.7033,4
2026-07-31 20:28:00+00:00,0.7031,0.7032,0.7031,0.7032,7
2026-07-31 20:30:00+00:00,0.7034,0.7035,0.7034,0.7035,48
2026-07-31 20:31:00+00:00,0.7034,0.7034,0.7034,0.7034,4
2026-07-31 20:32:00+00:00,0.7034,0.7034,0.7034,0.7034,4
2026-07-31 20:35:00+00:00,0.7033,0.7033,0.7033,0.7033,5
2026-07-31 20:37:00+00:00,0.7033,0.7033,0.7033,0.7033,1
2026-07-31 20:38:00+00:00,0.7036,0.7036,0.7036,0.7036,1
2026-07-31 20:39:00+00:00,0.7036,0.7036,0.7036,0.7036,4
2026-07-31 20:40:00+00:00,0.7035,0.7035,0.7035,0.7035,2
2026-07-31 20:41:00+00:00,0.7035,0.7035,0.7035,0.7035,4
2026-07-31 20:42:00+00:00,0.7034,0.7034,0.7033,0.7033,41
2026-07-31 20:43:00+00:00,0.7034,0.7034,0.7034,0.7034,5
2026-07-31 20:45:00+00:00,0.7034,0.7036,0.7033,0.7036,23
2026-07-31 20:46:00+00:00,0.7036,0.7036,0.7036,0.7036,3
2026-07-31 20:49:00+00:00,0.7037,0.7037,0.7037,0.7037,1
2026-07-31 20:50:00+00:00,0.7037,0.7037,0.7037,0.7037,6
2026-07-31 20:52:00+00:00,0.7035,0.7035,0.7035,0.7035,8
2026-07-31 20:53:00+00:00,0.7033,0.7033,0.7031,0.7032,50
2026-07-31 20:54:00+00:00,0.7034,0.7034,0.7034,0.7034,3
2026-07-31 20:55:00+00:00,0.7036,0.7036,0.7034,0.7034,5
2026-07-31 20:57:00+00:00,0.7029,0.7029,0.7029,0.7029,1
2026-07-31 20:58:00+00:00,0.7025,0.7026,0.7021,0.7023,110
2026-07-31 20:59:00+00:00,0.7025,0.7025,0.7015,0.7015,41
