timestamp,open,high,low,close,volume
2026-07-01 00:00:00+00:00,437.5,437.5,437.5,437.5,2
2026-07-01 00:01:00+00:00,451.0,451.0,451.0,451.0,3
2026-07-01 00:04:00+00:00,416.5,416.5,416.5,416.5,1
2026-07-01 00:04:00+00:00,-19.5,-19.5,-19.5,-19.5,1
2026-07-01 00:04:00+00:00,436.0,436.0,436.0,436.0,1
2026-07-01 00:11:00+00:00,418.0,418.0,418.0,418.0,1
2026-07-01 00:11:00+00:00,437.5,438.5,437.5,438.5,3
2026-07-01 00:12:00+00:00,418.5,418.5,418.5,418.5,1
2026-07-01 00:15:00+00:00,437.5,437.5,437.5,437.5,1
2026-07-01 00:17:00+00:00,419.0,419.0,419.0,419.0,1
2026-07-01 00:20:00+00:00,438.5,438.5,438.5,438.5,1
2026-07-01 00:24:00+00:00,438.0,438.0,438.0,438.0,1
2026-07-01 00:31:00+00:00,438.5,438.5,438.5,438.5,1
2026-07-01 00:33:00+00:00,418.0,418.0,418.0,418.0,2
2026-07-01 02:05:00+00:00,452.5,452.5,452.5,452.5,3
2026-07-01 02:49:00+00:00,419.0,419.0,419.0,419.0,2
2026-07-01 03:07:00+00:00,439.0,439.0,439.0,439.0,3
2026-07-01 03:28:00+00:00,439.5,439.5,439.5,439.5,1
2026-07-01 03:37:00+00:00,420.0,420.0,420.0,420.0,1
2026-07-01 03:43:00+00:00,419.5,419.5,419.5,419.5,2
2026-07-01 04:26:00+00:00,419.5,419.5,419.5,419.5,1
2026-07-01 04:41:00+00:00,439.0,439.0,439.0,439.0,5
2026-07-01 05:44:00+00:00,439.0,439.0,439.0,439.0,2
2026-07-01 05:54:00+00:00,420.0,420.0,420.0,420.0,1
2026-07-01 05:54:00+00:00,439.5,439.5,439.5,439.5,1
2026-07-01 06:42:00+00:00,438.5,438.5,438.5,438.5,1
2026-07-01 06:46:00+00:00,419.0,419.0,419.0,419.0,2
2026-07-01 06:52:00+00:00,419.0,419.0,419.0,419.0,2
2026-07-01 07:31:00+00:00,419.0,419.0,419.0,419.0,1
2026-07-01 07:57:00+00:00,439.0,439.0,439.0,439.0,3
2026-07-01 07:57:00+00:00,454.0,454.0,454.0,454.0,3
2026-07-01 08:00:00+00:00,439.0,439.0,439.0,439.0,3
2026-07-01 08:06:00+00:00,419.5,419.5,419.5,419.5,1
2026-07-01 08:21:00+00:00,420.0,420.0,420.0,420.0,1
2026-07-01 08:27:00+00:00,420.5,420.5,420.5,420.5,1
2026-07-01 08:29:00+00:00,419.5,419.5,419.5,419.5,1
2026-07-01 10:05:00+00:00,452.0,452.0,452.0,452.0,3
2026-07-01 10:05:00+00:00,417.5,417.5,417.5,417.5,6
2026-07-01 10:16:00+00:00,418.5,418.5,418.5,418.5,2
2026-07-01 10:46:00+00:00,438.5,438.5,438.5,438.5,1
2026-07-01 11:39:00+00:00,420.0,420.0,420.0,420.0,2
2026-07-01 11:40:00+00:00,439.5,439.5,439.5,439.5,3
2026-07-01 11:41:00+00:00,420.0,420.0,420.0,420.0,1
2026-07-01 11:46:00+00:00,440.5,441.0,440.5,441.0,13
2026-07-01 11:46:00+00:00,456.0,456.0,456.0,456.0,2
2026-07-01 11:46:00+00:00,420.5,423.0,420.5,423.0,9
2026-07-01 11:47:00+00:00,422.5,422.5,422.5,422.5,3
2026-07-01 11:47:00+00:00,457.0,457.0,457.0,457.0,3
2026-07-01 11:48:00+00:00,423.5,423.5,423.0,423.0,6
2026-07-01 11:49:00+00:00,423.5,423.5,423.5,423.5,2
2026-07-01 11:50:00+00:00,441.5,441.5,441.5,441.5,1
2026-07-01 11:51:00+00:00,423.0,423.0,423.0,423.0,1
2026-07-01 11:53:00+00:00,424.0,424.0,424.0,424.0,1
2026-07-01 11:54:00+00:00,423.5,423.5,423.5,423.5,2
2026-07-01 11:55:00+00:00,458.0,458.0,458.0,458.0,2
2026-07-01 11:56:00+00:00,423.0,423.0,423.0,423.0,12
2026-07-01 11:56:00+00:00,-19.0,-19.0,-19.0,-19.0,2
2026-07-01 11:56:00+00:00,442.0,442.0,442.0,442.0,32
2026-07-01 11:57:00+00:00,423.5,423.5,423.5,423.5,1
2026-07-01 12:00:00+00:00,443.0,443.0,443.0,443.0,1
2026-07-01 12:02:00+00:00,457.0,457.0,457.0,457.0,4
2026-07-01 12:05:00+00:00,423.5,423.5,423.5,423.5,1
2026-07-01 12:14:00+00:00,441.5,441.5,441.5,441.5,2
2026-07-01 12:30:00+00:00,456.0,456.0,456.0,456.0,3
2026-07-01 12:38:00+00:00,422.0,422.0,422.0,422.0,1
2026-07-01 13:30:00+00:00,420.5,421.0,420.5,421.0,8
2026-07-01 13:30:00+00:00,441.5,442.0,441.5,442.0,7
2026-07-01 13:30:00+00:00,457.0,457.0,457.0,457.0,3
2026-07-01 13:31:00+00:00,442.0,442.0,442.0,442.0,1
2026-07-01 13:33:00+00:00,438.5,438.5,438.5,438.5,1
2026-07-01 13:36:00+00:00,442.5,442.5,442.5,442.5,2
2026-07-01 13:38:00+00:00,423.0,423.0,423.0,423.0,9
2026-07-01 13:41:00+00:00,424.0,424.0,424.0,424.0,1
2026-07-01 13:41:00+00:00,443.0,443.0,443.0,443.0,2
2026-07-01 13:42:00+00:00,424.0,424.0,424.0,424.0,1
2026-07-01 13:42:00+00:00,458.5,458.5,458.5,458.5,3
2026-07-01 13:43:00+00:00,424.0,424.0,424.0,424.0,1
2026-07-01 13:44:00+00:00,424.0,424.0,424.0,424.0,1
2026-07-01 13:45:00+00:00,-34.0,-34.0,-34.0,-34.0,5
2026-07-01 13:47:00+00:00,443.5,443.5,443.5,443.5,6
2026-07-01 13:48:00+00:00,424.0,424.0,423.5,423.5,2
2026-07-01 13:50:00+00:00,422.0,423.0,422.0,423.0,2
2026-07-01 13:51:00+00:00,423.0,423.0,423.0,423.0,1
2026-07-01 13:52:00+00:00,442.5,442.5,442.0,442.0,2
2026-07-01 13:52:00+00:00,457.5,457.5,457.5,457.5,6
2026-07-01 13:53:00+00:00,442.5,442.5,442.5,442.5,1
2026-07-01 13:53:00+00:00,457.5,457.5,457.5,457.5,3
2026-07-01 14:02:00+00:00,441.5,441.5,441.5,441.5,1
2026-07-01 14:06:00+00:00,456.0,456.0,456.0,456.0,3
2026-07-01 14:14:00+00:00,420.5,420.5,420.5,420.5,9
2026-07-01 14:15:00+00:00,420.0,420.0,420.0,420.0,3
2026-07-01 14:17:00+00:00,455.0,455.0,455.0,455.0,3
2026-07-01 14:19:00+00:00,455.0,455.0,455.0,455.0,3
2026-07-01 14:19:00+00:00,419.5,419.5,419.5,419.5,1
2026-07-01 14:19:00+00:00,439.5,439.5,439.5,439.5,3
2026-07-01 14:22:00+00:00,440.0,440.0,440.0,440.0,3
2026-07-01 14:22:00+00:00,455.5,455.5,455.5,455.5,3
2026-07-01 14:30:00+00:00,419.0,419.5,419.0,419.5,2
2026-07-01 14:38:00+00:00,419.0,419.0,419.0,419.0,6
2026-07-01 14:39:00+00:00,419.0,419.0,419.0,419.0,6
2026-07-01 14:40:00+00:00,420.0,420.0,420.0,420.0,1
2026-07-01 14:44:00+00:00,454.5,454.5,454.5,454.5,3
2026-07-01 14:48:00+00:00,455.5,455.5,455.5,455.5,3
2026-07-01 15:07:00+00:00,439.5,439.5,439.5,439.5,2
2026-07-01 15:12:00+00:00,454.5,454.5,454.5,454.5,3
2026-07-01 15:29:00+00:00,440.0,440.0,440.0,440.0,1
2026-07-01 15:49:00+00:00,420.0,420.0,420.0,420.0,1
2026-07-01 16:19:00+00:00,441.0,441.0,441.0,441.0,2
2026-07-01 16:28:00+00:00,420.5,420.5,420.5,420.5,1
2026-07-01 16:33:00+00:00,421.0,421.0,421.0,421.0,1
2026-07-01 16:34:00+00:00,421.5,421.5,421.5,421.5,2
2026-07-01 16:38:00+00:00,441.0,441.0,441.0,441.0,1
2026-07-01 16:40:00+00:00,421.0,421.0,421.0,421.0,3
2026-07-01 16:54:00+00:00,421.5,421.5,421.5,421.5,1
2026-07-01 17:00:00+00:00,421.5,421.5,421.5,421.5,1
2026-07-01 17:27:00+00:00,441.0,441.0,441.0,441.0,2
2026-07-01 17:29:00+00:00,421.0,421.0,421.0,421.0,2
2026-07-01 17:32:00+00:00,441.5,441.5,441.5,441.5,1
2026-07-01 17:33:00+00:00,441.5,441.5,441.5,441.5,1
2026-07-01 17:37:00+00:00,421.5,421.5,421.5,421.5,3
2026-07-01 17:57:00+00:00,422.0,422.0,422.0,422.0,1
2026-07-01 18:00:00+00:00,422.0,423.0,422.0,423.0,12
2026-07-01 18:11:00+00:00,442.5,443.0,442.5,443.0,2
2026-07-01 18:14:00+00:00,422.5,422.5,422.5,422.5,2
2026-07-01 18:18:00+00:00,424.0,424.0,424.0,424.0,1
2026-07-01 18:18:00+00:00,443.5,443.5,443.5,443.5,1
2026-07-02 00:02:00+00:00,458.0,458.0,458.0,458.0,3
2026-07-02 00:03:00+00:00,458.0,458.0,458.0,458.0,1
2026-07-02 00:09:00+00:00,422.0,422.0,422.0,422.0,4
2026-07-02 00:09:00+00:00,456.5,456.5,456.5,456.5,16
2026-07-02 00:24:00+00:00,442.0,442.0,442.0,442.0,2
2026-07-02 00:24:00+00:00,423.0,423.0,423.0,423.0,1
2026-07-02 00:24:00+00:00,-19.0,-19.0,-19.0,-19.0,1
2026-07-02 00:25:00+00:00,423.0,423.0,423.0,423.0,1
2026-07-02 00:27:00+00:00,423.5,423.5,423.5,423.5,1
2026-07-02 00:58:00+00:00,424.0,424.0,424.0,424.0,1
2026-07-02 01:10:00+00:00,424.0,424.0,424.0,424.0,2
2026-07-02 01:28:00+00:00,443.0,443.0,443.0,443.0,18
2026-07-02 01:30:00+00:00,423.5,423.5,423.5,423.5,4
2026-07-02 01:41:00+00:00,443.0,443.0,443.0,443.0,1
2026-07-02 01:51:00+00:00,424.0,424.0,424.0,424.0,4
2026-07-02 02:45:00+00:00,443.0,443.0,443.0,443.0,1
2026-07-02 02:53:00+00:00,424.0,424.0,424.0,424.0,1
2026-07-02 03:14:00+00:00,458.0,458.0,458.0,458.0,3
2026-07-02 03:53:00+00:00,423.5,423.5,423.5,423.5,6
2026-07-02 04:29:00+00:00,423.5,423.5,423.5,423.5,2
2026-07-02 04:35:00+00:00,423.5,423.5,423.5,423.5,1
2026-07-02 05:08:00+00:00,423.0,423.0,423.0,423.0,4
2026-07-02 05:15:00+00:00,424.0,424.0,424.0,424.0,1
2026-07-02 05:34:00+00:00,423.0,423.0,423.0,423.0,1
2026-07-02 06:15:00+00:00,457.0,457.0,457.0,457.0,2
2026-07-02 07:17:00+00:00,456.5,456.5,456.5,456.5,3
2026-07-02 07:23:00+00:00,456.5,456.5,456.5,456.5,3
2026-07-02 07:46:00+00:00,443.0,443.0,443.0,443.0,5
2026-07-02 07:57:00+00:00,443.0,443.0,443.0,443.0,3
2026-07-02 08:21:00+00:00,424.0,424.0,424.0,424.0,1
2026-07-02 08:59:00+00:00,424.0,424.0,424.0,424.0,1
2026-07-02 09:38:00+00:00,458.5,458.5,458.5,458.5,1
2026-07-02 09:57:00+00:00,443.5,443.5,443.5,443.5,3
2026-07-02 10:03:00+00:00,459.0,459.0,459.0,459.0,3
2026-07-02 10:06:00+00:00,425.0,425.5,425.0,425.5,2
2026-07-02 10:09:00+00:00,444.5,444.5,444.5,444.5,1
2026-07-02 10:15:00+00:00,444.0,444.0,444.0,444.0,1
2026-07-02 10:20:00+00:00,425.5,425.5,425.5,425.5,3
2026-07-02 10:26:00+00:00,444.0,444.0,444.0,444.0,2
2026-07-02 10:31:00+00:00,459.5,459.5,459.5,459.5,3
2026-07-02 10:31:00+00:00,425.5,425.5,425.5,425.5,1
2026-07-02 10:40:00+00:00,425.0,425.0,425.0,425.0,1
2026-07-02 11:19:00+00:00,426.0,426.0,426.0,426.0,4
2026-07-02 11:21:00+00:00,459.5,459.5,459.5,459.5,3
2026-07-02 11:41:00+00:00,426.0,426.0,426.0,426.0,1
2026-07-02 11:57:00+00:00,460.0,460.0,460.0,460.0,3
2026-07-02 12:01:00+00:00,460.0,460.0,460.0,460.0,6
2026-07-02 12:14:00+00:00,426.5,426.5,426.5,426.5,1
2026-07-02 12:32:00+00:00,444.0,444.0,443.5,443.5,22
2026-07-02 12:38:00+00:00,425.0,425.0,425.0,425.0,3
2026-07-02 13:30:00+00:00,425.0,425.0,425.0,425.0,4
2026-07-02 13:31:00+00:00,458.5,458.5,458.5,458.5,3
2026-07-02 13:33:00+00:00,426.0,426.0,426.0,426.0,1
2026-07-02 13:39:00+00:00,444.5,444.5,444.5,444.5,1
2026-07-02 13:39:00+00:00,425.5,425.5,425.5,425.5,1
2026-07-02 13:43:00+00:00,426.0,426.0,426.0,426.0,3
2026-07-02 13:48:00+00:00,427.0,427.0,427.0,427.0,1
2026-07-02 13:49:00+00:00,427.0,427.0,427.0,427.0,1
2026-07-02 13:50:00+00:00,460.5,460.5,460.5,460.5,3
2026-07-02 13:54:00+00:00,426.0,426.0,426.0,426.0,1
2026-07-02 13:56:00+00:00,444.5,444.5,444.5,444.5,3
2026-07-02 14:07:00+00:00,460.0,460.0,460.0,460.0,3
2026-07-02 14:14:00+00:00,444.5,444.5,444.5,444.5,1
2026-07-02 14:15:00+00:00,425.0,425.0,425.0,425.0,1
2026-07-02 14:19:00+00:00,444.0,444.0,444.0,444.0,1
2026-07-02 14:22:00+00:00,444.5,444.5,444.5,444.5,1
2026-07-02 14:27:00+00:00,-49.0,-49.0,-49.0,-49.0,1
2026-07-02 14:29:00+00:00,426.0,426.0,426.0,426.0,6
2026-07-02 14:32:00+00:00,426.0,426.0,426.0,426.0,1
2026-07-02 14:36:00+00:00,460.0,460.0,460.0,460.0,9
2026-07-02 14:39:00+00:00,445.0,445.0,445.0,445.0,1
2026-07-02 14:40:00+00:00,460.0,460.5,460.0,460.5,6
2026-07-02 14:46:00+00:00,460.5,460.5,460.5,460.5,3
2026-07-02 14:51:00+00:00,459.5,459.5,459.5,459.5,3
2026-07-02 14:58:00+00:00,459.5,459.5,459.5,459.5,3
2026-07-02 15:05:00+00:00,426.0,426.0,426.0,426.0,1
2026-07-02 15:07:00+00:00,425.5,425.5,425.5,425.5,3
2026-07-02 15:08:00+00:00,425.5,425.5,425.5,425.5,4
2026-07-02 15:10:00+00:00,425.5,425.5,425.5,425.5,7
2026-07-02 15:16:00+00:00,444.5,444.5,444.5,444.5,3
2026-07-02 15:18:00+00:00,444.5,444.5,444.5,444.5,3
2026-07-02 15:22:00+00:00,425.5,425.5,425.5,425.5,1
2026-07-02 15:27:00+00:00,445.0,445.0,445.0,445.0,4
2026-07-02 15:29:00+00:00,445.0,445.0,445.0,445.0,3
2026-07-02 15:31:00+00:00,445.0,445.0,445.0,445.0,2
2026-07-02 15:33:00+00:00,426.0,426.0,426.0,426.0,2
2026-07-02 15:50:00+00:00,459.0,459.0,459.0,459.0,3
2026-07-02 15:52:00+00:00,458.5,458.5,458.5,458.5,3
2026-07-02 15:55:00+00:00,443.0,443.0,443.0,443.0,1
2026-07-02 16:49:00+00:00,442.5,442.5,442.5,442.5,1
2026-07-02 16:52:00+00:00,442.0,442.0,442.0,442.0,1
2026-07-02 16:55:00+00:00,423.0,423.0,423.0,423.0,1
2026-07-02 17:03:00+00:00,442.0,442.0,442.0,442.0,1
2026-07-02 17:07:00+00:00,422.5,422.5,422.5,422.5,1
2026-07-02 17:13:00+00:00,422.5,422.5,422.5,422.5,2
2026-07-02 17:23:00+00:00,442.0,442.0,442.0,442.0,2
2026-07-02 17:42:00+00:00,442.0,442.0,442.0,442.0,2
2026-07-02 17:55:00+00:00,424.0,424.0,424.0,424.0,5
2026-07-02 18:03:00+00:00,442.0,442.0,442.0,442.0,1
2026-07-02 18:14:00+00:00,422.5,422.5,422.5,422.5,1
2026-07-02 18:14:00+00:00,442.0,442.0,442.0,442.0,1
2026-07-02 18:15:00+00:00,456.0,456.0,456.0,456.0,5
2026-07-02 18:15:00+00:00,422.5,422.5,422.5,422.5,4
2026-07-06 00:00:00+00:00,425.0,428.0,425.0,428.0,15
2026-07-06 00:00:00+00:00,446.0,446.0,446.0,446.0,2
2026-07-06 00:02:00+00:00,447.0,447.0,447.0,447.0,5
2026-07-06 00:02:00+00:00,428.5,429.5,428.5,429.5,5
2026-07-06 00:03:00+00:00,448.0,448.0,448.0,448.0,1
2026-07-06 00:03:00+00:00,462.5,462.5,462.5,462.5,2
2026-07-06 00:09:00+00:00,429.5,429.5,429.5,429.5,1
2026-07-06 00:09:00+00:00,448.5,448.5,448.5,448.5,1
2026-07-06 00:11:00+00:00,430.0,430.0,430.0,430.0,1
2026-07-06 00:13:00+00:00,462.5,462.5,462.5,462.5,3
2026-07-06 00:16:00+00:00,430.0,430.0,430.0,430.0,16
2026-07-06 00:18:00+00:00,463.5,463.5,463.5,463.5,3
2026-07-06 00:22:00+00:00,449.5,449.5,449.5,449.5,1
2026-07-06 00:23:00+00:00,449.0,449.0,449.0,449.0,1
2026-07-06 00:24:00+00:00,449.0,449.0,449.0,449.0,1
2026-07-06 00:24:00+00:00,430.0,430.0,430.0,430.0,1
2026-07-06 00:26:00+00:00,448.0,448.0,448.0,448.0,1
2026-07-06 00:35:00+00:00,429.5,429.5,429.5,429.5,2
2026-07-06 00:35:00+00:00,448.5,448.5,448.5,448.5,1
2026-07-06 00:39:00+00:00,429.0,429.0,429.0,429.0,6
2026-07-06 00:45:00+00:00,462.5,462.5,462.5,462.5,2
2026-07-06 00:47:00+00:00,429.5,429.5,429.5,429.5,1
2026-07-06 00:50:00+00:00,449.0,449.0,449.0,449.0,1
2026-07-06 01:00:00+00:00,463.0,463.0,463.0,463.0,3
2026-07-06 01:15:00+00:00,430.5,430.5,430.5,430.5,13
2026-07-06 01:25:00+00:00,448.5,448.5,448.5,448.5,1
2026-07-06 01:33:00+00:00,449.0,449.0,449.0,449.0,1
2026-07-06 01:37:00+00:00,430.0,430.0,430.0,430.0,8
2026-07-06 01:37:00+00:00,464.0,464.0,464.0,464.0,3
2026-07-06 01:39:00+00:00,430.0,430.0,430.0,430.0,3
2026-07-06 01:43:00+00:00,430.5,430.5,430.5,430.5,1
2026-07-06 02:00:00+00:00,430.5,430.5,430.0,430.0,2
2026-07-06 02:02:00+00:00,430.0,430.0,430.0,430.0,1
2026-07-06 02:03:00+00:00,450.0,450.0,450.0,450.0,1
2026-07-06 02:05:00+00:00,430.0,430.0,430.0,430.0,1
2026-07-06 02:18:00+00:00,450.0,450.0,450.0,450.0,1
2026-07-06 02:30:00+00:00,430.5,430.5,430.5,430.5,1
2026-07-06 02:45:00+00:00,429.5,429.5,429.5,429.5,1
2026-07-06 03:09:00+00:00,430.0,430.0,430.0,430.0,1
2026-07-06 03:32:00+00:00,463.5,463.5,463.5,463.5,2
2026-07-06 03:46:00+00:00,463.0,463.0,463.0,463.0,3
2026-07-06 03:49:00+00:00,430.0,430.0,430.0,430.0,4
2026-07-06 03:50:00+00:00,430.0,430.0,430.0,430.0,3
2026-07-06 03:59:00+00:00,430.0,430.0,430.0,430.0,1
2026-07-06 03:59:00+00:00,464.0,464.0,464.0,464.0,3
2026-07-06 04:00:00+00:00,464.0,464.0,464.0,464.0,3
2026-07-06 04:03:00+00:00,430.5,430.5,430.5,430.5,22
2026-07-06 04:06:00+00:00,450.0,450.0,450.0,450.0,1
2026-07-06 04:15:00+00:00,464.5,464.5,464.5,464.5,3
2026-07-06 04:16:00+00:00,464.5,464.5,464.5,464.5,3
2026-07-06 04:18:00+00:00,430.5,430.5,430.5,430.5,1
2026-07-06 04:21:00+00:00,430.5,430.5,430.5,430.5,1
2026-07-06 04:36:00+00:00,450.5,450.5,450.5,450.5,1
2026-07-06 04:46:00+00:00,430.0,430.0,430.0,430.0,1
2026-07-06 04:54:00+00:00,430.5,430.5,430.5,430.5,1
2026-07-06 05:49:00+00:00,431.0,431.0,431.0,431.0,1
2026-07-06 05:51:00+00:00,431.0,431.0,431.0,431.0,1
2026-07-06 06:02:00+00:00,431.0,431.0,431.0,431.0,1
2026-07-06 06:04:00+00:00,432.0,432.0,432.0,432.0,3
2026-07-06 06:07:00+00:00,432.0,432.0,432.0,432.0,1
2026-07-06 06:17:00+00:00,466.0,466.0,466.0,466.0,1
2026-07-06 06:18:00+00:00,432.0,432.0,432.0,432.0,2
2026-07-06 06:26:00+00:00,431.5,431.5,431.5,431.5,3
2026-07-06 06:29:00+00:00,432.0,432.0,432.0,432.0,1
2026-07-06 06:33:00+00:00,431.5,431.5,431.5,431.5,1
2026-07-06 06:49:00+00:00,431.0,431.0,431.0,431.0,1
2026-07-06 06:55:00+00:00,431.0,431.0,431.0,431.0,1
2026-07-06 07:07:00+00:00,430.5,430.5,430.5,430.5,6
2026-07-06 07:20:00+00:00,431.5,431.5,431.5,431.5,1
2026-07-06 07:23:00+00:00,432.0,432.0,432.0,432.0,1
2026-07-06 07:25:00+00:00,451.5,451.5,451.5,451.5,4
2026-07-06 07:26:00+00:00,451.5,451.5,451.5,451.5,3
2026-07-06 07:35:00+00:00,432.5,432.5,432.5,432.5,6
2026-07-06 07:37:00+00:00,432.5,432.5,432.5,432.5,3
2026-07-06 07:56:00+00:00,467.0,467.0,467.0,467.0,2
2026-07-06 07:56:00+00:00,452.5,452.5,452.5,452.5,3
2026-07-06 07:56:00+00:00,433.0,433.0,433.0,433.0,5
2026-07-06 07:57:00+00:00,452.5,452.5,452.5,452.5,3
2026-07-06 08:01:00+00:00,433.0,433.0,433.0,433.0,1
2026-07-06 08:09:00+00:00,452.5,452.5,452.5,452.5,3
2026-07-06 08:12:00+00:00,467.0,467.0,467.0,467.0,1
2026-07-06 08:14:00+00:00,433.5,433.5,433.5,433.5,1
2026-07-06 08:16:00+00:00,466.5,466.5,466.5,466.5,1
2026-07-06 08:20:00+00:00,452.5,452.5,452.5,452.5,3
2026-07-06 08:20:00+00:00,467.0,467.0,467.0,467.0,3
2026-07-06 08:22:00+00:00,467.5,467.5,467.5,467.5,1
2026-07-06 08:24:00+00:00,433.5,433.5,433.5,433.5,1
2026-07-06 08:26:00+00:00,453.0,453.0,453.0,453.0,2
2026-07-06 08:29:00+00:00,453.0,453.0,453.0,453.0,1
2026-07-06 08:51:00+00:00,452.5,452.5,452.5,452.5,1
2026-07-06 08:55:00+00:00,433.5,433.5,433.5,433.5,2
2026-07-06 08:59:00+00:00,453.5,453.5,453.5,453.5,3
2026-07-06 08:59:00+00:00,434.0,434.0,434.0,434.0,3
2026-07-06 09:01:00+00:00,434.5,434.5,434.5,434.5,15
2026-07-06 09:01:00+00:00,454.5,454.5,454.5,454.5,4
2026-07-06 09:02:00+00:00,434.5,434.5,434.5,434.5,1
2026-07-06 09:02:00+00:00,-19.5,-19.5,-19.5,-19.5,1
2026-07-06 09:02:00+00:00,454.0,454.0,454.0,454.0,1
2026-07-06 09:14:00+00:00,454.5,454.5,454.5,454.5,1
2026-07-06 09:14:00+00:00,435.0,435.0,435.0,435.0,6
2026-07-06 09:16:00+00:00,435.0,435.0,435.0,435.0,1
2026-07-06 09:16:00+00:00,469.0,469.0,469.0,469.0,3
2026-07-06 09:19:00+00:00,435.0,435.0,435.0,435.0,1
2026-07-06 09:21:00+00:00,435.0,435.0,435.0,435.0,1
2026-07-06 09:21:00+00:00,469.0,469.0,469.0,469.0,6
2026-07-06 09:26:00+00:00,434.5,434.5,434.5,434.5,1
2026-07-06 09:27:00+00:00,435.0,435.0,435.0,435.0,1
2026-07-06 09:29:00+00:00,434.5,434.5,434.5,434.5,2
2026-07-06 09:33:00+00:00,434.5,434.5,434.5,434.5,1
2026-07-06 09:43:00+00:00,435.0,435.0,435.0,435.0,1
2026-07-06 09:44:00+00:00,469.0,469.0,469.0,469.0,3
2026-07-06 09:49:00+00:00,435.0,435.0,435.0,435.0,1
2026-07-06 09:54:00+00:00,435.0,435.0,435.0,435.0,2
2026-07-06 10:05:00+00:00,435.0,435.0,435.0,435.0,1
2026-07-06 10:06:00+00:00,435.0,435.0,435.0,435.0,5
2026-07-06 10:07:00+00:00,455.0,455.0,455.0,455.0,1
2026-07-06 10:31:00+00:00,435.0,435.0,435.0,435.0,2
2026-07-06 10:32:00+00:00,454.5,454.5,454.5,454.5,6
2026-07-06 10:33:00+00:00,435.5,435.5,435.5,435.5,3
2026-07-06 10:33:00+00:00,455.0,455.0,455.0,455.0,1
2026-07-06 10:34:00+00:00,435.0,435.0,435.0,435.0,6
2026-07-06 10:41:00+00:00,435.0,435.0,435.0,435.0,1
2026-07-06 10:43:00+00:00,435.0,435.0,435.0,435.0,4
2026-07-06 10:46:00+00:00,435.0,435.0,435.0,435.0,1
2026-07-06 10:47:00+00:00,455.0,455.0,455.0,455.0,1
2026-07-06 10:59:00+00:00,435.0,435.0,435.0,435.0,1
2026-07-06 11:04:00+00:00,435.5,435.5,435.5,435.5,1
2026-07-06 11:14:00+00:00,455.0,455.0,455.0,455.0,1
2026-07-06 11:22:00+00:00,454.5,454.5,454.5,454.5,2
2026-07-06 11:29:00+00:00,435.0,435.0,435.0,435.0,3
2026-07-06 11:34:00+00:00,435.0,435.0,435.0,435.0,1
2026-07-06 11:35:00+00:00,454.5,454.5,454.5,454.5,1
2026-07-06 11:58:00+00:00,454.0,454.0,454.0,454.0,5
2026-07-06 12:07:00+00:00,454.0,454.0,454.0,454.0,5
2026-07-06 12:08:00+00:00,454.0,454.0,454.0,454.0,1
2026-07-06 12:30:00+00:00,434.0,434.0,434.0,434.0,1
2026-07-06 12:31:00+00:00,434.0,434.0,434.0,434.0,1
2026-07-06 12:37:00+00:00,434.5,434.5,434.5,434.5,2
2026-07-06 12:38:00+00:00,454.5,454.5,454.5,454.5,4
2026-07-06 12:38:00+00:00,435.0,435.0,435.0,435.0,1
2026-07-06 12:41:00+00:00,455.0,455.0,455.0,455.0,1
2026-07-06 12:42:00+00:00,470.0,470.0,470.0,470.0,2
2026-07-06 13:30:00+00:00,454.5,454.5,454.5,454.5,3
2026-07-06 13:30:00+00:00,435.5,435.5,435.0,435.5,12
2026-07-06 13:33:00+00:00,435.5,435.5,435.0,435.0,2
2026-07-06 13:34:00+00:00,434.5,434.5,434.0,434.0,3
2026-07-06 13:36:00+00:00,434.0,434.0,434.0,434.0,1
2026-07-06 13:39:00+00:00,435.0,435.0,435.0,435.0,1
2026-07-06 13:40:00+00:00,454.5,454.5,454.5,454.5,1
2026-07-06 13:41:00+00:00,435.0,435.0,435.0,435.0,1
2026-07-06 13:42:00+00:00,435.0,435.0,435.0,435.0,1
2026-07-06 13:43:00+00:00,470.0,470.0,470.0,470.0,2
2026-07-06 13:44:00+00:00,455.0,455.0,455.0,455.0,1
2026-07-06 13:44:00+00:00,435.5,435.5,435.5,435.5,3
2026-07-06 13:49:00+00:00,454.5,454.5,454.5,454.5,1
2026-07-06 13:49:00+00:00,434.5,435.0,434.5,435.0,4
2026-07-06 13:53:00+00:00,435.5,435.5,435.5,435.5,1
2026-07-06 13:55:00+00:00,456.0,456.0,456.0,456.0,2
2026-07-06 13:55:00+00:00,436.0,436.5,436.0,436.5,11
2026-07-06 13:59:00+00:00,436.0,436.0,436.0,436.0,1
2026-07-06 14:00:00+00:00,436.5,436.5,436.5,436.5,1
2026-07-06 14:01:00+00:00,436.0,436.0,436.0,436.0,2
2026-07-06 14:04:00+00:00,436.0,436.0,436.0,436.0,1
2026-07-06 14:06:00+00:00,471.0,471.0,471.0,471.0,3
2026-07-06 14:10:00+00:00,471.0,471.0,471.0,471.0,6
2026-07-06 14:12:00+00:00,456.5,457.0,456.5,457.0,2
2026-07-06 14:12:00+00:00,436.5,436.5,436.5,436.5,1
2026-07-06 14:13:00+00:00,457.0,457.0,457.0,457.0,1
2026-07-06 14:13:00+00:00,471.5,471.5,471.5,471.5,3
2026-07-06 14:13:00+00:00,437.0,437.0,437.0,437.0,6
2026-07-06 14:14:00+00:00,457.0,457.0,457.0,457.0,3
2026-07-06 14:15:00+00:00,456.5,456.5,456.5,456.5,1
2026-07-06 14:17:00+00:00,437.0,437.0,437.0,437.0,1
2026-07-06 14:19:00+00:00,437.0,437.5,437.0,437.5,2
2026-07-06 14:20:00+00:00,438.0,438.0,437.0,437.0,3
2026-07-06 14:21:00+00:00,437.5,437.5,437.5,437.5,1
2026-07-06 14:22:00+00:00,457.0,457.0,457.0,457.0,1
2026-07-06 14:27:00+00:00,471.0,471.0,471.0,471.0,3
2026-07-06 14:28:00+00:00,436.0,436.0,436.0,436.0,1
2026-07-06 14:30:00+00:00,456.0,456.0,456.0,456.0,1
2026-07-06 14:30:00+00:00,436.0,436.0,436.0,436.0,1
2026-07-06 14:34:00+00:00,436.0,436.0,436.0,436.0,3
2026-07-06 14:45:00+00:00,436.5,436.5,436.5,436.5,1
2026-07-06 14:47:00+00:00,456.0,456.0,456.0,456.0,2
2026-07-06 14:50:00+00:00,437.0,437.0,437.0,437.0,1
2026-07-06 14:51:00+00:00,456.0,456.0,456.0,456.0,1
2026-07-06 14:52:00+00:00,436.5,436.5,436.5,436.5,1
2026-07-06 14:53:00+00:00,457.0,457.0,457.0,457.0,1
2026-07-06 14:54:00+00:00,456.5,456.5,456.5,456.5,10
2026-07-06 14:57:00+00:00,457.5,457.5,457.5,457.5,1
2026-07-06 14:58:00+00:00,438.0,438.0,438.0,438.0,4
2026-07-06 14:58:00+00:00,458.0,458.0,458.0,458.0,3
2026-07-06 15:01:00+00:00,438.0,438.0,438.0,438.0,1
2026-07-06 15:02:00+00:00,472.5,472.5,472.5,472.5,3
2026-07-06 15:02:00+00:00,438.0,438.0,438.0,438.0,10
2026-07-06 15:05:00+00:00,436.5,436.5,436.5,436.5,2
2026-07-06 15:10:00+00:00,437.5,437.5,437.5,437.5,3
2026-07-06 15:11:00+00:00,457.0,457.0,457.0,457.0,1
2026-07-06 15:11:00+00:00,437.0,437.0,437.0,437.0,1
2026-07-06 15:13:00+00:00,436.5,436.5,436.5,436.5,2
2026-07-06 15:17:00+00:00,436.0,436.0,436.0,436.0,2
2026-07-06 15:20:00+00:00,437.0,437.0,437.0,437.0,1
2026-07-06 15:21:00+00:00,437.0,437.0,437.0,437.0,1
2026-07-06 15:24:00+00:00,437.0,437.0,437.0,437.0,1
2026-07-06 15:26:00+00:00,457.0,457.0,457.0,457.0,1
2026-07-06 15:32:00+00:00,438.0,438.0,438.0,438.0,1
2026-07-06 15:33:00+00:00,473.0,473.0,473.0,473.0,3
2026-07-06 15:33:00+00:00,458.5,458.5,458.5,458.5,1
2026-07-06 15:38:00+00:00,438.5,439.0,438.5,439.0,2
2026-07-06 15:40:00+00:00,473.0,473.0,473.0,473.0,2
2026-07-06 15:50:00+00:00,439.0,439.0,439.0,439.0,3
2026-07-06 15:50:00+00:00,473.5,473.5,473.5,473.5,3
2026-07-06 16:00:00+00:00,438.0,438.0,438.0,438.0,1
2026-07-06 16:01:00+00:00,438.0,438.0,438.0,438.0,2
2026-07-06 16:05:00+00:00,472.5,472.5,472.5,472.5,1
2026-07-06 16:09:00+00:00,438.0,438.0,438.0,438.0,1
2026-07-06 16:09:00+00:00,472.5,472.5,472.5,472.5,3
2026-07-06 16:10:00+00:00,438.0,438.5,438.0,438.5,11
2026-07-06 16:14:00+00:00,438.0,438.0,438.0,438.0,4
2026-07-06 16:16:00+00:00,437.5,437.5,437.5,437.5,1
2026-07-06 16:18:00+00:00,437.0,437.0,437.0,437.0,1
2026-07-06 16:19:00+00:00,437.0,437.0,437.0,437.0,1
2026-07-06 16:20:00+00:00,437.5,437.5,437.5,437.5,1
2026-07-06 16:21:00+00:00,437.5,437.5,437.5,437.5,1
2026-07-06 16:25:00+00:00,437.0,437.0,437.0,437.0,1
2026-07-06 16:26:00+00:00,456.5,456.5,456.0,456.0,2
2026-07-06 16:30:00+00:00,456.0,456.0,456.0,456.0,2
2026-07-06 16:32:00+00:00,437.0,437.0,437.0,437.0,1
2026-07-06 16:34:00+00:00,436.5,436.5,436.5,436.5,2
2026-07-06 16:36:00+00:00,436.0,436.0,436.0,436.0,2
2026-07-06 16:37:00+00:00,436.0,436.0,436.0,436.0,2
2026-07-06 16:38:00+00:00,436.0,436.0,436.0,436.0,2
2026-07-06 16:46:00+00:00,436.5,436.5,436.5,436.5,2
2026-07-06 16:50:00+00:00,-34.5,-34.5,-34.5,-34.5,2
2026-07-06 16:50:00+00:00,471.0,471.0,471.0,471.0,2
2026-07-06 16:50:00+00:00,436.5,436.5,436.5,436.5,2
2026-07-06 16:56:00+00:00,-34.5,-34.5,-34.5,-34.5,1
2026-07-06 16:56:00+00:00,437.0,437.0,437.0,437.0,1
2026-07-06 16:56:00+00:00,471.5,471.5,471.5,471.5,1
2026-07-06 16:58:00+00:00,456.5,456.5,456.5,456.5,2
2026-07-06 16:58:00+00:00,-34.5,-34.5,-34.5,-34.5,5
2026-07-06 17:00:00+00:00,437.0,437.0,437.0,437.0,2
2026-07-06 17:00:00+00:00,-34.5,-34.5,-34.5,-34.5,2
2026-07-06 17:00:00+00:00,471.5,471.5,471.5,471.5,2
2026-07-06 17:01:00+00:00,-34.5,-34.5,-34.5,-34.5,5
2026-07-06 17:01:00+00:00,437.0,437.0,436.5,436.5,5
2026-07-06 17:01:00+00:00,471.5,471.5,471.0,471.0,5
2026-07-06 17:06:00+00:00,436.5,436.5,436.5,436.5,3
2026-07-06 17:06:00+00:00,-34.5,-34.5,-34.5,-34.5,3
2026-07-06 17:06:00+00:00,471.0,471.0,471.0,471.0,3
2026-07-06 17:07:00+00:00,437.0,437.0,437.0,437.0,2
2026-07-06 17:08:00+00:00,471.5,471.5,471.5,471.5,4
2026-07-06 17:08:00+00:00,-34.5,-34.5,-34.5,-34.5,4
2026-07-06 17:08:00+00:00,437.0,437.0,437.0,437.0,5
2026-07-06 17:10:00+00:00,437.5,437.5,437.0,437.0,3
2026-07-06 17:11:00+00:00,471.5,471.5,471.5,471.5,1
2026-07-06 17:11:00+00:00,-34.5,-34.5,-34.5,-34.5,1
2026-07-06 17:11:00+00:00,437.0,437.0,437.0,437.0,1
2026-07-06 17:12:00+00:00,-34.5,-34.5,-34.5,-34.5,2
2026-07-06 17:12:00+00:00,471.5,471.5,471.5,471.5,2
2026-07-06 17:12:00+00:00,437.0,437.0,437.0,437.0,3
2026-07-06 17:14:00+00:00,456.0,456.0,456.0,456.0,1
2026-07-06 17:17:00+00:00,456.5,456.5,456.5,456.5,1
2026-07-06 17:25:00+00:00,437.0,437.0,437.0,437.0,4
2026-07-06 17:25:00+00:00,-34.5,-34.5,-34.5,-34.5,1
2026-07-06 17:25:00+00:00,471.5,471.5,471.5,471.5,1
2026-07-06 17:28:00+00:00,438.0,438.0,438.0,438.0,2
2026-07-06 17:28:00+00:00,472.5,472.5,472.5,472.5,3
2026-07-06 17:40:00+00:00,438.0,438.0,438.0,438.0,1
2026-07-06 17:47:00+00:00,472.5,472.5,472.5,472.5,1
2026-07-06 18:07:00+00:00,472.0,472.0,472.0,472.0,1
2026-07-06 18:07:00+00:00,-34.0,-34.0,-34.0,-34.0,1
2026-07-06 18:07:00+00:00,438.0,438.0,438.0,438.0,1
2026-07-06 18:11:00+00:00,458.0,458.0,458.0,458.0,3
2026-07-06 18:14:00+00:00,438.5,438.5,438.5,438.5,2
2026-07-06 18:17:00+00:00,439.0,439.0,439.0,439.0,2
2026-07-06 18:18:00+00:00,458.5,458.5,458.5,458.5,2
2026-07-06 18:19:00+00:00,439.0,439.0,438.5,438.5,4
2026-07-07 00:00:00+00:00,437.5,437.5,436.5,437.5,11
2026-07-07 00:02:00+00:00,436.0,436.5,435.5,436.5,7
2026-07-07 00:02:00+00:00,470.0,470.0,470.0,470.0,2
2026-07-07 00:39:00+00:00,437.0,437.0,437.0,437.0,1
2026-07-07 01:12:00+00:00,437.0,437.0,437.0,437.0,1
2026-07-07 01:28:00+00:00,471.5,471.5,471.5,471.5,1
2026-07-07 01:28:00+00:00,457.0,457.0,457.0,457.0,1
2026-07-07 01:28:00+00:00,-14.5,-14.5,-14.5,-14.5,1
2026-07-07 01:44:00+00:00,438.0,438.0,438.0,438.0,1
2026-07-07 01:50:00+00:00,438.5,438.5,438.5,438.5,6
2026-07-07 01:50:00+00:00,472.5,472.5,472.5,472.5,3
2026-07-07 01:54:00+00:00,438.5,438.5,438.5,438.5,2
2026-07-07 01:55:00+00:00,439.0,439.0,439.0,439.0,1
2026-07-07 01:56:00+00:00,473.0,473.0,473.0,473.0,9
2026-07-07 02:00:00+00:00,438.5,438.5,438.5,438.5,1
2026-07-07 02:02:00+00:00,459.0,459.0,459.0,459.0,5
2026-07-07 02:05:00+00:00,458.5,458.5,458.5,458.5,1
2026-07-07 02:21:00+00:00,439.5,439.5,439.5,439.5,1
2026-07-07 02:30:00+00:00,439.5,439.5,438.5,439.0,21
2026-07-07 02:30:00+00:00,458.5,458.5,458.5,458.5,2
2026-07-07 02:31:00+00:00,439.0,439.0,439.0,439.0,3
2026-07-07 02:39:00+00:00,438.5,438.5,438.5,438.5,1
2026-07-07 02:52:00+00:00,472.5,472.5,472.5,472.5,6
2026-07-07 02:53:00+00:00,472.5,472.5,472.5,472.5,3
2026-07-07 02:58:00+00:00,438.0,438.0,438.0,438.0,1
2026-07-07 03:02:00+00:00,438.0,438.0,438.0,438.0,1
2026-07-07 03:07:00+00:00,458.0,458.0,458.0,458.0,1
2026-07-07 03:09:00+00:00,438.0,438.0,438.0,438.0,1
2026-07-07 03:09:00+00:00,458.0,458.0,458.0,458.0,1
2026-07-07 03:13:00+00:00,457.5,457.5,457.5,457.5,2
2026-07-07 03:16:00+00:00,438.5,438.5,438.0,438.0,3
2026-07-07 04:42:00+00:00,438.0,438.0,438.0,438.0,1
2026-07-07 05:16:00+00:00,437.5,437.5,437.5,437.5,5
2026-07-07 05:34:00+00:00,437.0,437.0,436.5,436.5,2
2026-07-07 06:19:00+00:00,472.0,472.0,472.0,472.0,3
2026-07-07 06:25:00+00:00,472.0,472.0,472.0,472.0,3
2026-07-07 06:40:00+00:00,438.0,438.0,438.0,438.0,5
2026-07-07 06:49:00+00:00,437.0,437.0,437.0,437.0,1
2026-07-07 06:53:00+00:00,470.5,470.5,470.5,470.5,3
2026-07-07 06:53:00+00:00,436.5,436.5,436.5,436.5,3
2026-07-07 06:54:00+00:00,470.5,470.5,470.5,470.5,3
2026-07-07 07:00:00+00:00,436.5,436.5,436.5,436.5,3
2026-07-07 07:03:00+00:00,471.5,472.0,471.5,472.0,5
2026-07-07 07:03:00+00:00,457.0,457.0,457.0,457.0,3
2026-07-07 07:03:00+00:00,437.5,437.5,437.5,437.5,3
2026-07-07 07:27:00+00:00,438.5,438.5,438.5,438.5,3
2026-07-07 07:28:00+00:00,458.0,458.0,458.0,458.0,3
2026-07-07 07:31:00+00:00,438.5,438.5,438.5,438.5,1
2026-07-07 07:34:00+00:00,438.5,439.0,438.5,439.0,2
2026-07-07 07:37:00+00:00,473.0,473.0,473.0,473.0,1
2026-07-07 07:47:00+00:00,473.0,473.0,473.0,473.0,3
2026-07-07 07:51:00+00:00,459.0,459.0,459.0,459.0,3
2026-07-07 07:51:00+00:00,473.5,473.5,473.5,473.5,3
2026-07-07 07:53:00+00:00,458.5,458.5,458.5,458.5,2
2026-07-07 07:54:00+00:00,439.0,439.0,439.0,439.0,2
2026-07-07 07:58:00+00:00,459.0,459.0,459.0,459.0,2
2026-07-07 08:00:00+00:00,-19.5,-19.5,-19.5,-19.5,2
2026-07-07 09:40:00+00:00,458.0,458.0,458.0,458.0,1
2026-07-07 09:48:00+00:00,457.0,457.0,457.0,457.0,1
2026-07-07 10:20:00+00:00,472.5,472.5,472.5,472.5,9
2026-07-07 10:21:00+00:00,472.5,472.5,472.5,472.5,3
2026-07-07 10:58:00+00:00,473.5,473.5,473.5,473.5,5
2026-07-07 10:58:00+00:00,458.5,458.5,458.5,458.5,6
2026-07-07 10:58:00+00:00,439.0,439.0,439.0,439.0,3
2026-07-07 10:59:00+00:00,439.5,439.5,439.5,439.5,4
2026-07-07 10:59:00+00:00,459.0,459.0,459.0,459.0,3
2026-07-07 10:59:00+00:00,473.5,473.5,473.5,473.5,3
2026-07-07 11:00:00+00:00,473.5,474.0,473.5,474.0,6
2026-07-07 11:01:00+00:00,474.0,474.0,474.0,474.0,3
2026-07-07 11:17:00+00:00,473.5,473.5,473.5,473.5,11
2026-07-07 11:17:00+00:00,459.0,459.0,459.0,459.0,6
2026-07-07 11:38:00+00:00,474.0,474.0,474.0,474.0,3
2026-07-07 11:41:00+00:00,440.0,440.0,440.0,440.0,1
2026-07-07 11:51:00+00:00,440.0,440.0,440.0,440.0,1
2026-07-07 11:53:00+00:00,440.0,440.0,440.0,440.0,1
2026-07-07 11:53:00+00:00,460.0,460.0,460.0,460.0,6
2026-07-07 11:57:00+00:00,475.0,475.0,475.0,475.0,3
2026-07-07 11:58:00+00:00,460.5,460.5,460.5,460.5,1
2026-07-07 12:01:00+00:00,441.0,441.0,441.0,441.0,1
2026-07-07 12:03:00+00:00,441.0,441.0,441.0,441.0,3
2026-07-07 12:05:00+00:00,474.5,474.5,474.5,474.5,3
2026-07-07 12:05:00+00:00,440.0,440.0,440.0,440.0,3
2026-07-07 12:11:00+00:00,440.0,440.0,440.0,440.0,1
2026-07-07 12:15:00+00:00,460.0,460.0,460.0,460.0,1
2026-07-07 12:16:00+00:00,460.0,460.0,460.0,460.0,2
2026-07-07 12:17:00+00:00,440.0,440.0,440.0,440.0,1
2026-07-07 12:19:00+00:00,440.0,440.0,440.0,440.0,1
2026-07-07 12:41:00+00:00,439.0,439.0,439.0,439.0,1
2026-07-07 13:30:00+00:00,438.5,438.5,438.0,438.5,19
2026-07-07 13:35:00+00:00,438.5,439.0,438.5,439.0,5
2026-07-07 13:37:00+00:00,440.0,440.0,440.0,440.0,2
2026-07-07 13:42:00+00:00,440.0,440.0,440.0,440.0,2
2026-07-07 13:47:00+00:00,438.0,438.0,438.0,438.0,4
2026-07-07 13:55:00+00:00,438.0,438.0,438.0,438.0,1
2026-07-07 14:08:00+00:00,458.0,458.0,458.0,458.0,2
2026-07-07 14:11:00+00:00,436.5,437.0,436.0,437.0,4
2026-07-07 14:14:00+00:00,436.5,436.5,436.5,436.5,1
2026-07-07 14:16:00+00:00,436.5,436.5,436.5,436.5,1
2026-07-07 14:21:00+00:00,457.0,457.0,457.0,457.0,5
2026-07-07 14:28:00+00:00,435.5,436.0,435.5,436.0,3
2026-07-07 14:28:00+00:00,-35.0,-35.0,-35.0,-35.0,4
2026-07-07 14:28:00+00:00,471.0,471.0,471.0,471.0,2
2026-07-07 14:29:00+00:00,-35.0,-35.0,-35.0,-35.0,2
2026-07-07 14:35:00+00:00,436.0,436.0,436.0,436.0,2
2026-07-07 14:42:00+00:00,436.5,436.5,436.5,436.5,2
2026-07-07 14:47:00+00:00,436.5,436.5,436.5,436.5,4
2026-07-07 14:51:00+00:00,455.5,455.5,455.5,455.5,4
2026-07-07 15:02:00+00:00,436.5,436.5,436.5,436.5,1
2026-07-07 15:19:00+00:00,438.5,438.5,438.5,438.5,1
2026-07-07 15:20:00+00:00,439.5,439.5,439.5,439.5,1
2026-07-07 15:23:00+00:00,439.0,439.0,439.0,439.0,1
2026-07-07 15:29:00+00:00,-35.0,-35.0,-35.0,-35.0,1
2026-07-07 15:29:00+00:00,474.5,474.5,474.5,474.5,1
2026-07-07 15:29:00+00:00,439.5,439.5,439.5,439.5,1
2026-07-07 15:35:00+00:00,438.0,438.0,438.0,438.0,1
2026-07-07 15:42:00+00:00,459.0,459.0,459.0,459.0,2
2026-07-07 15:43:00+00:00,438.5,438.5,438.5,438.5,1
2026-07-07 15:44:00+00:00,439.0,439.0,439.0,439.0,2
2026-07-07 15:53:00+00:00,439.5,439.5,439.5,439.5,1
2026-07-07 15:55:00+00:00,439.5,439.5,439.5,439.5,1
2026-07-07 15:57:00+00:00,439.0,439.0,439.0,439.0,1
2026-07-07 15:59:00+00:00,473.5,473.5,473.5,473.5,2
2026-07-07 16:10:00+00:00,439.5,439.5,439.5,439.5,10
2026-07-07 16:31:00+00:00,439.0,439.0,439.0,439.0,1
2026-07-07 16:32:00+00:00,474.5,474.5,474.5,474.5,3
2026-07-07 16:47:00+00:00,474.5,474.5,474.5,474.5,3
2026-07-07 16:50:00+00:00,440.0,440.0,440.0,440.0,12
2026-07-07 16:51:00+00:00,440.5,440.5,440.5,440.5,1
2026-07-07 16:51:00+00:00,460.5,460.5,460.5,460.5,3
2026-07-07 16:52:00+00:00,441.5,441.5,441.5,441.5,11
2026-07-07 16:55:00+00:00,441.5,441.5,441.5,441.5,1
2026-07-07 16:56:00+00:00,461.5,461.5,461.5,461.5,5
2026-07-07 16:57:00+00:00,476.5,476.5,476.5,476.5,10
2026-07-07 16:59:00+00:00,442.0,442.0,441.5,441.5,16
2026-07-07 16:59:00+00:00,462.0,462.5,462.0,462.5,8
2026-07-07 17:00:00+00:00,463.0,463.0,463.0,463.0,1
2026-07-07 17:00:00+00:00,442.5,442.5,442.5,442.5,1
2026-07-07 17:00:00+00:00,477.0,477.5,477.0,477.5,15
2026-07-07 17:01:00+00:00,443.0,443.0,443.0,443.0,1
2026-07-07 17:02:00+00:00,443.0,443.0,443.0,443.0,1
2026-07-07 17:02:00+00:00,463.5,464.0,463.5,464.0,5
2026-07-07 17:03:00+00:00,443.5,443.5,443.5,443.5,1
2026-07-07 17:08:00+00:00,444.0,444.0,444.0,444.0,5
2026-07-07 17:10:00+00:00,464.0,464.5,464.0,464.5,2
2026-07-07 17:11:00+00:00,444.0,444.0,444.0,444.0,1
2026-07-07 17:12:00+00:00,444.5,444.5,444.0,444.0,2
2026-07-07 17:13:00+00:00,464.5,464.5,464.5,464.5,1
2026-07-07 17:20:00+00:00,478.0,478.0,477.5,477.5,19
2026-07-07 17:21:00+00:00,477.5,477.5,477.5,477.5,3
2026-07-07 17:22:00+00:00,443.0,443.0,443.0,443.0,1
2026-07-07 17:30:00+00:00,444.0,444.0,444.0,444.0,1
2026-07-07 17:34:00+00:00,443.5,443.5,443.5,443.5,1
2026-07-07 17:36:00+00:00,463.5,463.5,463.5,463.5,13
2026-07-07 17:36:00+00:00,443.0,443.0,443.0,443.0,1
2026-07-07 17:40:00+00:00,463.5,463.5,463.5,463.5,1
2026-07-07 17:42:00+00:00,443.0,443.0,443.0,443.0,1
2026-07-07 17:45:00+00:00,463.5,463.5,463.5,463.5,1
2026-07-07 17:46:00+00:00,463.5,463.5,463.0,463.0,3
2026-07-07 17:48:00+00:00,463.0,463.0,463.0,463.0,1
2026-07-07 18:05:00+00:00,464.0,464.0,464.0,464.0,1
2026-07-07 18:12:00+00:00,443.5,443.5,443.5,443.5,1
2026-07-07 18:12:00+00:00,479.0,479.0,479.0,479.0,13
2026-07-07 18:14:00+00:00,443.5,443.5,443.5,443.5,2
2026-07-07 18:17:00+00:00,443.0,443.0,443.0,443.0,2
2026-07-07 18:17:00+00:00,463.5,463.5,463.5,463.5,7
2026-07-08 00:00:00+00:00,442.0,442.0,442.0,442.0,8
2026-07-08 00:00:00+00:00,463.0,463.0,463.0,463.0,2
2026-07-08 00:08:00+00:00,463.5,463.5,463.0,463.0,20
2026-07-08 00:08:00+00:00,442.5,442.5,442.5,442.5,1
2026-07-08 00:08:00+00:00,-21.0,-21.0,-21.0,-21.0,1
2026-07-08 00:20:00+00:00,442.5,442.5,442.5,442.5,4
2026-07-08 00:27:00+00:00,442.0,442.0,442.0,442.0,1
2026-07-08 00:35:00+00:00,441.0,441.0,441.0,441.0,1
2026-07-08 00:44:00+00:00,441.0,441.0,441.0,441.0,3
2026-07-08 00:48:00+00:00,441.0,441.0,441.0,441.0,1
2026-07-08 00:48:00+00:00,461.0,461.0,461.0,461.0,3
2026-07-08 00:49:00+00:00,461.0,461.0,461.0,461.0,3
2026-07-08 00:50:00+00:00,440.5,440.5,440.5,440.5,1
2026-07-08 00:51:00+00:00,440.5,440.5,440.5,440.5,1
2026-07-08 00:52:00+00:00,440.5,440.5,440.5,440.5,1
2026-07-08 00:53:00+00:00,440.5,440.5,440.5,440.5,1
2026-07-08 00:54:00+00:00,440.5,440.5,440.5,440.5,1
2026-07-08 00:57:00+00:00,440.0,440.0,440.0,440.0,3
2026-07-08 00:59:00+00:00,440.0,440.0,440.0,440.0,23
2026-07-08 01:08:00+00:00,440.0,440.0,440.0,440.0,1
2026-07-08 01:54:00+00:00,462.5,462.5,462.5,462.5,1
2026-07-08 02:07:00+00:00,463.0,463.0,463.0,463.0,3
2026-07-08 02:08:00+00:00,463.0,463.0,463.0,463.0,3
2026-07-08 02:21:00+00:00,441.5,441.5,441.5,441.5,2
2026-07-08 02:22:00+00:00,477.0,477.0,477.0,477.0,4
2026-07-08 02:55:00+00:00,442.0,442.0,442.0,442.0,4
2026-07-08 02:57:00+00:00,441.0,441.0,441.0,441.0,3
2026-07-08 02:59:00+00:00,441.5,441.5,441.5,441.5,3
2026-07-08 03:30:00+00:00,442.5,442.5,442.5,442.5,1
2026-07-08 03:41:00+00:00,442.0,442.0,442.0,442.0,1
2026-07-08 03:42:00+00:00,442.0,442.0,442.0,442.0,1
2026-07-08 03:43:00+00:00,442.0,442.0,442.0,442.0,1
2026-07-08 03:47:00+00:00,462.5,462.5,462.5,462.5,1
2026-07-08 03:55:00+00:00,442.5,442.5,442.5,442.5,1
2026-07-08 04:17:00+00:00,442.5,442.5,442.5,442.5,1
2026-07-08 04:18:00+00:00,442.5,442.5,442.0,442.0,2
2026-07-08 04:21:00+00:00,442.0,442.0,442.0,442.0,1
2026-07-08 05:03:00+00:00,441.5,441.5,441.5,441.5,1
2026-07-08 05:14:00+00:00,441.5,441.5,441.5,441.5,1
2026-07-08 05:20:00+00:00,442.0,442.0,442.0,442.0,1
2026-07-08 05:40:00+00:00,442.0,442.0,442.0,442.0,1
2026-07-08 05:48:00+00:00,441.0,441.0,441.0,441.0,2
2026-07-08 05:49:00+00:00,441.0,441.0,441.0,441.0,1
2026-07-08 05:50:00+00:00,441.5,441.5,441.5,441.5,1
2026-07-08 05:56:00+00:00,441.5,441.5,441.5,441.5,1
2026-07-08 05:57:00+00:00,440.5,440.5,440.5,440.5,1
2026-07-08 06:01:00+00:00,441.5,441.5,440.5,440.5,2
2026-07-08 06:04:00+00:00,440.5,440.5,440.5,440.5,1
2026-07-08 06:20:00+00:00,462.0,462.0,462.0,462.0,4
2026-07-08 07:07:00+00:00,477.5,477.5,477.5,477.5,3
2026-07-08 07:10:00+00:00,441.5,441.5,441.5,441.5,9
2026-07-08 07:20:00+00:00,443.0,443.0,443.0,443.0,3
2026-07-08 07:24:00+00:00,443.0,443.0,443.0,443.0,1
2026-07-08 07:25:00+00:00,443.0,443.0,443.0,443.0,4
2026-07-08 07:27:00+00:00,443.5,443.5,443.5,443.5,1
2026-07-08 07:39:00+00:00,444.0,444.0,444.0,444.0,2
2026-07-08 07:40:00+00:00,479.5,479.5,479.5,479.5,1
2026-07-08 07:56:00+00:00,442.5,442.5,442.5,442.5,2
2026-07-08 07:58:00+00:00,442.5,442.5,442.5,442.5,1
2026-07-08 07:59:00+00:00,442.5,442.5,442.5,442.5,1
2026-07-08 08:05:00+00:00,464.0,464.0,464.0,464.0,3
2026-07-08 08:16:00+00:00,464.5,464.5,464.5,464.5,1
2026-07-08 08:17:00+00:00,480.0,480.5,480.0,480.5,8
2026-07-08 08:17:00+00:00,465.5,465.5,465.5,465.5,3
2026-07-08 08:17:00+00:00,444.0,444.0,444.0,444.0,1
2026-07-08 08:20:00+00:00,445.0,445.0,445.0,445.0,1
2026-07-08 08:25:00+00:00,480.5,480.5,480.5,480.5,3
2026-07-08 08:32:00+00:00,464.5,464.5,464.5,464.5,16
2026-07-08 08:32:00+00:00,-15.0,-15.0,-15.0,-15.0,1
2026-07-08 08:32:00+00:00,479.5,479.5,479.5,479.5,1
2026-07-08 08:33:00+00:00,444.0,444.0,444.0,444.0,5
2026-07-08 08:37:00+00:00,444.5,444.5,444.5,444.5,19
2026-07-08 08:56:00+00:00,444.0,444.0,444.0,444.0,1
2026-07-08 09:07:00+00:00,444.0,444.0,444.0,444.0,3
2026-07-08 09:15:00+00:00,479.0,479.0,479.0,479.0,3
2026-07-08 09:19:00+00:00,444.0,444.0,444.0,444.0,2
2026-07-08 09:23:00+00:00,464.5,464.5,464.5,464.5,2
2026-07-08 09:31:00+00:00,444.0,444.0,444.0,444.0,2
2026-07-08 09:43:00+00:00,463.5,463.5,463.5,463.5,1
2026-07-08 09:54:00+00:00,464.5,464.5,464.5,464.5,2
2026-07-08 10:09:00+00:00,443.0,443.0,443.0,443.0,2
2026-07-08 10:13:00+00:00,443.0,443.0,443.0,443.0,3
2026-07-08 10:14:00+00:00,442.5,442.5,442.0,442.0,6
2026-07-08 10:19:00+00:00,463.0,463.0,463.0,463.0,2
2026-07-08 10:24:00+00:00,442.5,442.5,442.5,442.5,3
2026-07-08 10:28:00+00:00,464.0,464.0,464.0,464.0,1
2026-07-08 10:33:00+00:00,463.5,463.5,463.5,463.5,3
2026-07-08 10:42:00+00:00,478.0,478.0,478.0,478.0,7
2026-07-08 10:43:00+00:00,478.0,478.0,478.0,478.0,3
2026-07-08 10:44:00+00:00,443.0,443.0,443.0,443.0,4
2026-07-08 11:08:00+00:00,442.5,442.5,442.5,442.5,2
2026-07-08 11:41:00+00:00,464.0,464.0,464.0,464.0,6
2026-07-08 11:41:00+00:00,442.5,442.5,442.5,442.5,1
2026-07-08 11:43:00+00:00,478.0,478.0,478.0,478.0,3
2026-07-08 11:47:00+00:00,441.5,441.5,441.5,441.5,1
2026-07-08 11:51:00+00:00,478.0,478.0,478.0,478.0,3
2026-07-08 11:57:00+00:00,462.5,462.5,462.5,462.5,2
2026-07-08 12:15:00+00:00,443.0,443.0,443.0,443.0,1
2026-07-08 13:30:00+00:00,442.0,442.0,441.5,441.5,15
2026-07-08 13:30:00+00:00,463.5,463.5,463.5,463.5,1
2026-07-08 13:30:00+00:00,477.5,477.5,477.5,477.5,1
2026-07-08 13:31:00+00:00,455.0,455.0,455.0,455.0,3
2026-07-08 13:43:00+00:00,440.0,440.0,440.0,440.0,2
2026-07-08 13:50:00+00:00,443.0,443.0,443.0,443.0,1
2026-07-08 13:56:00+00:00,443.0,443.0,443.0,443.0,1
2026-07-08 13:57:00+00:00,439.0,439.0,439.0,439.0,3
2026-07-08 14:00:00+00:00,438.0,438.0,432.5,438.0,29
2026-07-08 14:02:00+00:00,465.0,465.0,465.0,465.0,3
2026-07-08 14:09:00+00:00,440.0,440.0,440.0,440.0,1
2026-07-08 14:14:00+00:00,437.5,437.5,437.5,437.5,7
2026-07-08 14:24:00+00:00,464.5,464.5,464.5,464.5,5
2026-07-08 14:28:00+00:00,457.0,457.0,457.0,457.0,8
2026-07-08 14:29:00+00:00,440.0,440.0,440.0,440.0,6
2026-07-08 14:30:00+00:00,438.0,438.0,438.0,438.0,1
2026-07-08 14:31:00+00:00,437.0,437.0,437.0,437.0,1
2026-07-08 14:34:00+00:00,438.0,438.0,438.0,438.0,1
2026-07-08 14:35:00+00:00,436.0,436.0,436.0,436.0,1
2026-07-08 14:40:00+00:00,458.5,459.0,458.5,459.0,2
2026-07-08 14:43:00+00:00,437.0,437.0,437.0,437.0,3
2026-07-08 15:03:00+00:00,437.5,437.5,436.5,436.5,7
2026-07-08 15:04:00+00:00,436.5,436.5,436.5,436.5,1
2026-07-08 15:07:00+00:00,458.0,458.0,458.0,458.0,3
2026-07-08 15:12:00+00:00,438.0,438.0,438.0,438.0,1
2026-07-08 15:15:00+00:00,437.5,437.5,437.5,437.5,1
2026-07-08 15:16:00+00:00,437.0,437.0,437.0,437.0,1
2026-07-08 15:21:00+00:00,458.0,458.0,458.0,458.0,2
2026-07-08 15:28:00+00:00,474.0,474.0,473.5,473.5,4
2026-07-08 15:44:00+00:00,436.5,436.5,436.5,436.5,2
2026-07-08 15:45:00+00:00,458.0,458.0,458.0,458.0,1
2026-07-08 15:49:00+00:00,457.5,457.5,457.5,457.5,1
2026-07-08 15:52:00+00:00,473.0,473.0,473.0,473.0,2
2026-07-08 15:59:00+00:00,473.0,473.0,473.0,473.0,3
2026-07-08 16:02:00+00:00,458.5,458.5,458.5,458.5,1
2026-07-08 16:03:00+00:00,473.0,473.0,473.0,473.0,3
2026-07-08 16:06:00+00:00,436.0,436.0,436.0,436.0,1
2026-07-08 16:06:00+00:00,457.5,457.5,457.5,457.5,1
2026-07-08 16:08:00+00:00,435.5,435.5,435.5,435.5,3
2026-07-08 16:11:00+00:00,435.0,435.0,435.0,435.0,3
2026-07-08 16:15:00+00:00,456.5,456.5,456.5,456.5,2
2026-07-08 16:15:00+00:00,436.0,436.0,436.0,436.0,1
2026-07-08 16:38:00+00:00,435.5,435.5,435.5,435.5,1
2026-07-08 16:38:00+00:00,472.5,472.5,472.0,472.0,2
2026-07-08 16:42:00+00:00,435.0,435.0,435.0,435.0,1
2026-07-08 16:43:00+00:00,456.5,456.5,456.5,456.5,4
2026-07-08 17:15:00+00:00,471.0,471.0,471.0,471.0,3
2026-07-08 17:45:00+00:00,435.5,435.5,435.5,435.5,1
2026-07-08 17:56:00+00:00,435.0,435.0,435.0,435.0,2
2026-07-08 17:57:00+00:00,435.5,435.5,435.5,435.5,1
2026-07-08 18:11:00+00:00,435.0,435.0,435.0,435.0,1
2026-07-08 18:12:00+00:00,471.0,471.0,471.0,471.0,1
2026-07-08 18:14:00+00:00,434.5,434.5,434.5,434.5,2
2026-07-08 18:16:00+00:00,434.5,434.5,434.0,434.0,4
2026-07-08 18:16:00+00:00,-36.5,-36.5,-36.5,-36.5,1
2026-07-08 18:16:00+00:00,470.5,470.5,470.5,470.5,1
2026-07-08 18:17:00+00:00,434.0,434.0,434.0,434.0,2
2026-07-08 18:18:00+00:00,434.0,434.0,434.0,434.0,1
2026-07-09 00:00:00+00:00,433.5,433.5,430.0,430.0,15
2026-07-09 00:30:00+00:00,468.5,468.5,468.5,468.5,2
2026-07-09 00:33:00+00:00,468.5,468.5,468.5,468.5,3
2026-07-09 00:34:00+00:00,433.5,433.5,433.5,433.5,1
2026-07-09 00:41:00+00:00,433.0,433.0,433.0,433.0,1
2026-07-09 00:57:00+00:00,432.5,432.5,432.5,432.5,1
2026-07-09 01:07:00+00:00,432.0,432.0,432.0,432.0,1
2026-07-09 01:10:00+00:00,453.0,453.0,453.0,453.0,2
2026-07-09 01:20:00+00:00,432.5,432.5,432.5,432.5,1
2026-07-09 01:21:00+00:00,433.5,433.5,433.5,433.5,1
2026-07-09 01:23:00+00:00,454.5,454.5,454.5,454.5,1
2026-07-09 02:15:00+00:00,468.0,468.0,468.0,468.0,2
2026-07-09 02:58:00+00:00,452.0,452.0,452.0,452.0,5
2026-07-09 03:13:00+00:00,430.0,430.0,429.5,429.5,14
2026-07-09 03:13:00+00:00,466.5,466.5,466.5,466.5,3
2026-07-09 03:29:00+00:00,430.5,430.5,430.5,430.5,2
2026-07-09 03:35:00+00:00,431.0,431.0,431.0,431.0,1
2026-07-09 03:44:00+00:00,-20.5,-20.5,-20.5,-20.5,1
2026-07-09 03:50:00+00:00,430.0,430.0,430.0,430.0,3
2026-07-09 03:50:00+00:00,466.5,466.5,466.5,466.5,3
2026-07-09 03:55:00+00:00,451.0,451.0,451.0,451.0,1
2026-07-09 03:58:00+00:00,431.0,431.0,431.0,431.0,1
2026-07-09 04:49:00+00:00,468.0,468.0,468.0,468.0,1
2026-07-09 05:37:00+00:00,452.5,452.5,452.5,452.5,1
2026-07-09 06:34:00+00:00,431.5,431.5,431.5,431.5,3
2026-07-09 06:34:00+00:00,468.0,468.0,468.0,468.0,6
2026-07-09 06:36:00+00:00,431.5,431.5,431.5,431.5,3
2026-07-09 06:36:00+00:00,468.0,468.0,468.0,468.0,3
2026-07-09 06:53:00+00:00,452.5,452.5,452.5,452.5,2
2026-07-09 06:53:00+00:00,468.0,468.0,468.0,468.0,6
2026-07-09 06:54:00+00:00,430.5,430.5,430.5,430.5,1
2026-07-09 06:54:00+00:00,451.5,451.5,451.5,451.5,1
2026-07-09 07:05:00+00:00,431.0,431.0,431.0,431.0,8
2026-07-09 07:05:00+00:00,467.5,467.5,467.5,467.5,3
2026-07-09 07:08:00+00:00,431.5,431.5,431.5,431.5,3
2026-07-09 07:25:00+00:00,431.5,431.5,431.5,431.5,3
2026-07-09 07:43:00+00:00,430.5,430.5,430.5,430.5,1
2026-07-09 07:46:00+00:00,451.5,451.5,451.5,451.5,1
2026-07-09 07:57:00+00:00,430.0,430.0,430.0,430.0,1
2026-07-09 07:59:00+00:00,451.0,451.0,451.0,451.0,2
2026-07-09 07:59:00+00:00,430.0,430.0,430.0,430.0,1
2026-07-09 08:05:00+00:00,429.5,429.5,429.5,429.5,1
2026-07-09 08:14:00+00:00,430.0,430.0,430.0,430.0,1
2026-07-09 08:26:00+00:00,430.0,430.0,430.0,430.0,1
2026-07-09 08:27:00+00:00,450.5,450.5,450.5,450.5,1
2026-07-09 08:28:00+00:00,450.5,450.5,450.5,450.5,1
2026-07-09 09:02:00+00:00,430.0,430.0,430.0,430.0,2
2026-07-09 10:22:00+00:00,430.0,430.0,430.0,430.0,6
2026-07-09 10:22:00+00:00,466.0,466.0,466.0,466.0,6
2026-07-09 10:23:00+00:00,430.0,430.5,430.0,430.5,6
2026-07-09 10:26:00+00:00,467.0,467.0,467.0,467.0,6
2026-07-09 10:26:00+00:00,431.0,431.0,431.0,431.0,10
2026-07-09 10:26:00+00:00,451.5,451.5,451.5,451.5,11
2026-07-09 10:27:00+00:00,467.0,467.0,467.0,467.0,6
2026-07-09 10:29:00+00:00,452.0,452.0,452.0,452.0,3
2026-07-09 10:36:00+00:00,451.5,451.5,451.5,451.5,1
2026-07-09 10:39:00+00:00,451.5,451.5,451.5,451.5,1
2026-07-09 10:40:00+00:00,451.5,451.5,451.5,451.5,1
2026-07-09 10:42:00+00:00,451.0,451.0,451.0,451.0,1
2026-07-09 10:48:00+00:00,452.0,452.0,452.0,452.0,9
2026-07-09 10:53:00+00:00,468.5,468.5,468.5,468.5,1
2026-07-09 11:00:00+00:00,431.0,431.0,431.0,431.0,1
2026-07-09 11:04:00+00:00,431.0,431.0,431.0,431.0,1
2026-07-09 11:12:00+00:00,466.5,466.5,466.5,466.5,6
2026-07-09 11:21:00+00:00,466.5,466.5,466.5,466.5,2
2026-07-09 11:23:00+00:00,466.5,466.5,466.5,466.5,2
2026-07-09 11:35:00+00:00,466.5,466.5,466.5,466.5,1
2026-07-09 11:52:00+00:00,431.5,431.5,431.5,431.5,4
2026-07-09 12:23:00+00:00,468.0,468.0,468.0,468.0,3
2026-07-09 12:34:00+00:00,453.0,453.0,453.0,453.0,1
2026-07-09 13:30:00+00:00,430.5,431.5,430.5,431.5,21
2026-07-09 13:30:00+00:00,454.0,454.0,454.0,454.0,1
2026-07-09 13:31:00+00:00,432.5,432.5,432.5,432.5,3
2026-07-09 13:32:00+00:00,452.0,452.0,452.0,452.0,1
2026-07-09 13:33:00+00:00,468.0,468.0,468.0,468.0,3
2026-07-09 13:33:00+00:00,452.0,452.0,452.0,452.0,1
2026-07-09 13:36:00+00:00,467.5,467.5,467.5,467.5,3
2026-07-09 13:42:00+00:00,467.0,467.0,467.0,467.0,2
2026-07-09 13:49:00+00:00,466.0,466.0,466.0,466.0,6
2026-07-09 14:00:00+00:00,466.0,466.0,465.5,465.5,4
2026-07-09 14:02:00+00:00,430.0,430.0,430.0,430.0,1
2026-07-09 14:02:00+00:00,450.0,450.0,449.5,449.5,2
2026-07-09 14:04:00+00:00,465.0,465.0,465.0,465.0,2
2026-07-09 14:04:00+00:00,449.5,449.5,449.5,449.5,4
2026-07-09 14:04:00+00:00,429.0,429.0,429.0,429.0,1
2026-07-09 14:08:00+00:00,430.0,430.5,430.0,430.5,4
2026-07-09 14:25:00+00:00,450.5,450.5,450.5,450.5,3
2026-07-09 14:30:00+00:00,452.0,452.0,452.0,452.0,9
2026-07-09 14:54:00+00:00,469.0,469.0,469.0,469.0,3
2026-07-09 14:54:00+00:00,454.0,454.0,454.0,454.0,6
2026-07-09 14:55:00+00:00,434.0,434.0,434.0,434.0,17
2026-07-09 14:57:00+00:00,434.0,434.0,434.0,434.0,10
2026-07-09 14:58:00+00:00,433.5,433.5,433.5,433.5,2
2026-07-09 14:58:00+00:00,454.0,454.0,454.0,454.0,5
2026-07-09 15:00:00+00:00,433.5,433.5,433.5,433.5,1
2026-07-09 15:04:00+00:00,433.5,433.5,433.5,433.5,1
2026-07-09 15:07:00+00:00,433.0,433.0,433.0,433.0,1
2026-07-09 15:08:00+00:00,433.0,433.0,433.0,433.0,2
2026-07-09 15:10:00+00:00,432.5,432.5,432.5,432.5,4
2026-07-09 15:12:00+00:00,453.5,453.5,453.5,453.5,1
2026-07-09 15:13:00+00:00,432.0,432.0,432.0,432.0,13
2026-07-09 15:17:00+00:00,454.0,454.0,454.0,454.0,3
2026-07-09 15:24:00+00:00,469.0,469.0,469.0,469.0,3
2026-07-09 15:27:00+00:00,433.5,433.5,433.5,433.5,4
2026-07-09 15:33:00+00:00,433.5,433.5,433.5,433.5,1
2026-07-09 15:35:00+00:00,434.0,434.0,434.0,434.0,1
2026-07-09 15:36:00+00:00,434.0,434.0,434.0,434.0,1
2026-07-09 15:52:00+00:00,434.0,434.0,434.0,434.0,1
2026-07-09 15:53:00+00:00,434.0,434.0,434.0,434.0,9
2026-07-09 15:57:00+00:00,434.0,434.0,434.0,434.0,10
2026-07-09 16:02:00+00:00,433.0,433.0,433.0,433.0,10
2026-07-09 16:04:00+00:00,433.5,433.5,433.5,433.5,1
2026-07-09 16:06:00+00:00,432.5,432.5,432.5,432.5,2
2026-07-09 16:06:00+00:00,453.5,453.5,453.5,453.5,1
2026-07-09 16:20:00+00:00,454.0,454.0,454.0,454.0,1
2026-07-09 16:21:00+00:00,433.5,433.5,433.5,433.5,1
2026-07-09 16:34:00+00:00,468.5,468.5,468.5,468.5,3
2026-07-09 16:36:00+00:00,453.0,453.0,453.0,453.0,5
2026-07-09 16:45:00+00:00,431.0,431.0,431.0,431.0,10
2026-07-09 16:47:00+00:00,430.5,430.5,430.5,430.5,2
2026-07-09 16:48:00+00:00,431.0,431.0,431.0,431.0,2
2026-07-09 17:03:00+00:00,467.0,467.0,467.0,467.0,3
2026-07-09 17:11:00+00:00,431.5,431.5,431.5,431.5,1
2026-07-09 17:27:00+00:00,467.5,467.5,467.5,467.5,3
2026-07-09 17:30:00+00:00,452.0,452.0,452.0,452.0,1
2026-07-09 17:34:00+00:00,467.5,467.5,467.5,467.5,10
2026-07-09 17:52:00+00:00,467.5,467.5,467.5,467.5,2
2026-07-09 18:14:00+00:00,431.0,431.0,431.0,431.0,2
2026-07-09 18:15:00+00:00,431.5,431.5,431.5,431.5,10
2026-07-09 18:18:00+00:00,431.5,431.5,431.5,431.5,2
2026-07-10 00:00:00+00:00,451.5,451.5,451.5,451.5,1
2026-07-10 00:41:00+00:00,450.0,450.0,450.0,450.0,1
2026-07-10 01:42:00+00:00,466.0,466.0,466.0,466.0,1
2026-07-10 01:55:00+00:00,451.0,451.0,451.0,451.0,2
2026-07-10 02:40:00+00:00,467.0,467.0,467.0,467.0,3
2026-07-10 03:01:00+00:00,432.0,432.0,432.0,432.0,3
2026-07-10 03:14:00+00:00,432.5,432.5,432.5,432.5,4
2026-07-10 03:28:00+00:00,452.0,452.0,452.0,452.0,2
2026-07-10 03:28:00+00:00,-15.5,-15.5,-15.5,-15.5,1
2026-07-10 03:28:00+00:00,467.5,467.5,467.5,467.5,1
2026-07-10 04:02:00+00:00,431.5,431.5,431.5,431.5,1
2026-07-10 04:47:00+00:00,453.0,453.0,453.0,453.0,2
2026-07-10 05:11:00+00:00,453.0,453.0,453.0,453.0,1
2026-07-10 05:29:00+00:00,432.5,432.5,432.5,432.5,4
2026-07-10 05:29:00+00:00,453.0,453.0,453.0,453.0,3
2026-07-10 05:31:00+00:00,452.5,452.5,452.5,452.5,3
2026-07-10 05:32:00+00:00,432.5,432.5,432.5,432.5,3
2026-07-10 05:48:00+00:00,452.5,452.5,452.5,452.5,6
2026-07-10 06:09:00+00:00,467.0,467.0,467.0,467.0,3
2026-07-10 06:09:00+00:00,431.0,431.0,431.0,431.0,6
2026-07-10 06:09:00+00:00,451.5,451.5,451.5,451.5,6
2026-07-10 06:11:00+00:00,430.5,430.5,430.5,430.5,1
2026-07-10 06:15:00+00:00,451.0,451.0,451.0,451.0,3
2026-07-10 06:31:00+00:00,451.0,451.0,451.0,451.0,1
2026-07-10 06:36:00+00:00,466.0,466.0,466.0,466.0,6
2026-07-10 06:43:00+00:00,466.0,466.0,466.0,466.0,3
2026-07-10 06:58:00+00:00,450.5,450.5,450.5,450.5,3
2026-07-10 06:58:00+00:00,430.0,430.0,430.0,430.0,9
2026-07-10 06:59:00+00:00,450.5,450.5,450.5,450.5,3
2026-07-10 06:59:00+00:00,430.0,430.0,430.0,430.0,6
2026-07-10 07:00:00+00:00,465.5,465.5,465.5,465.5,5
2026-07-10 07:10:00+00:00,450.0,450.0,450.0,450.0,3
2026-07-10 07:12:00+00:00,450.0,450.0,450.0,450.0,1
2026-07-10 07:13:00+00:00,465.0,465.0,465.0,465.0,6
2026-07-10 07:13:00+00:00,429.0,429.0,429.0,429.0,1
2026-07-10 07:15:00+00:00,464.5,464.5,464.0,464.0,4
2026-07-10 07:21:00+00:00,464.5,464.5,464.5,464.5,3
2026-07-10 07:30:00+00:00,449.0,449.0,449.0,449.0,6
2026-07-10 07:48:00+00:00,428.0,428.0,427.5,427.5,11
2026-07-10 07:49:00+00:00,428.0,428.0,428.0,428.0,3
2026-07-10 08:06:00+00:00,428.0,428.0,428.0,428.0,1
2026-07-10 08:42:00+00:00,429.0,429.0,429.0,429.0,1
2026-07-10 10:13:00+00:00,427.0,427.0,427.0,427.0,3
2026-07-10 10:47:00+00:00,449.0,449.0,449.0,449.0,7
2026-07-10 10:55:00+00:00,449.0,449.0,449.0,449.0,1
2026-07-10 11:12:00+00:00,464.0,464.0,464.0,464.0,3
2026-07-10 11:40:00+00:00,448.5,448.5,448.5,448.5,1
2026-07-10 11:41:00+00:00,448.0,448.0,448.0,448.0,17
2026-07-10 11:50:00+00:00,-15.5,-15.5,-15.5,-15.5,3
2026-07-10 11:50:00+00:00,464.5,464.5,464.5,464.5,3
2026-07-10 11:50:00+00:00,449.0,449.0,449.0,449.0,6
2026-07-10 12:04:00+00:00,450.5,450.5,450.5,450.5,1
2026-07-10 12:05:00+00:00,449.5,449.5,449.5,449.5,1
2026-07-10 12:05:00+00:00,465.5,465.5,465.5,465.5,9
2026-07-10 12:08:00+00:00,465.5,465.5,465.5,465.5,7
2026-07-10 12:09:00+00:00,450.5,450.5,450.5,450.5,1
2026-07-10 12:11:00+00:00,450.5,450.5,450.5,450.5,1
2026-07-10 12:12:00+00:00,466.5,466.5,466.5,466.5,2
2026-07-10 12:13:00+00:00,466.5,466.5,466.0,466.0,7
2026-07-10 12:15:00+00:00,452.0,452.5,452.0,452.5,8
2026-07-10 12:20:00+00:00,431.5,431.5,431.5,431.5,1
2026-07-10 12:27:00+00:00,467.0,467.0,467.0,467.0,3
2026-07-10 12:39:00+00:00,467.0,467.0,467.0,467.0,3
2026-07-10 12:40:00+00:00,432.0,432.0,432.0,432.0,1
2026-07-10 12:40:00+00:00,467.5,467.5,467.5,467.5,1
2026-07-10 13:30:00+00:00,-19.0,-19.0,-19.0,-19.0,3
2026-07-10 13:30:00+00:00,433.5,435.5,433.5,435.0,39
2026-07-10 13:30:00+00:00,453.5,453.5,453.5,453.5,4
2026-07-10 13:31:00+00:00,455.5,455.5,454.5,454.5,11
2026-07-10 13:31:00+00:00,435.5,435.5,435.5,435.5,1
2026-07-10 13:32:00+00:00,432.5,432.5,432.5,432.5,2
2026-07-10 13:33:00+00:00,467.0,467.0,467.0,467.0,1
2026-07-10 13:33:00+00:00,431.0,431.0,431.0,431.0,1
2026-07-10 13:35:00+00:00,430.0,430.0,430.0,430.0,1
2026-07-10 13:36:00+00:00,450.5,450.5,450.5,450.5,6
2026-07-10 13:38:00+00:00,429.5,429.5,429.5,429.5,1
2026-07-10 13:40:00+00:00,466.5,466.5,466.5,466.5,3
2026-07-10 13:42:00+00:00,431.0,431.0,431.0,431.0,1
2026-07-10 13:47:00+00:00,453.0,453.0,453.0,453.0,1
2026-07-10 13:53:00+00:00,432.5,432.5,432.5,432.5,1
2026-07-10 13:57:00+00:00,431.5,431.5,431.5,431.5,3
2026-07-10 14:00:00+00:00,468.5,468.5,468.5,468.5,2
2026-07-10 14:03:00+00:00,433.0,433.0,433.0,433.0,1
2026-07-10 14:11:00+00:00,469.0,469.0,469.0,469.0,2
2026-07-10 14:19:00+00:00,432.5,432.5,432.0,432.0,5
2026-07-10 14:26:00+00:00,453.0,453.0,453.0,453.0,3
2026-07-10 14:26:00+00:00,468.5,468.5,468.5,468.5,3
2026-07-10 14:26:00+00:00,431.5,431.5,431.5,431.5,1
2026-07-10 14:27:00+00:00,469.0,469.0,469.0,469.0,1
2026-07-10 14:27:00+00:00,453.5,453.5,453.5,453.5,3
2026-07-10 14:28:00+00:00,454.5,454.5,454.5,454.5,1
2026-07-10 14:31:00+00:00,455.0,455.0,455.0,455.0,2
2026-07-10 14:32:00+00:00,-21.0,-21.0,-21.0,-21.0,5
2026-07-10 14:32:00+00:00,471.5,471.5,471.5,471.5,3
2026-07-10 14:32:00+00:00,456.0,457.0,456.0,457.0,15
2026-07-10 14:32:00+00:00,434.0,436.0,434.0,436.0,17
2026-07-10 14:33:00+00:00,472.0,472.0,471.5,471.5,4
2026-07-10 14:34:00+00:00,434.0,434.5,434.0,434.5,2
2026-07-10 14:34:00+00:00,471.0,471.0,471.0,471.0,3
2026-07-10 14:39:00+00:00,456.5,456.5,456.5,456.5,1
2026-07-10 14:41:00+00:00,434.5,434.5,434.5,434.5,3
2026-07-10 14:47:00+00:00,456.5,456.5,456.5,456.5,1
2026-07-10 14:55:00+00:00,434.5,434.5,434.5,434.5,6
2026-07-10 15:12:00+00:00,434.5,434.5,434.5,434.5,5
2026-07-10 15:15:00+00:00,456.5,456.5,456.5,456.5,2
2026-07-10 15:16:00+00:00,434.0,434.0,434.0,434.0,1
2026-07-10 15:23:00+00:00,455.5,455.5,455.5,455.5,2
2026-07-10 15:34:00+00:00,434.5,434.5,434.5,434.5,1
2026-07-10 15:38:00+00:00,435.0,435.0,435.0,435.0,1
2026-07-10 15:41:00+00:00,435.5,435.5,435.5,435.5,2
2026-07-10 15:41:00+00:00,456.5,456.5,456.5,456.5,2
2026-07-10 15:50:00+00:00,436.0,436.0,436.0,436.0,1
2026-07-10 15:56:00+00:00,436.5,436.5,436.5,436.5,3
2026-07-10 15:57:00+00:00,436.5,436.5,436.5,436.5,2
2026-07-10 15:59:00+00:00,434.5,434.5,434.5,434.5,2
2026-07-10 16:00:00+00:00,437.5,439.0,437.5,439.0,7
2026-07-10 16:01:00+00:00,473.0,473.0,473.0,473.0,1
2026-07-10 16:03:00+00:00,459.5,459.5,459.5,459.5,1
2026-07-10 16:03:00+00:00,437.0,437.0,437.0,437.0,10
2026-07-10 16:09:00+00:00,435.5,435.5,435.5,435.5,2
2026-07-10 16:16:00+00:00,458.0,458.0,458.0,458.0,6
2026-07-10 16:17:00+00:00,458.0,458.0,458.0,458.0,1
2026-07-10 16:18:00+00:00,436.5,436.5,436.5,436.5,2
2026-07-10 16:20:00+00:00,458.0,458.0,458.0,458.0,1
2026-07-10 16:22:00+00:00,458.0,458.0,458.0,458.0,2
2026-07-10 16:22:00+00:00,437.0,437.0,437.0,437.0,2
2026-07-10 16:28:00+00:00,438.0,438.0,438.0,438.0,1
2026-07-10 16:33:00+00:00,458.5,458.5,458.5,458.5,1
2026-07-10 16:33:00+00:00,436.5,436.5,436.5,436.5,2
2026-07-10 16:41:00+00:00,459.0,459.0,459.0,459.0,1
2026-07-10 16:47:00+00:00,438.5,438.5,438.5,438.5,1
2026-07-10 16:47:00+00:00,460.0,460.0,460.0,460.0,1
2026-07-10 16:52:00+00:00,440.0,440.0,440.0,440.0,3
2026-07-10 16:54:00+00:00,475.5,475.5,475.5,475.5,9
2026-07-10 16:55:00+00:00,475.5,475.5,475.5,475.5,3
2026-07-10 16:58:00+00:00,438.0,438.0,438.0,438.0,1
2026-07-10 17:00:00+00:00,475.0,475.0,475.0,475.0,2
2026-07-10 17:05:00+00:00,439.0,439.0,439.0,439.0,3
2026-07-10 17:06:00+00:00,439.0,439.0,439.0,439.0,10
2026-07-10 17:08:00+00:00,461.5,461.5,461.5,461.5,2
2026-07-10 17:11:00+00:00,461.5,461.5,461.5,461.5,1
2026-07-10 17:18:00+00:00,440.0,440.0,440.0,440.0,1
2026-07-10 17:20:00+00:00,461.0,461.0,461.0,461.0,1
2026-07-10 17:25:00+00:00,461.0,461.0,461.0,461.0,1
2026-07-10 17:34:00+00:00,460.0,460.5,460.0,460.5,5
2026-07-10 17:42:00+00:00,437.0,437.0,437.0,437.0,1
2026-07-10 17:46:00+00:00,437.5,437.5,437.5,437.5,1
2026-07-10 17:53:00+00:00,438.5,438.5,438.5,438.5,1
2026-07-10 17:55:00+00:00,460.0,460.0,460.0,460.0,1
2026-07-10 17:56:00+00:00,460.0,460.0,460.0,460.0,1
2026-07-10 17:57:00+00:00,460.5,460.5,460.5,460.5,1
2026-07-10 18:03:00+00:00,461.0,461.0,461.0,461.0,2
2026-07-10 18:05:00+00:00,461.5,461.5,461.5,461.5,1
2026-07-10 18:10:00+00:00,476.0,476.0,476.0,476.0,3
2026-07-10 18:10:00+00:00,462.0,462.0,461.0,461.0,2
2026-07-10 18:10:00+00:00,439.5,439.5,439.5,439.5,1
2026-07-10 18:14:00+00:00,475.5,475.5,475.5,475.5,6
2026-07-10 18:18:00+00:00,460.0,460.0,460.0,460.0,5
2026-07-13 00:00:00+00:00,461.5,469.5,461.5,469.5,18
2026-07-13 00:00:00+00:00,444.0,448.0,444.0,447.0,13
2026-07-13 00:00:00+00:00,477.0,483.5,477.0,483.5,9
2026-07-13 00:01:00+00:00,468.0,468.0,468.0,468.0,4
2026-07-13 00:02:00+00:00,446.0,446.0,446.0,446.0,8
2026-07-13 00:02:00+00:00,468.0,468.0,468.0,468.0,1
2026-07-13 00:04:00+00:00,482.0,482.0,482.0,482.0,1
2026-07-13 00:04:00+00:00,467.5,467.5,467.5,467.5,5
2026-07-13 00:04:00+00:00,-14.5,-14.5,-14.5,-14.5,1
2026-07-13 00:04:00+00:00,446.0,446.0,445.5,445.5,5
2026-07-13 00:05:00+00:00,467.5,467.5,467.5,467.5,3
2026-07-13 00:05:00+00:00,482.0,482.0,482.0,482.0,2
2026-07-13 00:07:00+00:00,445.0,445.0,445.0,445.0,1
2026-07-13 00:08:00+00:00,445.0,445.0,445.0,445.0,2
2026-07-13 00:11:00+00:00,468.0,468.0,468.0,468.0,2
2026-07-13 00:12:00+00:00,468.0,468.0,468.0,468.0,1
2026-07-13 00:15:00+00:00,447.0,447.0,447.0,447.0,1
2026-07-13 00:16:00+00:00,446.5,446.5,446.5,446.5,1
2026-07-13 00:25:00+00:00,446.5,446.5,446.5,446.5,1
2026-07-13 00:28:00+00:00,447.5,447.5,447.5,447.5,1
2026-07-13 00:36:00+00:00,469.0,469.0,469.0,469.0,1
2026-07-13 00:37:00+00:00,469.0,469.0,469.0,469.0,6
2026-07-13 00:38:00+00:00,469.0,469.0,469.0,469.0,3
2026-07-13 00:38:00+00:00,483.5,483.5,483.5,483.5,3
2026-07-13 00:39:00+00:00,469.5,469.5,469.5,469.5,2
2026-07-13 00:42:00+00:00,447.5,447.5,447.5,447.5,1
2026-07-13 00:48:00+00:00,468.5,468.5,468.5,468.5,3
2026-07-13 00:55:00+00:00,468.5,468.5,468.5,468.5,2
2026-07-13 01:00:00+00:00,468.5,468.5,468.5,468.5,1
2026-07-13 01:43:00+00:00,467.0,467.0,467.0,467.0,1
2026-07-13 01:49:00+00:00,467.0,467.0,467.0,467.0,5
2026-07-13 01:51:00+00:00,467.0,467.0,467.0,467.0,1
2026-07-13 01:56:00+00:00,444.5,444.5,444.5,444.5,1
2026-07-13 02:26:00+00:00,446.0,446.0,446.0,446.0,1
2026-07-13 02:28:00+00:00,467.0,467.0,467.0,467.0,6
2026-07-13 02:29:00+00:00,467.0,467.0,467.0,467.0,1
2026-07-13 02:29:00+00:00,445.0,445.0,445.0,445.0,1
2026-07-13 02:31:00+00:00,446.0,446.0,446.0,446.0,1
2026-07-13 03:33:00+00:00,466.5,466.5,466.5,466.5,57
2026-07-13 04:11:00+00:00,466.5,466.5,466.5,466.5,1
2026-07-13 04:16:00+00:00,445.5,445.5,445.5,445.5,1
2026-07-13 05:19:00+00:00,468.0,468.0,468.0,468.0,1
2026-07-13 05:26:00+00:00,445.5,445.5,445.5,445.5,1
2026-07-13 05:33:00+00:00,468.0,468.0,468.0,468.0,2
2026-07-13 05:34:00+00:00,468.0,468.0,468.0,468.0,1
2026-07-13 06:20:00+00:00,467.0,467.0,467.0,467.0,2
2026-07-13 07:12:00+00:00,466.5,466.5,466.5,466.5,1
2026-07-13 07:34:00+00:00,480.5,480.5,480.5,480.5,3
2026-07-13 07:40:00+00:00,480.5,480.5,480.5,480.5,1
2026-07-13 08:19:00+00:00,-15.0,-15.0,-15.0,-15.0,1
2026-07-13 08:20:00+00:00,465.5,465.5,465.5,465.5,2
2026-07-13 08:25:00+00:00,444.5,444.5,444.5,444.5,5
2026-07-13 08:27:00+00:00,480.5,480.5,480.5,480.5,3
2026-07-13 08:28:00+00:00,444.0,444.0,444.0,444.0,3
2026-07-13 08:28:00+00:00,480.5,480.5,480.5,480.5,13
2026-07-13 08:28:00+00:00,466.0,466.0,466.0,466.0,3
2026-07-13 08:30:00+00:00,444.0,444.0,444.0,444.0,1
2026-07-13 08:30:00+00:00,-21.5,-21.5,-21.5,-21.5,1
2026-07-13 08:30:00+00:00,466.0,466.0,465.5,465.5,13
2026-07-13 09:11:00+00:00,444.0,444.0,444.0,444.0,2
2026-07-13 09:55:00+00:00,465.0,465.0,465.0,465.0,1
2026-07-13 09:56:00+00:00,443.0,443.0,443.0,443.0,2
2026-07-13 09:56:00+00:00,479.5,479.5,479.5,479.5,3
2026-07-13 10:02:00+00:00,480.5,480.5,480.5,480.5,3
2026-07-13 10:09:00+00:00,466.5,466.5,466.5,466.5,2
2026-07-13 10:46:00+00:00,466.5,466.5,466.5,466.5,1
2026-07-13 11:00:00+00:00,466.5,466.5,466.5,466.5,1
2026-07-13 11:16:00+00:00,466.5,466.5,466.5,466.5,1
2026-07-13 11:34:00+00:00,481.5,481.5,481.5,481.5,3
2026-07-13 12:13:00+00:00,467.0,467.0,467.0,467.0,2
2026-07-13 12:14:00+00:00,444.5,444.5,444.5,444.5,5
2026-07-13 12:15:00+00:00,-22.0,-22.0,-22.0,-22.0,1
2026-07-13 12:15:00+00:00,446.0,446.0,446.0,446.0,9
2026-07-13 12:15:00+00:00,468.0,468.0,468.0,468.0,1
2026-07-13 12:27:00+00:00,444.5,444.5,444.5,444.5,1
2026-07-13 12:43:00+00:00,444.0,444.0,444.0,444.0,1
2026-07-13 12:43:00+00:00,481.0,481.0,481.0,481.0,2
2026-07-13 12:44:00+00:00,466.5,466.5,466.5,466.5,1
2026-07-13 13:30:00+00:00,444.0,444.0,444.0,444.0,19
2026-07-13 13:31:00+00:00,443.0,443.0,442.5,442.5,3
2026-07-13 13:32:00+00:00,442.0,442.0,441.5,441.5,2
2026-07-13 13:33:00+00:00,442.0,442.0,442.0,442.0,1
2026-07-13 13:34:00+00:00,479.0,479.0,479.0,479.0,3
2026-07-13 13:35:00+00:00,479.0,479.0,479.0,479.0,2
2026-07-13 13:38:00+00:00,479.0,479.0,479.0,479.0,2
2026-07-13 13:40:00+00:00,479.5,479.5,479.5,479.5,3
2026-07-13 13:42:00+00:00,465.5,466.0,465.5,466.0,5
2026-07-13 13:43:00+00:00,-15.0,-15.0,-15.0,-15.0,2
2026-07-13 13:43:00+00:00,466.5,466.5,466.5,466.5,2
2026-07-13 13:43:00+00:00,481.5,481.5,481.5,481.5,2
2026-07-13 13:44:00+00:00,481.5,481.5,481.5,481.5,3
2026-07-13 13:47:00+00:00,481.0,481.0,481.0,481.0,6
2026-07-13 14:03:00+00:00,443.5,443.5,443.5,443.5,3
2026-07-13 14:10:00+00:00,465.5,465.5,465.5,465.5,2
2026-07-13 14:16:00+00:00,466.5,466.5,466.5,466.5,3
2026-07-13 14:16:00+00:00,481.5,482.0,481.5,482.0,5
2026-07-13 14:17:00+00:00,467.0,467.0,467.0,467.0,6
2026-07-13 14:21:00+00:00,443.5,443.5,443.5,443.5,1
2026-07-13 14:25:00+00:00,467.5,467.5,467.5,467.5,1
2026-07-13 14:26:00+00:00,482.0,482.0,482.0,482.0,2
2026-07-13 14:35:00+00:00,466.5,466.5,466.5,466.5,3
2026-07-13 14:35:00+00:00,481.5,481.5,481.5,481.5,3
2026-07-13 14:36:00+00:00,444.0,444.5,444.0,444.5,2
2026-07-13 14:43:00+00:00,445.0,445.0,445.0,445.0,1
2026-07-13 14:45:00+00:00,482.5,482.5,482.5,482.5,3
2026-07-13 14:46:00+00:00,445.5,445.5,445.5,445.5,1
2026-07-13 14:55:00+00:00,482.0,482.0,482.0,482.0,3
2026-07-13 15:00:00+00:00,444.5,444.5,444.5,444.5,1
2026-07-13 15:04:00+00:00,445.0,445.0,445.0,445.0,1
2026-07-13 15:06:00+00:00,444.5,444.5,444.5,444.5,7
2026-07-13 15:06:00+00:00,468.0,468.0,468.0,468.0,10
2026-07-13 15:12:00+00:00,468.0,468.0,468.0,468.0,1
2026-07-13 15:12:00+00:00,445.5,445.5,445.5,445.5,3
2026-07-13 15:17:00+00:00,482.0,482.0,482.0,482.0,3
2026-07-13 15:17:00+00:00,467.0,467.0,467.0,467.0,3
2026-07-13 15:26:00+00:00,445.5,445.5,445.5,445.5,2
2026-07-13 15:37:00+00:00,467.0,467.0,467.0,467.0,1
2026-07-13 15:41:00+00:00,-22.5,-22.5,-22.5,-22.5,2
2026-07-13 15:41:00+00:00,445.5,445.5,445.5,445.5,2
2026-07-13 15:41:00+00:00,468.0,468.0,468.0,468.0,2
2026-07-13 15:43:00+00:00,445.0,445.0,445.0,445.0,2
2026-07-13 15:51:00+00:00,468.5,469.0,468.5,469.0,2
2026-07-13 15:52:00+00:00,445.5,445.5,445.5,445.5,1
2026-07-13 15:54:00+00:00,446.0,446.0,446.0,446.0,3
2026-07-13 16:02:00+00:00,446.5,446.5,446.5,446.5,2
2026-07-13 16:06:00+00:00,468.5,468.5,468.5,468.5,1
2026-07-13 16:12:00+00:00,445.5,445.5,445.5,445.5,1
2026-07-13 16:25:00+00:00,444.0,444.0,444.0,444.0,10
2026-07-13 16:39:00+00:00,466.5,466.5,466.5,466.5,13
2026-07-13 16:42:00+00:00,466.0,466.0,466.0,466.0,3
2026-07-13 16:51:00+00:00,481.5,481.5,481.5,481.5,3
2026-07-13 17:05:00+00:00,480.5,480.5,480.5,480.5,3
2026-07-13 17:05:00+00:00,443.0,443.0,443.0,443.0,1
2026-07-13 17:06:00+00:00,480.5,480.5,480.5,480.5,2
2026-07-13 17:18:00+00:00,443.5,443.5,443.5,443.5,10
2026-07-13 17:18:00+00:00,481.0,481.0,481.0,481.0,12
2026-07-13 17:21:00+00:00,465.5,465.5,465.5,465.5,6
2026-07-13 17:24:00+00:00,465.0,465.0,465.0,465.0,1
2026-07-13 17:26:00+00:00,466.0,466.0,466.0,466.0,1
2026-07-13 17:31:00+00:00,442.5,442.5,442.5,442.5,11
2026-07-13 17:31:00+00:00,465.0,465.0,465.0,465.0,3
2026-07-13 17:32:00+00:00,465.0,465.0,465.0,465.0,2
2026-07-13 17:33:00+00:00,442.0,442.0,442.0,442.0,1
2026-07-13 17:35:00+00:00,442.0,442.0,442.0,442.0,10
2026-07-13 17:41:00+00:00,464.0,464.0,464.0,464.0,1
2026-07-13 17:41:00+00:00,479.5,479.5,479.5,479.5,13
2026-07-13 17:41:00+00:00,442.0,442.0,442.0,442.0,1
2026-07-13 17:45:00+00:00,479.0,479.0,479.0,479.0,3
2026-07-13 17:54:00+00:00,480.0,480.0,480.0,480.0,3
2026-07-13 18:11:00+00:00,465.0,465.0,465.0,465.0,1
2026-07-13 18:11:00+00:00,479.5,479.5,479.5,479.5,3
2026-07-13 18:12:00+00:00,479.0,479.0,479.0,479.0,3
2026-07-13 18:14:00+00:00,478.5,478.5,478.5,478.5,3
2026-07-13 18:14:00+00:00,463.5,463.5,462.5,462.5,10
2026-07-13 18:14:00+00:00,441.5,441.5,440.5,440.5,9
2026-07-13 18:17:00+00:00,441.0,441.0,441.0,441.0,1
2026-07-14 00:00:00+00:00,440.0,440.0,440.0,440.0,4
2026-07-14 00:01:00+00:00,-22.0,-22.0,-22.0,-22.0,1
2026-07-14 00:01:00+00:00,438.0,438.0,438.0,438.0,1
2026-07-14 00:02:00+00:00,460.0,460.0,460.0,460.0,3
2026-07-14 00:04:00+00:00,460.0,460.0,460.0,460.0,1
2026-07-14 00:09:00+00:00,460.5,460.5,460.5,460.5,1
2026-07-14 00:11:00+00:00,438.0,438.0,438.0,438.0,7
2026-07-14 00:15:00+00:00,474.0,474.0,474.0,474.0,5
2026-07-14 00:15:00+00:00,459.0,459.0,459.0,459.0,4
2026-07-14 00:19:00+00:00,474.0,474.0,473.5,473.5,6
2026-07-14 00:19:00+00:00,436.5,436.5,436.5,436.5,3
2026-07-14 00:19:00+00:00,458.5,458.5,457.5,457.5,10
2026-07-14 00:20:00+00:00,473.5,473.5,473.5,473.5,3
2026-07-14 00:24:00+00:00,457.5,457.5,457.5,457.5,10
2026-07-14 00:24:00+00:00,473.0,473.0,473.0,473.0,1
2026-07-14 00:24:00+00:00,-15.5,-15.5,-15.5,-15.5,1
2026-07-14 00:39:00+00:00,458.5,458.5,458.0,458.0,4
2026-07-14 00:43:00+00:00,436.0,436.0,436.0,436.0,21
2026-07-14 00:44:00+00:00,-22.0,-22.0,-22.0,-22.0,1
2026-07-14 00:44:00+00:00,436.0,436.0,436.0,436.0,10
2026-07-14 00:44:00+00:00,458.0,458.0,458.0,458.0,1
2026-07-14 00:54:00+00:00,436.5,436.5,436.5,436.5,3
2026-07-14 00:55:00+00:00,436.5,436.5,436.5,436.5,2
2026-07-14 00:57:00+00:00,458.5,458.5,458.5,458.5,2
2026-07-14 01:05:00+00:00,438.0,438.0,438.0,438.0,1
2026-07-14 01:32:00+00:00,458.5,458.5,458.5,458.5,1
2026-07-14 01:32:00+00:00,473.5,473.5,473.5,473.5,2
2026-07-14 01:45:00+00:00,458.0,458.0,458.0,458.0,1
2026-07-14 02:58:00+00:00,437.5,437.5,437.5,437.5,1
2026-07-14 03:03:00+00:00,436.5,436.5,436.5,436.5,2
2026-07-14 03:33:00+00:00,438.0,438.0,438.0,438.0,1
2026-07-14 03:41:00+00:00,437.5,437.5,437.5,437.5,2
2026-07-14 03:48:00+00:00,437.5,437.5,437.5,437.5,1
2026-07-14 04:03:00+00:00,438.0,438.0,438.0,438.0,1
2026-07-14 04:05:00+00:00,437.5,437.5,437.5,437.5,1
2026-07-14 04:45:00+00:00,460.5,460.5,460.5,460.5,1
2026-07-14 04:53:00+00:00,460.5,460.5,460.5,460.5,2
2026-07-14 05:08:00+00:00,459.5,459.5,459.5,459.5,1
2026-07-14 05:53:00+00:00,437.5,437.5,437.5,437.5,1
2026-07-14 06:03:00+00:00,459.5,459.5,459.5,459.5,1
2026-07-14 06:09:00+00:00,-22.0,-22.0,-22.0,-22.0,1
2026-07-14 06:09:00+00:00,460.0,460.0,460.0,460.0,1
2026-07-14 06:09:00+00:00,438.0,438.0,438.0,438.0,1
2026-07-14 06:28:00+00:00,461.0,461.0,461.0,461.0,1
2026-07-14 07:04:00+00:00,474.0,474.0,474.0,474.0,2
2026-07-14 07:13:00+00:00,459.5,459.5,458.5,458.5,2
2026-07-14 07:19:00+00:00,474.0,474.0,474.0,474.0,3
2026-07-14 07:24:00+00:00,474.0,474.0,474.0,474.0,3
2026-07-14 07:43:00+00:00,437.0,437.0,437.0,437.0,1
2026-07-14 08:26:00+00:00,436.5,436.5,436.5,436.5,1
2026-07-14 08:32:00+00:00,435.5,435.5,435.5,435.5,5
2026-07-14 08:33:00+00:00,435.5,436.0,435.5,435.5,11
2026-07-14 08:34:00+00:00,435.5,435.5,435.5,435.5,5
2026-07-14 09:01:00+00:00,437.0,437.0,437.0,437.0,1
2026-07-14 09:45:00+00:00,437.0,437.0,437.0,437.0,1
2026-07-14 09:59:00+00:00,474.0,474.0,474.0,474.0,3
2026-07-14 10:03:00+00:00,436.5,436.5,436.5,436.5,2
2026-07-14 10:07:00+00:00,436.5,436.5,436.5,436.5,1
2026-07-14 10:16:00+00:00,473.5,473.5,473.5,473.5,3
2026-07-14 10:27:00+00:00,457.5,458.0,457.5,458.0,2
2026-07-14 10:54:00+00:00,436.0,436.0,436.0,436.0,1
2026-07-14 11:05:00+00:00,435.5,435.5,435.5,435.5,6
2026-07-14 11:42:00+00:00,434.5,434.5,434.5,434.5,1
2026-07-14 11:44:00+00:00,435.0,435.0,435.0,435.0,1
2026-07-14 11:57:00+00:00,458.0,458.0,458.0,458.0,5
2026-07-14 11:58:00+00:00,458.0,458.0,458.0,458.0,1
2026-07-14 12:28:00+00:00,457.0,457.0,457.0,457.0,3
2026-07-14 12:32:00+00:00,457.0,457.0,457.0,457.0,1
2026-07-14 12:37:00+00:00,457.5,457.5,457.5,457.5,5
2026-07-14 13:30:00+00:00,435.0,435.0,435.0,435.0,2
2026-07-14 13:32:00+00:00,464.0,464.0,460.5,464.0,6
2026-07-14 13:33:00+00:00,459.5,459.5,457.5,457.5,5
2026-07-14 13:50:00+00:00,460.0,460.0,460.0,460.0,1
2026-07-14 13:55:00+00:00,438.0,438.0,438.0,438.0,1
2026-07-14 14:00:00+00:00,460.0,460.0,460.0,460.0,5
2026-07-14 14:00:00+00:00,437.5,437.5,437.5,437.5,18
2026-07-14 14:01:00+00:00,459.5,459.5,459.5,459.5,1
2026-07-14 14:03:00+00:00,437.5,437.5,437.5,437.5,1
2026-07-14 14:08:00+00:00,460.0,460.0,460.0,460.0,1
2026-07-14 14:23:00+00:00,437.0,437.0,437.0,437.0,3
2026-07-14 14:34:00+00:00,474.5,474.5,473.5,474.0,9
2026-07-14 14:39:00+00:00,460.0,460.0,460.0,460.0,1
2026-07-14 14:43:00+00:00,438.0,438.0,438.0,438.0,1
2026-07-14 14:59:00+00:00,460.5,460.5,460.5,460.5,1
2026-07-14 15:11:00+00:00,436.5,436.5,436.5,436.5,4
2026-07-14 15:31:00+00:00,460.0,460.0,460.0,460.0,1
2026-07-14 15:31:00+00:00,475.0,475.0,475.0,475.0,3
2026-07-14 15:51:00+00:00,460.5,460.5,460.5,460.5,2
2026-07-14 16:11:00+00:00,461.0,461.0,461.0,461.0,1
2026-07-14 16:17:00+00:00,459.0,459.0,459.0,459.0,1
2026-07-14 16:29:00+00:00,437.5,437.5,437.5,437.5,1
2026-07-14 16:45:00+00:00,438.5,438.5,438.5,438.5,3
2026-07-14 17:01:00+00:00,460.5,460.5,460.5,460.5,1
2026-07-14 17:11:00+00:00,438.5,438.5,438.5,438.5,1
2026-07-14 18:17:00+00:00,437.5,437.5,437.5,437.5,1
2026-07-15 00:00:00+00:00,435.5,437.0,435.5,437.0,2
2026-07-15 00:00:00+00:00,456.0,456.0,455.5,455.5,2
2026-07-15 00:00:00+00:00,-20.5,-20.5,-20.5,-20.5,1
2026-07-15 00:01:00+00:00,459.0,459.5,459.0,459.5,9
2026-07-15 00:13:00+00:00,437.0,437.0,437.0,437.0,3
2026-07-15 00:22:00+00:00,475.5,475.5,475.5,475.5,2
2026-07-15 00:39:00+00:00,439.5,439.5,439.5,439.5,1
2026-07-15 01:03:00+00:00,461.0,461.0,461.0,461.0,1
2026-07-15 01:14:00+00:00,438.5,438.5,438.5,438.5,1
2026-07-15 01:16:00+00:00,460.5,460.5,460.5,460.5,1
2026-07-15 01:19:00+00:00,460.5,460.5,460.5,460.5,1
2026-07-15 01:52:00+00:00,438.5,439.0,438.5,439.0,2
2026-07-15 02:24:00+00:00,461.0,461.0,461.0,461.0,1
2026-07-15 02:35:00+00:00,477.0,477.0,477.0,477.0,1
2026-07-15 02:37:00+00:00,461.0,461.0,461.0,461.0,1
2026-07-15 02:41:00+00:00,461.5,461.5,461.5,461.5,2
2026-07-15 02:42:00+00:00,461.5,461.5,461.5,461.5,1
2026-07-15 03:05:00+00:00,438.5,438.5,438.5,438.5,1
2026-07-15 03:59:00+00:00,460.0,460.0,460.0,460.0,3
2026-07-15 04:07:00+00:00,439.0,439.0,439.0,439.0,2
2026-07-15 04:12:00+00:00,461.5,461.5,461.5,461.5,1
2026-07-15 04:47:00+00:00,461.5,461.5,461.5,461.5,4
2026-07-15 06:15:00+00:00,439.0,439.0,439.0,439.0,1
2026-07-15 07:12:00+00:00,461.0,461.0,461.0,461.0,2
2026-07-15 07:15:00+00:00,439.0,439.0,439.0,439.0,1
2026-07-15 08:05:00+00:00,461.0,461.0,461.0,461.0,2
2026-07-15 08:14:00+00:00,462.0,462.0,462.0,462.0,1
2026-07-15 08:23:00+00:00,462.5,462.5,462.5,462.5,1
2026-07-15 08:23:00+00:00,477.5,477.5,477.5,477.5,7
2026-07-15 08:29:00+00:00,-22.0,-22.0,-22.0,-22.0,3
2026-07-15 08:29:00+00:00,463.0,463.0,463.0,463.0,7
2026-07-15 08:29:00+00:00,441.0,441.0,441.0,441.0,9
2026-07-15 08:31:00+00:00,463.0,463.0,463.0,463.0,3
2026-07-15 08:31:00+00:00,441.0,441.0,441.0,441.0,3
2026-07-15 08:36:00+00:00,463.0,463.0,463.0,463.0,4
2026-07-15 08:45:00+00:00,463.5,463.5,463.5,463.5,1
2026-07-15 08:46:00+00:00,442.0,442.5,442.0,442.5,4
2026-07-15 08:46:00+00:00,464.5,464.5,464.5,464.5,5
2026-07-15 08:46:00+00:00,480.0,480.0,480.0,480.0,6
2026-07-15 08:47:00+00:00,465.0,465.0,465.0,465.0,4
2026-07-15 08:47:00+00:00,443.0,443.0,443.0,443.0,2
2026-07-15 08:47:00+00:00,-22.0,-22.0,-22.0,-22.0,2
2026-07-15 08:49:00+00:00,443.5,443.5,443.5,443.5,3
2026-07-15 08:49:00+00:00,465.5,465.5,465.5,465.5,3
2026-07-15 08:49:00+00:00,481.0,481.0,481.0,481.0,3
2026-07-15 08:59:00+00:00,479.5,479.5,479.5,479.5,3
2026-07-15 09:00:00+00:00,442.5,442.5,442.5,442.5,1
2026-07-15 09:02:00+00:00,443.0,443.0,443.0,443.0,3
2026-07-15 09:02:00+00:00,465.0,465.0,465.0,465.0,3
2026-07-15 09:03:00+00:00,465.5,466.0,465.5,466.0,13
2026-07-15 09:03:00+00:00,481.0,481.0,481.0,481.0,10
2026-07-15 09:05:00+00:00,443.5,443.5,443.5,443.5,3
2026-07-15 09:11:00+00:00,465.5,465.5,465.5,465.5,3
2026-07-15 09:13:00+00:00,465.5,465.5,465.5,465.5,2
2026-07-15 09:17:00+00:00,465.5,465.5,465.5,465.5,1
2026-07-15 09:20:00+00:00,443.5,443.5,443.5,443.5,3
2026-07-15 09:38:00+00:00,465.0,465.0,465.0,465.0,4
2026-07-15 09:39:00+00:00,465.0,465.0,465.0,465.0,2
2026-07-15 09:55:00+00:00,444.5,444.5,444.5,444.5,1
2026-07-15 10:06:00+00:00,481.5,481.5,481.5,481.5,3
2026-07-15 10:06:00+00:00,466.5,466.5,466.5,466.5,4
2026-07-15 10:06:00+00:00,444.5,444.5,444.5,444.5,4
2026-07-15 10:12:00+00:00,444.5,444.5,444.5,444.5,3
2026-07-15 10:58:00+00:00,465.5,465.5,465.5,465.5,2
2026-07-15 10:59:00+00:00,443.0,443.0,443.0,443.0,3
2026-07-15 11:03:00+00:00,464.5,464.5,464.5,464.5,2
2026-07-15 11:04:00+00:00,465.5,465.5,465.5,465.5,2
2026-07-15 11:20:00+00:00,443.0,443.0,443.0,443.0,4
2026-07-15 11:26:00+00:00,443.0,443.0,443.0,443.0,1
2026-07-15 11:34:00+00:00,481.0,481.0,481.0,481.0,3
2026-07-15 11:36:00+00:00,465.5,465.5,465.5,465.5,1
2026-07-15 11:37:00+00:00,480.5,480.5,480.5,480.5,2
2026-07-15 11:45:00+00:00,466.0,466.0,466.0,466.0,1
2026-07-15 11:55:00+00:00,479.5,479.5,479.5,479.5,3
2026-07-15 11:58:00+00:00,443.0,443.0,443.0,443.0,1
2026-07-15 12:10:00+00:00,463.5,463.5,463.5,463.5,1
2026-07-15 12:14:00+00:00,479.0,479.0,479.0,479.0,3
2026-07-15 12:16:00+00:00,442.5,442.5,442.5,442.5,1
2026-07-15 12:18:00+00:00,464.0,464.0,464.0,464.0,2
2026-07-15 12:31:00+00:00,479.5,479.5,479.5,479.5,3
2026-07-15 12:32:00+00:00,442.0,442.0,442.0,442.0,1
2026-07-15 12:36:00+00:00,465.0,465.0,465.0,465.0,3
2026-07-15 12:36:00+00:00,442.5,442.5,442.5,442.5,1
2026-07-15 12:39:00+00:00,442.5,442.5,442.5,442.5,1
2026-07-15 13:30:00+00:00,-22.0,-22.0,-22.0,-22.0,1
2026-07-15 13:30:00+00:00,442.0,442.0,442.0,442.0,29
2026-07-15 13:30:00+00:00,464.0,464.0,463.5,463.5,3
2026-07-15 13:30:00+00:00,479.0,479.0,479.0,479.0,3
2026-07-15 13:33:00+00:00,464.5,464.5,464.5,464.5,1
2026-07-15 13:33:00+00:00,441.5,441.5,441.5,441.5,1
2026-07-15 13:39:00+00:00,478.0,478.0,478.0,478.0,3
2026-07-15 13:47:00+00:00,479.5,479.5,479.5,479.5,3
2026-07-15 13:54:00+00:00,442.5,442.5,442.5,442.5,1
2026-07-15 13:54:00+00:00,465.0,465.0,465.0,465.0,3
2026-07-15 13:55:00+00:00,481.0,481.0,480.5,480.5,3
2026-07-15 13:58:00+00:00,444.0,444.0,444.0,444.0,1
2026-07-15 14:08:00+00:00,443.5,443.5,443.5,443.5,1
2026-07-15 14:10:00+00:00,480.5,480.5,480.5,480.5,2
2026-07-15 14:11:00+00:00,480.5,480.5,480.5,480.5,3
2026-07-15 14:12:00+00:00,481.0,481.0,481.0,481.0,3
2026-07-15 14:13:00+00:00,481.0,481.0,481.0,481.0,1
2026-07-15 14:18:00+00:00,466.5,466.5,466.5,466.5,3
2026-07-15 14:19:00+00:00,481.5,481.5,481.5,481.5,3
2026-07-15 14:19:00+00:00,445.0,445.0,445.0,445.0,1
2026-07-15 14:29:00+00:00,445.5,445.5,445.5,445.5,2
2026-07-15 14:31:00+00:00,446.0,446.0,446.0,446.0,2
2026-07-15 14:32:00+00:00,468.0,468.0,468.0,468.0,1
2026-07-15 14:35:00+00:00,446.5,446.5,446.5,446.5,2
2026-07-15 14:36:00+00:00,446.5,446.5,446.5,446.5,11
2026-07-15 14:36:00+00:00,483.0,483.0,483.0,483.0,13
2026-07-15 14:36:00+00:00,468.5,468.5,468.5,468.5,1
2026-07-15 14:38:00+00:00,446.5,446.5,446.5,446.5,9
2026-07-15 14:39:00+00:00,447.0,447.0,447.0,447.0,1
2026-07-15 14:42:00+00:00,447.0,447.0,447.0,447.0,1
2026-07-15 14:47:00+00:00,468.5,468.5,468.5,468.5,1
2026-07-15 14:48:00+00:00,447.0,447.0,447.0,447.0,1
2026-07-15 14:48:00+00:00,483.0,483.0,483.0,483.0,1
2026-07-15 14:53:00+00:00,468.0,468.0,468.0,468.0,2
2026-07-15 14:56:00+00:00,446.5,446.5,446.5,446.5,1
2026-07-15 15:02:00+00:00,483.5,483.5,483.5,483.5,3
2026-07-15 15:02:00+00:00,468.5,468.5,468.5,468.5,1
2026-07-15 15:06:00+00:00,446.5,446.5,446.5,446.5,1
2026-07-15 15:08:00+00:00,468.5,468.5,468.5,468.5,1
2026-07-15 15:11:00+00:00,469.5,469.5,469.5,469.5,3
2026-07-15 15:12:00+00:00,447.0,447.0,447.0,447.0,1
2026-07-15 15:13:00+00:00,468.5,468.5,468.5,468.5,1
2026-07-15 15:16:00+00:00,483.5,483.5,483.5,483.5,3
2026-07-15 15:19:00+00:00,447.0,447.0,447.0,447.0,8
2026-07-15 15:20:00+00:00,447.5,447.5,447.5,447.5,10
2026-07-15 15:21:00+00:00,447.0,447.0,447.0,447.0,1
2026-07-15 15:21:00+00:00,484.0,484.0,484.0,484.0,2
2026-07-15 15:23:00+00:00,447.5,447.5,447.5,447.5,2
2026-07-15 15:27:00+00:00,484.0,484.0,484.0,484.0,10
2026-07-15 15:29:00+00:00,469.0,469.0,468.0,468.0,2
2026-07-15 15:29:00+00:00,447.0,447.0,447.0,447.0,1
2026-07-15 15:31:00+00:00,468.5,468.5,468.5,468.5,3
2026-07-15 15:31:00+00:00,447.0,447.0,447.0,447.0,16
2026-07-15 15:32:00+00:00,447.0,447.0,447.0,447.0,1
2026-07-15 15:33:00+00:00,469.0,469.0,469.0,469.0,2
2026-07-15 15:41:00+00:00,-36.5,-36.5,-36.5,-36.5,2
2026-07-15 15:41:00+00:00,447.5,447.5,447.5,447.5,2
2026-07-15 15:41:00+00:00,484.0,484.0,484.0,484.0,2
2026-07-15 15:44:00+00:00,483.0,483.0,483.0,483.0,3
2026-07-15 15:49:00+00:00,483.5,483.5,483.5,483.5,10
2026-07-15 15:53:00+00:00,446.0,446.0,446.0,446.0,1
2026-07-15 15:53:00+00:00,468.0,468.0,468.0,468.0,1
2026-07-15 15:53:00+00:00,483.0,483.0,483.0,483.0,1
2026-07-15 15:55:00+00:00,446.0,446.0,446.0,446.0,1
2026-07-15 15:57:00+00:00,481.5,481.5,481.5,481.5,10
2026-07-15 15:57:00+00:00,466.5,466.5,466.5,466.5,1
2026-07-15 15:57:00+00:00,445.0,445.0,445.0,445.0,6
2026-07-15 16:01:00+00:00,482.0,482.0,482.0,482.0,5
2026-07-15 16:04:00+00:00,482.0,482.0,482.0,482.0,3
2026-07-15 16:05:00+00:00,446.0,446.0,446.0,446.0,10
2026-07-15 16:30:00+00:00,446.5,446.5,446.5,446.5,1
2026-07-15 16:34:00+00:00,446.5,446.5,446.5,446.5,2
2026-07-15 16:42:00+00:00,447.0,447.0,447.0,447.0,4
2026-07-15 17:07:00+00:00,469.5,469.5,469.5,469.5,3
2026-07-15 17:08:00+00:00,469.5,469.5,469.5,469.5,1
2026-07-15 17:19:00+00:00,470.0,470.0,470.0,470.0,6
2026-07-15 17:21:00+00:00,470.0,470.0,470.0,470.0,3
2026-07-15 17:21:00+00:00,448.0,448.0,448.0,448.0,1
2026-07-15 17:24:00+00:00,470.0,470.5,470.0,470.5,4
2026-07-15 17:25:00+00:00,448.5,448.5,448.5,448.5,10
2026-07-15 17:26:00+00:00,449.0,449.0,449.0,449.0,10
2026-07-15 17:29:00+00:00,470.5,470.5,470.5,470.5,2
2026-07-15 17:29:00+00:00,-22.0,-22.0,-22.0,-22.0,2
2026-07-15 17:29:00+00:00,448.5,448.5,448.5,448.5,2
2026-07-15 17:31:00+00:00,485.0,485.0,485.0,485.0,1
2026-07-15 17:35:00+00:00,471.0,471.0,471.0,471.0,2
2026-07-15 17:46:00+00:00,470.5,470.5,470.5,470.5,1
2026-07-15 18:00:00+00:00,469.5,469.5,469.5,469.5,2
2026-07-15 18:07:00+00:00,469.5,469.5,469.5,469.5,1
2026-07-15 18:09:00+00:00,470.0,470.0,470.0,470.0,1
2026-07-15 18:13:00+00:00,469.5,469.5,469.5,469.5,1
2026-07-15 18:16:00+00:00,448.0,448.0,448.0,448.0,3
2026-07-15 18:18:00+00:00,448.0,448.5,448.0,448.5,17
2026-07-16 00:00:00+00:00,445.5,445.5,445.5,445.5,1
2026-07-16 00:01:00+00:00,447.0,447.0,447.0,447.0,1
2026-07-16 00:02:00+00:00,448.0,448.0,448.0,448.0,6
2026-07-16 00:07:00+00:00,447.0,447.0,447.0,447.0,2
2026-07-16 00:08:00+00:00,470.0,470.0,470.0,470.0,2
2026-07-16 00:10:00+00:00,469.5,469.5,469.5,469.5,1
2026-07-16 00:33:00+00:00,448.0,448.0,448.0,448.0,1
2026-07-16 01:04:00+00:00,448.0,448.0,448.0,448.0,1
2026-07-16 01:19:00+00:00,484.0,484.0,484.0,484.0,2
2026-07-16 01:24:00+00:00,447.5,447.5,447.5,447.5,1
2026-07-16 01:35:00+00:00,446.5,446.5,446.5,446.5,1
2026-07-16 02:09:00+00:00,446.5,446.5,446.5,446.5,3
2026-07-16 02:16:00+00:00,447.0,447.0,447.0,447.0,1
2026-07-16 02:34:00+00:00,469.5,469.5,469.5,469.5,1
2026-07-16 02:35:00+00:00,447.0,447.0,447.0,447.0,1
2026-07-16 02:41:00+00:00,447.5,447.5,447.5,447.5,1
2026-07-16 02:48:00+00:00,446.5,446.5,446.5,446.5,1
2026-07-16 02:49:00+00:00,446.5,446.5,446.5,446.5,4
2026-07-16 02:49:00+00:00,468.5,468.5,468.5,468.5,2
2026-07-16 02:50:00+00:00,446.5,446.5,446.5,446.5,4
2026-07-16 03:25:00+00:00,-22.5,-22.5,-22.5,-22.5,1
2026-07-16 03:45:00+00:00,469.5,469.5,469.0,469.0,8
2026-07-16 03:52:00+00:00,447.0,447.0,447.0,447.0,2
2026-07-16 05:13:00+00:00,447.0,447.0,447.0,447.0,1
2026-07-16 05:32:00+00:00,447.0,447.0,447.0,447.0,1
2026-07-16 05:37:00+00:00,468.0,468.0,468.0,468.0,1
2026-07-16 05:38:00+00:00,468.0,468.0,468.0,468.0,1
2026-07-16 05:58:00+00:00,483.0,483.0,483.0,483.0,6
2026-07-16 06:11:00+00:00,468.0,468.0,468.0,468.0,4
2026-07-16 06:31:00+00:00,483.5,483.5,483.5,483.5,3
2026-07-16 07:01:00+00:00,469.0,469.0,469.0,469.0,1
2026-07-16 07:04:00+00:00,469.5,469.5,469.5,469.5,2
2026-07-16 07:20:00+00:00,447.0,447.0,447.0,447.0,1
2026-07-16 07:43:00+00:00,470.0,470.0,470.0,470.0,2
2026-07-16 07:44:00+00:00,448.5,448.5,448.5,448.5,3
2026-07-16 07:46:00+00:00,471.5,471.5,471.5,471.5,6
2026-07-16 07:46:00+00:00,486.5,486.5,486.5,486.5,5
2026-07-16 07:53:00+00:00,472.0,472.0,472.0,472.0,3
2026-07-16 07:53:00+00:00,487.0,487.0,487.0,487.0,3
2026-07-16 07:53:00+00:00,450.0,450.0,450.0,450.0,3
2026-07-16 07:54:00+00:00,473.5,473.5,472.5,472.5,76
2026-07-16 07:55:00+00:00,489.0,489.0,489.0,489.0,3
2026-07-16 07:55:00+00:00,451.5,451.5,451.5,451.5,1
2026-07-16 07:55:00+00:00,473.5,474.5,473.5,473.5,82
2026-07-16 07:57:00+00:00,488.5,488.5,488.5,488.5,3
2026-07-16 07:59:00+00:00,488.5,488.5,488.5,488.5,3
2026-07-16 08:01:00+00:00,488.0,488.0,488.0,488.0,3
2026-07-16 08:07:00+00:00,488.5,488.5,488.5,488.5,1
2026-07-16 08:08:00+00:00,487.5,487.5,487.5,487.5,1
2026-07-16 08:10:00+00:00,450.5,450.5,450.5,450.5,1
2026-07-16 08:13:00+00:00,450.0,450.0,450.0,450.0,1
2026-07-16 08:28:00+00:00,449.0,449.0,449.0,449.0,1
2026-07-16 08:36:00+00:00,471.0,471.0,471.0,471.0,2
2026-07-16 08:49:00+00:00,449.5,449.5,449.5,449.5,3
2026-07-16 08:49:00+00:00,486.5,486.5,486.5,486.5,6
2026-07-16 08:51:00+00:00,449.0,449.0,449.0,449.0,3
2026-07-16 08:53:00+00:00,449.5,449.5,449.5,449.5,5
2026-07-16 08:59:00+00:00,471.5,471.5,471.5,471.5,3
2026-07-16 09:01:00+00:00,471.0,471.0,471.0,471.0,2
2026-07-16 09:05:00+00:00,485.5,485.5,485.5,485.5,3
2026-07-16 09:30:00+00:00,472.5,472.5,472.5,472.5,3
2026-07-16 09:49:00+00:00,451.0,451.0,451.0,451.0,2
2026-07-16 11:06:00+00:00,448.5,448.5,448.5,448.5,1
2026-07-16 11:24:00+00:00,448.5,448.5,448.5,448.5,1
2026-07-16 11:25:00+00:00,448.5,448.5,448.5,448.5,2
2026-07-16 11:46:00+00:00,448.5,448.5,448.5,448.5,4
2026-07-16 11:47:00+00:00,448.5,448.5,448.5,448.5,2
2026-07-16 11:48:00+00:00,448.5,448.5,448.5,448.5,2
2026-07-16 11:57:00+00:00,486.0,486.0,486.0,486.0,2
2026-07-16 12:13:00+00:00,471.5,471.5,471.5,471.5,3
2026-07-16 12:16:00+00:00,486.0,486.0,485.5,485.5,4
2026-07-16 12:20:00+00:00,448.5,448.5,448.5,448.5,1
2026-07-16 12:31:00+00:00,447.0,447.0,447.0,447.0,1
2026-07-16 12:39:00+00:00,469.0,469.0,469.0,469.0,1
2026-07-16 12:40:00+00:00,446.0,446.0,446.0,446.0,2
2026-07-16 12:40:00+00:00,468.0,468.0,468.0,468.0,3
2026-07-16 12:41:00+00:00,483.5,483.5,483.5,483.5,2
2026-07-16 12:41:00+00:00,447.0,447.0,447.0,447.0,5
2026-07-16 12:41:00+00:00,468.5,468.5,468.5,468.5,1
2026-07-16 12:42:00+00:00,446.0,446.0,446.0,446.0,1
2026-07-16 13:30:00+00:00,445.0,446.5,445.0,446.5,25
2026-07-16 13:33:00+00:00,468.5,468.5,468.5,468.5,1
2026-07-16 13:34:00+00:00,446.5,446.5,446.5,446.5,5
2026-07-16 13:37:00+00:00,446.5,446.5,446.5,446.5,1
2026-07-16 13:39:00+00:00,446.5,446.5,446.5,446.5,1
2026-07-16 13:40:00+00:00,467.5,467.5,467.5,467.5,1
2026-07-16 13:40:00+00:00,445.0,445.0,445.0,445.0,10
2026-07-16 13:42:00+00:00,445.5,445.5,445.5,445.5,2
2026-07-16 13:42:00+00:00,468.0,468.0,468.0,468.0,2
2026-07-16 13:44:00+00:00,445.5,445.5,445.5,445.5,10
2026-07-16 13:48:00+00:00,468.0,468.0,468.0,468.0,2
2026-07-16 13:50:00+00:00,467.5,468.0,467.5,468.0,6
2026-07-16 13:51:00+00:00,446.0,446.0,446.0,446.0,1
2026-07-16 14:02:00+00:00,468.0,468.5,468.0,468.5,2
2026-07-16 14:05:00+00:00,482.0,482.0,482.0,482.0,1
2026-07-16 14:06:00+00:00,482.0,482.0,482.0,482.0,3
2026-07-16 14:13:00+00:00,468.0,468.0,468.0,468.0,1
2026-07-16 14:14:00+00:00,468.0,468.0,468.0,468.0,6
2026-07-16 14:25:00+00:00,482.5,482.5,482.5,482.5,10
2026-07-16 14:28:00+00:00,482.5,482.5,482.5,482.5,10
2026-07-16 14:28:00+00:00,445.0,445.0,445.0,445.0,3
2026-07-16 14:31:00+00:00,481.5,481.5,481.5,481.5,3
2026-07-16 14:31:00+00:00,444.0,444.0,444.0,444.0,1
2026-07-16 14:39:00+00:00,444.0,444.0,444.0,444.0,1
2026-07-16 14:40:00+00:00,480.5,480.5,480.5,480.5,10
2026-07-16 14:40:00+00:00,465.5,465.5,465.5,465.5,7
2026-07-16 14:43:00+00:00,443.5,443.5,443.5,443.5,1
2026-07-16 14:44:00+00:00,481.0,481.0,481.0,481.0,13
2026-07-16 14:44:00+00:00,443.5,443.5,443.5,443.5,10
2026-07-16 14:45:00+00:00,465.5,465.5,465.5,465.5,1
2026-07-16 14:47:00+00:00,465.0,465.0,464.5,464.5,2
2026-07-16 14:47:00+00:00,442.5,442.5,442.5,442.5,2
2026-07-16 14:47:00+00:00,480.0,480.0,480.0,480.0,2
2026-07-16 14:48:00+00:00,464.5,464.5,464.5,464.5,1
2026-07-16 14:49:00+00:00,465.0,465.0,465.0,465.0,1
2026-07-16 14:51:00+00:00,442.0,442.0,442.0,442.0,1
2026-07-16 14:52:00+00:00,479.5,479.5,479.5,479.5,3
2026-07-16 14:54:00+00:00,464.5,464.5,464.5,464.5,2
2026-07-16 14:55:00+00:00,464.0,464.0,464.0,464.0,1
2026-07-16 15:07:00+00:00,479.5,479.5,479.5,479.5,3
2026-07-16 15:09:00+00:00,441.5,441.5,441.0,441.0,14
2026-07-16 15:14:00+00:00,442.0,442.0,442.0,442.0,1
2026-07-16 15:21:00+00:00,464.5,464.5,464.5,464.5,1
2026-07-16 15:26:00+00:00,464.0,464.0,464.0,464.0,1
2026-07-16 15:30:00+00:00,479.5,479.5,479.5,479.5,3
2026-07-16 15:36:00+00:00,464.0,464.0,464.0,464.0,1
2026-07-16 15:44:00+00:00,441.5,441.5,441.5,441.5,1
2026-07-16 15:48:00+00:00,442.0,442.0,442.0,442.0,1
2026-07-16 16:07:00+00:00,441.5,441.5,441.5,441.5,1
2026-07-16 16:09:00+00:00,441.5,441.5,441.5,441.5,13
2026-07-16 16:09:00+00:00,479.5,479.5,479.5,479.5,11
2026-07-16 16:15:00+00:00,440.5,440.5,440.5,440.5,1
2026-07-16 16:22:00+00:00,463.5,463.5,463.5,463.5,1
2026-07-16 16:35:00+00:00,441.5,441.5,441.5,441.5,1
2026-07-16 16:45:00+00:00,463.5,463.5,463.5,463.5,1
2026-07-16 16:50:00+00:00,463.5,463.5,463.5,463.5,4
2026-07-16 16:55:00+00:00,463.0,463.0,463.0,463.0,1
2026-07-16 17:03:00+00:00,463.0,463.0,463.0,463.0,1
2026-07-16 17:13:00+00:00,441.0,441.0,441.0,441.0,1
2026-07-16 17:23:00+00:00,463.0,463.0,463.0,463.0,1
2026-07-16 17:37:00+00:00,440.5,440.5,440.5,440.5,1
2026-07-16 17:45:00+00:00,464.5,464.5,464.5,464.5,1
2026-07-16 18:00:00+00:00,464.5,464.5,464.5,464.5,3
2026-07-16 18:05:00+00:00,479.5,479.5,479.5,479.5,3
2026-07-16 18:14:00+00:00,464.0,464.0,464.0,464.0,6
2026-07-16 18:17:00+00:00,464.0,464.0,464.0,464.0,2
2026-07-17 00:00:00+00:00,463.5,463.5,463.5,463.5,1
2026-07-17 00:07:00+00:00,464.5,464.5,464.5,464.5,2
2026-07-17 00:22:00+00:00,442.0,442.0,442.0,442.0,2
2026-07-17 00:28:00+00:00,464.0,464.0,464.0,464.0,1
2026-07-17 00:30:00+00:00,463.5,463.5,463.5,463.5,2
2026-07-17 00:31:00+00:00,441.0,441.0,441.0,441.0,2
2026-07-17 00:47:00+00:00,441.5,441.5,441.5,441.5,1
2026-07-17 00:49:00+00:00,442.5,442.5,442.5,442.5,1
2026-07-17 01:22:00+00:00,479.5,479.5,479.5,479.5,1
2026-07-17 01:31:00+00:00,441.0,441.0,441.0,441.0,1
2026-07-17 01:35:00+00:00,463.0,463.0,462.5,462.5,6
2026-07-17 01:35:00+00:00,440.0,440.0,440.0,440.0,8
2026-07-17 01:48:00+00:00,462.0,462.0,462.0,462.0,2
2026-07-17 01:49:00+00:00,461.5,461.5,461.5,461.5,6
2026-07-17 01:49:00+00:00,439.0,439.0,439.0,439.0,7
2026-07-17 01:50:00+00:00,461.5,461.5,461.5,461.5,1
2026-07-17 01:50:00+00:00,439.0,439.0,439.0,439.0,3
2026-07-17 01:59:00+00:00,477.0,477.0,477.0,477.0,2
2026-07-17 02:01:00+00:00,476.5,476.5,476.5,476.5,3
2026-07-17 02:01:00+00:00,461.5,461.5,461.5,461.5,1
2026-07-17 02:01:00+00:00,439.0,439.0,439.0,439.0,3
2026-07-17 02:13:00+00:00,439.5,439.5,439.5,439.5,1
2026-07-17 02:13:00+00:00,477.5,477.5,477.5,477.5,2
2026-07-17 02:19:00+00:00,439.5,439.5,439.5,439.5,1
2026-07-17 02:26:00+00:00,439.5,439.5,439.5,439.5,1
2026-07-17 02:30:00+00:00,439.5,439.5,439.5,439.5,19
2026-07-17 02:33:00+00:00,477.5,477.5,477.5,477.5,1
2026-07-17 02:37:00+00:00,461.5,461.5,461.5,461.5,1
2026-07-17 02:49:00+00:00,439.0,439.0,439.0,439.0,1
2026-07-17 03:04:00+00:00,461.0,461.0,461.0,461.0,1
2026-07-17 03:10:00+00:00,461.5,461.5,461.5,461.5,1
2026-07-17 03:31:00+00:00,462.0,462.0,462.0,462.0,1
2026-07-17 04:18:00+00:00,460.0,460.0,460.0,460.0,1
2026-07-17 04:45:00+00:00,476.0,476.0,476.0,476.0,3
2026-07-17 05:04:00+00:00,438.0,438.0,438.0,438.0,3
2026-07-17 05:04:00+00:00,476.0,476.0,476.0,476.0,3
2026-07-17 05:04:00+00:00,460.5,460.5,460.5,460.5,6
2026-07-17 05:07:00+00:00,438.0,438.0,438.0,438.0,3
2026-07-17 05:07:00+00:00,476.0,476.0,476.0,476.0,3
2026-07-17 05:08:00+00:00,460.5,460.5,460.5,460.5,3
2026-07-17 05:17:00+00:00,437.5,437.5,437.5,437.5,2
2026-07-17 05:17:00+00:00,475.5,475.5,475.5,475.5,3
2026-07-17 05:19:00+00:00,460.0,460.0,460.0,460.0,1
2026-07-17 05:25:00+00:00,475.5,475.5,475.5,475.5,3
2026-07-17 05:27:00+00:00,475.0,475.0,475.0,475.0,3
2026-07-17 05:42:00+00:00,459.0,459.0,459.0,459.0,1
2026-07-17 05:55:00+00:00,436.0,436.0,436.0,436.0,14
2026-07-17 05:58:00+00:00,459.5,459.5,459.5,459.5,1
2026-07-17 06:04:00+00:00,458.5,458.5,458.5,458.5,7
2026-07-17 06:13:00+00:00,459.0,459.0,459.0,459.0,1
2026-07-17 06:20:00+00:00,459.5,459.5,459.5,459.5,1
2026-07-17 06:22:00+00:00,460.0,460.0,460.0,460.0,1
2026-07-17 06:33:00+00:00,436.0,436.0,436.0,436.0,1
2026-07-17 06:42:00+00:00,436.5,436.5,436.5,436.5,2
2026-07-17 06:44:00+00:00,437.0,437.0,437.0,437.0,1
2026-07-17 07:05:00+00:00,460.0,460.0,460.0,460.0,1
2026-07-17 07:07:00+00:00,460.0,460.0,460.0,460.0,1
2026-07-17 07:08:00+00:00,459.5,459.5,459.5,459.5,2
2026-07-17 07:15:00+00:00,475.0,475.0,475.0,475.0,3
2026-07-17 07:40:00+00:00,437.5,437.5,437.5,437.5,1
2026-07-17 07:56:00+00:00,438.5,438.5,438.5,438.5,10
2026-07-17 07:56:00+00:00,-22.5,-22.5,-22.5,-22.5,1
2026-07-17 07:56:00+00:00,461.0,461.0,461.0,461.0,1
2026-07-17 07:57:00+00:00,438.5,438.5,438.5,438.5,1
2026-07-17 07:59:00+00:00,439.5,439.5,439.5,439.5,1
2026-07-17 08:09:00+00:00,461.5,461.5,461.5,461.5,1
2026-07-17 08:14:00+00:00,477.5,477.5,477.5,477.5,2
2026-07-17 08:25:00+00:00,439.5,439.5,439.5,439.5,1
2026-07-17 08:49:00+00:00,439.5,439.5,439.5,439.5,4
2026-07-17 08:49:00+00:00,462.5,462.5,462.5,462.5,4
2026-07-17 08:59:00+00:00,477.5,477.5,477.5,477.5,6
2026-07-17 08:59:00+00:00,439.5,439.5,439.5,439.5,3
2026-07-17 09:00:00+00:00,439.5,439.5,439.5,439.5,3
2026-07-17 09:04:00+00:00,461.5,461.5,461.5,461.5,1
2026-07-17 09:05:00+00:00,461.0,461.0,461.0,461.0,1
2026-07-17 09:16:00+00:00,462.0,462.0,462.0,462.0,5
2026-07-17 09:16:00+00:00,438.5,438.5,438.5,438.5,5
2026-07-17 09:17:00+00:00,476.5,476.5,476.5,476.5,3
2026-07-17 09:21:00+00:00,438.5,438.5,438.5,438.5,1
2026-07-17 09:30:00+00:00,461.5,461.5,461.5,461.5,1
2026-07-17 09:47:00+00:00,437.5,437.5,437.5,437.5,1
2026-07-17 09:47:00+00:00,476.0,476.0,476.0,476.0,3
2026-07-17 09:58:00+00:00,476.0,476.0,476.0,476.0,3
2026-07-17 10:30:00+00:00,478.0,478.0,478.0,478.0,19
2026-07-17 10:30:00+00:00,462.5,462.5,462.5,462.5,6
2026-07-17 10:30:00+00:00,440.0,440.0,440.0,440.0,3
2026-07-17 10:33:00+00:00,478.5,478.5,478.5,478.5,3
2026-07-17 10:33:00+00:00,463.0,463.0,463.0,463.0,5
2026-07-17 10:34:00+00:00,440.0,440.0,440.0,440.0,1
2026-07-17 10:35:00+00:00,440.0,440.0,440.0,440.0,1
2026-07-17 10:36:00+00:00,463.0,463.0,463.0,463.0,1
2026-07-17 10:48:00+00:00,462.5,462.5,462.5,462.5,3
2026-07-17 11:03:00+00:00,440.5,440.5,440.5,440.5,1
2026-07-17 11:10:00+00:00,441.0,441.0,441.0,441.0,6
2026-07-17 11:11:00+00:00,479.0,479.0,479.0,479.0,3
2026-07-17 11:11:00+00:00,463.5,464.0,463.5,464.0,3
2026-07-17 11:12:00+00:00,441.0,441.0,441.0,441.0,3
2026-07-17 11:14:00+00:00,464.0,464.0,464.0,464.0,1
2026-07-17 11:16:00+00:00,440.5,440.5,440.5,440.5,3
2026-07-17 11:45:00+00:00,441.0,441.0,441.0,441.0,1
2026-07-17 12:13:00+00:00,441.5,441.5,441.5,441.5,1
2026-07-17 12:14:00+00:00,442.0,442.0,442.0,442.0,4
2026-07-17 12:15:00+00:00,464.5,464.5,464.5,464.5,1
2026-07-17 12:17:00+00:00,442.5,442.5,442.5,442.5,2
2026-07-17 12:22:00+00:00,443.0,443.0,443.0,443.0,2
2026-07-17 12:23:00+00:00,442.5,442.5,442.5,442.5,1
2026-07-17 12:30:00+00:00,465.0,465.0,465.0,465.0,3
2026-07-17 12:44:00+00:00,443.0,443.0,443.0,443.0,1
2026-07-17 13:30:00+00:00,443.0,443.0,443.0,443.0,11
2026-07-17 13:33:00+00:00,444.0,444.0,444.0,444.0,1
2026-07-17 13:34:00+00:00,465.0,465.0,465.0,465.0,1
2026-07-17 13:38:00+00:00,441.0,441.0,441.0,441.0,1
2026-07-17 13:42:00+00:00,463.5,464.0,463.5,464.0,2
2026-07-17 13:43:00+00:00,479.5,479.5,479.5,479.5,2
2026-07-17 13:43:00+00:00,464.0,464.0,464.0,464.0,1
2026-07-17 13:47:00+00:00,463.5,463.5,463.5,463.5,1
2026-07-17 13:48:00+00:00,463.5,463.5,463.5,463.5,1
2026-07-17 13:58:00+00:00,464.0,464.0,464.0,464.0,3
2026-07-17 14:02:00+00:00,479.0,479.0,479.0,479.0,3
2026-07-17 14:09:00+00:00,441.5,441.5,441.5,441.5,1
2026-07-17 14:09:00+00:00,479.5,479.5,479.5,479.5,3
2026-07-17 14:11:00+00:00,479.5,479.5,479.5,479.5,1
2026-07-17 14:17:00+00:00,464.5,464.5,464.5,464.5,4
2026-07-17 14:18:00+00:00,441.0,441.0,441.0,441.0,1
2026-07-17 14:20:00+00:00,442.0,442.0,442.0,442.0,1
2026-07-17 14:21:00+00:00,465.0,465.0,465.0,465.0,4
2026-07-17 14:23:00+00:00,465.0,465.0,465.0,465.0,1
2026-07-17 14:50:00+00:00,479.5,479.5,479.5,479.5,3
2026-07-17 14:51:00+00:00,464.0,464.0,464.0,464.0,1
2026-07-17 14:53:00+00:00,442.5,442.5,442.5,442.5,2
2026-07-17 14:54:00+00:00,442.5,442.5,442.5,442.5,2
2026-07-17 14:56:00+00:00,442.0,442.0,442.0,442.0,1
2026-07-17 15:03:00+00:00,464.5,464.5,464.5,464.5,1
2026-07-17 15:22:00+00:00,443.0,443.0,443.0,443.0,1
2026-07-17 15:38:00+00:00,443.0,443.0,443.0,443.0,1
2026-07-17 15:39:00+00:00,465.5,465.5,465.5,465.5,1
2026-07-17 15:41:00+00:00,465.5,465.5,465.5,465.5,1
2026-07-17 15:50:00+00:00,443.5,443.5,443.5,443.5,1
2026-07-17 15:57:00+00:00,466.5,466.5,466.5,466.5,5
2026-07-17 16:14:00+00:00,443.0,443.0,443.0,443.0,3
2026-07-17 16:18:00+00:00,443.0,443.0,443.0,443.0,1
2026-07-17 16:30:00+00:00,444.0,444.0,444.0,444.0,2
2026-07-17 16:52:00+00:00,481.5,481.5,481.5,481.5,2
2026-07-17 17:05:00+00:00,443.0,443.0,443.0,443.0,1
2026-07-17 17:15:00+00:00,443.0,443.0,443.0,443.0,1
2026-07-17 17:22:00+00:00,444.0,444.0,444.0,444.0,1
2026-07-17 17:26:00+00:00,444.0,444.0,444.0,444.0,2
2026-07-17 17:35:00+00:00,482.5,482.5,482.5,482.5,3
2026-07-17 17:37:00+00:00,467.0,467.0,467.0,467.0,2
2026-07-17 17:37:00+00:00,444.5,444.5,444.5,444.5,2
2026-07-17 17:39:00+00:00,467.0,467.0,467.0,467.0,1
2026-07-17 17:43:00+00:00,467.0,467.0,467.0,467.0,5
2026-07-17 17:43:00+00:00,444.5,444.5,444.5,444.5,1
2026-07-17 18:09:00+00:00,445.0,445.0,445.0,445.0,7
2026-07-17 18:19:00+00:00,445.0,445.0,445.0,445.0,3
2026-07-20 00:00:00+00:00,448.5,451.0,448.5,451.0,10
2026-07-20 00:00:00+00:00,473.0,473.0,473.0,473.0,3
2026-07-20 00:00:00+00:00,486.0,487.0,486.0,487.0,4
2026-07-20 00:02:00+00:00,-14.0,-14.0,-14.0,-14.0,1
2026-07-20 00:02:00+00:00,487.0,487.0,487.0,487.0,1
2026-07-20 00:02:00+00:00,473.0,473.0,473.0,473.0,2
2026-07-20 00:04:00+00:00,450.0,450.0,450.0,450.0,1
2026-07-20 00:05:00+00:00,472.5,472.5,472.5,472.5,2
2026-07-20 00:05:00+00:00,449.0,449.0,449.0,449.0,1
2026-07-20 00:07:00+00:00,449.5,449.5,449.5,449.5,1
2026-07-20 00:08:00+00:00,449.5,449.5,449.5,449.5,1
2026-07-20 00:10:00+00:00,473.0,473.0,473.0,473.0,1
2026-07-20 00:17:00+00:00,449.0,449.0,449.0,449.0,1
2026-07-20 00:23:00+00:00,449.0,449.0,449.0,449.0,1
2026-07-20 00:25:00+00:00,472.5,472.5,472.5,472.5,1
2026-07-20 00:32:00+00:00,449.5,449.5,449.5,449.5,4
2026-07-20 00:34:00+00:00,448.5,448.5,448.5,448.5,2
2026-07-20 00:44:00+00:00,471.0,471.0,471.0,471.0,1
2026-07-20 01:02:00+00:00,448.0,448.0,448.0,448.0,1
2026-07-20 01:23:00+00:00,448.0,448.0,448.0,448.0,1
2026-07-20 01:25:00+00:00,447.5,447.5,447.5,447.5,1
2026-07-20 01:28:00+00:00,448.0,448.0,448.0,448.0,1
2026-07-20 01:49:00+00:00,448.5,448.5,448.5,448.5,1
2026-07-20 02:06:00+00:00,449.0,449.0,449.0,449.0,1
2026-07-20 02:18:00+00:00,472.0,472.0,472.0,472.0,1
2026-07-20 02:40:00+00:00,471.5,471.5,471.5,471.5,1
2026-07-20 02:45:00+00:00,472.0,472.0,472.0,472.0,1
2026-07-20 02:48:00+00:00,471.0,471.0,471.0,471.0,1
2026-07-20 03:50:00+00:00,486.0,486.0,486.0,486.0,2
2026-07-20 04:33:00+00:00,486.0,486.0,486.0,486.0,1
2026-07-20 04:38:00+00:00,447.0,447.0,447.0,447.0,1
2026-07-20 04:51:00+00:00,447.5,447.5,447.5,447.5,1
2026-07-20 05:25:00+00:00,471.0,471.0,471.0,471.0,1
2026-07-20 06:00:00+00:00,470.0,470.0,470.0,470.0,11
2026-07-20 06:28:00+00:00,471.0,471.0,471.0,471.0,1
2026-07-20 06:56:00+00:00,472.0,472.0,472.0,472.0,4
2026-07-20 06:56:00+00:00,449.0,449.0,449.0,449.0,6
2026-07-20 06:59:00+00:00,472.0,472.0,472.0,472.0,3
2026-07-20 07:02:00+00:00,487.5,487.5,487.5,487.5,1
2026-07-20 07:02:00+00:00,472.0,472.0,472.0,472.0,1
2026-07-20 07:02:00+00:00,-15.5,-15.5,-15.5,-15.5,1
2026-07-20 07:15:00+00:00,448.5,448.5,448.5,448.5,3
2026-07-20 07:16:00+00:00,448.0,448.0,448.0,448.0,3
2026-07-20 07:22:00+00:00,448.0,448.0,448.0,448.0,2
2026-07-20 07:32:00+00:00,472.0,472.0,472.0,472.0,6
2026-07-20 07:33:00+00:00,472.0,472.0,472.0,472.0,3
2026-07-20 07:38:00+00:00,448.0,448.0,448.0,448.0,3
2026-07-20 07:39:00+00:00,448.0,448.0,448.0,448.0,3
2026-07-20 07:40:00+00:00,448.0,448.0,447.5,447.5,3
2026-07-20 08:49:00+00:00,472.5,472.5,472.5,472.5,1
2026-07-20 08:49:00+00:00,450.0,450.0,450.0,450.0,1
2026-07-20 08:56:00+00:00,450.0,450.0,450.0,450.0,1
2026-07-20 09:00:00+00:00,450.0,450.0,450.0,450.0,1
2026-07-20 09:01:00+00:00,450.0,450.0,450.0,450.0,1
2026-07-20 10:18:00+00:00,472.5,472.5,472.5,472.5,1
2026-07-20 10:52:00+00:00,451.0,451.0,451.0,451.0,1
2026-07-20 11:03:00+00:00,450.5,450.5,450.5,450.5,1
2026-07-20 11:06:00+00:00,450.5,450.5,450.5,450.5,3
2026-07-20 11:08:00+00:00,489.0,489.0,489.0,489.0,3
2026-07-20 11:09:00+00:00,489.5,489.5,489.5,489.5,3
2026-07-20 11:09:00+00:00,451.0,451.0,451.0,451.0,2
2026-07-20 11:15:00+00:00,451.0,451.0,451.0,451.0,1
2026-07-20 11:20:00+00:00,451.5,451.5,451.5,451.5,1
2026-07-20 11:23:00+00:00,489.5,489.5,489.5,489.5,1
2026-07-20 11:26:00+00:00,490.0,490.0,490.0,490.0,1
2026-07-20 11:26:00+00:00,474.5,475.0,474.5,475.0,3
2026-07-20 11:26:00+00:00,-15.5,-15.5,-15.5,-15.5,1
2026-07-20 11:27:00+00:00,475.0,475.0,475.0,475.0,1
2026-07-20 11:41:00+00:00,450.0,450.0,450.0,450.0,3
2026-07-20 11:41:00+00:00,488.5,488.5,488.5,488.5,3
2026-07-20 11:42:00+00:00,488.5,488.5,488.5,488.5,3
2026-07-20 11:59:00+00:00,490.0,490.0,490.0,490.0,3
2026-07-20 11:59:00+00:00,-23.0,-23.0,-23.0,-23.0,4
2026-07-20 11:59:00+00:00,451.0,451.0,451.0,451.0,18
2026-07-20 11:59:00+00:00,474.0,474.0,474.0,474.0,6
2026-07-20 12:00:00+00:00,451.0,451.0,451.0,451.0,3
2026-07-20 12:01:00+00:00,474.5,474.5,474.5,474.5,2
2026-07-20 12:02:00+00:00,451.5,451.5,451.5,451.5,3
2026-07-20 12:09:00+00:00,491.0,491.0,491.0,491.0,2
2026-07-20 12:09:00+00:00,452.0,452.0,452.0,452.0,2
2026-07-20 12:25:00+00:00,475.0,475.0,475.0,475.0,1
2026-07-20 12:29:00+00:00,452.0,452.0,452.0,452.0,1
2026-07-20 12:34:00+00:00,452.5,452.5,452.5,452.5,1
2026-07-20 12:35:00+00:00,491.0,491.0,491.0,491.0,3
2026-07-20 13:30:00+00:00,475.5,475.5,474.5,474.5,4
2026-07-20 13:30:00+00:00,491.0,491.0,491.0,491.0,1
2026-07-20 13:31:00+00:00,474.0,474.0,474.0,474.0,1
2026-07-20 13:32:00+00:00,449.0,450.5,449.0,450.5,5
2026-07-20 13:33:00+00:00,474.0,474.0,474.0,474.0,1
2026-07-20 13:40:00+00:00,472.5,472.5,472.0,472.0,6
2026-07-20 13:48:00+00:00,448.0,448.0,448.0,448.0,1
2026-07-20 13:51:00+00:00,471.5,471.5,471.5,471.5,2
2026-07-20 13:54:00+00:00,471.5,471.5,471.5,471.5,2
2026-07-20 13:55:00+00:00,448.5,448.5,448.5,448.5,2
2026-07-20 13:56:00+00:00,471.5,471.5,471.5,471.5,5
2026-07-20 13:57:00+00:00,472.5,472.5,472.5,472.5,3
2026-07-20 14:00:00+00:00,449.0,449.0,449.0,449.0,1
2026-07-20 14:02:00+00:00,474.0,474.0,474.0,474.0,5
2026-07-20 14:03:00+00:00,474.0,474.0,474.0,474.0,1
2026-07-20 14:05:00+00:00,472.5,472.5,472.5,472.5,1
2026-07-20 14:06:00+00:00,450.0,450.0,450.0,450.0,1
2026-07-20 14:09:00+00:00,450.5,450.5,450.5,450.5,1
2026-07-20 14:16:00+00:00,450.0,450.0,450.0,450.0,1
2026-07-20 14:21:00+00:00,450.0,450.0,450.0,450.0,1
2026-07-20 14:22:00+00:00,489.0,489.0,489.0,489.0,3
2026-07-20 14:25:00+00:00,473.0,473.0,473.0,473.0,1
2026-07-20 14:29:00+00:00,449.0,449.0,448.5,448.5,2
2026-07-20 14:35:00+00:00,473.5,473.5,473.5,473.5,1
2026-07-20 14:38:00+00:00,449.5,449.5,449.0,449.0,5
2026-07-20 14:57:00+00:00,489.0,489.0,489.0,489.0,3
2026-07-20 15:08:00+00:00,449.5,449.5,449.5,449.5,1
2026-07-20 15:14:00+00:00,473.0,473.0,473.0,473.0,1
2026-07-20 15:19:00+00:00,473.0,473.0,473.0,473.0,1
2026-07-20 15:43:00+00:00,474.5,474.5,474.5,474.5,1
2026-07-20 15:44:00+00:00,473.5,473.5,473.5,473.5,1
2026-07-20 15:55:00+00:00,475.5,475.5,475.5,475.5,1
2026-07-20 15:58:00+00:00,451.0,451.0,451.0,451.0,2
2026-07-20 16:06:00+00:00,451.0,451.0,451.0,451.0,1
2026-07-20 16:06:00+00:00,490.5,490.5,490.5,490.5,3
2026-07-20 16:14:00+00:00,451.0,451.0,451.0,451.0,1
2026-07-20 16:25:00+00:00,491.5,491.5,491.5,491.5,3
2026-07-20 16:44:00+00:00,451.0,451.0,451.0,451.0,7
2026-07-20 16:46:00+00:00,451.0,451.0,451.0,451.0,1
2026-07-20 16:59:00+00:00,489.5,489.5,489.5,489.5,3
2026-07-20 17:02:00+00:00,449.0,449.0,449.0,449.0,2
2026-07-20 17:19:00+00:00,473.5,473.5,473.5,473.5,1
2026-07-20 17:22:00+00:00,472.5,472.5,472.5,472.5,2
2026-07-20 17:30:00+00:00,449.0,449.0,449.0,449.0,1
2026-07-20 17:43:00+00:00,449.5,449.5,449.5,449.5,3
2026-07-20 17:57:00+00:00,472.0,472.0,472.0,472.0,1
2026-07-20 17:59:00+00:00,472.0,472.0,472.0,472.0,1
2026-07-20 18:05:00+00:00,472.0,472.0,472.0,472.0,1
2026-07-20 18:16:00+00:00,450.0,450.0,450.0,450.0,3
2026-07-20 18:17:00+00:00,473.0,473.0,473.0,473.0,3
2026-07-21 00:00:00+00:00,472.0,475.5,472.0,475.5,3
2026-07-21 00:00:00+00:00,-26.0,-26.0,-26.0,-26.0,1
2026-07-21 00:00:00+00:00,447.5,450.5,446.5,450.5,14
2026-07-21 00:01:00+00:00,446.5,446.5,446.0,446.0,8
2026-07-21 00:06:00+00:00,485.0,485.0,485.0,485.0,3
2026-07-21 00:07:00+00:00,445.5,445.5,445.5,445.5,1
2026-07-21 00:09:00+00:00,446.0,446.0,446.0,446.0,1
2026-07-21 00:13:00+00:00,446.0,446.0,446.0,446.0,1
2026-07-21 00:15:00+00:00,446.0,446.0,446.0,446.0,1
2026-07-21 00:22:00+00:00,470.0,470.0,470.0,470.0,3
2026-07-21 00:41:00+00:00,471.5,471.5,471.5,471.5,1
2026-07-21 00:45:00+00:00,447.5,447.5,447.5,447.5,1
2026-07-21 00:51:00+00:00,448.0,448.0,448.0,448.0,1
2026-07-21 01:23:00+00:00,486.0,486.0,486.0,486.0,3
2026-07-21 01:41:00+00:00,471.5,471.5,471.5,471.5,1
2026-07-21 01:48:00+00:00,448.0,448.0,448.0,448.0,1
2026-07-21 02:50:00+00:00,447.5,447.5,447.5,447.5,2
2026-07-21 03:00:00+00:00,448.0,448.0,448.0,448.0,3
2026-07-21 03:45:00+00:00,448.0,448.0,448.0,448.0,2
2026-07-21 04:01:00+00:00,471.0,471.0,471.0,471.0,1
2026-07-21 05:03:00+00:00,472.0,472.0,472.0,472.0,1
2026-07-21 06:03:00+00:00,448.0,448.0,448.0,448.0,1
2026-07-21 07:04:00+00:00,473.0,473.0,473.0,473.0,5
2026-07-21 07:07:00+00:00,450.0,450.0,450.0,450.0,2
2026-07-21 07:15:00+00:00,450.5,450.5,450.5,450.5,1
2026-07-21 07:32:00+00:00,489.5,489.5,489.5,489.5,3
2026-07-21 07:38:00+00:00,472.5,472.5,472.5,472.5,3
2026-07-21 07:45:00+00:00,488.0,488.0,488.0,488.0,3
2026-07-21 08:03:00+00:00,447.5,447.5,447.5,447.5,1
2026-07-21 08:09:00+00:00,447.0,447.0,447.0,447.0,1
2026-07-21 08:45:00+00:00,448.5,448.5,448.5,448.5,1
2026-07-21 08:53:00+00:00,471.5,471.5,471.5,471.5,6
2026-07-21 09:14:00+00:00,471.5,471.5,471.5,471.5,1
2026-07-21 09:31:00+00:00,449.0,449.0,449.0,449.0,6
2026-07-21 11:21:00+00:00,450.0,450.0,450.0,450.0,3
2026-07-21 11:21:00+00:00,489.0,489.0,489.0,489.0,3
2026-07-21 11:22:00+00:00,450.0,450.0,450.0,450.0,9
2026-07-21 11:36:00+00:00,471.5,471.5,471.5,471.5,2
2026-07-21 11:44:00+00:00,449.0,449.0,449.0,449.0,1
2026-07-21 11:49:00+00:00,471.5,471.5,471.5,471.5,3
2026-07-21 11:50:00+00:00,448.5,448.5,448.5,448.5,2
2026-07-21 12:01:00+00:00,449.0,449.0,449.0,449.0,1
2026-07-21 12:32:00+00:00,470.0,470.0,470.0,470.0,2
2026-07-21 13:30:00+00:00,447.0,447.0,446.5,446.5,9
2026-07-21 13:34:00+00:00,447.0,447.5,447.0,447.5,2
2026-07-21 13:38:00+00:00,448.5,448.5,448.5,448.5,2
2026-07-21 13:42:00+00:00,448.0,448.0,448.0,448.0,1
2026-07-21 13:43:00+00:00,472.0,472.0,472.0,472.0,1
2026-07-21 13:51:00+00:00,473.0,473.0,473.0,473.0,4
2026-07-21 13:51:00+00:00,450.0,450.0,450.0,450.0,3
2026-07-21 13:52:00+00:00,473.0,473.0,473.0,473.0,1
2026-07-21 13:58:00+00:00,472.0,473.0,472.0,473.0,3
2026-07-21 14:05:00+00:00,-15.5,-15.5,-15.5,-15.5,1
2026-07-21 14:05:00+00:00,487.0,487.0,487.0,487.0,1
2026-07-21 14:05:00+00:00,471.5,471.5,471.5,471.5,2
2026-07-21 14:06:00+00:00,449.5,449.5,449.5,449.5,1
2026-07-21 14:09:00+00:00,450.0,450.0,450.0,450.0,2
2026-07-21 14:10:00+00:00,473.0,473.0,473.0,473.0,8
2026-07-21 14:12:00+00:00,472.5,472.5,472.5,472.5,3
2026-07-21 14:24:00+00:00,449.0,449.0,449.0,449.0,2
2026-07-21 14:27:00+00:00,450.0,450.0,450.0,450.0,1
2026-07-21 14:32:00+00:00,471.5,471.5,471.5,471.5,5
2026-07-21 14:33:00+00:00,473.0,473.0,473.0,473.0,1
2026-07-21 14:35:00+00:00,450.0,450.0,450.0,450.0,2
2026-07-21 14:40:00+00:00,488.5,488.5,488.5,488.5,3
2026-07-21 14:41:00+00:00,472.0,472.0,472.0,472.0,3
2026-07-21 14:45:00+00:00,472.0,472.0,472.0,472.0,1
2026-07-21 14:49:00+00:00,472.0,472.0,472.0,472.0,1
2026-07-21 14:54:00+00:00,450.5,450.5,450.5,450.5,1
2026-07-21 15:04:00+00:00,488.0,488.0,488.0,488.0,3
2026-07-21 15:24:00+00:00,449.5,449.5,449.5,449.5,3
2026-07-21 15:45:00+00:00,449.5,449.5,449.5,449.5,10
2026-07-21 15:47:00+00:00,488.5,488.5,488.5,488.5,3
2026-07-21 16:00:00+00:00,451.0,451.0,451.0,451.0,2
2026-07-21 16:01:00+00:00,475.0,475.0,475.0,475.0,3
2026-07-21 16:02:00+00:00,474.0,474.0,474.0,474.0,2
2026-07-21 16:03:00+00:00,451.5,451.5,451.5,451.5,2
2026-07-21 16:04:00+00:00,452.0,452.0,452.0,452.0,4
2026-07-21 16:14:00+00:00,452.0,452.0,452.0,452.0,1
2026-07-21 16:18:00+00:00,451.5,451.5,451.5,451.5,1
2026-07-21 16:20:00+00:00,451.5,451.5,451.5,451.5,3
2026-07-21 16:22:00+00:00,473.5,473.5,473.5,473.5,2
2026-07-21 16:26:00+00:00,452.0,452.0,452.0,452.0,1
2026-07-21 16:54:00+00:00,452.0,452.0,452.0,452.0,1
2026-07-21 16:55:00+00:00,475.5,475.5,475.5,475.5,1
2026-07-21 16:56:00+00:00,452.5,452.5,452.5,452.5,1
2026-07-21 16:58:00+00:00,453.0,453.0,453.0,453.0,6
2026-07-21 17:01:00+00:00,476.0,476.0,476.0,476.0,2
2026-07-21 17:02:00+00:00,453.5,453.5,453.5,453.5,4
2026-07-21 17:02:00+00:00,492.0,492.0,492.0,492.0,3
2026-07-21 17:03:00+00:00,476.5,476.5,476.5,476.5,6
2026-07-21 17:04:00+00:00,476.5,476.5,476.5,476.5,1
2026-07-21 17:11:00+00:00,453.0,453.0,453.0,453.0,2
2026-07-21 17:15:00+00:00,453.5,453.5,453.5,453.5,1
2026-07-21 17:19:00+00:00,475.0,475.0,475.0,475.0,1
2026-07-21 17:31:00+00:00,453.5,453.5,453.5,453.5,1
2026-07-21 17:39:00+00:00,453.0,453.0,453.0,453.0,50
2026-07-21 17:45:00+00:00,453.0,453.0,453.0,453.0,2
2026-07-21 17:46:00+00:00,476.0,476.0,476.0,476.0,6
2026-07-21 17:49:00+00:00,453.0,453.0,453.0,453.0,1
2026-07-21 17:52:00+00:00,452.5,452.5,452.5,452.5,1
2026-07-21 17:57:00+00:00,452.5,452.5,452.5,452.5,1
2026-07-21 17:58:00+00:00,452.5,452.5,452.5,452.5,2
2026-07-21 17:59:00+00:00,453.0,453.0,453.0,453.0,1
2026-07-21 18:03:00+00:00,476.0,476.0,476.0,476.0,5
2026-07-21 18:04:00+00:00,452.5,452.5,452.5,452.5,1
2026-07-21 18:14:00+00:00,453.0,453.0,453.0,453.0,2
2026-07-21 18:16:00+00:00,474.5,474.5,474.5,474.5,1
2026-07-21 18:19:00+00:00,475.5,475.5,475.5,475.5,1
2026-07-22 00:00:00+00:00,452.0,452.0,452.0,452.0,1
2026-07-22 00:13:00+00:00,453.5,453.5,453.5,453.5,1
2026-07-22 00:21:00+00:00,453.0,453.0,453.0,453.0,2
2026-07-22 00:24:00+00:00,477.0,477.0,477.0,477.0,10
2026-07-22 00:55:00+00:00,454.0,454.5,454.0,454.5,3
2026-07-22 01:10:00+00:00,492.5,492.5,492.5,492.5,1
2026-07-22 01:15:00+00:00,454.5,454.5,454.5,454.5,2
2026-07-22 01:24:00+00:00,493.0,493.0,493.0,493.0,6
2026-07-22 01:24:00+00:00,477.5,477.5,477.5,477.5,3
2026-07-22 01:25:00+00:00,493.0,493.0,493.0,493.0,3
2026-07-22 01:25:00+00:00,477.5,477.5,477.5,477.5,3
2026-07-22 01:29:00+00:00,454.5,454.5,454.5,454.5,1
2026-07-22 01:36:00+00:00,454.0,454.0,454.0,454.0,2
2026-07-22 01:40:00+00:00,454.5,454.5,454.5,454.5,1
2026-07-22 02:53:00+00:00,492.0,492.0,492.0,492.0,2
2026-07-22 03:01:00+00:00,492.0,492.0,492.0,492.0,1
2026-07-22 03:12:00+00:00,476.0,476.0,476.0,476.0,1
2026-07-22 03:13:00+00:00,454.0,454.0,454.0,454.0,3
2026-07-22 03:14:00+00:00,454.0,454.0,454.0,454.0,3
2026-07-22 03:15:00+00:00,454.0,454.0,454.0,454.0,7
2026-07-22 03:16:00+00:00,453.5,453.5,453.5,453.5,1
2026-07-22 03:25:00+00:00,454.5,454.5,454.5,454.5,3
2026-07-22 03:26:00+00:00,454.0,454.0,454.0,454.0,3
2026-07-22 03:27:00+00:00,453.5,453.5,453.5,453.5,1
2026-07-22 03:33:00+00:00,454.0,454.0,454.0,454.0,1
2026-07-22 03:36:00+00:00,476.5,476.5,476.5,476.5,1
2026-07-22 03:59:00+00:00,476.5,476.5,476.5,476.5,1
2026-07-22 04:12:00+00:00,454.5,454.5,454.5,454.5,1
2026-07-22 04:22:00+00:00,476.5,477.5,476.5,477.5,18
2026-07-22 04:27:00+00:00,454.5,454.5,454.5,454.5,4
2026-07-22 04:29:00+00:00,454.0,454.0,454.0,454.0,3
2026-07-22 04:40:00+00:00,454.0,454.0,454.0,454.0,1
2026-07-22 04:41:00+00:00,454.0,454.0,454.0,454.0,1
2026-07-22 04:48:00+00:00,454.5,454.5,454.0,454.0,2
2026-07-22 05:24:00+00:00,477.0,477.0,477.0,477.0,1
2026-07-22 05:29:00+00:00,477.0,477.0,477.0,477.0,3
2026-07-22 05:29:00+00:00,454.0,454.0,454.0,454.0,2
2026-07-22 05:36:00+00:00,454.0,454.0,454.0,454.0,1
2026-07-22 05:37:00+00:00,454.0,454.0,454.0,454.0,1
2026-07-22 06:12:00+00:00,477.0,477.0,477.0,477.0,2
2026-07-22 06:34:00+00:00,476.0,476.0,476.0,476.0,2
2026-07-22 06:34:00+00:00,453.5,453.5,453.5,453.5,1
2026-07-22 06:36:00+00:00,476.0,476.0,476.0,476.0,1
2026-07-22 06:36:00+00:00,491.5,491.5,491.5,491.5,3
2026-07-22 06:48:00+00:00,492.0,492.0,492.0,492.0,3
2026-07-22 06:52:00+00:00,454.0,454.0,454.0,454.0,1
2026-07-22 06:58:00+00:00,453.5,453.5,453.5,453.5,1
2026-07-22 07:03:00+00:00,454.0,454.0,454.0,454.0,1
2026-07-22 07:30:00+00:00,454.5,454.5,454.5,454.5,1
2026-07-22 07:39:00+00:00,493.5,494.0,493.5,494.0,14
2026-07-22 07:39:00+00:00,478.0,478.0,478.0,478.0,1
2026-07-22 07:39:00+00:00,455.0,455.5,455.0,455.5,5
2026-07-22 07:41:00+00:00,494.0,494.0,494.0,494.0,3
2026-07-22 07:44:00+00:00,455.5,455.5,455.5,455.5,3
2026-07-22 07:46:00+00:00,456.0,456.0,456.0,456.0,2
2026-07-22 07:48:00+00:00,455.5,455.5,455.5,455.5,3
2026-07-22 07:49:00+00:00,494.0,494.0,494.0,494.0,2
2026-07-22 07:51:00+00:00,455.5,455.5,455.5,455.5,1
2026-07-22 08:07:00+00:00,455.5,455.5,455.5,455.5,2
2026-07-22 08:18:00+00:00,455.5,455.5,455.5,455.5,1
2026-07-22 08:22:00+00:00,455.0,455.0,455.0,455.0,2
2026-07-22 08:31:00+00:00,493.5,493.5,493.5,493.5,3
2026-07-22 08:33:00+00:00,493.5,493.5,493.5,493.5,3
2026-07-22 08:33:00+00:00,455.0,455.0,455.0,455.0,1
2026-07-22 08:35:00+00:00,455.5,455.5,455.5,455.5,4
2026-07-22 08:53:00+00:00,455.5,455.5,455.5,455.5,3
2026-07-22 09:09:00+00:00,455.0,455.0,455.0,455.0,1
2026-07-22 09:49:00+00:00,494.5,494.5,494.5,494.5,3
2026-07-22 09:49:00+00:00,456.0,456.0,456.0,456.0,2
2026-07-22 10:05:00+00:00,456.0,456.0,456.0,456.0,3
2026-07-22 10:07:00+00:00,456.5,456.5,456.5,456.5,4
2026-07-22 10:09:00+00:00,456.0,456.0,456.0,456.0,2
2026-07-22 10:17:00+00:00,457.0,457.0,457.0,457.0,1
2026-07-22 10:19:00+00:00,495.0,495.0,495.0,495.0,3
2026-07-22 10:30:00+00:00,456.5,456.5,456.5,456.5,3
2026-07-22 10:47:00+00:00,456.5,456.5,456.5,456.5,1
2026-07-22 10:55:00+00:00,457.0,457.0,457.0,457.0,4
2026-07-22 10:56:00+00:00,480.5,480.5,480.5,480.5,1
2026-07-22 10:57:00+00:00,480.5,480.5,480.5,480.5,1
2026-07-22 10:58:00+00:00,457.0,457.0,457.0,457.0,2
2026-07-22 11:00:00+00:00,496.0,496.0,496.0,496.0,7
2026-07-22 11:01:00+00:00,458.0,458.0,458.0,458.0,1
2026-07-22 11:11:00+00:00,457.5,457.5,457.5,457.5,1
2026-07-22 11:24:00+00:00,458.0,458.0,458.0,458.0,10
2026-07-22 11:25:00+00:00,458.5,458.5,458.0,458.0,5
2026-07-22 11:40:00+00:00,458.0,458.0,458.0,458.0,2
2026-07-22 11:44:00+00:00,458.5,458.5,458.5,458.5,2
2026-07-22 11:49:00+00:00,458.5,458.5,458.5,458.5,1
2026-07-22 11:49:00+00:00,482.0,482.0,482.0,482.0,3
2026-07-22 11:59:00+00:00,459.0,459.0,459.0,459.0,2
2026-07-22 12:00:00+00:00,458.0,458.0,458.0,458.0,1
2026-07-22 12:05:00+00:00,459.0,459.0,459.0,459.0,1
2026-07-22 12:09:00+00:00,459.0,459.0,459.0,459.0,4
2026-07-22 12:14:00+00:00,458.0,458.0,458.0,458.0,2
2026-07-22 12:15:00+00:00,458.5,458.5,458.5,458.5,11
2026-07-22 12:15:00+00:00,497.5,497.5,497.5,497.5,3
2026-07-22 12:17:00+00:00,482.0,482.0,482.0,482.0,1
2026-07-22 12:18:00+00:00,498.0,498.0,498.0,498.0,3
2026-07-22 12:19:00+00:00,459.0,459.0,459.0,459.0,3
2026-07-22 12:20:00+00:00,459.0,459.0,459.0,459.0,2
2026-07-22 12:36:00+00:00,481.5,481.5,481.5,481.5,1
2026-07-22 12:37:00+00:00,481.5,481.5,481.5,481.5,1
2026-07-22 12:38:00+00:00,459.5,459.5,459.5,459.5,2
2026-07-22 12:44:00+00:00,458.5,458.5,458.5,458.5,1
2026-07-22 13:30:00+00:00,497.0,497.0,497.0,497.0,10
2026-07-22 13:30:00+00:00,459.0,459.0,459.0,459.0,2
2026-07-22 13:31:00+00:00,458.0,458.5,458.0,458.5,2
2026-07-22 13:32:00+00:00,481.5,481.5,481.5,481.5,2
2026-07-22 13:32:00+00:00,458.0,458.0,458.0,458.0,1
2026-07-22 13:33:00+00:00,457.5,457.5,457.5,457.5,1
2026-07-22 13:34:00+00:00,481.5,481.5,481.5,481.5,5
2026-07-22 13:36:00+00:00,457.0,457.0,456.5,456.5,2
2026-07-22 13:43:00+00:00,458.0,458.0,458.0,458.0,1
2026-07-22 13:52:00+00:00,459.5,459.5,459.5,459.5,2
2026-07-22 13:53:00+00:00,498.5,498.5,498.5,498.5,2
2026-07-22 13:53:00+00:00,483.0,483.0,483.0,483.0,6
2026-07-22 13:55:00+00:00,483.0,483.0,483.0,483.0,3
2026-07-22 13:57:00+00:00,483.5,483.5,483.5,483.5,3
2026-07-22 13:57:00+00:00,460.0,460.5,460.0,460.5,6
2026-07-22 13:57:00+00:00,499.0,499.0,499.0,499.0,3
2026-07-22 14:05:00+00:00,460.5,460.5,460.5,460.5,1
2026-07-22 14:10:00+00:00,459.5,459.5,459.5,459.5,1
2026-07-22 14:11:00+00:00,460.0,460.0,460.0,460.0,1
2026-07-22 14:12:00+00:00,460.0,460.0,460.0,460.0,1
2026-07-22 14:16:00+00:00,484.0,484.0,484.0,484.0,6
2026-07-22 14:19:00+00:00,461.0,461.0,461.0,461.0,3
2026-07-22 14:20:00+00:00,461.0,461.0,461.0,461.0,1
2026-07-22 14:23:00+00:00,484.0,484.0,484.0,484.0,1
2026-07-22 14:24:00+00:00,460.5,460.5,460.5,460.5,1
2026-07-22 14:27:00+00:00,484.0,484.0,484.0,484.0,1
2026-07-22 14:28:00+00:00,460.5,460.5,460.5,460.5,2
2026-07-22 14:29:00+00:00,460.5,460.5,460.5,460.5,1
2026-07-22 14:30:00+00:00,484.0,484.0,484.0,484.0,1
2026-07-22 14:30:00+00:00,500.0,500.0,500.0,500.0,2
2026-07-22 14:33:00+00:00,461.0,462.0,461.0,462.0,4
2026-07-22 14:34:00+00:00,484.5,484.5,484.5,484.5,2
2026-07-22 14:35:00+00:00,484.5,484.5,484.5,484.5,2
2026-07-22 14:38:00+00:00,485.0,485.0,485.0,485.0,1
2026-07-22 14:39:00+00:00,462.0,462.0,462.0,462.0,1
2026-07-22 14:40:00+00:00,485.0,485.0,485.0,485.0,1
2026-07-22 14:41:00+00:00,462.0,462.0,462.0,462.0,2
2026-07-22 14:43:00+00:00,485.5,485.5,485.5,485.5,1
2026-07-22 14:51:00+00:00,486.0,486.0,485.5,485.5,5
2026-07-22 14:52:00+00:00,463.0,463.0,463.0,463.0,2
2026-07-22 15:02:00+00:00,500.5,500.5,500.5,500.5,3
2026-07-22 15:04:00+00:00,461.0,461.0,461.0,461.0,1
2026-07-22 15:06:00+00:00,460.5,460.5,460.5,460.5,2
2026-07-22 15:09:00+00:00,460.5,460.5,460.5,460.5,1
2026-07-22 15:14:00+00:00,461.0,461.0,461.0,461.0,2
2026-07-22 15:24:00+00:00,461.5,461.5,461.5,461.5,1
2026-07-22 15:28:00+00:00,483.0,483.0,483.0,483.0,2
2026-07-22 15:29:00+00:00,483.5,483.5,483.5,483.5,1
2026-07-22 15:34:00+00:00,484.5,484.5,484.5,484.5,3
2026-07-22 15:36:00+00:00,462.0,462.0,462.0,462.0,1
2026-07-22 15:37:00+00:00,462.0,462.0,462.0,462.0,1
2026-07-22 15:38:00+00:00,462.0,462.0,462.0,462.0,2
2026-07-22 15:45:00+00:00,461.0,461.0,461.0,461.0,1
2026-07-22 15:46:00+00:00,484.5,484.5,484.5,484.5,1
2026-07-22 15:51:00+00:00,461.5,461.5,461.5,461.5,1
2026-07-22 15:53:00+00:00,462.0,462.0,462.0,462.0,1
2026-07-22 16:05:00+00:00,462.0,462.0,462.0,462.0,2
2026-07-22 16:07:00+00:00,485.5,485.5,485.5,485.5,2
2026-07-22 16:14:00+00:00,500.5,500.5,500.5,500.5,3
2026-07-22 16:24:00+00:00,460.0,460.0,459.5,459.5,9
2026-07-22 16:24:00+00:00,483.0,483.0,483.0,483.0,2
2026-07-22 16:29:00+00:00,460.5,460.5,460.5,460.5,1
2026-07-22 16:36:00+00:00,483.5,483.5,483.5,483.5,1
2026-07-22 16:36:00+00:00,499.0,499.0,499.0,499.0,3
2026-07-22 16:38:00+00:00,483.0,483.0,483.0,483.0,1
2026-07-22 16:49:00+00:00,499.0,499.0,499.0,499.0,2
2026-07-22 16:50:00+00:00,460.5,460.5,460.5,460.5,1
2026-07-22 16:51:00+00:00,484.0,484.0,484.0,484.0,2
2026-07-22 16:54:00+00:00,461.0,461.0,461.0,461.0,1
2026-07-22 16:59:00+00:00,461.0,461.0,461.0,461.0,3
2026-07-22 17:00:00+00:00,499.5,499.5,499.5,499.5,3
2026-07-22 17:06:00+00:00,499.0,499.0,499.0,499.0,2
2026-07-22 17:07:00+00:00,498.5,498.5,498.5,498.5,2
2026-07-22 17:15:00+00:00,498.0,498.0,498.0,498.0,3
2026-07-22 17:37:00+00:00,460.0,460.0,460.0,460.0,1
2026-07-22 17:38:00+00:00,483.0,483.0,483.0,483.0,1
2026-07-22 17:59:00+00:00,499.0,499.0,499.0,499.0,3
2026-07-22 18:02:00+00:00,499.5,499.5,499.5,499.5,2
2026-07-22 18:05:00+00:00,462.0,462.0,462.0,462.0,1
2026-07-22 18:06:00+00:00,462.0,462.0,462.0,462.0,1
2026-07-22 18:13:00+00:00,462.0,462.0,462.0,462.0,1
2026-07-22 18:15:00+00:00,499.5,499.5,499.5,499.5,6
2026-07-22 18:16:00+00:00,461.5,461.5,461.5,461.5,1
2026-07-23 00:00:00+00:00,483.0,483.0,483.0,483.0,2
2026-07-23 00:00:00+00:00,462.0,462.0,462.0,462.0,2
2026-07-23 00:07:00+00:00,483.5,483.5,483.5,483.5,1
2026-07-23 00:22:00+00:00,484.0,484.0,484.0,484.0,1
2026-07-23 00:26:00+00:00,461.5,462.0,461.5,462.0,12
2026-07-23 00:36:00+00:00,500.0,500.0,500.0,500.0,2
2026-07-23 00:36:00+00:00,-15.0,-15.0,-15.0,-15.0,2
2026-07-23 00:36:00+00:00,461.0,461.0,461.0,461.0,12
2026-07-23 00:36:00+00:00,485.0,485.0,485.0,485.0,12
2026-07-23 00:38:00+00:00,500.0,500.0,500.0,500.0,1
2026-07-23 00:41:00+00:00,500.5,500.5,500.5,500.5,3
2026-07-23 00:44:00+00:00,462.5,462.5,462.5,462.5,1
2026-07-23 01:00:00+00:00,462.5,462.5,462.5,462.5,2
2026-07-23 01:15:00+00:00,462.5,462.5,462.5,462.5,8
2026-07-23 01:16:00+00:00,462.5,462.5,462.5,462.5,1
2026-07-23 01:19:00+00:00,462.5,462.5,462.5,462.5,1
2026-07-23 01:23:00+00:00,485.0,485.0,485.0,485.0,5
2026-07-23 01:39:00+00:00,500.5,500.5,500.5,500.5,3
2026-07-23 01:40:00+00:00,462.0,462.0,462.0,462.0,2
2026-07-23 02:13:00+00:00,500.0,500.0,500.0,500.0,3
2026-07-23 02:33:00+00:00,462.0,462.0,462.0,462.0,3
2026-07-23 02:35:00+00:00,461.5,461.5,461.5,461.5,3
2026-07-23 02:42:00+00:00,499.5,499.5,499.5,499.5,2
2026-07-23 02:46:00+00:00,461.0,461.0,461.0,461.0,1
2026-07-23 02:46:00+00:00,499.5,499.5,499.5,499.5,6
2026-07-23 03:08:00+00:00,484.0,484.0,484.0,484.0,2
2026-07-23 04:41:00+00:00,484.0,484.0,484.0,484.0,6
2026-07-23 05:01:00+00:00,462.0,462.0,461.5,462.0,7
2026-07-23 05:17:00+00:00,484.5,484.5,484.5,484.5,1
2026-07-23 06:01:00+00:00,485.0,485.0,485.0,485.0,2
2026-07-23 06:28:00+00:00,463.0,463.0,463.0,463.0,1
2026-07-23 06:33:00+00:00,501.5,501.5,501.5,501.5,1
2026-07-23 06:42:00+00:00,501.5,501.5,501.5,501.5,1
2026-07-23 06:53:00+00:00,501.5,501.5,501.5,501.5,1
2026-07-23 07:10:00+00:00,502.0,502.0,502.0,502.0,3
2026-07-23 07:10:00+00:00,487.0,487.0,487.0,487.0,15
2026-07-23 07:10:00+00:00,-15.0,-15.0,-15.0,-15.0,1
2026-07-23 07:12:00+00:00,464.0,464.0,464.0,464.0,2
2026-07-23 07:14:00+00:00,487.0,487.0,487.0,487.0,1
2026-07-23 07:21:00+00:00,464.0,464.0,464.0,464.0,1
2026-07-23 07:23:00+00:00,463.5,463.5,463.5,463.5,1
2026-07-23 07:46:00+00:00,503.0,503.0,503.0,503.0,2
2026-07-23 07:53:00+00:00,502.5,502.5,502.5,502.5,1
2026-07-23 08:01:00+00:00,502.5,502.5,502.5,502.5,2
2026-07-23 08:15:00+00:00,501.5,501.5,501.5,501.5,3
2026-07-23 08:17:00+00:00,501.0,501.0,499.5,499.5,18
2026-07-23 08:17:00+00:00,485.0,485.0,485.0,485.0,3
2026-07-23 08:26:00+00:00,484.5,484.5,484.5,484.5,3
2026-07-23 08:32:00+00:00,500.5,500.5,500.5,500.5,3
2026-07-23 08:32:00+00:00,485.0,485.0,485.0,485.0,1
2026-07-23 08:36:00+00:00,500.5,500.5,500.5,500.5,2
2026-07-23 08:55:00+00:00,485.0,485.0,485.0,485.0,1
2026-07-23 08:57:00+00:00,462.0,462.0,462.0,462.0,4
2026-07-23 09:01:00+00:00,462.5,462.5,462.5,462.5,2
2026-07-23 09:18:00+00:00,486.0,486.0,486.0,486.0,2
2026-07-23 09:31:00+00:00,463.0,463.0,462.5,462.5,9
2026-07-23 09:31:00+00:00,501.5,501.5,501.5,501.5,6
2026-07-23 09:31:00+00:00,486.0,486.0,486.0,486.0,3
2026-07-23 09:32:00+00:00,486.0,486.0,486.0,486.0,3
2026-07-23 09:32:00+00:00,501.5,501.5,501.5,501.5,3
2026-07-23 09:34:00+00:00,463.0,463.0,463.0,463.0,3
2026-07-23 09:42:00+00:00,463.5,463.5,463.5,463.5,4
2026-07-23 09:45:00+00:00,463.0,463.0,463.0,463.0,6
2026-07-23 09:45:00+00:00,501.5,501.5,501.5,501.5,12
2026-07-23 09:46:00+00:00,463.0,463.0,463.0,463.0,3
2026-07-23 09:53:00+00:00,464.0,464.0,464.0,464.0,1
2026-07-23 09:55:00+00:00,463.5,463.5,463.5,463.5,1
2026-07-23 10:00:00+00:00,503.5,503.5,503.5,503.5,3
2026-07-23 10:00:00+00:00,488.0,488.0,488.0,488.0,2
2026-07-23 10:08:00+00:00,465.0,465.0,465.0,465.0,4
2026-07-23 10:08:00+00:00,504.0,504.0,504.0,504.0,1
2026-07-23 10:14:00+00:00,488.5,488.5,488.5,488.5,6
2026-07-23 10:40:00+00:00,465.0,465.0,465.0,465.0,1
2026-07-23 10:43:00+00:00,489.0,489.0,489.0,489.0,2
2026-07-23 10:47:00+00:00,465.0,465.0,465.0,465.0,1
2026-07-23 10:54:00+00:00,465.0,465.0,465.0,465.0,1
2026-07-23 11:08:00+00:00,489.0,489.0,489.0,489.0,3
2026-07-23 11:15:00+00:00,503.5,503.5,503.5,503.5,1
2026-07-23 11:18:00+00:00,488.5,488.5,488.5,488.5,2
2026-07-23 11:24:00+00:00,465.0,465.0,465.0,465.0,1
2026-07-23 11:47:00+00:00,487.0,487.0,487.0,487.0,4
2026-07-23 11:58:00+00:00,466.0,466.0,466.0,466.0,1
2026-07-23 11:59:00+00:00,466.0,466.0,466.0,466.0,1
2026-07-23 12:08:00+00:00,504.5,504.5,504.5,504.5,3
2026-07-23 12:30:00+00:00,503.0,503.0,503.0,503.0,3
2026-07-23 12:30:00+00:00,487.5,488.0,487.5,488.0,2
2026-07-23 13:30:00+00:00,464.0,464.0,464.0,464.0,5
2026-07-23 13:31:00+00:00,464.0,464.0,464.0,464.0,3
2026-07-23 13:31:00+00:00,489.0,489.0,489.0,489.0,1
2026-07-23 13:38:00+00:00,503.5,503.5,503.5,503.5,3
2026-07-23 13:39:00+00:00,488.5,488.5,488.5,488.5,1
2026-07-23 13:43:00+00:00,502.5,502.5,502.5,502.5,1
2026-07-23 13:46:00+00:00,487.5,487.5,487.5,487.5,1
2026-07-23 13:47:00+00:00,487.5,487.5,487.5,487.5,3
2026-07-23 13:48:00+00:00,488.0,488.0,488.0,488.0,1
2026-07-23 13:50:00+00:00,464.0,464.0,464.0,464.0,2
2026-07-23 13:54:00+00:00,463.0,463.0,463.0,463.0,2
2026-07-23 14:00:00+00:00,486.0,486.0,486.0,486.0,2
2026-07-23 14:05:00+00:00,486.0,486.0,486.0,486.0,1
2026-07-23 14:10:00+00:00,486.0,486.0,486.0,486.0,1
2026-07-23 14:12:00+00:00,486.5,486.5,486.5,486.5,2
2026-07-23 14:14:00+00:00,487.0,487.0,487.0,487.0,1
2026-07-23 14:17:00+00:00,485.5,485.5,485.5,485.5,1
2026-07-23 14:20:00+00:00,487.0,487.0,487.0,487.0,2
2026-07-23 14:27:00+00:00,503.5,503.5,503.5,503.5,3
2026-07-23 14:29:00+00:00,503.0,503.0,503.0,503.0,3
2026-07-23 14:36:00+00:00,502.5,502.5,502.5,502.5,3
2026-07-23 14:44:00+00:00,502.5,502.5,502.5,502.5,3
2026-07-23 14:53:00+00:00,501.5,501.5,501.5,501.5,3
2026-07-23 14:54:00+00:00,485.0,485.0,485.0,485.0,4
2026-07-23 14:54:00+00:00,500.5,500.5,500.5,500.5,3
2026-07-23 14:58:00+00:00,485.0,485.0,485.0,485.0,1
2026-07-23 15:08:00+00:00,485.0,485.0,485.0,485.0,3
2026-07-23 15:20:00+00:00,484.5,484.5,484.5,484.5,6
2026-07-23 15:26:00+00:00,484.5,484.5,484.5,484.5,1
2026-07-23 15:32:00+00:00,500.0,500.0,500.0,500.0,1
2026-07-23 15:49:00+00:00,486.0,486.0,486.0,486.0,7
2026-07-23 16:06:00+00:00,503.0,503.0,503.0,503.0,3
2026-07-23 16:11:00+00:00,502.5,502.5,502.5,502.5,2
2026-07-23 16:12:00+00:00,502.5,502.5,502.5,502.5,2
2026-07-23 16:14:00+00:00,486.5,486.5,486.5,486.5,1
2026-07-23 16:20:00+00:00,487.5,487.5,487.5,487.5,1
2026-07-23 16:23:00+00:00,486.5,487.0,486.5,487.0,5
2026-07-23 16:36:00+00:00,486.5,486.5,486.5,486.5,1
2026-07-23 16:40:00+00:00,502.5,502.5,502.5,502.5,3
2026-07-23 16:43:00+00:00,463.0,463.0,463.0,463.0,9
2026-07-23 16:49:00+00:00,464.0,464.0,464.0,464.0,1
2026-07-23 16:58:00+00:00,465.0,465.0,465.0,465.0,1
2026-07-23 17:01:00+00:00,488.5,488.5,488.5,488.5,1
2026-07-23 17:14:00+00:00,489.0,489.5,489.0,489.5,2
2026-07-23 17:15:00+00:00,466.0,466.5,466.0,466.5,11
2026-07-23 17:16:00+00:00,466.5,466.5,466.5,466.5,1
2026-07-23 17:18:00+00:00,490.0,490.0,490.0,490.0,3
2026-07-23 17:19:00+00:00,490.5,490.5,490.5,490.5,1
2026-07-23 17:21:00+00:00,466.0,466.0,466.0,466.0,1
2026-07-23 17:24:00+00:00,466.0,466.0,466.0,466.0,2
2026-07-23 17:26:00+00:00,489.0,489.0,489.0,489.0,3
2026-07-23 17:38:00+00:00,503.0,503.0,503.0,503.0,3
2026-07-23 17:45:00+00:00,465.0,465.0,465.0,465.0,1
2026-07-23 17:45:00+00:00,488.0,488.0,488.0,488.0,6
2026-07-23 17:46:00+00:00,465.5,465.5,465.5,465.5,1
2026-07-23 17:47:00+00:00,464.5,464.5,464.5,464.5,1
2026-07-23 17:53:00+00:00,504.0,504.0,504.0,504.0,1
2026-07-23 18:14:00+00:00,503.0,503.0,503.0,503.0,3
2026-07-23 18:15:00+00:00,464.0,464.0,464.0,464.0,1
2026-07-23 18:16:00+00:00,464.0,464.0,464.0,464.0,1
2026-07-24 00:05:00+00:00,488.0,488.0,488.0,488.0,1
2026-07-24 00:11:00+00:00,464.0,464.0,464.0,464.0,13
2026-07-24 01:08:00+00:00,504.0,504.0,504.0,504.0,2
2026-07-24 01:21:00+00:00,488.0,488.0,488.0,488.0,1
2026-07-24 02:41:00+00:00,464.5,464.5,464.5,464.5,1
2026-07-24 02:47:00+00:00,504.0,504.0,504.0,504.0,3
2026-07-24 03:08:00+00:00,504.0,504.0,504.0,504.0,2
2026-07-24 03:09:00+00:00,504.0,504.0,504.0,504.0,2
2026-07-24 03:10:00+00:00,504.0,504.0,504.0,504.0,3
2026-07-24 03:14:00+00:00,489.0,489.0,489.0,489.0,1
2026-07-24 03:23:00+00:00,488.5,488.5,488.5,488.5,1
2026-07-24 04:58:00+00:00,465.5,465.5,465.5,465.5,2
2026-07-24 04:59:00+00:00,504.5,504.5,504.5,504.5,1
2026-07-24 05:02:00+00:00,489.5,489.5,489.5,489.5,1
2026-07-24 05:37:00+00:00,466.0,466.0,466.0,466.0,1
2026-07-24 05:43:00+00:00,490.0,490.0,490.0,490.0,3
2026-07-24 05:54:00+00:00,466.0,466.0,466.0,466.0,1
2026-07-24 06:06:00+00:00,466.0,466.0,466.0,466.0,5
2026-07-24 06:53:00+00:00,491.0,491.0,491.0,491.0,1
2026-07-24 06:56:00+00:00,466.5,466.5,466.5,466.5,1
2026-07-24 06:59:00+00:00,466.5,466.5,466.5,466.5,1
2026-07-24 07:02:00+00:00,505.5,505.5,505.5,505.5,3
2026-07-24 07:13:00+00:00,489.5,489.5,489.5,489.5,3
2026-07-24 07:14:00+00:00,505.0,505.0,505.0,505.0,6
2026-07-24 07:15:00+00:00,505.0,505.0,505.0,505.0,6
2026-07-24 07:17:00+00:00,505.0,505.0,505.0,505.0,6
2026-07-24 07:26:00+00:00,505.0,505.0,505.0,505.0,3
2026-07-24 07:36:00+00:00,490.0,490.0,490.0,490.0,1
2026-07-24 07:45:00+00:00,505.0,505.0,505.0,505.0,3
2026-07-24 07:46:00+00:00,465.0,465.0,465.0,465.0,6
2026-07-24 08:09:00+00:00,466.0,466.0,466.0,466.0,1
2026-07-24 08:15:00+00:00,466.0,466.0,466.0,466.0,2
2026-07-24 08:23:00+00:00,467.0,467.0,467.0,467.0,4
2026-07-24 08:32:00+00:00,467.5,467.5,467.5,467.5,1
2026-07-24 08:40:00+00:00,467.5,467.5,467.5,467.5,3
2026-07-24 08:41:00+00:00,507.0,507.0,507.0,507.0,3
2026-07-24 08:41:00+00:00,491.5,491.5,491.5,491.5,7
2026-07-24 08:41:00+00:00,467.5,467.5,467.5,467.5,2
2026-07-24 08:42:00+00:00,507.5,507.5,507.5,507.5,1
2026-07-24 08:44:00+00:00,468.0,468.0,468.0,468.0,2
2026-07-24 08:45:00+00:00,507.0,507.0,507.0,507.0,3
2026-07-24 08:45:00+00:00,492.0,492.0,492.0,492.0,4
2026-07-24 08:47:00+00:00,468.0,468.0,468.0,468.0,2
2026-07-24 08:48:00+00:00,491.5,491.5,491.5,491.5,3
2026-07-24 08:52:00+00:00,467.5,467.5,467.5,467.5,2
2026-07-24 09:10:00+00:00,490.0,490.0,490.0,490.0,1
2026-07-24 09:15:00+00:00,490.0,490.0,490.0,490.0,1
2026-07-24 09:19:00+00:00,466.0,466.0,466.0,466.0,1
2026-07-24 09:20:00+00:00,466.0,466.0,466.0,466.0,3
2026-07-24 09:34:00+00:00,505.0,505.0,505.0,505.0,3
2026-07-24 09:39:00+00:00,504.5,504.5,504.5,504.5,6
2026-07-24 09:39:00+00:00,489.0,489.0,489.0,489.0,3
2026-07-24 09:39:00+00:00,465.0,465.0,465.0,465.0,6
2026-07-24 09:42:00+00:00,504.0,504.0,504.0,504.0,3
2026-07-24 09:43:00+00:00,488.5,488.5,488.5,488.5,3
2026-07-24 09:45:00+00:00,465.0,465.0,465.0,465.0,3
2026-07-24 09:54:00+00:00,489.0,489.0,489.0,489.0,1
2026-07-24 10:23:00+00:00,465.5,465.5,465.5,465.5,1
2026-07-24 10:35:00+00:00,466.0,466.0,466.0,466.0,1
2026-07-24 10:36:00+00:00,490.0,490.0,490.0,490.0,1
2026-07-24 11:05:00+00:00,489.0,489.0,489.0,489.0,1
2026-07-24 11:05:00+00:00,465.5,465.5,465.0,465.0,4
2026-07-24 11:24:00+00:00,488.0,488.0,488.0,488.0,3
2026-07-24 11:32:00+00:00,-8.0,-8.0,-8.0,-8.0,1
2026-07-24 11:35:00+00:00,487.5,487.5,487.5,487.5,1
2026-07-24 11:36:00+00:00,463.5,463.5,463.0,463.0,3
2026-07-24 11:37:00+00:00,502.0,502.0,502.0,502.0,3
2026-07-24 11:40:00+00:00,-23.5,-23.5,-23.5,-23.5,1
2026-07-24 11:40:00+00:00,486.5,486.5,486.5,486.5,1
2026-07-24 11:40:00+00:00,463.0,463.0,463.0,463.0,15
2026-07-24 11:45:00+00:00,463.0,463.0,463.0,463.0,2
2026-07-24 11:52:00+00:00,462.0,462.0,462.0,462.0,1
2026-07-24 11:57:00+00:00,500.5,500.5,500.5,500.5,6
2026-07-24 11:57:00+00:00,485.5,485.5,485.5,485.5,1
2026-07-24 12:01:00+00:00,461.0,461.0,461.0,461.0,1
2026-07-24 12:03:00+00:00,485.0,485.0,484.5,484.5,2
2026-07-24 12:06:00+00:00,460.5,460.5,460.5,460.5,1
2026-07-24 12:10:00+00:00,460.0,460.0,460.0,460.0,1
2026-07-24 12:11:00+00:00,459.5,459.5,459.5,459.5,4
2026-07-24 12:13:00+00:00,499.0,499.0,499.0,499.0,2
2026-07-24 12:14:00+00:00,483.0,483.0,482.5,482.5,2
2026-07-24 12:16:00+00:00,460.0,460.0,460.0,460.0,1
2026-07-24 12:20:00+00:00,499.0,499.0,499.0,499.0,3
2026-07-24 12:20:00+00:00,483.0,483.0,483.0,483.0,1
2026-07-24 12:20:00+00:00,460.5,460.5,460.5,460.5,1
2026-07-24 12:28:00+00:00,460.0,460.0,460.0,460.0,1
2026-07-24 12:29:00+00:00,483.0,483.0,483.0,483.0,1
2026-07-24 12:34:00+00:00,458.0,458.0,458.0,458.0,4
2026-07-24 12:35:00+00:00,482.5,482.5,482.5,482.5,5
2026-07-24 12:36:00+00:00,498.0,498.0,498.0,498.0,5
2026-07-24 13:30:00+00:00,488.0,488.0,488.0,488.0,1
2026-07-24 13:30:00+00:00,457.5,458.0,457.5,458.0,7
2026-07-24 13:30:00+00:00,-30.5,-30.5,-30.5,-30.5,1
2026-07-24 13:32:00+00:00,481.0,481.0,481.0,481.0,1
2026-07-24 13:32:00+00:00,457.0,457.0,457.0,457.0,4
2026-07-24 13:33:00+00:00,497.0,497.0,497.0,497.0,3
2026-07-24 13:34:00+00:00,480.0,480.0,479.5,479.5,3
2026-07-24 13:36:00+00:00,481.0,481.0,481.0,481.0,3
2026-07-24 13:37:00+00:00,481.5,481.5,481.5,481.5,1
2026-07-24 13:38:00+00:00,497.0,497.0,497.0,497.0,3
2026-07-24 13:38:00+00:00,481.0,481.0,481.0,481.0,5
2026-07-24 13:38:00+00:00,457.5,457.5,457.5,457.5,6
2026-07-24 13:42:00+00:00,457.0,457.0,457.0,457.0,1
2026-07-24 13:49:00+00:00,481.0,481.0,481.0,481.0,1
2026-07-24 13:55:00+00:00,458.0,458.0,457.5,457.5,2
2026-07-24 13:59:00+00:00,457.0,457.0,457.0,457.0,1
2026-07-24 14:00:00+00:00,457.0,457.0,457.0,457.0,1
2026-07-24 14:00:00+00:00,480.0,480.0,480.0,480.0,1
2026-07-24 14:01:00+00:00,456.5,456.5,456.5,456.5,1
2026-07-24 14:02:00+00:00,479.5,479.5,479.5,479.5,5
2026-07-24 14:03:00+00:00,479.5,479.5,479.5,479.5,1
2026-07-24 14:06:00+00:00,495.5,495.5,495.5,495.5,2
2026-07-24 14:09:00+00:00,479.0,479.0,479.0,479.0,2
2026-07-24 14:09:00+00:00,495.5,495.5,495.5,495.5,3
2026-07-24 14:10:00+00:00,480.0,480.0,480.0,480.0,1
2026-07-24 14:12:00+00:00,456.5,456.5,456.5,456.5,1
2026-07-24 14:13:00+00:00,496.0,496.0,496.0,496.0,3
2026-07-24 14:13:00+00:00,456.5,456.5,456.5,456.5,3
2026-07-24 14:15:00+00:00,481.0,481.0,481.0,481.0,2
2026-07-24 14:15:00+00:00,497.0,497.0,497.0,497.0,3
2026-07-24 14:16:00+00:00,457.5,457.5,457.5,457.5,2
2026-07-24 14:22:00+00:00,457.0,457.0,457.0,457.0,1
2026-07-24 14:23:00+00:00,497.5,497.5,497.5,497.5,6
2026-07-24 14:24:00+00:00,497.5,497.5,497.5,497.5,3
2026-07-24 14:25:00+00:00,482.5,482.5,482.5,482.5,3
2026-07-24 14:26:00+00:00,459.0,459.0,459.0,459.0,3
2026-07-24 14:27:00+00:00,482.5,482.5,482.5,482.5,1
2026-07-24 14:27:00+00:00,459.0,459.0,459.0,459.0,1
2026-07-24 14:29:00+00:00,484.0,484.5,484.0,484.5,5
2026-07-24 14:29:00+00:00,460.0,460.0,460.0,460.0,1
2026-07-24 14:30:00+00:00,460.5,460.5,460.5,460.5,1
2026-07-24 14:31:00+00:00,461.0,461.0,461.0,461.0,1
2026-07-24 14:32:00+00:00,460.0,461.5,460.0,461.5,4
2026-07-24 14:33:00+00:00,460.5,460.5,460.5,460.5,1
2026-07-24 14:36:00+00:00,485.0,485.0,485.0,485.0,1
2026-07-24 14:37:00+00:00,461.5,461.5,461.5,461.5,1
2026-07-24 14:41:00+00:00,462.5,462.5,462.5,462.5,2
2026-07-24 14:42:00+00:00,463.0,463.0,463.0,463.0,1
2026-07-24 14:43:00+00:00,502.0,502.0,502.0,502.0,3
2026-07-24 14:43:00+00:00,486.0,486.0,486.0,486.0,1
2026-07-24 14:46:00+00:00,486.5,486.5,486.5,486.5,1
2026-07-24 14:47:00+00:00,487.5,487.5,487.5,487.5,2
2026-07-24 14:51:00+00:00,463.0,463.0,463.0,463.0,1
2026-07-24 14:53:00+00:00,487.5,487.5,487.5,487.5,2
2026-07-24 14:54:00+00:00,464.0,464.0,464.0,464.0,3
2026-07-24 14:54:00+00:00,488.0,488.0,488.0,488.0,1
2026-07-24 14:55:00+00:00,464.0,464.0,464.0,464.0,1
2026-07-24 14:56:00+00:00,488.5,488.5,488.5,488.5,2
2026-07-24 14:56:00+00:00,464.5,464.5,464.5,464.5,1
2026-07-24 14:57:00+00:00,465.0,465.0,465.0,465.0,2
2026-07-24 15:00:00+00:00,465.0,465.0,465.0,465.0,1
2026-07-24 15:00:00+00:00,489.0,489.0,489.0,489.0,2
2026-07-24 15:02:00+00:00,504.0,504.0,504.0,504.0,3
2026-07-24 15:06:00+00:00,465.0,465.0,465.0,465.0,1
2026-07-24 15:07:00+00:00,465.0,465.0,465.0,465.0,1
2026-07-24 15:11:00+00:00,486.5,486.5,486.5,486.5,1
2026-07-24 15:16:00+00:00,462.5,462.5,462.5,462.5,1
2026-07-24 15:17:00+00:00,501.5,501.5,501.5,501.5,3
2026-07-24 15:22:00+00:00,462.0,462.0,462.0,462.0,2
2026-07-24 15:32:00+00:00,485.0,485.0,485.0,485.0,4
2026-07-24 15:34:00+00:00,501.5,501.5,501.5,501.5,1
2026-07-24 15:36:00+00:00,462.0,462.0,462.0,462.0,2
2026-07-24 15:42:00+00:00,461.0,461.0,461.0,461.0,1
2026-07-24 15:48:00+00:00,461.5,461.5,461.5,461.5,2
2026-07-24 15:53:00+00:00,501.5,501.5,501.5,501.5,1
2026-07-24 15:59:00+00:00,486.0,486.0,486.0,486.0,1
2026-07-24 16:05:00+00:00,487.0,487.0,487.0,487.0,1
2026-07-24 16:05:00+00:00,462.5,462.5,462.5,462.5,1
2026-07-24 16:06:00+00:00,462.5,462.5,462.5,462.5,3
2026-07-24 16:08:00+00:00,502.0,502.0,502.0,502.0,3
2026-07-24 16:09:00+00:00,462.5,462.5,462.5,462.5,3
2026-07-24 16:30:00+00:00,501.5,501.5,501.5,501.5,1
2026-07-24 16:35:00+00:00,501.5,501.5,501.5,501.5,3
2026-07-24 16:37:00+00:00,462.0,462.0,462.0,462.0,2
2026-07-24 16:39:00+00:00,485.0,485.0,485.0,485.0,4
2026-07-24 16:40:00+00:00,485.0,485.0,485.0,485.0,4
2026-07-24 16:42:00+00:00,462.5,462.5,462.5,462.5,1
2026-07-24 16:50:00+00:00,-15.5,-15.5,-15.5,-15.5,1
2026-07-24 16:50:00+00:00,485.5,485.5,485.5,485.5,3
2026-07-24 16:50:00+00:00,501.0,501.0,501.0,501.0,4
2026-07-24 16:56:00+00:00,463.5,463.5,463.5,463.5,1
2026-07-24 17:04:00+00:00,462.0,462.0,462.0,462.0,2
2026-07-24 17:19:00+00:00,486.0,486.0,486.0,486.0,1
2026-07-24 17:53:00+00:00,462.0,462.0,462.0,462.0,3
2026-07-24 18:04:00+00:00,485.5,485.5,485.5,485.5,2
2026-07-24 18:09:00+00:00,463.0,463.0,463.0,463.0,2
2026-07-24 18:11:00+00:00,463.5,463.5,463.5,463.5,1
2026-07-24 18:14:00+00:00,-22.5,-22.5,-22.5,-22.5,13
2026-07-24 18:14:00+00:00,487.5,487.5,487.5,487.5,3
2026-07-24 18:17:00+00:00,464.0,464.5,464.0,464.5,12
2026-07-24 18:17:00+00:00,502.0,502.0,502.0,502.0,1
2026-07-24 18:18:00+00:00,484.0,484.0,484.0,484.0,1
2026-07-24 18:18:00+00:00,464.5,464.5,464.5,464.5,3
2026-07-27 00:00:00+00:00,483.5,483.5,480.0,480.0,4
2026-07-27 00:00:00+00:00,459.0,465.0,454.0,456.5,11
2026-07-27 00:00:00+00:00,485.0,494.5,485.0,494.5,4
2026-07-27 00:01:00+00:00,498.5,498.5,498.5,498.5,8
2026-07-27 00:01:00+00:00,507.0,507.0,507.0,507.0,10
2026-07-27 00:03:00+00:00,485.0,485.0,485.0,485.0,3
2026-07-27 00:04:00+00:00,499.0,499.0,498.5,498.5,5
2026-07-27 00:05:00+00:00,498.0,498.0,498.0,498.0,5
2026-07-27 00:09:00+00:00,458.5,458.5,458.5,458.5,2
2026-07-27 00:11:00+00:00,482.0,482.0,481.5,481.5,8
2026-07-27 00:15:00+00:00,496.5,496.5,496.5,496.5,2
2026-07-27 00:23:00+00:00,459.0,459.0,459.0,459.0,7
2026-07-27 00:27:00+00:00,497.5,497.5,497.5,497.5,3
2026-07-27 00:29:00+00:00,482.5,482.5,482.5,482.5,1
2026-07-27 00:31:00+00:00,-23.0,-23.0,-23.0,-23.0,1
2026-07-27 00:47:00+00:00,497.5,497.5,497.5,497.5,3
2026-07-27 01:34:00+00:00,482.5,482.5,482.5,482.5,4
2026-07-27 01:35:00+00:00,498.0,498.0,498.0,498.0,1
2026-07-27 01:35:00+00:00,-15.0,-15.0,-15.0,-15.0,1
2026-07-27 01:35:00+00:00,483.0,483.0,483.0,483.0,17
2026-07-27 02:20:00+00:00,482.0,482.0,482.0,482.0,1
2026-07-27 02:30:00+00:00,483.0,483.0,483.0,483.0,1
2026-07-27 03:07:00+00:00,459.0,459.0,459.0,459.0,2
2026-07-27 03:08:00+00:00,458.5,458.5,458.5,458.5,1
2026-07-27 03:25:00+00:00,460.0,460.0,460.0,460.0,1
2026-07-27 03:48:00+00:00,460.0,460.0,460.0,460.0,1
2026-07-27 04:39:00+00:00,481.0,481.0,481.0,481.0,3
2026-07-27 05:53:00+00:00,481.0,481.0,481.0,481.0,1
2026-07-27 06:09:00+00:00,481.0,481.0,481.0,481.0,1
2026-07-27 06:38:00+00:00,457.5,457.5,457.5,457.5,1
2026-07-27 06:53:00+00:00,479.0,479.0,479.0,479.0,1
2026-07-27 06:54:00+00:00,456.0,456.0,456.0,456.0,6
2026-07-27 06:55:00+00:00,478.5,478.5,478.5,478.5,3
2026-07-27 06:59:00+00:00,478.5,478.5,478.5,478.5,13
2026-07-27 07:00:00+00:00,478.0,478.0,478.0,478.0,2
2026-07-27 07:09:00+00:00,456.5,456.5,455.5,455.5,7
2026-07-27 07:10:00+00:00,494.0,494.0,494.0,494.0,3
2026-07-27 07:11:00+00:00,493.0,493.0,493.0,493.0,3
2026-07-27 07:15:00+00:00,455.5,455.5,455.0,455.0,3
2026-07-27 07:19:00+00:00,454.5,454.5,454.5,454.5,2
2026-07-27 07:21:00+00:00,477.0,477.0,477.0,477.0,2
2026-07-27 07:30:00+00:00,493.0,493.0,493.0,493.0,3
2026-07-27 07:43:00+00:00,492.0,492.0,492.0,492.0,3
2026-07-27 07:43:00+00:00,454.5,454.5,454.0,454.0,2
2026-07-27 07:58:00+00:00,454.0,454.0,454.0,454.0,1
2026-07-27 08:00:00+00:00,492.0,492.0,492.0,492.0,2
2026-07-27 08:17:00+00:00,476.0,476.0,476.0,476.0,1
2026-07-27 08:19:00+00:00,475.5,475.5,475.5,475.5,1
2026-07-27 08:26:00+00:00,475.0,475.0,475.0,475.0,2
2026-07-27 08:28:00+00:00,475.0,475.0,475.0,475.0,3
2026-07-27 08:31:00+00:00,452.0,452.0,452.0,452.0,3
2026-07-27 08:38:00+00:00,452.5,452.5,452.5,452.5,1
2026-07-27 08:56:00+00:00,452.5,452.5,452.5,452.5,1
2026-07-27 09:24:00+00:00,490.0,490.0,490.0,490.0,6
2026-07-27 09:25:00+00:00,490.0,490.0,490.0,490.0,3
2026-07-27 09:27:00+00:00,474.0,474.0,473.5,473.5,18
2026-07-27 09:27:00+00:00,-22.5,-22.5,-22.5,-22.5,3
2026-07-27 09:27:00+00:00,451.0,451.0,450.5,450.5,6
2026-07-27 09:28:00+00:00,473.5,473.5,473.5,473.5,1
2026-07-27 09:31:00+00:00,450.0,450.0,449.5,449.5,3
2026-07-27 09:34:00+00:00,450.0,450.0,450.0,450.0,7
2026-07-27 09:34:00+00:00,488.0,488.0,488.0,488.0,3
2026-07-27 09:36:00+00:00,473.0,473.0,473.0,473.0,1
2026-07-27 09:46:00+00:00,473.0,473.0,473.0,473.0,4
2026-07-27 09:48:00+00:00,451.0,451.0,451.0,451.0,1
2026-07-27 09:48:00+00:00,474.0,474.0,474.0,474.0,3
2026-07-27 09:48:00+00:00,489.0,489.0,489.0,489.0,3
2026-07-27 09:51:00+00:00,474.0,474.0,474.0,474.0,4
2026-07-27 10:08:00+00:00,473.5,473.5,473.5,473.5,1
2026-07-27 10:12:00+00:00,451.5,451.5,451.5,451.5,2
2026-07-27 10:25:00+00:00,451.0,451.0,451.0,451.0,2
2026-07-27 10:57:00+00:00,472.5,472.5,472.5,472.5,1
2026-07-27 11:00:00+00:00,451.0,451.5,451.0,451.5,9
2026-07-27 11:00:00+00:00,473.5,473.5,473.5,473.5,6
2026-07-27 11:01:00+00:00,488.5,488.5,488.5,488.5,2
2026-07-27 11:01:00+00:00,474.0,474.0,474.0,474.0,3
2026-07-27 11:02:00+00:00,488.5,488.5,488.5,488.5,2
2026-07-27 11:11:00+00:00,-15.0,-15.0,-15.0,-15.0,1
2026-07-27 11:11:00+00:00,473.5,473.5,473.5,473.5,12
2026-07-27 11:11:00+00:00,488.5,488.5,488.5,488.5,1
2026-07-27 11:18:00+00:00,473.0,473.0,473.0,473.0,1
2026-07-27 11:18:00+00:00,450.5,450.5,450.5,450.5,1
2026-07-27 11:19:00+00:00,473.0,473.0,473.0,473.0,5
2026-07-27 11:19:00+00:00,-22.5,-22.5,-22.5,-22.5,5
2026-07-27 11:19:00+00:00,450.5,450.5,450.5,450.5,8
2026-07-27 11:19:00+00:00,488.5,488.5,488.5,488.5,2
2026-07-27 11:23:00+00:00,473.5,473.5,473.5,473.5,1
2026-07-27 11:25:00+00:00,473.5,473.5,473.5,473.5,4
2026-07-27 11:47:00+00:00,472.0,472.0,472.0,472.0,1
2026-07-27 11:47:00+00:00,449.0,449.0,449.0,449.0,3
2026-07-27 11:49:00+00:00,487.0,487.0,487.0,487.0,3
2026-07-27 11:55:00+00:00,449.5,449.5,449.5,449.5,1
2026-07-27 11:58:00+00:00,472.5,472.5,472.5,472.5,1
2026-07-27 12:03:00+00:00,473.0,473.0,473.0,473.0,1
2026-07-27 12:07:00+00:00,450.5,450.5,450.5,450.5,3
2026-07-27 12:09:00+00:00,472.5,472.5,472.5,472.5,5
2026-07-27 12:11:00+00:00,472.5,472.5,472.5,472.5,6
2026-07-27 12:11:00+00:00,450.0,450.0,450.0,450.0,3
2026-07-27 12:11:00+00:00,488.5,489.0,488.5,489.0,6
2026-07-27 12:15:00+00:00,474.0,474.0,474.0,474.0,3
2026-07-27 12:15:00+00:00,451.5,451.5,451.5,451.5,3
2026-07-27 12:19:00+00:00,489.5,489.5,489.5,489.5,1
2026-07-27 12:28:00+00:00,489.5,489.5,489.5,489.5,2
2026-07-27 12:29:00+00:00,-22.5,-22.5,-22.5,-22.5,1
2026-07-27 12:29:00+00:00,451.5,451.5,451.5,451.5,1
2026-07-27 12:29:00+00:00,474.0,474.0,474.0,474.0,4
2026-07-27 12:33:00+00:00,451.5,451.5,451.5,451.5,2
2026-07-27 12:33:00+00:00,474.0,474.0,474.0,474.0,2
2026-07-27 12:33:00+00:00,-22.5,-22.5,-22.5,-22.5,2
2026-07-27 12:36:00+00:00,473.5,473.5,473.5,473.5,1
2026-07-27 12:37:00+00:00,474.0,474.0,474.0,474.0,1
2026-07-27 13:30:00+00:00,451.5,452.5,451.5,452.5,6
2026-07-27 13:31:00+00:00,451.5,451.5,451.5,451.5,1
2026-07-27 13:32:00+00:00,474.5,474.5,474.5,474.5,5
2026-07-27 13:34:00+00:00,490.5,490.5,490.5,490.5,3
2026-07-27 13:39:00+00:00,452.0,452.0,452.0,452.0,1
2026-07-27 13:42:00+00:00,475.0,475.0,475.0,475.0,1
2026-07-27 13:43:00+00:00,475.5,475.5,475.5,475.5,1
2026-07-27 13:44:00+00:00,475.0,475.0,475.0,475.0,1
2026-07-27 13:46:00+00:00,453.0,453.0,453.0,453.0,1
2026-07-27 13:54:00+00:00,452.5,452.5,452.5,452.5,1
2026-07-27 13:55:00+00:00,475.5,475.5,475.5,475.5,1
2026-07-27 13:56:00+00:00,475.0,475.0,475.0,475.0,1
2026-07-27 13:57:00+00:00,452.5,452.5,452.5,452.5,1
2026-07-27 13:58:00+00:00,452.0,452.0,452.0,452.0,1
2026-07-27 13:59:00+00:00,490.5,490.5,490.5,490.5,3
2026-07-27 14:12:00+00:00,490.0,490.0,490.0,490.0,2
2026-07-27 14:16:00+00:00,490.5,490.5,490.5,490.5,2
2026-07-27 14:18:00+00:00,475.0,475.0,475.0,475.0,1
2026-07-27 14:19:00+00:00,452.5,452.5,452.5,452.5,2
2026-07-27 14:22:00+00:00,474.0,474.0,474.0,474.0,1
2026-07-27 14:22:00+00:00,489.5,489.5,489.5,489.5,3
2026-07-27 14:23:00+00:00,474.0,474.0,474.0,474.0,1
2026-07-27 14:23:00+00:00,-15.5,-15.5,-15.5,-15.5,1
2026-07-27 14:23:00+00:00,489.5,489.5,489.5,489.5,1
2026-07-27 14:23:00+00:00,451.5,451.5,451.5,451.5,6
2026-07-27 14:25:00+00:00,451.0,451.0,451.0,451.0,1
2026-07-27 14:31:00+00:00,453.0,453.0,453.0,453.0,1
2026-07-27 14:33:00+00:00,475.0,475.0,475.0,475.0,1
2026-07-27 14:36:00+00:00,476.0,476.0,476.0,476.0,1
2026-07-27 14:37:00+00:00,476.5,476.5,476.5,476.5,1
2026-07-27 14:38:00+00:00,492.0,492.0,492.0,492.0,6
2026-07-27 14:44:00+00:00,492.0,492.0,492.0,492.0,4
2026-07-27 14:46:00+00:00,454.5,454.5,454.5,454.5,1
2026-07-27 14:47:00+00:00,476.5,476.5,476.5,476.5,1
2026-07-27 14:49:00+00:00,492.0,492.0,492.0,492.0,2
2026-07-27 14:54:00+00:00,492.0,492.0,492.0,492.0,3
2026-07-27 14:57:00+00:00,476.0,476.5,476.0,476.5,2
2026-07-27 15:04:00+00:00,477.0,477.0,477.0,477.0,2
2026-07-27 15:11:00+00:00,454.0,454.0,454.0,454.0,1
2026-07-27 15:12:00+00:00,454.0,454.0,454.0,454.0,1
2026-07-27 15:13:00+00:00,492.0,492.0,492.0,492.0,2
2026-07-27 15:14:00+00:00,453.5,453.5,453.5,453.5,4
2026-07-27 15:15:00+00:00,476.5,476.5,476.5,476.5,1
2026-07-27 15:18:00+00:00,453.0,453.0,453.0,453.0,1
2026-07-27 15:19:00+00:00,454.0,454.0,454.0,454.0,1
2026-07-27 15:35:00+00:00,474.0,474.0,474.0,474.0,2
2026-07-27 15:36:00+00:00,451.5,451.5,451.5,451.5,1
2026-07-27 15:38:00+00:00,451.0,451.0,451.0,451.0,1
2026-07-27 15:38:00+00:00,488.5,488.5,488.5,488.5,2
2026-07-27 15:38:00+00:00,473.0,473.0,473.0,473.0,1
2026-07-27 15:42:00+00:00,489.5,489.5,489.5,489.5,1
2026-07-27 15:46:00+00:00,451.5,451.5,451.5,451.5,1
2026-07-27 15:47:00+00:00,489.5,489.5,489.5,489.5,3
2026-07-27 15:57:00+00:00,452.0,452.0,452.0,452.0,1
2026-07-27 15:58:00+00:00,489.5,489.5,489.5,489.5,2
2026-07-27 16:01:00+00:00,475.0,475.0,475.0,475.0,1
2026-07-27 16:05:00+00:00,474.5,474.5,474.5,474.5,1
2026-07-27 16:10:00+00:00,475.0,475.0,475.0,475.0,1
2026-07-27 16:12:00+00:00,451.5,451.5,451.5,451.5,1
2026-07-27 16:17:00+00:00,490.5,490.5,490.5,490.5,1
2026-07-27 16:18:00+00:00,490.5,490.5,490.5,490.5,1
2026-07-27 16:46:00+00:00,450.5,450.5,450.5,450.5,2
2026-07-27 16:46:00+00:00,473.0,473.0,473.0,473.0,2
2026-07-27 16:46:00+00:00,-22.5,-22.5,-22.5,-22.5,2
2026-07-27 16:55:00+00:00,489.5,489.5,489.5,489.5,3
2026-07-27 17:01:00+00:00,451.0,451.0,451.0,451.0,3
2026-07-27 17:05:00+00:00,473.5,473.5,473.5,473.5,2
2026-07-27 17:06:00+00:00,473.5,473.5,473.5,473.5,2
2026-07-27 17:09:00+00:00,472.5,472.5,472.5,472.5,3
2026-07-27 17:09:00+00:00,450.0,450.5,450.0,450.5,5
2026-07-27 17:10:00+00:00,450.5,450.5,450.5,450.5,1
2026-07-27 17:15:00+00:00,473.0,473.0,473.0,473.0,2
2026-07-27 17:18:00+00:00,473.0,473.0,473.0,473.0,2
2026-07-27 17:30:00+00:00,451.5,452.0,451.5,452.0,3
2026-07-27 17:32:00+00:00,451.0,451.0,451.0,451.0,1
2026-07-27 17:34:00+00:00,451.5,451.5,451.5,451.5,1
2026-07-27 17:43:00+00:00,451.0,451.0,451.0,451.0,1
2026-07-27 17:54:00+00:00,473.0,473.0,473.0,473.0,2
2026-07-27 18:06:00+00:00,473.5,474.0,473.0,473.0,19
2026-07-27 18:11:00+00:00,490.5,490.5,490.5,490.5,2
2026-07-27 18:13:00+00:00,474.0,474.0,474.0,474.0,4
2026-07-27 18:18:00+00:00,474.0,474.0,474.0,474.0,1
2026-07-27 18:18:00+00:00,452.0,452.0,452.0,452.0,3
2026-07-27 18:19:00+00:00,474.0,474.0,474.0,474.0,2
2026-07-28 00:05:00+00:00,452.5,452.5,452.5,452.5,2
2026-07-28 00:06:00+00:00,490.0,490.0,490.0,490.0,3
2026-07-28 00:07:00+00:00,491.5,491.5,491.5,491.5,1
2026-07-28 00:08:00+00:00,491.5,491.5,491.5,491.5,2
2026-07-28 00:09:00+00:00,454.0,454.0,454.0,454.0,1
2026-07-28 00:16:00+00:00,476.0,476.0,476.0,476.0,3
2026-07-28 00:24:00+00:00,477.0,477.0,477.0,477.0,3
2026-07-28 00:24:00+00:00,455.0,455.0,455.0,455.0,2
2026-07-28 00:24:00+00:00,492.5,492.5,492.5,492.5,2
2026-07-28 00:28:00+00:00,478.0,478.0,478.0,478.0,1
2026-07-28 00:50:00+00:00,493.0,493.0,493.0,493.0,3
2026-07-28 00:52:00+00:00,455.5,455.5,455.5,455.5,1
2026-07-28 01:01:00+00:00,478.0,478.0,478.0,478.0,1
2026-07-28 01:02:00+00:00,478.0,478.0,478.0,478.0,1
2026-07-28 01:02:00+00:00,455.0,455.0,455.0,455.0,1
2026-07-28 01:23:00+00:00,493.0,493.0,493.0,493.0,2
2026-07-28 01:26:00+00:00,455.5,455.5,455.5,455.5,1
2026-07-28 01:30:00+00:00,455.5,455.5,455.5,455.5,1
2026-07-28 01:34:00+00:00,477.5,477.5,477.5,477.5,1
2026-07-28 01:41:00+00:00,456.0,456.0,456.0,456.0,1
2026-07-28 01:45:00+00:00,478.0,478.0,478.0,478.0,1
2026-07-28 01:55:00+00:00,478.0,478.0,478.0,478.0,1
2026-07-28 02:01:00+00:00,477.5,477.5,477.5,477.5,1
2026-07-28 02:06:00+00:00,492.5,492.5,492.5,492.5,3
2026-07-28 02:17:00+00:00,455.5,455.5,455.5,455.5,1
2026-07-28 02:24:00+00:00,476.5,476.5,476.5,476.5,2
2026-07-28 02:37:00+00:00,492.0,492.0,492.0,492.0,3
2026-07-28 02:37:00+00:00,476.5,476.5,476.5,476.5,6
2026-07-28 02:38:00+00:00,476.5,476.5,476.5,476.5,3
2026-07-28 02:40:00+00:00,491.5,491.5,491.5,491.5,3
2026-07-28 04:55:00+00:00,491.5,491.5,491.5,491.5,3
2026-07-28 05:38:00+00:00,453.5,453.5,453.5,453.5,1
2026-07-28 05:40:00+00:00,453.5,453.5,453.5,453.5,1
2026-07-28 06:17:00+00:00,491.0,491.0,491.0,491.0,2
2026-07-28 06:25:00+00:00,453.0,453.0,453.0,453.0,2
2026-07-28 06:29:00+00:00,453.0,453.0,453.0,453.0,1
2026-07-28 06:32:00+00:00,452.0,452.0,452.0,452.0,1
2026-07-28 06:35:00+00:00,452.0,452.0,452.0,452.0,1
2026-07-28 06:46:00+00:00,489.5,489.5,489.0,489.0,9
2026-07-28 06:46:00+00:00,452.0,452.0,452.0,452.0,1
2026-07-28 06:47:00+00:00,473.5,473.5,473.5,473.5,2
2026-07-28 06:50:00+00:00,473.5,473.5,473.5,473.5,1
2026-07-28 06:56:00+00:00,489.5,489.5,489.5,489.5,9
2026-07-28 06:57:00+00:00,473.5,473.5,473.5,473.5,1
2026-07-28 06:58:00+00:00,474.0,474.0,474.0,474.0,1
2026-07-28 07:15:00+00:00,474.5,474.5,474.5,474.5,1
2026-07-28 07:23:00+00:00,452.5,452.5,452.0,452.0,6
2026-07-28 07:55:00+00:00,452.0,452.0,452.0,452.0,1
2026-07-28 08:14:00+00:00,452.5,453.0,452.5,453.0,2
2026-07-28 08:29:00+00:00,476.5,476.5,476.5,476.5,1
2026-07-28 08:34:00+00:00,476.0,476.0,476.0,476.0,1
2026-07-28 08:38:00+00:00,475.5,475.5,475.5,475.5,1
2026-07-28 09:02:00+00:00,454.0,454.0,454.0,454.0,3
2026-07-28 09:08:00+00:00,476.5,476.5,476.5,476.5,1
2026-07-28 09:08:00+00:00,454.5,454.5,454.5,454.5,3
2026-07-28 09:12:00+00:00,454.5,454.5,454.5,454.5,3
2026-07-28 09:15:00+00:00,454.5,454.5,454.5,454.5,1
2026-07-28 09:16:00+00:00,454.5,454.5,454.5,454.5,1
2026-07-28 10:09:00+00:00,476.0,476.0,476.0,476.0,3
2026-07-28 10:09:00+00:00,491.5,491.5,491.5,491.5,3
2026-07-28 10:09:00+00:00,454.0,454.0,454.0,454.0,13
2026-07-28 10:30:00+00:00,476.0,476.0,476.0,476.0,1
2026-07-28 10:38:00+00:00,490.5,490.5,490.5,490.5,1
2026-07-28 10:38:00+00:00,453.0,453.0,453.0,453.0,1
2026-07-28 10:56:00+00:00,452.5,452.5,452.5,452.5,1
2026-07-28 11:19:00+00:00,453.0,453.0,453.0,453.0,3
2026-07-28 11:19:00+00:00,475.0,475.0,475.0,475.0,6
2026-07-28 11:19:00+00:00,490.5,490.5,490.5,490.5,6
2026-07-28 11:20:00+00:00,475.0,475.0,475.0,475.0,3
2026-07-28 11:20:00+00:00,453.0,453.0,453.0,453.0,1
2026-07-28 11:20:00+00:00,490.5,490.5,490.5,490.5,3
2026-07-28 11:30:00+00:00,453.5,453.5,453.5,453.5,1
2026-07-28 11:46:00+00:00,454.0,454.0,454.0,454.0,1
2026-07-28 12:33:00+00:00,453.5,453.5,453.5,453.5,2
2026-07-28 12:36:00+00:00,454.0,455.0,454.0,455.0,5
2026-07-28 12:36:00+00:00,491.0,491.0,491.0,491.0,3
2026-07-28 12:37:00+00:00,492.5,492.5,492.5,492.5,6
2026-07-28 12:37:00+00:00,455.0,455.0,455.0,455.0,13
2026-07-28 12:37:00+00:00,477.0,477.0,476.5,476.5,4
2026-07-28 13:30:00+00:00,453.5,453.5,453.0,453.0,16
2026-07-28 13:31:00+00:00,477.0,477.5,477.0,477.5,2
2026-07-28 13:31:00+00:00,455.0,456.0,455.0,456.0,5
2026-07-28 13:32:00+00:00,478.5,478.5,478.5,478.5,1
2026-07-28 13:35:00+00:00,456.0,456.0,456.0,456.0,2
2026-07-28 13:39:00+00:00,456.0,456.0,456.0,456.0,1
2026-07-28 13:40:00+00:00,479.0,479.0,479.0,479.0,1
2026-07-28 13:42:00+00:00,456.5,456.5,456.5,456.5,1
2026-07-28 13:42:00+00:00,479.0,479.0,479.0,479.0,1
2026-07-28 13:43:00+00:00,456.5,457.0,456.5,457.0,4
2026-07-28 13:45:00+00:00,457.0,457.0,457.0,457.0,1
2026-07-28 13:45:00+00:00,479.0,479.5,479.0,479.5,4
2026-07-28 13:45:00+00:00,495.0,495.0,495.0,495.0,1
2026-07-28 14:01:00+00:00,457.0,457.0,457.0,457.0,1
2026-07-28 14:05:00+00:00,479.0,479.0,479.0,479.0,3
2026-07-28 14:05:00+00:00,494.5,494.5,494.5,494.5,3
2026-07-28 14:08:00+00:00,479.5,479.5,479.5,479.5,1
2026-07-28 14:09:00+00:00,457.5,458.0,457.5,457.5,3
2026-07-28 14:10:00+00:00,457.0,457.0,457.0,457.0,2
2026-07-28 14:13:00+00:00,458.0,458.0,458.0,458.0,3
2026-07-28 14:13:00+00:00,479.5,479.5,479.5,479.5,5
2026-07-28 14:16:00+00:00,457.0,457.0,457.0,457.0,1
2026-07-28 14:18:00+00:00,494.5,494.5,494.5,494.5,1
2026-07-28 14:25:00+00:00,458.0,458.0,458.0,458.0,6
2026-07-28 14:25:00+00:00,495.5,495.5,495.5,495.5,1
2026-07-28 14:25:00+00:00,480.0,480.0,480.0,480.0,1
2026-07-28 14:26:00+00:00,458.0,458.0,458.0,458.0,1
2026-07-28 14:34:00+00:00,479.0,479.0,479.0,479.0,8
2026-07-28 14:35:00+00:00,479.5,479.5,479.5,479.5,1
2026-07-28 14:39:00+00:00,480.0,480.0,480.0,480.0,1
2026-07-28 14:39:00+00:00,458.0,458.0,458.0,458.0,3
2026-07-28 14:42:00+00:00,457.0,457.0,457.0,457.0,2
2026-07-28 14:45:00+00:00,480.0,480.0,480.0,480.0,1
2026-07-28 14:45:00+00:00,457.0,457.0,457.0,457.0,1
2026-07-28 14:53:00+00:00,458.0,458.0,458.0,458.0,1
2026-07-28 14:55:00+00:00,480.5,480.5,480.5,480.5,1
2026-07-28 14:57:00+00:00,480.5,480.5,480.5,480.5,1
2026-07-28 14:57:00+00:00,496.0,496.0,496.0,496.0,1
2026-07-28 15:08:00+00:00,458.5,458.5,458.5,458.5,1
2026-07-28 15:09:00+00:00,480.5,480.5,480.5,480.5,1
2026-07-28 15:10:00+00:00,481.0,481.0,481.0,481.0,1
2026-07-28 15:10:00+00:00,459.0,459.0,459.0,459.0,2
2026-07-28 15:12:00+00:00,496.0,496.0,496.0,496.0,3
2026-07-28 15:15:00+00:00,481.0,481.0,481.0,481.0,1
2026-07-28 15:17:00+00:00,481.0,481.0,481.0,481.0,1
2026-07-28 15:19:00+00:00,458.5,458.5,458.5,458.5,1
2026-07-28 15:19:00+00:00,481.0,481.0,481.0,481.0,1
2026-07-28 15:21:00+00:00,481.0,481.0,481.0,481.0,1
2026-07-28 15:21:00+00:00,459.0,459.0,459.0,459.0,1
2026-07-28 15:22:00+00:00,459.0,459.0,459.0,459.0,1
2026-07-28 15:23:00+00:00,496.5,496.5,496.5,496.5,1
2026-07-28 15:25:00+00:00,459.5,459.5,459.5,459.5,2
2026-07-28 15:28:00+00:00,459.5,459.5,459.5,459.5,1
2026-07-28 15:31:00+00:00,481.5,481.5,481.5,481.5,1
2026-07-28 15:33:00+00:00,459.0,459.0,458.5,458.5,16
2026-07-28 15:33:00+00:00,481.0,481.0,481.0,481.0,25
2026-07-28 15:34:00+00:00,496.5,496.5,496.5,496.5,3
2026-07-28 15:34:00+00:00,480.5,480.5,480.5,480.5,2
2026-07-28 15:36:00+00:00,460.0,460.0,460.0,460.0,3
2026-07-28 15:37:00+00:00,460.0,460.0,460.0,460.0,1
2026-07-28 15:39:00+00:00,460.5,460.5,460.5,460.5,1
2026-07-28 15:40:00+00:00,460.0,460.5,460.0,460.5,7
2026-07-28 15:41:00+00:00,460.5,460.5,460.5,460.5,1
2026-07-28 15:41:00+00:00,497.5,497.5,497.5,497.5,1
2026-07-28 15:46:00+00:00,483.0,483.0,483.0,483.0,1
2026-07-28 15:46:00+00:00,498.5,498.5,498.5,498.5,3
2026-07-28 15:47:00+00:00,498.0,498.0,498.0,498.0,3
2026-07-28 15:47:00+00:00,461.0,461.0,461.0,461.0,1
2026-07-28 15:49:00+00:00,498.0,498.0,498.0,498.0,1
2026-07-28 15:50:00+00:00,461.5,461.5,461.5,461.5,2
2026-07-28 15:51:00+00:00,498.0,498.0,498.0,498.0,2
2026-07-28 15:56:00+00:00,461.5,461.5,461.5,461.5,2
2026-07-28 15:58:00+00:00,461.0,461.0,461.0,461.0,4
2026-07-28 16:00:00+00:00,461.5,461.5,461.5,461.5,1
2026-07-28 16:10:00+00:00,461.5,461.5,461.5,461.5,1
2026-07-28 16:11:00+00:00,484.0,484.0,484.0,484.0,1
2026-07-28 16:12:00+00:00,461.5,461.5,461.5,461.5,1
2026-07-28 16:13:00+00:00,462.0,462.0,462.0,462.0,2
2026-07-28 16:18:00+00:00,483.0,483.0,483.0,483.0,5
2026-07-28 16:20:00+00:00,462.0,462.0,462.0,462.0,1
2026-07-28 16:21:00+00:00,461.0,461.0,461.0,461.0,1
2026-07-28 16:22:00+00:00,460.5,460.5,460.5,460.5,1
2026-07-28 16:23:00+00:00,460.5,460.5,460.5,460.5,1
2026-07-28 16:25:00+00:00,460.5,460.5,460.0,460.0,4
2026-07-28 16:26:00+00:00,459.0,459.0,459.0,459.0,2
2026-07-28 16:44:00+00:00,460.0,460.0,459.5,459.5,2
2026-07-28 16:45:00+00:00,-21.5,-21.5,-21.5,-21.5,7
2026-07-28 16:45:00+00:00,459.0,461.0,459.0,461.0,158
2026-07-28 16:45:00+00:00,482.5,482.5,482.5,482.5,7
2026-07-28 16:50:00+00:00,459.5,459.5,459.5,459.5,1
2026-07-28 16:53:00+00:00,459.0,459.0,459.0,459.0,1
2026-07-28 16:58:00+00:00,459.0,459.0,459.0,459.0,4
2026-07-28 17:04:00+00:00,495.5,495.5,495.5,495.5,3
2026-07-28 17:13:00+00:00,459.0,459.0,459.0,459.0,1
2026-07-28 17:15:00+00:00,458.0,458.0,457.5,457.5,2
2026-07-28 17:23:00+00:00,480.0,480.0,479.0,479.0,3
2026-07-28 17:25:00+00:00,480.5,480.5,480.5,480.5,1
2026-07-28 17:48:00+00:00,480.0,480.0,480.0,480.0,1
2026-07-28 17:50:00+00:00,458.0,458.0,458.0,458.0,3
2026-07-28 17:51:00+00:00,458.0,458.0,457.5,457.5,2
2026-07-28 18:02:00+00:00,459.0,459.0,459.0,459.0,2
2026-07-28 18:04:00+00:00,459.0,459.0,459.0,459.0,16
2026-07-28 18:10:00+00:00,459.0,459.0,459.0,459.0,1
2026-07-28 18:11:00+00:00,459.0,459.0,459.0,459.0,1
2026-07-28 18:14:00+00:00,458.5,458.5,458.5,458.5,2
2026-07-28 18:14:00+00:00,481.0,481.0,481.0,481.0,1
2026-07-28 18:15:00+00:00,458.5,458.5,458.5,458.5,1
2026-07-28 18:17:00+00:00,458.5,458.5,458.5,458.5,2
2026-07-29 00:00:00+00:00,460.0,460.5,460.0,460.5,16
2026-07-29 00:02:00+00:00,461.0,461.0,461.0,461.0,1
2026-07-29 00:17:00+00:00,483.0,483.0,483.0,483.0,3
2026-07-29 00:39:00+00:00,483.0,483.0,483.0,483.0,1
2026-07-29 00:54:00+00:00,481.5,481.5,481.5,481.5,1
2026-07-29 01:34:00+00:00,497.5,497.5,497.5,497.5,6
2026-07-29 01:36:00+00:00,497.5,497.5,497.5,497.5,3
2026-07-29 02:02:00+00:00,459.5,459.5,459.5,459.5,17
2026-07-29 02:19:00+00:00,459.0,459.0,459.0,459.0,1
2026-07-29 02:27:00+00:00,459.0,459.0,459.0,459.0,3
2026-07-29 02:32:00+00:00,459.5,459.5,459.5,459.5,1
2026-07-29 02:51:00+00:00,459.0,459.0,459.0,459.0,2
2026-07-29 02:55:00+00:00,459.0,459.0,459.0,459.0,1
2026-07-29 02:56:00+00:00,459.0,459.0,459.0,459.0,2
2026-07-29 02:59:00+00:00,459.0,459.0,459.0,459.0,2
2026-07-29 03:10:00+00:00,460.0,460.0,460.0,460.0,1
2026-07-29 03:36:00+00:00,459.5,459.5,459.5,459.5,1
2026-07-29 03:39:00+00:00,459.5,459.5,459.0,459.0,2
2026-07-29 04:27:00+00:00,459.5,459.5,459.5,459.5,1
2026-07-29 04:42:00+00:00,496.0,496.0,496.0,496.0,2
2026-07-29 05:14:00+00:00,458.5,458.5,458.5,458.5,1
2026-07-29 05:15:00+00:00,458.5,458.5,458.5,458.5,1
2026-07-29 05:24:00+00:00,481.5,481.5,481.5,481.5,1
2026-07-29 06:14:00+00:00,460.0,460.0,460.0,460.0,1
2026-07-29 06:15:00+00:00,497.5,497.5,497.5,497.5,3
2026-07-29 06:17:00+00:00,461.0,461.0,461.0,461.0,1
2026-07-29 06:30:00+00:00,460.0,460.0,460.0,460.0,1
2026-07-29 06:34:00+00:00,483.0,483.0,483.0,483.0,2
2026-07-29 06:38:00+00:00,498.0,498.0,498.0,498.0,4
2026-07-29 06:41:00+00:00,498.0,498.0,498.0,498.0,2
2026-07-29 06:59:00+00:00,498.0,498.0,498.0,498.0,2
2026-07-29 07:02:00+00:00,498.0,498.0,498.0,498.0,3
2026-07-29 07:29:00+00:00,498.0,498.0,498.0,498.0,3
2026-07-29 07:44:00+00:00,497.0,497.0,497.0,497.0,3
2026-07-29 07:47:00+00:00,481.5,481.5,481.5,481.5,3
2026-07-29 07:47:00+00:00,496.5,496.5,496.5,496.5,2
2026-07-29 07:51:00+00:00,459.5,459.5,459.5,459.5,1
2026-07-29 07:54:00+00:00,496.5,496.5,496.5,496.5,3
2026-07-29 07:58:00+00:00,459.5,459.5,459.5,459.5,1
2026-07-29 08:00:00+00:00,481.5,481.5,481.5,481.5,3
2026-07-29 08:05:00+00:00,497.0,497.0,497.0,497.0,1
2026-07-29 08:14:00+00:00,496.0,496.0,496.0,496.0,3
2026-07-29 08:14:00+00:00,459.0,459.0,459.0,459.0,2
2026-07-29 08:39:00+00:00,458.0,458.0,458.0,458.0,1
2026-07-29 08:48:00+00:00,479.5,479.5,479.5,479.5,3
2026-07-29 08:48:00+00:00,458.5,458.5,458.5,458.5,1
2026-07-29 09:00:00+00:00,480.0,480.0,480.0,480.0,3
2026-07-29 09:02:00+00:00,458.0,458.0,458.0,458.0,2
2026-07-29 09:12:00+00:00,494.0,494.0,494.0,494.0,3
2026-07-29 09:23:00+00:00,479.0,479.0,479.0,479.0,1
2026-07-29 09:32:00+00:00,478.5,478.5,478.5,478.5,3
2026-07-29 09:38:00+00:00,456.5,456.5,456.5,456.5,1
2026-07-29 09:48:00+00:00,456.5,456.5,456.5,456.5,1
2026-07-29 09:59:00+00:00,478.0,478.0,478.0,478.0,3
2026-07-29 10:12:00+00:00,456.5,456.5,456.5,456.5,1
2026-07-29 10:16:00+00:00,492.5,492.5,492.5,492.5,3
2026-07-29 10:20:00+00:00,456.0,456.0,456.0,456.0,1
2026-07-29 10:21:00+00:00,456.0,456.0,456.0,456.0,1
2026-07-29 10:28:00+00:00,455.0,455.0,455.0,455.0,16
2026-07-29 10:32:00+00:00,455.0,455.0,455.0,455.0,1
2026-07-29 10:54:00+00:00,454.5,454.5,454.5,454.5,2
2026-07-29 10:56:00+00:00,456.0,456.0,456.0,456.0,1
2026-07-29 11:14:00+00:00,456.0,456.0,456.0,456.0,1
2026-07-29 11:30:00+00:00,456.0,456.0,456.0,456.0,1
2026-07-29 11:31:00+00:00,455.5,455.5,455.5,455.5,1
2026-07-29 11:40:00+00:00,477.5,477.5,477.5,477.5,1
2026-07-29 11:56:00+00:00,456.5,456.5,456.5,456.5,2
2026-07-29 11:56:00+00:00,478.0,478.0,478.0,478.0,1
2026-07-29 12:03:00+00:00,455.5,455.5,455.5,455.5,2
2026-07-29 12:13:00+00:00,477.0,477.0,477.0,477.0,1
2026-07-29 12:41:00+00:00,454.5,454.5,454.5,454.5,1
2026-07-29 12:44:00+00:00,454.5,454.5,454.5,454.5,3
2026-07-29 13:30:00+00:00,455.0,455.5,454.5,455.5,15
2026-07-29 13:30:00+00:00,477.0,477.0,477.0,477.0,3
2026-07-29 13:31:00+00:00,476.5,476.5,476.5,476.5,1
2026-07-29 13:31:00+00:00,455.0,455.0,455.0,455.0,1
2026-07-29 13:33:00+00:00,476.0,476.0,476.0,476.0,1
2026-07-29 13:34:00+00:00,454.0,454.0,454.0,454.0,1
2026-07-29 13:41:00+00:00,475.5,475.5,475.5,475.5,3
2026-07-29 13:44:00+00:00,454.5,454.5,454.5,454.5,3
2026-07-29 13:45:00+00:00,454.5,454.5,454.5,454.5,1
2026-07-29 13:47:00+00:00,455.0,455.0,455.0,455.0,1
2026-07-29 13:48:00+00:00,454.0,454.0,454.0,454.0,1
2026-07-29 13:54:00+00:00,475.0,475.0,475.0,475.0,5
2026-07-29 13:59:00+00:00,474.5,474.5,474.5,474.5,8
2026-07-29 14:03:00+00:00,452.5,452.5,452.5,452.5,4
2026-07-29 14:04:00+00:00,452.5,452.5,452.5,452.5,1
2026-07-29 14:05:00+00:00,453.0,453.0,453.0,453.0,1
2026-07-29 14:07:00+00:00,452.0,452.0,452.0,452.0,4
2026-07-29 14:10:00+00:00,472.5,472.5,472.5,472.5,2
2026-07-29 14:12:00+00:00,452.0,452.0,452.0,452.0,1
2026-07-29 14:12:00+00:00,474.0,474.0,474.0,474.0,1
2026-07-29 14:18:00+00:00,474.5,474.5,474.5,474.5,1
2026-07-29 14:23:00+00:00,453.5,453.5,453.5,453.5,1
2026-07-29 14:37:00+00:00,454.5,454.5,454.5,454.5,2
2026-07-29 14:53:00+00:00,475.5,475.5,475.5,475.5,1
2026-07-29 15:26:00+00:00,453.0,453.0,453.0,453.0,1
2026-07-29 15:28:00+00:00,475.0,475.0,475.0,475.0,1
2026-07-29 15:49:00+00:00,451.0,451.0,451.0,451.0,6
2026-07-29 15:52:00+00:00,474.0,474.0,474.0,474.0,3
2026-07-29 16:03:00+00:00,474.0,474.0,474.0,474.0,2
2026-07-29 16:11:00+00:00,472.5,472.5,472.5,472.5,1
2026-07-29 16:16:00+00:00,450.0,450.0,449.5,449.5,5
2026-07-29 16:45:00+00:00,450.5,450.5,450.5,450.5,1
2026-07-29 17:19:00+00:00,-22.5,-22.5,-22.5,-22.5,1
2026-07-29 17:19:00+00:00,449.5,449.5,449.5,449.5,1
2026-07-29 17:19:00+00:00,472.0,472.0,472.0,472.0,8
2026-07-29 17:46:00+00:00,472.0,472.0,472.0,472.0,2
2026-07-29 18:07:00+00:00,449.5,449.5,449.5,449.5,3
2026-07-29 18:08:00+00:00,472.5,472.5,472.5,472.5,3
2026-07-29 18:13:00+00:00,471.5,471.5,471.0,471.0,3
2026-07-29 18:14:00+00:00,472.0,472.0,472.0,472.0,2
2026-07-29 18:15:00+00:00,471.5,471.5,471.5,471.5,3
2026-07-29 18:17:00+00:00,448.0,448.0,448.0,448.0,3
2026-07-29 18:18:00+00:00,448.0,448.0,447.5,447.5,10
2026-07-29 18:18:00+00:00,-23.0,-23.0,-23.0,-23.0,5
2026-07-29 18:18:00+00:00,471.0,471.5,471.0,471.5,6
2026-07-30 00:05:00+00:00,447.5,447.5,447.5,447.5,1
2026-07-30 00:06:00+00:00,486.0,486.0,485.5,485.5,4
2026-07-30 00:06:00+00:00,470.5,470.5,470.5,470.5,1
2026-07-30 00:10:00+00:00,470.0,470.0,470.0,470.0,2
2026-07-30 00:11:00+00:00,470.0,470.0,470.0,470.0,2
2026-07-30 00:11:00+00:00,447.0,447.0,446.5,446.5,3
2026-07-30 00:12:00+00:00,446.5,446.5,446.5,446.5,1
2026-07-30 00:16:00+00:00,446.0,446.0,445.5,445.5,11
2026-07-30 00:19:00+00:00,446.0,446.0,446.0,446.0,1
2026-07-30 00:25:00+00:00,446.5,446.5,446.5,446.5,1
2026-07-30 00:30:00+00:00,469.0,469.0,469.0,469.0,29
2026-07-30 00:37:00+00:00,446.5,446.5,446.5,446.5,2
2026-07-30 01:02:00+00:00,470.5,470.5,470.5,470.5,1
2026-07-30 01:09:00+00:00,447.5,447.5,447.5,447.5,1
2026-07-30 01:15:00+00:00,448.0,448.0,448.0,448.0,1
2026-07-30 01:16:00+00:00,469.5,469.5,469.5,469.5,1
2026-07-30 01:33:00+00:00,470.5,470.5,470.5,470.5,1
2026-07-30 02:52:00+00:00,485.0,485.0,485.0,485.0,1
2026-07-30 03:01:00+00:00,484.5,484.5,484.5,484.5,1
2026-07-30 03:17:00+00:00,447.0,447.0,447.0,447.0,1
2026-07-30 03:58:00+00:00,469.5,469.5,469.5,469.5,2
2026-07-30 04:08:00+00:00,-23.0,-23.0,-23.0,-23.0,1
2026-07-30 04:08:00+00:00,446.0,446.0,446.0,446.0,1
2026-07-30 04:08:00+00:00,469.0,469.0,469.0,469.0,1
2026-07-30 04:33:00+00:00,468.5,468.5,468.5,468.5,10
2026-07-30 05:11:00+00:00,468.5,468.5,468.5,468.5,1
2026-07-30 05:30:00+00:00,469.5,469.5,469.5,469.5,4
2026-07-30 05:49:00+00:00,446.5,446.5,446.5,446.5,1
2026-07-30 06:38:00+00:00,471.0,471.5,471.0,471.5,2
2026-07-30 06:45:00+00:00,450.0,450.0,450.0,450.0,1
2026-07-30 06:57:00+00:00,450.0,450.0,450.0,450.0,1
2026-07-30 06:59:00+00:00,473.0,473.0,473.0,473.0,1
2026-07-30 07:17:00+00:00,449.5,449.5,449.5,449.5,2
2026-07-30 07:33:00+00:00,489.5,489.5,489.5,489.5,3
2026-07-30 08:07:00+00:00,474.5,474.5,474.5,474.5,1
2026-07-30 08:08:00+00:00,451.5,451.5,451.5,451.5,1
2026-07-30 08:10:00+00:00,451.0,451.0,451.0,451.0,5
2026-07-30 08:30:00+00:00,474.5,474.5,474.5,474.5,1
2026-07-30 08:39:00+00:00,473.5,474.0,473.5,474.0,2
2026-07-30 08:51:00+00:00,473.5,473.5,473.5,473.5,1
2026-07-30 08:59:00+00:00,473.5,473.5,473.5,473.5,1
2026-07-30 09:00:00+00:00,473.5,473.5,473.5,473.5,1
2026-07-30 09:02:00+00:00,473.5,473.5,473.5,473.5,1
2026-07-30 09:05:00+00:00,474.0,474.0,474.0,474.0,2
2026-07-30 09:08:00+00:00,451.0,451.0,451.0,451.0,3
2026-07-30 09:08:00+00:00,489.0,489.0,489.0,489.0,6
2026-07-30 09:31:00+00:00,452.0,452.0,452.0,452.0,2
2026-07-30 10:06:00+00:00,451.5,451.5,451.5,451.5,1
2026-07-30 10:11:00+00:00,474.5,474.5,474.5,474.5,1
2026-07-30 10:36:00+00:00,474.5,474.5,474.5,474.5,6
2026-07-30 10:58:00+00:00,452.0,452.0,452.0,452.0,1
2026-07-30 11:01:00+00:00,473.0,473.0,473.0,473.0,2
2026-07-30 11:03:00+00:00,451.5,451.5,451.5,451.5,1
2026-07-30 11:14:00+00:00,474.5,474.5,474.5,474.5,1
2026-07-30 11:57:00+00:00,473.5,473.5,473.5,473.5,1
2026-07-30 11:57:00+00:00,488.5,488.5,488.5,488.5,2
2026-07-30 12:14:00+00:00,473.5,473.5,473.5,473.5,5
2026-07-30 13:30:00+00:00,473.0,473.0,473.0,473.0,1
2026-07-30 13:30:00+00:00,450.5,450.5,450.5,450.5,11
2026-07-30 13:30:00+00:00,490.0,490.0,490.0,490.0,3
2026-07-30 13:32:00+00:00,451.0,451.0,451.0,451.0,1
2026-07-30 13:33:00+00:00,452.0,452.0,451.0,451.0,11
2026-07-30 13:33:00+00:00,474.5,474.5,474.5,474.5,1
2026-07-30 13:33:00+00:00,-22.5,-22.5,-22.5,-22.5,1
2026-07-30 13:34:00+00:00,489.5,489.5,489.5,489.5,3
2026-07-30 13:39:00+00:00,474.5,474.5,474.5,474.5,1
2026-07-30 13:40:00+00:00,489.0,489.0,489.0,489.0,3
2026-07-30 13:41:00+00:00,451.0,452.0,451.0,452.0,2
2026-07-30 13:44:00+00:00,451.5,451.5,451.5,451.5,1
2026-07-30 13:45:00+00:00,474.0,474.0,474.0,474.0,1
2026-07-30 13:49:00+00:00,452.0,452.0,452.0,452.0,1
2026-07-30 13:54:00+00:00,451.0,451.0,451.0,451.0,1
2026-07-30 13:57:00+00:00,474.5,474.5,474.5,474.5,1
2026-07-30 14:05:00+00:00,451.5,451.5,451.5,451.5,1
2026-07-30 14:11:00+00:00,449.0,449.0,449.0,449.0,2
2026-07-30 14:13:00+00:00,450.0,450.0,450.0,450.0,20
2026-07-30 14:14:00+00:00,450.0,450.0,450.0,450.0,2
2026-07-30 14:30:00+00:00,450.5,451.5,450.5,451.5,2
2026-07-30 14:31:00+00:00,451.0,451.0,451.0,451.0,1
2026-07-30 14:32:00+00:00,474.5,474.5,474.5,474.5,1
2026-07-30 14:39:00+00:00,452.5,452.5,452.5,452.5,1
2026-07-30 14:48:00+00:00,474.0,474.0,474.0,474.0,1
2026-07-30 14:53:00+00:00,452.5,452.5,452.5,452.5,2
2026-07-30 15:02:00+00:00,474.5,474.5,474.5,474.5,17
2026-07-30 15:05:00+00:00,473.5,473.5,473.5,473.5,2
2026-07-30 15:05:00+00:00,450.5,450.5,450.5,450.5,1
2026-07-30 15:09:00+00:00,450.0,450.0,450.0,450.0,3
2026-07-30 15:18:00+00:00,472.0,472.0,472.0,472.0,1
2026-07-30 15:19:00+00:00,472.0,472.0,472.0,472.0,1
2026-07-30 15:31:00+00:00,472.5,472.5,472.5,472.5,1
2026-07-30 15:34:00+00:00,471.5,471.5,471.5,471.5,1
2026-07-30 15:39:00+00:00,472.0,472.0,472.0,472.0,1
2026-07-30 15:40:00+00:00,472.0,472.0,472.0,472.0,1
2026-07-30 15:42:00+00:00,471.5,471.5,471.5,471.5,1
2026-07-30 16:05:00+00:00,472.5,472.5,472.5,472.5,1
2026-07-30 16:16:00+00:00,448.0,448.0,448.0,448.0,1
2026-07-30 16:22:00+00:00,447.5,447.5,447.5,447.5,2
2026-07-30 16:23:00+00:00,447.5,447.5,447.5,447.5,1
2026-07-30 16:24:00+00:00,447.5,447.5,447.5,447.5,1
2026-07-30 16:28:00+00:00,447.5,447.5,447.5,447.5,2
2026-07-30 16:30:00+00:00,447.5,447.5,447.5,447.5,2
2026-07-30 16:35:00+00:00,470.5,470.5,470.5,470.5,2
2026-07-30 16:37:00+00:00,447.5,447.5,447.5,447.5,1
2026-07-30 16:37:00+00:00,486.0,486.0,486.0,486.0,1
2026-07-30 16:37:00+00:00,-16.0,-16.0,-16.0,-16.0,1
2026-07-30 16:37:00+00:00,470.5,470.5,470.0,470.0,18
2026-07-30 16:49:00+00:00,471.0,471.0,471.0,471.0,2
2026-07-30 17:03:00+00:00,447.5,447.5,447.5,447.5,1
2026-07-30 17:10:00+00:00,471.0,471.0,471.0,471.0,2
2026-07-30 17:11:00+00:00,447.5,448.0,447.5,448.0,2
2026-07-30 17:16:00+00:00,447.5,447.5,447.5,447.5,1
2026-07-30 17:17:00+00:00,470.5,470.5,470.5,470.5,2
2026-07-30 17:18:00+00:00,447.0,447.0,447.0,447.0,1
2026-07-30 17:23:00+00:00,469.5,469.5,469.5,469.5,1
2026-07-30 17:40:00+00:00,470.0,470.0,470.0,470.0,2
2026-07-30 17:52:00+00:00,470.0,470.0,470.0,470.0,3
2026-07-30 18:10:00+00:00,469.0,469.0,469.0,469.0,1
2026-07-30 18:12:00+00:00,468.5,468.5,468.5,468.5,1
2026-07-30 18:14:00+00:00,446.0,446.0,445.0,445.0,23
2026-07-30 18:15:00+00:00,446.0,446.0,445.0,445.0,7
2026-07-30 18:17:00+00:00,446.0,446.0,446.0,446.0,2
2026-07-30 18:19:00+00:00,444.5,444.5,443.5,443.5,5
2026-07-30 18:19:00+00:00,-22.5,-22.5,-22.5,-22.5,3
2026-07-30 18:19:00+00:00,468.0,468.0,466.5,466.5,4
2026-07-31 00:00:00+00:00,468.5,468.5,468.5,468.5,4
2026-07-31 00:02:00+00:00,468.0,468.0,468.0,468.0,1
2026-07-31 00:17:00+00:00,446.5,446.5,446.5,446.5,1
2026-07-31 00:29:00+00:00,470.0,470.0,470.0,470.0,1
2026-07-31 00:37:00+00:00,469.5,469.5,469.5,469.5,1
2026-07-31 00:41:00+00:00,469.0,469.0,469.0,469.0,2
2026-07-31 00:43:00+00:00,468.5,468.5,468.5,468.5,1
2026-07-31 00:43:00+00:00,445.5,445.5,445.5,445.5,1
2026-07-31 00:43:00+00:00,-23.0,-23.0,-23.0,-23.0,1
2026-07-31 00:47:00+00:00,444.0,444.0,444.0,444.0,4
2026-07-31 01:06:00+00:00,444.5,444.5,444.5,444.5,1
2026-07-31 01:09:00+00:00,445.0,445.0,445.0,445.0,1
2026-07-31 01:30:00+00:00,444.5,444.5,444.5,444.5,1
2026-07-31 01:49:00+00:00,444.5,444.5,444.5,444.5,1
2026-07-31 02:51:00+00:00,446.0,446.0,446.0,446.0,1
2026-07-31 03:00:00+00:00,469.0,469.0,469.0,469.0,1
2026-07-31 03:06:00+00:00,484.0,484.0,484.0,484.0,1
2026-07-31 03:49:00+00:00,446.0,446.0,446.0,446.0,1
2026-07-31 04:48:00+00:00,469.0,469.0,469.0,469.0,1
2026-07-31 06:12:00+00:00,445.5,445.5,445.5,445.5,1
2026-07-31 07:33:00+00:00,444.5,444.5,444.5,444.5,1
2026-07-31 08:34:00+00:00,445.5,445.5,445.5,445.5,3
2026-07-31 08:49:00+00:00,468.5,468.5,468.5,468.5,1
2026-07-31 08:53:00+00:00,468.0,468.0,468.0,468.0,1
2026-07-31 09:13:00+00:00,445.0,445.0,445.0,445.0,1
2026-07-31 09:43:00+00:00,444.0,444.0,443.5,443.5,2
2026-07-31 09:44:00+00:00,466.5,466.5,466.5,466.5,1
2026-07-31 10:57:00+00:00,444.5,444.5,444.5,444.5,1
2026-07-31 11:09:00+00:00,466.5,466.5,466.5,466.5,1
2026-07-31 11:24:00+00:00,444.5,444.5,444.5,444.5,1
2026-07-31 12:09:00+00:00,444.0,444.0,444.0,444.0,1
2026-07-31 12:16:00+00:00,466.5,466.5,466.5,466.5,13
2026-07-31 12:16:00+00:00,443.5,443.5,443.5,443.5,1
2026-07-31 12:19:00+00:00,443.5,443.5,443.5,443.5,3
2026-07-31 12:29:00+00:00,443.0,443.0,442.5,442.5,9
2026-07-31 12:30:00+00:00,465.0,465.0,465.0,465.0,1
2026-07-31 12:39:00+00:00,442.5,442.5,442.5,442.5,2
2026-07-31 13:30:00+00:00,443.0,443.0,443.0,443.0,6
2026-07-31 13:31:00+00:00,443.5,443.5,443.5,443.5,1
2026-07-31 13:36:00+00:00,481.0,481.0,481.0,481.0,1
2026-07-31 13:36:00+00:00,465.0,465.0,464.0,464.0,3
2026-07-31 13:36:00+00:00,442.0,442.0,441.5,441.5,4
2026-07-31 13:38:00+00:00,464.5,464.5,464.5,464.5,1
2026-07-31 13:40:00+00:00,463.5,463.5,463.5,463.5,2
2026-07-31 13:40:00+00:00,441.0,441.0,441.0,441.0,5
2026-07-31 13:41:00+00:00,441.0,441.0,440.0,440.0,17
2026-07-31 13:42:00+00:00,441.0,441.0,440.0,440.0,7
2026-07-31 13:45:00+00:00,463.5,463.5,463.5,463.5,1
2026-07-31 13:52:00+00:00,442.0,442.0,442.0,442.0,1
2026-07-31 14:04:00+00:00,442.0,442.0,442.0,442.0,9
2026-07-31 14:09:00+00:00,441.5,441.5,441.5,441.5,4
2026-07-31 14:10:00+00:00,441.0,441.5,441.0,441.5,2
2026-07-31 14:11:00+00:00,442.0,442.0,442.0,442.0,1
2026-07-31 14:12:00+00:00,442.0,442.0,441.5,441.5,3
2026-07-31 14:13:00+00:00,465.5,465.5,465.5,465.5,2
2026-07-31 14:14:00+00:00,466.0,466.0,466.0,466.0,1
2026-07-31 14:14:00+00:00,442.5,442.5,442.5,442.5,2
2026-07-31 14:15:00+00:00,466.5,466.5,466.5,466.5,3
2026-07-31 14:16:00+00:00,466.5,466.5,466.5,466.5,1
2026-07-31 14:17:00+00:00,442.5,442.5,442.5,442.5,1
2026-07-31 14:31:00+00:00,443.0,443.0,443.0,443.0,1
2026-07-31 14:51:00+00:00,465.5,465.5,465.5,465.5,1
2026-07-31 15:05:00+00:00,464.5,464.5,464.5,464.5,1
2026-07-31 15:14:00+00:00,465.0,465.0,465.0,465.0,1
2026-07-31 15:48:00+00:00,441.0,441.0,441.0,441.0,4
2026-07-31 15:53:00+00:00,463.0,463.0,463.0,463.0,1
2026-07-31 16:01:00+00:00,463.5,463.5,463.5,463.5,2
2026-07-31 16:16:00+00:00,478.0,478.0,478.0,478.0,2
2026-07-31 16:16:00+00:00,439.0,439.0,439.0,439.0,2
2026-07-31 16:30:00+00:00,461.5,461.5,461.5,461.5,2
2026-07-31 17:02:00+00:00,439.0,439.0,439.0,439.0,1
2026-07-31 17:21:00+00:00,438.0,438.0,438.0,438.0,1
2026-07-31 17:22:00+00:00,462.0,462.0,462.0,462.0,2
2026-07-31 17:25:00+00:00,462.5,462.5,462.5,462.5,1
2026-07-31 17:27:00+00:00,462.5,462.5,462.5,462.5,1
2026-07-31 17:28:00+00:00,461.5,461.5,461.5,461.5,1
2026-07-31 17:32:00+00:00,462.0,462.0,462.0,462.0,5
2026-07-31 17:44:00+00:00,463.0,463.0,463.0,463.0,1
2026-07-31 17:45:00+00:00,440.0,440.0,440.0,440.0,1
2026-07-31 17:46:00+00:00,439.0,439.0,439.0,439.0,1
2026-07-31 17:48:00+00:00,462.5,462.5,462.5,462.5,1
2026-07-31 18:06:00+00:00,439.0,439.0,439.0,439.0,2
2026-07-31 18:14:00+00:00,464.5,464.5,464.5,464.5,2
2026-07-31 18:17:00+00:00,440.0,441.0,440.0,441.0,12
