timestamp,open,high,low,close,volume
2026-07-01 00:03:00+00:00,1124.0,1124.0,1124.0,1124.0,1
2026-07-01 00:04:00+00:00,1143.0,1143.0,1143.0,1143.0,3
2026-07-01 00:04:00+00:00,1123.5,1123.5,1123.0,1123.0,9
2026-07-01 00:04:00+00:00,-20.0,-20.0,-20.0,-20.0,3
2026-07-01 00:06:00+00:00,1145.0,1145.0,1145.0,1145.0,7
2026-07-01 00:55:00+00:00,1143.5,1143.5,1143.5,1143.5,4
2026-07-01 01:08:00+00:00,1121.5,1121.5,1121.5,1121.5,4
2026-07-01 01:31:00+00:00,1125.0,1125.0,1125.0,1125.0,6
2026-07-01 01:32:00+00:00,1140.5,1140.5,1140.5,1140.5,2
2026-07-01 01:44:00+00:00,1125.0,1125.0,1125.0,1125.0,5
2026-07-01 01:48:00+00:00,1125.0,1125.0,1125.0,1125.0,2
2026-07-01 02:10:00+00:00,1126.5,1126.5,1126.5,1126.5,2
2026-07-01 02:10:00+00:00,1122.0,1122.0,1122.0,1122.0,2
2026-07-01 02:10:00+00:00,1141.5,1141.5,1141.5,1141.5,2
2026-07-01 02:11:00+00:00,1142.0,1142.0,1142.0,1142.0,2
2026-07-01 02:12:00+00:00,1123.0,1123.0,1123.0,1123.0,2
2026-07-01 02:24:00+00:00,1143.5,1143.5,1143.5,1143.5,1
2026-07-01 02:37:00+00:00,1126.0,1126.0,1126.0,1126.0,1
2026-07-01 02:47:00+00:00,1146.5,1146.5,1146.5,1146.5,2
2026-07-01 02:47:00+00:00,1131.5,1131.5,1131.5,1131.5,3
2026-07-01 02:48:00+00:00,1132.0,1132.0,1132.0,1132.0,6
2026-07-01 02:54:00+00:00,1127.5,1127.5,1127.5,1127.5,1
2026-07-01 02:58:00+00:00,1132.5,1132.5,1132.5,1132.5,2
2026-07-01 02:58:00+00:00,1147.5,1147.5,1147.5,1147.5,2
2026-07-01 02:58:00+00:00,1128.0,1128.0,1128.0,1128.0,2
2026-07-01 02:59:00+00:00,1128.0,1128.0,1128.0,1128.0,2
2026-07-01 03:00:00+00:00,1148.5,1148.5,1148.5,1148.5,2
2026-07-01 03:03:00+00:00,1148.0,1148.0,1148.0,1148.0,4
2026-07-01 03:03:00+00:00,-15.0,-15.0,-15.0,-15.0,1
2026-07-01 03:03:00+00:00,1163.0,1163.0,1163.0,1163.0,1
2026-07-01 03:07:00+00:00,1129.0,1129.0,1129.0,1129.0,2
2026-07-01 03:08:00+00:00,1129.0,1129.0,1129.0,1129.0,2
2026-07-01 03:08:00+00:00,-15.0,-15.0,-15.0,-15.0,1
2026-07-01 03:08:00+00:00,1133.5,1133.5,1133.5,1133.5,4
2026-07-01 03:08:00+00:00,1148.5,1148.5,1148.5,1148.5,1
2026-07-01 03:20:00+00:00,1134.0,1134.0,1134.0,1134.0,7
2026-07-01 03:24:00+00:00,1134.0,1134.0,1134.0,1134.0,2
2026-07-01 03:26:00+00:00,1134.0,1134.0,1134.0,1134.0,2
2026-07-01 03:44:00+00:00,1134.0,1134.0,1134.0,1134.0,2
2026-07-01 03:48:00+00:00,1134.0,1134.0,1134.0,1134.0,2
2026-07-01 04:10:00+00:00,1149.5,1149.5,1149.5,1149.5,1
2026-07-01 04:11:00+00:00,1129.5,1129.5,1129.5,1129.5,1
2026-07-01 04:39:00+00:00,1129.5,1129.5,1129.5,1129.5,1
2026-07-01 05:34:00+00:00,1149.5,1149.5,1149.5,1149.5,2
2026-07-01 05:40:00+00:00,1147.5,1147.5,1147.5,1147.5,2
2026-07-01 06:22:00+00:00,1135.0,1135.5,1135.0,1135.5,4
2026-07-01 06:30:00+00:00,1134.5,1134.5,1134.5,1134.5,2
2026-07-01 06:30:00+00:00,1130.0,1130.0,1130.0,1130.0,1
2026-07-01 06:31:00+00:00,1129.5,1129.5,1129.5,1129.5,1
2026-07-01 06:31:00+00:00,1134.0,1134.0,1134.0,1134.0,2
2026-07-01 06:33:00+00:00,1133.0,1133.0,1133.0,1133.0,2
2026-07-01 06:33:00+00:00,1148.0,1148.0,1148.0,1148.0,2
2026-07-01 06:34:00+00:00,1147.5,1147.5,1147.5,1147.5,2
2026-07-01 06:34:00+00:00,1132.5,1132.5,1132.5,1132.5,2
2026-07-01 07:06:00+00:00,1146.0,1146.0,1146.0,1146.0,2
2026-07-01 07:10:00+00:00,1146.0,1146.0,1146.0,1146.0,2
2026-07-01 07:24:00+00:00,1145.0,1145.0,1145.0,1145.0,1
2026-07-01 07:50:00+00:00,1126.5,1126.5,1126.5,1126.5,1
2026-07-01 07:53:00+00:00,1127.0,1127.0,1127.0,1127.0,2
2026-07-01 08:05:00+00:00,1131.0,1131.0,1131.0,1131.0,2
2026-07-01 08:06:00+00:00,1131.0,1131.0,1131.0,1131.0,1
2026-07-01 08:15:00+00:00,1145.5,1145.5,1145.5,1145.5,4
2026-07-01 08:15:00+00:00,1130.5,1130.5,1130.5,1130.5,4
2026-07-01 08:49:00+00:00,1126.0,1126.0,1126.0,1126.0,1
2026-07-01 08:57:00+00:00,1125.0,1125.0,1125.0,1125.0,1
2026-07-01 09:11:00+00:00,1129.0,1129.0,1129.0,1129.0,4
2026-07-01 09:11:00+00:00,1144.0,1144.0,1144.0,1144.0,3
2026-07-01 09:12:00+00:00,1144.0,1144.0,1143.5,1143.5,6
2026-07-01 09:12:00+00:00,1129.0,1129.0,1129.0,1129.0,2
2026-07-01 09:22:00+00:00,1144.0,1144.0,1144.0,1144.0,2
2026-07-01 09:26:00+00:00,1144.0,1144.0,1144.0,1144.0,3
2026-07-01 09:48:00+00:00,1129.0,1129.0,1129.0,1129.0,2
2026-07-01 09:48:00+00:00,1144.0,1144.0,1144.0,1144.0,2
2026-07-01 09:48:00+00:00,1124.5,1124.5,1124.5,1124.5,2
2026-07-01 09:53:00+00:00,1145.0,1145.0,1145.0,1145.0,2
2026-07-01 09:54:00+00:00,1125.0,1125.0,1125.0,1125.0,2
2026-07-01 09:54:00+00:00,1129.5,1129.5,1129.5,1129.5,2
2026-07-01 10:53:00+00:00,1129.0,1129.0,1129.0,1129.0,2
2026-07-01 11:31:00+00:00,1144.0,1144.0,1144.0,1144.0,2
2026-07-01 11:44:00+00:00,1134.0,1134.0,1134.0,1134.0,2
2026-07-01 11:45:00+00:00,-14.5,-14.5,-14.5,-14.5,1
2026-07-01 11:45:00+00:00,1150.0,1151.0,1150.0,1150.5,12
2026-07-01 11:45:00+00:00,1165.0,1165.0,1165.0,1165.0,1
2026-07-01 11:46:00+00:00,1141.0,1141.0,1141.0,1141.0,2
2026-07-01 11:46:00+00:00,1155.0,1158.5,1155.0,1158.5,24
2026-07-01 11:46:00+00:00,-15.5,-15.5,-15.5,-15.5,2
2026-07-01 11:46:00+00:00,1133.5,1139.0,1133.5,1139.0,11
2026-07-01 11:47:00+00:00,1173.0,1173.0,1173.0,1173.0,1
2026-07-01 11:47:00+00:00,1157.0,1158.0,1157.0,1158.0,12
2026-07-01 11:47:00+00:00,1137.5,1137.5,1137.5,1137.5,2
2026-07-01 11:48:00+00:00,1156.5,1157.0,1156.5,1157.0,4
2026-07-01 11:49:00+00:00,1158.0,1158.0,1158.0,1158.0,2
2026-07-01 11:49:00+00:00,1143.0,1143.5,1143.0,1143.5,2
2026-07-01 11:50:00+00:00,1139.0,1139.0,1139.0,1139.0,1
2026-07-01 11:51:00+00:00,1155.0,1155.0,1155.0,1155.0,2
2026-07-01 11:53:00+00:00,1158.0,1158.0,1158.0,1158.0,2
2026-07-01 11:55:00+00:00,1138.0,1138.0,1137.5,1137.5,3
2026-07-01 12:01:00+00:00,1158.0,1158.0,1158.0,1158.0,2
2026-07-01 12:01:00+00:00,1142.0,1142.0,1142.0,1142.0,2
2026-07-01 12:05:00+00:00,1141.5,1141.5,1141.5,1141.5,2
2026-07-01 12:07:00+00:00,1156.5,1156.5,1156.5,1156.5,2
2026-07-01 12:17:00+00:00,1141.5,1141.5,1141.5,1141.5,2
2026-07-01 12:21:00+00:00,1137.5,1137.5,1137.5,1137.5,1
2026-07-01 12:22:00+00:00,1158.0,1158.0,1158.0,1158.0,1
2026-07-01 12:26:00+00:00,1156.0,1156.0,1156.0,1156.0,5
2026-07-01 12:30:00+00:00,1140.0,1140.0,1140.0,1140.0,2
2026-07-01 12:30:00+00:00,1155.5,1155.5,1155.5,1155.5,2
2026-07-01 12:33:00+00:00,1154.0,1154.0,1154.0,1154.0,2
2026-07-01 12:43:00+00:00,1137.0,1137.0,1137.0,1137.0,2
2026-07-01 13:30:00+00:00,1132.5,1132.5,1132.5,1132.5,1
2026-07-01 13:31:00+00:00,1139.0,1139.0,1139.0,1139.0,1
2026-07-01 13:35:00+00:00,-15.5,-15.5,-15.5,-15.5,4
2026-07-01 13:35:00+00:00,1136.5,1136.5,1136.5,1136.5,4
2026-07-01 13:35:00+00:00,1152.0,1152.0,1152.0,1152.0,4
2026-07-01 13:38:00+00:00,1131.0,1131.0,1131.0,1131.0,1
2026-07-01 13:41:00+00:00,1139.5,1139.5,1139.5,1139.5,2
2026-07-01 13:44:00+00:00,1155.0,1155.0,1154.5,1155.0,5
2026-07-01 14:04:00+00:00,1153.5,1153.5,1153.5,1153.5,2
2026-07-01 14:08:00+00:00,1152.5,1152.5,1152.5,1152.5,2
2026-07-01 14:18:00+00:00,1138.0,1138.0,1138.0,1138.0,1
2026-07-01 14:29:00+00:00,1137.0,1137.0,1137.0,1137.0,3
2026-07-01 14:29:00+00:00,1152.0,1152.0,1152.0,1152.0,2
2026-07-01 14:33:00+00:00,1131.5,1131.5,1131.5,1131.5,2
2026-07-01 14:34:00+00:00,1131.5,1131.5,1131.5,1131.5,2
2026-07-01 14:39:00+00:00,1151.5,1151.5,1151.5,1151.5,1
2026-07-01 14:41:00+00:00,1132.0,1132.0,1132.0,1132.0,2
2026-07-01 14:41:00+00:00,1136.5,1136.5,1136.5,1136.5,2
2026-07-01 14:42:00+00:00,1132.0,1132.0,1131.5,1131.5,2
2026-07-01 14:42:00+00:00,1136.5,1136.5,1136.5,1136.5,2
2026-07-01 14:44:00+00:00,1151.0,1151.0,1151.0,1151.0,4
2026-07-01 14:47:00+00:00,1152.0,1152.0,1152.0,1152.0,2
2026-07-01 14:50:00+00:00,1150.0,1150.0,1150.0,1150.0,1
2026-07-01 15:01:00+00:00,1128.0,1128.0,1128.0,1128.0,1
2026-07-01 15:06:00+00:00,1148.0,1148.0,1148.0,1148.0,1
2026-07-01 15:18:00+00:00,1148.5,1148.5,1148.5,1148.5,2
2026-07-01 15:20:00+00:00,1147.0,1147.0,1147.0,1147.0,4
2026-07-01 15:20:00+00:00,-15.0,-15.0,-15.0,-15.0,2
2026-07-01 15:20:00+00:00,1132.0,1132.0,1132.0,1132.0,5
2026-07-01 15:25:00+00:00,1132.0,1132.0,1132.0,1132.0,2
2026-07-01 15:25:00+00:00,1147.0,1147.0,1147.0,1147.0,2
2026-07-01 15:26:00+00:00,1128.0,1128.0,1128.0,1128.0,2
2026-07-01 15:28:00+00:00,1128.0,1128.0,1128.0,1128.0,2
2026-07-01 15:53:00+00:00,1148.5,1148.5,1148.5,1148.5,2
2026-07-01 15:56:00+00:00,1148.5,1148.5,1148.5,1148.5,4
2026-07-01 15:57:00+00:00,1148.0,1148.0,1148.0,1148.0,2
2026-07-01 16:10:00+00:00,1134.5,1134.5,1134.5,1134.5,2
2026-07-01 16:11:00+00:00,1134.5,1134.5,1134.5,1134.5,2
2026-07-01 16:19:00+00:00,1134.5,1134.5,1134.5,1134.5,2
2026-07-01 16:21:00+00:00,1148.0,1148.0,1148.0,1148.0,1
2026-07-01 16:59:00+00:00,1130.0,1130.0,1130.0,1130.0,4
2026-07-01 17:37:00+00:00,1136.0,1136.0,1136.0,1136.0,2
2026-07-01 17:45:00+00:00,1149.0,1149.0,1149.0,1149.0,1
2026-07-01 18:00:00+00:00,1133.0,1133.0,1133.0,1133.0,2
2026-07-01 18:14:00+00:00,1149.0,1149.0,1149.0,1149.0,3
2026-07-01 18:14:00+00:00,1136.0,1136.0,1136.0,1136.0,82
2026-07-01 18:17:00+00:00,1134.0,1134.0,1134.0,1134.0,1
2026-07-01 18:19:00+00:00,1149.0,1149.0,1149.0,1149.0,4
2026-07-02 00:02:00+00:00,1148.5,1148.5,1148.5,1148.5,2
2026-07-02 00:42:00+00:00,1150.0,1150.0,1150.0,1150.0,1
2026-07-02 00:43:00+00:00,1150.0,1150.0,1150.0,1150.0,1
2026-07-02 00:45:00+00:00,1134.0,1134.0,1133.5,1133.5,10
2026-07-02 00:48:00+00:00,1134.0,1134.0,1134.0,1134.0,1
2026-07-02 00:57:00+00:00,1134.5,1134.5,1134.5,1134.5,1
2026-07-02 00:58:00+00:00,1135.5,1135.5,1135.5,1135.5,1
2026-07-02 01:00:00+00:00,1135.0,1135.5,1135.0,1135.5,3
2026-07-02 01:02:00+00:00,1136.0,1136.0,1136.0,1136.0,1
2026-07-02 01:03:00+00:00,1136.0,1136.0,1136.0,1136.0,1
2026-07-02 01:05:00+00:00,1136.0,1136.0,1136.0,1136.0,1
2026-07-02 01:16:00+00:00,1137.0,1137.0,1137.0,1137.0,1
2026-07-02 01:22:00+00:00,1137.0,1137.0,1137.0,1137.0,2
2026-07-02 01:26:00+00:00,1153.0,1153.0,1153.0,1153.0,6
2026-07-02 01:34:00+00:00,1137.0,1137.0,1137.0,1137.0,1
2026-07-02 02:38:00+00:00,1141.5,1141.5,1141.5,1141.5,4
2026-07-02 02:38:00+00:00,1139.0,1139.0,1139.0,1139.0,2
2026-07-02 02:38:00+00:00,1154.5,1154.5,1154.5,1154.5,2
2026-07-02 02:39:00+00:00,1154.0,1154.0,1154.0,1154.0,2
2026-07-02 02:40:00+00:00,1139.0,1139.0,1139.0,1139.0,1
2026-07-02 02:47:00+00:00,1154.0,1154.0,1154.0,1154.0,4
2026-07-02 02:55:00+00:00,1153.0,1153.0,1153.0,1153.0,1
2026-07-02 02:57:00+00:00,1138.5,1139.0,1138.5,1139.0,3
2026-07-02 02:57:00+00:00,1140.5,1140.5,1140.5,1140.5,2
2026-07-02 02:57:00+00:00,1153.5,1154.5,1153.5,1154.5,6
2026-07-02 03:04:00+00:00,1140.5,1140.5,1140.5,1140.5,2
2026-07-02 03:15:00+00:00,-2.0,-2.0,-2.0,-2.0,2
2026-07-02 03:15:00+00:00,1139.5,1139.5,1139.5,1139.5,3
2026-07-02 03:15:00+00:00,1141.5,1141.5,1141.5,1141.5,4
2026-07-02 03:19:00+00:00,1139.5,1139.5,1139.5,1139.5,2
2026-07-02 03:19:00+00:00,1141.5,1141.5,1141.5,1141.5,2
2026-07-02 03:26:00+00:00,1141.0,1141.0,1141.0,1141.0,5
2026-07-02 04:18:00+00:00,1155.5,1155.5,1155.5,1155.5,1
2026-07-02 04:19:00+00:00,1154.5,1154.5,1154.5,1154.5,1
2026-07-02 04:20:00+00:00,1155.5,1155.5,1155.5,1155.5,1
2026-07-02 04:22:00+00:00,1154.5,1154.5,1154.5,1154.5,1
2026-07-02 05:07:00+00:00,1139.0,1139.0,1139.0,1139.0,2
2026-07-02 05:32:00+00:00,1154.5,1154.5,1154.5,1154.5,3
2026-07-02 05:37:00+00:00,1152.0,1152.0,1151.0,1151.0,12
2026-07-02 05:37:00+00:00,1138.5,1138.5,1138.5,1138.5,4
2026-07-02 05:37:00+00:00,-13.0,-13.0,-13.0,-13.0,4
2026-07-02 05:38:00+00:00,1152.0,1152.0,1152.0,1152.0,4
2026-07-02 05:38:00+00:00,1139.0,1139.0,1139.0,1139.0,3
2026-07-02 05:39:00+00:00,1139.0,1139.0,1139.0,1139.0,1
2026-07-02 06:34:00+00:00,1152.5,1152.5,1152.5,1152.5,2
2026-07-02 06:45:00+00:00,1137.0,1137.0,1137.0,1137.0,1
2026-07-02 07:19:00+00:00,1136.5,1136.5,1136.5,1136.5,2
2026-07-02 07:21:00+00:00,1136.5,1136.5,1136.5,1136.5,2
2026-07-02 07:23:00+00:00,1136.5,1136.5,1136.5,1136.5,1
2026-07-02 07:55:00+00:00,1139.0,1139.0,1139.0,1139.0,1
2026-07-02 07:59:00+00:00,1139.5,1139.5,1139.5,1139.5,2
2026-07-02 08:00:00+00:00,1138.0,1138.0,1138.0,1138.0,1
2026-07-02 08:04:00+00:00,1152.5,1152.5,1152.5,1152.5,2
2026-07-02 08:05:00+00:00,1152.5,1152.5,1152.5,1152.5,2
2026-07-02 08:06:00+00:00,1139.5,1139.5,1139.5,1139.5,2
2026-07-02 08:08:00+00:00,1138.0,1138.0,1138.0,1138.0,1
2026-07-02 08:15:00+00:00,1152.5,1152.5,1152.5,1152.5,1
2026-07-02 08:16:00+00:00,1153.0,1153.0,1153.0,1153.0,1
2026-07-02 08:17:00+00:00,1153.0,1153.0,1153.0,1153.0,1
2026-07-02 08:43:00+00:00,1140.0,1140.0,1140.0,1140.0,4
2026-07-02 08:53:00+00:00,1154.5,1154.5,1154.5,1154.5,1
2026-07-02 09:56:00+00:00,1154.0,1154.0,1154.0,1154.0,1
2026-07-02 09:57:00+00:00,1154.0,1154.0,1154.0,1154.0,1
2026-07-02 11:56:00+00:00,1141.5,1141.5,1141.5,1141.5,1
2026-07-02 12:03:00+00:00,1141.0,1141.0,1141.0,1141.0,1
2026-07-02 12:23:00+00:00,1154.0,1154.0,1154.0,1154.0,1
2026-07-02 12:28:00+00:00,1154.5,1154.5,1154.5,1154.5,1
2026-07-02 12:34:00+00:00,1140.5,1140.5,1140.5,1140.5,1
2026-07-02 12:35:00+00:00,1155.5,1156.0,1155.5,1156.0,3
2026-07-02 12:38:00+00:00,1155.5,1155.5,1155.5,1155.5,1
2026-07-02 12:42:00+00:00,1155.0,1155.0,1155.0,1155.0,1
2026-07-02 13:30:00+00:00,1140.0,1140.0,1140.0,1140.0,1
2026-07-02 13:30:00+00:00,1159.0,1159.0,1159.0,1159.0,1
2026-07-02 13:31:00+00:00,1143.5,1143.5,1143.5,1143.5,3
2026-07-02 13:33:00+00:00,1156.0,1156.0,1156.0,1156.0,6
2026-07-02 13:36:00+00:00,1143.5,1143.5,1143.5,1143.5,2
2026-07-02 13:41:00+00:00,1142.0,1142.0,1142.0,1142.0,3
2026-07-02 13:44:00+00:00,1145.0,1145.0,1145.0,1145.0,1
2026-07-02 13:56:00+00:00,1141.0,1141.0,1141.0,1141.0,1
2026-07-02 14:05:00+00:00,1141.0,1141.0,1141.0,1141.0,1
2026-07-02 14:20:00+00:00,1152.5,1152.5,1152.5,1152.5,1
2026-07-02 14:23:00+00:00,1151.5,1151.5,1151.5,1151.5,1
2026-07-02 14:24:00+00:00,1138.5,1138.5,1138.5,1138.5,3
2026-07-02 14:33:00+00:00,1153.0,1153.0,1153.0,1153.0,4
2026-07-02 14:35:00+00:00,1140.0,1140.0,1140.0,1140.0,6
2026-07-02 14:37:00+00:00,1139.0,1139.0,1139.0,1139.0,2
2026-07-02 14:38:00+00:00,1139.5,1139.5,1139.5,1139.5,2
2026-07-02 14:38:00+00:00,1153.5,1153.5,1153.5,1153.5,18
2026-07-02 14:39:00+00:00,1139.5,1139.5,1139.5,1139.5,2
2026-07-02 14:39:00+00:00,1141.0,1141.0,1141.0,1141.0,3
2026-07-02 14:39:00+00:00,1153.5,1154.0,1153.5,1154.0,5
2026-07-02 14:41:00+00:00,1153.5,1153.5,1153.5,1153.5,3
2026-07-02 14:41:00+00:00,1140.0,1140.0,1140.0,1140.0,1
2026-07-02 14:44:00+00:00,1153.5,1153.5,1153.5,1153.5,1
2026-07-02 14:45:00+00:00,1154.0,1154.0,1154.0,1154.0,1
2026-07-02 14:46:00+00:00,1153.5,1153.5,1153.5,1153.5,1
2026-07-02 14:48:00+00:00,1141.0,1141.5,1141.0,1141.5,6
2026-07-02 14:50:00+00:00,1139.5,1139.5,1139.5,1139.5,2
2026-07-02 15:00:00+00:00,1153.0,1153.0,1153.0,1153.0,2
2026-07-02 15:13:00+00:00,1136.0,1136.0,1136.0,1136.0,1
2026-07-02 15:21:00+00:00,1149.5,1149.5,1149.5,1149.5,1
2026-07-02 15:26:00+00:00,1150.5,1150.5,1150.5,1150.5,1
2026-07-02 15:29:00+00:00,1137.0,1137.0,1137.0,1137.0,2
2026-07-02 15:30:00+00:00,1137.0,1137.0,1137.0,1137.0,2
2026-07-02 15:34:00+00:00,1151.0,1151.0,1151.0,1151.0,1
2026-07-02 15:39:00+00:00,1137.0,1137.0,1137.0,1137.0,2
2026-07-02 15:39:00+00:00,1136.0,1136.0,1136.0,1136.0,2
2026-07-02 15:40:00+00:00,1136.0,1136.0,1136.0,1136.0,2
2026-07-02 15:40:00+00:00,1137.0,1137.0,1137.0,1137.0,2
2026-07-02 16:16:00+00:00,1136.5,1136.5,1136.5,1136.5,4
2026-07-02 16:17:00+00:00,1148.5,1148.5,1148.5,1148.5,1
2026-07-02 16:24:00+00:00,1136.0,1136.0,1136.0,1136.0,1
2026-07-02 16:24:00+00:00,1148.5,1149.0,1148.5,1148.5,14
2026-07-02 16:24:00+00:00,-12.5,-12.5,-12.5,-12.5,1
2026-07-02 16:51:00+00:00,1149.5,1149.5,1149.5,1149.5,2
2026-07-02 16:58:00+00:00,1135.5,1135.5,1135.5,1135.5,3
2026-07-02 17:00:00+00:00,1135.5,1135.5,1135.5,1135.5,2
2026-07-02 17:07:00+00:00,1147.5,1147.5,1147.5,1147.5,1
2026-07-02 17:34:00+00:00,1149.0,1149.0,1149.0,1149.0,2
2026-07-02 17:41:00+00:00,1149.5,1149.5,1149.5,1149.5,1
2026-07-02 17:54:00+00:00,1137.5,1137.5,1137.5,1137.5,2
2026-07-02 18:06:00+00:00,1148.5,1148.5,1148.5,1148.5,1
2026-07-02 18:13:00+00:00,1137.0,1137.0,1137.0,1137.0,8
2026-07-02 18:14:00+00:00,1137.0,1137.0,1137.0,1137.0,12
2026-07-02 18:14:00+00:00,1148.0,1148.0,1148.0,1148.0,3
2026-07-02 18:14:00+00:00,1136.0,1136.0,1136.0,1136.0,1
2026-07-02 18:15:00+00:00,1136.0,1136.0,1136.0,1136.0,4
2026-07-02 18:16:00+00:00,1136.0,1136.0,1136.0,1136.0,3
2026-07-02 18:19:00+00:00,1147.0,1147.0,1147.0,1147.0,2
2026-07-06 00:00:00+00:00,1143.0,1147.5,1142.0,1147.5,20
2026-07-06 00:00:00+00:00,1151.0,1151.0,1151.0,1151.0,4
2026-07-06 00:01:00+00:00,1146.5,1147.0,1146.5,1147.0,3
2026-07-06 00:02:00+00:00,1159.0,1160.5,1159.0,1160.5,6
2026-07-06 00:02:00+00:00,1147.0,1147.0,1147.0,1147.0,5
2026-07-06 00:02:00+00:00,1148.0,1148.0,1148.0,1148.0,1
2026-07-06 00:03:00+00:00,1161.0,1162.0,1161.0,1162.0,29
2026-07-06 00:03:00+00:00,-12.0,-12.0,-12.0,-12.0,5
2026-07-06 00:03:00+00:00,1148.5,1148.5,1148.5,1148.5,1
2026-07-06 00:03:00+00:00,1149.0,1149.5,1149.0,1149.5,7
2026-07-06 00:04:00+00:00,1150.0,1150.0,1150.0,1150.0,2
2026-07-06 00:04:00+00:00,1162.0,1162.0,1162.0,1162.0,2
2026-07-06 00:06:00+00:00,1149.5,1149.5,1149.5,1149.5,2
2026-07-06 00:07:00+00:00,1149.5,1149.5,1149.5,1149.5,4
2026-07-06 00:12:00+00:00,1160.5,1160.5,1160.5,1160.5,1
2026-07-06 00:13:00+00:00,1147.5,1147.5,1147.5,1147.5,3
2026-07-06 00:13:00+00:00,1160.5,1161.0,1160.5,1161.0,3
2026-07-06 00:14:00+00:00,1160.0,1160.0,1160.0,1160.0,2
2026-07-06 00:24:00+00:00,1161.5,1161.5,1161.5,1161.5,1
2026-07-06 00:26:00+00:00,1161.0,1161.0,1161.0,1161.0,2
2026-07-06 00:26:00+00:00,1149.0,1149.0,1149.0,1149.0,5
2026-07-06 00:33:00+00:00,1161.0,1161.0,1161.0,1161.0,1
2026-07-06 00:49:00+00:00,1161.0,1161.0,1161.0,1161.0,1
2026-07-06 01:06:00+00:00,1162.5,1162.5,1162.5,1162.5,2
2026-07-06 01:07:00+00:00,1162.5,1162.5,1162.5,1162.5,2
2026-07-06 01:11:00+00:00,1150.5,1150.5,1150.5,1150.5,2
2026-07-06 01:12:00+00:00,1150.5,1150.5,1150.5,1150.5,1
2026-07-06 01:14:00+00:00,1164.0,1165.0,1164.0,1165.0,7
2026-07-06 01:14:00+00:00,1151.5,1151.5,1151.5,1151.5,2
2026-07-06 01:15:00+00:00,-12.0,-12.0,-12.0,-12.0,2
2026-07-06 01:15:00+00:00,1165.5,1165.5,1165.5,1165.5,2
2026-07-06 01:15:00+00:00,1153.5,1153.5,1153.5,1153.5,2
2026-07-06 01:19:00+00:00,1154.5,1155.0,1154.5,1155.0,4
2026-07-06 01:19:00+00:00,1180.0,1180.0,1180.0,1180.0,2
2026-07-06 01:19:00+00:00,1166.0,1166.0,1166.0,1166.0,14
2026-07-06 01:19:00+00:00,-14.0,-14.0,-14.0,-14.0,2
2026-07-06 01:20:00+00:00,1166.0,1166.0,1166.0,1166.0,2
2026-07-06 01:23:00+00:00,1153.0,1153.0,1153.0,1153.0,2
2026-07-06 01:25:00+00:00,1165.0,1165.0,1165.0,1165.0,4
2026-07-06 01:28:00+00:00,1166.0,1166.0,1166.0,1166.0,2
2026-07-06 01:30:00+00:00,1154.5,1154.5,1154.5,1154.5,3
2026-07-06 01:30:00+00:00,1166.0,1166.0,1166.0,1166.0,2
2026-07-06 01:30:00+00:00,1154.0,1154.0,1154.0,1154.0,11
2026-07-06 01:30:00+00:00,0.5,0.5,0.5,0.5,3
2026-07-06 01:30:00+00:00,-12.0,-12.0,-12.0,-12.0,2
2026-07-06 01:35:00+00:00,1167.5,1167.5,1167.0,1167.0,4
2026-07-06 01:36:00+00:00,1167.5,1167.5,1167.5,1167.5,2
2026-07-06 01:37:00+00:00,1155.5,1155.5,1155.5,1155.5,2
2026-07-06 01:37:00+00:00,1155.0,1155.0,1155.0,1155.0,2
2026-07-06 01:38:00+00:00,1155.0,1155.0,1155.0,1155.0,2
2026-07-06 01:39:00+00:00,1155.5,1155.5,1155.5,1155.5,4
2026-07-06 01:40:00+00:00,1156.0,1156.0,1156.0,1156.0,2
2026-07-06 01:42:00+00:00,1167.5,1167.5,1167.5,1167.5,1
2026-07-06 01:45:00+00:00,1156.5,1156.5,1156.5,1156.5,1
2026-07-06 01:48:00+00:00,1167.5,1167.5,1167.5,1167.5,1
2026-07-06 01:48:00+00:00,1155.0,1155.0,1155.0,1155.0,1
2026-07-06 01:51:00+00:00,1156.5,1156.5,1156.5,1156.5,1
2026-07-06 01:52:00+00:00,1168.5,1168.5,1168.5,1168.5,2
2026-07-06 01:54:00+00:00,1156.0,1156.0,1156.0,1156.0,2
2026-07-06 01:56:00+00:00,1156.0,1156.0,1156.0,1156.0,2
2026-07-06 01:57:00+00:00,1168.0,1168.0,1168.0,1168.0,1
2026-07-06 02:01:00+00:00,1156.5,1156.5,1156.5,1156.5,2
2026-07-06 02:04:00+00:00,1157.0,1157.0,1157.0,1157.0,2
2026-07-06 02:05:00+00:00,1157.0,1157.0,1157.0,1157.0,2
2026-07-06 02:06:00+00:00,1157.5,1157.5,1157.5,1157.5,2
2026-07-06 02:07:00+00:00,1157.5,1157.5,1157.5,1157.5,2
2026-07-06 02:07:00+00:00,1157.5,1157.5,1157.5,1157.5,4
2026-07-06 02:07:00+00:00,1169.5,1169.5,1169.5,1169.5,2
2026-07-06 02:09:00+00:00,1169.0,1169.0,1169.0,1169.0,2
2026-07-06 02:11:00+00:00,1157.5,1157.5,1157.5,1157.5,2
2026-07-06 02:14:00+00:00,1170.0,1170.0,1170.0,1170.0,1
2026-07-06 02:36:00+00:00,1157.5,1157.5,1157.5,1157.5,1
2026-07-06 02:38:00+00:00,1158.5,1158.5,1158.5,1158.5,4
2026-07-06 02:39:00+00:00,1158.0,1158.0,1158.0,1158.0,1
2026-07-06 02:40:00+00:00,1171.0,1171.0,1171.0,1171.0,1
2026-07-06 02:40:00+00:00,-12.5,-12.5,-12.5,-12.5,1
2026-07-06 02:40:00+00:00,1158.5,1158.5,1158.5,1158.5,1
2026-07-06 02:42:00+00:00,1158.5,1158.5,1158.5,1158.5,2
2026-07-06 02:44:00+00:00,1158.0,1158.0,1158.0,1158.0,2
2026-07-06 02:48:00+00:00,1158.0,1158.0,1158.0,1158.0,2
2026-07-06 03:06:00+00:00,1169.5,1169.5,1169.5,1169.5,2
2026-07-06 03:32:00+00:00,1156.5,1156.5,1156.5,1156.5,4
2026-07-06 03:39:00+00:00,1156.0,1156.0,1156.0,1156.0,2
2026-07-06 03:39:00+00:00,1168.0,1168.0,1168.0,1168.0,2
2026-07-06 03:39:00+00:00,1155.5,1155.5,1155.5,1155.5,2
2026-07-06 03:42:00+00:00,1155.0,1155.0,1155.0,1155.0,2
2026-07-06 03:42:00+00:00,1154.5,1154.5,1154.5,1154.5,2
2026-07-06 03:44:00+00:00,1167.0,1167.0,1167.0,1167.0,2
2026-07-06 03:49:00+00:00,0.5,0.5,0.5,0.5,2
2026-07-06 03:49:00+00:00,1155.5,1155.5,1155.5,1155.5,2
2026-07-06 03:49:00+00:00,1156.0,1156.0,1156.0,1156.0,4
2026-07-06 03:51:00+00:00,1156.0,1156.0,1156.0,1156.0,2
2026-07-06 03:51:00+00:00,1155.5,1155.5,1155.5,1155.5,1
2026-07-06 03:52:00+00:00,1155.5,1155.5,1155.5,1155.5,1
2026-07-06 03:53:00+00:00,1167.5,1167.5,1167.5,1167.5,2
2026-07-06 03:58:00+00:00,1167.5,1167.5,1167.5,1167.5,2
2026-07-06 03:59:00+00:00,1168.0,1168.0,1168.0,1168.0,2
2026-07-06 04:46:00+00:00,1156.5,1156.5,1156.5,1156.5,11
2026-07-06 05:25:00+00:00,1157.5,1157.5,1157.5,1157.5,1
2026-07-06 05:31:00+00:00,1170.0,1170.0,1170.0,1170.0,6
2026-07-06 05:31:00+00:00,1158.0,1158.0,1158.0,1158.0,2
2026-07-06 05:31:00+00:00,1158.5,1158.5,1158.5,1158.5,2
2026-07-06 05:32:00+00:00,1171.0,1171.0,1171.0,1171.0,2
2026-07-06 05:33:00+00:00,1159.0,1159.0,1159.0,1159.0,2
2026-07-06 05:33:00+00:00,1158.5,1158.5,1158.5,1158.5,2
2026-07-06 05:55:00+00:00,1171.0,1171.0,1171.0,1171.0,1
2026-07-06 06:04:00+00:00,1171.5,1171.5,1171.5,1171.5,2
2026-07-06 06:10:00+00:00,1172.0,1172.0,1172.0,1172.0,4
2026-07-06 06:15:00+00:00,1172.0,1172.0,1172.0,1172.0,1
2026-07-06 06:20:00+00:00,1172.0,1172.0,1172.0,1172.0,1
2026-07-06 06:24:00+00:00,1171.5,1171.5,1171.5,1171.5,1
2026-07-06 06:33:00+00:00,1159.0,1159.0,1159.0,1159.0,1
2026-07-06 06:44:00+00:00,1157.5,1157.5,1157.5,1157.5,1
2026-07-06 07:06:00+00:00,1157.0,1157.0,1157.0,1157.0,3
2026-07-06 07:07:00+00:00,1169.0,1170.0,1168.0,1169.5,81
2026-07-06 07:07:00+00:00,1156.5,1157.0,1156.5,1157.0,26
2026-07-06 07:07:00+00:00,1156.5,1157.0,1156.5,1157.0,8
2026-07-06 07:07:00+00:00,-12.5,-12.5,-13.0,-12.5,16
2026-07-06 07:09:00+00:00,1170.0,1170.0,1170.0,1170.0,2
2026-07-06 07:16:00+00:00,1172.0,1172.0,1172.0,1172.0,3
2026-07-06 07:24:00+00:00,1173.0,1173.0,1173.0,1173.0,1
2026-07-06 07:37:00+00:00,1160.0,1160.0,1160.0,1160.0,3
2026-07-06 07:41:00+00:00,1159.5,1159.5,1159.5,1159.5,2
2026-07-06 07:50:00+00:00,1160.5,1160.5,1160.5,1160.5,2
2026-07-06 07:51:00+00:00,1161.0,1161.5,1161.0,1161.5,2
2026-07-06 07:51:00+00:00,1173.5,1173.5,1173.5,1173.5,1
2026-07-06 08:03:00+00:00,1176.0,1176.5,1176.0,1176.5,14
2026-07-06 08:03:00+00:00,-12.5,-12.5,-12.5,-12.5,10
2026-07-06 08:03:00+00:00,1163.5,1164.0,1163.5,1164.0,22
2026-07-06 08:04:00+00:00,1164.0,1164.0,1164.0,1164.0,2
2026-07-06 08:05:00+00:00,1164.0,1164.0,1163.5,1163.5,2
2026-07-06 08:21:00+00:00,1163.5,1163.5,1163.5,1163.5,2
2026-07-06 08:21:00+00:00,1163.5,1164.0,1163.5,1164.0,4
2026-07-06 08:22:00+00:00,1164.5,1164.5,1164.5,1164.5,2
2026-07-06 08:23:00+00:00,1177.0,1177.0,1177.0,1177.0,1
2026-07-06 08:26:00+00:00,1166.0,1166.0,1166.0,1166.0,20
2026-07-06 08:26:00+00:00,1177.5,1178.5,1177.5,1178.5,6
2026-07-06 08:26:00+00:00,1165.0,1166.0,1165.0,1166.0,4
2026-07-06 08:27:00+00:00,1166.0,1166.0,1166.0,1166.0,4
2026-07-06 08:27:00+00:00,1166.0,1166.0,1166.0,1166.0,1
2026-07-06 08:27:00+00:00,1178.5,1178.5,1178.5,1178.5,1
2026-07-06 08:28:00+00:00,1166.0,1166.0,1166.0,1166.0,3
2026-07-06 08:28:00+00:00,1178.5,1178.5,1178.5,1178.5,3
2026-07-06 08:28:00+00:00,1166.0,1166.5,1166.0,1166.5,5
2026-07-06 08:30:00+00:00,1165.0,1165.0,1165.0,1165.0,2
2026-07-06 08:32:00+00:00,1164.5,1164.5,1163.0,1163.0,4
2026-07-06 08:32:00+00:00,1164.5,1164.5,1163.0,1163.0,16
2026-07-06 08:33:00+00:00,1163.0,1163.0,1163.0,1163.0,2
2026-07-06 08:33:00+00:00,1175.5,1175.5,1175.5,1175.5,2
2026-07-06 08:33:00+00:00,-12.5,-12.5,-12.5,-12.5,2
2026-07-06 08:35:00+00:00,1175.5,1175.5,1175.5,1175.5,1
2026-07-06 08:41:00+00:00,1176.0,1176.5,1176.0,1176.5,4
2026-07-06 08:43:00+00:00,1164.5,1164.5,1164.5,1164.5,2
2026-07-06 08:43:00+00:00,1176.5,1176.5,1176.5,1176.5,3
2026-07-06 08:54:00+00:00,1165.5,1165.5,1165.5,1165.5,4
2026-07-06 08:54:00+00:00,1177.5,1178.0,1177.5,1178.0,13
2026-07-06 08:54:00+00:00,-12.5,-12.5,-12.5,-12.5,2
2026-07-06 08:54:00+00:00,1165.0,1165.5,1165.0,1165.5,6
2026-07-06 08:55:00+00:00,1178.0,1178.5,1178.0,1178.5,8
2026-07-06 08:57:00+00:00,1165.5,1165.5,1165.5,1165.5,4
2026-07-06 09:01:00+00:00,1167.0,1167.0,1167.0,1167.0,2
2026-07-06 09:02:00+00:00,1180.0,1180.0,1180.0,1180.0,2
2026-07-06 09:02:00+00:00,-12.5,-12.5,-12.5,-12.5,2
2026-07-06 09:02:00+00:00,1167.5,1167.5,1167.5,1167.5,2
2026-07-06 09:11:00+00:00,1181.0,1181.0,1181.0,1181.0,2
2026-07-06 09:11:00+00:00,1168.5,1168.5,1168.5,1168.5,6
2026-07-06 09:12:00+00:00,1168.5,1168.5,1168.5,1168.5,1
2026-07-06 09:13:00+00:00,1169.0,1169.0,1169.0,1169.0,1
2026-07-06 09:14:00+00:00,1182.0,1182.0,1182.0,1182.0,1
2026-07-06 09:14:00+00:00,1169.5,1169.5,1169.5,1169.5,6
2026-07-06 09:17:00+00:00,1181.5,1181.5,1181.5,1181.5,2
2026-07-06 09:21:00+00:00,1181.5,1181.5,1181.5,1181.5,3
2026-07-06 09:24:00+00:00,1168.0,1168.0,1168.0,1168.0,1
2026-07-06 09:25:00+00:00,1181.0,1181.0,1181.0,1181.0,2
2026-07-06 09:26:00+00:00,1180.5,1180.5,1180.5,1180.5,1
2026-07-06 09:28:00+00:00,1182.0,1182.0,1182.0,1182.0,1
2026-07-06 09:40:00+00:00,-13.0,-13.0,-13.0,-13.0,4
2026-07-06 09:40:00+00:00,1169.0,1169.0,1169.0,1169.0,10
2026-07-06 09:40:00+00:00,1182.0,1182.0,1182.0,1182.0,4
2026-07-06 09:46:00+00:00,1170.0,1170.0,1170.0,1170.0,3
2026-07-06 09:53:00+00:00,1182.5,1182.5,1182.5,1182.5,2
2026-07-06 09:53:00+00:00,1169.5,1169.5,1169.5,1169.5,2
2026-07-06 10:01:00+00:00,1168.5,1168.5,1168.5,1168.5,2
2026-07-06 10:01:00+00:00,1168.5,1168.5,1168.5,1168.5,2
2026-07-06 10:04:00+00:00,1168.0,1168.0,1168.0,1168.0,1
2026-07-06 10:06:00+00:00,1168.5,1168.5,1168.5,1168.5,1
2026-07-06 10:08:00+00:00,1168.5,1168.5,1168.5,1168.5,2
2026-07-06 10:16:00+00:00,1180.5,1180.5,1180.5,1180.5,1
2026-07-06 10:17:00+00:00,1168.0,1168.0,1168.0,1168.0,2
2026-07-06 10:17:00+00:00,1181.5,1181.5,1181.5,1181.5,1
2026-07-06 10:23:00+00:00,1168.0,1168.0,1168.0,1168.0,2
2026-07-06 10:27:00+00:00,1182.0,1182.0,1182.0,1182.0,2
2026-07-06 10:31:00+00:00,1169.0,1169.0,1169.0,1169.0,4
2026-07-06 10:40:00+00:00,1168.0,1168.0,1168.0,1168.0,3
2026-07-06 10:42:00+00:00,1167.5,1167.5,1167.5,1167.5,2
2026-07-06 10:50:00+00:00,1166.0,1166.0,1166.0,1166.0,2
2026-07-06 10:50:00+00:00,1166.5,1166.5,1166.5,1166.5,4
2026-07-06 11:00:00+00:00,1180.5,1180.5,1180.5,1180.5,2
2026-07-06 11:05:00+00:00,1166.5,1166.5,1166.5,1166.5,1
2026-07-06 11:14:00+00:00,1167.0,1167.0,1167.0,1167.0,1
2026-07-06 11:15:00+00:00,1180.5,1180.5,1180.5,1180.5,1
2026-07-06 11:35:00+00:00,1182.0,1182.0,1182.0,1182.0,3
2026-07-06 11:47:00+00:00,1167.0,1167.0,1167.0,1167.0,1
2026-07-06 11:50:00+00:00,1181.5,1181.5,1181.5,1181.5,2
2026-07-06 11:59:00+00:00,1182.0,1182.0,1182.0,1182.0,2
2026-07-06 12:00:00+00:00,1181.5,1181.5,1181.5,1181.5,2
2026-07-06 12:03:00+00:00,1181.5,1181.5,1181.5,1181.5,4
2026-07-06 12:03:00+00:00,-13.5,-13.5,-13.5,-13.5,2
2026-07-06 12:03:00+00:00,1168.0,1168.0,1168.0,1168.0,2
2026-07-06 12:04:00+00:00,1182.0,1182.0,1182.0,1182.0,2
2026-07-06 12:06:00+00:00,1182.0,1182.0,1182.0,1182.0,2
2026-07-06 12:07:00+00:00,1196.5,1196.5,1196.5,1196.5,2
2026-07-06 12:07:00+00:00,1182.5,1182.5,1182.5,1182.5,4
2026-07-06 12:07:00+00:00,-14.0,-14.0,-14.0,-14.0,2
2026-07-06 12:20:00+00:00,1166.0,1166.0,1166.0,1166.0,2
2026-07-06 12:23:00+00:00,1165.5,1165.5,1165.5,1165.5,1
2026-07-06 12:28:00+00:00,1166.5,1166.5,1166.5,1166.5,1
2026-07-06 12:30:00+00:00,1165.0,1165.0,1165.0,1165.0,2
2026-07-06 12:34:00+00:00,-13.5,-13.5,-13.5,-13.5,3
2026-07-06 12:34:00+00:00,1167.5,1167.5,1167.5,1167.5,3
2026-07-06 12:34:00+00:00,1181.0,1181.0,1181.0,1181.0,5
2026-07-06 13:30:00+00:00,1170.5,1170.5,1165.0,1165.0,3
2026-07-06 13:33:00+00:00,1167.0,1167.0,1167.0,1167.0,2
2026-07-06 13:34:00+00:00,1164.0,1164.0,1163.5,1163.5,2
2026-07-06 13:36:00+00:00,1163.0,1163.0,1163.0,1163.0,14
2026-07-06 13:37:00+00:00,1166.5,1166.5,1166.5,1166.5,2
2026-07-06 13:38:00+00:00,1164.5,1164.5,1164.5,1164.5,1
2026-07-06 13:39:00+00:00,1164.0,1165.5,1164.0,1165.5,2
2026-07-06 13:40:00+00:00,1169.0,1169.0,1169.0,1169.0,1
2026-07-06 13:47:00+00:00,1169.0,1169.0,1169.0,1169.0,2
2026-07-06 13:50:00+00:00,1167.0,1167.0,1167.0,1167.0,2
2026-07-06 13:53:00+00:00,1171.0,1171.0,1171.0,1171.0,2
2026-07-06 13:53:00+00:00,-14.0,-14.0,-14.0,-14.0,2
2026-07-06 13:53:00+00:00,1185.0,1185.0,1185.0,1185.0,5
2026-07-06 13:54:00+00:00,1186.0,1186.0,1186.0,1186.0,2
2026-07-06 13:55:00+00:00,1172.5,1172.5,1172.5,1172.5,2
2026-07-06 13:57:00+00:00,1171.5,1171.5,1171.5,1171.5,1
2026-07-06 13:58:00+00:00,1186.0,1186.0,1186.0,1186.0,1
2026-07-06 13:59:00+00:00,1169.5,1169.5,1169.5,1169.5,5
2026-07-06 14:01:00+00:00,1171.0,1171.0,1171.0,1171.0,2
2026-07-06 14:02:00+00:00,1171.0,1171.0,1171.0,1171.0,2
2026-07-06 14:04:00+00:00,1171.0,1171.0,1171.0,1171.0,2
2026-07-06 14:12:00+00:00,1170.0,1170.0,1170.0,1170.0,1
2026-07-06 14:13:00+00:00,1170.0,1170.0,1170.0,1170.0,1
2026-07-06 14:15:00+00:00,1171.0,1171.0,1171.0,1171.0,1
2026-07-06 14:15:00+00:00,1188.0,1188.0,1188.0,1188.0,5
2026-07-06 14:15:00+00:00,1201.5,1201.5,1201.5,1201.5,1
2026-07-06 14:15:00+00:00,-30.5,-30.5,-30.5,-30.5,1
2026-07-06 14:17:00+00:00,1175.0,1175.0,1175.0,1175.0,1
2026-07-06 14:18:00+00:00,1173.0,1173.0,1173.0,1173.0,3
2026-07-06 14:19:00+00:00,1173.0,1173.0,1173.0,1173.0,1
2026-07-06 14:21:00+00:00,1190.0,1190.0,1190.0,1190.0,1
2026-07-06 14:26:00+00:00,1172.0,1172.0,1172.0,1172.0,5
2026-07-06 14:26:00+00:00,1174.0,1174.0,1174.0,1174.0,1
2026-07-06 14:27:00+00:00,1174.5,1174.5,1174.5,1174.5,2
2026-07-06 14:29:00+00:00,1187.5,1187.5,1187.5,1187.5,2
2026-07-06 14:29:00+00:00,1172.0,1172.0,1172.0,1172.0,1
2026-07-06 14:29:00+00:00,1173.5,1173.5,1173.5,1173.5,2
2026-07-06 14:32:00+00:00,1173.5,1173.5,1173.5,1173.5,2
2026-07-06 14:33:00+00:00,1171.5,1171.5,1171.5,1171.5,6
2026-07-06 14:35:00+00:00,1174.5,1174.5,1174.5,1174.5,2
2026-07-06 14:36:00+00:00,1174.5,1174.5,1174.5,1174.5,2
2026-07-06 14:36:00+00:00,1189.0,1189.0,1189.0,1189.0,2
2026-07-06 14:46:00+00:00,1174.5,1174.5,1174.5,1174.5,1
2026-07-06 14:49:00+00:00,1174.0,1174.0,1174.0,1174.0,3
2026-07-06 14:54:00+00:00,1174.0,1174.0,1174.0,1174.0,1
2026-07-06 14:55:00+00:00,1190.0,1190.0,1190.0,1190.0,2
2026-07-06 14:57:00+00:00,1176.5,1176.5,1176.5,1176.5,2
2026-07-06 14:57:00+00:00,1190.5,1190.5,1190.5,1190.5,2
2026-07-06 14:58:00+00:00,1192.0,1192.0,1192.0,1192.0,3
2026-07-06 14:59:00+00:00,1192.5,1192.5,1192.5,1192.5,1
2026-07-06 15:00:00+00:00,1177.0,1177.0,1176.5,1176.5,3
2026-07-06 15:04:00+00:00,1177.5,1178.0,1177.5,1178.0,5
2026-07-06 15:05:00+00:00,1191.0,1191.0,1191.0,1191.0,1
2026-07-06 15:06:00+00:00,1178.0,1178.0,1178.0,1178.0,1
2026-07-06 15:11:00+00:00,1191.5,1191.5,1191.5,1191.5,1
2026-07-06 15:12:00+00:00,1191.5,1191.5,1191.5,1191.5,2
2026-07-06 15:17:00+00:00,-13.5,-13.5,-13.5,-13.5,2
2026-07-06 15:17:00+00:00,1178.5,1178.5,1178.5,1178.5,2
2026-07-06 15:17:00+00:00,1192.0,1192.0,1192.0,1192.0,2
2026-07-06 15:18:00+00:00,1179.0,1179.5,1179.0,1179.5,2
2026-07-06 15:19:00+00:00,1180.0,1180.0,1180.0,1180.0,2
2026-07-06 15:20:00+00:00,1193.5,1193.5,1193.5,1193.5,1
2026-07-06 15:23:00+00:00,1179.5,1179.5,1179.5,1179.5,2
2026-07-06 15:26:00+00:00,1193.0,1193.0,1193.0,1193.0,2
2026-07-06 15:27:00+00:00,1193.5,1193.5,1193.5,1193.5,1
2026-07-06 15:29:00+00:00,1182.0,1182.0,1182.0,1182.0,3
2026-07-06 15:30:00+00:00,1194.0,1194.0,1194.0,1194.0,1
2026-07-06 15:32:00+00:00,1182.5,1182.5,1182.5,1182.5,2
2026-07-06 15:32:00+00:00,1182.0,1183.0,1182.0,1183.0,3
2026-07-06 15:33:00+00:00,1183.0,1183.5,1183.0,1183.5,4
2026-07-06 15:33:00+00:00,1196.0,1196.0,1196.0,1196.0,4
2026-07-06 15:33:00+00:00,-12.5,-12.5,-12.5,-12.5,2
2026-07-06 15:34:00+00:00,1195.5,1195.5,1195.5,1195.5,5
2026-07-06 15:34:00+00:00,-12.5,-12.5,-12.5,-12.5,1
2026-07-06 15:34:00+00:00,1183.0,1183.0,1183.0,1183.0,1
2026-07-06 15:34:00+00:00,1183.0,1183.0,1183.0,1183.0,5
2026-07-06 15:36:00+00:00,1195.5,1195.5,1195.5,1195.5,1
2026-07-06 15:39:00+00:00,1183.5,1183.5,1183.5,1183.5,1
2026-07-06 15:44:00+00:00,1184.0,1184.0,1184.0,1184.0,1
2026-07-06 15:48:00+00:00,1184.5,1184.5,1184.5,1184.5,2
2026-07-06 15:50:00+00:00,1184.0,1184.5,1184.0,1184.5,2
2026-07-06 15:57:00+00:00,1196.5,1196.5,1196.5,1196.5,3
2026-07-06 16:01:00+00:00,1182.5,1182.5,1182.5,1182.5,1
2026-07-06 16:01:00+00:00,1184.0,1184.0,1184.0,1184.0,2
2026-07-06 16:02:00+00:00,1194.5,1194.5,1194.0,1194.0,2
2026-07-06 16:03:00+00:00,1194.0,1194.0,1194.0,1194.0,2
2026-07-06 16:03:00+00:00,1182.0,1182.0,1182.0,1182.0,1
2026-07-06 16:04:00+00:00,1181.5,1181.5,1181.0,1181.0,3
2026-07-06 16:04:00+00:00,1193.0,1193.0,1192.5,1192.5,3
2026-07-06 16:04:00+00:00,-12.0,-12.0,-12.0,-12.0,1
2026-07-06 16:08:00+00:00,1183.0,1183.0,1183.0,1183.0,2
2026-07-06 16:08:00+00:00,1181.5,1181.5,1181.5,1181.5,2
2026-07-06 16:10:00+00:00,1181.0,1181.0,1181.0,1181.0,2
2026-07-06 16:10:00+00:00,1183.5,1183.5,1183.5,1183.5,1
2026-07-06 16:10:00+00:00,1194.0,1194.0,1194.0,1194.0,1
2026-07-06 16:11:00+00:00,1193.5,1193.5,1193.5,1193.5,1
2026-07-06 16:11:00+00:00,1182.0,1182.0,1182.0,1182.0,1
2026-07-06 16:16:00+00:00,1182.0,1182.0,1182.0,1182.0,3
2026-07-06 16:16:00+00:00,1180.0,1180.0,1180.0,1180.0,2
2026-07-06 16:19:00+00:00,1191.0,1191.0,1191.0,1191.0,1
2026-07-06 16:21:00+00:00,1180.0,1180.0,1180.0,1180.0,1
2026-07-06 16:29:00+00:00,1180.0,1180.0,1180.0,1180.0,2
2026-07-06 16:32:00+00:00,1191.0,1191.0,1191.0,1191.0,3
2026-07-06 16:33:00+00:00,1.5,1.5,1.5,1.5,1
2026-07-06 16:33:00+00:00,1179.0,1179.0,1179.0,1179.0,5
2026-07-06 16:33:00+00:00,1177.5,1177.5,1177.5,1177.5,1
2026-07-06 16:38:00+00:00,1178.0,1178.0,1178.0,1178.0,1
2026-07-06 16:45:00+00:00,1179.0,1179.0,1179.0,1179.0,1
2026-07-06 16:46:00+00:00,1192.0,1192.0,1192.0,1192.0,1
2026-07-06 16:47:00+00:00,1180.5,1180.5,1180.5,1180.5,2
2026-07-06 16:53:00+00:00,1180.0,1180.0,1180.0,1180.0,2
2026-07-06 16:56:00+00:00,1179.0,1179.0,1179.0,1179.0,1
2026-07-06 17:00:00+00:00,1179.0,1179.0,1179.0,1179.0,2
2026-07-06 17:00:00+00:00,1181.0,1181.0,1181.0,1181.0,2
2026-07-06 17:10:00+00:00,1180.5,1180.5,1180.5,1180.5,2
2026-07-06 17:14:00+00:00,1183.0,1183.0,1183.0,1183.0,2
2026-07-06 17:16:00+00:00,1191.0,1191.0,1191.0,1191.0,1
2026-07-06 17:20:00+00:00,1193.0,1193.0,1193.0,1193.0,1
2026-07-06 17:24:00+00:00,1192.5,1192.5,1192.5,1192.5,1
2026-07-06 17:26:00+00:00,1193.0,1193.0,1193.0,1193.0,1
2026-07-06 17:38:00+00:00,1194.5,1194.5,1194.5,1194.5,1
2026-07-06 17:38:00+00:00,1186.0,1186.0,1186.0,1186.0,4
2026-07-06 17:40:00+00:00,1184.0,1184.0,1184.0,1184.0,2
2026-07-06 17:46:00+00:00,1185.5,1185.5,1185.5,1185.5,2
2026-07-06 17:54:00+00:00,1186.0,1186.0,1186.0,1186.0,2
2026-07-06 17:56:00+00:00,1181.0,1181.0,1181.0,1181.0,100
2026-07-06 17:59:00+00:00,1192.5,1192.5,1192.5,1192.5,2
2026-07-06 17:59:00+00:00,1181.0,1181.0,1181.0,1181.0,3
2026-07-06 18:00:00+00:00,1181.0,1181.0,1181.0,1181.0,54
2026-07-06 18:01:00+00:00,1181.0,1181.0,1181.0,1181.0,44
2026-07-06 18:02:00+00:00,1193.0,1193.0,1193.0,1193.0,1
2026-07-06 18:04:00+00:00,1182.5,1182.5,1182.5,1182.5,1
2026-07-06 18:05:00+00:00,1193.0,1193.5,1193.0,1193.5,2
2026-07-06 18:06:00+00:00,1185.5,1185.5,1185.5,1185.5,4
2026-07-06 18:12:00+00:00,1194.5,1194.5,1194.5,1194.5,2
2026-07-06 18:14:00+00:00,1181.5,1181.5,1180.5,1180.5,6
2026-07-06 18:15:00+00:00,1180.5,1180.5,1180.5,1180.5,2
2026-07-06 18:16:00+00:00,1183.0,1183.0,1183.0,1183.0,3
2026-07-06 18:16:00+00:00,1180.5,1181.0,1180.5,1181.0,2
2026-07-06 18:17:00+00:00,1180.5,1180.5,1180.5,1180.5,2
2026-07-06 18:19:00+00:00,1183.5,1183.5,1183.5,1183.5,1
2026-07-07 00:00:00+00:00,1182.5,1183.5,1182.0,1182.0,11
2026-07-07 00:00:00+00:00,1191.5,1192.0,1191.5,1192.0,3
2026-07-07 00:00:00+00:00,3.0,3.0,2.0,2.0,3
2026-07-07 00:00:00+00:00,1180.0,1180.0,1180.0,1180.0,3
2026-07-07 00:02:00+00:00,1190.0,1190.0,1190.0,1190.0,2
2026-07-07 00:24:00+00:00,1190.5,1190.5,1190.5,1190.5,1
2026-07-07 00:32:00+00:00,1180.5,1180.5,1180.5,1180.5,2
2026-07-07 00:41:00+00:00,1184.5,1184.5,1184.5,1184.5,1
2026-07-07 01:01:00+00:00,1180.0,1180.0,1180.0,1180.0,1
2026-07-07 01:07:00+00:00,1192.0,1192.0,1192.0,1192.0,1
2026-07-07 01:09:00+00:00,1180.5,1180.5,1180.5,1180.5,2
2026-07-07 01:12:00+00:00,1181.5,1181.5,1181.5,1181.5,4
2026-07-07 01:18:00+00:00,1193.5,1193.5,1193.5,1193.5,2
2026-07-07 01:26:00+00:00,1185.0,1185.0,1185.0,1185.0,1
2026-07-07 01:33:00+00:00,1186.0,1186.0,1186.0,1186.0,2
2026-07-07 01:36:00+00:00,1194.5,1194.5,1194.5,1194.5,1
2026-07-07 01:40:00+00:00,1184.0,1184.0,1184.0,1184.0,2
2026-07-07 01:44:00+00:00,1184.5,1184.5,1184.5,1184.5,1
2026-07-07 01:45:00+00:00,1196.0,1196.0,1196.0,1196.0,1
2026-07-07 01:45:00+00:00,1184.5,1184.5,1184.5,1184.5,1
2026-07-07 01:51:00+00:00,1186.0,1186.0,1186.0,1186.0,2
2026-07-07 01:56:00+00:00,1185.5,1185.5,1185.5,1185.5,1
2026-07-07 01:57:00+00:00,1196.5,1196.5,1196.5,1196.5,2
2026-07-07 01:58:00+00:00,1188.0,1188.0,1188.0,1188.0,1
2026-07-07 02:16:00+00:00,1184.5,1184.5,1184.5,1184.5,2
2026-07-07 02:17:00+00:00,1185.0,1185.0,1185.0,1185.0,2
2026-07-07 02:21:00+00:00,1188.0,1188.0,1188.0,1188.0,1
2026-07-07 02:37:00+00:00,1187.0,1187.0,1187.0,1187.0,1
2026-07-07 03:27:00+00:00,1193.0,1193.0,1193.0,1193.0,2
2026-07-07 03:43:00+00:00,1193.5,1193.5,1193.5,1193.5,2
2026-07-07 03:51:00+00:00,1183.5,1183.5,1183.5,1183.5,2
2026-07-07 03:51:00+00:00,1192.0,1192.0,1192.0,1192.0,2
2026-07-07 03:51:00+00:00,1180.5,1180.5,1180.5,1180.5,2
2026-07-07 03:53:00+00:00,1191.0,1191.0,1191.0,1191.0,3
2026-07-07 03:54:00+00:00,1182.5,1182.5,1182.5,1182.5,2
2026-07-07 03:56:00+00:00,1180.0,1180.0,1180.0,1180.0,1
2026-07-07 03:57:00+00:00,1191.0,1191.0,1191.0,1191.0,1
2026-07-07 04:00:00+00:00,1192.5,1192.5,1192.5,1192.5,1
2026-07-07 04:45:00+00:00,1181.0,1181.0,1181.0,1181.0,2
2026-07-07 04:45:00+00:00,1184.0,1184.0,1184.0,1184.0,2
2026-07-07 04:53:00+00:00,1181.0,1181.0,1181.0,1181.0,2
2026-07-07 04:53:00+00:00,1184.0,1184.0,1184.0,1184.0,2
2026-07-07 05:18:00+00:00,1192.5,1192.5,1192.0,1192.0,4
2026-07-07 05:18:00+00:00,1183.0,1183.0,1183.0,1183.0,2
2026-07-07 05:18:00+00:00,1180.0,1180.0,1180.0,1180.0,2
2026-07-07 05:19:00+00:00,1183.0,1183.0,1183.0,1183.0,2
2026-07-07 05:32:00+00:00,1180.5,1180.5,1180.5,1180.5,2
2026-07-07 05:43:00+00:00,1185.0,1185.0,1185.0,1185.0,2
2026-07-07 05:45:00+00:00,1185.0,1185.0,1185.0,1185.0,2
2026-07-07 05:51:00+00:00,1182.0,1182.0,1182.0,1182.0,4
2026-07-07 06:43:00+00:00,1185.5,1185.5,1185.5,1185.5,1
2026-07-07 06:53:00+00:00,1185.0,1185.0,1185.0,1185.0,1
2026-07-07 07:00:00+00:00,1192.5,1192.5,1192.5,1192.5,2
2026-07-07 07:00:00+00:00,1184.0,1184.0,1184.0,1184.0,4
2026-07-07 07:00:00+00:00,1181.0,1181.0,1181.0,1181.0,2
2026-07-07 07:02:00+00:00,1193.5,1193.5,1193.5,1193.5,1
2026-07-07 07:08:00+00:00,1194.5,1194.5,1194.5,1194.5,1
2026-07-07 07:14:00+00:00,1182.5,1182.5,1182.0,1182.0,4
2026-07-07 07:14:00+00:00,1194.5,1194.5,1194.5,1194.5,2
2026-07-07 07:14:00+00:00,1186.0,1186.0,1186.0,1186.0,2
2026-07-07 07:26:00+00:00,1187.0,1187.0,1187.0,1187.0,2
2026-07-07 07:27:00+00:00,1187.0,1187.0,1187.0,1187.0,2
2026-07-07 07:27:00+00:00,1196.0,1196.0,1196.0,1196.0,2
2026-07-07 07:27:00+00:00,1184.0,1184.5,1184.0,1184.5,4
2026-07-07 07:29:00+00:00,1187.5,1187.5,1187.5,1187.5,2
2026-07-07 07:32:00+00:00,1185.0,1185.0,1185.0,1185.0,2
2026-07-07 07:34:00+00:00,1185.0,1185.0,1185.0,1185.0,2
2026-07-07 07:35:00+00:00,1196.5,1196.5,1196.5,1196.5,1
2026-07-07 07:35:00+00:00,-12.0,-12.0,-12.0,-12.0,1
2026-07-07 07:35:00+00:00,1184.5,1184.5,1184.5,1184.5,1
2026-07-07 07:40:00+00:00,1188.5,1188.5,1188.5,1188.5,2
2026-07-07 07:41:00+00:00,1187.5,1187.5,1187.5,1187.5,2
2026-07-07 07:42:00+00:00,1197.0,1197.0,1197.0,1197.0,1
2026-07-07 07:48:00+00:00,1188.0,1188.0,1188.0,1188.0,1
2026-07-07 07:50:00+00:00,1209.5,1209.5,1209.5,1209.5,1
2026-07-07 07:52:00+00:00,1197.5,1197.5,1197.5,1197.5,2
2026-07-07 07:59:00+00:00,1187.0,1187.0,1187.0,1187.0,2
2026-07-07 07:59:00+00:00,1195.0,1195.0,1195.0,1195.0,1
2026-07-07 08:00:00+00:00,1186.5,1186.5,1186.0,1186.0,4
2026-07-07 08:18:00+00:00,1186.5,1186.5,1186.5,1186.5,4
2026-07-07 09:04:00+00:00,1195.5,1196.0,1195.5,1196.0,17
2026-07-07 09:04:00+00:00,1187.0,1187.0,1187.0,1187.0,2
2026-07-07 09:04:00+00:00,-12.0,-12.0,-12.0,-12.0,3
2026-07-07 09:04:00+00:00,1183.5,1183.5,1183.5,1183.5,4
2026-07-07 09:05:00+00:00,1184.5,1184.5,1184.5,1184.5,2
2026-07-07 09:11:00+00:00,1188.5,1189.0,1188.5,1188.5,6
2026-07-07 09:39:00+00:00,1187.5,1187.5,1187.5,1187.5,2
2026-07-07 09:39:00+00:00,1195.5,1195.5,1195.5,1195.5,2
2026-07-07 09:42:00+00:00,1186.0,1186.0,1186.0,1186.0,1
2026-07-07 09:43:00+00:00,1182.0,1182.0,1182.0,1182.0,1
2026-07-07 09:43:00+00:00,1194.0,1194.0,1194.0,1194.0,2
2026-07-07 09:44:00+00:00,1182.0,1182.0,1182.0,1182.0,1
2026-07-07 09:45:00+00:00,1185.5,1185.5,1185.5,1185.5,2
2026-07-07 09:48:00+00:00,1181.5,1181.5,1181.5,1181.5,1
2026-07-07 09:51:00+00:00,1187.0,1187.0,1187.0,1187.0,1
2026-07-07 10:00:00+00:00,1194.0,1194.0,1194.0,1194.0,2
2026-07-07 10:03:00+00:00,1186.0,1186.5,1186.0,1186.5,5
2026-07-07 10:12:00+00:00,1194.5,1194.5,1194.5,1194.5,2
2026-07-07 10:19:00+00:00,1195.0,1195.0,1195.0,1195.0,4
2026-07-07 10:34:00+00:00,1193.0,1193.0,1193.0,1193.0,2
2026-07-07 10:36:00+00:00,1193.0,1193.0,1193.0,1193.0,2
2026-07-07 10:51:00+00:00,1182.5,1182.5,1182.5,1182.5,1
2026-07-07 10:58:00+00:00,1194.5,1194.5,1194.5,1194.5,6
2026-07-07 10:58:00+00:00,1183.0,1183.0,1183.0,1183.0,1
2026-07-07 11:01:00+00:00,1196.0,1196.0,1196.0,1196.0,2
2026-07-07 11:01:00+00:00,1188.0,1188.0,1188.0,1188.0,4
2026-07-07 11:03:00+00:00,1195.5,1195.5,1195.5,1195.5,3
2026-07-07 11:08:00+00:00,1184.5,1184.5,1184.5,1184.5,1
2026-07-07 11:10:00+00:00,1196.0,1196.0,1196.0,1196.0,2
2026-07-07 11:21:00+00:00,1188.0,1188.0,1188.0,1188.0,2
2026-07-07 11:21:00+00:00,1184.5,1184.5,1184.5,1184.5,2
2026-07-07 11:22:00+00:00,1188.0,1188.0,1188.0,1188.0,2
2026-07-07 11:24:00+00:00,1184.5,1184.5,1184.5,1184.5,2
2026-07-07 11:38:00+00:00,1195.5,1195.5,1195.5,1195.5,2
2026-07-07 11:41:00+00:00,1195.5,1195.5,1195.5,1195.5,1
2026-07-07 11:52:00+00:00,1188.0,1188.0,1188.0,1188.0,1
2026-07-07 11:58:00+00:00,1185.5,1185.5,1185.5,1185.5,2
2026-07-07 12:04:00+00:00,1197.0,1197.0,1197.0,1197.0,1
2026-07-07 12:14:00+00:00,1195.0,1195.0,1195.0,1195.0,5
2026-07-07 12:16:00+00:00,1183.0,1183.0,1183.0,1183.0,1
2026-07-07 12:18:00+00:00,1184.0,1184.0,1184.0,1184.0,1
2026-07-07 12:22:00+00:00,1186.0,1186.0,1186.0,1186.0,2
2026-07-07 12:29:00+00:00,1187.0,1187.0,1187.0,1187.0,1
2026-07-07 13:30:00+00:00,1193.0,1195.5,1193.0,1195.5,22
2026-07-07 13:30:00+00:00,1186.0,1186.5,1186.0,1186.5,7
2026-07-07 13:31:00+00:00,1195.0,1195.0,1195.0,1195.0,1
2026-07-07 13:32:00+00:00,1194.5,1194.5,1193.5,1193.5,4
2026-07-07 13:35:00+00:00,1195.5,1195.5,1195.5,1195.5,1
2026-07-07 13:45:00+00:00,1192.0,1192.0,1192.0,1192.0,3
2026-07-07 13:46:00+00:00,1191.5,1192.5,1191.5,1192.5,5
2026-07-07 13:54:00+00:00,1180.5,1180.5,1180.5,1180.5,5
2026-07-07 13:58:00+00:00,1180.5,1180.5,1180.5,1180.5,1
2026-07-07 14:03:00+00:00,1191.0,1191.0,1191.0,1191.0,1
2026-07-07 14:03:00+00:00,1179.5,1179.5,1179.5,1179.5,6
2026-07-07 14:03:00+00:00,-11.5,-11.5,-11.5,-11.5,1
2026-07-07 14:07:00+00:00,1190.0,1190.0,1190.0,1190.0,1
2026-07-07 14:09:00+00:00,1190.5,1190.5,1190.5,1190.5,4
2026-07-07 14:16:00+00:00,1189.5,1189.5,1189.5,1189.5,1
2026-07-07 14:17:00+00:00,1188.5,1188.5,1188.5,1188.5,10
2026-07-07 14:17:00+00:00,1177.0,1177.0,1177.0,1177.0,2
2026-07-07 14:17:00+00:00,-11.5,-11.5,-11.5,-11.5,2
2026-07-07 14:21:00+00:00,1189.0,1189.0,1189.0,1189.0,2
2026-07-07 14:24:00+00:00,1178.5,1178.5,1178.5,1178.5,1
2026-07-07 14:25:00+00:00,1178.0,1178.0,1178.0,1178.0,1
2026-07-07 14:26:00+00:00,1189.0,1189.0,1189.0,1189.0,4
2026-07-07 14:27:00+00:00,1176.5,1176.5,1176.5,1176.5,2
2026-07-07 14:28:00+00:00,1189.0,1189.0,1189.0,1189.0,2
2026-07-07 14:58:00+00:00,1189.0,1189.0,1189.0,1189.0,2
2026-07-07 15:00:00+00:00,1189.5,1189.5,1189.0,1189.0,2
2026-07-07 15:02:00+00:00,1189.0,1189.0,1189.0,1189.0,2
2026-07-07 15:03:00+00:00,1189.0,1189.0,1189.0,1189.0,2
2026-07-07 15:06:00+00:00,1189.5,1189.5,1189.5,1189.5,1
2026-07-07 15:08:00+00:00,1189.5,1189.5,1189.5,1189.5,2
2026-07-07 15:10:00+00:00,1182.0,1182.0,1182.0,1182.0,6
2026-07-07 15:10:00+00:00,1190.5,1190.5,1190.0,1190.0,2
2026-07-07 15:10:00+00:00,-8.5,-8.5,-8.5,-8.5,1
2026-07-07 15:12:00+00:00,1190.0,1190.0,1190.0,1190.0,1
2026-07-07 15:16:00+00:00,1192.0,1192.0,1192.0,1192.0,1
2026-07-07 15:18:00+00:00,1192.0,1192.0,1192.0,1192.0,1
2026-07-07 15:21:00+00:00,1192.5,1192.5,1192.5,1192.5,1
2026-07-07 15:23:00+00:00,1180.5,1180.5,1180.5,1180.5,2
2026-07-07 15:23:00+00:00,1183.0,1184.0,1183.0,1184.0,6
2026-07-07 15:24:00+00:00,1191.0,1191.0,1191.0,1191.0,1
2026-07-07 15:27:00+00:00,1190.5,1190.5,1190.5,1190.5,2
2026-07-07 15:29:00+00:00,1190.5,1190.5,1190.5,1190.5,1
2026-07-07 15:30:00+00:00,1181.5,1181.5,1181.5,1181.5,5
2026-07-07 15:33:00+00:00,1184.0,1184.0,1184.0,1184.0,2
2026-07-07 15:33:00+00:00,1190.5,1190.5,1190.5,1190.5,2
2026-07-07 15:34:00+00:00,1190.5,1190.5,1190.5,1190.5,2
2026-07-07 15:38:00+00:00,1184.5,1184.5,1184.5,1184.5,1
2026-07-07 15:39:00+00:00,1191.0,1191.0,1191.0,1191.0,2
2026-07-07 15:43:00+00:00,1186.0,1186.0,1186.0,1186.0,5
2026-07-07 15:44:00+00:00,1186.5,1186.5,1186.5,1186.5,1
2026-07-07 15:44:00+00:00,1193.5,1193.5,1193.5,1193.5,1
2026-07-07 15:45:00+00:00,1193.0,1193.0,1193.0,1193.0,1
2026-07-07 15:47:00+00:00,1193.5,1193.5,1193.5,1193.5,2
2026-07-07 15:48:00+00:00,1194.0,1194.0,1194.0,1194.0,1
2026-07-07 15:50:00+00:00,1193.0,1193.0,1193.0,1193.0,1
2026-07-07 15:54:00+00:00,1193.5,1193.5,1193.5,1193.5,1
2026-07-07 15:55:00+00:00,1182.5,1182.5,1182.5,1182.5,1
2026-07-07 15:56:00+00:00,1193.0,1193.0,1193.0,1193.0,1
2026-07-07 15:59:00+00:00,1187.5,1187.5,1187.5,1187.5,9
2026-07-07 15:59:00+00:00,1181.5,1181.5,1181.5,1181.5,1
2026-07-07 15:59:00+00:00,6.0,6.0,6.0,6.0,1
2026-07-07 16:19:00+00:00,1189.5,1189.5,1189.5,1189.5,1
2026-07-07 16:32:00+00:00,1191.5,1191.5,1191.5,1191.5,1
2026-07-07 16:38:00+00:00,1191.5,1191.5,1191.5,1191.5,1
2026-07-07 16:38:00+00:00,1187.0,1187.0,1187.0,1187.0,2
2026-07-07 16:42:00+00:00,1180.5,1180.5,1180.5,1180.5,2
2026-07-07 16:51:00+00:00,1187.0,1187.0,1187.0,1187.0,1
2026-07-07 16:52:00+00:00,1182.0,1182.0,1182.0,1182.0,1
2026-07-07 16:56:00+00:00,1193.0,1193.0,1193.0,1193.0,1
2026-07-07 17:01:00+00:00,1194.5,1194.5,1194.5,1194.5,2
2026-07-07 17:04:00+00:00,1185.0,1185.0,1185.0,1185.0,1
2026-07-07 17:04:00+00:00,1196.5,1196.5,1196.5,1196.5,3
2026-07-07 17:07:00+00:00,1186.0,1186.0,1186.0,1186.0,3
2026-07-07 17:08:00+00:00,1197.5,1197.5,1197.5,1197.5,2
2026-07-07 17:31:00+00:00,1198.0,1198.0,1198.0,1198.0,2
2026-07-07 17:41:00+00:00,1193.0,1193.0,1193.0,1193.0,1
2026-07-07 17:45:00+00:00,1193.0,1193.0,1193.0,1193.0,5
2026-07-07 17:55:00+00:00,1192.0,1192.0,1192.0,1192.0,1
2026-07-07 17:55:00+00:00,1196.5,1196.5,1196.5,1196.5,3
2026-07-07 18:00:00+00:00,1196.5,1196.5,1196.5,1196.5,2
2026-07-07 18:03:00+00:00,1184.5,1184.5,1184.5,1184.5,1
2026-07-07 18:14:00+00:00,6.5,6.5,6.5,6.5,2
2026-07-07 18:15:00+00:00,1194.0,1194.0,1194.0,1194.0,3
2026-07-07 18:16:00+00:00,1194.0,1194.0,1194.0,1194.0,1
2026-07-07 18:16:00+00:00,1187.5,1187.5,1187.5,1187.5,3
2026-07-07 18:17:00+00:00,1192.5,1192.5,1192.5,1192.5,1
2026-07-07 18:18:00+00:00,1185.5,1185.5,1185.5,1185.5,1
2026-07-07 18:19:00+00:00,1196.5,1196.5,1196.5,1196.5,4
2026-07-08 00:01:00+00:00,1196.0,1196.0,1196.0,1196.0,2
2026-07-08 00:15:00+00:00,1187.5,1187.5,1187.5,1187.5,1
2026-07-08 00:16:00+00:00,1197.0,1197.0,1197.0,1197.0,5
2026-07-08 00:16:00+00:00,1188.5,1188.5,1188.5,1188.5,2
2026-07-08 00:18:00+00:00,1198.0,1198.0,1198.0,1198.0,1
2026-07-08 00:26:00+00:00,1196.5,1196.5,1196.5,1196.5,1
2026-07-08 00:31:00+00:00,1196.5,1196.5,1196.5,1196.5,4
2026-07-08 00:31:00+00:00,1195.0,1195.0,1195.0,1195.0,1
2026-07-08 00:42:00+00:00,1186.0,1186.0,1186.0,1186.0,1
2026-07-08 00:49:00+00:00,1186.0,1186.0,1186.0,1186.0,1
2026-07-08 00:49:00+00:00,1195.0,1195.0,1195.0,1195.0,4
2026-07-08 01:09:00+00:00,1185.0,1185.0,1185.0,1185.0,2
2026-07-08 01:14:00+00:00,1185.0,1185.0,1185.0,1185.0,2
2026-07-08 01:22:00+00:00,1184.5,1184.5,1184.5,1184.5,2
2026-07-08 01:27:00+00:00,1195.0,1195.0,1195.0,1195.0,1
2026-07-08 01:31:00+00:00,1185.5,1185.5,1185.5,1185.5,2
2026-07-08 01:40:00+00:00,1186.0,1186.0,1186.0,1186.0,4
2026-07-08 01:40:00+00:00,1194.5,1194.5,1194.5,1194.5,2
2026-07-08 01:44:00+00:00,1194.5,1194.5,1194.5,1194.5,2
2026-07-08 02:09:00+00:00,1196.5,1196.5,1196.5,1196.5,1
2026-07-08 02:10:00+00:00,1196.5,1196.5,1196.5,1196.5,5
2026-07-08 02:12:00+00:00,1196.5,1196.5,1196.5,1196.5,1
2026-07-08 02:32:00+00:00,1196.0,1196.0,1196.0,1196.0,2
2026-07-08 02:32:00+00:00,1195.0,1195.0,1195.0,1195.0,2
2026-07-08 02:35:00+00:00,1195.0,1195.0,1195.0,1195.0,6
2026-07-08 02:36:00+00:00,1195.0,1195.0,1195.0,1195.0,2
2026-07-08 03:11:00+00:00,1187.5,1187.5,1187.5,1187.5,1
2026-07-08 03:23:00+00:00,1198.0,1198.0,1198.0,1198.0,1
2026-07-08 04:38:00+00:00,1197.0,1197.0,1197.0,1197.0,2
2026-07-08 04:39:00+00:00,1197.5,1197.5,1197.5,1197.5,1
2026-07-08 04:40:00+00:00,1197.0,1197.0,1197.0,1197.0,1
2026-07-08 04:42:00+00:00,1199.0,1199.0,1199.0,1199.0,1
2026-07-08 04:43:00+00:00,1198.0,1198.0,1198.0,1198.0,1
2026-07-08 04:52:00+00:00,1197.0,1197.0,1197.0,1197.0,1
2026-07-08 04:53:00+00:00,1197.5,1197.5,1197.5,1197.5,1
2026-07-08 05:17:00+00:00,1199.0,1199.0,1199.0,1199.0,1
2026-07-08 05:21:00+00:00,1198.5,1198.5,1198.5,1198.5,5
2026-07-08 05:22:00+00:00,1199.5,1199.5,1199.5,1199.5,1
2026-07-08 05:44:00+00:00,1197.0,1197.0,1197.0,1197.0,22
2026-07-08 05:44:00+00:00,1196.5,1196.5,1196.5,1196.5,2
2026-07-08 06:10:00+00:00,1195.5,1195.5,1195.5,1195.5,3
2026-07-08 06:12:00+00:00,1195.5,1195.5,1195.5,1195.5,2
2026-07-08 06:44:00+00:00,1196.5,1196.5,1196.5,1196.5,2
2026-07-08 06:46:00+00:00,1195.0,1195.0,1195.0,1195.0,3
2026-07-08 06:46:00+00:00,1196.5,1196.5,1196.5,1196.5,2
2026-07-08 06:47:00+00:00,1194.5,1194.5,1194.5,1194.5,2
2026-07-08 06:59:00+00:00,1195.0,1195.0,1195.0,1195.0,2
2026-07-08 07:00:00+00:00,1186.5,1186.5,1186.0,1186.0,2
2026-07-08 07:57:00+00:00,1197.5,1197.5,1197.5,1197.5,2
2026-07-08 07:58:00+00:00,1197.5,1197.5,1197.5,1197.5,2
2026-07-08 08:00:00+00:00,1197.5,1197.5,1197.5,1197.5,3
2026-07-08 08:03:00+00:00,1198.0,1198.0,1198.0,1198.0,2
2026-07-08 08:05:00+00:00,1189.0,1189.0,1189.0,1189.0,6
2026-07-08 08:05:00+00:00,1198.5,1198.5,1198.5,1198.5,2
2026-07-08 08:05:00+00:00,1198.5,1199.0,1198.5,1199.0,14
2026-07-08 08:06:00+00:00,1198.5,1198.5,1198.5,1198.5,2
2026-07-08 08:07:00+00:00,1199.5,1200.0,1199.5,1200.0,4
2026-07-08 08:07:00+00:00,1190.0,1190.5,1190.0,1190.5,3
2026-07-08 08:08:00+00:00,1199.5,1199.5,1199.5,1199.5,4
2026-07-08 08:11:00+00:00,1199.0,1199.0,1199.0,1199.0,1
2026-07-08 08:16:00+00:00,1200.0,1200.0,1200.0,1200.0,2
2026-07-08 08:17:00+00:00,1190.5,1190.5,1190.5,1190.5,2
2026-07-08 08:20:00+00:00,1202.0,1202.0,1202.0,1202.0,2
2026-07-08 08:21:00+00:00,1202.5,1203.0,1202.5,1203.0,3
2026-07-08 08:21:00+00:00,1203.0,1203.0,1203.0,1203.0,1
2026-07-08 08:27:00+00:00,1203.0,1203.0,1203.0,1203.0,1
2026-07-08 08:31:00+00:00,1192.0,1192.0,1192.0,1192.0,1
2026-07-08 08:46:00+00:00,1201.5,1201.5,1201.5,1201.5,1
2026-07-08 08:46:00+00:00,9.5,9.5,9.5,9.5,1
2026-07-08 08:46:00+00:00,1192.0,1192.0,1192.0,1192.0,1
2026-07-08 08:50:00+00:00,1202.0,1202.0,1202.0,1202.0,2
2026-07-08 08:51:00+00:00,1192.0,1192.0,1192.0,1192.0,2
2026-07-08 08:53:00+00:00,1202.0,1202.0,1202.0,1202.0,5
2026-07-08 09:02:00+00:00,1201.5,1201.5,1201.5,1201.5,3
2026-07-08 09:02:00+00:00,1191.5,1191.5,1191.5,1191.5,2
2026-07-08 09:06:00+00:00,1201.5,1201.5,1201.5,1201.5,2
2026-07-08 09:10:00+00:00,1200.5,1200.5,1200.5,1200.5,1
2026-07-08 09:15:00+00:00,1201.5,1202.5,1201.5,1202.5,6
2026-07-08 09:15:00+00:00,1203.0,1203.0,1203.0,1203.0,1
2026-07-08 09:15:00+00:00,-10.0,-10.0,-10.0,-10.0,2
2026-07-08 09:15:00+00:00,1192.5,1192.5,1192.5,1192.5,3
2026-07-08 09:16:00+00:00,1201.5,1201.5,1201.5,1201.5,2
2026-07-08 09:16:00+00:00,1202.5,1202.5,1202.5,1202.5,1
2026-07-08 09:19:00+00:00,1201.5,1201.5,1201.5,1201.5,3
2026-07-08 09:22:00+00:00,1201.5,1201.5,1201.5,1201.5,2
2026-07-08 09:54:00+00:00,1192.0,1192.0,1192.0,1192.0,2
2026-07-08 09:54:00+00:00,1202.5,1202.5,1202.5,1202.5,2
2026-07-08 09:54:00+00:00,1201.5,1201.5,1201.5,1201.5,4
2026-07-08 09:56:00+00:00,1202.5,1202.5,1202.5,1202.5,3
2026-07-08 09:57:00+00:00,1192.0,1192.0,1192.0,1192.0,2
2026-07-08 10:02:00+00:00,1203.0,1204.0,1203.0,1204.0,3
2026-07-08 10:08:00+00:00,1201.0,1201.0,1201.0,1201.0,1
2026-07-08 10:08:00+00:00,1202.5,1202.5,1202.5,1202.5,2
2026-07-08 10:22:00+00:00,1200.0,1200.0,1200.0,1200.0,1
2026-07-08 10:23:00+00:00,1202.5,1202.5,1202.5,1202.5,8
2026-07-08 10:23:00+00:00,11.5,11.5,11.5,11.5,1
2026-07-08 10:23:00+00:00,1191.0,1191.0,1191.0,1191.0,2
2026-07-08 10:40:00+00:00,1202.0,1202.0,1202.0,1202.0,6
2026-07-08 10:42:00+00:00,1190.0,1190.0,1190.0,1190.0,2
2026-07-08 10:45:00+00:00,1190.0,1190.0,1189.5,1189.5,4
2026-07-08 10:46:00+00:00,1189.5,1189.5,1189.5,1189.5,2
2026-07-08 10:53:00+00:00,1202.0,1202.0,1202.0,1202.0,4
2026-07-08 11:02:00+00:00,1202.0,1202.0,1202.0,1202.0,3
2026-07-08 11:05:00+00:00,1202.0,1202.0,1202.0,1202.0,2
2026-07-08 11:12:00+00:00,1203.5,1203.5,1203.5,1203.5,4
2026-07-08 11:13:00+00:00,1203.5,1203.5,1203.5,1203.5,2
2026-07-08 11:22:00+00:00,1191.0,1191.0,1191.0,1191.0,1
2026-07-08 11:23:00+00:00,1200.0,1200.0,1200.0,1200.0,1
2026-07-08 11:32:00+00:00,1203.5,1203.5,1203.5,1203.5,1
2026-07-08 11:41:00+00:00,1203.5,1203.5,1203.5,1203.5,2
2026-07-08 11:41:00+00:00,1201.5,1201.5,1201.5,1201.5,2
2026-07-08 11:43:00+00:00,1190.5,1190.5,1190.5,1190.5,2
2026-07-08 11:44:00+00:00,1201.0,1201.0,1201.0,1201.0,1
2026-07-08 11:44:00+00:00,1188.5,1188.5,1188.5,1188.5,1
2026-07-08 11:46:00+00:00,1199.0,1199.0,1199.0,1199.0,1
2026-07-08 11:49:00+00:00,1201.0,1201.0,1201.0,1201.0,1
2026-07-08 12:00:00+00:00,1191.0,1191.0,1191.0,1191.0,2
2026-07-08 12:05:00+00:00,1200.0,1200.0,1200.0,1200.0,2
2026-07-08 12:05:00+00:00,1201.0,1201.0,1201.0,1201.0,2
2026-07-08 12:08:00+00:00,1202.0,1202.0,1202.0,1202.0,2
2026-07-08 12:09:00+00:00,1201.5,1201.5,1201.5,1201.5,2
2026-07-08 13:30:00+00:00,1201.0,1205.5,1201.0,1205.5,3
2026-07-08 13:30:00+00:00,-10.5,-10.5,-10.5,-10.5,1
2026-07-08 13:30:00+00:00,1200.5,1200.5,1200.5,1200.5,6
2026-07-08 13:30:00+00:00,-12.5,-12.5,-12.5,-12.5,1
2026-07-08 13:30:00+00:00,1215.0,1215.0,1215.0,1215.0,1
2026-07-08 13:30:00+00:00,1195.0,1195.0,1195.0,1195.0,2
2026-07-08 13:31:00+00:00,1206.0,1206.0,1206.0,1206.0,1
2026-07-08 13:32:00+00:00,1203.5,1203.5,1203.5,1203.5,20
2026-07-08 13:34:00+00:00,1190.0,1190.0,1190.0,1190.0,3
2026-07-08 13:53:00+00:00,1186.0,1186.0,1186.0,1186.0,1
2026-07-08 13:53:00+00:00,1196.5,1196.5,1196.5,1196.5,1
2026-07-08 13:53:00+00:00,-10.5,-10.5,-10.5,-10.5,1
2026-07-08 14:05:00+00:00,-10.0,-10.0,-10.0,-10.0,1
2026-07-08 14:05:00+00:00,1197.0,1197.0,1197.0,1197.0,1
2026-07-08 14:05:00+00:00,1187.0,1187.0,1187.0,1187.0,1
2026-07-08 14:23:00+00:00,1198.0,1198.0,1198.0,1198.0,6
2026-07-08 14:23:00+00:00,-9.5,-9.5,-9.5,-9.5,6
2026-07-08 14:23:00+00:00,1188.5,1188.5,1188.5,1188.5,6
2026-07-08 14:40:00+00:00,1189.5,1189.5,1189.5,1189.5,2
2026-07-08 14:42:00+00:00,1189.5,1189.5,1189.5,1189.5,2
2026-07-08 15:03:00+00:00,1194.5,1194.5,1194.0,1194.0,4
2026-07-08 15:03:00+00:00,1196.5,1196.5,1196.5,1196.5,2
2026-07-08 15:07:00+00:00,1195.0,1195.0,1195.0,1195.0,2
2026-07-08 15:08:00+00:00,1195.0,1195.0,1195.0,1195.0,1
2026-07-08 15:16:00+00:00,1197.5,1197.5,1197.5,1197.5,2
2026-07-08 15:23:00+00:00,1198.0,1198.0,1198.0,1198.0,2
2026-07-08 15:37:00+00:00,1196.5,1196.5,1196.5,1196.5,2
2026-07-08 15:37:00+00:00,1188.5,1188.5,1188.5,1188.5,2
2026-07-08 15:42:00+00:00,1197.5,1197.5,1197.5,1197.5,1
2026-07-08 15:49:00+00:00,1197.5,1197.5,1197.5,1197.5,2
2026-07-08 15:55:00+00:00,1198.0,1198.0,1198.0,1198.0,1
2026-07-08 16:20:00+00:00,1186.5,1186.5,1186.5,1186.5,1
2026-07-08 16:28:00+00:00,1196.5,1196.5,1196.5,1196.5,10
2026-07-08 16:35:00+00:00,1196.5,1196.5,1196.5,1196.5,7
2026-07-08 16:40:00+00:00,1187.0,1187.0,1187.0,1187.0,1
2026-07-08 16:42:00+00:00,1197.0,1197.0,1197.0,1197.0,1
2026-07-08 16:43:00+00:00,1187.5,1187.5,1187.5,1187.5,1
2026-07-08 16:45:00+00:00,1196.5,1196.5,1196.5,1196.5,2
2026-07-08 16:50:00+00:00,1194.5,1194.5,1193.5,1193.5,4
2026-07-08 17:00:00+00:00,1193.5,1193.5,1193.5,1193.5,3
2026-07-08 17:03:00+00:00,1194.0,1194.0,1194.0,1194.0,4
2026-07-08 17:05:00+00:00,1194.0,1194.0,1194.0,1194.0,1
2026-07-08 17:07:00+00:00,1194.0,1194.0,1194.0,1194.0,1
2026-07-08 17:13:00+00:00,1193.0,1193.0,1193.0,1193.0,1
2026-07-08 17:19:00+00:00,1194.0,1194.0,1194.0,1194.0,1
2026-07-08 17:20:00+00:00,1194.5,1194.5,1194.5,1194.5,2
2026-07-08 17:28:00+00:00,1192.5,1192.5,1192.5,1192.5,1
2026-07-08 17:28:00+00:00,1193.5,1193.5,1193.5,1193.5,2
2026-07-08 17:42:00+00:00,1192.0,1192.0,1192.0,1192.0,1
2026-07-08 17:50:00+00:00,1191.5,1191.5,1191.5,1191.5,1
2026-07-08 17:53:00+00:00,1193.0,1193.0,1193.0,1193.0,2
2026-07-08 17:54:00+00:00,1193.0,1193.0,1193.0,1193.0,2
2026-07-08 18:03:00+00:00,1192.5,1192.5,1192.5,1192.5,1
2026-07-08 18:03:00+00:00,1192.0,1192.0,1192.0,1192.0,1
2026-07-08 18:05:00+00:00,1192.0,1192.0,1192.0,1192.0,1
2026-07-08 18:05:00+00:00,1193.0,1193.0,1193.0,1193.0,1
2026-07-08 18:17:00+00:00,1190.5,1190.5,1190.5,1190.5,1
2026-07-08 18:18:00+00:00,1190.0,1190.0,1190.0,1190.0,1
2026-07-08 18:19:00+00:00,1190.0,1190.0,1190.0,1190.0,3
2026-07-09 00:01:00+00:00,1190.0,1190.0,1190.0,1190.0,3
2026-07-09 00:04:00+00:00,1190.0,1190.0,1190.0,1190.0,4
2026-07-09 00:12:00+00:00,1191.0,1191.0,1191.0,1191.0,1
2026-07-09 00:13:00+00:00,1191.5,1191.5,1191.5,1191.5,1
2026-07-09 00:30:00+00:00,1192.5,1192.5,1192.5,1192.5,1
2026-07-09 00:31:00+00:00,1192.5,1192.5,1192.5,1192.5,1
2026-07-09 00:33:00+00:00,1183.0,1183.0,1183.0,1183.0,1
2026-07-09 00:37:00+00:00,1183.0,1183.0,1183.0,1183.0,1
2026-07-09 00:52:00+00:00,1182.5,1182.5,1182.5,1182.5,4
2026-07-09 00:55:00+00:00,1193.0,1193.0,1193.0,1193.0,8
2026-07-09 01:02:00+00:00,1193.0,1193.0,1192.5,1192.5,7
2026-07-09 01:14:00+00:00,1194.0,1194.0,1194.0,1194.0,7
2026-07-09 01:28:00+00:00,1194.5,1194.5,1194.5,1194.5,4
2026-07-09 01:28:00+00:00,1184.5,1184.5,1184.5,1184.5,2
2026-07-09 01:29:00+00:00,1184.5,1184.5,1184.5,1184.5,2
2026-07-09 01:29:00+00:00,1194.5,1194.5,1194.5,1194.5,2
2026-07-09 01:31:00+00:00,1193.0,1193.0,1192.5,1192.5,4
2026-07-09 01:31:00+00:00,1184.0,1184.0,1184.0,1184.0,2
2026-07-09 01:32:00+00:00,1183.0,1183.0,1183.0,1183.0,1
2026-07-09 01:41:00+00:00,1193.0,1193.0,1193.0,1193.0,2
2026-07-09 01:41:00+00:00,1183.5,1183.5,1183.5,1183.5,1
2026-07-09 01:54:00+00:00,1194.5,1194.5,1194.5,1194.5,1
2026-07-09 02:00:00+00:00,1193.0,1193.0,1193.0,1193.0,1
2026-07-09 02:22:00+00:00,1192.5,1192.5,1192.5,1192.5,1
2026-07-09 02:30:00+00:00,1192.0,1192.0,1192.0,1192.0,2
2026-07-09 02:31:00+00:00,1192.5,1192.5,1192.5,1192.5,4
2026-07-09 02:34:00+00:00,1192.0,1192.0,1191.5,1191.5,6
2026-07-09 02:36:00+00:00,1192.0,1192.0,1192.0,1192.0,2
2026-07-09 02:50:00+00:00,1183.0,1183.0,1183.0,1183.0,2
2026-07-09 02:51:00+00:00,1183.0,1183.0,1183.0,1183.0,2
2026-07-09 02:53:00+00:00,1192.0,1192.0,1192.0,1192.0,2
2026-07-09 02:53:00+00:00,1191.5,1191.5,1191.5,1191.5,2
2026-07-09 02:55:00+00:00,1190.0,1190.0,1190.0,1190.0,2
2026-07-09 02:55:00+00:00,1190.0,1190.5,1190.0,1190.5,3
2026-07-09 02:56:00+00:00,1190.0,1190.0,1190.0,1190.0,2
2026-07-09 02:57:00+00:00,1189.0,1189.0,1189.0,1189.0,1
2026-07-09 02:59:00+00:00,1188.5,1188.5,1188.5,1188.5,2
2026-07-09 02:59:00+00:00,1188.5,1189.0,1188.5,1189.0,10
2026-07-09 03:02:00+00:00,1189.0,1189.0,1189.0,1189.0,2
2026-07-09 03:03:00+00:00,1180.0,1180.0,1180.0,1180.0,2
2026-07-09 03:03:00+00:00,1189.0,1189.0,1189.0,1189.0,3
2026-07-09 03:04:00+00:00,1189.0,1189.0,1189.0,1189.0,1
2026-07-09 03:06:00+00:00,1189.5,1189.5,1189.5,1189.5,2
2026-07-09 03:09:00+00:00,1188.5,1188.5,1188.5,1188.5,1
2026-07-09 03:10:00+00:00,1188.0,1188.0,1188.0,1188.0,2
2026-07-09 03:10:00+00:00,-9.5,-9.5,-9.5,-9.5,1
2026-07-09 03:10:00+00:00,1179.0,1179.0,1178.5,1178.5,7
2026-07-09 03:11:00+00:00,1178.5,1178.5,1178.5,1178.5,2
2026-07-09 03:12:00+00:00,1188.0,1188.0,1188.0,1188.0,2
2026-07-09 03:13:00+00:00,1187.5,1187.5,1187.5,1187.5,4
2026-07-09 03:14:00+00:00,1187.0,1187.0,1187.0,1187.0,2
2026-07-09 03:14:00+00:00,1178.0,1178.0,1178.0,1178.0,4
2026-07-09 03:15:00+00:00,1187.0,1187.0,1187.0,1187.0,4
2026-07-09 03:33:00+00:00,1179.5,1179.5,1179.0,1179.0,4
2026-07-09 03:40:00+00:00,1190.0,1190.0,1190.0,1190.0,1
2026-07-09 03:42:00+00:00,1189.0,1189.0,1189.0,1189.0,2
2026-07-09 03:45:00+00:00,1188.5,1188.5,1188.5,1188.5,2
2026-07-09 05:00:00+00:00,1190.0,1190.0,1190.0,1190.0,2
2026-07-09 05:00:00+00:00,1190.0,1190.0,1190.0,1190.0,2
2026-07-09 05:18:00+00:00,1190.0,1190.0,1190.0,1190.0,2
2026-07-09 06:07:00+00:00,1192.0,1192.0,1191.5,1191.5,4
2026-07-09 06:09:00+00:00,1191.0,1191.0,1191.0,1191.0,2
2026-07-09 06:09:00+00:00,1182.5,1182.5,1182.0,1182.0,4
2026-07-09 06:10:00+00:00,1191.5,1191.5,1191.5,1191.5,2
2026-07-09 06:10:00+00:00,1182.0,1182.0,1182.0,1182.0,1
2026-07-09 06:14:00+00:00,1191.5,1191.5,1191.5,1191.5,2
2026-07-09 06:16:00+00:00,1191.5,1191.5,1191.5,1191.5,2
2026-07-09 06:22:00+00:00,1191.0,1191.0,1191.0,1191.0,2
2026-07-09 06:24:00+00:00,1181.5,1181.5,1181.5,1181.5,2
2026-07-09 06:26:00+00:00,1191.0,1191.0,1191.0,1191.0,2
2026-07-09 06:34:00+00:00,1191.0,1191.0,1191.0,1191.0,2
2026-07-09 06:34:00+00:00,1190.5,1190.5,1190.5,1190.5,2
2026-07-09 06:41:00+00:00,1191.0,1191.0,1191.0,1191.0,2
2026-07-09 06:42:00+00:00,1190.0,1190.0,1190.0,1190.0,2
2026-07-09 06:53:00+00:00,1190.5,1190.5,1190.0,1190.0,6
2026-07-09 07:01:00+00:00,1181.5,1181.5,1181.5,1181.5,2
2026-07-09 07:05:00+00:00,1190.5,1190.5,1190.5,1190.5,4
2026-07-09 07:08:00+00:00,1191.0,1191.0,1191.0,1191.0,4
2026-07-09 07:13:00+00:00,1193.0,1193.0,1193.0,1193.0,4
2026-07-09 07:19:00+00:00,1191.0,1191.0,1191.0,1191.0,2
2026-07-09 07:19:00+00:00,1191.0,1191.0,1191.0,1191.0,2
2026-07-09 07:20:00+00:00,1191.0,1191.0,1191.0,1191.0,2
2026-07-09 07:20:00+00:00,1191.0,1191.0,1191.0,1191.0,2
2026-07-09 07:21:00+00:00,1181.5,1181.5,1181.5,1181.5,2
2026-07-09 07:25:00+00:00,1191.0,1191.0,1191.0,1191.0,2
2026-07-09 07:26:00+00:00,1190.0,1190.0,1189.5,1189.5,6
2026-07-09 07:26:00+00:00,1190.0,1190.0,1189.5,1189.5,4
2026-07-09 07:31:00+00:00,1189.5,1189.5,1189.5,1189.5,3
2026-07-09 07:31:00+00:00,1190.0,1190.0,1189.5,1189.5,7
2026-07-09 07:31:00+00:00,1180.0,1180.0,1180.0,1180.0,2
2026-07-09 07:32:00+00:00,1179.5,1179.5,1179.5,1179.5,2
2026-07-09 07:34:00+00:00,1189.5,1189.5,1189.5,1189.5,2
2026-07-09 07:34:00+00:00,1189.5,1189.5,1189.5,1189.5,2
2026-07-09 07:39:00+00:00,1179.5,1179.5,1179.5,1179.5,2
2026-07-09 07:39:00+00:00,1189.0,1189.0,1189.0,1189.0,2
2026-07-09 07:42:00+00:00,1188.0,1188.0,1188.0,1188.0,2
2026-07-09 07:42:00+00:00,1188.5,1188.5,1188.5,1188.5,1
2026-07-09 07:46:00+00:00,1187.5,1187.5,1187.5,1187.5,2
2026-07-09 07:50:00+00:00,1176.5,1176.5,1176.5,1176.5,2
2026-07-09 07:50:00+00:00,1185.5,1185.5,1185.5,1185.5,2
2026-07-09 07:54:00+00:00,-9.0,-9.0,-9.0,-9.0,1
2026-07-09 07:57:00+00:00,1176.5,1176.5,1176.5,1176.5,2
2026-07-09 08:00:00+00:00,8.0,8.0,8.0,8.0,1
2026-07-09 08:19:00+00:00,1186.0,1186.0,1185.5,1186.0,11
2026-07-09 08:19:00+00:00,1176.5,1176.5,1176.5,1176.5,2
2026-07-09 08:19:00+00:00,-9.0,-9.0,-9.0,-9.0,2
2026-07-09 08:20:00+00:00,1185.5,1185.5,1185.5,1185.5,2
2026-07-09 08:27:00+00:00,1186.0,1186.0,1186.0,1186.0,1
2026-07-09 08:29:00+00:00,1186.0,1186.0,1186.0,1186.0,1
2026-07-09 08:35:00+00:00,1187.0,1187.0,1187.0,1187.0,1
2026-07-09 08:39:00+00:00,1188.0,1188.0,1188.0,1188.0,2
2026-07-09 08:39:00+00:00,1187.0,1187.0,1187.0,1187.0,4
2026-07-09 08:40:00+00:00,1188.0,1188.5,1188.0,1188.0,4
2026-07-09 08:44:00+00:00,1187.0,1187.0,1187.0,1187.0,1
2026-07-09 08:52:00+00:00,1187.0,1187.0,1187.0,1187.0,1
2026-07-09 08:57:00+00:00,1187.0,1187.0,1187.0,1187.0,2
2026-07-09 09:00:00+00:00,1187.0,1187.0,1187.0,1187.0,1
2026-07-09 09:18:00+00:00,1186.5,1186.5,1186.5,1186.5,2
2026-07-09 09:19:00+00:00,1186.5,1186.5,1186.5,1186.5,2
2026-07-09 10:15:00+00:00,1187.0,1187.0,1187.0,1187.0,1
2026-07-09 10:22:00+00:00,1177.5,1177.5,1177.5,1177.5,2
2026-07-09 10:22:00+00:00,1186.5,1186.5,1186.5,1186.5,2
2026-07-09 10:24:00+00:00,1186.5,1186.5,1186.5,1186.5,6
2026-07-09 10:26:00+00:00,1178.0,1178.0,1178.0,1178.0,2
2026-07-09 10:26:00+00:00,1187.0,1187.0,1187.0,1187.0,2
2026-07-09 10:30:00+00:00,1187.0,1187.0,1187.0,1187.0,4
2026-07-09 10:33:00+00:00,1178.0,1178.0,1178.0,1178.0,3
2026-07-09 10:49:00+00:00,1186.5,1186.5,1186.5,1186.5,2
2026-07-09 10:52:00+00:00,1179.5,1179.5,1179.5,1179.5,1
2026-07-09 11:00:00+00:00,1188.0,1188.0,1188.0,1188.0,5
2026-07-09 11:04:00+00:00,1186.5,1186.5,1186.5,1186.5,1
2026-07-09 11:29:00+00:00,1188.5,1188.5,1188.5,1188.5,1
2026-07-09 11:42:00+00:00,1188.0,1188.0,1188.0,1188.0,2
2026-07-09 12:16:00+00:00,1188.5,1188.5,1188.5,1188.5,1
2026-07-09 12:16:00+00:00,1188.5,1188.5,1188.5,1188.5,2
2026-07-09 12:23:00+00:00,1190.5,1190.5,1190.5,1190.5,2
2026-07-09 12:36:00+00:00,1188.5,1188.5,1188.5,1188.5,1
2026-07-09 12:37:00+00:00,1187.0,1187.0,1187.0,1187.0,2
2026-07-09 12:42:00+00:00,1186.5,1186.5,1186.5,1186.5,4
2026-07-09 12:42:00+00:00,1187.0,1187.0,1186.5,1186.5,6
2026-07-09 12:44:00+00:00,1185.5,1185.5,1185.5,1185.5,1
2026-07-09 13:30:00+00:00,-17.0,-17.0,-17.0,-17.0,2
2026-07-09 13:30:00+00:00,1203.5,1203.5,1203.5,1203.5,2
2026-07-09 13:30:00+00:00,1186.5,1186.5,1186.5,1186.5,3
2026-07-09 13:31:00+00:00,1188.5,1188.5,1188.5,1188.5,12
2026-07-09 13:36:00+00:00,1185.5,1185.5,1185.5,1185.5,2
2026-07-09 13:40:00+00:00,1186.5,1186.5,1186.5,1186.5,2
2026-07-09 13:41:00+00:00,1186.0,1186.0,1186.0,1186.0,2
2026-07-09 13:42:00+00:00,1185.0,1185.5,1184.5,1185.5,3
2026-07-09 13:44:00+00:00,1185.0,1185.0,1185.0,1185.0,1
2026-07-09 13:45:00+00:00,1184.0,1184.0,1184.0,1184.0,4
2026-07-09 13:57:00+00:00,1184.5,1184.5,1184.5,1184.5,2
2026-07-09 14:06:00+00:00,1174.0,1174.0,1174.0,1174.0,1
2026-07-09 14:07:00+00:00,1184.0,1184.0,1184.0,1184.0,1
2026-07-09 14:09:00+00:00,1184.0,1184.0,1184.0,1184.0,1
2026-07-09 14:10:00+00:00,1184.0,1184.0,1184.0,1184.0,2
2026-07-09 14:18:00+00:00,1182.5,1182.5,1182.5,1182.5,3
2026-07-09 14:21:00+00:00,1182.5,1182.5,1182.5,1182.5,1
2026-07-09 14:25:00+00:00,1183.0,1183.0,1183.0,1183.0,2
2026-07-09 14:34:00+00:00,1185.0,1185.0,1185.0,1185.0,1
2026-07-09 14:36:00+00:00,1184.5,1184.5,1184.5,1184.5,1
2026-07-09 14:40:00+00:00,1175.5,1175.5,1175.5,1175.5,1
2026-07-09 14:41:00+00:00,1174.5,1174.5,1174.5,1174.5,2
2026-07-09 14:51:00+00:00,1184.0,1184.0,1184.0,1184.0,1
2026-07-09 14:55:00+00:00,1185.5,1185.5,1185.5,1185.5,3
2026-07-09 14:55:00+00:00,1175.5,1175.5,1175.5,1175.5,1
2026-07-09 14:59:00+00:00,1186.0,1186.0,1186.0,1186.0,15
2026-07-09 15:00:00+00:00,1186.0,1186.0,1186.0,1186.0,5
2026-07-09 15:01:00+00:00,1175.0,1175.0,1175.0,1175.0,8
2026-07-09 15:01:00+00:00,1185.0,1185.0,1185.0,1185.0,3
2026-07-09 15:04:00+00:00,1185.5,1185.5,1185.5,1185.5,2
2026-07-09 15:06:00+00:00,1185.5,1185.5,1185.5,1185.5,1
2026-07-09 15:08:00+00:00,1186.5,1186.5,1186.5,1186.5,1
2026-07-09 15:09:00+00:00,1176.5,1176.5,1176.5,1176.5,1
2026-07-09 15:09:00+00:00,1185.0,1185.0,1185.0,1185.0,1
2026-07-09 15:13:00+00:00,1176.0,1176.0,1176.0,1176.0,1
2026-07-09 15:23:00+00:00,1185.0,1185.0,1185.0,1185.0,1
2026-07-09 15:30:00+00:00,1187.5,1188.0,1187.5,1188.0,22
2026-07-09 15:32:00+00:00,1186.0,1186.0,1186.0,1186.0,2
2026-07-09 15:33:00+00:00,1186.5,1186.5,1186.5,1186.5,1
2026-07-09 15:39:00+00:00,1185.0,1185.0,1185.0,1185.0,2
2026-07-09 15:40:00+00:00,1185.0,1185.0,1185.0,1185.0,2
2026-07-09 15:42:00+00:00,1185.5,1185.5,1185.5,1185.5,1
2026-07-09 15:48:00+00:00,1185.0,1185.0,1185.0,1185.0,3
2026-07-09 16:16:00+00:00,1183.5,1183.5,1183.5,1183.5,2
2026-07-09 16:26:00+00:00,1181.5,1181.5,1181.5,1181.5,2
2026-07-09 16:34:00+00:00,1172.0,1172.0,1172.0,1172.0,1
2026-07-09 16:41:00+00:00,1182.5,1182.5,1182.5,1182.5,4
2026-07-09 16:43:00+00:00,1179.0,1179.0,1178.0,1178.0,28
2026-07-09 16:43:00+00:00,1182.0,1182.0,1182.0,1182.0,17
2026-07-09 16:43:00+00:00,1171.0,1171.0,1171.0,1171.0,10
2026-07-09 16:43:00+00:00,-3.5,-3.5,-3.5,-3.5,1
2026-07-09 16:44:00+00:00,1180.0,1180.0,1180.0,1180.0,3
2026-07-09 16:44:00+00:00,1176.5,1176.5,1176.5,1176.5,1
2026-07-09 16:46:00+00:00,1167.5,1167.5,1167.5,1167.5,2
2026-07-09 16:48:00+00:00,1169.0,1169.0,1169.0,1169.0,2
2026-07-09 16:49:00+00:00,1177.0,1177.0,1177.0,1177.0,3
2026-07-09 16:49:00+00:00,1180.0,1180.0,1180.0,1180.0,5
2026-07-09 16:52:00+00:00,1181.0,1181.0,1181.0,1181.0,2
2026-07-09 16:52:00+00:00,1170.5,1170.5,1170.5,1170.5,2
2026-07-09 16:58:00+00:00,1182.0,1182.0,1182.0,1182.0,1
2026-07-09 17:05:00+00:00,1170.5,1170.5,1170.5,1170.5,1
2026-07-09 17:08:00+00:00,1181.5,1181.5,1180.5,1180.5,4
2026-07-09 17:21:00+00:00,1182.0,1182.0,1182.0,1182.0,1
2026-07-09 17:24:00+00:00,1181.0,1181.0,1181.0,1181.0,1
2026-07-09 17:33:00+00:00,1182.0,1182.0,1182.0,1182.0,1
2026-07-09 17:48:00+00:00,1179.0,1179.0,1179.0,1179.0,1
2026-07-09 18:00:00+00:00,1180.5,1180.5,1180.5,1180.5,1
2026-07-09 18:02:00+00:00,1181.0,1181.0,1180.5,1180.5,3
2026-07-09 18:03:00+00:00,1180.5,1180.5,1180.5,1180.5,2
2026-07-09 18:07:00+00:00,1180.5,1180.5,1180.5,1180.5,2
2026-07-09 18:16:00+00:00,1177.5,1177.5,1177.5,1177.5,3
2026-07-09 18:18:00+00:00,1180.0,1180.0,1180.0,1180.0,2
2026-07-10 00:00:00+00:00,1179.5,1179.5,1179.5,1179.5,1
2026-07-10 00:01:00+00:00,1171.0,1171.0,1171.0,1171.0,1
2026-07-10 00:03:00+00:00,1178.5,1178.5,1178.5,1178.5,10
2026-07-10 00:11:00+00:00,1180.0,1180.0,1180.0,1180.0,3
2026-07-10 00:31:00+00:00,1180.0,1180.0,1180.0,1180.0,1
2026-07-10 00:34:00+00:00,1168.0,1168.0,1168.0,1168.0,1
2026-07-10 00:34:00+00:00,1179.5,1179.5,1179.5,1179.5,2
2026-07-10 00:39:00+00:00,1167.5,1167.5,1167.5,1167.5,1
2026-07-10 00:47:00+00:00,1179.5,1179.5,1179.5,1179.5,2
2026-07-10 01:05:00+00:00,1180.0,1180.0,1180.0,1180.0,3
2026-07-10 01:29:00+00:00,1181.5,1181.5,1181.5,1181.5,5
2026-07-10 01:30:00+00:00,1181.0,1181.0,1181.0,1181.0,1
2026-07-10 01:55:00+00:00,1168.5,1168.5,1168.5,1168.5,1
2026-07-10 02:42:00+00:00,1182.5,1182.5,1182.5,1182.5,2
2026-07-10 02:43:00+00:00,1180.0,1180.5,1180.0,1180.5,4
2026-07-10 03:01:00+00:00,1182.5,1182.5,1182.5,1182.5,4
2026-07-10 03:51:00+00:00,1182.5,1182.5,1182.5,1182.5,4
2026-07-10 05:30:00+00:00,1179.5,1179.5,1179.0,1179.0,4
2026-07-10 05:34:00+00:00,1182.0,1182.0,1181.5,1181.5,5
2026-07-10 06:04:00+00:00,1179.5,1179.5,1179.5,1179.5,2
2026-07-10 06:09:00+00:00,1168.0,1168.0,1168.0,1168.0,2
2026-07-10 06:10:00+00:00,1168.0,1168.0,1168.0,1168.0,2
2026-07-10 06:28:00+00:00,1176.5,1176.5,1176.5,1176.5,2
2026-07-10 06:29:00+00:00,1176.5,1176.5,1176.5,1176.5,2
2026-07-10 06:58:00+00:00,1175.5,1175.5,1175.5,1175.5,2
2026-07-10 06:58:00+00:00,1167.0,1167.0,1167.0,1167.0,2
2026-07-10 06:58:00+00:00,1178.0,1178.0,1177.5,1177.5,5
2026-07-10 06:59:00+00:00,1167.0,1167.0,1167.0,1167.0,2
2026-07-10 06:59:00+00:00,1175.5,1175.5,1175.5,1175.5,2
2026-07-10 06:59:00+00:00,1177.5,1177.5,1177.5,1177.5,4
2026-07-10 07:05:00+00:00,1177.0,1177.0,1177.0,1177.0,2
2026-07-10 07:11:00+00:00,1174.0,1174.0,1174.0,1174.0,4
2026-07-10 07:12:00+00:00,1174.0,1174.0,1174.0,1174.0,2
2026-07-10 07:13:00+00:00,1173.5,1173.5,1173.5,1173.5,2
2026-07-10 07:13:00+00:00,1165.0,1165.0,1164.5,1164.5,3
2026-07-10 07:14:00+00:00,1173.5,1173.5,1173.5,1173.5,2
2026-07-10 07:21:00+00:00,1173.0,1173.0,1173.0,1173.0,3
2026-07-10 07:22:00+00:00,1164.5,1164.5,1164.5,1164.5,1
2026-07-10 07:25:00+00:00,1173.0,1173.0,1173.0,1173.0,10
2026-07-10 07:27:00+00:00,1173.0,1173.0,1173.0,1173.0,1
2026-07-10 07:34:00+00:00,1175.0,1175.0,1175.0,1175.0,2
2026-07-10 07:34:00+00:00,1164.5,1164.5,1164.5,1164.5,2
2026-07-10 07:35:00+00:00,1175.0,1175.0,1175.0,1175.0,1
2026-07-10 07:46:00+00:00,1175.0,1175.0,1175.0,1175.0,1
2026-07-10 08:02:00+00:00,1174.0,1174.0,1174.0,1174.0,5
2026-07-10 08:02:00+00:00,1171.0,1171.0,1171.0,1171.0,2
2026-07-10 08:07:00+00:00,1171.0,1171.0,1171.0,1171.0,1
2026-07-10 08:31:00+00:00,1174.0,1174.0,1174.0,1174.0,1
2026-07-10 09:09:00+00:00,1174.0,1174.0,1174.0,1174.0,8
2026-07-10 09:10:00+00:00,1174.0,1174.5,1174.0,1174.5,4
2026-07-10 09:18:00+00:00,1164.0,1164.0,1164.0,1164.0,1
2026-07-10 09:35:00+00:00,1163.0,1163.0,1163.0,1163.0,1
2026-07-10 09:45:00+00:00,1174.5,1174.5,1174.5,1174.5,2
2026-07-10 10:21:00+00:00,1174.5,1174.5,1174.5,1174.5,3
2026-07-10 10:33:00+00:00,1164.0,1164.0,1164.0,1164.0,2
2026-07-10 10:34:00+00:00,1164.0,1164.0,1164.0,1164.0,2
2026-07-10 10:35:00+00:00,1172.0,1172.0,1172.0,1172.0,2
2026-07-10 10:36:00+00:00,1173.0,1173.5,1173.0,1173.5,12
2026-07-10 10:36:00+00:00,1165.0,1165.0,1165.0,1165.0,2
2026-07-10 10:36:00+00:00,1176.0,1176.0,1176.0,1176.0,1
2026-07-10 10:48:00+00:00,1166.0,1166.0,1166.0,1166.0,2
2026-07-10 10:48:00+00:00,1177.0,1177.0,1177.0,1177.0,2
2026-07-10 10:49:00+00:00,1177.0,1177.0,1177.0,1177.0,2
2026-07-10 10:56:00+00:00,1166.0,1166.0,1166.0,1166.0,2
2026-07-10 10:56:00+00:00,1174.5,1174.5,1174.5,1174.5,2
2026-07-10 11:12:00+00:00,1167.0,1167.0,1167.0,1167.0,1
2026-07-10 11:20:00+00:00,1167.0,1167.0,1167.0,1167.0,1
2026-07-10 11:21:00+00:00,1166.5,1166.5,1166.5,1166.5,2
2026-07-10 11:22:00+00:00,1166.5,1166.5,1166.5,1166.5,2
2026-07-10 11:24:00+00:00,1166.5,1166.5,1166.5,1166.5,2
2026-07-10 11:25:00+00:00,1166.5,1166.5,1166.5,1166.5,2
2026-07-10 11:36:00+00:00,1177.5,1177.5,1177.5,1177.5,2
2026-07-10 11:39:00+00:00,1177.5,1177.5,1177.5,1177.5,2
2026-07-10 11:43:00+00:00,1177.0,1177.0,1177.0,1177.0,1
2026-07-10 12:09:00+00:00,1179.5,1179.5,1179.5,1179.5,2
2026-07-10 12:13:00+00:00,1170.0,1170.0,1170.0,1170.0,1
2026-07-10 12:18:00+00:00,1179.5,1179.5,1179.5,1179.5,2
2026-07-10 13:30:00+00:00,1178.5,1191.5,1178.5,1191.5,9
2026-07-10 13:31:00+00:00,1182.0,1182.0,1182.0,1182.0,1
2026-07-10 13:32:00+00:00,1181.0,1181.0,1181.0,1181.0,1
2026-07-10 13:32:00+00:00,1181.5,1181.5,1181.5,1181.5,2
2026-07-10 13:34:00+00:00,1177.5,1177.5,1177.5,1177.5,5
2026-07-10 13:35:00+00:00,1179.0,1179.0,1179.0,1179.0,1
2026-07-10 13:36:00+00:00,1179.5,1179.5,1179.5,1179.5,1
2026-07-10 13:40:00+00:00,1194.0,1194.0,1194.0,1194.0,1
2026-07-10 13:41:00+00:00,1180.0,1180.0,1179.0,1179.0,4
2026-07-10 13:43:00+00:00,1179.5,1179.5,1179.5,1179.5,1
2026-07-10 13:43:00+00:00,1176.0,1176.0,1176.0,1176.0,2
2026-07-10 13:49:00+00:00,1180.5,1180.5,1180.5,1180.5,4
2026-07-10 13:51:00+00:00,1179.0,1179.0,1179.0,1179.0,1
2026-07-10 13:52:00+00:00,1179.5,1179.5,1179.5,1179.5,5
2026-07-10 13:54:00+00:00,1170.0,1170.0,1170.0,1170.0,2
2026-07-10 13:54:00+00:00,1181.0,1181.0,1181.0,1181.0,1
2026-07-10 13:54:00+00:00,1178.0,1178.0,1178.0,1178.0,1
2026-07-10 13:56:00+00:00,1170.5,1170.5,1170.5,1170.5,2
2026-07-10 13:56:00+00:00,1181.5,1181.5,1181.5,1181.5,2
2026-07-10 13:58:00+00:00,1181.5,1181.5,1181.5,1181.5,2
2026-07-10 14:00:00+00:00,1182.0,1182.0,1182.0,1182.0,2
2026-07-10 14:03:00+00:00,1171.5,1171.5,1171.5,1171.5,1
2026-07-10 14:21:00+00:00,1172.5,1172.5,1172.5,1172.5,1
2026-07-10 14:32:00+00:00,1174.0,1174.0,1174.0,1174.0,2
2026-07-10 14:32:00+00:00,1185.0,1186.5,1185.0,1186.5,14
2026-07-10 14:43:00+00:00,1187.0,1187.0,1187.0,1187.0,2
2026-07-10 14:49:00+00:00,1187.5,1187.5,1187.5,1187.5,2
2026-07-10 14:56:00+00:00,1187.0,1187.0,1187.0,1187.0,1
2026-07-10 14:56:00+00:00,1184.5,1184.5,1184.5,1184.5,1
2026-07-10 15:05:00+00:00,1188.0,1188.0,1188.0,1188.0,5
2026-07-10 15:05:00+00:00,1177.5,1177.5,1177.5,1177.5,1
2026-07-10 15:05:00+00:00,1186.5,1186.5,1186.5,1186.5,1
2026-07-10 15:07:00+00:00,1188.0,1188.0,1188.0,1188.0,2
2026-07-10 15:16:00+00:00,1176.5,1176.5,1176.5,1176.5,2
2026-07-10 15:29:00+00:00,1186.5,1186.5,1186.5,1186.5,5
2026-07-10 15:31:00+00:00,1188.0,1188.0,1188.0,1188.0,1
2026-07-10 15:36:00+00:00,1188.0,1188.0,1188.0,1188.0,1
2026-07-10 15:40:00+00:00,1188.0,1188.0,1188.0,1188.0,2
2026-07-10 15:47:00+00:00,1189.0,1189.0,1189.0,1189.0,2
2026-07-10 15:50:00+00:00,1188.5,1188.5,1188.5,1188.5,2
2026-07-10 16:00:00+00:00,1196.5,1197.5,1196.5,1197.5,2
2026-07-10 16:00:00+00:00,1186.5,1186.5,1186.5,1186.5,5
2026-07-10 16:01:00+00:00,1190.5,1190.5,1190.5,1190.5,1
2026-07-10 16:02:00+00:00,1191.5,1191.5,1190.5,1190.5,2
2026-07-10 16:02:00+00:00,1188.5,1188.5,1188.5,1188.5,10
2026-07-10 16:03:00+00:00,1190.0,1190.0,1190.0,1190.0,6
2026-07-10 16:06:00+00:00,1185.5,1185.5,1185.5,1185.5,5
2026-07-10 16:06:00+00:00,1188.5,1188.5,1188.5,1188.5,1
2026-07-10 16:07:00+00:00,1187.5,1187.5,1187.5,1187.5,1
2026-07-10 16:08:00+00:00,1188.5,1188.5,1188.5,1188.5,1
2026-07-10 16:09:00+00:00,1186.0,1186.0,1186.0,1186.0,7
2026-07-10 16:09:00+00:00,1188.5,1188.5,1188.5,1188.5,1
2026-07-10 16:10:00+00:00,1189.0,1189.0,1189.0,1189.0,2
2026-07-10 16:19:00+00:00,1189.0,1189.0,1189.0,1189.0,1
2026-07-10 16:22:00+00:00,1178.5,1178.5,1178.5,1178.5,1
2026-07-10 16:23:00+00:00,1178.0,1178.0,1178.0,1178.0,1
2026-07-10 16:31:00+00:00,1188.5,1188.5,1188.5,1188.5,1
2026-07-10 16:33:00+00:00,1188.5,1188.5,1188.5,1188.5,1
2026-07-10 16:41:00+00:00,1189.5,1189.5,1189.5,1189.5,1
2026-07-10 16:42:00+00:00,1191.0,1191.0,1191.0,1191.0,11
2026-07-10 16:45:00+00:00,1191.0,1191.5,1191.0,1191.5,8
2026-07-10 16:48:00+00:00,1182.5,1182.5,1182.5,1182.5,1
2026-07-10 16:48:00+00:00,1193.0,1193.0,1193.0,1193.0,1
2026-07-10 16:54:00+00:00,1193.5,1193.5,1193.5,1193.5,2
2026-07-10 16:55:00+00:00,1193.0,1193.0,1193.0,1193.0,1
2026-07-10 17:01:00+00:00,-14.0,-14.0,-14.0,-14.0,1
2026-07-10 17:01:00+00:00,1207.5,1207.5,1207.5,1207.5,1
2026-07-10 17:01:00+00:00,1193.5,1193.5,1193.5,1193.5,8
2026-07-10 17:05:00+00:00,1194.0,1194.0,1193.5,1193.5,2
2026-07-10 17:08:00+00:00,1192.0,1192.0,1192.0,1192.0,1
2026-07-10 17:11:00+00:00,1193.0,1193.0,1193.0,1193.0,1
2026-07-10 17:20:00+00:00,1192.5,1192.5,1192.5,1192.5,1
2026-07-10 17:26:00+00:00,1193.0,1193.0,1193.0,1193.0,1
2026-07-10 17:31:00+00:00,1192.0,1192.0,1192.0,1192.0,1
2026-07-10 17:32:00+00:00,1191.0,1191.0,1191.0,1191.0,1
2026-07-10 17:35:00+00:00,1191.5,1191.5,1191.5,1191.5,1
2026-07-10 17:41:00+00:00,1191.0,1191.0,1191.0,1191.0,1
2026-07-10 17:50:00+00:00,1190.0,1190.0,1190.0,1190.0,1
2026-07-10 17:56:00+00:00,1180.5,1180.5,1180.5,1180.5,2
2026-07-10 17:56:00+00:00,1190.5,1190.5,1190.5,1190.5,2
2026-07-10 17:57:00+00:00,1181.0,1181.0,1181.0,1181.0,3
2026-07-10 17:57:00+00:00,-10.0,-10.0,-10.0,-10.0,3
2026-07-10 17:57:00+00:00,1191.0,1191.0,1191.0,1191.0,3
2026-07-10 18:04:00+00:00,1192.0,1192.0,1192.0,1192.0,1
2026-07-10 18:05:00+00:00,1192.0,1192.0,1192.0,1192.0,1
2026-07-10 18:07:00+00:00,1192.5,1192.5,1192.5,1192.5,5
2026-07-10 18:15:00+00:00,1191.0,1191.0,1191.0,1191.0,1
2026-07-13 00:00:00+00:00,1196.5,1200.5,1196.5,1200.5,3
2026-07-13 00:00:00+00:00,1184.5,1195.0,1184.5,1195.0,10
2026-07-13 00:00:00+00:00,1202.5,1206.5,1199.5,1206.5,9
2026-07-13 00:01:00+00:00,1205.5,1205.5,1203.5,1203.5,15
2026-07-13 00:01:00+00:00,1220.0,1220.0,1220.0,1220.0,1
2026-07-13 00:01:00+00:00,1204.5,1204.5,1204.5,1204.5,2
2026-07-13 00:02:00+00:00,1203.5,1204.0,1203.0,1203.0,12
2026-07-13 00:02:00+00:00,1203.5,1203.5,1203.0,1203.0,4
2026-07-13 00:02:00+00:00,0.0,0.0,0.0,0.0,4
2026-07-13 00:03:00+00:00,1205.0,1205.0,1205.0,1205.0,1
2026-07-13 00:05:00+00:00,1203.0,1203.0,1203.0,1203.0,2
2026-07-13 00:06:00+00:00,1203.0,1203.0,1203.0,1203.0,5
2026-07-13 00:21:00+00:00,1196.0,1197.0,1196.0,1197.0,7
2026-07-13 00:25:00+00:00,1206.0,1206.0,1206.0,1206.0,1
2026-07-13 00:27:00+00:00,1206.0,1206.0,1206.0,1206.0,1
2026-07-13 00:28:00+00:00,1206.5,1206.5,1206.5,1206.5,2
2026-07-13 00:29:00+00:00,1207.0,1207.0,1207.0,1207.0,1
2026-07-13 00:38:00+00:00,1196.0,1196.0,1196.0,1196.0,1
2026-07-13 00:38:00+00:00,1205.0,1205.0,1204.5,1204.5,2
2026-07-13 00:38:00+00:00,-9.0,-9.0,-9.0,-9.0,1
2026-07-13 00:56:00+00:00,1203.5,1203.5,1203.5,1203.5,1
2026-07-13 00:59:00+00:00,1202.5,1202.5,1202.5,1202.5,5
2026-07-13 01:09:00+00:00,1201.0,1201.0,1201.0,1201.0,1
2026-07-13 01:14:00+00:00,1200.5,1200.5,1200.5,1200.5,2
2026-07-13 01:17:00+00:00,1191.0,1191.0,1191.0,1191.0,2
2026-07-13 01:17:00+00:00,1200.0,1200.0,1200.0,1200.0,2
2026-07-13 01:18:00+00:00,1200.0,1200.0,1200.0,1200.0,2
2026-07-13 01:18:00+00:00,1191.0,1191.0,1191.0,1191.0,2
2026-07-13 01:28:00+00:00,1199.5,1199.5,1199.5,1199.5,1
2026-07-13 01:40:00+00:00,1201.5,1201.5,1201.5,1201.5,2
2026-07-13 01:41:00+00:00,1198.0,1198.0,1198.0,1198.0,4
2026-07-13 01:41:00+00:00,1201.5,1201.5,1201.5,1201.5,2
2026-07-13 02:21:00+00:00,1189.5,1189.5,1189.5,1189.5,1
2026-07-13 02:33:00+00:00,1199.5,1199.5,1199.5,1199.5,1
2026-07-13 03:06:00+00:00,1196.0,1196.0,1196.0,1196.0,1
2026-07-13 03:26:00+00:00,1195.5,1195.5,1195.5,1195.5,2
2026-07-13 03:28:00+00:00,1195.5,1195.5,1195.5,1195.5,2
2026-07-13 03:32:00+00:00,1187.0,1187.0,1187.0,1187.0,1
2026-07-13 04:38:00+00:00,1195.5,1195.5,1195.5,1195.5,2
2026-07-13 04:51:00+00:00,1196.5,1196.5,1196.5,1196.5,1
2026-07-13 05:16:00+00:00,1198.0,1198.0,1198.0,1198.0,2
2026-07-13 05:23:00+00:00,1188.0,1188.0,1188.0,1188.0,2
2026-07-13 05:30:00+00:00,1195.5,1195.5,1195.5,1195.5,2
2026-07-13 06:06:00+00:00,1186.0,1186.0,1186.0,1186.0,2
2026-07-13 06:09:00+00:00,1186.0,1186.0,1186.0,1186.0,4
2026-07-13 06:12:00+00:00,1186.0,1186.0,1186.0,1186.0,2
2026-07-13 06:20:00+00:00,1185.0,1185.0,1185.0,1185.0,2
2026-07-13 06:20:00+00:00,1194.0,1194.0,1193.5,1193.5,3
2026-07-13 06:21:00+00:00,11.5,11.5,11.5,11.5,1
2026-07-13 06:21:00+00:00,1195.5,1195.5,1195.5,1195.5,1
2026-07-13 06:21:00+00:00,1184.0,1184.0,1184.0,1184.0,4
2026-07-13 06:23:00+00:00,1193.5,1194.0,1193.5,1194.0,10
2026-07-13 06:43:00+00:00,1194.5,1194.5,1194.5,1194.5,2
2026-07-13 06:43:00+00:00,1192.0,1192.0,1192.0,1192.0,4
2026-07-13 06:43:00+00:00,1183.5,1183.5,1183.5,1183.5,2
2026-07-13 06:44:00+00:00,1183.0,1183.0,1183.0,1183.0,2
2026-07-13 06:44:00+00:00,1192.0,1192.0,1192.0,1192.0,2
2026-07-13 06:44:00+00:00,1194.5,1194.5,1194.5,1194.5,2
2026-07-13 06:47:00+00:00,1192.0,1192.0,1192.0,1192.0,2
2026-07-13 07:07:00+00:00,1184.5,1184.5,1184.5,1184.5,2
2026-07-13 07:08:00+00:00,1196.0,1196.5,1196.0,1196.5,10
2026-07-13 07:08:00+00:00,1184.5,1184.5,1184.5,1184.5,2
2026-07-13 07:08:00+00:00,1193.5,1194.5,1193.5,1194.5,4
2026-07-13 07:11:00+00:00,1197.0,1197.0,1197.0,1197.0,2
2026-07-13 07:40:00+00:00,1196.0,1196.0,1196.0,1196.0,4
2026-07-13 07:59:00+00:00,1195.0,1195.0,1195.0,1195.0,2
2026-07-13 08:01:00+00:00,1196.0,1196.0,1196.0,1196.0,2
2026-07-13 08:04:00+00:00,1196.0,1196.0,1196.0,1196.0,2
2026-07-13 08:21:00+00:00,1194.0,1194.0,1194.0,1194.0,1
2026-07-13 08:28:00+00:00,1197.0,1197.0,1197.0,1197.0,4
2026-07-13 08:37:00+00:00,1197.0,1197.0,1197.0,1197.0,4
2026-07-13 08:46:00+00:00,1194.5,1194.5,1194.5,1194.5,1
2026-07-13 09:26:00+00:00,1195.5,1195.5,1195.5,1195.5,2
2026-07-13 09:27:00+00:00,1195.5,1195.5,1195.5,1195.5,4
2026-07-13 09:56:00+00:00,1187.0,1187.0,1187.0,1187.0,2
2026-07-13 09:57:00+00:00,1187.0,1187.0,1187.0,1187.0,2
2026-07-13 10:14:00+00:00,1188.5,1188.5,1188.5,1188.5,2
2026-07-13 10:14:00+00:00,1197.5,1198.0,1197.5,1198.0,14
2026-07-13 10:15:00+00:00,1189.5,1189.5,1189.5,1189.5,2
2026-07-13 10:24:00+00:00,1189.5,1189.5,1189.5,1189.5,2
2026-07-13 10:24:00+00:00,1198.5,1198.5,1198.5,1198.5,2
2026-07-13 10:25:00+00:00,1190.0,1190.0,1190.0,1190.0,2
2026-07-13 10:27:00+00:00,1198.5,1198.5,1198.5,1198.5,2
2026-07-13 11:07:00+00:00,1201.0,1201.0,1201.0,1201.0,1
2026-07-13 11:16:00+00:00,1200.0,1200.0,1200.0,1200.0,1
2026-07-13 11:55:00+00:00,1197.0,1197.0,1197.0,1197.0,12
2026-07-13 11:55:00+00:00,-9.0,-9.0,-9.0,-9.0,1
2026-07-13 11:55:00+00:00,1188.0,1188.0,1188.0,1188.0,1
2026-07-13 12:06:00+00:00,1196.5,1196.5,1196.5,1196.5,1
2026-07-13 12:08:00+00:00,1195.5,1195.5,1195.5,1195.5,1
2026-07-13 12:21:00+00:00,1187.0,1187.0,1187.0,1187.0,1
2026-07-13 12:33:00+00:00,1196.0,1196.0,1196.0,1196.0,2
2026-07-13 12:39:00+00:00,1186.0,1186.0,1186.0,1186.0,1
2026-07-13 12:43:00+00:00,11.0,11.0,11.0,11.0,1
2026-07-13 12:43:00+00:00,1185.5,1185.5,1185.5,1185.5,1
2026-07-13 12:43:00+00:00,1194.0,1194.0,1194.0,1194.0,1
2026-07-13 12:43:00+00:00,1196.5,1196.5,1196.5,1196.5,1
2026-07-13 13:30:00+00:00,1195.0,1195.5,1195.0,1195.5,3
2026-07-13 13:30:00+00:00,1195.5,1196.5,1195.5,1196.5,4
2026-07-13 13:30:00+00:00,1210.0,1210.0,1210.0,1210.0,1
2026-07-13 13:31:00+00:00,1185.5,1185.5,1185.5,1185.5,3
2026-07-13 13:31:00+00:00,1196.5,1196.5,1196.5,1196.5,2
2026-07-13 13:34:00+00:00,1183.5,1183.5,1183.0,1183.0,8
2026-07-13 13:35:00+00:00,1183.0,1183.0,1183.0,1183.0,3
2026-07-13 13:36:00+00:00,1191.5,1191.5,1191.5,1191.5,3
2026-07-13 13:36:00+00:00,1182.5,1182.5,1182.5,1182.5,3
2026-07-13 13:37:00+00:00,1193.5,1193.5,1193.5,1193.5,1
2026-07-13 13:37:00+00:00,1191.5,1191.5,1191.5,1191.5,2
2026-07-13 13:40:00+00:00,1193.5,1193.5,1193.5,1193.5,1
2026-07-13 13:50:00+00:00,1196.5,1196.5,1196.5,1196.5,2
2026-07-13 13:56:00+00:00,1194.5,1194.5,1194.5,1194.5,1
2026-07-13 13:58:00+00:00,1185.5,1185.5,1185.5,1185.5,1
2026-07-13 14:03:00+00:00,1194.0,1194.0,1194.0,1194.0,2
2026-07-13 14:04:00+00:00,1194.0,1194.0,1194.0,1194.0,1
2026-07-13 14:16:00+00:00,1194.5,1194.5,1194.5,1194.5,1
2026-07-13 14:22:00+00:00,1194.5,1194.5,1194.5,1194.5,1
2026-07-13 14:23:00+00:00,1194.5,1194.5,1194.5,1194.5,1
2026-07-13 14:35:00+00:00,1197.5,1197.5,1197.5,1197.5,2
2026-07-13 14:39:00+00:00,1197.5,1197.5,1197.5,1197.5,2
2026-07-13 14:50:00+00:00,1194.5,1194.5,1194.5,1194.5,1
2026-07-13 14:50:00+00:00,1185.5,1185.5,1185.5,1185.5,1
2026-07-13 15:04:00+00:00,1199.0,1199.0,1199.0,1199.0,5
2026-07-13 15:06:00+00:00,1196.5,1196.5,1196.5,1196.5,2
2026-07-13 15:19:00+00:00,1196.0,1196.0,1196.0,1196.0,1
2026-07-13 15:26:00+00:00,1189.0,1189.5,1189.0,1189.5,2
2026-07-13 15:37:00+00:00,1198.0,1198.0,1198.0,1198.0,1
2026-07-13 15:45:00+00:00,1200.0,1200.0,1200.0,1200.0,1
2026-07-13 15:52:00+00:00,1202.0,1202.0,1201.0,1201.0,2
2026-07-13 16:01:00+00:00,1204.5,1204.5,1204.5,1204.5,1
2026-07-13 16:04:00+00:00,1202.0,1202.0,1201.5,1201.5,4
2026-07-13 16:06:00+00:00,1201.0,1201.0,1201.0,1201.0,1
2026-07-13 16:10:00+00:00,1201.0,1201.0,1201.0,1201.0,3
2026-07-13 16:22:00+00:00,1199.5,1199.5,1199.5,1199.5,1
2026-07-13 16:24:00+00:00,1199.0,1199.0,1199.0,1199.0,1
2026-07-13 16:26:00+00:00,1199.0,1199.0,1199.0,1199.0,1
2026-07-13 16:28:00+00:00,1198.5,1198.5,1198.5,1198.5,6
2026-07-13 16:46:00+00:00,1199.0,1199.0,1199.0,1199.0,1
2026-07-13 17:02:00+00:00,1198.0,1198.0,1198.0,1198.0,2
2026-07-13 17:02:00+00:00,1188.5,1188.5,1188.5,1188.5,10
2026-07-13 17:06:00+00:00,1189.0,1189.0,1189.0,1189.0,10
2026-07-13 17:20:00+00:00,1201.0,1201.0,1201.0,1201.0,14
2026-07-13 17:23:00+00:00,1198.0,1198.0,1198.0,1198.0,5
2026-07-13 17:31:00+00:00,1198.5,1198.5,1198.5,1198.5,2
2026-07-13 17:40:00+00:00,11.5,11.5,11.5,11.5,1
2026-07-13 18:02:00+00:00,1201.0,1201.0,1201.0,1201.0,1
2026-07-13 18:08:00+00:00,1197.0,1197.0,1197.0,1197.0,1
2026-07-13 18:14:00+00:00,1194.5,1194.5,1194.5,1194.5,3
2026-07-13 18:14:00+00:00,1196.5,1196.5,1196.5,1196.5,2
2026-07-13 18:15:00+00:00,1197.0,1197.0,1197.0,1197.0,5
2026-07-13 18:16:00+00:00,1194.0,1194.0,1194.0,1194.0,3
2026-07-13 18:17:00+00:00,1194.0,1194.0,1194.0,1194.0,2
2026-07-13 18:18:00+00:00,1193.5,1193.5,1193.5,1193.5,1
2026-07-14 00:01:00+00:00,1191.0,1191.0,1191.0,1191.0,1
2026-07-14 00:01:00+00:00,1193.5,1193.5,1192.0,1192.0,11
2026-07-14 00:02:00+00:00,1191.0,1191.0,1191.0,1191.0,10
2026-07-14 00:02:00+00:00,1190.0,1190.0,1190.0,1190.0,1
2026-07-14 00:15:00+00:00,1189.5,1189.5,1189.5,1189.5,2
2026-07-14 00:21:00+00:00,1179.5,1179.5,1179.5,1179.5,2
2026-07-14 00:26:00+00:00,1189.0,1189.0,1189.0,1189.0,2
2026-07-14 00:50:00+00:00,1192.5,1192.5,1192.5,1192.5,2
2026-07-14 00:50:00+00:00,1191.0,1191.0,1191.0,1191.0,1
2026-07-14 00:52:00+00:00,1189.5,1190.5,1189.5,1190.5,9
2026-07-14 00:58:00+00:00,1192.5,1192.5,1192.5,1192.5,2
2026-07-14 01:06:00+00:00,1192.0,1192.0,1192.0,1192.0,5
2026-07-14 01:07:00+00:00,1193.5,1193.5,1193.5,1193.5,3
2026-07-14 01:16:00+00:00,1194.0,1194.0,1194.0,1194.0,1
2026-07-14 01:29:00+00:00,1192.0,1192.0,1192.0,1192.0,1
2026-07-14 01:32:00+00:00,1190.0,1190.0,1190.0,1190.0,2
2026-07-14 01:45:00+00:00,1179.0,1179.0,1179.0,1179.0,2
2026-07-14 01:47:00+00:00,1179.0,1179.0,1179.0,1179.0,2
2026-07-14 01:51:00+00:00,1188.5,1188.5,1188.5,1188.5,1
2026-07-14 02:08:00+00:00,1188.0,1188.0,1187.5,1187.5,5
2026-07-14 02:12:00+00:00,1187.5,1187.5,1187.5,1187.5,5
2026-07-14 02:16:00+00:00,1188.5,1188.5,1188.5,1188.5,1
2026-07-14 02:35:00+00:00,1178.0,1178.0,1178.0,1178.0,2
2026-07-14 02:45:00+00:00,1189.5,1189.5,1189.5,1189.5,2
2026-07-14 04:25:00+00:00,1190.0,1190.0,1190.0,1190.0,1
2026-07-14 04:37:00+00:00,1189.5,1189.5,1189.5,1189.5,1
2026-07-14 04:54:00+00:00,1193.5,1193.5,1193.5,1193.5,1
2026-07-14 05:01:00+00:00,1192.5,1192.5,1192.5,1192.5,2
2026-07-14 05:38:00+00:00,1189.5,1189.5,1189.5,1189.5,1
2026-07-14 05:43:00+00:00,1189.5,1189.5,1189.5,1189.5,1
2026-07-14 05:58:00+00:00,1180.0,1180.0,1180.0,1180.0,2
2026-07-14 05:58:00+00:00,1189.5,1189.5,1189.5,1189.5,2
2026-07-14 05:58:00+00:00,-9.5,-9.5,-9.5,-9.5,2
2026-07-14 06:07:00+00:00,1191.0,1191.0,1191.0,1191.0,1
2026-07-14 06:24:00+00:00,1191.0,1191.0,1191.0,1191.0,4
2026-07-14 06:25:00+00:00,1181.5,1181.5,1181.5,1181.5,1
2026-07-14 07:05:00+00:00,1189.0,1189.0,1189.0,1189.0,3
2026-07-14 07:13:00+00:00,1192.5,1192.5,1192.5,1192.5,2
2026-07-14 07:13:00+00:00,1189.0,1189.0,1188.5,1188.5,12
2026-07-14 07:13:00+00:00,1180.0,1180.0,1179.0,1179.0,4
2026-07-14 07:21:00+00:00,1192.5,1192.5,1192.5,1192.5,3
2026-07-14 07:27:00+00:00,1189.0,1189.0,1189.0,1189.0,2
2026-07-14 07:37:00+00:00,1189.5,1189.5,1189.5,1189.5,4
2026-07-14 07:37:00+00:00,-9.5,-9.5,-9.5,-9.5,4
2026-07-14 07:37:00+00:00,1180.0,1180.0,1180.0,1180.0,4
2026-07-14 07:41:00+00:00,1192.0,1192.0,1192.0,1192.0,1
2026-07-14 07:52:00+00:00,1192.0,1192.0,1192.0,1192.0,2
2026-07-14 07:53:00+00:00,1192.0,1192.0,1192.0,1192.0,2
2026-07-14 09:01:00+00:00,1190.5,1190.5,1190.5,1190.5,5
2026-07-14 09:02:00+00:00,1194.5,1195.0,1194.5,1194.5,24
2026-07-14 09:02:00+00:00,1182.0,1182.0,1182.0,1182.0,25
2026-07-14 09:02:00+00:00,-10.0,-10.0,-10.0,-10.0,1
2026-07-14 09:02:00+00:00,-9.0,-9.0,-9.0,-9.0,2
2026-07-14 09:02:00+00:00,1205.0,1205.0,1205.0,1205.0,1
2026-07-14 09:02:00+00:00,1191.0,1191.0,1191.0,1191.0,2
2026-07-14 09:03:00+00:00,1191.0,1191.5,1191.0,1191.5,4
2026-07-14 09:22:00+00:00,1195.0,1195.0,1195.0,1195.0,1
2026-07-14 09:42:00+00:00,1195.0,1195.0,1195.0,1195.0,1
2026-07-14 09:45:00+00:00,1190.0,1190.0,1190.0,1190.0,2
2026-07-14 09:47:00+00:00,1190.0,1190.0,1190.0,1190.0,2
2026-07-14 10:07:00+00:00,1190.0,1190.0,1190.0,1190.0,2
2026-07-14 10:14:00+00:00,1194.0,1194.0,1194.0,1194.0,4
2026-07-14 11:00:00+00:00,1187.0,1187.0,1187.0,1187.0,2
2026-07-14 11:02:00+00:00,1187.0,1187.0,1187.0,1187.0,1
2026-07-14 11:03:00+00:00,1187.0,1187.0,1187.0,1187.0,1
2026-07-14 11:06:00+00:00,1191.0,1191.0,1190.5,1190.5,2
2026-07-14 11:45:00+00:00,1189.5,1189.5,1189.5,1189.5,1
2026-07-14 11:49:00+00:00,1186.5,1186.5,1186.5,1186.5,2
2026-07-14 11:53:00+00:00,1176.5,1176.5,1176.5,1176.5,1
2026-07-14 12:37:00+00:00,1179.5,1179.5,1179.5,1179.5,2
2026-07-14 12:44:00+00:00,1180.5,1180.5,1180.5,1180.5,4
2026-07-14 13:31:00+00:00,1191.0,1191.0,1191.0,1191.0,1
2026-07-14 13:33:00+00:00,1177.5,1181.5,1177.5,1181.5,2
2026-07-14 13:33:00+00:00,13.5,13.5,13.5,13.5,1
2026-07-14 13:33:00+00:00,1195.0,1195.0,1195.0,1195.0,1
2026-07-14 13:42:00+00:00,1182.0,1182.0,1182.0,1182.0,1
2026-07-14 13:46:00+00:00,1192.5,1192.5,1192.5,1192.5,1
2026-07-14 13:52:00+00:00,1184.0,1184.0,1184.0,1184.0,1
2026-07-14 13:54:00+00:00,1196.5,1196.5,1196.5,1196.5,2
2026-07-14 14:18:00+00:00,12.0,12.0,12.0,12.0,23
2026-07-14 14:20:00+00:00,1182.0,1182.0,1182.0,1182.0,2
2026-07-14 14:23:00+00:00,1192.0,1192.0,1192.0,1192.0,2
2026-07-14 14:26:00+00:00,1190.0,1190.0,1190.0,1190.0,2
2026-07-14 14:37:00+00:00,1192.0,1192.0,1192.0,1192.0,1
2026-07-14 14:37:00+00:00,-15.5,-15.5,-15.5,-15.5,1
2026-07-14 14:37:00+00:00,1207.5,1207.5,1207.5,1207.5,1
2026-07-14 15:11:00+00:00,1188.5,1188.5,1188.5,1188.5,2
2026-07-14 15:11:00+00:00,1188.5,1188.5,1188.5,1188.5,1
2026-07-14 15:15:00+00:00,1189.5,1189.5,1189.5,1189.5,2
2026-07-14 15:27:00+00:00,1193.0,1193.0,1193.0,1193.0,3
2026-07-14 15:30:00+00:00,1193.0,1193.0,1193.0,1193.0,1
2026-07-14 15:53:00+00:00,1182.5,1182.5,1182.5,1182.5,1
2026-07-14 15:55:00+00:00,1192.0,1192.0,1192.0,1192.0,1
2026-07-14 15:55:00+00:00,1182.5,1182.5,1182.5,1182.5,1
2026-07-14 16:00:00+00:00,1182.0,1182.0,1182.0,1182.0,1
2026-07-14 16:06:00+00:00,1192.5,1192.5,1192.5,1192.5,1
2026-07-14 16:29:00+00:00,1191.5,1191.5,1191.5,1191.5,2
2026-07-14 16:58:00+00:00,1193.0,1193.0,1193.0,1193.0,1
2026-07-14 17:56:00+00:00,1182.0,1182.0,1182.0,1182.0,1
2026-07-14 18:01:00+00:00,1193.0,1193.0,1193.0,1193.0,1
2026-07-14 18:17:00+00:00,1192.5,1192.5,1192.5,1192.5,3
2026-07-14 18:17:00+00:00,1191.0,1191.0,1191.0,1191.0,6
2026-07-15 00:00:00+00:00,1185.0,1185.0,1185.0,1185.0,1
2026-07-15 00:01:00+00:00,1194.5,1194.5,1194.5,1194.5,1
2026-07-15 00:02:00+00:00,1193.0,1193.0,1193.0,1193.0,1
2026-07-15 00:04:00+00:00,1194.5,1194.5,1194.0,1194.0,9
2026-07-15 00:22:00+00:00,1195.5,1195.5,1195.5,1195.5,8
2026-07-15 00:23:00+00:00,1185.0,1185.0,1185.0,1185.0,1
2026-07-15 00:34:00+00:00,-10.0,-10.0,-10.0,-10.0,2
2026-07-15 00:34:00+00:00,1186.0,1186.0,1186.0,1186.0,2
2026-07-15 00:34:00+00:00,1196.0,1196.0,1196.0,1196.0,6
2026-07-15 01:03:00+00:00,1185.0,1185.0,1185.0,1185.0,2
2026-07-15 01:03:00+00:00,1195.0,1195.0,1195.0,1195.0,1
2026-07-15 01:04:00+00:00,1195.0,1195.0,1195.0,1195.0,4
2026-07-15 01:04:00+00:00,1185.0,1185.0,1185.0,1185.0,2
2026-07-15 01:07:00+00:00,1197.0,1197.0,1197.0,1197.0,4
2026-07-15 01:07:00+00:00,1186.0,1186.0,1186.0,1186.0,2
2026-07-15 01:09:00+00:00,1185.0,1185.0,1185.0,1185.0,2
2026-07-15 01:09:00+00:00,1197.0,1197.0,1197.0,1197.0,2
2026-07-15 01:09:00+00:00,1195.0,1195.0,1195.0,1195.0,4
2026-07-15 01:10:00+00:00,1185.0,1185.0,1185.0,1185.0,2
2026-07-15 01:11:00+00:00,1195.0,1195.0,1195.0,1195.0,2
2026-07-15 01:27:00+00:00,1185.5,1185.5,1185.5,1185.5,2
2026-07-15 01:28:00+00:00,1198.0,1198.0,1198.0,1198.0,3
2026-07-15 02:19:00+00:00,1186.0,1186.0,1186.0,1186.0,1
2026-07-15 02:42:00+00:00,1196.5,1196.5,1196.5,1196.5,3
2026-07-15 03:28:00+00:00,1193.5,1193.5,1193.5,1193.5,1
2026-07-15 06:35:00+00:00,1194.0,1194.0,1194.0,1194.0,2
2026-07-15 06:36:00+00:00,1194.5,1194.5,1194.5,1194.5,1
2026-07-15 06:47:00+00:00,1195.0,1195.0,1195.0,1195.0,2
2026-07-15 06:47:00+00:00,1184.0,1184.0,1184.0,1184.0,2
2026-07-15 06:48:00+00:00,1195.5,1195.5,1195.5,1195.5,2
2026-07-15 06:49:00+00:00,1184.5,1184.5,1184.5,1184.5,2
2026-07-15 07:11:00+00:00,1193.0,1193.0,1193.0,1193.0,1
2026-07-15 07:34:00+00:00,1182.0,1182.0,1182.0,1182.0,2
2026-07-15 07:36:00+00:00,1181.0,1181.0,1181.0,1181.0,2
2026-07-15 07:36:00+00:00,1192.0,1192.0,1192.0,1192.0,2
2026-07-15 07:36:00+00:00,1191.0,1191.0,1190.0,1190.0,5
2026-07-15 07:49:00+00:00,1180.0,1180.0,1180.0,1180.0,2
2026-07-15 07:50:00+00:00,1192.0,1192.0,1192.0,1192.0,4
2026-07-15 07:50:00+00:00,1181.0,1181.0,1181.0,1181.0,2
2026-07-15 08:00:00+00:00,1181.5,1181.5,1181.5,1181.5,2
2026-07-15 08:00:00+00:00,1191.5,1191.5,1191.5,1191.5,1
2026-07-15 08:04:00+00:00,1192.0,1192.0,1192.0,1192.0,1
2026-07-15 08:11:00+00:00,1192.0,1192.0,1192.0,1192.0,1
2026-07-15 08:14:00+00:00,1191.5,1191.5,1191.5,1191.5,1
2026-07-15 08:14:00+00:00,1182.0,1182.0,1182.0,1182.0,2
2026-07-15 08:15:00+00:00,1182.0,1182.0,1182.0,1182.0,2
2026-07-15 08:19:00+00:00,1192.5,1192.5,1192.5,1192.5,1
2026-07-15 08:22:00+00:00,1193.0,1193.0,1193.0,1193.0,2
2026-07-15 08:22:00+00:00,1182.0,1182.0,1182.0,1182.0,7
2026-07-15 08:24:00+00:00,1183.5,1183.5,1183.5,1183.5,1
2026-07-15 08:26:00+00:00,1194.0,1194.0,1194.0,1194.0,1
2026-07-15 08:34:00+00:00,-10.0,-10.0,-10.0,-10.0,1
2026-07-15 08:34:00+00:00,1195.0,1195.0,1195.0,1195.0,2
2026-07-15 08:34:00+00:00,1194.0,1194.0,1194.0,1194.0,5
2026-07-15 08:34:00+00:00,1184.0,1184.5,1184.0,1184.5,3
2026-07-15 08:35:00+00:00,1184.5,1184.5,1184.5,1184.5,1
2026-07-15 08:35:00+00:00,1195.0,1195.0,1195.0,1195.0,2
2026-07-15 08:35:00+00:00,1194.0,1194.0,1194.0,1194.0,3
2026-07-15 08:39:00+00:00,1194.0,1194.0,1194.0,1194.0,1
2026-07-15 08:46:00+00:00,1186.5,1186.5,1186.5,1186.5,3
2026-07-15 08:46:00+00:00,1198.0,1198.0,1198.0,1198.0,2
2026-07-15 08:47:00+00:00,1198.5,1198.5,1198.0,1198.0,4
2026-07-15 08:50:00+00:00,1187.0,1187.0,1187.0,1187.0,2
2026-07-15 08:54:00+00:00,1187.5,1187.5,1187.5,1187.5,2
2026-07-15 08:56:00+00:00,1211.0,1211.0,1211.0,1211.0,1
2026-07-15 08:57:00+00:00,11.0,11.0,11.0,11.0,2
2026-07-15 08:57:00+00:00,1186.5,1186.5,1186.5,1186.5,2
2026-07-15 08:57:00+00:00,1197.5,1197.5,1197.5,1197.5,2
2026-07-15 09:01:00+00:00,1197.5,1197.5,1197.5,1197.5,2
2026-07-15 09:01:00+00:00,1196.5,1196.5,1196.5,1196.5,4
2026-07-15 09:03:00+00:00,1197.5,1198.0,1197.5,1198.0,7
2026-07-15 09:10:00+00:00,1197.0,1197.0,1197.0,1197.0,2
2026-07-15 09:12:00+00:00,1197.0,1197.0,1197.0,1197.0,1
2026-07-15 09:22:00+00:00,1197.5,1197.5,1197.5,1197.5,2
2026-07-15 09:24:00+00:00,1187.0,1187.0,1187.0,1187.0,1
2026-07-15 09:26:00+00:00,1196.5,1196.5,1196.5,1196.5,1
2026-07-15 09:28:00+00:00,1197.5,1197.5,1197.5,1197.5,2
2026-07-15 09:41:00+00:00,1186.0,1186.0,1186.0,1186.0,1
2026-07-15 09:52:00+00:00,1196.5,1196.5,1196.5,1196.5,2
2026-07-15 10:11:00+00:00,1198.5,1198.5,1198.5,1198.5,1
2026-07-15 10:26:00+00:00,1198.0,1198.0,1198.0,1198.0,4
2026-07-15 10:59:00+00:00,1196.0,1196.0,1196.0,1196.0,2
2026-07-15 11:11:00+00:00,1197.0,1197.0,1197.0,1197.0,4
2026-07-15 11:11:00+00:00,1196.5,1196.5,1196.5,1196.5,2
2026-07-15 11:11:00+00:00,1186.5,1186.5,1186.5,1186.5,2
2026-07-15 11:12:00+00:00,1186.5,1186.5,1186.5,1186.5,2
2026-07-15 11:46:00+00:00,-14.0,-14.0,-14.0,-14.0,1
2026-07-15 11:46:00+00:00,1209.5,1209.5,1209.5,1209.5,1
2026-07-15 11:46:00+00:00,1195.5,1195.5,1195.5,1195.5,1
2026-07-15 11:55:00+00:00,1195.0,1195.0,1195.0,1195.0,2
2026-07-15 11:56:00+00:00,1195.0,1195.0,1195.0,1195.0,2
2026-07-15 12:19:00+00:00,1192.0,1192.0,1192.0,1192.0,4
2026-07-15 12:19:00+00:00,11.0,11.0,11.0,11.0,2
2026-07-15 12:19:00+00:00,1182.5,1182.5,1182.0,1182.0,4
2026-07-15 12:19:00+00:00,1193.0,1193.0,1193.0,1193.0,2
2026-07-15 12:20:00+00:00,1191.5,1191.5,1191.5,1191.5,2
2026-07-15 12:20:00+00:00,1193.0,1193.0,1193.0,1193.0,2
2026-07-15 12:20:00+00:00,1182.0,1182.0,1182.0,1182.0,2
2026-07-15 13:30:00+00:00,1192.0,1192.0,1192.0,1192.0,2
2026-07-15 13:30:00+00:00,1183.5,1183.5,1183.5,1183.5,10
2026-07-15 13:30:00+00:00,1195.0,1195.0,1189.5,1189.5,11
2026-07-15 13:33:00+00:00,-10.5,-10.5,-10.5,-10.5,14
2026-07-15 13:33:00+00:00,1186.5,1186.5,1186.0,1186.5,48
2026-07-15 13:33:00+00:00,1175.5,1176.0,1175.0,1176.0,21
2026-07-15 13:33:00+00:00,1185.5,1185.5,1185.5,1185.5,17
2026-07-15 13:35:00+00:00,1186.0,1186.5,1186.0,1186.0,16
2026-07-15 13:35:00+00:00,-10.5,-10.5,-10.5,-10.5,4
2026-07-15 13:35:00+00:00,1185.0,1185.0,1185.0,1185.0,1
2026-07-15 13:35:00+00:00,1175.5,1176.0,1175.5,1176.0,11
2026-07-15 13:36:00+00:00,1185.5,1185.5,1185.5,1185.5,1
2026-07-15 13:36:00+00:00,1186.5,1186.5,1186.5,1186.5,2
2026-07-15 13:43:00+00:00,1188.5,1188.5,1188.5,1188.5,3
2026-07-15 13:43:00+00:00,1177.5,1177.5,1177.5,1177.5,1
2026-07-15 13:47:00+00:00,-10.5,-10.5,-10.5,-10.5,3
2026-07-15 13:47:00+00:00,1180.5,1180.5,1180.5,1180.5,3
2026-07-15 13:47:00+00:00,1190.5,1191.0,1190.5,1191.0,13
2026-07-15 13:54:00+00:00,1191.5,1191.5,1191.5,1191.5,1
2026-07-15 13:58:00+00:00,1183.0,1183.5,1183.0,1183.5,5
2026-07-15 13:59:00+00:00,1183.5,1183.5,1183.5,1183.5,1
2026-07-15 14:00:00+00:00,1193.5,1193.5,1193.5,1193.5,2
2026-07-15 14:01:00+00:00,1184.0,1184.0,1184.0,1184.0,1
2026-07-15 14:02:00+00:00,1193.5,1193.5,1193.5,1193.5,2
2026-07-15 14:10:00+00:00,1184.5,1184.5,1184.5,1184.5,2
2026-07-15 14:11:00+00:00,1195.5,1195.5,1195.5,1195.5,1
2026-07-15 14:18:00+00:00,-24.0,-24.0,-24.0,-24.0,1
2026-07-15 14:18:00+00:00,1196.0,1196.0,1196.0,1196.0,1
2026-07-15 14:18:00+00:00,1220.0,1220.0,1220.0,1220.0,1
2026-07-15 14:22:00+00:00,1196.0,1196.0,1196.0,1196.0,1
2026-07-15 14:24:00+00:00,1195.0,1195.0,1195.0,1195.0,1
2026-07-15 14:28:00+00:00,1185.5,1185.5,1185.5,1185.5,1
2026-07-15 14:30:00+00:00,1196.5,1197.5,1196.5,1197.5,3
2026-07-15 14:32:00+00:00,1198.0,1198.0,1198.0,1198.0,15
2026-07-15 14:32:00+00:00,1187.5,1187.5,1187.5,1187.5,1
2026-07-15 14:34:00+00:00,1199.0,1199.5,1199.0,1199.5,3
2026-07-15 14:34:00+00:00,1199.5,1200.0,1199.5,1200.0,6
2026-07-15 14:38:00+00:00,1199.5,1199.5,1199.5,1199.5,1
2026-07-15 14:44:00+00:00,1200.5,1200.5,1200.5,1200.5,2
2026-07-15 14:48:00+00:00,1191.5,1191.5,1191.5,1191.5,1
2026-07-15 14:49:00+00:00,1201.5,1201.5,1201.5,1201.5,4
2026-07-15 14:50:00+00:00,1202.0,1202.0,1202.0,1202.0,1
2026-07-15 14:50:00+00:00,1192.0,1192.0,1192.0,1192.0,2
2026-07-15 14:50:00+00:00,1220.0,1220.0,1220.0,1220.0,1
2026-07-15 14:50:00+00:00,-18.0,-18.0,-18.0,-18.0,1
2026-07-15 14:52:00+00:00,1192.0,1192.0,1192.0,1192.0,1
2026-07-15 14:54:00+00:00,1201.0,1201.0,1201.0,1201.0,3
2026-07-15 14:57:00+00:00,-25.5,-25.5,-25.5,-25.5,1
2026-07-15 14:57:00+00:00,1230.0,1230.0,1230.0,1230.0,1
2026-07-15 14:57:00+00:00,1204.5,1204.5,1204.5,1204.5,1
2026-07-15 14:59:00+00:00,1202.5,1202.5,1202.5,1202.5,1
2026-07-15 15:06:00+00:00,1202.0,1202.0,1202.0,1202.0,2
2026-07-15 15:06:00+00:00,1203.5,1203.5,1203.5,1203.5,1
2026-07-15 15:20:00+00:00,1200.5,1200.5,1200.5,1200.5,3
2026-07-15 15:31:00+00:00,1198.5,1198.5,1198.5,1198.5,1
2026-07-15 15:32:00+00:00,1200.5,1200.5,1200.0,1200.0,2
2026-07-15 15:33:00+00:00,1199.5,1199.5,1199.5,1199.5,1
2026-07-15 15:48:00+00:00,1196.0,1196.0,1196.0,1196.0,2
2026-07-15 15:56:00+00:00,1195.5,1195.5,1195.5,1195.5,1
2026-07-15 15:57:00+00:00,1194.5,1194.5,1194.5,1194.5,14
2026-07-15 15:57:00+00:00,1195.5,1195.5,1195.5,1195.5,1
2026-07-15 16:01:00+00:00,1195.5,1195.5,1195.5,1195.5,4
2026-07-15 16:05:00+00:00,1185.5,1185.5,1185.5,1185.5,1
2026-07-15 16:07:00+00:00,1195.0,1195.0,1195.0,1195.0,1
2026-07-15 16:09:00+00:00,1196.5,1196.5,1196.5,1196.5,2
2026-07-15 16:10:00+00:00,1195.0,1195.0,1195.0,1195.0,4
2026-07-15 16:11:00+00:00,1195.5,1195.5,1195.5,1195.5,2
2026-07-15 16:18:00+00:00,1195.5,1195.5,1195.5,1195.5,1
2026-07-15 16:29:00+00:00,1197.0,1197.0,1197.0,1197.0,2
2026-07-15 16:59:00+00:00,1188.0,1188.0,1187.0,1187.0,4
2026-07-15 16:59:00+00:00,1197.5,1197.5,1197.5,1197.5,3
2026-07-15 16:59:00+00:00,1197.5,1197.5,1197.5,1197.5,13
2026-07-15 17:01:00+00:00,1188.0,1188.0,1188.0,1188.0,10
2026-07-15 17:01:00+00:00,1197.5,1198.5,1197.5,1198.5,12
2026-07-15 17:10:00+00:00,1200.0,1200.0,1200.0,1200.0,1
2026-07-15 17:20:00+00:00,1201.0,1201.0,1201.0,1201.0,4
2026-07-15 17:41:00+00:00,1192.0,1192.0,1192.0,1192.0,1
2026-07-15 18:09:00+00:00,1202.5,1202.5,1202.5,1202.5,2
2026-07-15 18:16:00+00:00,1201.5,1201.5,1201.5,1201.5,1
2026-07-15 18:16:00+00:00,1191.5,1191.5,1191.5,1191.5,5
2026-07-15 18:16:00+00:00,-10.0,-10.0,-10.0,-10.0,1
2026-07-15 18:16:00+00:00,1201.5,1201.5,1201.5,1201.5,1
2026-07-15 18:18:00+00:00,1202.5,1202.5,1202.5,1202.5,3
2026-07-15 18:18:00+00:00,1201.5,1201.5,1201.5,1201.5,1
2026-07-15 18:19:00+00:00,1201.0,1201.0,1201.0,1201.0,4
2026-07-16 00:21:00+00:00,1203.5,1203.5,1203.5,1203.5,1
2026-07-16 00:21:00+00:00,1194.0,1194.0,1194.0,1194.0,1
2026-07-16 00:26:00+00:00,1204.5,1204.5,1204.0,1204.0,4
2026-07-16 00:27:00+00:00,1204.5,1204.5,1204.5,1204.5,1
2026-07-16 00:38:00+00:00,1220.5,1220.5,1220.5,1220.5,1
2026-07-16 00:59:00+00:00,1205.5,1205.5,1205.5,1205.5,4
2026-07-16 01:16:00+00:00,1204.0,1204.0,1204.0,1204.0,2
2026-07-16 01:19:00+00:00,1202.0,1202.0,1202.0,1202.0,2
2026-07-16 01:19:00+00:00,1192.0,1192.0,1192.0,1192.0,2
2026-07-16 01:23:00+00:00,1191.5,1191.5,1191.5,1191.5,2
2026-07-16 01:26:00+00:00,1202.0,1202.0,1202.0,1202.0,2
2026-07-16 01:29:00+00:00,1201.5,1201.5,1201.5,1201.5,3
2026-07-16 01:35:00+00:00,1200.0,1200.0,1200.0,1200.0,1
2026-07-16 01:41:00+00:00,1200.0,1200.0,1200.0,1200.0,5
2026-07-16 01:41:00+00:00,1190.5,1190.5,1190.5,1190.5,1
2026-07-16 01:41:00+00:00,-9.5,-9.5,-9.5,-9.5,1
2026-07-16 01:43:00+00:00,1190.5,1191.0,1190.5,1191.0,7
2026-07-16 01:44:00+00:00,1191.0,1191.0,1191.0,1191.0,1
2026-07-16 01:54:00+00:00,1200.5,1200.5,1200.5,1200.5,6
2026-07-16 01:55:00+00:00,1199.5,1199.5,1199.5,1199.5,2
2026-07-16 01:56:00+00:00,1200.5,1200.5,1200.5,1200.5,1
2026-07-16 02:08:00+00:00,1199.0,1199.0,1199.0,1199.0,2
2026-07-16 02:11:00+00:00,1198.5,1198.5,1197.5,1197.5,4
2026-07-16 02:13:00+00:00,1198.0,1198.0,1198.0,1198.0,1
2026-07-16 02:27:00+00:00,1188.5,1188.5,1188.5,1188.5,2
2026-07-16 02:30:00+00:00,1188.5,1188.5,1188.5,1188.5,1
2026-07-16 03:14:00+00:00,1199.0,1199.0,1199.0,1199.0,1
2026-07-16 03:37:00+00:00,1199.5,1199.5,1199.5,1199.5,2
2026-07-16 03:37:00+00:00,1199.0,1199.0,1199.0,1199.0,2
2026-07-16 03:38:00+00:00,1199.5,1199.5,1199.5,1199.5,2
2026-07-16 04:00:00+00:00,1200.5,1200.5,1200.5,1200.5,1
2026-07-16 04:09:00+00:00,1200.5,1200.5,1200.5,1200.5,1
2026-07-16 04:14:00+00:00,1191.0,1191.0,1191.0,1191.0,1
2026-07-16 04:19:00+00:00,1191.0,1191.0,1191.0,1191.0,5
2026-07-16 04:19:00+00:00,-9.5,-9.5,-9.5,-9.5,1
2026-07-16 04:19:00+00:00,1200.5,1200.5,1200.5,1200.5,1
2026-07-16 05:03:00+00:00,1200.0,1200.0,1200.0,1200.0,1
2026-07-16 06:16:00+00:00,1189.5,1189.5,1189.5,1189.5,1
2026-07-16 06:23:00+00:00,1198.5,1198.5,1198.5,1198.5,6
2026-07-16 06:23:00+00:00,1189.0,1189.0,1189.0,1189.0,3
2026-07-16 06:27:00+00:00,1189.5,1189.5,1189.5,1189.5,2
2026-07-16 07:02:00+00:00,1199.5,1199.5,1199.5,1199.5,1
2026-07-16 07:10:00+00:00,1190.5,1190.5,1190.5,1190.5,4
2026-07-16 07:11:00+00:00,1190.5,1190.5,1190.5,1190.5,2
2026-07-16 07:28:00+00:00,1201.5,1201.5,1201.5,1201.5,1
2026-07-16 07:31:00+00:00,1201.5,1201.5,1201.5,1201.5,1
2026-07-16 07:44:00+00:00,1193.5,1193.5,1193.5,1193.5,1
2026-07-16 07:44:00+00:00,1203.0,1203.0,1203.0,1203.0,1
2026-07-16 07:53:00+00:00,1205.0,1205.0,1205.0,1205.0,2
2026-07-16 07:54:00+00:00,1197.0,1197.0,1197.0,1197.0,2
2026-07-16 07:56:00+00:00,1197.0,1197.0,1197.0,1197.0,2
2026-07-16 07:57:00+00:00,1206.5,1207.0,1206.5,1207.0,4
2026-07-16 08:24:00+00:00,1205.0,1205.0,1205.0,1205.0,1
2026-07-16 08:32:00+00:00,1194.5,1194.5,1194.5,1194.5,2
2026-07-16 08:42:00+00:00,1204.5,1206.0,1204.5,1206.0,12
2026-07-16 08:42:00+00:00,1205.5,1205.5,1205.5,1205.5,1
2026-07-16 08:44:00+00:00,1196.5,1196.5,1196.5,1196.5,4
2026-07-16 08:45:00+00:00,1196.0,1196.0,1196.0,1196.0,1
2026-07-16 08:54:00+00:00,1205.0,1205.0,1205.0,1205.0,1
2026-07-16 09:18:00+00:00,1204.5,1205.0,1204.5,1205.0,6
2026-07-16 09:23:00+00:00,1206.0,1206.0,1206.0,1206.0,6
2026-07-16 09:23:00+00:00,1196.5,1196.5,1196.5,1196.5,4
2026-07-16 09:32:00+00:00,1204.5,1204.5,1204.5,1204.5,1
2026-07-16 10:49:00+00:00,1205.0,1205.0,1205.0,1205.0,1
2026-07-16 11:00:00+00:00,1195.5,1195.5,1195.5,1195.5,4
2026-07-16 11:07:00+00:00,1204.0,1204.0,1204.0,1204.0,1
2026-07-16 11:33:00+00:00,1204.5,1204.5,1204.5,1204.5,1
2026-07-16 11:33:00+00:00,1195.0,1195.0,1195.0,1195.0,1
2026-07-16 11:37:00+00:00,1204.5,1204.5,1204.5,1204.5,1
2026-07-16 11:40:00+00:00,1195.0,1195.0,1195.0,1195.0,1
2026-07-16 11:49:00+00:00,1194.5,1194.5,1194.5,1194.5,2
2026-07-16 12:08:00+00:00,1196.5,1196.5,1196.5,1196.5,1
2026-07-16 12:16:00+00:00,1203.5,1203.5,1203.5,1203.5,2
2026-07-16 12:19:00+00:00,1194.5,1194.5,1194.5,1194.5,1
2026-07-16 12:31:00+00:00,1192.0,1192.0,1192.0,1192.0,1
2026-07-16 12:38:00+00:00,1191.0,1191.0,1191.0,1191.0,1
2026-07-16 12:38:00+00:00,1200.5,1200.5,1200.5,1200.5,1
2026-07-16 12:39:00+00:00,1199.0,1199.0,1199.0,1199.0,1
2026-07-16 13:30:00+00:00,1198.0,1198.0,1198.0,1198.0,1
2026-07-16 13:30:00+00:00,1190.0,1190.0,1190.0,1190.0,1
2026-07-16 13:34:00+00:00,1201.0,1201.0,1201.0,1201.0,3
2026-07-16 13:34:00+00:00,-1.0,-1.0,-1.0,-1.0,4
2026-07-16 13:34:00+00:00,1200.0,1200.0,1200.0,1200.0,2
2026-07-16 13:34:00+00:00,1191.0,1191.0,1191.0,1191.0,2
2026-07-16 13:36:00+00:00,1190.5,1190.5,1190.5,1190.5,1
2026-07-16 13:36:00+00:00,1200.0,1200.0,1200.0,1200.0,8
2026-07-16 13:36:00+00:00,-9.5,-9.5,-9.5,-9.5,1
2026-07-16 13:37:00+00:00,1199.0,1199.0,1199.0,1199.0,2
2026-07-16 13:47:00+00:00,1201.5,1202.0,1201.5,1202.0,5
2026-07-16 13:49:00+00:00,1192.0,1192.0,1192.0,1192.0,1
2026-07-16 14:02:00+00:00,1202.0,1202.0,1202.0,1202.0,1
2026-07-16 14:07:00+00:00,1192.0,1192.0,1192.0,1192.0,2
2026-07-16 14:13:00+00:00,1201.0,1201.0,1201.0,1201.0,1
2026-07-16 14:28:00+00:00,1205.0,1205.0,1205.0,1205.0,4
2026-07-16 14:29:00+00:00,1205.0,1205.0,1205.0,1205.0,1
2026-07-16 14:30:00+00:00,1204.0,1204.0,1204.0,1204.0,2
2026-07-16 14:31:00+00:00,1193.0,1193.0,1193.0,1193.0,10
2026-07-16 14:31:00+00:00,1203.0,1203.0,1203.0,1203.0,2
2026-07-16 14:31:00+00:00,1202.0,1202.0,1202.0,1202.0,14
2026-07-16 14:32:00+00:00,1192.0,1192.0,1192.0,1192.0,2
2026-07-16 14:34:00+00:00,1200.5,1200.5,1200.5,1200.5,1
2026-07-16 14:40:00+00:00,1200.0,1200.0,1200.0,1200.0,1
2026-07-16 14:40:00+00:00,-1.0,-1.0,-1.0,-1.0,2
2026-07-16 14:41:00+00:00,1196.5,1196.5,1196.5,1196.5,7
2026-07-16 14:41:00+00:00,1188.0,1188.0,1188.0,1188.0,4
2026-07-16 14:42:00+00:00,1189.0,1189.0,1189.0,1189.0,2
2026-07-16 14:45:00+00:00,1199.5,1199.5,1199.0,1199.0,2
2026-07-16 14:52:00+00:00,1197.5,1197.5,1197.5,1197.5,2
2026-07-16 14:55:00+00:00,1188.0,1188.0,1188.0,1188.0,1
2026-07-16 14:56:00+00:00,1188.0,1188.0,1188.0,1188.0,2
2026-07-16 14:56:00+00:00,1198.0,1198.0,1198.0,1198.0,3
2026-07-16 14:56:00+00:00,1197.5,1197.5,1197.5,1197.5,2
2026-07-16 14:57:00+00:00,1198.5,1198.5,1198.5,1198.5,1
2026-07-16 15:00:00+00:00,1197.5,1197.5,1197.5,1197.5,2
2026-07-16 15:01:00+00:00,1198.0,1198.0,1198.0,1198.0,1
2026-07-16 15:07:00+00:00,1199.0,1199.0,1199.0,1199.0,1
2026-07-16 15:19:00+00:00,1200.0,1200.0,1200.0,1200.0,1
2026-07-16 15:19:00+00:00,1214.0,1214.0,1214.0,1214.0,1
2026-07-16 15:19:00+00:00,-14.0,-14.0,-14.0,-14.0,1
2026-07-16 15:24:00+00:00,1201.5,1201.5,1201.5,1201.5,1
2026-07-16 15:26:00+00:00,1202.0,1202.0,1202.0,1202.0,1
2026-07-16 15:27:00+00:00,1201.5,1201.5,1201.5,1201.5,1
2026-07-16 15:30:00+00:00,1203.0,1203.0,1203.0,1203.0,1
2026-07-16 15:32:00+00:00,1201.5,1201.5,1201.5,1201.5,2
2026-07-16 15:43:00+00:00,1200.5,1200.5,1200.5,1200.5,2
2026-07-16 15:46:00+00:00,1202.0,1202.0,1202.0,1202.0,1
2026-07-16 15:55:00+00:00,1189.0,1189.0,1189.0,1189.0,2
2026-07-16 16:09:00+00:00,1198.5,1198.5,1198.5,1198.5,2
2026-07-16 16:24:00+00:00,1196.5,1196.5,1196.5,1196.5,1
2026-07-16 16:42:00+00:00,1196.0,1196.0,1196.0,1196.0,2
2026-07-16 17:06:00+00:00,1196.5,1196.5,1196.5,1196.5,1
2026-07-16 17:08:00+00:00,1195.5,1196.5,1195.5,1196.5,6
2026-07-16 17:08:00+00:00,1197.5,1197.5,1197.5,1197.5,10
2026-07-16 17:08:00+00:00,1187.0,1187.0,1187.0,1187.0,10
2026-07-16 17:08:00+00:00,-9.5,-9.5,-9.5,-9.5,2
2026-07-16 17:22:00+00:00,1195.0,1195.0,1195.0,1195.0,1
2026-07-16 17:23:00+00:00,1196.0,1196.0,1196.0,1196.0,10
2026-07-16 17:23:00+00:00,1195.0,1195.0,1195.0,1195.0,2
2026-07-16 18:10:00+00:00,1195.0,1195.0,1195.0,1195.0,40
2026-07-16 18:13:00+00:00,1195.5,1195.5,1195.5,1195.5,4
2026-07-16 18:13:00+00:00,1185.5,1185.5,1185.5,1185.5,10
2026-07-16 18:15:00+00:00,1184.5,1184.5,1184.5,1184.5,2
2026-07-16 18:17:00+00:00,1194.0,1194.0,1194.0,1194.0,2
2026-07-16 18:19:00+00:00,1184.5,1184.5,1184.5,1184.5,1
2026-07-17 00:11:00+00:00,1198.0,1198.0,1198.0,1198.0,3
2026-07-17 00:13:00+00:00,1198.0,1198.5,1198.0,1198.5,2
2026-07-17 00:14:00+00:00,1188.0,1188.0,1188.0,1188.0,4
2026-07-17 00:21:00+00:00,1189.0,1189.0,1189.0,1189.0,2
2026-07-17 00:31:00+00:00,1198.0,1198.0,1198.0,1198.0,2
2026-07-17 00:46:00+00:00,1199.5,1199.5,1199.5,1199.5,1
2026-07-17 00:56:00+00:00,1199.5,1199.5,1199.5,1199.5,1
2026-07-17 01:00:00+00:00,1199.5,1199.5,1199.0,1199.0,19
2026-07-17 01:00:00+00:00,1199.5,1199.5,1199.5,1199.5,1
2026-07-17 01:00:00+00:00,0.0,0.0,0.0,0.0,1
2026-07-17 01:02:00+00:00,1190.0,1190.0,1190.0,1190.0,4
2026-07-17 01:13:00+00:00,1198.5,1198.5,1198.5,1198.5,2
2026-07-17 01:14:00+00:00,1188.5,1188.5,1188.5,1188.5,2
2026-07-17 01:14:00+00:00,1198.0,1198.0,1198.0,1198.0,2
2026-07-17 01:18:00+00:00,1197.5,1197.5,1197.5,1197.5,3
2026-07-17 01:20:00+00:00,1197.5,1197.5,1197.5,1197.5,2
2026-07-17 01:36:00+00:00,1195.0,1195.0,1195.0,1195.0,1
2026-07-17 01:37:00+00:00,1194.5,1194.5,1194.5,1194.5,1
2026-07-17 01:41:00+00:00,1194.0,1194.0,1193.5,1193.5,4
2026-07-17 02:21:00+00:00,1186.0,1186.0,1186.0,1186.0,1
2026-07-17 02:21:00+00:00,1195.5,1195.5,1195.5,1195.5,2
2026-07-17 02:38:00+00:00,1193.0,1193.0,1193.0,1193.0,1
2026-07-17 02:40:00+00:00,1193.5,1193.5,1193.5,1193.5,1
2026-07-17 02:41:00+00:00,1194.5,1194.5,1194.5,1194.5,1
2026-07-17 02:54:00+00:00,1192.5,1192.5,1192.5,1192.5,5
2026-07-17 02:56:00+00:00,1192.5,1192.5,1192.5,1192.5,2
2026-07-17 02:56:00+00:00,1182.0,1182.0,1182.0,1182.0,4
2026-07-17 02:57:00+00:00,1182.0,1182.0,1182.0,1182.0,2
2026-07-17 03:02:00+00:00,1191.0,1191.0,1191.0,1191.0,2
2026-07-17 03:10:00+00:00,1192.5,1192.5,1192.5,1192.5,1
2026-07-17 03:14:00+00:00,1192.5,1192.5,1192.5,1192.5,2
2026-07-17 03:16:00+00:00,1191.0,1191.0,1190.5,1190.5,8
2026-07-17 03:32:00+00:00,1192.5,1192.5,1192.5,1192.5,1
2026-07-17 03:37:00+00:00,1191.5,1191.5,1191.5,1191.5,4
2026-07-17 03:39:00+00:00,1191.5,1191.5,1191.5,1191.5,1
2026-07-17 05:30:00+00:00,1189.0,1189.0,1189.0,1189.0,1
2026-07-17 05:43:00+00:00,1187.0,1187.0,1187.0,1187.0,2
2026-07-17 05:50:00+00:00,1187.0,1187.0,1187.0,1187.0,3
2026-07-17 06:38:00+00:00,1187.5,1187.5,1187.5,1187.5,2
2026-07-17 06:38:00+00:00,1187.5,1187.5,1187.5,1187.5,2
2026-07-17 06:39:00+00:00,1188.5,1188.5,1188.5,1188.5,2
2026-07-17 06:39:00+00:00,1188.5,1188.5,1188.5,1188.5,2
2026-07-17 06:44:00+00:00,1188.0,1188.0,1188.0,1188.0,1
2026-07-17 07:18:00+00:00,1187.5,1187.5,1187.5,1187.5,4
2026-07-17 07:30:00+00:00,1179.0,1179.0,1179.0,1179.0,2
2026-07-17 07:35:00+00:00,1188.0,1188.0,1188.0,1188.0,2
2026-07-17 07:39:00+00:00,1188.0,1188.0,1188.0,1188.0,2
2026-07-17 07:43:00+00:00,1189.0,1189.0,1189.0,1189.0,1
2026-07-17 08:09:00+00:00,1180.5,1180.5,1180.5,1180.5,2
2026-07-17 08:13:00+00:00,1190.5,1190.5,1190.5,1190.5,3
2026-07-17 08:13:00+00:00,1191.0,1191.5,1191.0,1191.5,3
2026-07-17 08:14:00+00:00,1181.5,1181.5,1181.5,1181.5,2
2026-07-17 08:14:00+00:00,1191.0,1191.0,1191.0,1191.0,4
2026-07-17 08:14:00+00:00,1191.0,1191.0,1191.0,1191.0,2
2026-07-17 08:18:00+00:00,1191.0,1191.0,1191.0,1191.0,1
2026-07-17 08:43:00+00:00,1191.0,1191.0,1191.0,1191.0,4
2026-07-17 08:44:00+00:00,1191.0,1191.0,1191.0,1191.0,2
2026-07-17 09:21:00+00:00,1180.5,1180.5,1180.5,1180.5,4
2026-07-17 10:00:00+00:00,1190.0,1190.0,1190.0,1190.0,4
2026-07-17 10:09:00+00:00,1191.5,1191.5,1191.5,1191.5,2
2026-07-17 10:09:00+00:00,1181.5,1181.5,1181.5,1181.5,4
2026-07-17 10:11:00+00:00,1183.5,1183.5,1183.5,1183.5,2
2026-07-17 10:12:00+00:00,1193.5,1193.5,1193.5,1193.5,2
2026-07-17 10:19:00+00:00,1194.0,1194.0,1194.0,1194.0,2
2026-07-17 10:20:00+00:00,1194.5,1194.5,1194.5,1194.5,1
2026-07-17 10:30:00+00:00,1193.5,1193.5,1193.5,1193.5,2
2026-07-17 10:30:00+00:00,1183.5,1183.5,1183.5,1183.5,5
2026-07-17 10:30:00+00:00,1193.0,1193.0,1193.0,1193.0,2
2026-07-17 10:32:00+00:00,1193.5,1193.5,1193.5,1193.5,2
2026-07-17 10:33:00+00:00,1184.0,1184.0,1184.0,1184.0,2
2026-07-17 10:34:00+00:00,1193.0,1193.0,1193.0,1193.0,1
2026-07-17 10:38:00+00:00,1193.5,1193.5,1193.5,1193.5,4
2026-07-17 10:40:00+00:00,1194.5,1194.5,1194.5,1194.5,1
2026-07-17 11:04:00+00:00,1195.0,1195.0,1195.0,1195.0,3
2026-07-17 11:06:00+00:00,1195.5,1195.5,1195.5,1195.5,2
2026-07-17 11:08:00+00:00,1186.0,1186.0,1186.0,1186.0,2
2026-07-17 11:16:00+00:00,10.0,10.0,10.0,10.0,2
2026-07-17 11:20:00+00:00,1185.5,1185.5,1185.5,1185.5,2
2026-07-17 11:55:00+00:00,1197.0,1197.0,1197.0,1197.0,3
2026-07-17 11:56:00+00:00,1197.0,1197.0,1197.0,1197.0,1
2026-07-17 12:08:00+00:00,1187.5,1187.5,1187.5,1187.5,2
2026-07-17 12:24:00+00:00,1197.5,1197.5,1197.5,1197.5,1
2026-07-17 12:26:00+00:00,1197.5,1197.5,1197.5,1197.5,1
2026-07-17 12:27:00+00:00,1198.0,1198.0,1198.0,1198.0,1
2026-07-17 12:31:00+00:00,1198.0,1198.0,1198.0,1198.0,2
2026-07-17 13:30:00+00:00,-14.0,-14.0,-14.0,-14.0,2
2026-07-17 13:30:00+00:00,1200.5,1200.5,1200.5,1200.5,2
2026-07-17 13:30:00+00:00,1190.0,1190.0,1190.0,1190.0,1
2026-07-17 13:30:00+00:00,1186.5,1193.0,1186.5,1193.0,3
2026-07-17 13:31:00+00:00,1200.0,1200.5,1200.0,1200.5,2
2026-07-17 13:32:00+00:00,1201.0,1201.0,1201.0,1201.0,1
2026-07-17 13:36:00+00:00,1189.0,1189.0,1189.0,1189.0,1
2026-07-17 13:43:00+00:00,1198.5,1198.5,1198.5,1198.5,2
2026-07-17 13:43:00+00:00,1198.5,1198.5,1198.5,1198.5,2
2026-07-17 13:43:00+00:00,0.0,0.0,0.0,0.0,2
2026-07-17 13:46:00+00:00,1198.0,1198.0,1198.0,1198.0,2
2026-07-17 13:52:00+00:00,1190.0,1190.0,1190.0,1190.0,3
2026-07-17 14:04:00+00:00,1199.5,1199.5,1199.5,1199.5,2
2026-07-17 14:05:00+00:00,1199.5,1199.5,1199.5,1199.5,2
2026-07-17 14:09:00+00:00,9.0,9.0,9.0,9.0,5
2026-07-17 14:09:00+00:00,1189.5,1189.5,1189.5,1189.5,2
2026-07-17 14:09:00+00:00,1198.5,1198.5,1198.5,1198.5,2
2026-07-17 14:11:00+00:00,1198.5,1198.5,1198.5,1198.5,1
2026-07-17 14:32:00+00:00,0.0,0.0,0.0,0.0,2
2026-07-17 14:33:00+00:00,1199.5,1199.5,1199.5,1199.5,1
2026-07-17 14:43:00+00:00,1190.5,1190.5,1190.5,1190.5,1
2026-07-17 14:43:00+00:00,-9.0,-9.0,-9.0,-9.0,1
2026-07-17 14:43:00+00:00,1199.5,1199.5,1199.5,1199.5,1
2026-07-17 14:54:00+00:00,-9.0,-9.0,-9.0,-9.0,5
2026-07-17 14:54:00+00:00,1192.5,1192.5,1192.5,1192.5,5
2026-07-17 14:54:00+00:00,1201.5,1201.5,1201.5,1201.5,5
2026-07-17 15:23:00+00:00,1193.5,1193.5,1193.5,1193.5,1
2026-07-17 15:32:00+00:00,-9.5,-9.5,-9.5,-9.5,1
2026-07-17 15:32:00+00:00,1193.5,1193.5,1193.5,1193.5,1
2026-07-17 15:32:00+00:00,1203.0,1203.0,1203.0,1203.0,6
2026-07-17 15:33:00+00:00,-10.0,-10.0,-10.0,-10.0,1
2026-07-17 15:33:00+00:00,1193.0,1193.0,1193.0,1193.0,20
2026-07-17 15:33:00+00:00,1202.5,1202.5,1202.5,1202.5,8
2026-07-17 15:33:00+00:00,1203.5,1203.5,1203.0,1203.0,7
2026-07-17 15:33:00+00:00,9.5,9.5,9.5,9.5,2
2026-07-17 15:34:00+00:00,1203.0,1203.0,1203.0,1203.0,3
2026-07-17 15:35:00+00:00,1203.5,1203.5,1203.5,1203.5,3
2026-07-17 15:36:00+00:00,1202.0,1202.0,1202.0,1202.0,3
2026-07-17 15:41:00+00:00,1193.0,1193.0,1193.0,1193.0,1
2026-07-17 15:47:00+00:00,1192.5,1192.5,1192.5,1192.5,2
2026-07-17 15:55:00+00:00,1203.5,1203.5,1203.5,1203.5,1
2026-07-17 16:10:00+00:00,1191.5,1191.5,1191.5,1191.5,1
2026-07-17 16:13:00+00:00,1202.5,1202.5,1202.5,1202.5,2
2026-07-17 16:15:00+00:00,1191.5,1191.5,1191.5,1191.5,2
2026-07-17 16:32:00+00:00,1203.0,1203.0,1203.0,1203.0,2
2026-07-17 16:35:00+00:00,1201.5,1201.5,1201.5,1201.5,2
2026-07-17 16:40:00+00:00,1202.0,1202.0,1202.0,1202.0,2
2026-07-17 16:50:00+00:00,1190.5,1190.5,1190.5,1190.5,2
2026-07-17 16:53:00+00:00,1200.0,1200.0,1200.0,1200.0,1
2026-07-17 16:59:00+00:00,-10.5,-10.5,-10.5,-10.5,4
2026-07-17 16:59:00+00:00,1200.0,1200.0,1200.0,1200.0,10
2026-07-17 16:59:00+00:00,1189.5,1189.5,1189.5,1189.5,4
2026-07-17 17:00:00+00:00,1199.5,1199.5,1199.5,1199.5,2
2026-07-17 17:19:00+00:00,-14.0,-14.0,-14.0,-14.0,10
2026-07-17 17:53:00+00:00,1193.5,1193.5,1193.5,1193.5,1
2026-07-17 18:04:00+00:00,1204.0,1204.0,1204.0,1204.0,1
2026-07-17 18:04:00+00:00,1203.5,1203.5,1203.5,1203.5,1
2026-07-17 18:05:00+00:00,1203.0,1203.0,1203.0,1203.0,1
2026-07-17 18:10:00+00:00,1202.0,1202.0,1202.0,1202.0,1
2026-07-17 18:14:00+00:00,1193.5,1193.5,1193.5,1193.5,1
2026-07-17 18:16:00+00:00,1204.0,1204.0,1204.0,1204.0,1
2026-07-17 18:18:00+00:00,1193.0,1193.0,1193.0,1193.0,2
2026-07-20 00:00:00+00:00,1206.5,1210.5,1206.5,1209.0,11
2026-07-20 00:00:00+00:00,1201.0,1209.0,1200.0,1200.0,38
2026-07-20 00:00:00+00:00,1210.0,1210.0,1210.0,1210.0,5
2026-07-20 00:01:00+00:00,1212.0,1212.0,1212.0,1212.0,22
2026-07-20 00:02:00+00:00,1212.5,1212.5,1212.5,1212.5,1
2026-07-20 00:04:00+00:00,11.5,11.5,11.5,11.5,1
2026-07-20 00:04:00+00:00,1201.5,1201.5,1201.5,1201.5,1
2026-07-20 00:04:00+00:00,1214.5,1215.5,1213.0,1213.0,10
2026-07-20 00:06:00+00:00,1211.5,1211.5,1211.5,1211.5,2
2026-07-20 00:07:00+00:00,1201.0,1201.0,1201.0,1201.0,1
2026-07-20 00:11:00+00:00,1216.0,1216.0,1216.0,1216.0,1
2026-07-20 00:11:00+00:00,1213.0,1213.0,1213.0,1213.0,1
2026-07-20 00:12:00+00:00,1211.5,1211.5,1211.5,1211.5,2
2026-07-20 00:13:00+00:00,1212.0,1212.0,1212.0,1212.0,1
2026-07-20 00:13:00+00:00,1202.0,1202.0,1202.0,1202.0,1
2026-07-20 00:15:00+00:00,1211.5,1211.5,1211.5,1211.5,1
2026-07-20 00:24:00+00:00,1202.0,1202.0,1202.0,1202.0,1
2026-07-20 00:24:00+00:00,1212.0,1212.0,1212.0,1212.0,1
2026-07-20 00:27:00+00:00,1211.5,1211.5,1211.5,1211.5,1
2026-07-20 01:01:00+00:00,1210.0,1210.0,1210.0,1210.0,1
2026-07-20 01:12:00+00:00,1211.0,1211.0,1211.0,1211.0,1
2026-07-20 01:13:00+00:00,1211.0,1211.0,1211.0,1211.0,1
2026-07-20 01:23:00+00:00,1200.0,1200.0,1200.0,1200.0,2
2026-07-20 01:23:00+00:00,1210.5,1210.5,1210.5,1210.5,2
2026-07-20 01:23:00+00:00,1212.5,1212.5,1212.0,1212.0,4
2026-07-20 01:33:00+00:00,1211.0,1211.0,1211.0,1211.0,3
2026-07-20 01:33:00+00:00,1199.5,1199.5,1199.5,1199.5,3
2026-07-20 01:52:00+00:00,1201.0,1201.0,1201.0,1201.0,2
2026-07-20 01:54:00+00:00,1200.0,1200.0,1200.0,1200.0,1
2026-07-20 01:57:00+00:00,1211.0,1211.0,1211.0,1211.0,2
2026-07-20 02:04:00+00:00,1214.0,1214.0,1214.0,1214.0,2
2026-07-20 02:04:00+00:00,1212.0,1212.0,1212.0,1212.0,3
2026-07-20 02:04:00+00:00,1202.0,1202.0,1201.5,1201.5,4
2026-07-20 02:05:00+00:00,1212.0,1212.0,1212.0,1212.0,1
2026-07-20 02:05:00+00:00,1201.5,1201.5,1201.5,1201.5,2
2026-07-20 02:11:00+00:00,1211.0,1211.0,1211.0,1211.0,4
2026-07-20 02:16:00+00:00,1200.5,1200.5,1200.5,1200.5,2
2026-07-20 02:22:00+00:00,1212.0,1212.0,1212.0,1212.0,2
2026-07-20 02:23:00+00:00,1200.0,1200.0,1200.0,1200.0,1
2026-07-20 02:40:00+00:00,1210.0,1210.0,1210.0,1210.0,2
2026-07-20 02:41:00+00:00,1210.0,1210.0,1210.0,1210.0,2
2026-07-20 02:47:00+00:00,1199.0,1199.0,1199.0,1199.0,2
2026-07-20 02:58:00+00:00,1210.5,1210.5,1210.5,1210.5,4
2026-07-20 02:58:00+00:00,1209.0,1209.0,1209.0,1209.0,3
2026-07-20 02:58:00+00:00,1198.5,1198.5,1198.5,1198.5,4
2026-07-20 03:05:00+00:00,1209.0,1209.0,1209.0,1209.0,2
2026-07-20 03:12:00+00:00,1208.5,1208.5,1208.0,1208.0,4
2026-07-20 03:49:00+00:00,1208.0,1208.0,1208.0,1208.0,2
2026-07-20 03:55:00+00:00,1208.0,1208.0,1208.0,1208.0,1
2026-07-20 04:36:00+00:00,1209.0,1209.0,1209.0,1209.0,1
2026-07-20 04:38:00+00:00,1207.5,1207.5,1207.5,1207.5,2
2026-07-20 04:43:00+00:00,1208.0,1208.0,1208.0,1208.0,2
2026-07-20 05:30:00+00:00,1208.5,1208.5,1208.5,1208.5,1
2026-07-20 06:24:00+00:00,1210.0,1210.0,1210.0,1210.0,1
2026-07-20 06:25:00+00:00,-10.5,-10.5,-10.5,-10.5,4
2026-07-20 06:25:00+00:00,1200.5,1200.5,1200.5,1200.5,10
2026-07-20 06:25:00+00:00,1212.5,1212.5,1212.5,1212.5,6
2026-07-20 06:25:00+00:00,12.0,12.0,12.0,12.0,4
2026-07-20 06:25:00+00:00,1210.5,1211.0,1210.5,1211.0,14
2026-07-20 06:28:00+00:00,1211.0,1211.5,1211.0,1211.5,5
2026-07-20 06:29:00+00:00,1211.5,1211.5,1211.5,1211.5,1
2026-07-20 06:40:00+00:00,1201.0,1201.0,1201.0,1201.0,2
2026-07-20 07:06:00+00:00,1213.5,1213.5,1213.5,1213.5,4
2026-07-20 07:06:00+00:00,-10.5,-10.5,-10.5,-10.5,2
2026-07-20 07:06:00+00:00,1203.0,1203.0,1203.0,1203.0,2
2026-07-20 07:08:00+00:00,1214.0,1214.0,1214.0,1214.0,2
2026-07-20 07:09:00+00:00,1214.5,1215.0,1214.5,1215.0,3
2026-07-20 07:10:00+00:00,1231.0,1231.0,1231.0,1231.0,1
2026-07-20 07:12:00+00:00,1215.5,1215.5,1215.5,1215.5,1
2026-07-20 07:15:00+00:00,1212.5,1212.5,1212.0,1212.5,7
2026-07-20 07:15:00+00:00,1214.0,1214.0,1214.0,1214.0,2
2026-07-20 07:16:00+00:00,1.0,1.0,1.0,1.0,4
2026-07-20 07:16:00+00:00,1214.0,1214.0,1214.0,1214.0,4
2026-07-20 07:16:00+00:00,1213.0,1213.0,1213.0,1213.0,20
2026-07-20 07:20:00+00:00,1213.5,1213.5,1213.5,1213.5,1
2026-07-20 07:26:00+00:00,1213.5,1213.5,1213.5,1213.5,4
2026-07-20 07:35:00+00:00,1212.5,1212.5,1212.5,1212.5,1
2026-07-20 07:40:00+00:00,1213.5,1213.5,1213.5,1213.5,2
2026-07-20 07:40:00+00:00,1212.0,1212.0,1211.0,1211.0,5
2026-07-20 07:40:00+00:00,1201.5,1201.5,1201.5,1201.5,2
2026-07-20 07:42:00+00:00,1200.5,1200.5,1200.5,1200.5,2
2026-07-20 07:43:00+00:00,1211.0,1211.0,1211.0,1211.0,1
2026-07-20 07:44:00+00:00,1211.5,1211.5,1211.5,1211.5,2
2026-07-20 07:45:00+00:00,1211.5,1211.5,1211.5,1211.5,1
2026-07-20 08:22:00+00:00,1201.5,1201.5,1201.5,1201.5,2
2026-07-20 08:27:00+00:00,1212.5,1212.5,1212.5,1212.5,1
2026-07-20 08:30:00+00:00,1212.5,1212.5,1212.5,1212.5,1
2026-07-20 08:41:00+00:00,1213.0,1213.0,1213.0,1213.0,1
2026-07-20 08:41:00+00:00,1203.0,1203.0,1203.0,1203.0,1
2026-07-20 08:43:00+00:00,1214.0,1214.0,1214.0,1214.0,3
2026-07-20 08:48:00+00:00,1215.0,1215.0,1215.0,1215.0,4
2026-07-20 08:48:00+00:00,1216.0,1216.0,1216.0,1216.0,1
2026-07-20 08:51:00+00:00,1216.5,1216.5,1216.0,1216.0,4
2026-07-20 09:14:00+00:00,1217.5,1217.5,1217.5,1217.5,1
2026-07-20 09:18:00+00:00,1217.5,1217.5,1217.5,1217.5,1
2026-07-20 09:19:00+00:00,1217.5,1217.5,1217.5,1217.5,2
2026-07-20 09:20:00+00:00,1217.0,1217.0,1217.0,1217.0,1
2026-07-20 09:45:00+00:00,1219.0,1219.0,1219.0,1219.0,6
2026-07-20 09:46:00+00:00,1219.0,1219.0,1219.0,1219.0,4
2026-07-20 09:53:00+00:00,1217.5,1217.5,1217.5,1217.5,1
2026-07-20 09:54:00+00:00,1217.0,1217.0,1217.0,1217.0,1
2026-07-20 09:57:00+00:00,1206.5,1206.5,1206.5,1206.5,1
2026-07-20 10:14:00+00:00,1206.5,1206.5,1206.5,1206.5,1
2026-07-20 10:16:00+00:00,1217.0,1217.0,1217.0,1217.0,1
2026-07-20 10:16:00+00:00,-10.5,-10.5,-10.5,-10.5,1
2026-07-20 10:16:00+00:00,1206.5,1206.5,1206.5,1206.5,1
2026-07-20 10:26:00+00:00,1207.0,1207.0,1207.0,1207.0,1
2026-07-20 10:29:00+00:00,1217.5,1217.5,1217.5,1217.5,27
2026-07-20 10:29:00+00:00,1207.0,1208.0,1207.0,1208.0,8
2026-07-20 10:29:00+00:00,1219.0,1219.5,1219.0,1219.5,3
2026-07-20 10:29:00+00:00,-10.5,-10.5,-10.5,-10.5,6
2026-07-20 10:33:00+00:00,1208.0,1208.0,1208.0,1208.0,1
2026-07-20 10:36:00+00:00,1208.5,1208.5,1208.5,1208.5,2
2026-07-20 10:40:00+00:00,1209.0,1209.0,1209.0,1209.0,2
2026-07-20 10:40:00+00:00,1219.5,1220.0,1219.5,1220.0,4
2026-07-20 10:41:00+00:00,1220.5,1220.5,1220.5,1220.5,4
2026-07-20 10:45:00+00:00,1222.5,1222.5,1222.5,1222.5,2
2026-07-20 10:46:00+00:00,1221.0,1221.0,1221.0,1221.0,1
2026-07-20 10:59:00+00:00,1219.5,1219.5,1219.5,1219.5,2
2026-07-20 10:59:00+00:00,1209.0,1209.0,1209.0,1209.0,1
2026-07-20 11:08:00+00:00,1220.5,1220.5,1220.5,1220.5,2
2026-07-20 11:08:00+00:00,1208.5,1208.5,1208.5,1208.5,2
2026-07-20 11:08:00+00:00,1219.0,1219.0,1219.0,1219.0,2
2026-07-20 11:09:00+00:00,1221.0,1221.0,1221.0,1221.0,2
2026-07-20 11:09:00+00:00,1209.0,1209.0,1209.0,1209.0,4
2026-07-20 11:09:00+00:00,1219.5,1219.5,1219.5,1219.5,2
2026-07-20 11:14:00+00:00,1233.5,1233.5,1233.5,1233.5,1
2026-07-20 11:14:00+00:00,1220.0,1220.0,1220.0,1220.0,1
2026-07-20 11:19:00+00:00,1218.5,1218.5,1218.5,1218.5,2
2026-07-20 11:26:00+00:00,1209.0,1209.0,1209.0,1209.0,1
2026-07-20 11:28:00+00:00,1220.0,1220.0,1220.0,1220.0,1
2026-07-20 11:46:00+00:00,1207.5,1207.5,1207.5,1207.5,1
2026-07-20 11:52:00+00:00,1220.0,1220.0,1220.0,1220.0,1
2026-07-20 11:57:00+00:00,1220.0,1220.0,1220.0,1220.0,2
2026-07-20 11:59:00+00:00,1219.0,1219.0,1219.0,1219.0,3
2026-07-20 11:59:00+00:00,1220.0,1220.0,1220.0,1220.0,2
2026-07-20 12:00:00+00:00,1208.0,1208.0,1208.0,1208.0,1
2026-07-20 12:01:00+00:00,1208.5,1208.5,1208.5,1208.5,1
2026-07-20 12:03:00+00:00,1209.0,1209.0,1209.0,1209.0,1
2026-07-20 12:09:00+00:00,1209.5,1209.5,1209.5,1209.5,2
2026-07-20 12:24:00+00:00,1221.0,1221.5,1221.0,1221.5,10
2026-07-20 12:27:00+00:00,1223.0,1224.0,1223.0,1224.0,7
2026-07-20 12:27:00+00:00,1211.0,1211.0,1211.0,1211.0,3
2026-07-20 12:28:00+00:00,1221.5,1221.5,1221.5,1221.5,1
2026-07-20 12:36:00+00:00,-10.5,-10.5,-10.5,-10.5,1
2026-07-20 12:36:00+00:00,1220.5,1220.5,1220.5,1220.5,1
2026-07-20 12:36:00+00:00,1210.0,1210.0,1210.0,1210.0,9
2026-07-20 12:37:00+00:00,1211.0,1211.0,1211.0,1211.0,3
2026-07-20 12:41:00+00:00,1222.5,1222.5,1222.5,1222.5,1
2026-07-20 13:30:00+00:00,1222.0,1222.0,1222.0,1222.0,1
2026-07-20 13:30:00+00:00,1222.0,1222.0,1219.5,1219.5,3
2026-07-20 13:30:00+00:00,1212.0,1212.0,1211.5,1211.5,3
2026-07-20 13:40:00+00:00,1218.5,1218.5,1218.5,1218.5,10
2026-07-20 13:40:00+00:00,1208.0,1208.0,1208.0,1208.0,1
2026-07-20 13:40:00+00:00,1220.5,1220.5,1220.5,1220.5,1
2026-07-20 13:43:00+00:00,1220.0,1220.5,1220.0,1220.5,4
2026-07-20 13:47:00+00:00,1209.0,1209.0,1209.0,1209.0,1
2026-07-20 13:49:00+00:00,1208.5,1208.5,1208.5,1208.5,2
2026-07-20 13:51:00+00:00,1219.5,1219.5,1219.5,1219.5,4
2026-07-20 13:53:00+00:00,1221.0,1221.0,1221.0,1221.0,2
2026-07-20 13:56:00+00:00,1223.0,1223.0,1223.0,1223.0,1
2026-07-20 14:00:00+00:00,1222.0,1222.0,1222.0,1222.0,1
2026-07-20 14:01:00+00:00,1223.0,1223.0,1223.0,1223.0,2
2026-07-20 14:02:00+00:00,1223.5,1223.5,1223.5,1223.5,3
2026-07-20 14:03:00+00:00,1223.5,1223.5,1223.5,1223.5,2
2026-07-20 14:07:00+00:00,1225.0,1225.0,1225.0,1225.0,3
2026-07-20 14:08:00+00:00,1225.5,1225.5,1225.5,1225.5,2
2026-07-20 14:09:00+00:00,1225.0,1225.0,1225.0,1225.0,1
2026-07-20 14:10:00+00:00,1225.5,1225.5,1225.5,1225.5,1
2026-07-20 14:12:00+00:00,1225.5,1225.5,1225.5,1225.5,3
2026-07-20 14:13:00+00:00,1225.5,1226.5,1225.5,1226.5,4
2026-07-20 14:13:00+00:00,1215.0,1215.5,1215.0,1215.5,7
2026-07-20 14:13:00+00:00,-10.5,-10.5,-10.5,-10.5,1
2026-07-20 14:14:00+00:00,1216.5,1216.5,1216.5,1216.5,1
2026-07-20 14:20:00+00:00,1226.5,1226.5,1226.5,1226.5,1
2026-07-20 14:21:00+00:00,1226.0,1226.0,1226.0,1226.0,2
2026-07-20 14:21:00+00:00,1226.0,1226.0,1226.0,1226.0,1
2026-07-20 14:21:00+00:00,1215.5,1215.5,1215.5,1215.5,1
2026-07-20 14:22:00+00:00,1226.0,1226.0,1226.0,1226.0,2
2026-07-20 14:22:00+00:00,-10.5,-10.5,-10.5,-10.5,2
2026-07-20 14:22:00+00:00,1215.5,1215.5,1215.5,1215.5,2
2026-07-20 14:24:00+00:00,1226.5,1226.5,1226.5,1226.5,1
2026-07-20 14:28:00+00:00,1226.0,1226.0,1226.0,1226.0,2
2026-07-20 14:28:00+00:00,1226.0,1226.0,1226.0,1226.0,2
2026-07-20 14:31:00+00:00,1215.5,1215.5,1215.5,1215.5,2
2026-07-20 14:32:00+00:00,1225.5,1225.5,1225.5,1225.5,1
2026-07-20 14:46:00+00:00,1225.5,1225.5,1225.5,1225.5,1
2026-07-20 14:50:00+00:00,1225.5,1225.5,1225.5,1225.5,5
2026-07-20 14:59:00+00:00,1226.0,1227.0,1226.0,1227.0,4
2026-07-20 15:00:00+00:00,1227.0,1227.5,1227.0,1227.5,10
2026-07-20 15:02:00+00:00,-10.5,-10.5,-10.5,-10.5,6
2026-07-20 15:02:00+00:00,1228.0,1228.0,1228.0,1228.0,10
2026-07-20 15:02:00+00:00,1217.5,1217.5,1217.5,1217.5,6
2026-07-20 15:03:00+00:00,10.0,10.0,10.0,10.0,1
2026-07-20 15:03:00+00:00,-10.5,-10.5,-10.5,-10.5,2
2026-07-20 15:03:00+00:00,1228.5,1228.5,1228.5,1228.5,5
2026-07-20 15:03:00+00:00,1218.0,1218.0,1218.0,1218.0,2
2026-07-20 15:05:00+00:00,1228.5,1228.5,1228.5,1228.5,1
2026-07-20 15:06:00+00:00,1228.5,1228.5,1228.5,1228.5,3
2026-07-20 15:07:00+00:00,1228.5,1229.0,1228.5,1229.0,16
2026-07-20 15:08:00+00:00,1228.0,1228.0,1228.0,1228.0,2
2026-07-20 15:08:00+00:00,1229.0,1229.0,1229.0,1229.0,1
2026-07-20 15:09:00+00:00,1229.0,1229.0,1229.0,1229.0,2
2026-07-20 15:10:00+00:00,1228.5,1228.5,1228.5,1228.5,2
2026-07-20 15:15:00+00:00,1217.5,1217.5,1217.5,1217.5,1
2026-07-20 15:16:00+00:00,1229.0,1229.0,1229.0,1229.0,2
2026-07-20 15:17:00+00:00,1229.0,1229.0,1229.0,1229.0,1
2026-07-20 15:18:00+00:00,1229.0,1229.0,1229.0,1229.0,1
2026-07-20 15:19:00+00:00,1241.5,1241.5,1241.5,1241.5,1
2026-07-20 15:20:00+00:00,1227.0,1227.0,1227.0,1227.0,2
2026-07-20 15:25:00+00:00,1227.0,1227.0,1227.0,1227.0,2
2026-07-20 15:26:00+00:00,1216.5,1216.5,1216.5,1216.5,1
2026-07-20 15:26:00+00:00,1227.5,1227.5,1227.5,1227.5,1
2026-07-20 15:28:00+00:00,1228.0,1228.0,1228.0,1228.0,1
2026-07-20 15:31:00+00:00,1228.0,1228.0,1228.0,1228.0,2
2026-07-20 15:43:00+00:00,1228.0,1228.0,1228.0,1228.0,2
2026-07-20 15:44:00+00:00,1228.0,1228.0,1228.0,1228.0,2
2026-07-20 15:45:00+00:00,-10.5,-10.5,-10.5,-10.5,1
2026-07-20 15:45:00+00:00,1228.0,1228.0,1228.0,1228.0,1
2026-07-20 15:45:00+00:00,1217.5,1217.5,1217.5,1217.5,1
2026-07-20 15:46:00+00:00,1228.0,1228.0,1228.0,1228.0,1
2026-07-20 15:51:00+00:00,1228.5,1228.5,1228.5,1228.5,1
2026-07-20 15:53:00+00:00,1229.0,1230.5,1229.0,1230.5,33
2026-07-20 15:53:00+00:00,1218.5,1219.5,1218.5,1219.5,2
2026-07-20 15:54:00+00:00,1230.5,1230.5,1230.5,1230.5,4
2026-07-20 15:55:00+00:00,1231.0,1231.0,1231.0,1231.0,1
2026-07-20 15:58:00+00:00,1219.5,1219.5,1219.5,1219.5,1
2026-07-20 15:58:00+00:00,1230.0,1230.0,1230.0,1230.0,1
2026-07-20 15:58:00+00:00,1230.0,1230.0,1230.0,1230.0,1
2026-07-20 16:01:00+00:00,1230.5,1230.5,1230.5,1230.5,5
2026-07-20 16:03:00+00:00,1230.5,1230.5,1230.5,1230.5,3
2026-07-20 16:04:00+00:00,1230.0,1230.0,1230.0,1230.0,3
2026-07-20 16:05:00+00:00,1242.0,1242.0,1242.0,1242.0,1
2026-07-20 16:05:00+00:00,1229.5,1229.5,1229.5,1229.5,10
2026-07-20 16:05:00+00:00,1219.0,1219.0,1219.0,1219.0,1
2026-07-20 16:06:00+00:00,1218.0,1218.5,1218.0,1218.5,6
2026-07-20 16:10:00+00:00,1229.5,1229.5,1229.5,1229.5,1
2026-07-20 16:11:00+00:00,1229.5,1229.5,1229.5,1229.5,2
2026-07-20 16:11:00+00:00,1219.0,1219.0,1219.0,1219.0,1
2026-07-20 16:13:00+00:00,1229.0,1229.0,1229.0,1229.0,1
2026-07-20 16:15:00+00:00,1227.5,1228.0,1227.5,1228.0,7
2026-07-20 16:16:00+00:00,1228.0,1228.5,1228.0,1228.5,4
2026-07-20 16:18:00+00:00,1229.0,1229.5,1229.0,1229.5,5
2026-07-20 16:19:00+00:00,1230.0,1230.0,1230.0,1230.0,2
2026-07-20 16:22:00+00:00,1230.0,1230.0,1230.0,1230.0,2
2026-07-20 16:23:00+00:00,1230.0,1230.0,1230.0,1230.0,2
2026-07-20 16:25:00+00:00,1230.5,1231.0,1230.5,1231.0,23
2026-07-20 16:26:00+00:00,1231.5,1231.5,1231.5,1231.5,6
2026-07-20 16:28:00+00:00,1231.5,1231.5,1231.5,1231.5,2
2026-07-20 16:30:00+00:00,1230.5,1230.5,1230.5,1230.5,1
2026-07-20 16:31:00+00:00,1230.5,1230.5,1230.5,1230.5,1
2026-07-20 16:36:00+00:00,1220.0,1220.0,1220.0,1220.0,1
2026-07-20 16:36:00+00:00,1230.0,1230.0,1230.0,1230.0,1
2026-07-20 16:41:00+00:00,1219.0,1219.0,1219.0,1219.0,2
2026-07-20 16:41:00+00:00,1229.5,1229.5,1229.5,1229.5,2
2026-07-20 16:44:00+00:00,1228.0,1228.0,1228.0,1228.0,1
2026-07-20 16:51:00+00:00,1219.0,1219.0,1219.0,1219.0,1
2026-07-20 16:55:00+00:00,1229.0,1229.0,1229.0,1229.0,2
2026-07-20 16:59:00+00:00,1228.0,1228.0,1227.0,1227.0,4
2026-07-20 17:00:00+00:00,1226.5,1226.5,1226.0,1226.5,5
2026-07-20 17:01:00+00:00,1226.0,1226.0,1226.0,1226.0,1
2026-07-20 17:05:00+00:00,1226.5,1226.5,1226.5,1226.5,2
2026-07-20 17:08:00+00:00,1227.0,1227.0,1227.0,1227.0,1
2026-07-20 17:17:00+00:00,1227.0,1227.0,1227.0,1227.0,2
2026-07-20 17:18:00+00:00,1227.0,1227.0,1227.0,1227.0,2
2026-07-20 17:22:00+00:00,1227.0,1227.0,1227.0,1227.0,2
2026-07-20 17:22:00+00:00,1216.5,1216.5,1216.5,1216.5,1
2026-07-20 17:23:00+00:00,1216.5,1216.5,1216.5,1216.5,2
2026-07-20 17:27:00+00:00,1226.5,1226.5,1226.5,1226.5,3
2026-07-20 17:28:00+00:00,1226.5,1226.5,1226.5,1226.5,1
2026-07-20 17:30:00+00:00,1226.0,1226.0,1225.5,1225.5,7
2026-07-20 17:34:00+00:00,1226.5,1226.5,1226.5,1226.5,2
2026-07-20 17:47:00+00:00,1225.5,1225.5,1225.5,1225.5,2
2026-07-20 17:52:00+00:00,1225.0,1225.0,1225.0,1225.0,4
2026-07-20 17:56:00+00:00,1224.5,1224.5,1224.5,1224.5,3
2026-07-20 18:06:00+00:00,1225.5,1225.5,1225.5,1225.5,10
2026-07-20 18:06:00+00:00,1214.5,1214.5,1214.5,1214.5,2
2026-07-20 18:08:00+00:00,1225.5,1225.5,1225.5,1225.5,8
2026-07-20 18:11:00+00:00,1214.5,1214.5,1214.5,1214.5,1
2026-07-20 18:16:00+00:00,1225.0,1225.0,1225.0,1225.0,4
2026-07-20 18:16:00+00:00,1225.5,1225.5,1225.5,1225.5,1
2026-07-21 00:00:00+00:00,1222.0,1222.0,1218.0,1219.0,17
2026-07-21 00:00:00+00:00,1222.0,1222.0,1221.5,1221.5,12
2026-07-21 00:03:00+00:00,1208.0,1208.0,1208.0,1208.0,1
2026-07-21 00:12:00+00:00,1208.5,1208.5,1208.5,1208.5,2
2026-07-21 00:13:00+00:00,1221.5,1221.5,1221.5,1221.5,2
2026-07-21 00:20:00+00:00,1223.0,1223.0,1223.0,1223.0,1
2026-07-21 00:23:00+00:00,1222.0,1222.0,1222.0,1222.0,1
2026-07-21 00:52:00+00:00,1225.0,1225.0,1225.0,1225.0,3
2026-07-21 01:06:00+00:00,1223.0,1223.0,1223.0,1223.0,5
2026-07-21 01:07:00+00:00,1222.5,1222.5,1222.5,1222.5,3
2026-07-21 01:09:00+00:00,1223.0,1223.0,1222.5,1222.5,5
2026-07-21 01:09:00+00:00,1210.5,1210.5,1210.5,1210.5,2
2026-07-21 01:09:00+00:00,1220.5,1220.5,1220.5,1220.5,2
2026-07-21 01:12:00+00:00,1222.0,1222.0,1222.0,1222.0,5
2026-07-21 01:13:00+00:00,1219.5,1219.5,1219.5,1219.5,4
2026-07-21 01:14:00+00:00,1219.5,1219.5,1219.5,1219.5,2
2026-07-21 01:22:00+00:00,1209.0,1209.0,1208.5,1208.5,4
2026-07-21 01:22:00+00:00,1222.0,1222.0,1221.5,1221.5,8
2026-07-21 01:30:00+00:00,1209.5,1209.5,1209.5,1209.5,2
2026-07-21 01:45:00+00:00,1209.5,1209.5,1209.5,1209.5,2
2026-07-21 02:31:00+00:00,1223.0,1223.0,1223.0,1223.0,2
2026-07-21 02:31:00+00:00,1211.0,1211.0,1211.0,1211.0,2
2026-07-21 02:31:00+00:00,1221.0,1221.0,1221.0,1221.0,2
2026-07-21 02:34:00+00:00,1223.0,1223.0,1223.0,1223.0,1
2026-07-21 02:36:00+00:00,1223.0,1223.0,1223.0,1223.0,1
2026-07-21 02:40:00+00:00,1220.5,1220.5,1220.5,1220.5,2
2026-07-21 02:40:00+00:00,1210.5,1210.5,1210.5,1210.5,2
2026-07-21 02:55:00+00:00,1222.0,1222.0,1222.0,1222.0,4
2026-07-21 03:02:00+00:00,1209.5,1209.5,1209.5,1209.5,2
2026-07-21 03:07:00+00:00,1209.5,1209.5,1209.5,1209.5,2
2026-07-21 04:27:00+00:00,1222.0,1222.0,1222.0,1222.0,1
2026-07-21 04:28:00+00:00,1211.5,1211.5,1211.5,1211.5,1
2026-07-21 04:33:00+00:00,1221.5,1221.5,1221.5,1221.5,1
2026-07-21 04:35:00+00:00,1224.0,1224.0,1224.0,1224.0,1
2026-07-21 04:53:00+00:00,1224.0,1224.0,1224.0,1224.0,1
2026-07-21 05:04:00+00:00,1225.0,1225.0,1225.0,1225.0,3
2026-07-21 05:34:00+00:00,1211.5,1211.5,1211.5,1211.5,2
2026-07-21 05:34:00+00:00,1221.5,1221.5,1221.5,1221.5,1
2026-07-21 05:34:00+00:00,1224.0,1224.0,1224.0,1224.0,2
2026-07-21 05:44:00+00:00,1221.5,1221.5,1221.5,1221.5,1
2026-07-21 05:44:00+00:00,1224.0,1224.0,1224.0,1224.0,1
2026-07-21 05:47:00+00:00,1211.5,1211.5,1211.5,1211.5,6
2026-07-21 05:57:00+00:00,1211.5,1211.5,1211.5,1211.5,4
2026-07-21 05:57:00+00:00,1224.0,1224.0,1224.0,1224.0,1
2026-07-21 05:58:00+00:00,1221.5,1221.5,1221.0,1221.0,4
2026-07-21 05:59:00+00:00,1224.0,1224.0,1224.0,1224.0,1
2026-07-21 05:59:00+00:00,1211.5,1211.5,1211.5,1211.5,2
2026-07-21 06:07:00+00:00,1211.5,1211.5,1211.5,1211.5,2
2026-07-21 06:11:00+00:00,1223.0,1223.0,1223.0,1223.0,2
2026-07-21 06:29:00+00:00,1223.5,1223.5,1223.5,1223.5,2
2026-07-21 06:49:00+00:00,1236.0,1236.0,1236.0,1236.0,1
2026-07-21 06:49:00+00:00,-16.0,-16.0,-16.0,-16.0,1
2026-07-21 06:49:00+00:00,1220.0,1220.0,1220.0,1220.0,1
2026-07-21 06:53:00+00:00,1221.5,1221.5,1221.5,1221.5,2
2026-07-21 06:53:00+00:00,1224.0,1224.0,1224.0,1224.0,4
2026-07-21 06:53:00+00:00,1211.5,1211.5,1211.5,1211.5,5
2026-07-21 06:53:00+00:00,10.0,10.0,10.0,10.0,1
2026-07-21 06:55:00+00:00,1225.0,1225.0,1225.0,1225.0,4
2026-07-21 06:59:00+00:00,1213.5,1213.5,1213.5,1213.5,1
2026-07-21 06:59:00+00:00,1223.5,1223.5,1223.5,1223.5,2
2026-07-21 07:08:00+00:00,1228.0,1228.0,1228.0,1228.0,1
2026-07-21 07:24:00+00:00,1244.0,1244.0,1244.0,1244.0,1
2026-07-21 07:25:00+00:00,1229.5,1229.5,1229.5,1229.5,1
2026-07-21 07:29:00+00:00,1229.5,1229.5,1229.5,1229.5,1
2026-07-21 07:30:00+00:00,1230.0,1230.0,1230.0,1230.0,2
2026-07-21 07:33:00+00:00,1229.0,1229.0,1229.0,1229.0,1
2026-07-21 07:34:00+00:00,1229.0,1229.0,1229.0,1229.0,1
2026-07-21 07:36:00+00:00,1229.0,1229.0,1229.0,1229.0,1
2026-07-21 07:38:00+00:00,1228.0,1228.0,1228.0,1228.0,1
2026-07-21 07:47:00+00:00,1214.0,1214.0,1214.0,1214.0,1
2026-07-21 07:47:00+00:00,1226.5,1226.5,1226.5,1226.5,1
2026-07-21 07:52:00+00:00,1213.0,1213.0,1213.0,1213.0,2
2026-07-21 07:57:00+00:00,1226.0,1226.0,1226.0,1226.0,2
2026-07-21 08:00:00+00:00,1226.0,1226.0,1226.0,1226.0,3
2026-07-21 08:13:00+00:00,1226.0,1226.0,1226.0,1226.0,1
2026-07-21 08:15:00+00:00,1226.0,1226.0,1226.0,1226.0,4
2026-07-21 08:16:00+00:00,1225.5,1225.5,1225.5,1225.5,3
2026-07-21 08:17:00+00:00,1226.0,1226.0,1226.0,1226.0,2
2026-07-21 08:21:00+00:00,1223.0,1223.0,1222.5,1222.5,4
2026-07-21 08:21:00+00:00,1225.0,1225.0,1225.0,1225.0,1
2026-07-21 08:21:00+00:00,1211.5,1211.5,1211.5,1211.5,2
2026-07-21 08:22:00+00:00,1224.0,1224.0,1224.0,1224.0,1
2026-07-21 08:22:00+00:00,1220.5,1220.5,1220.5,1220.5,2
2026-07-21 08:22:00+00:00,1211.0,1211.0,1211.0,1211.0,2
2026-07-21 08:25:00+00:00,1225.0,1225.0,1225.0,1225.0,2
2026-07-21 08:30:00+00:00,1213.5,1213.5,1213.5,1213.5,2
2026-07-21 08:30:00+00:00,1223.5,1223.5,1223.5,1223.5,2
2026-07-21 08:30:00+00:00,1226.5,1226.5,1226.5,1226.5,2
2026-07-21 08:31:00+00:00,1223.5,1223.5,1223.5,1223.5,2
2026-07-21 08:39:00+00:00,1228.0,1228.0,1228.0,1228.0,1
2026-07-21 09:05:00+00:00,1226.5,1226.5,1226.5,1226.5,2
2026-07-21 09:05:00+00:00,1222.5,1222.5,1222.5,1222.5,2
2026-07-21 09:14:00+00:00,1222.0,1222.0,1222.0,1222.0,2
2026-07-21 09:31:00+00:00,1215.0,1215.0,1215.0,1215.0,4
2026-07-21 09:32:00+00:00,1215.0,1215.0,1215.0,1215.0,2
2026-07-21 09:36:00+00:00,1228.5,1228.5,1228.5,1228.5,6
2026-07-21 09:36:00+00:00,1215.0,1215.0,1215.0,1215.0,2
2026-07-21 09:40:00+00:00,1229.0,1229.0,1229.0,1229.0,4
2026-07-21 09:41:00+00:00,1229.0,1229.0,1229.0,1229.0,3
2026-07-21 09:49:00+00:00,1227.5,1227.5,1227.5,1227.5,1
2026-07-21 10:02:00+00:00,1223.0,1223.0,1223.0,1223.0,2
2026-07-21 10:03:00+00:00,1223.0,1223.0,1223.0,1223.0,1
2026-07-21 10:40:00+00:00,1214.0,1214.5,1214.0,1214.5,6
2026-07-21 10:40:00+00:00,1223.0,1223.5,1223.0,1223.5,4
2026-07-21 10:51:00+00:00,1215.0,1215.0,1215.0,1215.0,8
2026-07-21 10:51:00+00:00,1224.0,1224.0,1224.0,1224.0,2
2026-07-21 10:51:00+00:00,1228.0,1228.5,1228.0,1228.5,15
2026-07-21 10:52:00+00:00,1224.0,1224.0,1224.0,1224.0,2
2026-07-21 11:08:00+00:00,1215.5,1215.5,1215.5,1215.5,2
2026-07-21 11:08:00+00:00,-13.5,-13.5,-13.5,-13.5,2
2026-07-21 11:08:00+00:00,1229.0,1229.0,1229.0,1229.0,16
2026-07-21 11:12:00+00:00,1229.5,1230.0,1229.5,1230.0,15
2026-07-21 11:16:00+00:00,1216.5,1216.5,1216.5,1216.5,3
2026-07-21 11:32:00+00:00,1224.5,1224.5,1224.5,1224.5,2
2026-07-21 11:32:00+00:00,1229.0,1229.0,1228.5,1228.5,4
2026-07-21 11:35:00+00:00,1227.5,1227.5,1227.5,1227.5,2
2026-07-21 11:36:00+00:00,1227.0,1227.0,1226.5,1226.5,4
2026-07-21 11:38:00+00:00,1227.0,1227.0,1227.0,1227.0,2
2026-07-21 11:39:00+00:00,1226.5,1226.5,1226.5,1226.5,1
2026-07-21 11:41:00+00:00,1222.5,1222.5,1222.5,1222.5,4
2026-07-21 11:44:00+00:00,1221.0,1221.0,1221.0,1221.0,2
2026-07-21 11:57:00+00:00,1226.0,1226.5,1226.0,1226.5,5
2026-07-21 12:02:00+00:00,1225.5,1225.5,1225.5,1225.5,3
2026-07-21 12:03:00+00:00,1219.5,1219.5,1219.5,1219.5,2
2026-07-21 12:12:00+00:00,1225.0,1225.0,1225.0,1225.0,3
2026-07-21 12:14:00+00:00,1224.5,1224.5,1224.5,1224.5,2
2026-07-21 12:17:00+00:00,1223.5,1223.5,1223.5,1223.5,1
2026-07-21 12:18:00+00:00,1210.0,1210.0,1210.0,1210.0,1
2026-07-21 12:23:00+00:00,1225.0,1225.0,1225.0,1225.0,2
2026-07-21 12:24:00+00:00,1225.0,1225.0,1225.0,1225.0,1
2026-07-21 12:25:00+00:00,1225.0,1225.0,1225.0,1225.0,2
2026-07-21 12:29:00+00:00,1224.5,1224.5,1224.5,1224.5,1
2026-07-21 12:41:00+00:00,-14.0,-14.0,-14.0,-14.0,2
2026-07-21 12:41:00+00:00,1223.5,1223.5,1223.5,1223.5,2
2026-07-21 12:41:00+00:00,1209.5,1209.5,1209.5,1209.5,2
2026-07-21 12:42:00+00:00,1223.0,1223.0,1223.0,1223.0,3
2026-07-21 13:30:00+00:00,-14.0,-14.0,-14.0,-14.0,1
2026-07-21 13:30:00+00:00,1224.0,1224.0,1224.0,1224.0,1
2026-07-21 13:30:00+00:00,1209.5,1210.0,1209.5,1210.0,3
2026-07-21 13:31:00+00:00,1222.0,1222.0,1222.0,1222.0,5
2026-07-21 13:32:00+00:00,1215.0,1215.0,1215.0,1215.0,2
2026-07-21 13:32:00+00:00,1210.0,1210.0,1210.0,1210.0,1
2026-07-21 13:35:00+00:00,1209.0,1210.0,1209.0,1210.0,3
2026-07-21 13:35:00+00:00,1223.5,1223.5,1223.5,1223.5,1
2026-07-21 13:42:00+00:00,-21.0,-21.0,-21.0,-21.0,1
2026-07-21 13:42:00+00:00,1236.0,1236.0,1236.0,1236.0,1
2026-07-21 13:42:00+00:00,1215.0,1215.0,1215.0,1215.0,1
2026-07-21 13:44:00+00:00,1224.0,1224.0,1224.0,1224.0,1
2026-07-21 13:45:00+00:00,1223.5,1223.5,1223.5,1223.5,2
2026-07-21 13:49:00+00:00,1224.5,1224.5,1224.5,1224.5,1
2026-07-21 13:50:00+00:00,1225.5,1225.5,1225.5,1225.5,1
2026-07-21 13:53:00+00:00,1210.0,1210.0,1210.0,1210.0,6
2026-07-21 13:53:00+00:00,-14.0,-14.0,-14.0,-14.0,6
2026-07-21 13:53:00+00:00,1224.0,1224.0,1224.0,1224.0,6
2026-07-21 13:54:00+00:00,1209.0,1209.0,1209.0,1209.0,2
2026-07-21 13:54:00+00:00,-14.0,-14.0,-14.0,-14.0,2
2026-07-21 13:54:00+00:00,1223.0,1223.0,1223.0,1223.0,2
2026-07-21 13:58:00+00:00,1224.0,1224.0,1224.0,1224.0,1
2026-07-21 13:59:00+00:00,1224.5,1224.5,1224.5,1224.5,1
2026-07-21 14:03:00+00:00,1223.5,1223.5,1222.5,1222.5,14
2026-07-21 14:03:00+00:00,1209.0,1209.0,1209.0,1209.0,3
2026-07-21 14:03:00+00:00,1215.0,1215.0,1215.0,1215.0,2
2026-07-21 14:12:00+00:00,1222.0,1222.0,1221.5,1221.5,5
2026-07-21 14:15:00+00:00,1220.5,1221.0,1220.5,1221.0,4
2026-07-21 14:16:00+00:00,1220.5,1220.5,1220.5,1220.5,5
2026-07-21 14:18:00+00:00,1220.5,1220.5,1220.0,1220.5,5
2026-07-21 14:19:00+00:00,1207.0,1207.0,1207.0,1207.0,2
2026-07-21 14:19:00+00:00,1220.5,1220.5,1220.5,1220.5,1
2026-07-21 14:26:00+00:00,1208.5,1208.5,1208.5,1208.5,1
2026-07-21 14:32:00+00:00,1213.5,1213.5,1213.5,1213.5,2
2026-07-21 14:33:00+00:00,1221.5,1221.5,1221.5,1221.5,1
2026-07-21 14:39:00+00:00,1209.0,1209.0,1209.0,1209.0,1
2026-07-21 14:40:00+00:00,1221.0,1221.0,1221.0,1221.0,1
2026-07-21 14:42:00+00:00,1221.0,1221.0,1221.0,1221.0,1
2026-07-21 14:43:00+00:00,1214.5,1214.5,1214.5,1214.5,1
2026-07-21 14:46:00+00:00,1220.0,1220.0,1220.0,1220.0,3
2026-07-21 14:48:00+00:00,1219.5,1219.5,1219.5,1219.5,2
2026-07-21 14:54:00+00:00,1219.5,1219.5,1219.5,1219.5,2
2026-07-21 14:55:00+00:00,1213.5,1213.5,1213.5,1213.5,2
2026-07-21 14:58:00+00:00,1219.5,1219.5,1219.5,1219.5,2
2026-07-21 14:59:00+00:00,1220.5,1220.5,1220.5,1220.5,2
2026-07-21 15:01:00+00:00,1219.0,1219.0,1219.0,1219.0,5
2026-07-21 15:06:00+00:00,1205.5,1205.5,1205.5,1205.5,1
2026-07-21 15:13:00+00:00,1219.0,1219.0,1219.0,1219.0,1
2026-07-21 15:13:00+00:00,1206.5,1206.5,1206.5,1206.5,1
2026-07-21 15:14:00+00:00,1219.0,1219.0,1218.5,1218.5,3
2026-07-21 15:16:00+00:00,1218.0,1218.0,1218.0,1218.0,2
2026-07-21 15:18:00+00:00,1218.5,1218.5,1218.5,1218.5,2
2026-07-21 15:19:00+00:00,1218.5,1218.5,1218.0,1218.0,2
2026-07-21 15:19:00+00:00,1206.0,1206.0,1205.0,1205.0,2
2026-07-21 15:20:00+00:00,1218.0,1218.0,1218.0,1218.0,2
2026-07-21 15:27:00+00:00,1218.5,1219.0,1218.5,1219.0,7
2026-07-21 15:33:00+00:00,1219.5,1219.5,1219.0,1219.5,5
2026-07-21 15:34:00+00:00,1219.5,1219.5,1219.5,1219.5,1
2026-07-21 15:38:00+00:00,1219.0,1219.0,1219.0,1219.0,2
2026-07-21 15:50:00+00:00,1220.0,1220.0,1220.0,1220.0,2
2026-07-21 15:54:00+00:00,1221.0,1221.0,1221.0,1221.0,1
2026-07-21 16:01:00+00:00,1223.5,1223.5,1223.5,1223.5,2
2026-07-21 16:10:00+00:00,1224.5,1224.5,1224.5,1224.5,1
2026-07-21 16:11:00+00:00,1224.5,1224.5,1224.5,1224.5,1
2026-07-21 16:24:00+00:00,1209.0,1209.0,1209.0,1209.0,3
2026-07-21 16:24:00+00:00,-12.5,-12.5,-12.5,-12.5,3
2026-07-21 16:24:00+00:00,1221.5,1221.5,1221.5,1221.5,3
2026-07-21 16:26:00+00:00,1218.0,1218.0,1218.0,1218.0,2
2026-07-21 16:35:00+00:00,1223.0,1223.0,1223.0,1223.0,1
2026-07-21 16:43:00+00:00,1210.0,1210.0,1210.0,1210.0,2
2026-07-21 16:43:00+00:00,-12.5,-12.5,-12.5,-12.5,2
2026-07-21 16:43:00+00:00,1222.5,1222.5,1222.5,1222.5,2
2026-07-21 16:45:00+00:00,1222.0,1222.0,1222.0,1222.0,2
2026-07-21 16:55:00+00:00,1221.5,1221.5,1221.5,1221.5,1
2026-07-21 16:56:00+00:00,1218.0,1218.0,1218.0,1218.0,2
2026-07-21 16:57:00+00:00,1222.5,1222.5,1222.5,1222.5,2
2026-07-21 16:58:00+00:00,1222.5,1222.5,1222.5,1222.5,1
2026-07-21 17:00:00+00:00,1222.0,1222.0,1222.0,1222.0,2
2026-07-21 17:01:00+00:00,1223.0,1223.0,1223.0,1223.0,2
2026-07-21 17:01:00+00:00,1218.0,1218.0,1218.0,1218.0,2
2026-07-21 17:02:00+00:00,1218.5,1218.5,1218.5,1218.5,2
2026-07-21 17:15:00+00:00,1218.5,1218.5,1218.5,1218.5,2
2026-07-21 17:18:00+00:00,1222.5,1222.5,1222.5,1222.5,2
2026-07-21 17:23:00+00:00,1223.0,1223.0,1223.0,1223.0,2
2026-07-21 17:24:00+00:00,1223.0,1223.0,1223.0,1223.0,1
2026-07-21 17:38:00+00:00,1223.5,1223.5,1223.5,1223.5,1
2026-07-21 17:39:00+00:00,1223.5,1223.5,1223.5,1223.5,2
2026-07-21 18:00:00+00:00,1222.0,1222.0,1222.0,1222.0,2
2026-07-21 18:05:00+00:00,1222.0,1222.0,1222.0,1222.0,1
2026-07-21 18:12:00+00:00,1222.0,1222.0,1222.0,1222.0,2
2026-07-21 18:13:00+00:00,1222.5,1222.5,1222.5,1222.5,2
2026-07-21 18:13:00+00:00,1210.5,1210.5,1210.5,1210.5,1
2026-07-21 18:14:00+00:00,1210.5,1210.5,1210.5,1210.5,1
2026-07-21 18:16:00+00:00,1223.0,1223.0,1223.0,1223.0,3
2026-07-21 18:16:00+00:00,1210.5,1210.5,1210.5,1210.5,2
2026-07-21 18:17:00+00:00,1219.5,1219.5,1219.5,1219.5,11
2026-07-22 00:01:00+00:00,1224.5,1225.5,1224.5,1225.5,3
2026-07-22 00:13:00+00:00,1225.0,1225.0,1225.0,1225.0,2
2026-07-22 00:22:00+00:00,1224.0,1224.0,1223.5,1223.5,4
2026-07-22 00:24:00+00:00,1212.5,1213.0,1212.5,1212.5,7
2026-07-22 00:36:00+00:00,1224.5,1224.5,1224.5,1224.5,1
2026-07-22 00:47:00+00:00,1223.5,1223.5,1223.5,1223.5,2
2026-07-22 00:47:00+00:00,1225.5,1225.5,1225.5,1225.5,8
2026-07-22 00:47:00+00:00,1213.5,1213.5,1213.5,1213.5,4
2026-07-22 00:47:00+00:00,-12.0,-12.0,-12.0,-12.0,4
2026-07-22 00:51:00+00:00,1226.5,1226.5,1226.0,1226.0,4
2026-07-22 00:55:00+00:00,1224.5,1224.5,1224.5,1224.5,2
2026-07-22 01:13:00+00:00,1228.0,1228.0,1228.0,1228.0,1
2026-07-22 01:14:00+00:00,1228.5,1228.5,1228.5,1228.5,1
2026-07-22 01:18:00+00:00,1226.5,1226.5,1226.5,1226.5,3
2026-07-22 01:22:00+00:00,1217.0,1217.0,1217.0,1217.0,2
2026-07-22 01:24:00+00:00,-11.5,-11.5,-11.5,-11.5,2
2026-07-22 01:24:00+00:00,1229.0,1229.0,1229.0,1229.0,3
2026-07-22 01:24:00+00:00,1217.5,1217.5,1217.5,1217.5,2
2026-07-22 01:25:00+00:00,1218.0,1218.0,1218.0,1218.0,2
2026-07-22 01:34:00+00:00,1217.5,1217.5,1217.5,1217.5,2
2026-07-22 01:35:00+00:00,1217.0,1217.0,1217.0,1217.0,1
2026-07-22 01:49:00+00:00,1227.5,1227.5,1227.5,1227.5,6
2026-07-22 02:32:00+00:00,1225.0,1225.0,1225.0,1225.0,2
2026-07-22 02:32:00+00:00,1213.5,1213.5,1213.5,1213.5,4
2026-07-22 02:34:00+00:00,1214.0,1214.0,1214.0,1214.0,1
2026-07-22 02:45:00+00:00,1225.0,1225.0,1224.5,1224.5,4
2026-07-22 02:45:00+00:00,1224.0,1224.0,1224.0,1224.0,2
2026-07-22 02:48:00+00:00,1212.0,1212.0,1212.0,1212.0,4
2026-07-22 02:52:00+00:00,1223.5,1223.5,1223.5,1223.5,2
2026-07-22 03:04:00+00:00,1223.0,1223.0,1223.0,1223.0,3
2026-07-22 03:05:00+00:00,1223.0,1223.0,1223.0,1223.0,1
2026-07-22 03:17:00+00:00,1224.0,1224.0,1224.0,1224.0,1
2026-07-22 03:20:00+00:00,1223.5,1223.5,1223.5,1223.5,2
2026-07-22 04:07:00+00:00,1224.0,1224.0,1224.0,1224.0,2
2026-07-22 04:48:00+00:00,1224.0,1224.0,1224.0,1224.0,2
2026-07-22 05:08:00+00:00,1224.0,1224.0,1224.0,1224.0,1
2026-07-22 05:44:00+00:00,1222.5,1222.5,1222.5,1222.5,3
2026-07-22 05:45:00+00:00,1221.5,1221.5,1221.5,1221.5,2
2026-07-22 05:46:00+00:00,1222.0,1222.0,1222.0,1222.0,2
2026-07-22 05:47:00+00:00,1221.5,1221.5,1221.5,1221.5,2
2026-07-22 05:55:00+00:00,1210.5,1210.5,1210.5,1210.5,1
2026-07-22 06:29:00+00:00,1221.5,1221.5,1221.5,1221.5,2
2026-07-22 06:29:00+00:00,1210.5,1210.5,1210.5,1210.5,1
2026-07-22 06:33:00+00:00,1221.0,1221.0,1221.0,1221.0,10
2026-07-22 06:35:00+00:00,1218.5,1218.5,1218.5,1218.5,2
2026-07-22 06:35:00+00:00,-11.5,-11.5,-11.5,-11.5,1
2026-07-22 06:35:00+00:00,1219.5,1219.5,1219.0,1219.0,2
2026-07-22 06:35:00+00:00,1207.5,1207.5,1207.0,1207.0,3
2026-07-22 06:36:00+00:00,1218.5,1218.5,1218.5,1218.5,1
2026-07-22 06:46:00+00:00,1208.0,1208.0,1208.0,1208.0,2
2026-07-22 06:46:00+00:00,1219.5,1219.5,1219.0,1219.0,10
2026-07-22 06:48:00+00:00,1219.0,1219.0,1218.5,1218.5,20
2026-07-22 06:48:00+00:00,1207.5,1207.5,1207.5,1207.5,1
2026-07-22 06:49:00+00:00,1218.5,1218.5,1218.5,1218.5,2
2026-07-22 06:49:00+00:00,1207.0,1207.0,1207.0,1207.0,2
2026-07-22 07:11:00+00:00,1220.0,1220.0,1220.0,1220.0,1
2026-07-22 07:21:00+00:00,1221.5,1221.5,1221.5,1221.5,2
2026-07-22 07:25:00+00:00,1221.0,1221.0,1221.0,1221.0,2
2026-07-22 07:29:00+00:00,1209.5,1209.5,1209.5,1209.5,2
2026-07-22 07:31:00+00:00,1211.0,1211.0,1211.0,1211.0,1
2026-07-22 07:32:00+00:00,1211.0,1211.0,1211.0,1211.0,2
2026-07-22 07:39:00+00:00,1225.0,1226.0,1225.0,1226.0,15
2026-07-22 07:39:00+00:00,1213.5,1213.5,1213.5,1213.5,1
2026-07-22 07:40:00+00:00,1226.0,1226.0,1226.0,1226.0,1
2026-07-22 07:40:00+00:00,1214.0,1214.0,1214.0,1214.0,1
2026-07-22 07:41:00+00:00,1214.0,1214.0,1214.0,1214.0,1
2026-07-22 07:41:00+00:00,-26.0,-26.0,-26.0,-26.0,1
2026-07-22 07:41:00+00:00,1240.0,1240.0,1240.0,1240.0,1
2026-07-22 07:48:00+00:00,1223.5,1223.5,1223.5,1223.5,2
2026-07-22 07:48:00+00:00,1213.0,1213.0,1213.0,1213.0,2
2026-07-22 07:49:00+00:00,1213.0,1213.0,1213.0,1213.0,2
2026-07-22 07:49:00+00:00,1223.5,1223.5,1223.5,1223.5,2
2026-07-22 08:11:00+00:00,1212.0,1212.0,1212.0,1212.0,1
2026-07-22 08:17:00+00:00,1225.0,1225.0,1225.0,1225.0,2
2026-07-22 08:17:00+00:00,1223.5,1223.5,1223.5,1223.5,2
2026-07-22 08:19:00+00:00,1223.0,1223.0,1223.0,1223.0,2
2026-07-22 08:19:00+00:00,1212.5,1212.5,1212.5,1212.5,2
2026-07-22 08:21:00+00:00,1224.0,1224.0,1224.0,1224.0,1
2026-07-22 08:23:00+00:00,1223.0,1223.0,1223.0,1223.0,4
2026-07-22 08:29:00+00:00,1224.5,1224.5,1224.5,1224.5,2
2026-07-22 08:30:00+00:00,1224.5,1224.5,1224.5,1224.5,2
2026-07-22 08:35:00+00:00,1212.5,1212.5,1212.5,1212.5,1
2026-07-22 08:44:00+00:00,1224.5,1224.5,1224.5,1224.5,1
2026-07-22 09:18:00+00:00,1222.5,1222.5,1222.5,1222.5,2
2026-07-22 09:18:00+00:00,1224.0,1224.0,1223.5,1223.5,6
2026-07-22 09:18:00+00:00,1212.0,1212.0,1212.0,1212.0,2
2026-07-22 09:20:00+00:00,1222.5,1222.5,1222.5,1222.5,1
2026-07-22 09:21:00+00:00,1224.0,1224.0,1224.0,1224.0,2
2026-07-22 09:24:00+00:00,1223.0,1223.0,1223.0,1223.0,3
2026-07-22 09:24:00+00:00,1211.0,1211.0,1211.0,1211.0,2
2026-07-22 09:43:00+00:00,1221.5,1221.5,1221.5,1221.5,1
2026-07-22 09:43:00+00:00,-17.0,-17.0,-17.0,-17.0,1
2026-07-22 09:43:00+00:00,1238.5,1238.5,1238.5,1238.5,1
2026-07-22 09:48:00+00:00,1222.5,1222.5,1222.5,1222.5,1
2026-07-22 09:49:00+00:00,1224.5,1224.5,1224.5,1224.5,2
2026-07-22 10:01:00+00:00,1224.5,1224.5,1224.5,1224.5,2
2026-07-22 10:01:00+00:00,1213.0,1213.0,1213.0,1213.0,12
2026-07-22 10:05:00+00:00,1224.5,1225.0,1224.5,1225.0,10
2026-07-22 10:08:00+00:00,1224.0,1224.0,1224.0,1224.0,2
2026-07-22 10:08:00+00:00,1225.5,1225.5,1225.5,1225.5,16
2026-07-22 10:08:00+00:00,1213.5,1213.5,1213.5,1213.5,2
2026-07-22 10:09:00+00:00,1224.0,1224.0,1224.0,1224.0,2
2026-07-22 10:09:00+00:00,1213.5,1213.5,1213.5,1213.5,2
2026-07-22 10:09:00+00:00,1225.5,1225.5,1225.5,1225.5,2
2026-07-22 10:11:00+00:00,1226.0,1226.0,1226.0,1226.0,16
2026-07-22 10:27:00+00:00,1213.5,1213.5,1213.5,1213.5,1
2026-07-22 10:29:00+00:00,1213.0,1213.0,1213.0,1213.0,2
2026-07-22 10:31:00+00:00,1213.0,1213.0,1213.0,1213.0,2
2026-07-22 10:38:00+00:00,1223.5,1223.5,1223.5,1223.5,2
2026-07-22 10:39:00+00:00,1223.5,1223.5,1223.5,1223.5,2
2026-07-22 10:39:00+00:00,1225.0,1225.0,1225.0,1225.0,1
2026-07-22 10:50:00+00:00,1225.5,1225.5,1225.5,1225.5,2
2026-07-22 10:50:00+00:00,1213.5,1213.5,1213.5,1213.5,2
2026-07-22 10:50:00+00:00,-12.0,-12.0,-12.0,-12.0,2
2026-07-22 10:59:00+00:00,1224.0,1224.0,1224.0,1224.0,4
2026-07-22 10:59:00+00:00,1226.0,1226.0,1226.0,1226.0,1
2026-07-22 11:06:00+00:00,1226.0,1226.0,1226.0,1226.0,1
2026-07-22 11:17:00+00:00,1227.0,1227.0,1227.0,1227.0,4
2026-07-22 11:17:00+00:00,1215.0,1215.0,1215.0,1215.0,4
2026-07-22 11:17:00+00:00,1225.5,1225.5,1225.5,1225.5,2
2026-07-22 11:19:00+00:00,1227.5,1227.5,1227.5,1227.5,2
2026-07-22 11:25:00+00:00,1215.5,1215.5,1215.5,1215.5,2
2026-07-22 11:25:00+00:00,1226.0,1226.0,1226.0,1226.0,2
2026-07-22 11:31:00+00:00,1227.5,1227.5,1227.5,1227.5,1
2026-07-22 11:32:00+00:00,1228.0,1228.0,1228.0,1228.0,2
2026-07-22 11:40:00+00:00,1215.5,1215.5,1215.5,1215.5,2
2026-07-22 11:40:00+00:00,1227.5,1227.5,1227.5,1227.5,1
2026-07-22 11:43:00+00:00,1216.0,1216.0,1216.0,1216.0,1
2026-07-22 11:45:00+00:00,1228.5,1228.5,1228.5,1228.5,1
2026-07-22 11:47:00+00:00,1228.5,1228.5,1228.5,1228.5,1
2026-07-22 11:49:00+00:00,1217.0,1217.0,1217.0,1217.0,2
2026-07-22 11:49:00+00:00,-12.5,-12.5,-12.5,-12.5,2
2026-07-22 11:49:00+00:00,1229.0,1229.5,1229.0,1229.5,12
2026-07-22 11:52:00+00:00,1217.5,1217.5,1217.5,1217.5,1
2026-07-22 11:56:00+00:00,1226.5,1226.5,1226.5,1226.5,4
2026-07-22 12:01:00+00:00,1229.0,1229.0,1229.0,1229.0,1
2026-07-22 12:07:00+00:00,1227.0,1227.0,1227.0,1227.0,1
2026-07-22 12:07:00+00:00,1229.5,1229.5,1229.5,1229.5,1
2026-07-22 12:12:00+00:00,1229.5,1229.5,1229.5,1229.5,8
2026-07-22 12:18:00+00:00,1228.0,1228.0,1228.0,1228.0,1
2026-07-22 12:19:00+00:00,1230.0,1230.0,1230.0,1230.0,7
2026-07-22 12:20:00+00:00,1230.5,1230.5,1230.5,1230.5,12
2026-07-22 12:21:00+00:00,1230.5,1230.5,1230.5,1230.5,2
2026-07-22 12:22:00+00:00,1231.0,1231.0,1231.0,1231.0,21
2026-07-22 12:23:00+00:00,1244.0,1244.0,1244.0,1244.0,1
2026-07-22 12:23:00+00:00,-14.0,-14.0,-14.0,-14.0,1
2026-07-22 12:23:00+00:00,1230.0,1230.0,1230.0,1230.0,1
2026-07-22 12:35:00+00:00,1230.0,1230.0,1230.0,1230.0,2
2026-07-22 12:36:00+00:00,1230.5,1230.5,1230.5,1230.5,1
2026-07-22 12:39:00+00:00,1231.5,1231.5,1231.5,1231.5,1
2026-07-22 12:42:00+00:00,1218.5,1218.5,1218.5,1218.5,1
2026-07-22 12:43:00+00:00,1231.0,1231.0,1231.0,1231.0,1
2026-07-22 12:44:00+00:00,1231.5,1231.5,1231.5,1231.5,8
2026-07-22 13:30:00+00:00,1229.0,1229.0,1229.0,1229.0,5
2026-07-22 13:30:00+00:00,1231.0,1233.0,1231.0,1233.0,52
2026-07-22 13:30:00+00:00,1219.0,1220.5,1219.0,1220.5,14
2026-07-22 13:31:00+00:00,1231.0,1231.0,1231.0,1231.0,1
2026-07-22 13:32:00+00:00,1230.0,1231.0,1230.0,1231.0,2
2026-07-22 13:33:00+00:00,1230.0,1230.0,1230.0,1230.0,1
2026-07-22 13:35:00+00:00,1230.5,1230.5,1230.0,1230.0,2
2026-07-22 13:36:00+00:00,1230.5,1230.5,1230.5,1230.5,2
2026-07-22 13:37:00+00:00,1229.0,1229.0,1229.0,1229.0,1
2026-07-22 13:49:00+00:00,1230.0,1230.0,1230.0,1230.0,5
2026-07-22 13:50:00+00:00,1230.5,1230.5,1230.5,1230.5,1
2026-07-22 13:51:00+00:00,1231.5,1231.5,1231.5,1231.5,3
2026-07-22 13:52:00+00:00,1220.5,1220.5,1220.5,1220.5,2
2026-07-22 13:52:00+00:00,1232.0,1232.0,1232.0,1232.0,10
2026-07-22 13:54:00+00:00,1231.5,1231.5,1231.5,1231.5,1
2026-07-22 13:56:00+00:00,1233.0,1233.0,1233.0,1233.0,1
2026-07-22 13:57:00+00:00,1232.5,1233.5,1232.5,1233.5,10
2026-07-22 14:01:00+00:00,1234.0,1234.0,1234.0,1234.0,10
2026-07-22 14:02:00+00:00,1234.5,1234.5,1234.5,1234.5,10
2026-07-22 14:04:00+00:00,1235.0,1235.0,1235.0,1235.0,16
2026-07-22 14:07:00+00:00,1235.0,1235.0,1235.0,1235.0,4
2026-07-22 14:08:00+00:00,1235.0,1235.0,1235.0,1235.0,1
2026-07-22 14:08:00+00:00,1235.5,1235.5,1235.5,1235.5,12
2026-07-22 14:10:00+00:00,1234.0,1234.0,1234.0,1234.0,1
2026-07-22 14:16:00+00:00,1234.5,1234.5,1234.5,1234.5,2
2026-07-22 14:29:00+00:00,1235.5,1235.5,1235.5,1235.5,2
2026-07-22 14:31:00+00:00,1236.0,1236.0,1236.0,1236.0,14
2026-07-22 14:33:00+00:00,1236.5,1236.5,1236.5,1236.5,5
2026-07-22 14:35:00+00:00,1237.0,1237.0,1237.0,1237.0,2
2026-07-22 14:36:00+00:00,1225.5,1226.0,1225.5,1226.0,7
2026-07-22 14:36:00+00:00,-11.0,-11.0,-11.0,-11.0,1
2026-07-22 14:36:00+00:00,1252.0,1252.0,1252.0,1252.0,1
2026-07-22 14:36:00+00:00,-14.5,-14.5,-14.5,-14.5,1
2026-07-22 14:36:00+00:00,1236.5,1237.5,1236.5,1237.5,11
2026-07-22 14:37:00+00:00,1226.5,1226.5,1226.5,1226.5,1
2026-07-22 14:37:00+00:00,1237.5,1237.5,1237.0,1237.5,16
2026-07-22 14:40:00+00:00,-11.5,-11.5,-11.5,-11.5,6
2026-07-22 14:40:00+00:00,1237.0,1238.0,1237.0,1238.0,12
2026-07-22 14:40:00+00:00,1226.5,1226.5,1226.5,1226.5,8
2026-07-22 14:41:00+00:00,1237.5,1238.0,1237.5,1238.0,2
2026-07-22 14:42:00+00:00,1238.0,1238.0,1238.0,1238.0,1
2026-07-22 14:47:00+00:00,1238.0,1238.0,1238.0,1238.0,4
2026-07-22 14:49:00+00:00,1226.5,1226.5,1226.5,1226.5,1
2026-07-22 14:50:00+00:00,1238.0,1238.0,1238.0,1238.0,4
2026-07-22 14:52:00+00:00,1238.5,1238.5,1238.5,1238.5,11
2026-07-22 14:56:00+00:00,1239.0,1239.0,1238.0,1238.0,2
2026-07-22 15:00:00+00:00,1225.0,1225.0,1225.0,1225.0,3
2026-07-22 15:01:00+00:00,1225.0,1225.0,1225.0,1225.0,1
2026-07-22 15:04:00+00:00,1236.0,1236.5,1236.0,1236.5,2
2026-07-22 15:07:00+00:00,1234.5,1234.5,1234.5,1234.5,2
2026-07-22 15:09:00+00:00,1235.0,1235.0,1235.0,1235.0,1
2026-07-22 15:13:00+00:00,1235.5,1235.5,1235.5,1235.5,1
2026-07-22 15:16:00+00:00,1235.0,1235.0,1235.0,1235.0,1
2026-07-22 15:18:00+00:00,1235.5,1235.5,1235.5,1235.5,1
2026-07-22 15:25:00+00:00,1225.0,1225.0,1225.0,1225.0,2
2026-07-22 15:25:00+00:00,-12.0,-12.0,-12.0,-12.0,2
2026-07-22 15:25:00+00:00,1237.0,1237.0,1237.0,1237.0,4
2026-07-22 15:35:00+00:00,1238.0,1238.0,1238.0,1238.0,2
2026-07-22 15:38:00+00:00,1235.0,1235.0,1235.0,1235.0,1
2026-07-22 15:38:00+00:00,1238.5,1238.5,1238.5,1238.5,2
2026-07-22 15:41:00+00:00,1239.0,1239.0,1239.0,1239.0,1
2026-07-22 15:43:00+00:00,1239.0,1239.0,1239.0,1239.0,1
2026-07-22 15:46:00+00:00,1239.0,1239.0,1239.0,1239.0,5
2026-07-22 15:48:00+00:00,1239.5,1239.5,1239.5,1239.5,8
2026-07-22 15:51:00+00:00,1239.5,1239.5,1239.5,1239.5,1
2026-07-22 15:51:00+00:00,1235.5,1235.5,1235.5,1235.5,1
2026-07-22 15:55:00+00:00,1239.0,1239.0,1239.0,1239.0,1
2026-07-22 15:56:00+00:00,1239.0,1239.0,1239.0,1239.0,1
2026-07-22 16:01:00+00:00,1226.0,1226.0,1226.0,1226.0,2
2026-07-22 16:05:00+00:00,1239.0,1239.0,1239.0,1239.0,3
2026-07-22 16:06:00+00:00,1235.0,1235.0,1235.0,1235.0,1
2026-07-22 16:06:00+00:00,1252.0,1252.0,1252.0,1252.0,1
2026-07-22 16:06:00+00:00,-17.0,-17.0,-17.0,-17.0,1
2026-07-22 16:06:00+00:00,1239.0,1239.0,1239.0,1239.0,1
2026-07-22 16:10:00+00:00,1238.0,1238.0,1238.0,1238.0,1
2026-07-22 16:12:00+00:00,1237.5,1237.5,1237.5,1237.5,1
2026-07-22 16:16:00+00:00,1237.5,1237.5,1237.5,1237.5,2
2026-07-22 16:21:00+00:00,1228.5,1228.5,1228.5,1228.5,1
2026-07-22 16:22:00+00:00,1220.0,1220.0,1220.0,1220.0,2
2026-07-22 16:29:00+00:00,1235.0,1235.0,1235.0,1235.0,1
2026-07-22 16:33:00+00:00,1235.5,1235.5,1235.5,1235.5,2
2026-07-22 16:40:00+00:00,1236.5,1236.5,1236.5,1236.5,3
2026-07-22 16:46:00+00:00,1236.5,1236.5,1236.5,1236.5,3
2026-07-22 16:48:00+00:00,8.5,8.5,8.5,8.5,1
2026-07-22 16:49:00+00:00,1224.0,1224.0,1224.0,1224.0,2
2026-07-22 16:50:00+00:00,1236.0,1236.0,1236.0,1236.0,1
2026-07-22 16:51:00+00:00,1237.0,1237.0,1237.0,1237.0,1
2026-07-22 16:54:00+00:00,1237.5,1237.5,1237.5,1237.5,1
2026-07-22 16:56:00+00:00,1238.0,1238.0,1238.0,1238.0,2
2026-07-22 16:58:00+00:00,1238.0,1238.0,1238.0,1238.0,1
2026-07-22 17:00:00+00:00,1238.5,1238.5,1238.5,1238.5,2
2026-07-22 17:03:00+00:00,1225.0,1225.0,1225.0,1225.0,2
2026-07-22 17:05:00+00:00,1238.0,1238.0,1237.5,1237.5,2
2026-07-22 17:11:00+00:00,1231.0,1231.0,1231.0,1231.0,2
2026-07-22 17:12:00+00:00,1230.5,1230.5,1230.5,1230.5,2
2026-07-22 17:24:00+00:00,-13.0,-13.0,-13.0,-13.0,3
2026-07-22 17:24:00+00:00,1237.0,1237.0,1237.0,1237.0,3
2026-07-22 17:24:00+00:00,1224.0,1224.0,1224.0,1224.0,3
2026-07-22 17:32:00+00:00,1231.0,1231.0,1231.0,1231.0,2
2026-07-22 17:42:00+00:00,-13.0,-13.0,-13.0,-13.0,1
2026-07-22 17:50:00+00:00,1236.5,1236.5,1236.5,1236.5,4
2026-07-22 17:59:00+00:00,1224.5,1224.5,1224.5,1224.5,10
2026-07-22 18:02:00+00:00,1225.5,1226.0,1225.5,1226.0,3
2026-07-22 18:02:00+00:00,1238.0,1239.5,1238.0,1239.5,6
2026-07-22 18:04:00+00:00,1239.0,1240.0,1239.0,1240.0,13
2026-07-22 18:05:00+00:00,1240.0,1240.5,1240.0,1240.5,14
2026-07-22 18:07:00+00:00,1240.5,1241.0,1240.0,1240.0,6
2026-07-22 18:08:00+00:00,1240.0,1240.0,1240.0,1240.0,1
2026-07-22 18:13:00+00:00,1232.5,1232.5,1232.5,1232.5,2
2026-07-22 18:14:00+00:00,1239.0,1239.0,1238.5,1238.5,4
2026-07-22 18:14:00+00:00,-13.0,-13.0,-13.0,-13.0,1
2026-07-22 18:14:00+00:00,1225.5,1225.5,1225.5,1225.5,1
2026-07-22 18:15:00+00:00,1232.5,1232.5,1232.5,1232.5,1
2026-07-22 18:19:00+00:00,1238.5,1238.5,1238.5,1238.5,2
2026-07-23 00:00:00+00:00,1238.0,1238.0,1237.5,1237.5,14
2026-07-23 00:21:00+00:00,1241.0,1241.0,1241.0,1241.0,1
2026-07-23 00:26:00+00:00,1241.5,1241.5,1241.5,1241.5,6
2026-07-23 00:27:00+00:00,1241.5,1241.5,1241.5,1241.5,5
2026-07-23 00:31:00+00:00,1242.0,1242.0,1242.0,1242.0,1
2026-07-23 00:32:00+00:00,1242.0,1242.0,1242.0,1242.0,3
2026-07-23 00:33:00+00:00,1242.0,1242.0,1242.0,1242.0,2
2026-07-23 00:34:00+00:00,1229.0,1229.5,1229.0,1229.0,13
2026-07-23 00:37:00+00:00,1229.0,1229.0,1229.0,1229.0,1
2026-07-23 00:37:00+00:00,1242.0,1242.0,1242.0,1242.0,1
2026-07-23 00:39:00+00:00,1242.0,1242.0,1242.0,1242.0,1
2026-07-23 00:41:00+00:00,1242.5,1242.5,1242.5,1242.5,2
2026-07-23 00:46:00+00:00,1243.0,1243.0,1243.0,1243.0,1
2026-07-23 00:49:00+00:00,1242.5,1242.5,1242.5,1242.5,1
2026-07-23 00:52:00+00:00,1243.0,1243.5,1243.0,1243.5,4
2026-07-23 01:01:00+00:00,1230.0,1230.0,1230.0,1230.0,1
2026-07-23 01:04:00+00:00,1241.5,1241.5,1241.5,1241.5,1
2026-07-23 01:27:00+00:00,1243.5,1243.5,1243.5,1243.5,1
2026-07-23 01:32:00+00:00,1244.0,1244.0,1244.0,1244.0,7
2026-07-23 01:37:00+00:00,1243.5,1243.5,1242.5,1242.5,6
2026-07-23 01:37:00+00:00,1238.0,1238.0,1238.0,1238.0,2
2026-07-23 01:38:00+00:00,1242.5,1242.5,1242.5,1242.5,3
2026-07-23 01:39:00+00:00,1241.0,1241.0,1241.0,1241.0,1
2026-07-23 01:46:00+00:00,1242.5,1242.5,1242.5,1242.5,2
2026-07-23 01:49:00+00:00,1242.0,1242.0,1242.0,1242.0,4
2026-07-23 01:54:00+00:00,1242.0,1242.0,1242.0,1242.0,2
2026-07-23 01:59:00+00:00,1236.5,1236.5,1236.5,1236.5,2
2026-07-23 02:01:00+00:00,1236.5,1236.5,1236.5,1236.5,2
2026-07-23 02:02:00+00:00,1242.0,1242.0,1242.0,1242.0,4
2026-07-23 02:13:00+00:00,1242.0,1242.0,1242.0,1242.0,2
2026-07-23 02:33:00+00:00,1242.0,1242.0,1242.0,1242.0,2
2026-07-23 02:35:00+00:00,1241.5,1241.5,1241.5,1241.5,1
2026-07-23 02:36:00+00:00,1235.5,1235.5,1235.5,1235.5,2
2026-07-23 02:39:00+00:00,1234.5,1234.5,1234.5,1234.5,4
2026-07-23 02:39:00+00:00,1240.0,1240.0,1240.0,1240.0,2
2026-07-23 02:42:00+00:00,1235.0,1235.0,1235.0,1235.0,2
2026-07-23 02:42:00+00:00,1240.5,1240.5,1240.0,1240.0,13
2026-07-23 02:42:00+00:00,1227.5,1227.5,1227.5,1227.5,6
2026-07-23 02:43:00+00:00,1239.5,1239.5,1239.5,1239.5,2
2026-07-23 02:46:00+00:00,1233.5,1233.5,1233.5,1233.5,4
2026-07-23 02:46:00+00:00,1239.0,1239.0,1239.0,1239.0,10
2026-07-23 02:46:00+00:00,7.5,7.5,7.5,7.5,2
2026-07-23 02:46:00+00:00,1226.0,1226.0,1225.5,1225.5,8
2026-07-23 02:47:00+00:00,1239.0,1239.0,1239.0,1239.0,2
2026-07-23 02:47:00+00:00,1233.5,1233.5,1233.5,1233.5,2
2026-07-23 02:48:00+00:00,1238.0,1238.0,1238.0,1238.0,2
2026-07-23 02:53:00+00:00,1226.0,1226.0,1226.0,1226.0,2
2026-07-23 02:58:00+00:00,1240.0,1240.0,1240.0,1240.0,2
2026-07-23 02:58:00+00:00,1227.0,1227.0,1227.0,1227.0,2
2026-07-23 03:12:00+00:00,1227.0,1227.0,1227.0,1227.0,1
2026-07-23 03:32:00+00:00,1241.0,1241.0,1241.0,1241.0,1
2026-07-23 04:34:00+00:00,1242.0,1242.0,1242.0,1242.0,4
2026-07-23 04:35:00+00:00,1241.5,1241.5,1241.5,1241.5,1
2026-07-23 05:41:00+00:00,1241.0,1241.0,1240.5,1240.5,2
2026-07-23 06:08:00+00:00,1241.5,1241.5,1241.5,1241.5,1
2026-07-23 06:22:00+00:00,1241.0,1241.0,1241.0,1241.0,1
2026-07-23 06:25:00+00:00,1228.5,1228.5,1228.5,1228.5,1
2026-07-23 06:28:00+00:00,1241.5,1242.5,1241.5,1242.5,11
2026-07-23 06:28:00+00:00,1236.5,1236.5,1236.5,1236.5,2
2026-07-23 06:28:00+00:00,1229.0,1229.0,1229.0,1229.0,2
2026-07-23 06:29:00+00:00,1229.5,1229.5,1229.5,1229.5,2
2026-07-23 06:30:00+00:00,1230.0,1230.0,1230.0,1230.0,6
2026-07-23 06:34:00+00:00,1237.0,1237.0,1237.0,1237.0,2
2026-07-23 06:42:00+00:00,1240.5,1240.5,1240.5,1240.5,1
2026-07-23 06:49:00+00:00,1227.0,1227.0,1227.0,1227.0,6
2026-07-23 07:04:00+00:00,1241.0,1241.0,1241.0,1241.0,2
2026-07-23 07:07:00+00:00,1242.0,1242.0,1242.0,1242.0,2
2026-07-23 07:07:00+00:00,1237.0,1237.0,1237.0,1237.0,2
2026-07-23 07:08:00+00:00,1230.0,1230.0,1230.0,1230.0,2
2026-07-23 07:08:00+00:00,1243.0,1243.0,1243.0,1243.0,1
2026-07-23 07:10:00+00:00,1244.0,1244.0,1244.0,1244.0,1
2026-07-23 07:10:00+00:00,1257.0,1257.0,1257.0,1257.0,1
2026-07-23 07:12:00+00:00,1244.5,1244.5,1244.5,1244.5,7
2026-07-23 07:14:00+00:00,1231.0,1231.0,1231.0,1231.0,2
2026-07-23 07:17:00+00:00,1243.5,1243.5,1243.5,1243.5,1
2026-07-23 07:22:00+00:00,1243.0,1243.0,1243.0,1243.0,4
2026-07-23 07:28:00+00:00,1243.0,1243.0,1243.0,1243.0,2
2026-07-23 07:29:00+00:00,1237.5,1237.5,1237.5,1237.5,2
2026-07-23 07:29:00+00:00,1230.0,1230.0,1230.0,1230.0,2
2026-07-23 07:29:00+00:00,1242.5,1242.5,1242.5,1242.5,1
2026-07-23 07:33:00+00:00,1228.5,1228.5,1228.5,1228.5,2
2026-07-23 07:33:00+00:00,1242.0,1242.0,1241.5,1241.5,5
2026-07-23 07:33:00+00:00,-13.0,-13.0,-13.0,-13.0,2
2026-07-23 07:34:00+00:00,1241.5,1241.5,1241.5,1241.5,5
2026-07-23 07:34:00+00:00,1228.5,1228.5,1228.5,1228.5,2
2026-07-23 07:35:00+00:00,1228.5,1228.5,1228.5,1228.5,1
2026-07-23 07:47:00+00:00,1241.0,1241.0,1241.0,1241.0,1
2026-07-23 07:51:00+00:00,1241.5,1241.5,1241.5,1241.5,1
2026-07-23 08:02:00+00:00,1235.0,1235.0,1235.0,1235.0,2
2026-07-23 08:02:00+00:00,1240.5,1240.5,1240.5,1240.5,3
2026-07-23 08:03:00+00:00,1234.0,1234.5,1234.0,1234.5,4
2026-07-23 08:04:00+00:00,1240.5,1240.5,1240.5,1240.5,3
2026-07-23 08:04:00+00:00,1235.0,1235.0,1235.0,1235.0,2
2026-07-23 08:04:00+00:00,1227.5,1227.5,1227.5,1227.5,2
2026-07-23 08:05:00+00:00,1235.0,1235.0,1235.0,1235.0,2
2026-07-23 08:08:00+00:00,1235.0,1235.0,1235.0,1235.0,2
2026-07-23 08:16:00+00:00,1239.5,1239.5,1239.5,1239.5,4
2026-07-23 08:16:00+00:00,1234.0,1234.0,1234.0,1234.0,2
2026-07-23 08:16:00+00:00,1226.5,1226.5,1225.5,1225.5,12
2026-07-23 08:17:00+00:00,1237.0,1237.0,1237.0,1237.0,3
2026-07-23 08:18:00+00:00,1232.0,1232.0,1232.0,1232.0,2
2026-07-23 08:19:00+00:00,1238.0,1238.0,1238.0,1238.0,1
2026-07-23 08:34:00+00:00,1234.0,1234.0,1234.0,1234.0,2
2026-07-23 08:34:00+00:00,1239.5,1239.5,1239.5,1239.5,2
2026-07-23 08:36:00+00:00,1239.5,1239.5,1239.5,1239.5,2
2026-07-23 08:36:00+00:00,1233.5,1233.5,1233.5,1233.5,2
2026-07-23 08:55:00+00:00,1234.0,1234.0,1234.0,1234.0,2
2026-07-23 08:58:00+00:00,1234.5,1234.5,1234.5,1234.5,4
2026-07-23 09:07:00+00:00,1240.0,1240.0,1240.0,1240.0,4
2026-07-23 09:20:00+00:00,1234.5,1234.5,1234.5,1234.5,4
2026-07-23 09:29:00+00:00,1241.5,1241.5,1241.5,1241.5,1
2026-07-23 09:31:00+00:00,1226.5,1226.5,1226.5,1226.5,2
2026-07-23 09:41:00+00:00,1234.5,1234.5,1234.5,1234.5,1
2026-07-23 09:45:00+00:00,1227.0,1227.0,1227.0,1227.0,1
2026-07-23 09:57:00+00:00,1242.0,1242.0,1242.0,1242.0,1
2026-07-23 10:02:00+00:00,1242.0,1242.0,1242.0,1242.0,2
2026-07-23 10:05:00+00:00,1230.0,1230.0,1230.0,1230.0,3
2026-07-23 10:24:00+00:00,1230.0,1230.0,1230.0,1230.0,1
2026-07-23 10:35:00+00:00,1244.0,1244.0,1244.0,1244.0,1
2026-07-23 10:40:00+00:00,1243.5,1243.5,1243.5,1243.5,1
2026-07-23 10:45:00+00:00,1243.0,1243.0,1243.0,1243.0,2
2026-07-23 10:52:00+00:00,1231.0,1231.0,1231.0,1231.0,2
2026-07-23 10:52:00+00:00,1244.0,1244.0,1244.0,1244.0,1
2026-07-23 10:54:00+00:00,1244.5,1244.5,1244.5,1244.5,3
2026-07-23 10:55:00+00:00,1231.5,1231.5,1231.5,1231.5,2
2026-07-23 11:20:00+00:00,1256.5,1256.5,1256.5,1256.5,1
2026-07-23 11:52:00+00:00,1245.0,1245.0,1245.0,1245.0,11
2026-07-23 11:52:00+00:00,1232.0,1232.0,1232.0,1232.0,8
2026-07-23 11:52:00+00:00,-13.0,-13.0,-13.0,-13.0,4
2026-07-23 11:53:00+00:00,1245.0,1245.5,1245.0,1245.5,4
2026-07-23 11:54:00+00:00,1245.5,1246.0,1245.5,1246.0,2
2026-07-23 11:55:00+00:00,1246.0,1247.0,1246.0,1247.0,15
2026-07-23 11:56:00+00:00,1246.0,1246.5,1246.0,1246.5,2
2026-07-23 11:57:00+00:00,1247.5,1247.5,1247.5,1247.5,1
2026-07-23 11:59:00+00:00,1247.5,1247.5,1247.5,1247.5,2
2026-07-23 12:01:00+00:00,1247.0,1247.0,1247.0,1247.0,1
2026-07-23 12:03:00+00:00,1247.0,1247.0,1247.0,1247.0,1
2026-07-23 12:04:00+00:00,1247.5,1247.5,1247.5,1247.5,12
2026-07-23 12:09:00+00:00,1245.5,1245.5,1245.5,1245.5,1
2026-07-23 12:12:00+00:00,1247.0,1247.0,1247.0,1247.0,1
2026-07-23 12:13:00+00:00,1234.0,1234.0,1234.0,1234.0,4
2026-07-23 12:15:00+00:00,1245.5,1245.5,1245.5,1245.5,2
2026-07-23 12:16:00+00:00,1245.5,1245.5,1245.5,1245.5,1
2026-07-23 12:21:00+00:00,1244.5,1244.5,1244.5,1244.5,2
2026-07-23 12:26:00+00:00,1244.5,1244.5,1244.5,1244.5,1
2026-07-23 12:39:00+00:00,1247.5,1247.5,1247.5,1247.5,1
2026-07-23 12:40:00+00:00,1260.0,1260.0,1260.0,1260.0,1
2026-07-23 12:40:00+00:00,1247.0,1247.0,1247.0,1247.0,3
2026-07-23 12:42:00+00:00,1259.5,1259.5,1259.5,1259.5,9
2026-07-23 12:42:00+00:00,-26.0,-26.0,-26.0,-26.0,4
2026-07-23 12:42:00+00:00,-13.0,-13.0,-13.0,-13.0,5
2026-07-23 12:42:00+00:00,1233.5,1233.5,1233.5,1233.5,4
2026-07-23 12:42:00+00:00,1246.5,1246.5,1246.5,1246.5,7
2026-07-23 13:30:00+00:00,1247.0,1247.5,1245.5,1247.5,3
2026-07-23 13:30:00+00:00,1234.0,1234.0,1234.0,1234.0,1
2026-07-23 13:31:00+00:00,1231.5,1231.5,1231.5,1231.5,5
2026-07-23 13:33:00+00:00,1245.0,1245.0,1244.0,1244.0,5
2026-07-23 13:34:00+00:00,1244.0,1244.0,1244.0,1244.0,1
2026-07-23 13:35:00+00:00,1243.5,1243.5,1242.5,1242.5,16
2026-07-23 13:38:00+00:00,1233.5,1233.5,1233.5,1233.5,1
2026-07-23 13:39:00+00:00,1247.0,1247.0,1247.0,1247.0,2
2026-07-23 13:40:00+00:00,1234.0,1234.0,1234.0,1234.0,2
2026-07-23 13:40:00+00:00,1247.0,1247.0,1247.0,1247.0,2
2026-07-23 13:41:00+00:00,1247.5,1247.5,1247.5,1247.5,3
2026-07-23 13:43:00+00:00,1245.0,1245.0,1245.0,1245.0,1
2026-07-23 13:43:00+00:00,6.0,6.0,6.0,6.0,2
2026-07-23 13:45:00+00:00,1233.5,1233.5,1233.5,1233.5,2
2026-07-23 13:46:00+00:00,1246.0,1246.0,1246.0,1246.0,2
2026-07-23 13:49:00+00:00,1246.5,1246.5,1246.5,1246.5,2
2026-07-23 13:51:00+00:00,1246.0,1246.0,1246.0,1246.0,1
2026-07-23 13:52:00+00:00,1259.0,1259.0,1259.0,1259.0,1
2026-07-23 13:53:00+00:00,1237.5,1237.5,1237.5,1237.5,1
2026-07-23 13:53:00+00:00,1255.0,1255.0,1255.0,1255.0,1
2026-07-23 13:53:00+00:00,-17.5,-17.5,-17.5,-17.5,1
2026-07-23 13:59:00+00:00,1231.0,1231.0,1231.0,1231.0,3
2026-07-23 13:59:00+00:00,1236.5,1236.5,1236.5,1236.5,2
2026-07-23 13:59:00+00:00,1244.5,1244.5,1244.5,1244.5,1
2026-07-23 14:00:00+00:00,1244.5,1245.0,1244.5,1245.0,4
2026-07-23 14:01:00+00:00,1245.5,1245.5,1244.5,1244.5,3
2026-07-23 14:03:00+00:00,1246.5,1246.5,1246.5,1246.5,1
2026-07-23 14:07:00+00:00,1247.0,1247.0,1247.0,1247.0,3
2026-07-23 14:09:00+00:00,1246.0,1246.0,1246.0,1246.0,2
2026-07-23 14:12:00+00:00,1247.0,1248.0,1247.0,1248.0,5
2026-07-23 14:13:00+00:00,1248.5,1248.5,1248.0,1248.0,3
2026-07-23 14:14:00+00:00,1248.5,1248.5,1248.5,1248.5,1
2026-07-23 14:15:00+00:00,1234.0,1234.0,1234.0,1234.0,2
2026-07-23 14:18:00+00:00,1246.5,1246.5,1246.5,1246.5,1
2026-07-23 14:19:00+00:00,1246.5,1246.5,1246.5,1246.5,1
2026-07-23 14:22:00+00:00,1247.0,1247.0,1247.0,1247.0,1
2026-07-23 14:24:00+00:00,1247.5,1247.5,1247.5,1247.5,1
2026-07-23 14:26:00+00:00,1248.0,1248.0,1248.0,1248.0,4
2026-07-23 14:28:00+00:00,1249.0,1249.0,1249.0,1249.0,1
2026-07-23 14:29:00+00:00,1248.5,1248.5,1248.5,1248.5,2
2026-07-23 14:31:00+00:00,1247.5,1247.5,1247.5,1247.5,3
2026-07-23 14:33:00+00:00,1233.0,1233.0,1233.0,1233.0,2
2026-07-23 14:38:00+00:00,1246.0,1246.0,1246.0,1246.0,3
2026-07-23 14:43:00+00:00,1239.5,1239.5,1239.5,1239.5,2
2026-07-23 14:43:00+00:00,1247.0,1247.0,1247.0,1247.0,2
2026-07-23 14:44:00+00:00,1245.5,1245.5,1245.5,1245.5,2
2026-07-23 14:46:00+00:00,1245.5,1245.5,1245.0,1245.0,3
2026-07-23 14:46:00+00:00,1232.5,1232.5,1232.5,1232.5,2
2026-07-23 14:54:00+00:00,1242.0,1242.0,1241.0,1241.0,7
2026-07-23 14:55:00+00:00,1233.5,1233.5,1233.5,1233.5,2
2026-07-23 14:55:00+00:00,1241.5,1241.5,1241.5,1241.5,2
2026-07-23 15:00:00+00:00,1234.5,1234.5,1234.5,1234.5,4
2026-07-23 15:03:00+00:00,1242.0,1242.0,1242.0,1242.0,3
2026-07-23 15:13:00+00:00,1229.5,1229.5,1229.5,1229.5,2
2026-07-23 15:18:00+00:00,1242.0,1242.0,1242.0,1242.0,1
2026-07-23 15:28:00+00:00,-13.5,-13.5,-13.5,-13.5,1
2026-07-23 15:28:00+00:00,1229.0,1229.0,1229.0,1229.0,1
2026-07-23 15:28:00+00:00,1242.5,1242.5,1242.5,1242.5,6
2026-07-23 15:30:00+00:00,1241.0,1241.0,1241.0,1241.0,1
2026-07-23 15:36:00+00:00,1229.5,1229.5,1229.5,1229.5,2
2026-07-23 15:41:00+00:00,1229.0,1229.0,1229.0,1229.0,2
2026-07-23 15:47:00+00:00,1243.0,1243.0,1243.0,1243.0,5
2026-07-23 16:11:00+00:00,1234.0,1234.0,1234.0,1234.0,2
2026-07-23 16:14:00+00:00,1229.0,1229.0,1229.0,1229.0,3
2026-07-23 16:16:00+00:00,1243.5,1243.5,1243.5,1243.5,1
2026-07-23 16:16:00+00:00,1234.0,1234.0,1234.0,1234.0,2
2026-07-23 16:17:00+00:00,1229.0,1229.0,1229.0,1229.0,2
2026-07-23 16:47:00+00:00,1244.5,1244.5,1244.5,1244.5,1
2026-07-23 16:54:00+00:00,1245.5,1245.5,1245.5,1245.5,1
2026-07-23 17:04:00+00:00,1246.5,1246.5,1246.5,1246.5,1
2026-07-23 17:14:00+00:00,1247.5,1247.5,1247.5,1247.5,1
2026-07-23 17:15:00+00:00,1248.0,1248.0,1248.0,1248.0,3
2026-07-23 17:17:00+00:00,1248.0,1248.0,1248.0,1248.0,1
2026-07-23 17:19:00+00:00,1249.0,1249.0,1249.0,1249.0,10
2026-07-23 17:25:00+00:00,1247.0,1247.0,1247.0,1247.0,1
2026-07-23 17:26:00+00:00,1247.0,1247.0,1247.0,1247.0,1
2026-07-23 17:40:00+00:00,1237.0,1237.0,1237.0,1237.0,1
2026-07-23 17:42:00+00:00,1245.5,1245.5,1245.5,1245.5,1
2026-07-23 17:59:00+00:00,1233.5,1233.5,1233.5,1233.5,4
2026-07-23 17:59:00+00:00,1246.0,1246.0,1246.0,1246.0,2
2026-07-23 18:00:00+00:00,1245.5,1245.5,1245.5,1245.5,1
2026-07-23 18:05:00+00:00,1245.5,1245.5,1245.5,1245.5,3
2026-07-23 18:06:00+00:00,1246.0,1246.0,1246.0,1246.0,1
2026-07-23 18:12:00+00:00,1245.0,1245.0,1245.0,1245.0,1
2026-07-23 18:16:00+00:00,1230.0,1230.0,1230.0,1230.0,1
2026-07-23 18:17:00+00:00,1243.0,1243.0,1243.0,1243.0,2
2026-07-23 18:17:00+00:00,1231.0,1231.0,1231.0,1231.0,6
2026-07-23 18:18:00+00:00,1242.5,1242.5,1242.5,1242.5,2
2026-07-23 18:19:00+00:00,1242.5,1242.5,1241.0,1241.0,5
2026-07-24 00:00:00+00:00,1240.5,1240.5,1240.0,1240.0,12
2026-07-24 00:01:00+00:00,1231.0,1231.0,1231.0,1231.0,1
2026-07-24 00:03:00+00:00,-13.0,-13.0,-13.0,-13.0,2
2026-07-24 00:03:00+00:00,1258.0,1258.0,1258.0,1258.0,2
2026-07-24 00:03:00+00:00,1244.5,1245.0,1244.5,1245.0,16
2026-07-24 00:07:00+00:00,1245.0,1245.0,1245.0,1245.0,1
2026-07-24 00:10:00+00:00,1244.5,1244.5,1244.5,1244.5,1
2026-07-24 00:11:00+00:00,1232.0,1232.0,1231.5,1231.5,9
2026-07-24 00:12:00+00:00,1232.0,1232.0,1232.0,1232.0,3
2026-07-24 00:13:00+00:00,1246.0,1246.0,1246.0,1246.0,1
2026-07-24 00:34:00+00:00,1233.0,1233.0,1233.0,1233.0,3
2026-07-24 00:38:00+00:00,1247.0,1247.0,1247.0,1247.0,2
2026-07-24 01:04:00+00:00,1244.5,1244.5,1244.5,1244.5,1
2026-07-24 01:33:00+00:00,1246.0,1246.5,1246.0,1246.5,5
2026-07-24 01:33:00+00:00,1233.0,1233.0,1233.0,1233.0,2
2026-07-24 01:34:00+00:00,1233.5,1233.5,1233.5,1233.5,2
2026-07-24 01:40:00+00:00,1245.5,1245.5,1245.5,1245.5,5
2026-07-24 01:42:00+00:00,1245.5,1245.5,1245.5,1245.5,1
2026-07-24 01:56:00+00:00,1246.0,1246.0,1246.0,1246.0,2
2026-07-24 02:00:00+00:00,1245.5,1245.5,1245.5,1245.5,2
2026-07-24 02:56:00+00:00,1248.0,1248.0,1248.0,1248.0,1
2026-07-24 03:29:00+00:00,1247.5,1247.5,1247.5,1247.5,1
2026-07-24 05:09:00+00:00,1248.5,1248.5,1248.5,1248.5,2
2026-07-24 05:10:00+00:00,1248.5,1248.5,1248.5,1248.5,1
2026-07-24 05:19:00+00:00,1249.5,1249.5,1249.5,1249.5,5
2026-07-24 05:30:00+00:00,1250.0,1250.0,1250.0,1250.0,5
2026-07-24 05:33:00+00:00,1250.0,1250.0,1250.0,1250.0,1
2026-07-24 06:01:00+00:00,1250.5,1250.5,1250.5,1250.5,2
2026-07-24 06:05:00+00:00,1252.0,1252.0,1252.0,1252.0,1
2026-07-24 06:07:00+00:00,1251.0,1251.0,1251.0,1251.0,1
2026-07-24 06:13:00+00:00,1251.5,1251.5,1251.5,1251.5,1
2026-07-24 06:17:00+00:00,1265.0,1265.0,1265.0,1265.0,1
2026-07-24 06:17:00+00:00,1240.0,1240.0,1240.0,1240.0,2
2026-07-24 06:18:00+00:00,1252.0,1252.0,1252.0,1252.0,3
2026-07-24 06:20:00+00:00,1253.0,1253.0,1253.0,1253.0,3
2026-07-24 06:20:00+00:00,1240.0,1240.0,1240.0,1240.0,2
2026-07-24 06:21:00+00:00,1253.5,1253.5,1253.5,1253.5,1
2026-07-24 06:26:00+00:00,1254.0,1254.0,1253.5,1253.5,4
2026-07-24 06:33:00+00:00,1253.5,1253.5,1253.5,1253.5,2
2026-07-24 06:34:00+00:00,1254.0,1254.0,1254.0,1254.0,4
2026-07-24 06:34:00+00:00,1241.0,1241.0,1241.0,1241.0,2
2026-07-24 06:37:00+00:00,1254.5,1254.5,1254.5,1254.5,2
2026-07-24 06:38:00+00:00,1254.0,1254.0,1254.0,1254.0,1
2026-07-24 06:42:00+00:00,1254.5,1254.5,1254.5,1254.5,1
2026-07-24 06:52:00+00:00,-13.0,-13.0,-13.0,-13.0,1
2026-07-24 06:52:00+00:00,1240.0,1240.0,1240.0,1240.0,2
2026-07-24 06:52:00+00:00,1253.0,1253.0,1253.0,1253.0,6
2026-07-24 06:52:00+00:00,1266.0,1266.0,1266.0,1266.0,1
2026-07-24 06:53:00+00:00,1241.0,1241.0,1241.0,1241.0,6
2026-07-24 06:53:00+00:00,1254.0,1254.0,1254.0,1254.0,2
2026-07-24 06:54:00+00:00,1254.0,1254.0,1254.0,1254.0,1
2026-07-24 06:55:00+00:00,1254.5,1254.5,1254.5,1254.5,2
2026-07-24 06:57:00+00:00,1254.0,1254.0,1254.0,1254.0,1
2026-07-24 07:08:00+00:00,1253.0,1253.0,1253.0,1253.0,4
2026-07-24 07:10:00+00:00,1240.0,1240.0,1240.0,1240.0,2
2026-07-24 07:10:00+00:00,1252.5,1252.5,1252.5,1252.5,1
2026-07-24 07:13:00+00:00,1252.0,1252.0,1252.0,1252.0,1
2026-07-24 07:15:00+00:00,1251.5,1252.0,1251.5,1252.0,2
2026-07-24 07:16:00+00:00,1252.0,1252.0,1252.0,1252.0,1
2026-07-24 07:17:00+00:00,1251.5,1251.5,1251.5,1251.5,1
2026-07-24 07:18:00+00:00,1250.5,1250.5,1250.5,1250.5,2
2026-07-24 07:22:00+00:00,1251.0,1251.0,1251.0,1251.0,1
2026-07-24 07:45:00+00:00,1263.0,1263.0,1263.0,1263.0,2
2026-07-24 07:45:00+00:00,1250.5,1250.5,1249.0,1249.0,13
2026-07-24 07:45:00+00:00,1237.5,1237.5,1237.5,1237.5,2
2026-07-24 07:46:00+00:00,1236.0,1236.0,1236.0,1236.0,4
2026-07-24 07:49:00+00:00,-13.0,-13.0,-13.0,-13.0,2
2026-07-24 07:49:00+00:00,1262.0,1262.0,1262.0,1262.0,2
2026-07-24 07:49:00+00:00,1249.0,1249.0,1249.0,1249.0,2
2026-07-24 07:52:00+00:00,1249.5,1249.5,1249.5,1249.5,1
2026-07-24 07:57:00+00:00,1261.5,1261.5,1261.5,1261.5,1
2026-07-24 07:58:00+00:00,1249.5,1249.5,1249.5,1249.5,2
2026-07-24 08:00:00+00:00,1249.5,1249.5,1249.5,1249.5,3
2026-07-24 08:02:00+00:00,1250.0,1250.0,1250.0,1250.0,2
2026-07-24 08:03:00+00:00,1250.0,1250.0,1250.0,1250.0,2
2026-07-24 08:04:00+00:00,1250.0,1250.0,1250.0,1250.0,1
2026-07-24 08:05:00+00:00,1250.0,1250.0,1250.0,1250.0,1
2026-07-24 08:06:00+00:00,1250.0,1250.0,1250.0,1250.0,1
2026-07-24 08:09:00+00:00,1250.0,1250.0,1250.0,1250.0,1
2026-07-24 08:20:00+00:00,1239.5,1239.5,1239.5,1239.5,2
2026-07-24 08:21:00+00:00,1239.5,1239.5,1239.5,1239.5,2
2026-07-24 08:30:00+00:00,1252.5,1252.5,1252.5,1252.5,1
2026-07-24 08:31:00+00:00,1239.5,1239.5,1239.5,1239.5,1
2026-07-24 08:34:00+00:00,1253.0,1253.0,1253.0,1253.0,2
2026-07-24 08:40:00+00:00,1253.5,1253.5,1253.5,1253.5,2
2026-07-24 08:47:00+00:00,1240.5,1240.5,1240.5,1240.5,2
2026-07-24 08:50:00+00:00,1240.0,1240.0,1240.0,1240.0,2
2026-07-24 08:50:00+00:00,1253.0,1253.0,1253.0,1253.0,1
2026-07-24 09:00:00+00:00,1238.5,1238.5,1238.5,1238.5,4
2026-07-24 09:13:00+00:00,1250.0,1250.0,1250.0,1250.0,1
2026-07-24 09:18:00+00:00,1237.0,1237.0,1237.0,1237.0,3
2026-07-24 09:21:00+00:00,1237.0,1237.0,1237.0,1237.0,2
2026-07-24 09:27:00+00:00,1248.0,1248.0,1248.0,1248.0,1
2026-07-24 09:34:00+00:00,1248.0,1248.0,1248.0,1248.0,2
2026-07-24 09:39:00+00:00,1234.5,1234.5,1234.5,1234.5,2
2026-07-24 09:41:00+00:00,1234.0,1234.0,1234.0,1234.0,2
2026-07-24 09:42:00+00:00,1246.5,1246.5,1246.5,1246.5,2
2026-07-24 09:55:00+00:00,1262.0,1262.0,1262.0,1262.0,1
2026-07-24 09:55:00+00:00,-13.0,-13.0,-13.0,-13.0,1
2026-07-24 09:55:00+00:00,1249.0,1249.0,1249.0,1249.0,12
2026-07-24 09:56:00+00:00,1249.0,1249.0,1249.0,1249.0,2
2026-07-24 09:58:00+00:00,1248.5,1248.5,1248.5,1248.5,2
2026-07-24 09:59:00+00:00,1237.0,1237.0,1237.0,1237.0,2
2026-07-24 10:13:00+00:00,1237.5,1237.5,1237.5,1237.5,2
2026-07-24 10:14:00+00:00,1249.5,1249.5,1249.5,1249.5,2
2026-07-24 10:14:00+00:00,1237.0,1237.0,1237.0,1237.0,2
2026-07-24 10:15:00+00:00,1237.0,1237.0,1237.0,1237.0,2
2026-07-24 11:11:00+00:00,1235.5,1235.5,1235.5,1235.5,1
2026-07-24 11:11:00+00:00,1248.5,1248.5,1248.5,1248.5,1
2026-07-24 11:25:00+00:00,1247.0,1247.0,1246.5,1246.5,6
2026-07-24 11:27:00+00:00,1246.5,1246.5,1246.5,1246.5,1
2026-07-24 11:32:00+00:00,1247.0,1247.0,1247.0,1247.0,1
2026-07-24 11:32:00+00:00,1235.0,1235.0,1235.0,1235.0,2
2026-07-24 11:33:00+00:00,1235.0,1235.0,1235.0,1235.0,2
2026-07-24 11:37:00+00:00,1246.0,1246.0,1246.0,1246.0,2
2026-07-24 11:40:00+00:00,1245.5,1245.5,1245.5,1245.5,5
2026-07-24 11:43:00+00:00,1245.0,1245.0,1245.0,1245.0,6
2026-07-24 11:43:00+00:00,1232.5,1232.5,1232.5,1232.5,1
2026-07-24 11:47:00+00:00,1245.0,1245.0,1245.0,1245.0,2
2026-07-24 11:48:00+00:00,1244.5,1244.5,1244.0,1244.0,6
2026-07-24 11:49:00+00:00,1243.5,1243.5,1242.5,1242.5,21
2026-07-24 11:49:00+00:00,1230.5,1230.5,1230.5,1230.5,2
2026-07-24 11:51:00+00:00,1244.5,1244.5,1244.5,1244.5,2
2026-07-24 11:52:00+00:00,1244.0,1244.0,1244.0,1244.0,2
2026-07-24 11:54:00+00:00,1243.5,1243.5,1243.5,1243.5,11
2026-07-24 12:01:00+00:00,1244.0,1244.0,1244.0,1244.0,2
2026-07-24 12:17:00+00:00,1241.0,1241.0,1241.0,1241.0,5
2026-07-24 12:19:00+00:00,1241.5,1241.5,1241.5,1241.5,2
2026-07-24 12:23:00+00:00,1242.5,1242.5,1242.5,1242.5,3
2026-07-24 12:25:00+00:00,1242.5,1242.5,1242.5,1242.5,1
2026-07-24 12:27:00+00:00,1242.5,1242.5,1242.5,1242.5,1
2026-07-24 12:27:00+00:00,1229.5,1229.5,1229.5,1229.5,2
2026-07-24 12:28:00+00:00,1242.5,1242.5,1242.5,1242.5,1
2026-07-24 12:28:00+00:00,1229.5,1229.5,1229.5,1229.5,2
2026-07-24 12:30:00+00:00,1242.5,1242.5,1242.5,1242.5,1
2026-07-24 12:31:00+00:00,1242.5,1242.5,1242.5,1242.5,3
2026-07-24 12:34:00+00:00,1242.0,1242.0,1242.0,1242.0,1
2026-07-24 12:36:00+00:00,1229.0,1229.0,1229.0,1229.0,1
2026-07-24 12:43:00+00:00,1241.5,1241.5,1241.5,1241.5,2
2026-07-24 12:44:00+00:00,1241.0,1241.0,1240.0,1240.0,20
2026-07-24 13:30:00+00:00,1226.5,1226.5,1226.5,1226.5,2
2026-07-24 13:30:00+00:00,1239.5,1243.0,1238.0,1243.0,31
2026-07-24 13:31:00+00:00,1242.5,1242.5,1241.0,1241.0,6
2026-07-24 13:39:00+00:00,1242.5,1242.5,1242.5,1242.5,3
2026-07-24 13:40:00+00:00,1241.0,1241.0,1241.0,1241.0,10
2026-07-24 13:42:00+00:00,1243.0,1243.5,1243.0,1243.5,6
2026-07-24 13:42:00+00:00,1230.5,1230.5,1230.5,1230.5,2
2026-07-24 13:43:00+00:00,1244.0,1244.0,1244.0,1244.0,2
2026-07-24 13:44:00+00:00,1244.5,1245.0,1244.5,1245.0,2
2026-07-24 13:46:00+00:00,1244.5,1244.5,1244.5,1244.5,1
2026-07-24 13:46:00+00:00,1235.0,1235.0,1235.0,1235.0,6
2026-07-24 13:47:00+00:00,1245.0,1245.0,1245.0,1245.0,6
2026-07-24 13:48:00+00:00,1244.5,1244.5,1244.5,1244.5,1
2026-07-24 13:49:00+00:00,1244.5,1244.5,1244.5,1244.5,1
2026-07-24 13:51:00+00:00,1245.0,1245.0,1245.0,1245.0,2
2026-07-24 13:53:00+00:00,1244.5,1244.5,1244.5,1244.5,1
2026-07-24 13:55:00+00:00,1243.0,1243.0,1243.0,1243.0,1
2026-07-24 14:00:00+00:00,1242.5,1242.5,1242.0,1242.0,5
2026-07-24 14:03:00+00:00,1242.5,1242.5,1242.5,1242.5,1
2026-07-24 14:06:00+00:00,1242.0,1242.0,1242.0,1242.0,1
2026-07-24 14:08:00+00:00,1243.0,1243.0,1243.0,1243.0,1
2026-07-24 14:09:00+00:00,1243.0,1243.0,1243.0,1243.0,3
2026-07-24 14:10:00+00:00,1244.0,1244.0,1244.0,1244.0,1
2026-07-24 14:12:00+00:00,1243.0,1243.0,1243.0,1243.0,1
2026-07-24 14:15:00+00:00,1244.5,1244.5,1244.5,1244.5,2
2026-07-24 14:17:00+00:00,1244.0,1244.0,1244.0,1244.0,1
2026-07-24 14:22:00+00:00,-13.5,-13.5,-13.5,-13.5,2
2026-07-24 14:22:00+00:00,1245.0,1246.5,1245.0,1246.5,14
2026-07-24 14:22:00+00:00,1260.0,1260.0,1260.0,1260.0,2
2026-07-24 14:26:00+00:00,1246.5,1246.5,1246.5,1246.5,1
2026-07-24 14:26:00+00:00,1232.5,1232.5,1232.5,1232.5,1
2026-07-24 14:29:00+00:00,1246.0,1246.0,1246.0,1246.0,2
2026-07-24 14:33:00+00:00,1246.5,1246.5,1246.5,1246.5,1
2026-07-24 14:34:00+00:00,1247.0,1247.0,1247.0,1247.0,4
2026-07-24 14:34:00+00:00,-13.5,-13.5,-13.5,-13.5,2
2026-07-24 14:34:00+00:00,1260.5,1260.5,1260.5,1260.5,2
2026-07-24 14:36:00+00:00,1247.5,1247.5,1247.5,1247.5,3
2026-07-24 14:37:00+00:00,1248.0,1248.0,1248.0,1248.0,6
2026-07-24 14:39:00+00:00,1248.5,1248.5,1248.5,1248.5,1
2026-07-24 14:41:00+00:00,1249.0,1249.5,1249.0,1249.5,2
2026-07-24 14:42:00+00:00,1250.0,1250.0,1250.0,1250.0,5
2026-07-24 14:45:00+00:00,1251.0,1251.5,1250.5,1251.5,5
2026-07-24 14:46:00+00:00,1252.0,1252.0,1252.0,1252.0,1
2026-07-24 14:47:00+00:00,1251.0,1251.0,1251.0,1251.0,2
2026-07-24 14:49:00+00:00,1252.5,1253.0,1252.5,1253.0,3
2026-07-24 14:49:00+00:00,1238.5,1238.5,1238.5,1238.5,2
2026-07-24 14:50:00+00:00,1252.5,1253.5,1252.5,1253.0,4
2026-07-24 14:53:00+00:00,1253.0,1253.0,1253.0,1253.0,2
2026-07-24 14:58:00+00:00,1238.0,1238.0,1238.0,1238.0,1
2026-07-24 14:59:00+00:00,1254.0,1254.0,1254.0,1254.0,1
2026-07-24 15:00:00+00:00,1254.0,1254.0,1254.0,1254.0,1
2026-07-24 15:01:00+00:00,-14.0,-14.0,-14.0,-14.0,1
2026-07-24 15:01:00+00:00,-13.0,-13.0,-13.0,-13.0,5
2026-07-24 15:01:00+00:00,1267.5,1268.5,1267.5,1268.5,5
2026-07-24 15:01:00+00:00,1254.0,1256.0,1254.0,1256.0,51
2026-07-24 15:01:00+00:00,1240.5,1242.0,1240.5,1242.0,5
2026-07-24 15:03:00+00:00,1242.0,1242.0,1242.0,1242.0,5
2026-07-24 15:06:00+00:00,1253.5,1253.5,1253.5,1253.5,5
2026-07-24 15:08:00+00:00,1253.0,1253.0,1253.0,1253.0,1
2026-07-24 15:09:00+00:00,1253.0,1253.0,1251.5,1252.0,6
2026-07-24 15:10:00+00:00,1251.0,1251.0,1250.5,1250.5,5
2026-07-24 15:11:00+00:00,1250.5,1250.5,1250.5,1250.5,1
2026-07-24 15:12:00+00:00,1251.0,1251.0,1251.0,1251.0,1
2026-07-24 15:16:00+00:00,1251.0,1251.0,1251.0,1251.0,4
2026-07-24 15:17:00+00:00,1250.0,1250.0,1250.0,1250.0,1
2026-07-24 15:18:00+00:00,1250.0,1250.5,1250.0,1250.5,3
2026-07-24 15:19:00+00:00,1250.5,1250.5,1250.0,1250.0,6
2026-07-24 15:20:00+00:00,1250.0,1250.0,1249.5,1249.5,7
2026-07-24 15:21:00+00:00,1249.0,1249.0,1249.0,1249.0,1
2026-07-24 15:22:00+00:00,1250.0,1250.0,1250.0,1250.0,1
2026-07-24 15:23:00+00:00,-26.5,-26.5,-26.5,-26.5,2
2026-07-24 15:23:00+00:00,1249.5,1249.5,1249.5,1249.5,8
2026-07-24 15:23:00+00:00,1261.5,1261.5,1261.5,1261.5,7
2026-07-24 15:23:00+00:00,1262.5,1262.5,1262.5,1262.5,10
2026-07-24 15:23:00+00:00,-25.5,-25.5,-25.5,-25.5,3
2026-07-24 15:23:00+00:00,-13.0,-13.0,-13.0,-13.0,4
2026-07-24 15:23:00+00:00,-12.0,-12.0,-12.0,-12.0,4
2026-07-24 15:23:00+00:00,1236.0,1236.0,1236.0,1236.0,5
2026-07-24 15:24:00+00:00,1263.5,1263.5,1263.5,1263.5,2
2026-07-24 15:24:00+00:00,1250.0,1250.0,1250.0,1250.0,1
2026-07-24 15:27:00+00:00,1249.0,1249.0,1249.0,1249.0,3
2026-07-24 15:29:00+00:00,1249.5,1249.5,1249.5,1249.5,1
2026-07-24 15:30:00+00:00,1250.0,1250.0,1250.0,1250.0,1
2026-07-24 15:33:00+00:00,1250.0,1250.0,1250.0,1250.0,1
2026-07-24 15:36:00+00:00,1250.5,1250.5,1250.5,1250.5,1
2026-07-24 15:38:00+00:00,1250.5,1250.5,1250.5,1250.5,1
2026-07-24 15:39:00+00:00,1251.0,1251.0,1251.0,1251.0,1
2026-07-24 15:40:00+00:00,1250.0,1250.0,1250.0,1250.0,2
2026-07-24 15:41:00+00:00,1249.5,1249.5,1249.5,1249.5,2
2026-07-24 15:42:00+00:00,1236.5,1236.5,1236.5,1236.5,2
2026-07-24 15:48:00+00:00,1250.5,1250.5,1250.5,1250.5,2
2026-07-24 15:57:00+00:00,1252.5,1252.5,1252.5,1252.5,2
2026-07-24 15:58:00+00:00,1253.0,1253.5,1253.0,1253.5,11
2026-07-24 15:59:00+00:00,1254.0,1254.5,1254.0,1254.5,4
2026-07-24 16:00:00+00:00,1254.0,1254.5,1254.0,1254.5,3
2026-07-24 16:03:00+00:00,1254.5,1254.5,1254.5,1254.5,1
2026-07-24 16:05:00+00:00,1254.0,1254.0,1254.0,1254.0,1
2026-07-24 16:07:00+00:00,1254.5,1254.5,1254.5,1254.5,1
2026-07-24 16:09:00+00:00,1254.0,1254.0,1254.0,1254.0,2
2026-07-24 16:09:00+00:00,1240.5,1240.5,1240.5,1240.5,6
2026-07-24 16:14:00+00:00,1253.0,1253.0,1253.0,1253.0,1
2026-07-24 16:15:00+00:00,1253.0,1253.0,1253.0,1253.0,1
2026-07-24 16:17:00+00:00,1252.5,1252.5,1252.0,1252.0,6
2026-07-24 16:20:00+00:00,1266.5,1266.5,1266.5,1266.5,2
2026-07-24 16:24:00+00:00,1254.5,1254.5,1254.5,1254.5,2
2026-07-24 16:25:00+00:00,1255.0,1255.0,1255.0,1255.0,6
2026-07-24 16:35:00+00:00,1253.5,1253.5,1253.5,1253.5,1
2026-07-24 16:37:00+00:00,1252.0,1252.0,1251.5,1251.5,6
2026-07-24 16:38:00+00:00,1252.5,1252.5,1252.5,1252.5,2
2026-07-24 16:39:00+00:00,1252.5,1252.5,1252.5,1252.5,1
2026-07-24 16:52:00+00:00,1254.0,1254.5,1254.0,1254.5,7
2026-07-24 16:53:00+00:00,1255.0,1255.5,1255.0,1255.5,12
2026-07-24 16:54:00+00:00,1255.0,1255.0,1255.0,1255.0,1
2026-07-24 16:55:00+00:00,1255.5,1255.5,1255.5,1255.5,1
2026-07-24 16:56:00+00:00,1254.5,1254.5,1254.5,1254.5,1
2026-07-24 16:57:00+00:00,1255.0,1255.0,1255.0,1255.0,1
2026-07-24 17:00:00+00:00,1255.5,1255.5,1255.5,1255.5,3
2026-07-24 17:06:00+00:00,1250.5,1250.5,1250.5,1250.5,2
2026-07-24 17:11:00+00:00,1256.0,1256.0,1256.0,1256.0,5
2026-07-24 17:15:00+00:00,1256.0,1256.0,1256.0,1256.0,1
2026-07-24 17:23:00+00:00,1255.5,1255.5,1255.5,1255.5,1
2026-07-24 17:30:00+00:00,1254.5,1254.5,1254.5,1254.5,3
2026-07-24 17:35:00+00:00,1235.5,1235.5,1235.5,1235.5,1
2026-07-24 17:38:00+00:00,1254.5,1254.5,1254.5,1254.5,1
2026-07-24 17:38:00+00:00,1241.0,1241.0,1241.0,1241.0,1
2026-07-24 17:40:00+00:00,1254.0,1254.0,1254.0,1254.0,1
2026-07-24 17:42:00+00:00,1253.5,1253.5,1253.5,1253.5,1
2026-07-24 17:53:00+00:00,1253.5,1253.5,1253.0,1253.0,2
2026-07-24 17:58:00+00:00,1253.5,1253.5,1253.5,1253.5,1
2026-07-24 18:00:00+00:00,1253.5,1253.5,1253.5,1253.5,1
2026-07-24 18:01:00+00:00,1253.5,1253.5,1253.5,1253.5,1
2026-07-24 18:05:00+00:00,1253.5,1253.5,1253.5,1253.5,2
2026-07-24 18:08:00+00:00,1253.5,1253.5,1253.5,1253.5,5
2026-07-24 18:11:00+00:00,1254.5,1254.5,1254.5,1254.5,1
2026-07-24 18:13:00+00:00,1253.5,1253.5,1253.5,1253.5,3
2026-07-24 18:16:00+00:00,1241.0,1241.0,1241.0,1241.0,1
2026-07-24 18:16:00+00:00,1252.5,1252.5,1252.5,1252.5,1
2026-07-24 18:17:00+00:00,1239.5,1243.0,1234.0,1238.5,14
2026-07-24 18:18:00+00:00,1253.0,1253.5,1253.0,1253.5,4
2026-07-24 18:19:00+00:00,1253.0,1253.0,1253.0,1253.0,2
2026-07-27 00:00:00+00:00,1233.0,1233.0,1225.0,1225.0,5
2026-07-27 00:00:00+00:00,1247.0,1251.0,1240.0,1240.0,66
2026-07-27 00:01:00+00:00,1244.5,1247.0,1244.5,1247.0,3
2026-07-27 00:02:00+00:00,1235.5,1235.5,1235.5,1235.5,1
2026-07-27 00:03:00+00:00,1249.0,1249.0,1249.0,1249.0,1
2026-07-27 00:04:00+00:00,1262.0,1262.0,1262.0,1262.0,2
2026-07-27 00:05:00+00:00,1246.5,1246.5,1246.0,1246.0,4
2026-07-27 00:07:00+00:00,1246.0,1246.0,1246.0,1246.0,1
2026-07-27 00:09:00+00:00,1258.0,1258.0,1258.0,1258.0,2
2026-07-27 00:09:00+00:00,1244.5,1244.5,1244.5,1244.5,11
2026-07-27 00:12:00+00:00,1231.0,1231.0,1231.0,1231.0,2
2026-07-27 00:12:00+00:00,1258.5,1258.5,1258.5,1258.5,2
2026-07-27 00:12:00+00:00,1245.0,1245.0,1245.0,1245.0,2
2026-07-27 00:13:00+00:00,1244.5,1244.5,1244.5,1244.5,4
2026-07-27 00:13:00+00:00,1231.5,1231.5,1231.5,1231.5,2
2026-07-27 00:27:00+00:00,1243.0,1243.0,1243.0,1243.0,1
2026-07-27 00:56:00+00:00,1241.0,1241.0,1241.0,1241.0,1
2026-07-27 00:59:00+00:00,1240.0,1240.0,1240.0,1240.0,6
2026-07-27 01:00:00+00:00,1239.5,1239.5,1239.0,1239.0,5
2026-07-27 01:01:00+00:00,1240.5,1240.5,1240.5,1240.5,2
2026-07-27 01:05:00+00:00,1241.5,1241.5,1241.5,1241.5,1
2026-07-27 01:06:00+00:00,1241.0,1241.5,1241.0,1241.5,4
2026-07-27 01:09:00+00:00,1241.0,1241.0,1241.0,1241.0,4
2026-07-27 01:16:00+00:00,1241.0,1241.0,1241.0,1241.0,1
2026-07-27 01:21:00+00:00,1240.5,1240.5,1240.5,1240.5,4
2026-07-27 01:29:00+00:00,1240.0,1240.0,1240.0,1240.0,6
2026-07-27 01:34:00+00:00,-13.0,-13.0,-13.0,-13.0,1
2026-07-27 01:34:00+00:00,1254.5,1254.5,1254.5,1254.5,1
2026-07-27 01:34:00+00:00,1241.5,1241.5,1241.0,1241.0,11
2026-07-27 01:35:00+00:00,1241.5,1241.5,1240.5,1240.5,4
2026-07-27 01:36:00+00:00,1240.0,1240.0,1240.0,1240.0,2
2026-07-27 01:37:00+00:00,1239.5,1239.5,1239.5,1239.5,2
2026-07-27 01:40:00+00:00,1240.5,1241.0,1240.5,1241.0,4
2026-07-27 01:41:00+00:00,1240.5,1240.5,1240.5,1240.5,2
2026-07-27 02:03:00+00:00,1241.5,1241.5,1241.5,1241.5,2
2026-07-27 02:03:00+00:00,1254.5,1254.5,1254.5,1254.5,1
2026-07-27 02:12:00+00:00,1229.0,1229.0,1229.0,1229.0,2
2026-07-27 02:12:00+00:00,1242.0,1242.0,1242.0,1242.0,2
2026-07-27 02:20:00+00:00,1227.5,1227.5,1227.5,1227.5,2
2026-07-27 02:21:00+00:00,1240.0,1240.0,1240.0,1240.0,2
2026-07-27 02:27:00+00:00,1241.5,1241.5,1241.5,1241.5,4
2026-07-27 02:29:00+00:00,1242.5,1242.5,1242.5,1242.5,2
2026-07-27 02:34:00+00:00,1242.5,1242.5,1242.5,1242.5,4
2026-07-27 03:02:00+00:00,1241.5,1241.5,1241.5,1241.5,1
2026-07-27 03:18:00+00:00,1241.0,1241.5,1241.0,1241.5,12
2026-07-27 03:18:00+00:00,1228.5,1228.5,1228.5,1228.5,2
2026-07-27 03:18:00+00:00,1254.5,1254.5,1254.5,1254.5,2
2026-07-27 03:19:00+00:00,1242.0,1242.0,1242.0,1242.0,2
2026-07-27 03:21:00+00:00,1242.0,1242.0,1242.0,1242.0,1
2026-07-27 03:24:00+00:00,1229.5,1229.5,1229.5,1229.5,2
2026-07-27 03:43:00+00:00,1242.0,1242.0,1242.0,1242.0,1
2026-07-27 03:45:00+00:00,1242.0,1242.0,1242.0,1242.0,1
2026-07-27 03:48:00+00:00,1242.0,1242.0,1242.0,1242.0,1
2026-07-27 04:14:00+00:00,1239.5,1239.5,1239.5,1239.5,1
2026-07-27 04:18:00+00:00,1227.5,1227.5,1227.5,1227.5,2
2026-07-27 04:39:00+00:00,1239.0,1239.0,1239.0,1239.0,2
2026-07-27 04:40:00+00:00,1239.0,1239.0,1239.0,1239.0,1
2026-07-27 05:10:00+00:00,1239.5,1239.5,1239.5,1239.5,1
2026-07-27 05:28:00+00:00,1238.5,1238.5,1238.0,1238.0,2
2026-07-27 05:30:00+00:00,1237.5,1237.5,1237.0,1237.0,5
2026-07-27 05:31:00+00:00,1224.5,1224.5,1224.5,1224.5,2
2026-07-27 06:11:00+00:00,1237.5,1237.5,1237.5,1237.5,1
2026-07-27 06:29:00+00:00,1238.0,1238.0,1238.0,1238.0,2
2026-07-27 06:34:00+00:00,1237.0,1237.0,1237.0,1237.0,2
2026-07-27 06:42:00+00:00,1236.5,1237.0,1236.5,1237.0,2
2026-07-27 06:44:00+00:00,1223.5,1223.5,1223.5,1223.5,2
2026-07-27 06:44:00+00:00,1236.5,1236.5,1235.5,1235.5,8
2026-07-27 06:45:00+00:00,1235.5,1235.5,1235.5,1235.5,2
2026-07-27 06:45:00+00:00,1223.0,1223.0,1223.0,1223.0,2
2026-07-27 06:47:00+00:00,1223.0,1223.0,1223.0,1223.0,2
2026-07-27 06:48:00+00:00,1223.0,1223.0,1223.0,1223.0,2
2026-07-27 06:50:00+00:00,1222.5,1222.5,1222.5,1222.5,2
2026-07-27 06:50:00+00:00,1235.0,1235.0,1235.0,1235.0,13
2026-07-27 06:51:00+00:00,1235.0,1235.0,1234.5,1234.5,3
2026-07-27 06:51:00+00:00,1222.5,1222.5,1222.5,1222.5,2
2026-07-27 06:52:00+00:00,1234.0,1234.0,1234.0,1234.0,2
2026-07-27 06:53:00+00:00,1233.5,1233.5,1233.5,1233.5,6
2026-07-27 06:54:00+00:00,1233.0,1233.0,1233.0,1233.0,2
2026-07-27 06:54:00+00:00,1220.5,1220.5,1220.5,1220.5,2
2026-07-27 06:55:00+00:00,1232.0,1232.0,1231.0,1231.0,24
2026-07-27 06:55:00+00:00,-12.5,-12.5,-12.5,-12.5,1
2026-07-27 06:55:00+00:00,1219.0,1219.0,1218.5,1218.5,4
2026-07-27 06:57:00+00:00,1231.5,1231.5,1231.5,1231.5,1
2026-07-27 06:59:00+00:00,1231.0,1231.0,1231.0,1231.0,2
2026-07-27 07:02:00+00:00,1231.0,1231.0,1231.0,1231.0,1
2026-07-27 07:04:00+00:00,1231.0,1231.0,1231.0,1231.0,1
2026-07-27 07:08:00+00:00,1232.0,1232.0,1232.0,1232.0,2
2026-07-27 07:09:00+00:00,1232.0,1232.0,1232.0,1232.0,1
2026-07-27 07:10:00+00:00,1230.5,1230.5,1230.0,1230.0,8
2026-07-27 07:17:00+00:00,1215.5,1215.5,1215.5,1215.5,1
2026-07-27 07:17:00+00:00,1229.0,1229.0,1227.5,1227.5,7
2026-07-27 07:20:00+00:00,1228.0,1228.0,1228.0,1228.0,1
2026-07-27 07:22:00+00:00,1227.5,1227.5,1227.5,1227.5,2
2026-07-27 07:23:00+00:00,1227.5,1227.5,1227.5,1227.5,1
2026-07-27 07:35:00+00:00,1228.0,1228.0,1228.0,1228.0,2
2026-07-27 07:36:00+00:00,1227.5,1227.5,1227.5,1227.5,4
2026-07-27 07:38:00+00:00,-13.5,-13.5,-13.5,-13.5,3
2026-07-27 07:38:00+00:00,-12.0,-12.0,-12.0,-12.0,1
2026-07-27 07:38:00+00:00,-13.0,-13.0,-13.0,-13.0,1
2026-07-27 07:38:00+00:00,1239.0,1239.0,1239.0,1239.0,1
2026-07-27 07:38:00+00:00,1215.0,1215.0,1214.0,1214.0,5
2026-07-27 07:38:00+00:00,1240.0,1240.0,1239.5,1239.5,3
2026-07-27 07:38:00+00:00,1227.0,1227.0,1226.0,1226.0,21
2026-07-27 07:40:00+00:00,1215.0,1215.0,1215.0,1215.0,1
2026-07-27 07:47:00+00:00,1239.5,1239.5,1239.5,1239.5,1
2026-07-27 07:49:00+00:00,1225.5,1225.5,1225.5,1225.5,2
2026-07-27 07:51:00+00:00,-13.5,-13.5,-13.5,-13.5,1
2026-07-27 07:51:00+00:00,1225.0,1225.0,1224.0,1224.0,19
2026-07-27 07:51:00+00:00,1238.5,1238.5,1238.5,1238.5,1
2026-07-27 07:53:00+00:00,1224.0,1224.0,1223.0,1223.0,3
2026-07-27 07:54:00+00:00,1210.5,1210.5,1210.5,1210.5,4
2026-07-27 07:54:00+00:00,1223.0,1223.0,1223.0,1223.0,2
2026-07-27 07:55:00+00:00,1223.0,1223.0,1223.0,1223.0,1
2026-07-27 07:59:00+00:00,1223.5,1223.5,1223.5,1223.5,1
2026-07-27 08:00:00+00:00,1224.5,1224.5,1224.5,1224.5,1
2026-07-27 08:01:00+00:00,1224.5,1224.5,1224.5,1224.5,1
2026-07-27 08:04:00+00:00,1224.5,1224.5,1224.5,1224.5,1
2026-07-27 08:06:00+00:00,1224.0,1224.0,1224.0,1224.0,1
2026-07-27 08:11:00+00:00,1224.0,1224.0,1224.0,1224.0,1
2026-07-27 08:15:00+00:00,1223.0,1223.0,1223.0,1223.0,1
2026-07-27 08:18:00+00:00,1210.0,1210.5,1209.5,1210.5,3
2026-07-27 08:20:00+00:00,1222.0,1222.0,1221.5,1221.5,8
2026-07-27 08:26:00+00:00,1220.0,1220.0,1220.0,1220.0,4
2026-07-27 08:26:00+00:00,1208.0,1208.0,1207.5,1207.5,4
2026-07-27 08:26:00+00:00,-12.5,-12.5,-12.5,-12.5,1
2026-07-27 08:27:00+00:00,-13.0,-13.0,-13.0,-13.0,2
2026-07-27 08:27:00+00:00,1233.0,1233.0,1233.0,1233.0,2
2026-07-27 08:27:00+00:00,1220.0,1220.0,1220.0,1220.0,14
2026-07-27 08:32:00+00:00,1207.0,1207.0,1206.5,1206.5,3
2026-07-27 08:33:00+00:00,1207.0,1207.0,1206.5,1206.5,6
2026-07-27 08:33:00+00:00,1219.0,1219.0,1219.0,1219.0,2
2026-07-27 08:34:00+00:00,1219.0,1219.0,1218.5,1218.5,2
2026-07-27 08:37:00+00:00,1220.0,1220.0,1220.0,1220.0,2
2026-07-27 08:45:00+00:00,1220.0,1220.0,1220.0,1220.0,3
2026-07-27 08:46:00+00:00,1207.0,1207.0,1207.0,1207.0,2
2026-07-27 08:47:00+00:00,1207.0,1207.0,1207.0,1207.0,2
2026-07-27 08:50:00+00:00,1218.0,1218.0,1218.0,1218.0,6
2026-07-27 08:51:00+00:00,1206.0,1206.0,1206.0,1206.0,1
2026-07-27 08:51:00+00:00,1218.5,1218.5,1218.5,1218.5,1
2026-07-27 08:51:00+00:00,-12.5,-12.5,-12.5,-12.5,1
2026-07-27 08:56:00+00:00,1219.0,1219.0,1219.0,1219.0,1
2026-07-27 08:58:00+00:00,1220.0,1220.0,1219.0,1219.0,2
2026-07-27 08:59:00+00:00,1207.0,1207.0,1207.0,1207.0,2
2026-07-27 09:00:00+00:00,1207.0,1207.0,1207.0,1207.0,2
2026-07-27 09:10:00+00:00,1218.5,1218.5,1218.5,1218.5,2
2026-07-27 09:16:00+00:00,1219.0,1219.0,1219.0,1219.0,1
2026-07-27 09:17:00+00:00,1219.5,1219.5,1219.5,1219.5,2
2026-07-27 09:22:00+00:00,1219.0,1219.0,1218.5,1219.0,7
2026-07-27 09:25:00+00:00,1218.5,1218.5,1218.5,1218.5,1
2026-07-27 09:29:00+00:00,1216.0,1216.0,1215.5,1215.5,5
2026-07-27 09:30:00+00:00,-12.5,-12.5,-12.5,-12.5,2
2026-07-27 09:30:00+00:00,1203.0,1203.0,1203.0,1203.0,7
2026-07-27 09:30:00+00:00,1215.5,1215.5,1215.5,1215.5,2
2026-07-27 09:31:00+00:00,1215.0,1215.0,1215.0,1215.0,1
2026-07-27 09:34:00+00:00,1216.0,1216.0,1216.0,1216.0,1
2026-07-27 09:35:00+00:00,1216.5,1216.5,1216.5,1216.5,1
2026-07-27 09:42:00+00:00,1217.5,1217.5,1217.5,1217.5,3
2026-07-27 09:47:00+00:00,1217.5,1217.5,1217.5,1217.5,4
2026-07-27 09:49:00+00:00,1219.0,1219.0,1219.0,1219.0,4
2026-07-27 09:56:00+00:00,1217.0,1217.0,1217.0,1217.0,2
2026-07-27 09:56:00+00:00,-13.5,-13.5,-13.5,-13.5,2
2026-07-27 09:56:00+00:00,1204.5,1204.5,1204.5,1204.5,1
2026-07-27 09:56:00+00:00,1230.5,1230.5,1230.5,1230.5,2
2026-07-27 10:00:00+00:00,1230.5,1230.5,1230.5,1230.5,4
2026-07-27 10:14:00+00:00,1206.5,1206.5,1206.5,1206.5,1
2026-07-27 10:20:00+00:00,1205.0,1206.0,1205.0,1206.0,2
2026-07-27 10:29:00+00:00,1233.0,1233.0,1233.0,1233.0,2
2026-07-27 10:29:00+00:00,1219.5,1219.5,1219.5,1219.5,20
2026-07-27 10:30:00+00:00,1233.0,1233.0,1233.0,1233.0,2
2026-07-27 10:30:00+00:00,1219.5,1219.5,1219.5,1219.5,2
2026-07-27 10:33:00+00:00,1206.5,1206.5,1206.5,1206.5,5
2026-07-27 10:33:00+00:00,-13.0,-13.0,-13.0,-13.0,2
2026-07-27 10:33:00+00:00,1219.0,1219.5,1219.0,1219.5,24
2026-07-27 10:33:00+00:00,1232.5,1232.5,1232.5,1232.5,2
2026-07-27 10:34:00+00:00,1206.5,1206.5,1206.5,1206.5,1
2026-07-27 10:36:00+00:00,1219.0,1219.0,1219.0,1219.0,1
2026-07-27 10:51:00+00:00,1205.0,1205.0,1205.0,1205.0,6
2026-07-27 10:59:00+00:00,1205.5,1205.5,1205.5,1205.5,2
2026-07-27 11:00:00+00:00,1205.5,1205.5,1205.5,1205.5,2
2026-07-27 11:00:00+00:00,1218.0,1218.0,1218.0,1218.0,2
2026-07-27 11:08:00+00:00,1218.0,1218.0,1218.0,1218.0,1
2026-07-27 11:15:00+00:00,1216.0,1216.0,1216.0,1216.0,2
2026-07-27 11:15:00+00:00,1229.5,1229.5,1229.5,1229.5,2
2026-07-27 11:16:00+00:00,1216.5,1216.5,1216.5,1216.5,6
2026-07-27 11:16:00+00:00,1204.0,1204.0,1204.0,1204.0,2
2026-07-27 11:16:00+00:00,1230.0,1230.0,1230.0,1230.0,4
2026-07-27 11:16:00+00:00,-13.5,-13.5,-13.5,-13.5,4
2026-07-27 11:17:00+00:00,1217.5,1217.5,1217.5,1217.5,1
2026-07-27 11:25:00+00:00,-13.5,-13.5,-13.5,-13.5,1
2026-07-27 11:25:00+00:00,1219.0,1219.0,1219.0,1219.0,1
2026-07-27 11:25:00+00:00,1206.5,1206.5,1206.5,1206.5,4
2026-07-27 11:25:00+00:00,1232.5,1232.5,1232.5,1232.5,3
2026-07-27 11:45:00+00:00,1217.0,1217.0,1217.0,1217.0,2
2026-07-27 11:47:00+00:00,1216.0,1216.0,1216.0,1216.0,4
2026-07-27 11:47:00+00:00,1229.5,1229.5,1229.5,1229.5,2
2026-07-27 11:47:00+00:00,1203.5,1203.5,1202.5,1202.5,7
2026-07-27 11:48:00+00:00,1203.0,1203.0,1203.0,1203.0,2
2026-07-27 11:48:00+00:00,1215.5,1215.5,1215.5,1215.5,2
2026-07-27 11:49:00+00:00,-13.5,-13.5,-13.5,-13.5,3
2026-07-27 11:49:00+00:00,1229.5,1229.5,1229.5,1229.5,3
2026-07-27 11:49:00+00:00,1216.0,1216.0,1216.0,1216.0,3
2026-07-27 11:54:00+00:00,1215.0,1215.0,1215.0,1215.0,1
2026-07-27 11:56:00+00:00,1214.5,1214.5,1214.5,1214.5,2
2026-07-27 11:58:00+00:00,1229.0,1229.0,1229.0,1229.0,2
2026-07-27 11:59:00+00:00,-13.5,-13.5,-13.5,-13.5,1
2026-07-27 11:59:00+00:00,1229.0,1229.0,1229.0,1229.0,1
2026-07-27 11:59:00+00:00,1215.5,1215.5,1215.5,1215.5,1
2026-07-27 12:01:00+00:00,1202.5,1202.5,1202.5,1202.5,1
2026-07-27 12:02:00+00:00,1205.5,1205.5,1205.5,1205.5,12
2026-07-27 12:02:00+00:00,1217.0,1217.5,1217.0,1217.5,6
2026-07-27 12:03:00+00:00,1205.0,1205.0,1205.0,1205.0,2
2026-07-27 12:04:00+00:00,1217.5,1217.5,1217.5,1217.5,2
2026-07-27 12:05:00+00:00,1205.5,1205.5,1205.5,1205.5,2
2026-07-27 12:11:00+00:00,1205.0,1206.5,1205.0,1206.5,3
2026-07-27 12:12:00+00:00,1205.0,1205.0,1205.0,1205.0,2
2026-07-27 12:14:00+00:00,-13.5,-13.5,-13.5,-13.5,2
2026-07-27 12:14:00+00:00,1232.0,1232.0,1232.0,1232.0,2
2026-07-27 12:14:00+00:00,1218.5,1218.5,1218.5,1218.5,4
2026-07-27 12:20:00+00:00,1218.5,1218.5,1218.5,1218.5,2
2026-07-27 12:21:00+00:00,1220.0,1220.0,1220.0,1220.0,1
2026-07-27 12:23:00+00:00,1207.0,1207.0,1207.0,1207.0,2
2026-07-27 12:24:00+00:00,1207.0,1207.0,1207.0,1207.0,2
2026-07-27 12:29:00+00:00,1206.5,1206.5,1206.5,1206.5,2
2026-07-27 12:30:00+00:00,1206.5,1206.5,1206.5,1206.5,2
2026-07-27 12:33:00+00:00,1220.5,1220.5,1219.5,1219.5,6
2026-07-27 12:41:00+00:00,1219.5,1219.5,1219.5,1219.5,1
2026-07-27 12:44:00+00:00,1220.5,1220.5,1220.5,1220.5,1
2026-07-27 13:30:00+00:00,-13.5,-13.5,-13.5,-13.5,2
2026-07-27 13:30:00+00:00,-13.5,-13.5,-13.5,-13.5,1
2026-07-27 13:30:00+00:00,1214.0,1214.0,1207.5,1207.5,5
2026-07-27 13:30:00+00:00,1234.0,1234.0,1234.0,1234.0,2
2026-07-27 13:30:00+00:00,1221.0,1227.5,1220.0,1220.5,28
2026-07-27 13:32:00+00:00,-13.5,-13.5,-13.5,-13.5,3
2026-07-27 13:32:00+00:00,1234.5,1234.5,1234.5,1234.5,3
2026-07-27 13:32:00+00:00,1220.0,1222.0,1220.0,1221.0,30
2026-07-27 13:33:00+00:00,1221.5,1221.5,1221.5,1221.5,10
2026-07-27 13:34:00+00:00,1222.5,1222.5,1221.5,1222.0,6
2026-07-27 13:35:00+00:00,1221.0,1221.0,1220.0,1220.0,6
2026-07-27 13:37:00+00:00,1204.5,1204.5,1204.5,1204.5,12
2026-07-27 13:39:00+00:00,1218.5,1220.0,1218.5,1220.0,2
2026-07-27 13:40:00+00:00,1218.5,1218.5,1218.5,1218.5,1
2026-07-27 13:41:00+00:00,1219.0,1219.0,1219.0,1219.0,1
2026-07-27 13:43:00+00:00,1206.0,1206.0,1206.0,1206.0,2
2026-07-27 13:43:00+00:00,1233.0,1233.0,1233.0,1233.0,3
2026-07-27 13:43:00+00:00,1219.0,1219.5,1219.0,1219.5,3
2026-07-27 13:48:00+00:00,1204.5,1204.5,1204.5,1204.5,2
2026-07-27 13:48:00+00:00,1217.5,1217.5,1217.5,1217.5,2
2026-07-27 13:48:00+00:00,-14.0,-14.0,-14.0,-14.0,2
2026-07-27 13:48:00+00:00,1231.5,1231.5,1231.5,1231.5,3
2026-07-27 13:52:00+00:00,1215.5,1215.5,1215.5,1215.5,1
2026-07-27 13:53:00+00:00,1214.5,1214.5,1214.5,1214.5,1
2026-07-27 13:54:00+00:00,1213.5,1213.5,1213.5,1213.5,2
2026-07-27 13:56:00+00:00,1216.0,1216.0,1216.0,1216.0,1
2026-07-27 14:03:00+00:00,1216.5,1216.5,1216.0,1216.0,4
2026-07-27 14:04:00+00:00,-13.5,-13.5,-13.5,-13.5,2
2026-07-27 14:04:00+00:00,1230.0,1230.0,1230.0,1230.0,2
2026-07-27 14:04:00+00:00,1216.5,1216.5,1216.5,1216.5,12
2026-07-27 14:06:00+00:00,1215.5,1215.5,1215.0,1215.0,4
2026-07-27 14:08:00+00:00,1215.5,1215.5,1215.5,1215.5,2
2026-07-27 14:10:00+00:00,1215.0,1215.0,1215.0,1215.0,1
2026-07-27 14:10:00+00:00,1201.5,1201.5,1201.5,1201.5,2
2026-07-27 14:10:00+00:00,1228.5,1228.5,1228.5,1228.5,1
2026-07-27 14:12:00+00:00,1214.0,1214.0,1211.5,1211.5,9
2026-07-27 14:12:00+00:00,-13.5,-13.5,-13.5,-13.5,1
2026-07-27 14:12:00+00:00,1200.5,1200.5,1199.0,1199.0,4
2026-07-27 14:20:00+00:00,1199.5,1200.5,1199.5,1200.5,2
2026-07-27 14:25:00+00:00,1198.5,1198.5,1198.5,1198.5,4
2026-07-27 14:26:00+00:00,1226.5,1226.5,1226.5,1226.5,3
2026-07-27 14:26:00+00:00,-13.5,-13.5,-13.5,-13.5,3
2026-07-27 14:26:00+00:00,1211.5,1213.0,1211.5,1213.0,7
2026-07-27 14:27:00+00:00,1200.5,1200.5,1200.5,1200.5,4
2026-07-27 14:31:00+00:00,1226.5,1226.5,1226.5,1226.5,2
2026-07-27 14:35:00+00:00,1212.0,1212.0,1212.0,1212.0,2
2026-07-27 14:38:00+00:00,1200.5,1200.5,1200.5,1200.5,4
2026-07-27 14:43:00+00:00,1215.0,1215.0,1215.0,1215.0,1
2026-07-27 14:46:00+00:00,1217.0,1217.0,1217.0,1217.0,1
2026-07-27 14:48:00+00:00,1204.5,1205.0,1204.0,1204.0,18
2026-07-27 14:48:00+00:00,-13.0,-13.0,-13.0,-13.0,1
2026-07-27 14:48:00+00:00,1218.0,1218.0,1218.0,1218.0,1
2026-07-27 14:51:00+00:00,1218.0,1218.0,1218.0,1218.0,1
2026-07-27 14:52:00+00:00,1204.5,1204.5,1204.5,1204.5,2
2026-07-27 14:52:00+00:00,1231.5,1231.5,1231.5,1231.5,13
2026-07-27 14:52:00+00:00,1217.5,1218.0,1217.5,1218.0,13
2026-07-27 14:52:00+00:00,-13.5,-13.5,-13.5,-13.5,1
2026-07-27 14:57:00+00:00,1205.5,1205.5,1205.5,1205.5,1
2026-07-27 15:01:00+00:00,-13.5,-13.5,-13.5,-13.5,1
2026-07-27 15:01:00+00:00,1231.5,1231.5,1231.5,1231.5,3
2026-07-27 15:01:00+00:00,1233.0,1233.0,1233.0,1233.0,10
2026-07-27 15:01:00+00:00,1204.5,1204.5,1204.5,1204.5,4
2026-07-27 15:01:00+00:00,1218.0,1218.0,1218.0,1218.0,6
2026-07-27 15:09:00+00:00,1204.0,1204.0,1204.0,1204.0,2
2026-07-27 15:10:00+00:00,1217.5,1217.5,1217.5,1217.5,1
2026-07-27 15:14:00+00:00,1217.5,1217.5,1217.0,1217.0,2
2026-07-27 15:15:00+00:00,1204.0,1204.0,1204.0,1204.0,2
2026-07-27 15:15:00+00:00,1217.5,1217.5,1217.0,1217.0,3
2026-07-27 15:16:00+00:00,1217.5,1217.5,1217.5,1217.5,1
2026-07-27 15:19:00+00:00,1231.5,1231.5,1231.5,1231.5,2
2026-07-27 15:19:00+00:00,1217.0,1217.0,1217.0,1217.0,2
2026-07-27 15:20:00+00:00,1204.5,1204.5,1204.5,1204.5,1
2026-07-27 15:27:00+00:00,1215.0,1215.0,1214.5,1214.5,2
2026-07-27 15:30:00+00:00,1216.0,1216.0,1216.0,1216.0,2
2026-07-27 15:43:00+00:00,-13.5,-13.5,-13.5,-13.5,5
2026-07-27 15:43:00+00:00,1229.0,1230.0,1229.0,1230.0,7
2026-07-27 15:43:00+00:00,1215.5,1216.0,1215.5,1215.5,25
2026-07-27 15:46:00+00:00,1215.0,1215.0,1215.0,1215.0,2
2026-07-27 15:47:00+00:00,1215.5,1215.5,1215.5,1215.5,1
2026-07-27 15:49:00+00:00,1213.0,1213.0,1213.0,1213.0,1
2026-07-27 15:52:00+00:00,1214.5,1214.5,1214.5,1214.5,2
2026-07-27 15:56:00+00:00,1216.5,1216.5,1216.5,1216.5,1
2026-07-27 16:14:00+00:00,1216.0,1216.0,1216.0,1216.0,1
2026-07-27 16:35:00+00:00,1200.0,1200.0,1200.0,1200.0,2
2026-07-27 16:50:00+00:00,1199.0,1199.0,1199.0,1199.0,1
2026-07-27 17:01:00+00:00,1212.0,1212.0,1212.0,1212.0,2
2026-07-27 17:05:00+00:00,1212.0,1212.0,1212.0,1212.0,2
2026-07-27 17:11:00+00:00,1212.5,1212.5,1212.5,1212.5,1
2026-07-27 17:13:00+00:00,1199.0,1199.0,1199.0,1199.0,4
2026-07-27 17:13:00+00:00,1213.0,1213.0,1213.0,1213.0,2
2026-07-27 17:15:00+00:00,1199.0,1199.0,1199.0,1199.0,5
2026-07-27 17:15:00+00:00,1212.5,1212.5,1212.5,1212.5,2
2026-07-27 17:16:00+00:00,1213.5,1213.5,1213.5,1213.5,1
2026-07-27 17:32:00+00:00,1199.5,1199.5,1199.5,1199.5,1
2026-07-27 17:47:00+00:00,1226.5,1226.5,1226.5,1226.5,3
2026-07-27 17:47:00+00:00,1213.0,1213.0,1212.5,1213.0,11
2026-07-27 17:48:00+00:00,1226.5,1226.5,1226.5,1226.5,1
2026-07-27 17:48:00+00:00,-13.5,-13.5,-13.5,-13.5,1
2026-07-27 17:48:00+00:00,1199.0,1199.0,1199.0,1199.0,3
2026-07-27 17:48:00+00:00,-14.0,-14.0,-14.0,-14.0,3
2026-07-27 17:48:00+00:00,1213.0,1213.0,1213.0,1213.0,6
2026-07-27 17:49:00+00:00,1213.5,1213.5,1213.5,1213.5,1
2026-07-27 17:57:00+00:00,1213.0,1213.0,1213.0,1213.0,2
2026-07-27 18:00:00+00:00,1212.5,1212.5,1212.5,1212.5,1
2026-07-27 18:05:00+00:00,1213.0,1213.0,1213.0,1213.0,1
2026-07-27 18:08:00+00:00,1214.0,1214.0,1214.0,1214.0,1
2026-07-27 18:14:00+00:00,1214.0,1214.0,1214.0,1214.0,1
2026-07-27 18:14:00+00:00,-14.5,-14.5,-14.5,-14.5,4
2026-07-27 18:15:00+00:00,1200.0,1200.0,1200.0,1200.0,1
2026-07-27 18:16:00+00:00,1213.0,1213.0,1213.0,1213.0,1
2026-07-27 18:18:00+00:00,1197.5,1197.5,1197.5,1197.5,4
2026-07-27 18:19:00+00:00,1212.5,1212.5,1212.0,1212.0,2
2026-07-28 00:00:00+00:00,1214.0,1217.5,1207.5,1217.5,49
2026-07-28 00:01:00+00:00,1216.0,1216.0,1216.0,1216.0,4
2026-07-28 00:04:00+00:00,1215.5,1215.5,1215.5,1215.5,1
2026-07-28 00:06:00+00:00,1200.5,1200.5,1200.5,1200.5,1
2026-07-28 00:10:00+00:00,1216.0,1216.0,1216.0,1216.0,3
2026-07-28 00:13:00+00:00,1215.0,1215.0,1215.0,1215.0,4
2026-07-28 00:15:00+00:00,1214.5,1214.5,1214.5,1214.5,2
2026-07-28 00:16:00+00:00,1214.5,1214.5,1214.5,1214.5,4
2026-07-28 00:21:00+00:00,1214.5,1214.5,1214.5,1214.5,2
2026-07-28 00:22:00+00:00,1215.5,1215.5,1215.5,1215.5,5
2026-07-28 00:37:00+00:00,1218.0,1218.0,1218.0,1218.0,2
2026-07-28 00:40:00+00:00,1203.5,1203.5,1203.5,1203.5,2
2026-07-28 00:40:00+00:00,1217.5,1217.5,1217.5,1217.5,2
2026-07-28 00:41:00+00:00,1203.5,1203.5,1203.5,1203.5,2
2026-07-28 00:41:00+00:00,1217.5,1217.5,1217.5,1217.5,2
2026-07-28 01:15:00+00:00,1201.0,1201.0,1201.0,1201.0,2
2026-07-28 01:17:00+00:00,1201.5,1201.5,1201.5,1201.5,1
2026-07-28 01:19:00+00:00,1216.0,1216.0,1216.0,1216.0,6
2026-07-28 01:20:00+00:00,1215.5,1215.5,1215.5,1215.5,4
2026-07-28 01:22:00+00:00,1215.0,1215.0,1215.0,1215.0,1
2026-07-28 01:25:00+00:00,1202.0,1202.0,1202.0,1202.0,1
2026-07-28 01:27:00+00:00,1201.5,1201.5,1201.5,1201.5,2
2026-07-28 01:28:00+00:00,1201.5,1201.5,1201.5,1201.5,2
2026-07-28 01:30:00+00:00,1201.5,1201.5,1201.5,1201.5,2
2026-07-28 01:31:00+00:00,1214.5,1215.0,1214.5,1215.0,7
2026-07-28 01:31:00+00:00,1201.0,1201.0,1201.0,1201.0,2
2026-07-28 01:45:00+00:00,-13.5,-13.5,-13.5,-13.5,1
2026-07-28 01:45:00+00:00,1216.0,1216.0,1216.0,1216.0,5
2026-07-28 01:45:00+00:00,1229.5,1229.5,1229.5,1229.5,2
2026-07-28 01:46:00+00:00,1216.0,1216.0,1216.0,1216.0,3
2026-07-28 01:50:00+00:00,1217.0,1217.0,1217.0,1217.0,3
2026-07-28 01:52:00+00:00,1217.0,1217.0,1217.0,1217.0,7
2026-07-28 01:52:00+00:00,-13.5,-13.5,-13.5,-13.5,3
2026-07-28 01:52:00+00:00,1203.0,1203.0,1203.0,1203.0,4
2026-07-28 01:52:00+00:00,1230.5,1230.5,1230.5,1230.5,3
2026-07-28 01:56:00+00:00,1203.0,1203.0,1203.0,1203.0,2
2026-07-28 01:56:00+00:00,1217.0,1217.0,1217.0,1217.0,2
2026-07-28 02:08:00+00:00,1229.0,1229.0,1229.0,1229.0,2
2026-07-28 02:08:00+00:00,1201.5,1201.5,1201.5,1201.5,4
2026-07-28 02:08:00+00:00,1215.5,1215.5,1215.5,1215.5,3
2026-07-28 02:16:00+00:00,1216.0,1216.0,1216.0,1216.0,3
2026-07-28 02:16:00+00:00,1202.0,1202.0,1202.0,1202.0,2
2026-07-28 02:38:00+00:00,1199.5,1199.5,1199.5,1199.5,2
2026-07-28 02:39:00+00:00,1213.0,1213.0,1212.5,1212.5,4
2026-07-28 03:01:00+00:00,1198.5,1198.5,1198.5,1198.5,2
2026-07-28 03:12:00+00:00,1198.5,1198.5,1198.5,1198.5,2
2026-07-28 03:14:00+00:00,1198.5,1198.5,1198.5,1198.5,3
2026-07-28 03:14:00+00:00,1212.0,1212.0,1211.5,1211.5,4
2026-07-28 03:15:00+00:00,1198.5,1198.5,1198.5,1198.5,2
2026-07-28 03:34:00+00:00,1212.5,1212.5,1212.5,1212.5,2
2026-07-28 03:39:00+00:00,1213.5,1213.5,1213.5,1213.5,2
2026-07-28 04:02:00+00:00,1213.0,1213.0,1213.0,1213.0,1
2026-07-28 04:10:00+00:00,1198.5,1198.5,1198.5,1198.5,1
2026-07-28 04:52:00+00:00,1212.5,1212.5,1212.5,1212.5,5
2026-07-28 04:53:00+00:00,1212.5,1212.5,1212.5,1212.5,1
2026-07-28 05:13:00+00:00,1212.0,1212.0,1212.0,1212.0,2
2026-07-28 05:34:00+00:00,1211.5,1211.5,1211.5,1211.5,1
2026-07-28 05:51:00+00:00,1211.5,1211.5,1211.5,1211.5,2
2026-07-28 05:54:00+00:00,1197.5,1197.5,1197.5,1197.5,2
2026-07-28 06:02:00+00:00,1197.5,1197.5,1197.5,1197.5,2
2026-07-28 06:15:00+00:00,1212.5,1212.5,1212.5,1212.5,3
2026-07-28 06:16:00+00:00,1197.5,1197.5,1197.5,1197.5,12
2026-07-28 06:16:00+00:00,1211.5,1211.5,1211.5,1211.5,10
2026-07-28 06:16:00+00:00,1225.0,1225.0,1225.0,1225.0,2
2026-07-28 06:19:00+00:00,1211.5,1211.5,1211.5,1211.5,2
2026-07-28 06:19:00+00:00,1197.0,1197.0,1197.0,1197.0,4
2026-07-28 06:25:00+00:00,1210.5,1210.5,1210.5,1210.5,2
2026-07-28 06:29:00+00:00,-14.0,-14.0,-14.0,-14.0,4
2026-07-28 06:29:00+00:00,1196.5,1196.5,1196.5,1196.5,2
2026-07-28 06:29:00+00:00,1210.0,1210.0,1210.0,1210.0,7
2026-07-28 06:29:00+00:00,1224.0,1224.0,1224.0,1224.0,4
2026-07-28 06:30:00+00:00,1209.0,1209.0,1209.0,1209.0,4
2026-07-28 06:30:00+00:00,1196.0,1196.0,1196.0,1196.0,4
2026-07-28 06:31:00+00:00,1208.5,1208.5,1208.5,1208.5,3
2026-07-28 06:34:00+00:00,1209.5,1209.5,1209.5,1209.5,1
2026-07-28 06:55:00+00:00,1207.5,1207.5,1207.5,1207.5,2
2026-07-28 06:56:00+00:00,1207.5,1208.5,1207.5,1208.5,3
2026-07-28 06:56:00+00:00,1194.0,1194.0,1194.0,1194.0,3
2026-07-28 06:56:00+00:00,-13.5,-13.5,-13.5,-13.5,1
2026-07-28 06:57:00+00:00,1208.5,1208.5,1208.5,1208.5,2
2026-07-28 07:01:00+00:00,1209.5,1209.5,1209.5,1209.5,3
2026-07-28 07:03:00+00:00,1196.0,1196.0,1196.0,1196.0,3
2026-07-28 07:15:00+00:00,1210.0,1210.0,1210.0,1210.0,2
2026-07-28 07:16:00+00:00,1209.5,1209.5,1209.5,1209.5,1
2026-07-28 07:24:00+00:00,1208.5,1208.5,1208.5,1208.5,10
2026-07-28 07:27:00+00:00,1208.5,1208.5,1208.5,1208.5,2
2026-07-28 07:31:00+00:00,1208.5,1208.5,1208.5,1208.5,1
2026-07-28 07:58:00+00:00,1207.5,1207.5,1207.5,1207.5,4
2026-07-28 07:58:00+00:00,1221.5,1221.5,1221.5,1221.5,2
2026-07-28 07:58:00+00:00,-14.0,-14.0,-14.0,-14.0,2
2026-07-28 08:00:00+00:00,-14.0,-14.0,-14.0,-14.0,4
2026-07-28 08:00:00+00:00,1221.0,1221.0,1221.0,1221.0,4
2026-07-28 08:00:00+00:00,1207.0,1207.0,1206.5,1206.5,16
2026-07-28 08:00:00+00:00,1193.0,1193.0,1192.5,1192.5,26
2026-07-28 08:01:00+00:00,1193.0,1193.0,1193.0,1193.0,2
2026-07-28 08:02:00+00:00,1207.5,1207.5,1207.5,1207.5,3
2026-07-28 08:09:00+00:00,1207.0,1207.0,1207.0,1207.0,1
2026-07-28 08:17:00+00:00,1194.0,1194.0,1194.0,1194.0,3
2026-07-28 08:21:00+00:00,1195.5,1195.5,1195.5,1195.5,2
2026-07-28 08:21:00+00:00,1209.0,1209.0,1209.0,1209.0,2
2026-07-28 08:22:00+00:00,1209.5,1209.5,1209.5,1209.5,1
2026-07-28 08:23:00+00:00,1210.0,1210.0,1210.0,1210.0,1
2026-07-28 08:30:00+00:00,1210.5,1210.5,1210.5,1210.5,2
2026-07-28 08:34:00+00:00,1209.0,1209.0,1209.0,1209.0,1
2026-07-28 08:42:00+00:00,1194.5,1194.5,1194.5,1194.5,2
2026-07-28 08:48:00+00:00,1207.0,1207.0,1207.0,1207.0,2
2026-07-28 08:53:00+00:00,1207.0,1207.0,1207.0,1207.0,1
2026-07-28 09:10:00+00:00,1195.5,1195.5,1195.5,1195.5,4
2026-07-28 09:27:00+00:00,1222.0,1222.0,1222.0,1222.0,3
2026-07-28 09:58:00+00:00,1209.0,1209.0,1209.0,1209.0,3
2026-07-28 10:07:00+00:00,1195.0,1195.0,1195.0,1195.0,2
2026-07-28 10:07:00+00:00,1222.5,1222.5,1222.5,1222.5,2
2026-07-28 10:07:00+00:00,1208.5,1208.5,1208.5,1208.5,4
2026-07-28 10:07:00+00:00,-14.0,-14.0,-14.0,-14.0,2
2026-07-28 10:29:00+00:00,1210.0,1210.0,1209.5,1209.5,3
2026-07-28 10:31:00+00:00,1195.5,1195.5,1195.5,1195.5,2
2026-07-28 10:32:00+00:00,1195.5,1195.5,1195.5,1195.5,2
2026-07-28 10:37:00+00:00,1209.0,1209.0,1209.0,1209.0,1
2026-07-28 10:37:00+00:00,1194.5,1194.5,1194.5,1194.5,2
2026-07-28 10:38:00+00:00,1194.5,1194.5,1194.5,1194.5,2
2026-07-28 10:38:00+00:00,1207.5,1207.5,1207.5,1207.5,2
2026-07-28 10:39:00+00:00,1207.5,1207.5,1207.5,1207.5,2
2026-07-28 10:44:00+00:00,1194.0,1194.0,1194.0,1194.0,2
2026-07-28 10:53:00+00:00,1194.0,1194.0,1194.0,1194.0,4
2026-07-28 10:55:00+00:00,1193.5,1193.5,1193.5,1193.5,1
2026-07-28 10:59:00+00:00,1194.0,1194.0,1194.0,1194.0,2
2026-07-28 11:07:00+00:00,1193.5,1193.5,1193.5,1193.5,1
2026-07-28 11:19:00+00:00,1194.0,1194.0,1194.0,1194.0,4
2026-07-28 11:19:00+00:00,1208.0,1208.0,1208.0,1208.0,2
2026-07-28 11:23:00+00:00,1207.0,1207.0,1207.0,1207.0,2
2026-07-28 11:24:00+00:00,1207.0,1207.0,1207.0,1207.0,1
2026-07-28 11:25:00+00:00,1207.0,1207.0,1207.0,1207.0,1
2026-07-28 11:29:00+00:00,1207.0,1207.0,1207.0,1207.0,1
2026-07-28 12:08:00+00:00,1210.0,1210.0,1210.0,1210.0,1
2026-07-28 12:12:00+00:00,1208.5,1208.5,1208.5,1208.5,1
2026-07-28 12:22:00+00:00,1208.5,1208.5,1208.5,1208.5,1
2026-07-28 12:24:00+00:00,1208.5,1208.5,1208.5,1208.5,1
2026-07-28 12:28:00+00:00,1209.5,1209.5,1209.5,1209.5,2
2026-07-28 12:36:00+00:00,1231.0,1231.0,1231.0,1231.0,4
2026-07-28 12:37:00+00:00,1196.5,1196.5,1196.5,1196.5,2
2026-07-28 12:40:00+00:00,1209.0,1209.0,1209.0,1209.0,2
2026-07-28 13:30:00+00:00,1209.0,1209.0,1209.0,1209.0,4
2026-07-28 13:30:00+00:00,1195.5,1195.5,1195.0,1195.0,3
2026-07-28 13:31:00+00:00,1212.0,1212.0,1211.5,1211.5,5
2026-07-28 13:33:00+00:00,1212.0,1212.0,1211.0,1211.5,10
2026-07-28 13:34:00+00:00,1211.5,1211.5,1211.5,1211.5,1
2026-07-28 13:36:00+00:00,1211.5,1211.5,1211.5,1211.5,1
2026-07-28 13:38:00+00:00,1213.0,1213.0,1213.0,1213.0,1
2026-07-28 13:39:00+00:00,1213.5,1213.5,1213.5,1213.5,2
2026-07-28 13:40:00+00:00,1213.0,1213.0,1213.0,1213.0,4
2026-07-28 13:41:00+00:00,1214.0,1214.0,1214.0,1214.0,2
2026-07-28 13:42:00+00:00,1214.0,1214.0,1214.0,1214.0,1
2026-07-28 13:42:00+00:00,1230.5,1230.5,1230.5,1230.5,1
2026-07-28 13:44:00+00:00,1214.5,1214.5,1214.5,1214.5,1
2026-07-28 13:46:00+00:00,1213.0,1213.0,1213.0,1213.0,1
2026-07-28 13:47:00+00:00,-28.0,-28.0,-28.0,-28.0,1
2026-07-28 13:47:00+00:00,1213.0,1213.5,1213.0,1213.5,11
2026-07-28 13:47:00+00:00,1227.0,1227.0,1227.0,1227.0,1
2026-07-28 13:47:00+00:00,1199.0,1199.0,1199.0,1199.0,14
2026-07-28 13:48:00+00:00,1214.0,1214.0,1214.0,1214.0,1
2026-07-28 13:55:00+00:00,1213.5,1213.5,1213.0,1213.0,8
2026-07-28 13:55:00+00:00,-14.0,-14.0,-14.0,-14.0,3
2026-07-28 13:55:00+00:00,1199.0,1199.0,1199.0,1199.0,13
2026-07-28 13:55:00+00:00,1227.5,1227.5,1227.5,1227.5,3
2026-07-28 13:55:00+00:00,-14.5,-14.5,-14.5,-14.5,3
2026-07-28 13:59:00+00:00,1212.5,1212.5,1212.5,1212.5,2
2026-07-28 14:00:00+00:00,1213.0,1213.0,1213.0,1213.0,2
2026-07-28 14:03:00+00:00,-14.0,-14.0,-14.0,-14.0,2
2026-07-28 14:03:00+00:00,1214.5,1214.5,1214.5,1214.5,4
2026-07-28 14:03:00+00:00,1228.5,1228.5,1228.5,1228.5,2
2026-07-28 14:06:00+00:00,1215.5,1216.0,1215.5,1216.0,3
2026-07-28 14:07:00+00:00,1216.0,1216.5,1216.0,1216.5,3
2026-07-28 14:07:00+00:00,1202.0,1202.0,1202.0,1202.0,1
2026-07-28 14:08:00+00:00,1215.0,1215.0,1215.0,1215.0,3
2026-07-28 14:09:00+00:00,1215.0,1215.0,1215.0,1215.0,3
2026-07-28 14:20:00+00:00,1216.0,1216.0,1216.0,1216.0,2
2026-07-28 14:26:00+00:00,1217.5,1217.5,1217.5,1217.5,1
2026-07-28 14:41:00+00:00,1218.0,1218.0,1218.0,1218.0,1
2026-07-28 14:46:00+00:00,1217.5,1217.5,1217.5,1217.5,1
2026-07-28 14:46:00+00:00,1232.5,1232.5,1232.5,1232.5,2
2026-07-28 14:46:00+00:00,1203.5,1203.5,1203.5,1203.5,2
2026-07-28 15:04:00+00:00,1217.0,1217.0,1217.0,1217.0,1
2026-07-28 15:18:00+00:00,1230.5,1230.5,1230.5,1230.5,2
2026-07-28 15:19:00+00:00,1216.5,1216.5,1216.5,1216.5,1
2026-07-28 15:21:00+00:00,1218.5,1218.5,1218.5,1218.5,3
2026-07-28 15:23:00+00:00,1219.5,1219.5,1219.5,1219.5,1
2026-07-28 15:24:00+00:00,1232.5,1232.5,1232.5,1232.5,7
2026-07-28 15:26:00+00:00,1203.0,1203.0,1203.0,1203.0,3
2026-07-28 15:28:00+00:00,1203.0,1203.0,1203.0,1203.0,1
2026-07-28 15:37:00+00:00,1218.5,1218.5,1218.5,1218.5,1
2026-07-28 15:39:00+00:00,1218.5,1218.5,1218.5,1218.5,1
2026-07-28 15:41:00+00:00,1220.0,1220.0,1220.0,1220.0,1
2026-07-28 15:41:00+00:00,1233.0,1233.0,1233.0,1233.0,2
2026-07-28 15:45:00+00:00,1221.5,1221.5,1221.5,1221.5,1
2026-07-28 15:46:00+00:00,1222.5,1222.5,1222.5,1222.5,1
2026-07-28 15:47:00+00:00,1223.0,1224.0,1223.0,1224.0,2
2026-07-28 15:47:00+00:00,1236.5,1236.5,1236.5,1236.5,2
2026-07-28 15:48:00+00:00,1224.0,1224.0,1224.0,1224.0,2
2026-07-28 15:50:00+00:00,1223.0,1223.0,1223.0,1223.0,1
2026-07-28 15:52:00+00:00,1225.0,1225.0,1225.0,1225.0,1
2026-07-28 15:54:00+00:00,1224.5,1224.5,1224.5,1224.5,1
2026-07-28 15:55:00+00:00,1208.5,1208.5,1208.5,1208.5,1
2026-07-28 15:57:00+00:00,1208.0,1208.0,1208.0,1208.0,1
2026-07-28 16:01:00+00:00,1224.0,1224.0,1224.0,1224.0,1
2026-07-28 16:06:00+00:00,1208.0,1208.0,1208.0,1208.0,1
2026-07-28 16:09:00+00:00,1223.5,1223.5,1223.5,1223.5,2
2026-07-28 16:11:00+00:00,1208.0,1208.0,1208.0,1208.0,4
2026-07-28 16:27:00+00:00,1220.0,1220.0,1220.0,1220.0,2
2026-07-28 16:53:00+00:00,1222.0,1222.0,1222.0,1222.0,1
2026-07-28 16:54:00+00:00,1223.5,1223.5,1223.5,1223.5,2
2026-07-28 17:00:00+00:00,1223.0,1223.5,1223.0,1223.5,2
2026-07-28 17:04:00+00:00,-31.0,-31.0,-31.0,-31.0,1
2026-07-28 17:04:00+00:00,-29.5,-29.5,-29.5,-29.5,1
2026-07-28 17:04:00+00:00,1220.0,1220.0,1219.0,1219.5,24
2026-07-28 17:04:00+00:00,1233.5,1233.5,1233.5,1233.5,3
2026-07-28 17:04:00+00:00,1204.5,1204.5,1204.0,1204.0,9
2026-07-28 17:04:00+00:00,-14.0,-14.0,-14.0,-14.0,2
2026-07-28 17:04:00+00:00,1235.0,1235.0,1235.0,1235.0,1
2026-07-28 17:06:00+00:00,1204.5,1204.5,1204.5,1204.5,6
2026-07-28 17:26:00+00:00,1219.0,1219.0,1219.0,1219.0,1
2026-07-28 17:32:00+00:00,1219.5,1219.5,1219.5,1219.5,1
2026-07-28 17:34:00+00:00,1204.0,1204.0,1204.0,1204.0,1
2026-07-28 17:47:00+00:00,1219.0,1219.0,1219.0,1219.0,1
2026-07-28 18:00:00+00:00,1218.5,1218.5,1218.5,1218.5,1
2026-07-28 18:12:00+00:00,1219.0,1219.0,1219.0,1219.0,3
2026-07-28 18:12:00+00:00,-14.0,-14.0,-14.0,-14.0,3
2026-07-28 18:12:00+00:00,1233.0,1233.0,1233.0,1233.0,3
2026-07-28 18:14:00+00:00,1220.5,1220.5,1220.5,1220.5,3
2026-07-29 00:00:00+00:00,1222.5,1222.5,1221.5,1221.5,3
2026-07-29 00:01:00+00:00,1222.5,1222.5,1222.5,1222.5,2
2026-07-29 00:02:00+00:00,1224.5,1224.5,1224.5,1224.5,1
2026-07-29 00:09:00+00:00,1223.5,1223.5,1223.5,1223.5,2
2026-07-29 00:23:00+00:00,1207.0,1207.0,1207.0,1207.0,1
2026-07-29 00:24:00+00:00,1221.0,1221.0,1221.0,1221.0,1
2026-07-29 00:27:00+00:00,1234.0,1234.0,1234.0,1234.0,3
2026-07-29 00:48:00+00:00,1233.0,1233.0,1233.0,1233.0,2
2026-07-29 00:48:00+00:00,1204.0,1204.0,1204.0,1204.0,2
2026-07-29 00:49:00+00:00,1219.0,1219.0,1219.0,1219.0,2
2026-07-29 00:49:00+00:00,1232.5,1232.5,1232.5,1232.5,2
2026-07-29 00:51:00+00:00,1218.5,1218.5,1218.5,1218.5,3
2026-07-29 00:51:00+00:00,1232.5,1232.5,1232.5,1232.5,3
2026-07-29 01:20:00+00:00,1217.5,1217.5,1217.5,1217.5,2
2026-07-29 01:20:00+00:00,1231.5,1231.5,1231.5,1231.5,4
2026-07-29 01:20:00+00:00,1202.5,1202.5,1202.5,1202.5,2
2026-07-29 01:21:00+00:00,1231.5,1231.5,1231.5,1231.5,2
2026-07-29 01:23:00+00:00,1203.0,1203.0,1203.0,1203.0,4
2026-07-29 01:29:00+00:00,1232.0,1232.0,1232.0,1232.0,2
2026-07-29 01:32:00+00:00,1232.5,1232.5,1232.5,1232.5,2
2026-07-29 01:32:00+00:00,1218.0,1218.0,1218.0,1218.0,4
2026-07-29 01:32:00+00:00,1203.5,1203.5,1203.5,1203.5,2
2026-07-29 01:33:00+00:00,1232.0,1232.0,1232.0,1232.0,2
2026-07-29 01:33:00+00:00,1203.0,1203.0,1203.0,1203.0,2
2026-07-29 01:33:00+00:00,1218.5,1218.5,1218.5,1218.5,1
2026-07-29 01:36:00+00:00,1204.5,1204.5,1204.0,1204.0,2
2026-07-29 01:42:00+00:00,1217.0,1217.0,1217.0,1217.0,1
2026-07-29 01:55:00+00:00,1200.5,1200.5,1200.5,1200.5,2
2026-07-29 01:55:00+00:00,1229.5,1229.5,1229.0,1229.0,6
2026-07-29 01:55:00+00:00,1215.5,1215.5,1215.0,1215.0,5
2026-07-29 01:56:00+00:00,-14.0,-14.0,-14.0,-14.0,2
2026-07-29 01:56:00+00:00,1215.5,1215.5,1215.5,1215.5,2
2026-07-29 01:56:00+00:00,1229.5,1229.5,1229.5,1229.5,2
2026-07-29 01:56:00+00:00,1200.5,1200.5,1200.5,1200.5,2
2026-07-29 02:13:00+00:00,1230.5,1230.5,1230.5,1230.5,2
2026-07-29 02:25:00+00:00,1201.0,1201.0,1201.0,1201.0,2
2026-07-29 02:26:00+00:00,1230.5,1230.5,1230.5,1230.5,6
2026-07-29 02:50:00+00:00,1200.0,1200.0,1200.0,1200.0,1
2026-07-29 02:51:00+00:00,1216.0,1216.0,1216.0,1216.0,1
2026-07-29 02:51:00+00:00,1200.0,1200.0,1200.0,1200.0,1
2026-07-29 02:51:00+00:00,1229.5,1229.5,1229.5,1229.5,2
2026-07-29 02:52:00+00:00,1215.0,1215.0,1215.0,1215.0,2
2026-07-29 02:52:00+00:00,1229.0,1229.0,1229.0,1229.0,2
2026-07-29 02:53:00+00:00,1200.0,1200.0,1200.0,1200.0,1
2026-07-29 04:54:00+00:00,1215.0,1215.0,1215.0,1215.0,1
2026-07-29 04:55:00+00:00,1215.5,1215.5,1215.5,1215.5,1
2026-07-29 05:10:00+00:00,1216.0,1216.0,1216.0,1216.0,3
2026-07-29 05:10:00+00:00,1230.0,1230.0,1230.0,1230.0,2
2026-07-29 05:18:00+00:00,1216.5,1216.5,1216.5,1216.5,2
2026-07-29 05:38:00+00:00,1217.0,1217.0,1217.0,1217.0,2
2026-07-29 05:55:00+00:00,1230.0,1230.0,1230.0,1230.0,2
2026-07-29 06:11:00+00:00,1216.0,1216.0,1216.0,1216.0,2
2026-07-29 06:15:00+00:00,1231.0,1231.0,1231.0,1231.0,2
2026-07-29 06:15:00+00:00,1202.0,1202.0,1202.0,1202.0,2
2026-07-29 06:28:00+00:00,1231.0,1231.0,1230.5,1230.5,6
2026-07-29 06:32:00+00:00,1231.0,1231.0,1230.5,1230.5,6
2026-07-29 06:34:00+00:00,1216.5,1216.5,1216.5,1216.5,2
2026-07-29 06:37:00+00:00,1217.0,1217.0,1216.5,1216.5,6
2026-07-29 06:37:00+00:00,1201.5,1201.5,1201.5,1201.5,2
2026-07-29 06:37:00+00:00,1231.0,1231.0,1230.5,1230.5,6
2026-07-29 06:39:00+00:00,1230.5,1230.5,1230.5,1230.5,2
2026-07-29 06:53:00+00:00,1230.5,1230.5,1230.5,1230.5,4
2026-07-29 06:53:00+00:00,1201.0,1201.0,1201.0,1201.0,2
2026-07-29 06:54:00+00:00,1230.0,1230.0,1230.0,1230.0,2
2026-07-29 06:56:00+00:00,1201.0,1201.0,1201.0,1201.0,2
2026-07-29 07:00:00+00:00,1215.5,1215.5,1215.5,1215.5,4
2026-07-29 07:00:00+00:00,1229.5,1229.5,1229.0,1229.0,8
2026-07-29 07:01:00+00:00,1215.0,1215.0,1215.0,1215.0,2
2026-07-29 07:15:00+00:00,1230.5,1230.5,1230.5,1230.5,2
2026-07-29 07:24:00+00:00,1230.0,1230.0,1230.0,1230.0,2
2026-07-29 07:30:00+00:00,1199.5,1199.5,1199.0,1199.0,10
2026-07-29 07:30:00+00:00,-15.5,-15.5,-15.5,-15.5,1
2026-07-29 07:30:00+00:00,1214.5,1214.5,1214.5,1214.5,1
2026-07-29 07:37:00+00:00,1228.5,1228.5,1228.5,1228.5,2
2026-07-29 07:37:00+00:00,1214.0,1214.0,1214.0,1214.0,1
2026-07-29 07:46:00+00:00,1226.5,1226.5,1226.5,1226.5,1
2026-07-29 07:49:00+00:00,1211.5,1211.5,1211.5,1211.5,2
2026-07-29 07:53:00+00:00,1226.5,1226.5,1226.5,1226.5,2
2026-07-29 07:54:00+00:00,1226.5,1226.5,1226.5,1226.5,2
2026-07-29 08:14:00+00:00,1225.5,1225.5,1225.5,1225.5,2
2026-07-29 08:17:00+00:00,1210.5,1210.5,1210.5,1210.5,1
2026-07-29 08:18:00+00:00,1196.0,1196.0,1196.0,1196.0,4
2026-07-29 08:19:00+00:00,1211.0,1211.0,1211.0,1211.0,1
2026-07-29 09:21:00+00:00,1225.5,1225.5,1225.5,1225.5,2
2026-07-29 09:22:00+00:00,1225.5,1225.5,1225.5,1225.5,2
2026-07-29 09:24:00+00:00,1194.5,1194.5,1194.5,1194.5,4
2026-07-29 09:24:00+00:00,-14.5,-14.5,-14.5,-14.5,1
2026-07-29 09:24:00+00:00,1209.5,1209.5,1209.5,1209.5,1
2026-07-29 09:24:00+00:00,1224.0,1224.0,1224.0,1224.0,2
2026-07-29 09:25:00+00:00,1209.5,1209.5,1209.5,1209.5,1
2026-07-29 09:46:00+00:00,1208.5,1208.5,1208.5,1208.5,1
2026-07-29 09:55:00+00:00,1222.5,1222.5,1222.5,1222.5,2
2026-07-29 10:07:00+00:00,1223.0,1223.5,1223.0,1223.5,5
2026-07-29 10:18:00+00:00,1221.5,1221.5,1221.5,1221.5,2
2026-07-29 10:18:00+00:00,1207.5,1207.5,1207.5,1207.5,3
2026-07-29 10:20:00+00:00,1221.5,1221.5,1221.5,1221.5,4
2026-07-29 10:21:00+00:00,1207.5,1207.5,1207.5,1207.5,2
2026-07-29 10:26:00+00:00,1221.5,1221.5,1221.5,1221.5,2
2026-07-29 10:30:00+00:00,1206.5,1206.5,1206.5,1206.5,2
2026-07-29 10:33:00+00:00,1206.0,1206.0,1206.0,1206.0,7
2026-07-29 10:36:00+00:00,1206.0,1206.0,1205.5,1205.5,4
2026-07-29 10:36:00+00:00,1220.5,1220.5,1219.0,1219.0,14
2026-07-29 10:36:00+00:00,1190.5,1190.5,1190.5,1190.5,2
2026-07-29 10:52:00+00:00,1205.5,1205.5,1205.5,1205.5,2
2026-07-29 10:52:00+00:00,1222.5,1222.5,1222.5,1222.5,2
2026-07-29 10:52:00+00:00,-17.0,-17.0,-17.0,-17.0,2
2026-07-29 11:01:00+00:00,1192.0,1192.0,1192.0,1192.0,1
2026-07-29 11:02:00+00:00,1221.5,1221.5,1221.5,1221.5,2
2026-07-29 11:03:00+00:00,1221.5,1221.5,1221.5,1221.5,2
2026-07-29 11:29:00+00:00,1221.0,1221.0,1221.0,1221.0,4
2026-07-29 11:33:00+00:00,1208.0,1208.5,1208.0,1208.5,5
2026-07-29 11:35:00+00:00,1207.5,1207.5,1207.5,1207.5,2
2026-07-29 11:42:00+00:00,1222.0,1222.0,1222.0,1222.0,2
2026-07-29 11:42:00+00:00,1191.0,1191.0,1191.0,1191.0,2
2026-07-29 11:42:00+00:00,1207.5,1207.5,1206.5,1206.5,20
2026-07-29 11:45:00+00:00,1222.5,1222.5,1222.5,1222.5,2
2026-07-29 11:47:00+00:00,1222.5,1222.5,1222.5,1222.5,4
2026-07-29 11:50:00+00:00,1208.0,1208.0,1208.0,1208.0,1
2026-07-29 11:53:00+00:00,1208.0,1208.0,1208.0,1208.0,1
2026-07-29 11:57:00+00:00,1221.5,1221.5,1221.5,1221.5,2
2026-07-29 11:58:00+00:00,1221.5,1221.5,1221.5,1221.5,2
2026-07-29 12:04:00+00:00,1207.5,1207.5,1207.5,1207.5,2
2026-07-29 12:10:00+00:00,1222.0,1222.0,1222.0,1222.0,2
2026-07-29 12:11:00+00:00,1221.5,1221.5,1221.5,1221.5,2
2026-07-29 12:12:00+00:00,1220.0,1220.0,1220.0,1220.0,2
2026-07-29 12:13:00+00:00,1205.5,1205.5,1205.5,1205.5,1
2026-07-29 12:14:00+00:00,1220.0,1220.0,1220.0,1220.0,2
2026-07-29 12:28:00+00:00,1206.5,1207.0,1206.5,1207.0,4
2026-07-29 12:30:00+00:00,1207.5,1207.5,1207.5,1207.5,3
2026-07-29 12:32:00+00:00,1206.5,1206.5,1206.5,1206.5,2
2026-07-29 12:39:00+00:00,1189.5,1189.5,1189.5,1189.5,1
2026-07-29 12:42:00+00:00,1190.5,1190.5,1190.5,1190.5,2
2026-07-29 12:42:00+00:00,1206.5,1206.5,1206.5,1206.5,1
2026-07-29 13:30:00+00:00,1208.0,1208.0,1206.0,1206.0,4
2026-07-29 13:37:00+00:00,1206.5,1206.5,1206.5,1206.5,2
2026-07-29 13:39:00+00:00,1205.5,1205.5,1205.5,1205.5,1
2026-07-29 13:40:00+00:00,1221.0,1221.0,1221.0,1221.0,4
2026-07-29 13:40:00+00:00,1206.5,1206.5,1206.5,1206.5,2
2026-07-29 13:40:00+00:00,1191.0,1191.0,1191.0,1191.0,2
2026-07-29 13:40:00+00:00,-15.5,-15.5,-15.5,-15.5,2
2026-07-29 13:43:00+00:00,1204.5,1204.5,1204.5,1204.5,2
2026-07-29 13:46:00+00:00,1205.5,1205.5,1205.5,1205.5,1
2026-07-29 13:49:00+00:00,1204.0,1204.0,1203.5,1203.5,9
2026-07-29 13:50:00+00:00,1203.5,1203.5,1202.5,1202.5,8
2026-07-29 13:50:00+00:00,1217.0,1217.0,1217.0,1217.0,1
2026-07-29 13:50:00+00:00,-14.5,-14.5,-14.5,-14.5,1
2026-07-29 13:51:00+00:00,1203.5,1203.5,1203.5,1203.5,2
2026-07-29 13:54:00+00:00,1202.5,1202.5,1202.5,1202.5,5
2026-07-29 13:56:00+00:00,1185.5,1185.5,1185.5,1185.5,2
2026-07-29 13:57:00+00:00,1201.5,1201.5,1201.5,1201.5,1
2026-07-29 13:58:00+00:00,1220.0,1220.0,1220.0,1220.0,1
2026-07-29 13:58:00+00:00,-4.0,-4.0,-4.0,-4.0,1
2026-07-29 13:58:00+00:00,1216.0,1216.0,1216.0,1216.0,1
2026-07-29 14:00:00+00:00,1184.0,1184.0,1183.5,1183.5,3
2026-07-29 14:01:00+00:00,1215.5,1215.5,1215.5,1215.5,2
2026-07-29 14:03:00+00:00,1200.0,1200.0,1200.0,1200.0,3
2026-07-29 14:06:00+00:00,1198.0,1198.0,1198.0,1198.0,4
2026-07-29 14:07:00+00:00,1197.5,1197.5,1197.5,1197.5,6
2026-07-29 14:07:00+00:00,-14.5,-14.5,-14.5,-14.5,3
2026-07-29 14:07:00+00:00,1212.0,1212.0,1212.0,1212.0,5
2026-07-29 14:08:00+00:00,-14.5,-14.5,-14.5,-14.5,2
2026-07-29 14:08:00+00:00,1197.5,1197.5,1197.5,1197.5,2
2026-07-29 14:08:00+00:00,1212.0,1212.0,1212.0,1212.0,2
2026-07-29 14:09:00+00:00,1180.0,1180.0,1180.0,1180.0,1
2026-07-29 14:10:00+00:00,1214.0,1214.0,1214.0,1214.0,1
2026-07-29 14:12:00+00:00,1198.5,1198.5,1198.5,1198.5,1
2026-07-29 14:15:00+00:00,1197.5,1197.5,1197.5,1197.5,3
2026-07-29 14:19:00+00:00,1198.0,1198.0,1198.0,1198.0,3
2026-07-29 14:20:00+00:00,1197.0,1197.0,1197.0,1197.0,6
2026-07-29 14:30:00+00:00,1198.5,1198.5,1198.5,1198.5,1
2026-07-29 14:32:00+00:00,1197.5,1197.5,1197.5,1197.5,3
2026-07-29 14:34:00+00:00,1213.0,1213.0,1213.0,1213.0,2
2026-07-29 14:35:00+00:00,1197.5,1197.5,1197.5,1197.5,2
2026-07-29 14:36:00+00:00,1183.5,1183.5,1183.5,1183.5,10
2026-07-29 14:37:00+00:00,1199.5,1199.5,1199.5,1199.5,1
2026-07-29 14:37:00+00:00,-15.5,-15.5,-15.5,-15.5,1
2026-07-29 14:37:00+00:00,1184.0,1184.0,1184.0,1184.0,10
2026-07-29 14:42:00+00:00,1200.0,1200.0,1200.0,1200.0,1
2026-07-29 14:46:00+00:00,1200.5,1200.5,1200.5,1200.5,2
2026-07-29 14:48:00+00:00,1185.0,1185.0,1185.0,1185.0,1
2026-07-29 14:54:00+00:00,1199.5,1199.5,1199.5,1199.5,1
2026-07-29 14:57:00+00:00,1182.0,1182.0,1182.0,1182.0,1
2026-07-29 14:58:00+00:00,1196.0,1196.0,1196.0,1196.0,4
2026-07-29 15:01:00+00:00,1197.5,1197.5,1197.5,1197.5,8
2026-07-29 15:03:00+00:00,1198.0,1198.0,1198.0,1198.0,3
2026-07-29 15:08:00+00:00,1180.5,1180.5,1180.5,1180.5,3
2026-07-29 15:10:00+00:00,1195.0,1195.0,1195.0,1195.0,3
2026-07-29 15:11:00+00:00,1195.0,1195.0,1195.0,1195.0,2
2026-07-29 15:19:00+00:00,1194.5,1194.5,1194.5,1194.5,1
2026-07-29 15:23:00+00:00,1194.5,1194.5,1194.5,1194.5,1
2026-07-29 15:27:00+00:00,1194.0,1194.0,1194.0,1194.0,3
2026-07-29 15:34:00+00:00,1179.0,1179.0,1179.0,1179.0,20
2026-07-29 15:35:00+00:00,1195.5,1195.5,1195.5,1195.5,1
2026-07-29 15:41:00+00:00,1178.0,1178.0,1178.0,1178.0,1
2026-07-29 15:43:00+00:00,1193.0,1193.0,1192.5,1192.5,4
2026-07-29 15:48:00+00:00,1193.0,1193.0,1193.0,1193.0,1
2026-07-29 15:57:00+00:00,1192.5,1192.5,1192.5,1192.5,1
2026-07-29 16:01:00+00:00,1194.0,1194.5,1194.0,1194.5,3
2026-07-29 16:04:00+00:00,1193.5,1193.5,1193.5,1193.5,1
2026-07-29 16:20:00+00:00,1192.0,1192.0,1192.0,1192.0,2
2026-07-29 16:32:00+00:00,1192.5,1192.5,1192.5,1192.5,1
2026-07-29 16:39:00+00:00,1192.5,1192.5,1192.5,1192.5,1
2026-07-29 17:00:00+00:00,1192.0,1192.0,1191.5,1191.5,2
2026-07-29 17:15:00+00:00,1192.5,1192.5,1192.5,1192.5,2
2026-07-29 17:25:00+00:00,1190.0,1190.0,1190.0,1190.0,3
2026-07-29 17:34:00+00:00,1192.0,1192.0,1192.0,1192.0,1
2026-07-29 17:41:00+00:00,1190.0,1190.0,1190.0,1190.0,3
2026-07-29 17:41:00+00:00,1204.5,1204.5,1204.5,1204.5,3
2026-07-29 17:41:00+00:00,-14.5,-14.5,-14.5,-14.5,3
2026-07-29 18:13:00+00:00,1192.5,1192.5,1192.5,1192.5,2
2026-07-29 18:16:00+00:00,1175.0,1175.0,1175.0,1175.0,2
2026-07-29 18:16:00+00:00,1192.5,1192.5,1192.5,1192.5,2
2026-07-29 18:17:00+00:00,1175.5,1175.5,1175.0,1175.0,4
2026-07-29 18:18:00+00:00,1175.0,1175.0,1174.0,1175.0,7
2026-07-29 18:18:00+00:00,-16.0,-16.0,-16.0,-16.0,4
2026-07-29 18:18:00+00:00,1190.5,1191.0,1190.5,1190.5,6
2026-07-29 18:19:00+00:00,1191.0,1191.0,1191.0,1191.0,1
2026-07-29 18:19:00+00:00,1175.0,1175.0,1175.0,1175.0,4
2026-07-30 00:01:00+00:00,1193.0,1193.0,1193.0,1193.0,1
2026-07-30 00:01:00+00:00,1207.5,1207.5,1207.5,1207.5,2
2026-07-30 00:01:00+00:00,-14.5,-14.5,-14.5,-14.5,1
2026-07-30 00:02:00+00:00,1191.0,1191.0,1190.5,1191.0,12
2026-07-30 00:16:00+00:00,-15.0,-15.0,-15.0,-15.0,1
2026-07-30 00:16:00+00:00,-16.0,-16.0,-16.0,-16.0,1
2026-07-30 00:16:00+00:00,1204.5,1204.5,1204.5,1204.5,10
2026-07-30 00:16:00+00:00,1200.5,1200.5,1200.0,1200.0,12
2026-07-30 00:16:00+00:00,1186.0,1186.0,1185.0,1185.0,19
2026-07-30 00:16:00+00:00,1169.5,1169.5,1169.5,1169.5,11
2026-07-30 00:18:00+00:00,1185.5,1185.5,1185.5,1185.5,2
2026-07-30 00:20:00+00:00,1186.5,1186.5,1185.5,1185.5,7
2026-07-30 00:29:00+00:00,1187.5,1187.5,1187.5,1187.5,1
2026-07-30 00:31:00+00:00,1187.5,1187.5,1187.5,1187.5,12
2026-07-30 00:31:00+00:00,1206.5,1206.5,1206.5,1206.5,3
2026-07-30 00:31:00+00:00,-19.0,-19.0,-19.0,-19.0,3
2026-07-30 00:44:00+00:00,1187.5,1187.5,1187.5,1187.5,2
2026-07-30 01:00:00+00:00,1172.0,1172.0,1172.0,1172.0,7
2026-07-30 01:01:00+00:00,1187.5,1187.5,1187.5,1187.5,3
2026-07-30 01:03:00+00:00,1203.0,1203.0,1203.0,1203.0,2
2026-07-30 01:03:00+00:00,1188.5,1188.5,1188.5,1188.5,3
2026-07-30 01:04:00+00:00,1189.0,1189.0,1188.5,1188.5,5
2026-07-30 01:04:00+00:00,1203.0,1203.0,1203.0,1203.0,2
2026-07-30 01:05:00+00:00,1202.5,1202.5,1202.5,1202.5,2
2026-07-30 01:09:00+00:00,1202.5,1202.5,1202.5,1202.5,2
2026-07-30 01:10:00+00:00,1187.5,1187.5,1187.5,1187.5,1
2026-07-30 01:18:00+00:00,1189.0,1189.0,1189.0,1189.0,3
2026-07-30 01:21:00+00:00,1202.5,1202.5,1202.5,1202.5,4
2026-07-30 01:33:00+00:00,1203.5,1203.5,1203.5,1203.5,4
2026-07-30 01:35:00+00:00,1204.5,1204.5,1204.5,1204.5,2
2026-07-30 01:36:00+00:00,1204.5,1204.5,1204.0,1204.0,4
2026-07-30 01:38:00+00:00,1204.0,1204.0,1204.0,1204.0,2
2026-07-30 01:39:00+00:00,1204.0,1204.0,1204.0,1204.0,4
2026-07-30 01:47:00+00:00,1191.0,1191.0,1191.0,1191.0,2
2026-07-30 01:48:00+00:00,1205.5,1205.5,1205.5,1205.5,2
2026-07-30 01:49:00+00:00,1205.5,1205.5,1205.5,1205.5,2
2026-07-30 01:51:00+00:00,1190.5,1190.5,1190.5,1190.5,2
2026-07-30 01:51:00+00:00,1174.0,1174.0,1174.0,1174.0,8
2026-07-30 01:51:00+00:00,1205.0,1205.0,1205.0,1205.0,12
2026-07-30 01:53:00+00:00,1205.0,1205.0,1205.0,1205.0,2
2026-07-30 01:55:00+00:00,1174.0,1174.0,1174.0,1174.0,6
2026-07-30 02:29:00+00:00,1190.0,1190.0,1190.0,1190.0,3
2026-07-30 03:23:00+00:00,1190.0,1190.0,1190.0,1190.0,2
2026-07-30 03:52:00+00:00,1189.5,1189.5,1189.5,1189.5,2
2026-07-30 04:04:00+00:00,1203.0,1203.0,1203.0,1203.0,2
2026-07-30 04:35:00+00:00,1172.0,1172.0,1172.0,1172.0,1
2026-07-30 04:41:00+00:00,1202.0,1202.0,1202.0,1202.0,2
2026-07-30 04:42:00+00:00,1202.0,1202.0,1202.0,1202.0,4
2026-07-30 05:02:00+00:00,1187.5,1187.5,1187.0,1187.0,2
2026-07-30 05:30:00+00:00,1203.5,1203.5,1203.5,1203.5,4
2026-07-30 05:36:00+00:00,1190.0,1190.0,1190.0,1190.0,2
2026-07-30 06:18:00+00:00,1203.0,1203.0,1203.0,1203.0,2
2026-07-30 06:23:00+00:00,1189.5,1190.5,1189.5,1190.5,12
2026-07-30 06:23:00+00:00,1173.0,1173.0,1173.0,1173.0,5
2026-07-30 06:23:00+00:00,1204.0,1204.0,1204.0,1204.0,12
2026-07-30 06:29:00+00:00,1204.0,1204.0,1204.0,1204.0,4
2026-07-30 06:39:00+00:00,1205.0,1205.0,1205.0,1205.0,3
2026-07-30 06:47:00+00:00,1205.0,1205.0,1205.0,1205.0,2
2026-07-30 06:51:00+00:00,1205.0,1205.0,1205.0,1205.0,2
2026-07-30 06:55:00+00:00,1191.5,1191.5,1191.5,1191.5,1
2026-07-30 06:57:00+00:00,1205.5,1205.5,1205.5,1205.5,2
2026-07-30 06:58:00+00:00,1205.5,1205.5,1205.5,1205.5,2
2026-07-30 07:07:00+00:00,1174.0,1174.0,1174.0,1174.0,2
2026-07-30 07:09:00+00:00,1192.0,1192.0,1192.0,1192.0,2
2026-07-30 07:09:00+00:00,1206.0,1206.0,1206.0,1206.0,2
2026-07-30 07:10:00+00:00,1192.0,1192.0,1192.0,1192.0,2
2026-07-30 07:12:00+00:00,1194.0,1194.0,1194.0,1194.0,1
2026-07-30 07:16:00+00:00,1193.5,1193.5,1193.5,1193.5,1
2026-07-30 07:17:00+00:00,1207.5,1207.5,1207.5,1207.5,2
2026-07-30 07:18:00+00:00,1177.0,1177.0,1177.0,1177.0,1
2026-07-30 07:19:00+00:00,1207.5,1207.5,1207.5,1207.5,2
2026-07-30 07:20:00+00:00,1207.5,1207.5,1207.5,1207.5,6
2026-07-30 07:21:00+00:00,1207.5,1207.5,1207.5,1207.5,2
2026-07-30 07:21:00+00:00,1176.5,1176.5,1176.5,1176.5,1
2026-07-30 07:24:00+00:00,1177.0,1177.0,1177.0,1177.0,1
2026-07-30 07:25:00+00:00,1176.0,1176.0,1176.0,1176.0,5
2026-07-30 07:29:00+00:00,1176.5,1176.5,1176.5,1176.5,1
2026-07-30 07:30:00+00:00,1207.5,1207.5,1207.5,1207.5,2
2026-07-30 07:30:00+00:00,1194.0,1194.0,1194.0,1194.0,1
2026-07-30 07:31:00+00:00,1208.0,1208.0,1208.0,1208.0,2
2026-07-30 07:51:00+00:00,1194.5,1194.5,1194.5,1194.5,2
2026-07-30 08:17:00+00:00,1193.0,1193.0,1193.0,1193.0,2
2026-07-30 09:08:00+00:00,1208.0,1208.0,1208.0,1208.0,2
2026-07-30 09:16:00+00:00,1209.5,1209.5,1209.5,1209.5,2
2026-07-30 09:25:00+00:00,1209.5,1209.5,1209.5,1209.5,2
2026-07-30 09:28:00+00:00,1178.0,1178.0,1178.0,1178.0,5
2026-07-30 09:39:00+00:00,1210.5,1210.5,1210.5,1210.5,3
2026-07-30 09:41:00+00:00,1210.5,1210.5,1210.5,1210.5,6
2026-07-30 09:42:00+00:00,1210.0,1210.0,1210.0,1210.0,6
2026-07-30 09:43:00+00:00,1209.5,1209.5,1209.5,1209.5,2
2026-07-30 09:44:00+00:00,1209.0,1209.0,1209.0,1209.0,2
2026-07-30 09:45:00+00:00,1209.5,1209.5,1209.5,1209.5,4
2026-07-30 09:55:00+00:00,1210.5,1210.5,1210.5,1210.5,4
2026-07-30 09:56:00+00:00,1210.5,1210.5,1210.5,1210.5,3
2026-07-30 10:14:00+00:00,1179.5,1179.5,1179.5,1179.5,1
2026-07-30 10:27:00+00:00,1196.0,1196.0,1196.0,1196.0,1
2026-07-30 10:35:00+00:00,1210.5,1210.5,1210.5,1210.5,2
2026-07-30 10:38:00+00:00,1210.5,1210.5,1210.5,1210.5,4
2026-07-30 10:43:00+00:00,1208.5,1208.5,1208.5,1208.5,2
2026-07-30 11:03:00+00:00,1195.0,1195.0,1195.0,1195.0,1
2026-07-30 11:03:00+00:00,1209.0,1209.0,1209.0,1209.0,2
2026-07-30 11:14:00+00:00,1210.5,1210.5,1210.5,1210.5,4
2026-07-30 11:18:00+00:00,1209.5,1209.5,1209.5,1209.5,2
2026-07-30 11:34:00+00:00,1208.0,1208.0,1208.0,1208.0,4
2026-07-30 11:46:00+00:00,1207.5,1207.5,1207.5,1207.5,4
2026-07-30 11:49:00+00:00,1176.5,1177.0,1175.5,1175.5,10
2026-07-30 11:49:00+00:00,1193.5,1193.5,1193.5,1193.5,1
2026-07-30 11:49:00+00:00,-16.5,-16.5,-16.5,-16.5,1
2026-07-30 11:57:00+00:00,1192.0,1192.0,1192.0,1192.0,2
2026-07-30 11:57:00+00:00,1206.5,1206.5,1206.5,1206.5,4
2026-07-30 11:58:00+00:00,1176.0,1176.0,1176.0,1176.0,1
2026-07-30 12:00:00+00:00,1207.0,1207.0,1207.0,1207.0,2
2026-07-30 12:06:00+00:00,1207.0,1207.0,1207.0,1207.0,4
2026-07-30 12:27:00+00:00,1176.5,1176.5,1176.5,1176.5,2
2026-07-30 12:35:00+00:00,1193.5,1193.5,1193.5,1193.5,5
2026-07-30 12:40:00+00:00,1194.0,1194.0,1194.0,1194.0,2
2026-07-30 13:30:00+00:00,1194.5,1194.5,1194.5,1194.5,2
2026-07-30 13:30:00+00:00,1176.0,1176.0,1176.0,1176.0,3
2026-07-30 13:33:00+00:00,1197.0,1197.0,1197.0,1197.0,2
2026-07-30 13:38:00+00:00,1196.5,1196.5,1196.5,1196.5,1
2026-07-30 13:42:00+00:00,1196.5,1196.5,1196.5,1196.5,1
2026-07-30 13:42:00+00:00,1211.0,1211.0,1211.0,1211.0,1
2026-07-30 13:48:00+00:00,1198.0,1198.0,1198.0,1198.0,1
2026-07-30 14:10:00+00:00,1194.0,1194.0,1194.0,1194.0,1
2026-07-30 14:21:00+00:00,1195.0,1195.0,1195.0,1195.0,4
2026-07-30 14:22:00+00:00,1195.0,1195.0,1195.0,1195.0,6
2026-07-30 14:23:00+00:00,1193.5,1193.5,1193.5,1193.5,2
2026-07-30 14:28:00+00:00,1193.5,1193.5,1193.5,1193.5,1
2026-07-30 14:35:00+00:00,1195.5,1195.5,1195.5,1195.5,1
2026-07-30 14:39:00+00:00,1193.5,1193.5,1193.5,1193.5,1
2026-07-30 14:43:00+00:00,1195.0,1195.0,1195.0,1195.0,1
2026-07-30 15:00:00+00:00,1176.5,1176.5,1176.0,1176.0,6
2026-07-30 15:07:00+00:00,1207.5,1207.5,1207.5,1207.5,2
2026-07-30 15:07:00+00:00,1193.0,1193.0,1192.5,1192.5,10
2026-07-30 15:22:00+00:00,1206.0,1206.0,1206.0,1206.0,2
2026-07-30 15:22:00+00:00,1174.5,1174.5,1174.5,1174.5,1
2026-07-30 15:33:00+00:00,1190.0,1190.0,1190.0,1190.0,2
2026-07-30 15:35:00+00:00,1191.0,1191.0,1191.0,1191.0,1
2026-07-30 15:37:00+00:00,1191.0,1191.0,1191.0,1191.0,1
2026-07-30 15:42:00+00:00,1191.0,1191.0,1191.0,1191.0,1
2026-07-30 15:43:00+00:00,-14.5,-14.5,-14.5,-14.5,10
2026-07-30 15:45:00+00:00,1191.5,1191.5,1191.5,1191.5,2
2026-07-30 15:47:00+00:00,1191.5,1191.5,1191.5,1191.5,4
2026-07-30 15:49:00+00:00,1191.5,1191.5,1191.5,1191.5,3
2026-07-30 15:50:00+00:00,1191.5,1191.5,1191.5,1191.5,3
2026-07-30 15:51:00+00:00,1191.5,1191.5,1191.5,1191.5,4
2026-07-30 15:52:00+00:00,1191.5,1191.5,1191.5,1191.5,5
2026-07-30 15:54:00+00:00,1192.0,1192.0,1192.0,1192.0,2
2026-07-30 16:01:00+00:00,1193.0,1193.0,1193.0,1193.0,2
2026-07-30 16:03:00+00:00,1193.5,1193.5,1193.5,1193.5,1
2026-07-30 16:04:00+00:00,1193.5,1193.5,1193.5,1193.5,1
2026-07-30 16:12:00+00:00,1193.0,1193.0,1193.0,1193.0,1
2026-07-30 16:37:00+00:00,1194.0,1194.0,1194.0,1194.0,2
2026-07-30 16:38:00+00:00,1194.5,1194.5,1194.5,1194.5,1
2026-07-30 16:52:00+00:00,1193.0,1193.0,1192.5,1192.5,12
2026-07-30 16:52:00+00:00,1207.5,1207.5,1207.5,1207.5,4
2026-07-30 16:54:00+00:00,1193.0,1193.0,1193.0,1193.0,1
2026-07-30 17:00:00+00:00,1176.5,1176.5,1176.5,1176.5,1
2026-07-30 17:06:00+00:00,1194.5,1194.5,1194.5,1194.5,2
2026-07-30 17:12:00+00:00,1178.0,1178.0,1178.0,1178.0,10
2026-07-30 17:12:00+00:00,1209.5,1209.5,1209.5,1209.5,10
2026-07-30 17:12:00+00:00,1195.0,1195.0,1195.0,1195.0,17
2026-07-30 17:15:00+00:00,1195.0,1195.0,1195.0,1195.0,1
2026-07-30 17:26:00+00:00,1193.0,1193.0,1193.0,1193.0,1
2026-07-30 17:48:00+00:00,1190.0,1190.0,1190.0,1190.0,2
2026-07-30 17:50:00+00:00,1190.5,1190.5,1190.5,1190.5,2
2026-07-30 17:57:00+00:00,1191.0,1191.0,1191.0,1191.0,31
2026-07-30 18:02:00+00:00,1191.0,1191.0,1191.0,1191.0,3
2026-07-30 18:11:00+00:00,1215.0,1215.0,1215.0,1215.0,1
2026-07-30 18:13:00+00:00,1215.0,1215.0,1215.0,1215.0,1
2026-07-30 18:18:00+00:00,1171.5,1171.5,1171.5,1171.5,1
2026-07-31 00:14:00+00:00,1191.0,1191.0,1191.0,1191.0,1
2026-07-31 00:43:00+00:00,1191.0,1191.0,1191.0,1191.0,1
2026-07-31 00:56:00+00:00,1190.5,1190.5,1190.5,1190.5,1
2026-07-31 01:40:00+00:00,1174.0,1174.0,1174.0,1174.0,2
2026-07-31 01:51:00+00:00,1190.0,1190.0,1190.0,1190.0,2
2026-07-31 02:02:00+00:00,1190.0,1190.0,1190.0,1190.0,1
2026-07-31 02:05:00+00:00,1189.5,1189.5,1189.5,1189.5,1
2026-07-31 02:29:00+00:00,1174.5,1174.5,1174.5,1174.5,2
2026-07-31 02:45:00+00:00,1193.5,1193.5,1193.5,1193.5,16
2026-07-31 02:45:00+00:00,1208.0,1208.0,1208.0,1208.0,12
2026-07-31 02:45:00+00:00,1177.0,1177.0,1177.0,1177.0,10
2026-07-31 02:47:00+00:00,1177.5,1177.5,1177.5,1177.5,1
2026-07-31 02:53:00+00:00,1193.5,1193.5,1193.5,1193.5,1
2026-07-31 03:18:00+00:00,1193.5,1193.5,1193.5,1193.5,2
2026-07-31 06:22:00+00:00,1178.0,1178.0,1178.0,1178.0,1
2026-07-31 06:24:00+00:00,1194.5,1194.5,1194.5,1194.5,10
2026-07-31 06:24:00+00:00,1209.0,1209.0,1209.0,1209.0,10
2026-07-31 06:24:00+00:00,1177.5,1177.5,1177.5,1177.5,2
2026-07-31 06:25:00+00:00,1177.5,1177.5,1177.5,1177.5,2
2026-07-31 06:29:00+00:00,1195.0,1195.0,1195.0,1195.0,2
2026-07-31 06:38:00+00:00,1195.0,1195.0,1195.0,1195.0,1
2026-07-31 06:38:00+00:00,1178.5,1178.5,1178.5,1178.5,10
2026-07-31 06:38:00+00:00,-16.5,-16.5,-16.5,-16.5,1
2026-07-31 09:08:00+00:00,1189.5,1189.5,1189.5,1189.5,2
2026-07-31 09:18:00+00:00,1188.5,1188.5,1188.5,1188.5,6
2026-07-31 09:24:00+00:00,1188.0,1188.0,1188.0,1188.0,1
2026-07-31 09:24:00+00:00,1202.5,1202.5,1202.5,1202.5,1
2026-07-31 09:24:00+00:00,1171.5,1171.5,1171.5,1171.5,22
2026-07-31 09:24:00+00:00,-16.5,-16.5,-16.5,-16.5,1
2026-07-31 09:24:00+00:00,-31.0,-31.0,-31.0,-31.0,1
2026-07-31 09:25:00+00:00,1188.5,1188.5,1188.5,1188.5,3
2026-07-31 09:25:00+00:00,1172.0,1172.0,1172.0,1172.0,10
2026-07-31 09:25:00+00:00,-16.5,-16.5,-16.5,-16.5,3
2026-07-31 09:35:00+00:00,1189.0,1189.0,1189.0,1189.0,1
2026-07-31 09:48:00+00:00,1188.5,1188.5,1188.5,1188.5,1
2026-07-31 09:57:00+00:00,1188.5,1188.5,1188.0,1188.0,10
2026-07-31 09:57:00+00:00,1203.0,1203.0,1203.0,1203.0,10
2026-07-31 09:57:00+00:00,1171.5,1171.5,1171.5,1171.5,8
2026-07-31 09:58:00+00:00,1187.5,1187.5,1187.0,1187.0,20
2026-07-31 09:58:00+00:00,1170.5,1170.5,1170.0,1170.0,10
2026-07-31 09:59:00+00:00,1187.0,1187.0,1187.0,1187.0,1
2026-07-31 09:59:00+00:00,1201.5,1201.5,1201.5,1201.5,1
2026-07-31 09:59:00+00:00,1170.5,1170.5,1170.5,1170.5,10
2026-07-31 09:59:00+00:00,-16.5,-16.5,-16.5,-16.5,1
2026-07-31 09:59:00+00:00,-31.0,-31.0,-31.0,-31.0,1
2026-07-31 10:00:00+00:00,1187.0,1187.0,1187.0,1187.0,2
2026-07-31 10:00:00+00:00,1201.5,1201.5,1201.5,1201.5,1
2026-07-31 10:00:00+00:00,1170.5,1170.5,1170.5,1170.5,10
2026-07-31 10:00:00+00:00,-16.5,-16.5,-16.5,-16.5,2
2026-07-31 10:00:00+00:00,-31.0,-31.0,-31.0,-31.0,1
2026-07-31 10:43:00+00:00,1188.5,1188.5,1188.5,1188.5,2
2026-07-31 11:21:00+00:00,1173.0,1173.0,1173.0,1173.0,6
2026-07-31 11:44:00+00:00,1202.5,1202.5,1202.5,1202.5,2
2026-07-31 12:10:00+00:00,1188.5,1188.5,1188.5,1188.5,8
2026-07-31 12:10:00+00:00,1203.0,1203.0,1203.0,1203.0,1
2026-07-31 12:10:00+00:00,-14.5,-14.5,-14.5,-14.5,1
2026-07-31 12:38:00+00:00,1170.5,1170.5,1170.5,1170.5,1
2026-07-31 12:44:00+00:00,1190.5,1190.5,1190.5,1190.5,1
2026-07-31 13:30:00+00:00,1192.0,1192.0,1192.0,1192.0,1
2026-07-31 13:30:00+00:00,1207.0,1207.0,1207.0,1207.0,2
2026-07-31 13:31:00+00:00,1176.0,1176.0,1176.0,1176.0,2
2026-07-31 13:36:00+00:00,1190.5,1190.5,1190.5,1190.5,1
2026-07-31 13:37:00+00:00,1190.0,1190.0,1190.0,1190.0,1
2026-07-31 13:42:00+00:00,1188.5,1188.5,1188.5,1188.5,1
2026-07-31 13:45:00+00:00,1172.5,1172.5,1172.5,1172.5,4
2026-07-31 13:48:00+00:00,1173.5,1173.5,1173.5,1173.5,4
2026-07-31 13:52:00+00:00,1172.5,1172.5,1172.5,1172.5,1
2026-07-31 14:05:00+00:00,1189.5,1190.0,1189.5,1190.0,22
2026-07-31 14:05:00+00:00,1204.0,1204.0,1204.0,1204.0,10
2026-07-31 14:05:00+00:00,1173.0,1173.0,1173.0,1173.0,11
2026-07-31 14:05:00+00:00,-17.0,-17.0,-17.0,-17.0,2
2026-07-31 14:10:00+00:00,1189.0,1189.0,1189.0,1189.0,2
2026-07-31 14:27:00+00:00,1190.0,1190.0,1190.0,1190.0,1
2026-07-31 14:30:00+00:00,1190.5,1190.5,1190.5,1190.5,2
2026-07-31 14:33:00+00:00,1191.0,1191.0,1191.0,1191.0,2
2026-07-31 14:39:00+00:00,1192.0,1192.0,1192.0,1192.0,1
2026-07-31 14:51:00+00:00,1192.0,1192.0,1192.0,1192.0,1
2026-07-31 15:05:00+00:00,1189.0,1189.0,1189.0,1189.0,1
2026-07-31 15:10:00+00:00,1190.0,1190.0,1190.0,1190.0,2
2026-07-31 15:15:00+00:00,1191.0,1191.0,1191.0,1191.0,2
2026-07-31 15:53:00+00:00,1187.5,1187.5,1187.5,1187.5,1
2026-07-31 16:00:00+00:00,1186.5,1186.5,1186.5,1186.5,1
2026-07-31 16:01:00+00:00,1186.5,1186.5,1186.5,1186.5,1
2026-07-31 16:33:00+00:00,1186.0,1186.0,1185.5,1185.5,2
2026-07-31 16:41:00+00:00,1184.0,1184.0,1183.0,1183.0,25
2026-07-31 16:41:00+00:00,1198.0,1198.0,1198.0,1198.0,1
2026-07-31 16:41:00+00:00,1167.5,1167.5,1166.0,1166.0,7
2026-07-31 16:41:00+00:00,-14.0,-14.0,-14.0,-14.0,1
2026-07-31 16:47:00+00:00,1183.0,1183.0,1183.0,1183.0,2
2026-07-31 17:00:00+00:00,1183.5,1183.5,1183.5,1183.5,1
2026-07-31 17:06:00+00:00,1165.5,1165.5,1165.5,1165.5,1
2026-07-31 17:07:00+00:00,1182.0,1182.0,1182.0,1182.0,2
2026-07-31 17:07:00+00:00,1196.0,1196.0,1196.0,1196.0,2
2026-07-31 17:07:00+00:00,-14.0,-14.0,-14.0,-14.0,2
2026-07-31 17:13:00+00:00,1182.0,1182.0,1182.0,1182.0,2
2026-07-31 17:18:00+00:00,1165.0,1165.0,1165.0,1165.0,1
2026-07-31 17:21:00+00:00,1181.5,1181.5,1181.5,1181.5,1
2026-07-31 17:22:00+00:00,1181.0,1181.0,1181.0,1181.0,54
2026-07-31 17:23:00+00:00,1181.0,1181.0,1181.0,1181.0,2
2026-07-31 17:24:00+00:00,1181.0,1181.0,1181.0,1181.0,4
2026-07-31 17:26:00+00:00,1182.0,1182.0,1182.0,1182.0,1
2026-07-31 18:06:00+00:00,1184.5,1184.5,1184.5,1184.5,2
2026-07-31 18:18:00+00:00,1187.0,1187.0,1187.0,1187.0,1
2026-07-31 18:19:00+00:00,1188.0,1188.0,1188.0,1188.0,1
2026-07-31 18:19:00+00:00,1171.5,1172.5,1171.5,1172.5,3
2026-07-31 18:19:00+00:00,-16.5,-16.5,-16.5,-16.5,1
