timestamp,open,high,low,close,volume
2026-07-01 00:00:00+00:00,588.0,588.0,588.0,588.0,2
2026-07-01 00:00:00+00:00,605.0,605.0,605.0,605.0,1
2026-07-01 00:02:00+00:00,588.5,588.5,588.5,588.5,1
2026-07-01 00:11:00+00:00,592.5,592.5,592.5,592.5,1
2026-07-01 00:17:00+00:00,593.0,593.0,593.0,593.0,3
2026-07-01 00:24:00+00:00,592.5,592.5,592.5,592.5,1
2026-07-01 00:46:00+00:00,592.0,592.0,592.0,592.0,3
2026-07-01 01:11:00+00:00,590.5,590.5,590.5,590.5,1
2026-07-01 01:17:00+00:00,591.5,591.5,591.5,591.5,1
2026-07-01 02:04:00+00:00,594.0,594.0,594.0,594.0,6
2026-07-01 02:05:00+00:00,593.5,593.5,593.5,593.5,1
2026-07-01 02:16:00+00:00,594.5,594.5,594.5,594.5,4
2026-07-01 02:37:00+00:00,595.0,595.0,595.0,595.0,1
2026-07-01 02:47:00+00:00,595.0,595.0,595.0,595.0,1
2026-07-01 03:01:00+00:00,597.0,597.5,597.0,597.5,7
2026-07-01 03:06:00+00:00,597.5,598.0,597.5,598.0,20
2026-07-01 03:07:00+00:00,597.5,597.5,597.5,597.5,1
2026-07-01 03:48:00+00:00,596.5,596.5,596.5,596.5,1
2026-07-01 03:54:00+00:00,597.0,597.0,597.0,597.0,1
2026-07-01 03:56:00+00:00,597.0,597.0,597.0,597.0,1
2026-07-01 04:12:00+00:00,612.5,612.5,612.5,612.5,1
2026-07-01 04:13:00+00:00,597.5,597.5,597.5,597.5,1
2026-07-01 04:13:00+00:00,612.5,612.5,612.5,612.5,2
2026-07-01 05:01:00+00:00,597.5,597.5,597.5,597.5,3
2026-07-01 05:01:00+00:00,612.5,612.5,612.5,612.5,7
2026-07-01 05:21:00+00:00,598.0,598.0,598.0,598.0,2
2026-07-01 05:21:00+00:00,613.0,613.0,613.0,613.0,4
2026-07-01 05:40:00+00:00,597.0,597.0,597.0,597.0,1
2026-07-01 06:32:00+00:00,596.0,596.0,596.0,596.0,1
2026-07-01 06:36:00+00:00,595.0,595.0,595.0,595.0,1
2026-07-01 06:47:00+00:00,594.0,594.0,594.0,594.0,2
2026-07-01 07:13:00+00:00,593.5,593.5,593.5,593.5,10
2026-07-01 07:21:00+00:00,593.0,593.0,593.0,593.0,11
2026-07-01 07:21:00+00:00,608.0,608.0,608.0,608.0,2
2026-07-01 07:22:00+00:00,608.0,608.0,608.0,608.0,2
2026-07-01 07:39:00+00:00,593.0,593.0,593.0,593.0,3
2026-07-01 07:52:00+00:00,594.5,594.5,594.5,594.5,1
2026-07-01 07:55:00+00:00,594.5,594.5,594.5,594.5,1
2026-07-01 08:31:00+00:00,621.5,621.5,621.5,621.5,1
2026-07-01 08:34:00+00:00,593.5,593.5,593.5,593.5,1
2026-07-01 08:34:00+00:00,609.5,609.5,609.5,609.5,3
2026-07-01 08:35:00+00:00,609.5,609.5,609.5,609.5,3
2026-07-01 08:48:00+00:00,594.5,594.5,594.5,594.5,16
2026-07-01 08:51:00+00:00,595.0,595.5,595.0,595.5,13
2026-07-01 10:05:00+00:00,620.5,620.5,620.5,620.5,3
2026-07-01 10:05:00+00:00,592.0,592.0,592.0,592.0,14
2026-07-01 10:05:00+00:00,607.0,607.0,607.0,607.0,14
2026-07-01 10:06:00+00:00,591.0,591.0,591.0,591.0,3
2026-07-01 10:07:00+00:00,605.5,606.0,605.5,606.0,6
2026-07-01 10:41:00+00:00,620.5,620.5,620.5,620.5,2
2026-07-01 10:42:00+00:00,620.5,620.5,620.5,620.5,1
2026-07-01 10:43:00+00:00,608.0,608.0,608.0,608.0,3
2026-07-01 10:56:00+00:00,607.0,607.0,607.0,607.0,2
2026-07-01 11:03:00+00:00,607.5,607.5,607.5,607.5,4
2026-07-01 11:03:00+00:00,592.5,592.5,592.5,592.5,2
2026-07-01 11:18:00+00:00,609.0,609.0,609.0,609.0,1
2026-07-01 11:25:00+00:00,593.5,593.5,593.5,593.5,14
2026-07-01 11:43:00+00:00,596.0,596.0,596.0,596.0,1
2026-07-01 11:46:00+00:00,597.5,598.0,597.5,598.0,3
2026-07-01 11:46:00+00:00,612.0,613.0,612.0,613.0,6
2026-07-01 11:50:00+00:00,612.5,612.5,612.5,612.5,1
2026-07-01 11:59:00+00:00,613.5,613.5,613.5,613.5,1
2026-07-01 12:00:00+00:00,599.5,599.5,599.0,599.0,8
2026-07-01 12:00:00+00:00,614.5,614.5,614.5,614.5,2
2026-07-01 12:03:00+00:00,599.0,599.0,599.0,599.0,5
2026-07-01 12:05:00+00:00,627.0,627.0,627.0,627.0,1
2026-07-01 12:08:00+00:00,598.0,598.0,598.0,598.0,1
2026-07-01 12:41:00+00:00,597.5,597.5,597.5,597.5,2
2026-07-01 13:30:00+00:00,600.0,604.0,600.0,601.5,21
2026-07-01 13:31:00+00:00,605.0,605.0,605.0,605.0,3
2026-07-01 13:35:00+00:00,603.0,603.0,603.0,603.0,3
2026-07-01 13:37:00+00:00,604.0,604.0,604.0,604.0,3
2026-07-01 13:38:00+00:00,604.5,604.5,604.5,604.5,1
2026-07-01 13:40:00+00:00,618.5,618.5,618.5,618.5,1
2026-07-01 13:41:00+00:00,605.0,605.0,605.0,605.0,1
2026-07-01 13:47:00+00:00,605.5,605.5,605.5,605.5,1
2026-07-01 13:48:00+00:00,605.0,605.5,605.0,605.5,2
2026-07-01 13:49:00+00:00,605.5,605.5,605.5,605.5,4
2026-07-01 13:52:00+00:00,606.0,606.5,606.0,606.5,3
2026-07-01 13:53:00+00:00,607.0,607.0,607.0,607.0,1
2026-07-01 13:54:00+00:00,606.0,606.0,606.0,606.0,1
2026-07-01 13:55:00+00:00,607.0,607.0,607.0,607.0,3
2026-07-01 13:55:00+00:00,621.0,621.0,621.0,621.0,1
2026-07-01 13:57:00+00:00,608.0,608.0,608.0,608.0,7
2026-07-01 13:58:00+00:00,608.0,608.0,608.0,608.0,1
2026-07-01 14:00:00+00:00,607.0,607.0,607.0,607.0,1
2026-07-01 14:11:00+00:00,620.5,620.5,620.5,620.5,2
2026-07-01 14:25:00+00:00,608.0,608.0,608.0,608.0,1
2026-07-01 14:29:00+00:00,607.0,607.0,607.0,607.0,6
2026-07-01 14:33:00+00:00,606.0,606.0,606.0,606.0,1
2026-07-01 14:34:00+00:00,606.0,606.0,606.0,606.0,1
2026-07-01 14:40:00+00:00,604.5,605.0,604.5,605.0,21
2026-07-01 14:47:00+00:00,606.0,606.0,606.0,606.0,2
2026-07-01 14:53:00+00:00,603.5,603.5,603.5,603.5,7
2026-07-01 15:04:00+00:00,602.0,602.0,602.0,602.0,1
2026-07-01 15:05:00+00:00,602.0,602.0,602.0,602.0,1
2026-07-01 15:08:00+00:00,601.5,601.5,601.5,601.5,1
2026-07-01 15:27:00+00:00,600.5,600.5,600.0,600.0,5
2026-07-01 15:29:00+00:00,600.5,600.5,600.5,600.5,1
2026-07-01 15:34:00+00:00,601.5,602.0,601.5,602.0,4
2026-07-01 15:47:00+00:00,601.5,601.5,601.5,601.5,1
2026-07-01 15:49:00+00:00,601.0,601.0,601.0,601.0,1
2026-07-01 15:52:00+00:00,600.0,600.0,600.0,600.0,1
2026-07-01 16:09:00+00:00,600.5,600.5,600.5,600.5,1
2026-07-01 16:16:00+00:00,600.0,600.0,600.0,600.0,2
2026-07-01 16:21:00+00:00,599.0,599.0,599.0,599.0,1
2026-07-01 16:22:00+00:00,613.0,613.0,613.0,613.0,1
2026-07-01 16:42:00+00:00,614.5,614.5,614.5,614.5,10
2026-07-01 16:43:00+00:00,614.5,614.5,614.5,614.5,3
2026-07-01 16:45:00+00:00,615.0,615.0,615.0,615.0,5
2026-07-01 16:59:00+00:00,-12.5,-12.5,-12.5,-12.5,3
2026-07-01 16:59:00+00:00,627.5,627.5,627.5,627.5,3
2026-07-01 16:59:00+00:00,615.0,615.0,615.0,615.0,3
2026-07-01 17:04:00+00:00,601.5,601.5,601.5,601.5,3
2026-07-01 17:14:00+00:00,600.5,600.5,600.5,600.5,1
2026-07-01 17:14:00+00:00,615.0,615.0,615.0,615.0,1
2026-07-01 17:22:00+00:00,601.5,601.5,601.5,601.5,2
2026-07-01 17:23:00+00:00,615.0,615.0,615.0,615.0,2
2026-07-01 17:59:00+00:00,601.0,601.0,601.0,601.0,1
2026-07-01 18:05:00+00:00,600.5,600.5,600.5,600.5,2
2026-07-01 18:10:00+00:00,600.5,600.5,600.5,600.5,1
2026-07-01 18:14:00+00:00,614.0,614.0,614.0,614.0,2
2026-07-01 18:14:00+00:00,599.0,599.0,599.0,599.0,1
2026-07-01 18:16:00+00:00,614.0,614.0,614.0,614.0,1
2026-07-01 18:17:00+00:00,602.0,602.0,602.0,602.0,1
2026-07-01 18:17:00+00:00,616.0,616.0,615.5,615.5,2
2026-07-01 18:18:00+00:00,601.5,601.5,601.5,601.5,1
2026-07-02 00:00:00+00:00,600.0,605.5,599.5,599.5,8
2026-07-02 00:03:00+00:00,600.5,600.5,600.0,600.5,16
2026-07-02 00:03:00+00:00,613.5,613.5,613.5,613.5,4
2026-07-02 00:09:00+00:00,598.0,598.0,598.0,598.0,1
2026-07-02 00:16:00+00:00,598.5,598.5,598.5,598.5,1
2026-07-02 00:40:00+00:00,598.0,598.0,598.0,598.0,1
2026-07-02 00:50:00+00:00,597.5,597.5,597.5,597.5,3
2026-07-02 01:27:00+00:00,599.5,599.5,599.5,599.5,1
2026-07-02 02:45:00+00:00,601.0,601.0,601.0,601.0,1
2026-07-02 02:46:00+00:00,600.5,600.5,600.5,600.5,1
2026-07-02 03:55:00+00:00,600.5,600.5,600.5,600.5,2
2026-07-02 05:16:00+00:00,600.0,600.0,600.0,600.0,2
2026-07-02 06:00:00+00:00,600.5,600.5,600.5,600.5,14
2026-07-02 06:07:00+00:00,615.0,615.0,615.0,615.0,1
2026-07-02 06:21:00+00:00,600.0,600.0,600.0,600.0,2
2026-07-02 06:24:00+00:00,601.0,601.0,601.0,601.0,2
2026-07-02 06:41:00+00:00,601.0,601.0,601.0,601.0,1
2026-07-02 07:05:00+00:00,600.5,600.5,600.5,600.5,1
2026-07-02 07:39:00+00:00,616.0,616.0,616.0,616.0,1
2026-07-02 07:42:00+00:00,603.5,603.5,603.5,603.5,1
2026-07-02 08:01:00+00:00,602.0,602.5,602.0,602.5,4
2026-07-02 08:23:00+00:00,603.5,603.5,603.5,603.5,1
2026-07-02 09:02:00+00:00,615.5,615.5,615.0,615.0,13
2026-07-02 09:02:00+00:00,601.5,601.5,601.5,601.5,21
2026-07-02 09:04:00+00:00,626.5,626.5,626.5,626.5,6
2026-07-02 09:04:00+00:00,600.5,600.5,600.0,600.0,13
2026-07-02 09:04:00+00:00,614.5,614.5,614.5,614.5,3
2026-07-02 09:08:00+00:00,614.0,614.0,614.0,614.0,1
2026-07-02 09:09:00+00:00,599.5,599.5,599.5,599.5,1
2026-07-02 09:27:00+00:00,600.0,600.0,599.5,599.5,4
2026-07-02 09:30:00+00:00,600.5,600.5,600.5,600.5,17
2026-07-02 09:43:00+00:00,614.5,614.5,614.5,614.5,2
2026-07-02 09:44:00+00:00,601.5,601.5,601.5,601.5,1
2026-07-02 09:46:00+00:00,601.5,601.5,601.5,601.5,1
2026-07-02 09:47:00+00:00,601.5,601.5,601.5,601.5,2
2026-07-02 09:59:00+00:00,602.5,602.5,602.5,602.5,3
2026-07-02 11:02:00+00:00,603.0,603.0,603.0,603.0,5
2026-07-02 11:20:00+00:00,603.5,603.5,603.5,603.5,1
2026-07-02 12:01:00+00:00,604.0,604.0,604.0,604.0,1
2026-07-02 12:04:00+00:00,603.5,603.5,603.5,603.5,5
2026-07-02 12:17:00+00:00,604.0,604.0,604.0,604.0,1
2026-07-02 12:33:00+00:00,603.5,603.5,603.5,603.5,5
2026-07-02 12:41:00+00:00,603.0,603.0,603.0,603.0,1
2026-07-02 12:43:00+00:00,602.0,602.0,602.0,602.0,1
2026-07-02 13:30:00+00:00,600.5,603.0,600.5,603.0,6
2026-07-02 13:32:00+00:00,606.0,606.0,606.0,606.0,3
2026-07-02 13:39:00+00:00,606.0,606.0,606.0,606.0,1
2026-07-02 13:41:00+00:00,606.5,607.0,606.5,607.0,4
2026-07-02 13:42:00+00:00,621.0,621.0,621.0,621.0,1
2026-07-02 13:43:00+00:00,606.5,606.5,606.5,606.5,1
2026-07-02 13:48:00+00:00,605.5,605.5,605.5,605.5,1
2026-07-02 13:50:00+00:00,607.0,607.0,607.0,607.0,2
2026-07-02 13:58:00+00:00,605.0,605.0,605.0,605.0,12
2026-07-02 14:01:00+00:00,632.0,632.0,632.0,632.0,3
2026-07-02 14:02:00+00:00,607.0,607.0,607.0,607.0,1
2026-07-02 14:09:00+00:00,620.5,620.5,620.5,620.5,1
2026-07-02 14:10:00+00:00,607.0,607.0,607.0,607.0,1
2026-07-02 14:15:00+00:00,620.5,620.5,620.5,620.5,2
2026-07-02 14:19:00+00:00,607.0,607.0,607.0,607.0,1
2026-07-02 14:29:00+00:00,607.5,607.5,607.0,607.0,6
2026-07-02 14:36:00+00:00,607.0,607.0,607.0,607.0,2
2026-07-02 14:39:00+00:00,606.0,606.0,606.0,606.0,1
2026-07-02 14:48:00+00:00,605.0,605.0,604.5,604.5,10
2026-07-02 14:48:00+00:00,631.5,631.5,631.5,631.5,2
2026-07-02 14:48:00+00:00,619.0,619.0,619.0,619.0,1
2026-07-02 14:50:00+00:00,618.0,618.0,618.0,618.0,1
2026-07-02 15:39:00+00:00,604.0,604.0,604.0,604.0,1
2026-07-02 15:48:00+00:00,603.0,603.0,603.0,603.0,1
2026-07-02 15:55:00+00:00,603.0,603.0,603.0,603.0,1
2026-07-02 16:00:00+00:00,601.0,601.0,601.0,601.0,1
2026-07-02 16:22:00+00:00,601.5,601.5,601.5,601.5,1
2026-07-02 16:27:00+00:00,600.0,600.0,600.0,600.0,1
2026-07-02 16:34:00+00:00,614.5,614.5,614.5,614.5,2
2026-07-02 16:41:00+00:00,600.0,600.0,600.0,600.0,1
2026-07-02 16:45:00+00:00,599.5,599.5,599.5,599.5,1
2026-07-02 16:50:00+00:00,614.0,614.0,614.0,614.0,1
2026-07-02 16:54:00+00:00,598.5,598.5,598.5,598.5,1
2026-07-02 16:55:00+00:00,599.0,599.0,598.5,598.5,5
2026-07-02 16:57:00+00:00,599.0,599.0,599.0,599.0,1
2026-07-02 17:10:00+00:00,598.5,598.5,598.5,598.5,1
2026-07-02 17:14:00+00:00,599.0,599.0,599.0,599.0,1
2026-07-02 17:22:00+00:00,614.0,614.0,614.0,614.0,1
2026-07-02 17:56:00+00:00,600.5,600.5,600.5,600.5,2
2026-07-02 18:10:00+00:00,601.0,601.0,600.5,600.5,3
2026-07-02 18:14:00+00:00,599.0,599.0,599.0,599.0,1
2026-07-02 18:15:00+00:00,599.0,599.0,599.0,599.0,2
2026-07-06 00:00:00+00:00,602.0,603.5,602.0,603.5,4
2026-07-06 00:02:00+00:00,605.0,605.5,605.0,605.5,3
2026-07-06 00:14:00+00:00,604.0,604.0,604.0,604.0,2
2026-07-06 00:14:00+00:00,618.5,618.5,618.5,618.5,4
2026-07-06 00:23:00+00:00,604.5,604.5,604.5,604.5,8
2026-07-06 00:28:00+00:00,605.0,605.0,605.0,605.0,3
2026-07-06 00:54:00+00:00,604.0,604.0,604.0,604.0,3
2026-07-06 01:00:00+00:00,604.0,604.0,604.0,604.0,2
2026-07-06 01:14:00+00:00,606.0,606.0,606.0,606.0,2
2026-07-06 01:26:00+00:00,620.5,620.5,620.5,620.5,3
2026-07-06 01:28:00+00:00,621.0,621.0,621.0,621.0,1
2026-07-06 01:37:00+00:00,606.5,606.5,606.5,606.5,2
2026-07-06 01:44:00+00:00,607.0,607.0,607.0,607.0,2
2026-07-06 01:49:00+00:00,620.5,620.5,620.5,620.5,1
2026-07-06 01:50:00+00:00,606.5,606.5,606.5,606.5,1
2026-07-06 02:03:00+00:00,621.0,621.0,621.0,621.0,1
2026-07-06 02:12:00+00:00,606.5,606.5,606.5,606.5,1
2026-07-06 02:25:00+00:00,607.0,607.0,607.0,607.0,1
2026-07-06 02:29:00+00:00,621.0,621.0,621.0,621.0,1
2026-07-06 02:42:00+00:00,605.5,605.5,605.5,605.5,1
2026-07-06 03:12:00+00:00,605.5,605.5,605.5,605.5,1
2026-07-06 03:14:00+00:00,605.5,605.5,605.5,605.5,1
2026-07-06 03:26:00+00:00,605.5,605.5,605.5,605.5,1
2026-07-06 03:34:00+00:00,604.0,604.0,604.0,604.0,1
2026-07-06 03:48:00+00:00,603.5,604.0,603.5,604.0,2
2026-07-06 03:49:00+00:00,604.5,604.5,604.5,604.5,2
2026-07-06 03:56:00+00:00,604.0,604.0,604.0,604.0,2
2026-07-06 04:01:00+00:00,605.0,605.0,605.0,605.0,2
2026-07-06 04:15:00+00:00,619.5,619.5,619.5,619.5,2
2026-07-06 04:42:00+00:00,619.0,619.0,619.0,619.0,3
2026-07-06 04:43:00+00:00,604.5,604.5,604.5,604.5,2
2026-07-06 04:46:00+00:00,604.5,604.5,604.5,604.5,1
2026-07-06 05:34:00+00:00,606.5,606.5,606.5,606.5,1
2026-07-06 06:04:00+00:00,607.0,607.0,607.0,607.0,1
2026-07-06 06:11:00+00:00,608.0,608.5,608.0,608.5,6
2026-07-06 06:12:00+00:00,622.5,622.5,622.5,622.5,2
2026-07-06 06:12:00+00:00,608.5,608.5,608.5,608.5,4
2026-07-06 06:13:00+00:00,609.0,609.5,609.0,609.5,6
2026-07-06 06:18:00+00:00,608.5,608.5,608.5,608.5,1
2026-07-06 06:18:00+00:00,623.0,623.0,623.0,623.0,1
2026-07-06 06:19:00+00:00,608.5,609.0,608.5,609.0,2
2026-07-06 06:20:00+00:00,608.5,608.5,608.5,608.5,1
2026-07-06 06:34:00+00:00,608.0,608.5,608.0,608.5,2
2026-07-06 06:43:00+00:00,608.0,608.0,608.0,608.0,1
2026-07-06 06:52:00+00:00,607.5,607.5,607.5,607.5,1
2026-07-06 07:06:00+00:00,605.5,605.5,605.5,605.5,1
2026-07-06 07:08:00+00:00,605.5,605.5,605.5,605.5,1
2026-07-06 07:09:00+00:00,605.5,605.5,605.5,605.5,1
2026-07-06 07:31:00+00:00,621.0,621.0,621.0,621.0,1
2026-07-06 07:59:00+00:00,609.0,609.0,609.0,609.0,2
2026-07-06 07:59:00+00:00,623.0,623.0,623.0,623.0,1
2026-07-06 08:18:00+00:00,609.0,609.0,609.0,609.0,1
2026-07-06 08:20:00+00:00,608.0,608.0,608.0,608.0,2
2026-07-06 08:28:00+00:00,609.5,609.5,609.5,609.5,3
2026-07-06 09:15:00+00:00,610.0,610.0,610.0,610.0,3
2026-07-06 09:16:00+00:00,610.0,610.0,610.0,610.0,1
2026-07-06 09:17:00+00:00,609.5,609.5,609.5,609.5,1
2026-07-06 09:33:00+00:00,609.0,609.0,609.0,609.0,1
2026-07-06 09:37:00+00:00,609.0,609.0,609.0,609.0,2
2026-07-06 09:49:00+00:00,610.0,610.0,610.0,610.0,1
2026-07-06 09:54:00+00:00,609.0,609.0,609.0,609.0,2
2026-07-06 09:56:00+00:00,609.0,609.0,609.0,609.0,2
2026-07-06 10:09:00+00:00,609.0,609.0,609.0,609.0,2
2026-07-06 10:30:00+00:00,609.5,609.5,609.5,609.5,2
2026-07-06 10:46:00+00:00,610.0,610.0,610.0,610.0,1
2026-07-06 11:03:00+00:00,608.5,608.5,608.5,608.5,1
2026-07-06 11:52:00+00:00,608.5,608.5,608.5,608.5,1
2026-07-06 12:03:00+00:00,607.0,607.0,606.5,606.5,2
2026-07-06 12:23:00+00:00,621.5,621.5,621.5,621.5,1
2026-07-06 12:29:00+00:00,607.5,607.5,607.5,607.5,1
2026-07-06 12:37:00+00:00,609.5,609.5,609.5,609.5,1
2026-07-06 12:38:00+00:00,636.5,636.5,636.5,636.5,1
2026-07-06 12:38:00+00:00,-12.5,-12.5,-12.5,-12.5,1
2026-07-06 12:38:00+00:00,624.0,624.0,624.0,624.0,1
2026-07-06 12:41:00+00:00,610.0,610.0,610.0,610.0,1
2026-07-06 12:41:00+00:00,625.0,625.0,625.0,625.0,1
2026-07-06 12:42:00+00:00,611.0,611.0,611.0,611.0,1
2026-07-06 13:30:00+00:00,610.0,612.0,610.0,612.0,17
2026-07-06 13:30:00+00:00,625.5,626.0,625.5,626.0,2
2026-07-06 13:33:00+00:00,610.0,610.0,610.0,610.0,2
2026-07-06 13:33:00+00:00,624.0,624.0,624.0,624.0,2
2026-07-06 13:34:00+00:00,610.0,610.0,610.0,610.0,1
2026-07-06 13:38:00+00:00,609.0,609.5,608.5,609.5,4
2026-07-06 13:42:00+00:00,608.5,608.5,608.5,608.5,5
2026-07-06 13:47:00+00:00,607.5,607.5,607.5,607.5,2
2026-07-06 13:47:00+00:00,622.0,622.0,622.0,622.0,2
2026-07-06 13:49:00+00:00,607.0,607.0,607.0,607.0,1
2026-07-06 13:52:00+00:00,608.0,608.0,608.0,608.0,2
2026-07-06 13:52:00+00:00,622.0,622.0,622.0,622.0,2
2026-07-06 13:56:00+00:00,624.0,624.0,624.0,624.0,2
2026-07-06 14:06:00+00:00,611.0,611.0,611.0,611.0,18
2026-07-06 14:07:00+00:00,611.0,611.0,611.0,611.0,2
2026-07-06 14:21:00+00:00,611.5,611.5,611.5,611.5,2
2026-07-06 14:27:00+00:00,611.0,611.0,611.0,611.0,1
2026-07-06 14:28:00+00:00,611.0,611.0,610.5,610.5,3
2026-07-06 14:33:00+00:00,610.5,610.5,610.5,610.5,1
2026-07-06 14:35:00+00:00,612.0,612.0,612.0,612.0,2
2026-07-06 14:41:00+00:00,612.5,612.5,612.5,612.5,2
2026-07-06 14:44:00+00:00,626.5,626.5,626.5,626.5,1
2026-07-06 14:49:00+00:00,626.5,626.5,626.5,626.5,2
2026-07-06 14:52:00+00:00,610.0,610.0,610.0,610.0,1
2026-07-06 14:58:00+00:00,612.0,612.0,611.5,611.5,3
2026-07-06 15:11:00+00:00,610.5,610.5,610.0,610.0,2
2026-07-06 15:12:00+00:00,611.0,611.0,611.0,611.0,2
2026-07-06 15:19:00+00:00,611.0,611.0,611.0,611.0,1
2026-07-06 15:27:00+00:00,611.0,611.0,611.0,611.0,50
2026-07-06 15:29:00+00:00,638.5,638.5,638.5,638.5,1
2026-07-06 15:29:00+00:00,626.0,626.0,626.0,626.0,4
2026-07-06 15:29:00+00:00,-12.5,-12.5,-12.5,-12.5,1
2026-07-06 15:30:00+00:00,612.0,612.0,612.0,612.0,2
2026-07-06 15:31:00+00:00,611.5,612.0,611.5,612.0,2
2026-07-06 15:35:00+00:00,613.0,613.0,613.0,613.0,1
2026-07-06 15:40:00+00:00,613.0,613.0,613.0,613.0,1
2026-07-06 15:44:00+00:00,613.0,613.0,613.0,613.0,1
2026-07-06 15:48:00+00:00,613.5,613.5,613.5,613.5,2
2026-07-06 16:01:00+00:00,612.5,612.5,612.5,612.5,1
2026-07-06 16:03:00+00:00,626.0,626.0,626.0,626.0,4
2026-07-06 16:04:00+00:00,612.0,612.0,612.0,612.0,1
2026-07-06 16:24:00+00:00,610.5,610.5,610.5,610.5,2
2026-07-06 16:25:00+00:00,610.5,610.5,610.5,610.5,1
2026-07-06 16:26:00+00:00,609.5,609.5,609.5,609.5,1
2026-07-06 16:31:00+00:00,610.0,610.0,610.0,610.0,1
2026-07-06 16:33:00+00:00,624.5,624.5,624.5,624.5,9
2026-07-06 16:53:00+00:00,611.0,611.0,611.0,611.0,1
2026-07-06 17:00:00+00:00,611.5,611.5,611.5,611.5,2
2026-07-06 17:01:00+00:00,611.5,611.5,611.5,611.5,6
2026-07-06 17:06:00+00:00,612.0,612.0,612.0,612.0,1
2026-07-06 17:09:00+00:00,613.0,613.0,613.0,613.0,2
2026-07-06 17:11:00+00:00,613.0,613.0,613.0,613.0,1
2026-07-06 17:12:00+00:00,613.0,613.0,613.0,613.0,1
2026-07-06 17:13:00+00:00,612.5,612.5,612.5,612.5,1
2026-07-06 17:19:00+00:00,627.5,627.5,627.5,627.5,1
2026-07-06 17:20:00+00:00,613.5,614.0,613.5,614.0,3
2026-07-06 17:23:00+00:00,614.0,614.5,614.0,614.5,2
2026-07-06 17:27:00+00:00,615.0,615.0,615.0,615.0,5
2026-07-06 17:35:00+00:00,614.5,614.5,614.5,614.5,1
2026-07-06 17:36:00+00:00,615.0,615.0,615.0,615.0,2
2026-07-06 17:37:00+00:00,629.5,629.5,629.5,629.5,1
2026-07-06 17:51:00+00:00,629.0,629.0,629.0,629.0,1
2026-07-06 17:52:00+00:00,629.5,629.5,629.5,629.5,1
2026-07-06 18:03:00+00:00,614.0,614.0,614.0,614.0,1
2026-07-06 18:08:00+00:00,613.5,613.5,613.5,613.5,1
2026-07-06 18:18:00+00:00,628.5,628.5,628.5,628.5,2
2026-07-06 18:19:00+00:00,627.5,627.5,627.5,627.5,4
2026-07-07 00:00:00+00:00,613.5,616.0,613.5,616.0,2
2026-07-07 00:01:00+00:00,611.0,611.0,611.0,611.0,1
2026-07-07 00:02:00+00:00,610.0,610.0,610.0,610.0,2
2026-07-07 00:14:00+00:00,610.5,610.5,610.5,610.5,1
2026-07-07 00:18:00+00:00,625.5,625.5,625.5,625.5,2
2026-07-07 01:29:00+00:00,610.5,610.5,610.5,610.5,1
2026-07-07 01:35:00+00:00,610.0,610.0,610.0,610.0,1
2026-07-07 01:42:00+00:00,611.0,611.0,611.0,611.0,2
2026-07-07 01:45:00+00:00,625.5,625.5,625.5,625.5,2
2026-07-07 01:45:00+00:00,611.0,611.0,611.0,611.0,4
2026-07-07 01:50:00+00:00,612.0,612.0,612.0,612.0,2
2026-07-07 01:51:00+00:00,612.0,612.0,612.0,612.0,1
2026-07-07 01:56:00+00:00,627.0,627.0,627.0,627.0,1
2026-07-07 01:56:00+00:00,612.5,612.5,612.5,612.5,2
2026-07-07 03:13:00+00:00,611.0,611.0,611.0,611.0,8
2026-07-07 03:38:00+00:00,610.0,610.0,610.0,610.0,5
2026-07-07 03:48:00+00:00,610.0,610.0,610.0,610.0,1
2026-07-07 03:56:00+00:00,609.5,609.5,609.5,609.5,1
2026-07-07 03:57:00+00:00,623.5,623.5,623.5,623.5,2
2026-07-07 03:58:00+00:00,609.5,609.5,609.5,609.5,1
2026-07-07 04:35:00+00:00,610.0,610.0,610.0,610.0,1
2026-07-07 05:58:00+00:00,611.5,611.5,611.5,611.5,1
2026-07-07 07:22:00+00:00,612.0,612.0,612.0,612.0,1
2026-07-07 07:32:00+00:00,613.5,613.5,613.5,613.5,1
2026-07-07 07:41:00+00:00,613.5,613.5,613.5,613.5,1
2026-07-07 07:43:00+00:00,613.0,613.0,613.0,613.0,1
2026-07-07 07:47:00+00:00,628.0,628.0,628.0,628.0,1
2026-07-07 07:54:00+00:00,613.0,613.0,613.0,613.0,2
2026-07-07 07:59:00+00:00,612.5,612.5,612.5,612.5,1
2026-07-07 08:05:00+00:00,612.0,612.0,612.0,612.0,3
2026-07-07 08:55:00+00:00,626.5,626.5,626.5,626.5,1
2026-07-07 09:34:00+00:00,612.0,612.0,612.0,612.0,1
2026-07-07 09:48:00+00:00,625.5,625.5,625.5,625.5,1
2026-07-07 10:05:00+00:00,613.0,613.0,613.0,613.0,1
2026-07-07 10:51:00+00:00,613.0,613.0,613.0,613.0,1
2026-07-07 10:58:00+00:00,628.5,628.5,628.5,628.5,2
2026-07-07 10:58:00+00:00,614.0,614.0,614.0,614.0,4
2026-07-07 11:00:00+00:00,615.0,615.0,615.0,615.0,1
2026-07-07 11:00:00+00:00,629.0,629.0,629.0,629.0,1
2026-07-07 11:15:00+00:00,630.0,630.0,630.0,630.0,2
2026-07-07 11:17:00+00:00,616.0,616.0,616.0,616.0,4
2026-07-07 11:22:00+00:00,615.5,615.5,615.5,615.5,2
2026-07-07 11:28:00+00:00,616.5,617.0,616.5,617.0,3
2026-07-07 11:30:00+00:00,616.0,616.0,616.0,616.0,1
2026-07-07 11:31:00+00:00,616.0,616.0,616.0,616.0,1
2026-07-07 11:38:00+00:00,630.5,630.5,630.5,630.5,2
2026-07-07 11:58:00+00:00,631.0,631.0,631.0,631.0,2
2026-07-07 12:14:00+00:00,630.0,630.0,630.0,630.0,2
2026-07-07 12:17:00+00:00,615.5,615.5,615.5,615.5,2
2026-07-07 12:18:00+00:00,616.0,616.0,616.0,616.0,1
2026-07-07 12:19:00+00:00,615.5,615.5,615.0,615.0,3
2026-07-07 12:21:00+00:00,614.5,614.5,614.5,614.5,1
2026-07-07 12:22:00+00:00,614.5,614.5,614.5,614.5,1
2026-07-07 12:41:00+00:00,628.0,628.0,628.0,628.0,2
2026-07-07 13:30:00+00:00,612.5,614.0,612.5,614.0,10
2026-07-07 13:34:00+00:00,630.0,630.0,630.0,630.0,1
2026-07-07 13:36:00+00:00,616.0,616.0,616.0,616.0,1
2026-07-07 13:38:00+00:00,617.0,617.0,617.0,617.0,2
2026-07-07 13:42:00+00:00,617.0,618.5,617.0,618.5,5
2026-07-07 13:43:00+00:00,618.0,618.0,618.0,618.0,1
2026-07-07 13:47:00+00:00,614.0,614.0,614.0,614.0,2
2026-07-07 13:50:00+00:00,628.5,628.5,628.5,628.5,1
2026-07-07 13:57:00+00:00,629.0,629.0,629.0,629.0,1
2026-07-07 14:08:00+00:00,629.0,629.0,629.0,629.0,2
2026-07-07 14:11:00+00:00,614.0,614.0,614.0,614.0,1
2026-07-07 14:19:00+00:00,612.5,612.5,612.5,612.5,6
2026-07-07 14:21:00+00:00,614.0,614.0,614.0,614.0,12
2026-07-07 14:22:00+00:00,629.5,629.5,629.5,629.5,4
2026-07-07 14:29:00+00:00,628.5,628.5,628.5,628.5,1
2026-07-07 14:39:00+00:00,628.0,628.0,628.0,628.0,1
2026-07-07 15:05:00+00:00,629.5,630.0,629.5,630.0,2
2026-07-07 15:08:00+00:00,616.0,616.0,616.0,616.0,1
2026-07-07 15:12:00+00:00,616.0,616.0,616.0,616.0,2
2026-07-07 15:12:00+00:00,631.0,631.0,631.0,631.0,1
2026-07-07 15:19:00+00:00,617.0,617.0,617.0,617.0,1
2026-07-07 15:20:00+00:00,632.0,632.0,632.0,632.0,1
2026-07-07 15:23:00+00:00,617.0,617.0,617.0,617.0,1
2026-07-07 15:24:00+00:00,631.5,631.5,631.5,631.5,1
2026-07-07 15:25:00+00:00,617.0,617.0,617.0,617.0,1
2026-07-07 15:32:00+00:00,614.5,614.5,614.5,614.5,2
2026-07-07 15:33:00+00:00,614.0,614.0,614.0,614.0,5
2026-07-07 15:34:00+00:00,614.5,614.5,614.5,614.5,1
2026-07-07 15:45:00+00:00,615.0,615.5,615.0,615.5,2
2026-07-07 15:48:00+00:00,631.0,631.0,631.0,631.0,1
2026-07-07 15:53:00+00:00,616.0,616.0,616.0,616.0,1
2026-07-07 15:55:00+00:00,616.0,616.0,616.0,616.0,1
2026-07-07 16:01:00+00:00,614.5,614.5,614.5,614.5,1
2026-07-07 16:07:00+00:00,614.5,614.5,614.5,614.5,1
2026-07-07 16:18:00+00:00,615.0,615.0,615.0,615.0,1
2026-07-07 16:19:00+00:00,614.5,614.5,614.5,614.5,1
2026-07-07 16:21:00+00:00,628.5,628.5,628.5,628.5,1
2026-07-07 16:22:00+00:00,613.0,613.0,613.0,613.0,1
2026-07-07 16:30:00+00:00,629.5,629.5,629.5,629.5,1
2026-07-07 16:43:00+00:00,630.0,630.0,629.5,629.5,2
2026-07-07 16:51:00+00:00,615.0,615.0,615.0,615.0,7
2026-07-07 16:52:00+00:00,630.5,630.5,630.5,630.5,3
2026-07-07 16:52:00+00:00,615.5,615.5,615.5,615.5,10
2026-07-07 17:00:00+00:00,630.5,630.5,630.5,630.5,12
2026-07-07 17:00:00+00:00,616.0,616.0,616.0,616.0,5
2026-07-07 17:02:00+00:00,617.0,617.0,617.0,617.0,1
2026-07-07 17:02:00+00:00,632.0,632.0,632.0,632.0,3
2026-07-07 17:10:00+00:00,617.5,617.5,617.5,617.5,1
2026-07-07 17:11:00+00:00,617.5,617.5,617.5,617.5,1
2026-07-07 17:17:00+00:00,617.0,617.0,617.0,617.0,1
2026-07-07 17:20:00+00:00,631.0,631.0,631.0,631.0,2
2026-07-07 17:24:00+00:00,617.0,617.0,617.0,617.0,1
2026-07-07 17:27:00+00:00,617.5,617.5,617.5,617.5,1
2026-07-07 17:31:00+00:00,617.0,617.0,617.0,617.0,1
2026-07-07 17:44:00+00:00,631.5,631.5,631.5,631.5,10
2026-07-07 17:44:00+00:00,616.5,616.5,616.5,616.5,10
2026-07-07 17:45:00+00:00,631.5,631.5,631.5,631.5,2
2026-07-07 17:47:00+00:00,616.0,616.0,616.0,616.0,1
2026-07-07 17:55:00+00:00,631.5,631.5,631.5,631.5,10
2026-07-07 17:55:00+00:00,617.0,617.0,617.0,617.0,5
2026-07-07 18:06:00+00:00,617.5,617.5,617.5,617.5,1
2026-07-07 18:07:00+00:00,618.0,618.0,618.0,618.0,2
2026-07-07 18:09:00+00:00,618.5,618.5,618.5,618.5,10
2026-07-07 18:10:00+00:00,618.0,618.5,618.0,618.5,6
2026-07-07 18:10:00+00:00,633.5,633.5,633.5,633.5,1
2026-07-07 18:11:00+00:00,618.0,618.0,618.0,618.0,2
2026-07-07 18:12:00+00:00,618.5,618.5,618.0,618.0,2
2026-07-07 18:14:00+00:00,618.0,618.0,618.0,618.0,1
2026-07-07 18:16:00+00:00,617.0,617.0,617.0,617.0,1
2026-07-07 18:17:00+00:00,617.0,617.0,617.0,617.0,3
2026-07-08 00:00:00+00:00,618.5,618.5,616.0,617.0,12
2026-07-08 00:01:00+00:00,616.5,616.5,616.5,616.5,2
2026-07-08 00:02:00+00:00,632.0,632.0,631.5,631.5,12
2026-07-08 00:02:00+00:00,616.5,616.5,616.5,616.5,2
2026-07-08 00:35:00+00:00,615.5,615.5,615.5,615.5,2
2026-07-08 00:43:00+00:00,630.5,630.5,630.5,630.5,1
2026-07-08 00:45:00+00:00,615.5,615.5,615.5,615.5,1
2026-07-08 00:46:00+00:00,631.0,631.0,631.0,631.0,1
2026-07-08 00:47:00+00:00,630.5,630.5,630.5,630.5,1
2026-07-08 00:48:00+00:00,615.0,615.0,615.0,615.0,1
2026-07-08 00:50:00+00:00,615.5,615.5,615.5,615.5,1
2026-07-08 00:51:00+00:00,630.0,630.0,630.0,630.0,1
2026-07-08 00:51:00+00:00,615.5,615.5,615.5,615.5,1
2026-07-08 00:53:00+00:00,615.0,615.0,615.0,615.0,2
2026-07-08 00:54:00+00:00,630.0,630.0,630.0,630.0,1
2026-07-08 01:07:00+00:00,614.5,614.5,614.5,614.5,2
2026-07-08 01:17:00+00:00,615.0,615.0,615.0,615.0,1
2026-07-08 01:30:00+00:00,616.0,616.0,616.0,616.0,2
2026-07-08 01:54:00+00:00,617.0,617.0,617.0,617.0,1
2026-07-08 02:10:00+00:00,633.0,633.0,633.0,633.0,1
2026-07-08 02:11:00+00:00,618.0,618.0,618.0,618.0,1
2026-07-08 02:46:00+00:00,616.5,616.5,616.5,616.5,1
2026-07-08 02:54:00+00:00,617.0,617.0,617.0,617.0,1
2026-07-08 02:57:00+00:00,617.0,617.0,617.0,617.0,1
2026-07-08 03:13:00+00:00,619.0,619.0,619.0,619.0,1
2026-07-08 03:23:00+00:00,619.5,619.5,619.5,619.5,3
2026-07-08 03:24:00+00:00,619.5,620.5,619.5,620.0,10
2026-07-08 03:42:00+00:00,619.5,619.5,619.5,619.5,1
2026-07-08 03:43:00+00:00,619.5,619.5,619.5,619.5,1
2026-07-08 03:46:00+00:00,634.5,634.5,634.5,634.5,1
2026-07-08 04:05:00+00:00,636.0,636.0,636.0,636.0,1
2026-07-08 04:06:00+00:00,636.0,636.0,636.0,636.0,1
2026-07-08 04:15:00+00:00,620.5,620.5,620.5,620.5,1
2026-07-08 04:16:00+00:00,621.0,621.0,621.0,621.0,1
2026-07-08 04:18:00+00:00,620.0,620.0,620.0,620.0,1
2026-07-08 04:59:00+00:00,635.0,635.0,635.0,635.0,1
2026-07-08 04:59:00+00:00,-15.0,-15.0,-15.0,-15.0,1
2026-07-08 04:59:00+00:00,620.0,620.0,620.0,620.0,1
2026-07-08 05:01:00+00:00,621.0,621.0,621.0,621.0,2
2026-07-08 05:38:00+00:00,620.5,620.5,620.5,620.5,2
2026-07-08 05:40:00+00:00,635.0,635.0,635.0,635.0,1
2026-07-08 05:40:00+00:00,620.0,620.0,620.0,620.0,1
2026-07-08 05:42:00+00:00,619.0,619.0,619.0,619.0,1
2026-07-08 05:44:00+00:00,619.5,619.5,619.5,619.5,1
2026-07-08 05:46:00+00:00,634.0,634.0,634.0,634.0,3
2026-07-08 05:46:00+00:00,-15.0,-15.0,-15.0,-15.0,2
2026-07-08 05:46:00+00:00,619.0,619.0,619.0,619.0,2
2026-07-08 05:52:00+00:00,633.5,633.5,633.5,633.5,1
2026-07-08 05:55:00+00:00,618.5,618.5,618.5,618.5,2
2026-07-08 06:07:00+00:00,633.5,633.5,633.5,633.5,1
2026-07-08 06:07:00+00:00,618.5,618.5,618.5,618.5,1
2026-07-08 06:23:00+00:00,619.0,619.0,619.0,619.0,1
2026-07-08 06:25:00+00:00,620.0,620.0,620.0,620.0,1
2026-07-08 06:32:00+00:00,619.5,619.5,619.5,619.5,1
2026-07-08 06:34:00+00:00,618.5,618.5,618.5,618.5,1
2026-07-08 06:36:00+00:00,634.5,634.5,634.5,634.5,1
2026-07-08 06:52:00+00:00,619.0,619.0,619.0,619.0,6
2026-07-08 07:17:00+00:00,634.5,634.5,634.5,634.5,3
2026-07-08 07:17:00+00:00,619.5,619.5,619.5,619.5,3
2026-07-08 07:19:00+00:00,635.0,635.0,635.0,635.0,3
2026-07-08 07:25:00+00:00,621.0,622.0,621.0,622.0,3
2026-07-08 07:26:00+00:00,621.5,621.5,621.5,621.5,1
2026-07-08 07:27:00+00:00,636.0,636.0,636.0,636.0,1
2026-07-08 07:28:00+00:00,622.0,622.0,622.0,622.0,4
2026-07-08 07:29:00+00:00,621.5,621.5,621.5,621.5,1
2026-07-08 07:32:00+00:00,637.0,637.0,637.0,637.0,2
2026-07-08 07:39:00+00:00,622.0,622.0,622.0,622.0,2
2026-07-08 07:40:00+00:00,622.0,622.0,622.0,622.0,1
2026-07-08 07:42:00+00:00,623.0,623.0,623.0,623.0,2
2026-07-08 07:46:00+00:00,622.0,622.0,622.0,622.0,2
2026-07-08 07:47:00+00:00,637.0,637.0,637.0,637.0,3
2026-07-08 08:05:00+00:00,621.5,621.5,621.5,621.5,1
2026-07-08 08:13:00+00:00,621.5,621.5,621.5,621.5,1
2026-07-08 08:16:00+00:00,623.0,623.0,623.0,623.0,1
2026-07-08 08:17:00+00:00,624.0,624.0,624.0,624.0,6
2026-07-08 08:20:00+00:00,639.0,639.0,639.0,639.0,8
2026-07-08 08:20:00+00:00,623.5,624.5,623.5,624.5,9
2026-07-08 08:21:00+00:00,640.0,640.0,640.0,640.0,1
2026-07-08 08:21:00+00:00,625.0,625.0,625.0,625.0,2
2026-07-08 08:24:00+00:00,653.5,653.5,653.5,653.5,2
2026-07-08 08:24:00+00:00,626.0,626.0,626.0,626.0,3
2026-07-08 08:26:00+00:00,626.5,626.5,626.5,626.5,2
2026-07-08 08:26:00+00:00,641.5,641.5,641.5,641.5,1
2026-07-08 08:27:00+00:00,626.0,626.5,626.0,626.5,2
2026-07-08 08:28:00+00:00,626.0,626.0,626.0,626.0,2
2026-07-08 08:28:00+00:00,641.0,641.0,641.0,641.0,1
2026-07-08 08:29:00+00:00,640.0,640.0,640.0,640.0,10
2026-07-08 08:32:00+00:00,625.0,625.0,625.0,625.0,1
2026-07-08 08:33:00+00:00,625.0,625.0,625.0,625.0,1
2026-07-08 08:36:00+00:00,625.0,625.0,624.5,624.5,20
2026-07-08 08:40:00+00:00,625.0,625.0,625.0,625.0,1
2026-07-08 08:42:00+00:00,640.0,640.0,640.0,640.0,1
2026-07-08 08:45:00+00:00,625.0,625.0,625.0,625.0,2
2026-07-08 08:46:00+00:00,624.5,624.5,624.5,624.5,8
2026-07-08 08:47:00+00:00,624.5,624.5,624.5,624.5,2
2026-07-08 08:48:00+00:00,624.5,624.5,624.5,624.5,1
2026-07-08 08:49:00+00:00,624.5,624.5,624.5,624.5,2
2026-07-08 08:57:00+00:00,624.0,624.0,624.0,624.0,1
2026-07-08 08:59:00+00:00,624.5,624.5,624.5,624.5,1
2026-07-08 09:02:00+00:00,624.5,624.5,624.5,624.5,1
2026-07-08 09:05:00+00:00,623.5,624.5,623.5,624.5,3
2026-07-08 09:06:00+00:00,623.0,623.0,623.0,623.0,1
2026-07-08 09:08:00+00:00,623.0,623.0,623.0,623.0,1
2026-07-08 09:16:00+00:00,638.0,638.0,638.0,638.0,1
2026-07-08 09:17:00+00:00,623.5,623.5,623.5,623.5,2
2026-07-08 09:24:00+00:00,637.0,637.0,637.0,637.0,1
2026-07-08 09:48:00+00:00,638.0,638.0,638.0,638.0,1
2026-07-08 10:04:00+00:00,624.0,624.0,624.0,624.0,1
2026-07-08 10:08:00+00:00,624.0,624.0,624.0,624.0,1
2026-07-08 10:13:00+00:00,623.5,623.5,623.5,623.5,1
2026-07-08 10:14:00+00:00,622.0,622.0,621.5,621.5,2
2026-07-08 11:41:00+00:00,638.5,638.5,638.5,638.5,4
2026-07-08 11:43:00+00:00,621.0,621.0,620.5,620.5,3
2026-07-08 12:36:00+00:00,621.5,621.5,621.5,621.5,2
2026-07-08 12:39:00+00:00,621.5,621.5,621.5,621.5,4
2026-07-08 12:41:00+00:00,620.5,620.5,620.5,620.5,2
2026-07-08 12:43:00+00:00,620.5,620.5,620.5,620.5,1
2026-07-08 13:30:00+00:00,635.0,635.0,635.0,635.0,3
2026-07-08 13:30:00+00:00,619.5,624.5,619.5,624.5,7
2026-07-08 13:33:00+00:00,639.0,639.0,639.0,639.0,1
2026-07-08 13:37:00+00:00,624.5,624.5,624.5,624.5,1
2026-07-08 13:41:00+00:00,635.0,635.0,635.0,635.0,1
2026-07-08 13:43:00+00:00,624.5,624.5,619.0,619.0,4
2026-07-08 13:44:00+00:00,618.0,618.0,617.0,617.0,5
2026-07-08 13:44:00+00:00,633.5,633.5,633.0,633.0,2
2026-07-08 13:53:00+00:00,615.5,615.5,615.5,615.5,1
2026-07-08 13:56:00+00:00,615.0,615.0,615.0,615.0,2
2026-07-08 13:59:00+00:00,632.5,632.5,632.5,632.5,1
2026-07-08 14:02:00+00:00,624.5,624.5,624.0,624.0,2
2026-07-08 14:15:00+00:00,616.5,616.5,616.5,616.5,1
2026-07-08 14:18:00+00:00,616.0,616.0,616.0,616.0,1
2026-07-08 14:20:00+00:00,614.5,614.5,614.5,614.5,2
2026-07-08 14:28:00+00:00,614.0,614.0,614.0,614.0,2
2026-07-08 14:28:00+00:00,631.0,631.0,622.5,622.5,7
2026-07-08 14:28:00+00:00,-8.5,-8.5,-8.5,-8.5,2
2026-07-08 14:39:00+00:00,630.0,630.0,630.0,630.0,1
2026-07-08 14:40:00+00:00,616.5,616.5,616.5,616.5,2
2026-07-08 14:40:00+00:00,631.0,631.0,631.0,631.0,1
2026-07-08 14:44:00+00:00,615.0,615.0,615.0,615.0,1
2026-07-08 14:48:00+00:00,615.0,615.0,615.0,615.0,2
2026-07-08 14:49:00+00:00,631.0,631.0,631.0,631.0,1
2026-07-08 14:49:00+00:00,615.5,615.5,615.5,615.5,2
2026-07-08 14:52:00+00:00,613.5,613.5,613.5,613.5,1
2026-07-08 14:53:00+00:00,629.0,629.0,629.0,629.0,2
2026-07-08 14:54:00+00:00,613.5,613.5,613.5,613.5,1
2026-07-08 14:55:00+00:00,614.0,614.0,614.0,614.0,1
2026-07-08 14:57:00+00:00,629.0,629.0,629.0,629.0,2
2026-07-08 14:57:00+00:00,614.0,614.0,614.0,614.0,1
2026-07-08 14:58:00+00:00,614.0,614.0,614.0,614.0,1
2026-07-08 14:59:00+00:00,629.0,629.0,629.0,629.0,1
2026-07-08 15:03:00+00:00,613.0,613.0,613.0,613.0,1
2026-07-08 15:10:00+00:00,614.0,614.0,614.0,614.0,1
2026-07-08 15:11:00+00:00,613.5,613.5,613.5,613.5,1
2026-07-08 15:22:00+00:00,629.5,629.5,629.5,629.5,1
2026-07-08 15:24:00+00:00,629.5,629.5,629.5,629.5,1
2026-07-08 15:24:00+00:00,613.5,613.5,613.5,613.5,1
2026-07-08 15:25:00+00:00,613.5,613.5,613.5,613.5,1
2026-07-08 15:25:00+00:00,629.0,629.5,629.0,629.5,2
2026-07-08 15:32:00+00:00,614.5,614.5,614.5,614.5,1
2026-07-08 15:34:00+00:00,630.0,630.0,630.0,630.0,1
2026-07-08 15:45:00+00:00,612.0,612.0,612.0,612.0,6
2026-07-08 15:45:00+00:00,627.5,627.5,627.5,627.5,2
2026-07-08 15:47:00+00:00,611.5,611.5,611.5,611.5,4
2026-07-08 15:58:00+00:00,613.0,613.0,613.0,613.0,4
2026-07-08 16:02:00+00:00,629.0,629.0,629.0,629.0,1
2026-07-08 16:03:00+00:00,628.0,628.0,628.0,628.0,2
2026-07-08 16:19:00+00:00,611.0,611.0,611.0,611.0,2
2026-07-08 16:20:00+00:00,611.0,611.0,611.0,611.0,1
2026-07-08 16:42:00+00:00,611.0,611.0,611.0,611.0,1
2026-07-08 16:43:00+00:00,626.0,626.0,626.0,626.0,5
2026-07-08 17:05:00+00:00,-13.5,-13.5,-13.5,-13.5,2
2026-07-08 17:05:00+00:00,625.5,625.5,625.5,625.5,2
2026-07-08 17:05:00+00:00,610.5,610.5,610.5,610.5,1
2026-07-08 17:05:00+00:00,639.0,639.0,639.0,639.0,2
2026-07-08 17:11:00+00:00,626.5,626.5,626.5,626.5,1
2026-07-08 17:15:00+00:00,610.0,610.0,610.0,610.0,2
2026-07-08 17:16:00+00:00,625.5,625.5,625.5,625.5,1
2026-07-08 17:22:00+00:00,610.0,610.0,610.0,610.0,1
2026-07-08 17:31:00+00:00,609.0,609.0,609.0,609.0,4
2026-07-08 17:32:00+00:00,608.5,608.5,608.5,608.5,4
2026-07-08 17:38:00+00:00,608.5,608.5,608.5,608.5,1
2026-07-08 17:39:00+00:00,608.5,608.5,608.5,608.5,1
2026-07-08 17:44:00+00:00,609.0,609.0,609.0,609.0,1
2026-07-08 17:46:00+00:00,609.5,609.5,609.5,609.5,1
2026-07-08 17:56:00+00:00,609.5,609.5,609.5,609.5,1
2026-07-08 17:58:00+00:00,609.0,609.0,609.0,609.0,1
2026-07-08 18:03:00+00:00,609.0,609.0,609.0,609.0,1
2026-07-08 18:05:00+00:00,608.0,608.0,608.0,608.0,1
2026-07-08 18:12:00+00:00,607.5,607.5,607.5,607.5,6
2026-07-08 18:16:00+00:00,607.0,607.0,607.0,607.0,1
2026-07-08 18:17:00+00:00,622.0,622.0,622.0,622.0,10
2026-07-08 18:18:00+00:00,606.5,606.5,606.5,606.5,1
2026-07-08 18:19:00+00:00,606.5,606.5,606.5,606.5,2
2026-07-09 00:00:00+00:00,605.0,605.0,601.0,603.5,16
2026-07-09 00:02:00+00:00,603.5,603.5,603.5,603.5,1
2026-07-09 00:03:00+00:00,604.0,604.0,604.0,604.0,1
2026-07-09 00:06:00+00:00,604.5,604.5,604.5,604.5,4
2026-07-09 00:20:00+00:00,604.5,604.5,604.5,604.5,1
2026-07-09 00:27:00+00:00,604.5,604.5,604.5,604.5,3
2026-07-09 00:28:00+00:00,605.5,605.5,605.5,605.5,1
2026-07-09 00:35:00+00:00,607.0,607.0,607.0,607.0,1
2026-07-09 01:19:00+00:00,607.0,607.0,607.0,607.0,2
2026-07-09 01:56:00+00:00,606.0,606.0,606.0,606.0,1
2026-07-09 02:16:00+00:00,620.5,620.5,620.5,620.5,2
2026-07-09 02:17:00+00:00,605.0,605.0,605.0,605.0,1
2026-07-09 02:59:00+00:00,619.5,619.5,619.5,619.5,2
2026-07-09 03:13:00+00:00,632.5,632.5,632.5,632.5,3
2026-07-09 03:13:00+00:00,603.0,603.0,603.0,603.0,4
2026-07-09 03:32:00+00:00,603.0,603.0,603.0,603.0,1
2026-07-09 03:49:00+00:00,632.5,632.5,632.5,632.5,3
2026-07-09 03:49:00+00:00,603.5,603.5,603.5,603.5,2
2026-07-09 05:15:00+00:00,603.0,603.0,602.5,602.5,11
2026-07-09 05:15:00+00:00,618.5,618.5,618.5,618.5,13
2026-07-09 05:58:00+00:00,619.5,619.5,619.5,619.5,1
2026-07-09 06:27:00+00:00,606.0,606.0,606.0,606.0,1
2026-07-09 06:34:00+00:00,605.5,605.5,605.5,605.5,6
2026-07-09 06:37:00+00:00,605.5,605.5,605.5,605.5,4
2026-07-09 07:10:00+00:00,605.5,605.5,605.5,605.5,2
2026-07-09 07:45:00+00:00,605.5,605.5,605.5,605.5,1
2026-07-09 08:28:00+00:00,603.5,603.5,603.5,603.5,1
2026-07-09 08:34:00+00:00,605.0,606.0,605.0,606.0,11
2026-07-09 08:43:00+00:00,606.0,606.5,606.0,606.5,6
2026-07-09 09:45:00+00:00,607.0,607.5,607.0,607.5,2
2026-07-09 10:07:00+00:00,622.0,622.0,622.0,622.0,2
2026-07-09 10:10:00+00:00,606.0,606.0,606.0,606.0,1
2026-07-09 10:16:00+00:00,605.5,605.5,605.0,605.0,6
2026-07-09 10:21:00+00:00,633.5,633.5,633.5,633.5,2
2026-07-09 10:21:00+00:00,605.0,605.0,605.0,605.0,3
2026-07-09 10:22:00+00:00,605.0,605.0,605.0,605.0,7
2026-07-09 10:26:00+00:00,606.0,606.0,606.0,606.0,7
2026-07-09 10:26:00+00:00,621.5,621.5,621.5,621.5,7
2026-07-09 10:27:00+00:00,621.5,621.5,621.5,621.5,3
2026-07-09 10:27:00+00:00,-13.5,-13.5,-13.5,-13.5,2
2026-07-09 10:27:00+00:00,606.0,606.0,606.0,606.0,3
2026-07-09 10:27:00+00:00,635.0,635.0,635.0,635.0,2
2026-07-09 10:50:00+00:00,608.0,608.0,608.0,608.0,1
2026-07-09 10:56:00+00:00,608.5,608.5,608.5,608.5,1
2026-07-09 11:04:00+00:00,607.5,607.5,607.5,607.5,1
2026-07-09 11:12:00+00:00,622.0,622.0,622.0,622.0,3
2026-07-09 11:59:00+00:00,606.5,606.5,606.5,606.5,2
2026-07-09 12:00:00+00:00,606.0,606.0,606.0,606.0,2
2026-07-09 12:32:00+00:00,624.5,624.5,624.5,624.5,2
2026-07-09 13:30:00+00:00,606.5,608.0,606.5,608.0,4
2026-07-09 13:30:00+00:00,622.5,622.5,622.5,622.5,1
2026-07-09 13:31:00+00:00,609.0,609.0,609.0,609.0,1
2026-07-09 13:43:00+00:00,608.0,608.0,608.0,608.0,6
2026-07-09 13:45:00+00:00,606.0,606.0,605.5,605.5,16
2026-07-09 13:54:00+00:00,621.5,621.5,621.5,621.5,2
2026-07-09 13:55:00+00:00,606.5,606.5,606.5,606.5,2
2026-07-09 13:55:00+00:00,-13.0,-13.0,-13.0,-13.0,1
2026-07-09 14:01:00+00:00,606.0,606.0,606.0,606.0,1
2026-07-09 14:09:00+00:00,608.5,608.5,608.5,608.5,1
2026-07-09 14:10:00+00:00,609.0,609.0,609.0,609.0,1
2026-07-09 14:21:00+00:00,608.5,608.5,608.5,608.5,9
2026-07-09 14:21:00+00:00,623.5,623.5,623.5,623.5,12
2026-07-09 14:25:00+00:00,609.5,609.5,609.5,609.5,1
2026-07-09 14:26:00+00:00,610.0,610.0,610.0,610.0,1
2026-07-09 14:30:00+00:00,612.0,612.0,612.0,612.0,2
2026-07-09 14:31:00+00:00,627.0,627.5,627.0,627.5,2
2026-07-09 14:32:00+00:00,612.5,612.5,612.5,612.5,1
2026-07-09 14:33:00+00:00,613.0,613.0,613.0,613.0,2
2026-07-09 14:43:00+00:00,614.0,614.0,614.0,614.0,2
2026-07-09 14:45:00+00:00,614.0,614.0,614.0,614.0,1
2026-07-09 14:49:00+00:00,630.0,630.5,630.0,630.5,2
2026-07-09 14:49:00+00:00,615.5,616.0,615.0,615.0,3
2026-07-09 14:51:00+00:00,616.0,616.0,616.0,616.0,1
2026-07-09 14:53:00+00:00,617.0,617.5,617.0,617.5,22
2026-07-09 14:55:00+00:00,618.0,618.0,618.0,618.0,1
2026-07-09 14:56:00+00:00,617.5,617.5,617.5,617.5,1
2026-07-09 14:57:00+00:00,617.5,617.5,617.5,617.5,1
2026-07-09 15:02:00+00:00,618.0,618.0,618.0,618.0,1
2026-07-09 15:03:00+00:00,618.5,618.5,618.5,618.5,1
2026-07-09 15:05:00+00:00,618.5,618.5,618.5,618.5,14
2026-07-09 15:05:00+00:00,633.0,633.5,633.0,633.0,12
2026-07-09 15:06:00+00:00,619.0,619.5,619.0,619.5,7
2026-07-09 15:08:00+00:00,618.5,618.5,618.5,618.5,1
2026-07-09 15:09:00+00:00,618.5,618.5,618.5,618.5,1
2026-07-09 15:10:00+00:00,618.0,618.0,618.0,618.0,1
2026-07-09 15:11:00+00:00,618.0,618.0,618.0,618.0,1
2026-07-09 15:15:00+00:00,633.0,633.0,633.0,633.0,1
2026-07-09 15:16:00+00:00,633.5,633.5,633.5,633.5,14
2026-07-09 15:16:00+00:00,619.0,619.0,619.0,619.0,3
2026-07-09 15:17:00+00:00,633.5,633.5,633.5,633.5,10
2026-07-09 15:35:00+00:00,619.0,619.0,619.0,619.0,1
2026-07-09 15:37:00+00:00,619.0,620.0,619.0,620.0,7
2026-07-09 15:40:00+00:00,620.0,620.0,620.0,620.0,1
2026-07-09 15:44:00+00:00,619.0,619.0,619.0,619.0,10
2026-07-09 15:48:00+00:00,619.5,619.5,619.5,619.5,1
2026-07-09 15:51:00+00:00,635.0,635.0,635.0,635.0,1
2026-07-09 15:55:00+00:00,620.5,620.5,620.5,620.5,1
2026-07-09 15:56:00+00:00,621.0,621.0,621.0,621.0,8
2026-07-09 16:03:00+00:00,620.5,620.5,620.5,620.5,1
2026-07-09 16:04:00+00:00,620.5,620.5,620.5,620.5,1
2026-07-09 16:12:00+00:00,620.5,620.5,620.5,620.5,6
2026-07-09 16:17:00+00:00,620.5,620.5,620.5,620.5,1
2026-07-09 16:19:00+00:00,621.0,621.0,621.0,621.0,1
2026-07-09 16:23:00+00:00,620.5,620.5,620.5,620.5,1
2026-07-09 16:25:00+00:00,621.0,621.0,621.0,621.0,1
2026-07-09 16:29:00+00:00,634.5,634.5,634.5,634.5,1
2026-07-09 16:33:00+00:00,619.5,619.5,619.5,619.5,2
2026-07-09 16:34:00+00:00,619.5,619.5,619.0,619.5,4
2026-07-09 16:35:00+00:00,633.5,633.5,633.5,633.5,10
2026-07-09 16:38:00+00:00,619.5,619.5,619.5,619.5,1
2026-07-09 16:43:00+00:00,618.5,618.5,618.5,618.5,8
2026-07-09 16:43:00+00:00,633.0,633.0,633.0,633.0,6
2026-07-09 16:43:00+00:00,646.0,646.0,646.0,646.0,3
2026-07-09 16:48:00+00:00,618.5,618.5,618.5,618.5,3
2026-07-09 16:50:00+00:00,633.0,633.0,633.0,633.0,4
2026-07-09 16:52:00+00:00,633.5,633.5,633.5,633.5,2
2026-07-09 16:53:00+00:00,634.0,634.0,634.0,634.0,8
2026-07-09 16:56:00+00:00,619.5,619.5,619.5,619.5,8
2026-07-09 16:58:00+00:00,619.5,619.5,619.5,619.5,10
2026-07-09 17:00:00+00:00,620.0,620.0,620.0,620.0,2
2026-07-09 17:05:00+00:00,619.5,619.5,619.5,619.5,1
2026-07-09 17:08:00+00:00,618.5,618.5,618.5,618.5,1
2026-07-09 17:16:00+00:00,620.0,620.0,620.0,620.0,4
2026-07-09 17:29:00+00:00,634.0,634.0,634.0,634.0,1
2026-07-09 17:37:00+00:00,635.0,635.0,635.0,635.0,3
2026-07-09 17:38:00+00:00,620.5,620.5,620.5,620.5,2
2026-07-09 17:38:00+00:00,635.0,635.0,635.0,635.0,2
2026-07-09 17:50:00+00:00,634.0,634.0,634.0,634.0,20
2026-07-09 18:03:00+00:00,620.0,620.0,620.0,620.0,1
2026-07-09 18:04:00+00:00,634.5,635.0,634.5,635.0,4
2026-07-09 18:07:00+00:00,620.5,620.5,620.5,620.5,1
2026-07-09 18:10:00+00:00,620.5,620.5,620.5,620.5,6
2026-07-09 18:18:00+00:00,634.0,634.0,634.0,634.0,4
2026-07-09 18:19:00+00:00,619.5,619.5,619.5,619.5,2
2026-07-10 00:00:00+00:00,618.0,618.0,618.0,618.0,3
2026-07-10 00:01:00+00:00,618.0,618.0,618.0,618.0,1
2026-07-10 00:03:00+00:00,617.5,617.5,617.5,617.5,2
2026-07-10 00:16:00+00:00,619.0,619.0,619.0,619.0,7
2026-07-10 00:30:00+00:00,617.0,617.0,617.0,617.0,1
2026-07-10 00:39:00+00:00,617.0,617.0,617.0,617.0,4
2026-07-10 00:41:00+00:00,617.0,617.0,617.0,617.0,1
2026-07-10 00:42:00+00:00,617.0,617.0,617.0,617.0,7
2026-07-10 00:54:00+00:00,618.5,618.5,618.5,618.5,5
2026-07-10 00:59:00+00:00,618.5,618.5,618.5,618.5,5
2026-07-10 01:33:00+00:00,617.0,617.0,617.0,617.0,1
2026-07-10 01:36:00+00:00,618.0,618.0,618.0,618.0,1
2026-07-10 01:37:00+00:00,617.5,617.5,617.5,617.5,3
2026-07-10 01:38:00+00:00,617.5,617.5,617.5,617.5,1
2026-07-10 01:40:00+00:00,617.5,617.5,617.5,617.5,2
2026-07-10 01:42:00+00:00,617.5,617.5,617.5,617.5,7
2026-07-10 01:43:00+00:00,617.0,617.0,617.0,617.0,1
2026-07-10 01:43:00+00:00,631.5,631.5,631.5,631.5,1
2026-07-10 01:51:00+00:00,618.0,618.0,618.0,618.0,1
2026-07-10 02:24:00+00:00,618.5,618.5,618.5,618.5,4
2026-07-10 02:44:00+00:00,620.0,620.0,620.0,620.0,10
2026-07-10 03:16:00+00:00,620.0,620.0,620.0,620.0,1
2026-07-10 04:18:00+00:00,620.5,620.5,620.5,620.5,1
2026-07-10 04:50:00+00:00,635.0,635.0,635.0,635.0,1
2026-07-10 05:01:00+00:00,620.0,620.0,620.0,620.0,2
2026-07-10 05:01:00+00:00,-14.5,-14.5,-14.5,-14.5,2
2026-07-10 05:01:00+00:00,634.5,634.5,634.5,634.5,10
2026-07-10 05:10:00+00:00,620.0,620.0,620.0,620.0,1
2026-07-10 05:19:00+00:00,634.0,634.0,634.0,634.0,1
2026-07-10 05:19:00+00:00,619.5,619.5,619.5,619.5,1
2026-07-10 05:20:00+00:00,619.5,619.5,619.5,619.5,1
2026-07-10 05:25:00+00:00,619.5,619.5,619.5,619.5,2
2026-07-10 05:29:00+00:00,634.0,634.0,634.0,634.0,10
2026-07-10 05:47:00+00:00,619.0,619.0,619.0,619.0,1
2026-07-10 06:09:00+00:00,632.5,632.5,632.5,632.5,3
2026-07-10 06:10:00+00:00,618.0,618.0,618.0,618.0,1
2026-07-10 06:26:00+00:00,618.0,618.0,618.0,618.0,1
2026-07-10 06:36:00+00:00,631.5,631.5,631.5,631.5,6
2026-07-10 06:36:00+00:00,617.5,617.5,617.5,617.5,10
2026-07-10 06:58:00+00:00,631.0,631.0,631.0,631.0,10
2026-07-10 07:06:00+00:00,631.0,631.0,631.0,631.0,10
2026-07-10 07:06:00+00:00,643.5,643.5,643.5,643.5,3
2026-07-10 07:07:00+00:00,643.5,643.5,643.5,643.5,3
2026-07-10 07:11:00+00:00,616.0,616.0,616.0,616.0,4
2026-07-10 07:13:00+00:00,616.0,616.0,616.0,616.0,10
2026-07-10 07:20:00+00:00,641.5,641.5,641.5,641.5,1
2026-07-10 07:20:00+00:00,-12.5,-12.5,-12.5,-12.5,1
2026-07-10 07:20:00+00:00,629.0,629.0,629.0,629.0,8
2026-07-10 07:20:00+00:00,615.0,615.0,614.5,614.5,5
2026-07-10 07:23:00+00:00,630.0,630.0,630.0,630.0,9
2026-07-10 07:24:00+00:00,630.0,630.0,630.0,630.0,1
2026-07-10 07:33:00+00:00,615.0,615.0,615.0,615.0,5
2026-07-10 07:52:00+00:00,614.0,614.0,614.0,614.0,2
2026-07-10 08:00:00+00:00,614.5,614.5,614.5,614.5,10
2026-07-10 08:07:00+00:00,614.0,614.0,614.0,614.0,3
2026-07-10 08:39:00+00:00,617.0,617.0,617.0,617.0,8
2026-07-10 08:41:00+00:00,618.0,618.0,618.0,618.0,6
2026-07-10 08:41:00+00:00,632.0,632.0,632.0,632.0,12
2026-07-10 08:42:00+00:00,632.0,632.0,632.0,632.0,10
2026-07-10 08:56:00+00:00,617.0,617.0,617.0,617.0,1
2026-07-10 09:05:00+00:00,617.5,617.5,617.5,617.5,2
2026-07-10 09:11:00+00:00,617.0,617.0,617.0,617.0,1
2026-07-10 09:45:00+00:00,-14.5,-14.5,-14.5,-14.5,1
2026-07-10 09:45:00+00:00,630.0,630.0,630.0,630.0,10
2026-07-10 09:45:00+00:00,615.5,615.5,615.5,615.5,4
2026-07-10 09:46:00+00:00,615.5,615.5,615.5,615.5,3
2026-07-10 09:51:00+00:00,629.5,629.5,629.5,629.5,3
2026-07-10 09:59:00+00:00,614.5,614.5,614.0,614.0,5
2026-07-10 10:14:00+00:00,629.0,629.0,629.0,629.0,2
2026-07-10 10:19:00+00:00,629.0,629.0,629.0,629.0,2
2026-07-10 10:45:00+00:00,617.0,617.0,617.0,617.0,1
2026-07-10 10:53:00+00:00,616.0,616.0,616.0,616.0,1
2026-07-10 11:03:00+00:00,616.0,616.0,616.0,616.0,2
2026-07-10 11:05:00+00:00,615.5,615.5,615.5,615.5,1
2026-07-10 11:18:00+00:00,630.5,630.5,630.5,630.5,10
2026-07-10 11:40:00+00:00,630.5,630.5,630.5,630.5,9
2026-07-10 11:43:00+00:00,617.5,617.5,617.5,617.5,1
2026-07-10 11:44:00+00:00,616.0,616.0,616.0,616.0,1
2026-07-10 11:54:00+00:00,617.5,617.5,617.5,617.5,1
2026-07-10 12:00:00+00:00,632.5,632.5,632.5,632.5,6
2026-07-10 12:02:00+00:00,619.0,619.0,619.0,619.0,1
2026-07-10 12:02:00+00:00,634.0,634.0,634.0,634.0,1
2026-07-10 12:03:00+00:00,620.0,620.0,620.0,620.0,5
2026-07-10 12:09:00+00:00,622.0,622.5,622.0,622.5,9
2026-07-10 12:09:00+00:00,636.0,637.0,636.0,637.0,8
2026-07-10 12:10:00+00:00,637.5,637.5,637.5,637.5,6
2026-07-10 12:10:00+00:00,623.0,624.0,623.0,624.0,32
2026-07-10 12:12:00+00:00,625.0,625.5,625.0,625.5,2
2026-07-10 12:12:00+00:00,640.0,640.5,640.0,640.5,2
2026-07-10 12:13:00+00:00,626.0,626.5,625.0,626.0,67
2026-07-10 12:13:00+00:00,653.0,653.0,652.0,652.0,20
2026-07-10 12:13:00+00:00,639.5,640.5,639.5,640.5,22
2026-07-10 12:14:00+00:00,641.0,641.5,641.0,641.5,11
2026-07-10 12:14:00+00:00,627.0,627.5,627.0,627.5,22
2026-07-10 12:15:00+00:00,628.0,628.0,627.5,627.5,24
2026-07-10 12:16:00+00:00,641.5,641.5,641.5,641.5,1
2026-07-10 12:16:00+00:00,628.5,628.5,627.5,627.5,2
2026-07-10 12:17:00+00:00,628.0,628.0,628.0,628.0,1
2026-07-10 12:18:00+00:00,626.0,626.5,626.0,626.5,2
2026-07-10 12:19:00+00:00,627.0,627.0,627.0,627.0,2
2026-07-10 12:20:00+00:00,641.0,641.0,641.0,641.0,1
2026-07-10 12:20:00+00:00,627.0,627.0,626.0,626.0,13
2026-07-10 12:21:00+00:00,641.5,641.5,641.5,641.5,1
2026-07-10 12:21:00+00:00,627.0,627.0,627.0,627.0,1
2026-07-10 12:22:00+00:00,628.0,628.0,628.0,628.0,8
2026-07-10 12:23:00+00:00,629.0,630.0,629.0,630.0,5
2026-07-10 12:23:00+00:00,644.0,644.0,644.0,644.0,1
2026-07-10 12:24:00+00:00,630.5,630.5,630.5,630.5,19
2026-07-10 12:24:00+00:00,644.5,644.5,644.5,644.5,12
2026-07-10 12:25:00+00:00,630.0,630.0,630.0,630.0,2
2026-07-10 12:26:00+00:00,631.0,631.0,629.5,629.5,5
2026-07-10 12:27:00+00:00,630.0,630.0,630.0,630.0,1
2026-07-10 12:27:00+00:00,645.0,645.0,645.0,645.0,1
2026-07-10 12:28:00+00:00,630.5,630.5,630.5,630.5,2
2026-07-10 12:29:00+00:00,630.5,630.5,630.5,630.5,1
2026-07-10 12:30:00+00:00,630.0,630.0,630.0,630.0,1
2026-07-10 12:31:00+00:00,630.0,630.0,630.0,630.0,2
2026-07-10 12:32:00+00:00,629.5,629.5,629.5,629.5,1
2026-07-10 12:33:00+00:00,630.0,630.5,630.0,630.5,3
2026-07-10 12:35:00+00:00,645.0,645.0,644.5,644.5,12
2026-07-10 12:36:00+00:00,631.0,631.0,631.0,631.0,11
2026-07-10 12:39:00+00:00,645.0,645.0,645.0,645.0,9
2026-07-10 12:39:00+00:00,630.5,631.0,630.5,631.0,12
2026-07-10 12:40:00+00:00,644.5,645.5,644.5,645.5,11
2026-07-10 12:40:00+00:00,630.0,633.0,630.0,633.0,34
2026-07-10 12:41:00+00:00,633.0,633.0,633.0,633.0,1
2026-07-10 12:41:00+00:00,647.0,647.5,647.0,647.5,3
2026-07-10 12:44:00+00:00,632.5,632.5,632.5,632.5,1
2026-07-10 13:30:00+00:00,661.0,661.0,661.0,661.0,4
2026-07-10 13:30:00+00:00,634.5,637.5,634.5,637.0,61
2026-07-10 13:30:00+00:00,647.5,651.5,647.5,650.5,29
2026-07-10 13:31:00+00:00,638.0,639.0,636.5,636.5,69
2026-07-10 13:32:00+00:00,636.5,636.5,635.0,635.0,80
2026-07-10 13:33:00+00:00,635.0,635.0,635.0,635.0,13
2026-07-10 13:33:00+00:00,649.0,649.0,649.0,649.0,1
2026-07-10 13:34:00+00:00,635.5,635.5,635.0,635.0,16
2026-07-10 13:34:00+00:00,648.5,648.5,648.5,648.5,10
2026-07-10 13:35:00+00:00,648.5,648.5,648.5,648.5,7
2026-07-10 13:35:00+00:00,635.0,635.0,634.5,635.0,3
2026-07-10 13:36:00+00:00,635.5,635.5,635.0,635.0,2
2026-07-10 13:36:00+00:00,648.5,648.5,648.5,648.5,6
2026-07-10 13:37:00+00:00,635.0,635.0,635.0,635.0,10
2026-07-10 13:38:00+00:00,634.5,634.5,634.5,634.5,10
2026-07-10 13:39:00+00:00,648.0,648.0,648.0,648.0,10
2026-07-10 13:39:00+00:00,634.0,634.0,634.0,634.0,1
2026-07-10 13:40:00+00:00,651.0,651.0,651.0,651.0,1
2026-07-10 13:40:00+00:00,660.5,660.5,660.5,660.5,2
2026-07-10 13:40:00+00:00,635.0,637.0,635.0,637.0,6
2026-07-10 13:41:00+00:00,638.0,638.0,637.5,638.0,7
2026-07-10 13:42:00+00:00,638.0,638.0,638.0,638.0,2
2026-07-10 13:43:00+00:00,638.5,639.0,638.5,639.0,4
2026-07-10 13:45:00+00:00,638.0,638.0,638.0,638.0,1
2026-07-10 13:45:00+00:00,652.0,652.0,652.0,652.0,1
2026-07-10 13:46:00+00:00,639.0,639.0,639.0,639.0,4
2026-07-10 13:47:00+00:00,640.0,640.0,640.0,640.0,4
2026-07-10 13:47:00+00:00,653.5,654.5,653.5,654.5,4
2026-07-10 13:49:00+00:00,653.5,653.5,653.5,653.5,2
2026-07-10 13:49:00+00:00,639.0,640.0,639.0,640.0,8
2026-07-10 13:50:00+00:00,641.0,641.0,641.0,641.0,5
2026-07-10 13:51:00+00:00,641.0,642.5,641.0,642.0,16
2026-07-10 13:53:00+00:00,642.0,642.0,642.0,642.0,1
2026-07-10 13:54:00+00:00,655.0,655.0,655.0,655.0,1
2026-07-10 13:54:00+00:00,641.5,641.5,641.5,641.5,1
2026-07-10 13:55:00+00:00,642.0,642.0,641.0,641.0,10
2026-07-10 13:55:00+00:00,655.0,655.0,655.0,655.0,1
2026-07-10 13:56:00+00:00,640.5,640.5,640.5,640.5,8
2026-07-10 13:56:00+00:00,654.0,654.0,654.0,654.0,1
2026-07-10 13:57:00+00:00,640.5,641.0,640.0,641.0,6
2026-07-10 13:58:00+00:00,654.0,654.0,654.0,654.0,1
2026-07-10 13:59:00+00:00,642.0,642.0,642.0,642.0,1
2026-07-10 14:00:00+00:00,641.5,641.5,641.5,641.5,1
2026-07-10 14:00:00+00:00,654.0,654.0,654.0,654.0,2
2026-07-10 14:01:00+00:00,655.0,655.0,655.0,655.0,2
2026-07-10 14:01:00+00:00,642.0,642.0,642.0,642.0,1
2026-07-10 14:02:00+00:00,642.0,642.0,642.0,642.0,5
2026-07-10 14:03:00+00:00,642.0,642.0,642.0,642.0,1
2026-07-10 14:04:00+00:00,642.0,642.0,641.5,641.5,6
2026-07-10 14:05:00+00:00,642.0,642.0,642.0,642.0,2
2026-07-10 14:06:00+00:00,642.0,642.0,641.5,641.5,6
2026-07-10 14:07:00+00:00,641.0,641.0,640.5,640.5,5
2026-07-10 14:08:00+00:00,640.5,640.5,640.5,640.5,2
2026-07-10 14:09:00+00:00,641.0,641.0,641.0,641.0,1
2026-07-10 14:10:00+00:00,641.5,641.5,641.0,641.0,3
2026-07-10 14:11:00+00:00,641.0,642.0,641.0,642.0,3
2026-07-10 14:12:00+00:00,642.5,642.5,642.0,642.0,5
2026-07-10 14:14:00+00:00,641.5,641.5,641.0,641.0,4
2026-07-10 14:15:00+00:00,641.5,641.5,641.5,641.5,3
2026-07-10 14:16:00+00:00,642.0,642.0,641.5,641.5,5
2026-07-10 14:17:00+00:00,641.5,641.5,641.5,641.5,3
2026-07-10 14:18:00+00:00,641.5,641.5,641.0,641.0,3
2026-07-10 14:19:00+00:00,640.5,640.5,640.5,640.5,2
2026-07-10 14:20:00+00:00,641.0,641.0,641.0,641.0,1
2026-07-10 14:21:00+00:00,641.0,642.0,641.0,642.0,7
2026-07-10 14:22:00+00:00,641.5,641.5,641.5,641.5,1
2026-07-10 14:23:00+00:00,641.0,641.0,641.0,641.0,2
2026-07-10 14:24:00+00:00,640.5,640.5,639.5,639.5,5
2026-07-10 14:26:00+00:00,640.0,640.0,640.0,640.0,1
2026-07-10 14:27:00+00:00,640.0,640.5,640.0,640.5,11
2026-07-10 14:27:00+00:00,653.5,653.5,653.5,653.5,2
2026-07-10 14:28:00+00:00,655.0,655.0,655.0,655.0,2
2026-07-10 14:28:00+00:00,641.0,641.5,641.0,641.0,6
2026-07-10 14:30:00+00:00,666.0,666.0,666.0,666.0,2
2026-07-10 14:30:00+00:00,-11.5,-11.5,-11.5,-11.5,2
2026-07-10 14:30:00+00:00,654.5,654.5,654.5,654.5,2
2026-07-10 14:31:00+00:00,640.5,640.5,640.5,640.5,2
2026-07-10 14:32:00+00:00,641.5,643.0,641.5,643.0,9
2026-07-10 14:32:00+00:00,655.0,655.0,655.0,655.0,2
2026-07-10 14:34:00+00:00,642.0,642.5,642.0,642.5,3
2026-07-10 14:35:00+00:00,641.5,641.5,641.0,641.5,7
2026-07-10 14:35:00+00:00,654.0,654.0,654.0,654.0,4
2026-07-10 14:36:00+00:00,657.0,657.0,657.0,657.0,1
2026-07-10 14:36:00+00:00,642.0,643.0,642.0,642.5,8
2026-07-10 14:37:00+00:00,643.0,643.0,642.5,643.0,5
2026-07-10 14:38:00+00:00,643.0,643.0,643.0,643.0,1
2026-07-10 14:39:00+00:00,643.0,643.5,643.0,643.5,4
2026-07-10 14:41:00+00:00,643.0,644.0,643.0,644.0,5
2026-07-10 14:41:00+00:00,669.0,669.0,669.0,669.0,1
2026-07-10 14:42:00+00:00,644.5,645.0,644.0,644.0,10
2026-07-10 14:42:00+00:00,658.0,658.0,658.0,658.0,1
2026-07-10 14:43:00+00:00,645.0,645.0,645.0,645.0,3
2026-07-10 14:44:00+00:00,645.5,645.5,645.5,645.5,1
2026-07-10 14:45:00+00:00,645.5,645.5,645.5,645.5,5
2026-07-10 14:46:00+00:00,645.0,645.5,645.0,645.5,5
2026-07-10 14:47:00+00:00,645.5,645.5,645.5,645.5,4
2026-07-10 14:48:00+00:00,646.0,646.0,646.0,646.0,3
2026-07-10 14:49:00+00:00,645.5,645.5,645.5,645.5,1
2026-07-10 14:50:00+00:00,646.0,646.0,645.5,645.5,3
2026-07-10 14:52:00+00:00,645.5,645.5,645.5,645.5,2
2026-07-10 14:53:00+00:00,645.0,645.0,644.5,644.5,6
2026-07-10 14:55:00+00:00,644.5,644.5,644.5,644.5,4
2026-07-10 14:56:00+00:00,645.5,645.5,645.5,645.5,2
2026-07-10 14:57:00+00:00,645.5,645.5,645.5,645.5,1
2026-07-10 14:59:00+00:00,644.5,644.5,644.5,644.5,4
2026-07-10 15:01:00+00:00,645.0,645.0,645.0,645.0,2
2026-07-10 15:02:00+00:00,645.5,645.5,645.5,645.5,3
2026-07-10 15:06:00+00:00,645.5,645.5,645.5,645.5,1
2026-07-10 15:07:00+00:00,646.0,646.5,646.0,646.5,4
2026-07-10 15:08:00+00:00,646.5,646.5,646.5,646.5,1
2026-07-10 15:10:00+00:00,646.0,646.0,646.0,646.0,2
2026-07-10 15:14:00+00:00,646.0,646.0,645.5,645.5,17
2026-07-10 15:14:00+00:00,659.5,659.5,659.0,659.0,10
2026-07-10 15:15:00+00:00,645.5,645.5,645.5,645.5,2
2026-07-10 15:16:00+00:00,645.0,645.0,645.0,645.0,4
2026-07-10 15:18:00+00:00,645.0,645.0,645.0,645.0,2
2026-07-10 15:19:00+00:00,644.5,644.5,644.5,644.5,2
2026-07-10 15:20:00+00:00,645.5,645.5,645.5,645.5,2
2026-07-10 15:21:00+00:00,645.5,645.5,645.5,645.5,3
2026-07-10 15:23:00+00:00,646.0,646.0,646.0,646.0,2
2026-07-10 15:25:00+00:00,646.5,646.5,646.5,646.5,3
2026-07-10 15:29:00+00:00,647.0,647.0,647.0,647.0,3
2026-07-10 15:31:00+00:00,647.0,647.0,647.0,647.0,1
2026-07-10 15:33:00+00:00,646.5,646.5,646.5,646.5,1
2026-07-10 15:34:00+00:00,647.0,647.0,647.0,647.0,1
2026-07-10 15:38:00+00:00,646.0,647.0,646.0,647.0,5
2026-07-10 15:39:00+00:00,647.0,647.0,647.0,647.0,1
2026-07-10 15:40:00+00:00,647.5,647.5,647.5,647.5,1
2026-07-10 15:41:00+00:00,646.5,646.5,646.5,646.5,1
2026-07-10 15:42:00+00:00,647.0,647.0,647.0,647.0,2
2026-07-10 15:43:00+00:00,646.5,646.5,646.5,646.5,1
2026-07-10 15:44:00+00:00,647.0,647.0,647.0,647.0,4
2026-07-10 15:45:00+00:00,647.5,647.5,647.5,647.5,1
2026-07-10 15:46:00+00:00,648.0,648.5,648.0,648.5,3
2026-07-10 15:47:00+00:00,649.0,649.0,649.0,649.0,8
2026-07-10 15:50:00+00:00,648.5,649.0,648.5,649.0,2
2026-07-10 15:51:00+00:00,649.5,649.5,649.5,649.5,1
2026-07-10 15:56:00+00:00,646.0,646.0,645.5,645.5,5
2026-07-10 15:57:00+00:00,645.5,645.5,645.5,645.5,3
2026-07-10 15:58:00+00:00,646.0,646.0,644.5,644.5,8
2026-07-10 15:59:00+00:00,644.0,644.0,644.0,644.0,6
2026-07-10 15:59:00+00:00,657.5,657.5,657.5,657.5,2
2026-07-10 16:00:00+00:00,645.0,646.0,641.0,641.5,9
2026-07-10 16:00:00+00:00,658.5,658.5,658.5,658.5,2
2026-07-10 16:01:00+00:00,644.0,646.0,643.5,646.0,4
2026-07-10 16:01:00+00:00,666.0,666.0,666.0,666.0,1
2026-07-10 16:02:00+00:00,646.0,646.0,644.0,644.0,2
2026-07-10 16:04:00+00:00,644.5,644.5,644.5,644.5,2
2026-07-10 16:05:00+00:00,643.0,644.0,643.0,644.0,7
2026-07-10 16:06:00+00:00,643.5,643.5,643.5,643.5,1
2026-07-10 16:07:00+00:00,657.5,657.5,657.5,657.5,2
2026-07-10 16:07:00+00:00,644.0,644.0,644.0,644.0,1
2026-07-10 16:08:00+00:00,643.5,643.5,643.0,643.0,2
2026-07-10 16:09:00+00:00,642.0,643.0,642.0,642.0,3
2026-07-10 16:10:00+00:00,642.0,642.0,642.0,642.0,1
2026-07-10 16:11:00+00:00,641.0,644.0,641.0,644.0,3
2026-07-10 16:12:00+00:00,644.0,644.0,644.0,644.0,1
2026-07-10 16:13:00+00:00,644.0,644.0,644.0,644.0,2
2026-07-10 16:14:00+00:00,643.0,643.0,643.0,643.0,2
2026-07-10 16:15:00+00:00,644.0,644.0,644.0,644.0,2
2026-07-10 16:18:00+00:00,644.0,644.0,644.0,644.0,1
2026-07-10 16:20:00+00:00,643.0,644.0,643.0,644.0,3
2026-07-10 16:23:00+00:00,644.0,644.0,644.0,644.0,2
2026-07-10 16:26:00+00:00,643.0,643.0,643.0,643.0,1
2026-07-10 16:27:00+00:00,643.0,643.0,642.5,642.5,2
2026-07-10 16:28:00+00:00,642.0,642.0,641.5,641.5,2
2026-07-10 16:29:00+00:00,641.5,641.5,641.5,641.5,1
2026-07-10 16:30:00+00:00,641.0,641.0,641.0,641.0,1
2026-07-10 16:34:00+00:00,640.5,640.5,640.5,640.5,1
2026-07-10 16:36:00+00:00,655.0,655.0,655.0,655.0,2
2026-07-10 16:37:00+00:00,653.5,653.5,653.5,653.5,6
2026-07-10 16:38:00+00:00,639.5,639.5,639.5,639.5,1
2026-07-10 16:39:00+00:00,640.0,640.0,640.0,640.0,3
2026-07-10 16:42:00+00:00,642.0,642.0,642.0,642.0,2
2026-07-10 16:44:00+00:00,640.5,640.5,638.0,638.0,12
2026-07-10 16:45:00+00:00,653.0,653.0,653.0,653.0,10
2026-07-10 16:48:00+00:00,640.5,640.5,640.5,640.5,1
2026-07-10 16:53:00+00:00,640.5,640.5,640.5,640.5,1
2026-07-10 16:53:00+00:00,654.5,654.5,654.5,654.5,2
2026-07-10 17:00:00+00:00,639.0,639.0,639.0,639.0,2
2026-07-10 17:02:00+00:00,640.0,640.0,640.0,640.0,1
2026-07-10 17:03:00+00:00,639.5,640.0,639.5,640.0,2
2026-07-10 17:06:00+00:00,641.0,641.0,641.0,641.0,2
2026-07-10 17:09:00+00:00,640.5,640.5,640.5,640.5,2
2026-07-10 17:17:00+00:00,641.5,641.5,641.5,641.5,1
2026-07-10 17:20:00+00:00,641.5,641.5,641.5,641.5,1
2026-07-10 17:28:00+00:00,640.5,640.5,640.5,640.5,1
2026-07-10 17:29:00+00:00,640.0,640.0,639.0,639.0,3
2026-07-10 17:30:00+00:00,639.0,639.0,639.0,639.0,2
2026-07-10 17:31:00+00:00,639.0,639.0,639.0,639.0,1
2026-07-10 17:32:00+00:00,637.0,637.0,637.0,637.0,2
2026-07-10 17:33:00+00:00,637.0,637.0,637.0,637.0,2
2026-07-10 17:34:00+00:00,636.5,636.5,636.5,636.5,1
2026-07-10 17:37:00+00:00,636.5,636.5,636.5,636.5,3
2026-07-10 17:40:00+00:00,650.0,650.0,650.0,650.0,2
2026-07-10 17:40:00+00:00,636.0,636.0,636.0,636.0,14
2026-07-10 17:42:00+00:00,636.0,636.0,636.0,636.0,2
2026-07-10 17:46:00+00:00,637.0,637.0,637.0,637.0,1
2026-07-10 17:48:00+00:00,636.0,636.0,636.0,636.0,1
2026-07-10 17:48:00+00:00,650.0,650.0,650.0,650.0,1
2026-07-10 17:57:00+00:00,637.5,637.5,637.5,637.5,6
2026-07-10 18:01:00+00:00,638.5,639.0,638.5,639.0,2
2026-07-10 18:03:00+00:00,640.0,640.0,640.0,640.0,1
2026-07-10 18:05:00+00:00,639.5,639.5,639.5,639.5,1
2026-07-10 18:06:00+00:00,640.0,640.0,640.0,640.0,1
2026-07-10 18:07:00+00:00,640.0,640.0,640.0,640.0,5
2026-07-10 18:09:00+00:00,640.0,640.0,640.0,640.0,4
2026-07-10 18:10:00+00:00,641.0,641.0,641.0,641.0,1
2026-07-10 18:11:00+00:00,641.5,641.5,641.5,641.5,5
2026-07-10 18:15:00+00:00,-14.0,-14.0,-14.0,-14.0,4
2026-07-10 18:15:00+00:00,640.0,640.0,640.0,640.0,7
2026-07-10 18:15:00+00:00,654.0,654.0,654.0,654.0,4
2026-07-10 18:17:00+00:00,639.5,639.5,639.5,639.5,1
2026-07-13 00:00:00+00:00,664.0,664.0,664.0,664.0,2
2026-07-13 00:00:00+00:00,646.5,650.0,642.0,650.0,37
2026-07-13 00:01:00+00:00,663.0,663.0,663.0,663.0,2
2026-07-13 00:01:00+00:00,648.5,649.0,648.5,649.0,19
2026-07-13 00:04:00+00:00,652.0,652.0,650.5,650.5,9
2026-07-13 00:04:00+00:00,665.5,665.5,665.5,665.5,2
2026-07-13 00:04:00+00:00,-11.5,-11.5,-11.5,-11.5,2
2026-07-13 00:04:00+00:00,677.0,677.0,677.0,677.0,2
2026-07-13 00:05:00+00:00,649.5,650.0,649.5,650.0,3
2026-07-13 00:06:00+00:00,650.0,650.0,650.0,650.0,2
2026-07-13 00:08:00+00:00,650.0,650.0,650.0,650.0,2
2026-07-13 00:10:00+00:00,650.0,650.0,650.0,650.0,1
2026-07-13 00:12:00+00:00,651.0,651.0,651.0,651.0,3
2026-07-13 00:14:00+00:00,652.0,652.0,652.0,652.0,20
2026-07-13 00:17:00+00:00,652.0,652.0,652.0,652.0,12
2026-07-13 00:18:00+00:00,651.5,651.5,651.5,651.5,3
2026-07-13 00:19:00+00:00,651.5,651.5,651.5,651.5,1
2026-07-13 00:22:00+00:00,651.5,651.5,651.5,651.5,2
2026-07-13 00:25:00+00:00,664.5,664.5,664.5,664.5,4
2026-07-13 00:28:00+00:00,651.0,651.5,651.0,651.5,2
2026-07-13 00:28:00+00:00,-14.0,-14.0,-14.0,-14.0,1
2026-07-13 00:28:00+00:00,665.5,665.5,665.5,665.5,1
2026-07-13 00:30:00+00:00,650.5,650.5,650.5,650.5,1
2026-07-13 00:31:00+00:00,651.0,651.0,651.0,651.0,1
2026-07-13 00:33:00+00:00,652.0,652.0,652.0,652.0,1
2026-07-13 00:34:00+00:00,651.5,651.5,651.5,651.5,2
2026-07-13 00:40:00+00:00,651.0,651.0,651.0,651.0,10
2026-07-13 00:45:00+00:00,664.5,664.5,664.5,664.5,2
2026-07-13 00:47:00+00:00,650.0,650.0,649.0,649.0,5
2026-07-13 01:01:00+00:00,661.5,661.5,661.5,661.5,14
2026-07-13 01:01:00+00:00,647.5,647.5,647.5,647.5,11
2026-07-13 01:15:00+00:00,646.0,646.0,646.0,646.0,1
2026-07-13 01:21:00+00:00,646.5,646.5,646.5,646.5,1
2026-07-13 01:23:00+00:00,646.5,646.5,646.5,646.5,1
2026-07-13 01:25:00+00:00,646.0,646.0,646.0,646.0,1
2026-07-13 01:30:00+00:00,646.5,646.5,646.5,646.5,1
2026-07-13 01:54:00+00:00,646.0,646.0,646.0,646.0,3
2026-07-13 02:08:00+00:00,646.5,646.5,646.5,646.5,4
2026-07-13 02:26:00+00:00,647.5,647.5,647.5,647.5,1
2026-07-13 03:05:00+00:00,646.0,646.0,646.0,646.0,2
2026-07-13 03:09:00+00:00,646.5,646.5,646.5,646.5,1
2026-07-13 03:17:00+00:00,645.5,645.5,645.5,645.5,1
2026-07-13 03:20:00+00:00,645.5,645.5,645.5,645.5,1
2026-07-13 03:32:00+00:00,645.0,645.0,645.0,645.0,1
2026-07-13 03:34:00+00:00,645.5,645.5,645.5,645.5,1
2026-07-13 03:40:00+00:00,659.0,659.0,659.0,659.0,3
2026-07-13 04:11:00+00:00,643.5,643.5,643.5,643.5,1
2026-07-13 04:24:00+00:00,643.5,643.5,643.5,643.5,1
2026-07-13 04:28:00+00:00,643.5,643.5,643.5,643.5,11
2026-07-13 04:28:00+00:00,-14.0,-14.0,-14.0,-14.0,2
2026-07-13 04:28:00+00:00,657.5,657.5,657.5,657.5,2
2026-07-13 04:48:00+00:00,643.0,643.5,643.0,643.5,15
2026-07-13 05:02:00+00:00,644.0,644.0,644.0,644.0,3
2026-07-13 05:06:00+00:00,644.5,644.5,644.5,644.5,3
2026-07-13 05:06:00+00:00,659.0,659.0,659.0,659.0,8
2026-07-13 05:08:00+00:00,645.5,645.5,645.5,645.5,2
2026-07-13 05:28:00+00:00,644.5,644.5,644.5,644.5,1
2026-07-13 05:34:00+00:00,644.5,644.5,644.0,644.0,3
2026-07-13 05:44:00+00:00,658.0,658.0,658.0,658.0,4
2026-07-13 05:44:00+00:00,644.0,644.0,644.0,644.0,16
2026-07-13 05:56:00+00:00,643.0,643.0,643.0,643.0,14
2026-07-13 06:01:00+00:00,642.5,642.5,642.5,642.5,1
2026-07-13 06:08:00+00:00,642.5,642.5,642.5,642.5,2
2026-07-13 06:12:00+00:00,642.0,642.0,642.0,642.0,1
2026-07-13 06:13:00+00:00,641.5,641.5,641.5,641.5,3
2026-07-13 06:15:00+00:00,-14.0,-14.0,-14.0,-14.0,1
2026-07-13 06:15:00+00:00,642.0,642.0,642.0,642.0,3
2026-07-13 06:15:00+00:00,656.0,656.0,656.0,656.0,1
2026-07-13 06:17:00+00:00,642.0,642.0,642.0,642.0,4
2026-07-13 06:40:00+00:00,654.0,654.0,654.0,654.0,2
2026-07-13 06:40:00+00:00,-14.0,-14.0,-14.0,-14.0,2
2026-07-13 06:40:00+00:00,640.0,640.0,640.0,640.0,2
2026-07-13 07:03:00+00:00,640.0,640.0,640.0,640.0,2
2026-07-13 07:06:00+00:00,654.0,654.0,654.0,654.0,2
2026-07-13 07:29:00+00:00,639.0,639.0,639.0,639.0,1
2026-07-13 08:03:00+00:00,641.0,641.0,641.0,641.0,4
2026-07-13 08:28:00+00:00,641.0,641.0,641.0,641.0,14
2026-07-13 08:28:00+00:00,655.0,655.0,655.0,655.0,10
2026-07-13 08:28:00+00:00,-11.5,-11.5,-11.5,-11.5,2
2026-07-13 08:28:00+00:00,666.5,666.5,666.5,666.5,2
2026-07-13 08:29:00+00:00,654.5,654.5,654.5,654.5,13
2026-07-13 08:30:00+00:00,654.5,654.5,654.5,654.5,1
2026-07-13 08:39:00+00:00,641.0,641.0,641.0,641.0,2
2026-07-13 08:43:00+00:00,641.0,641.0,641.0,641.0,2
2026-07-13 08:44:00+00:00,654.0,654.0,654.0,654.0,17
2026-07-13 08:44:00+00:00,640.0,640.0,640.0,640.0,4
2026-07-13 08:52:00+00:00,637.0,637.0,637.0,637.0,1
2026-07-13 08:55:00+00:00,638.0,638.0,637.5,637.5,2
2026-07-13 08:56:00+00:00,651.5,651.5,651.5,651.5,2
2026-07-13 08:56:00+00:00,637.5,637.5,637.5,637.5,2
2026-07-13 09:23:00+00:00,653.0,653.0,653.0,653.0,6
2026-07-13 09:23:00+00:00,639.0,639.0,638.5,638.5,5
2026-07-13 09:34:00+00:00,638.5,638.5,638.5,638.5,1
2026-07-13 09:45:00+00:00,637.5,637.5,637.5,637.5,1
2026-07-13 09:49:00+00:00,636.5,636.5,636.5,636.5,2
2026-07-13 10:02:00+00:00,652.0,652.0,652.0,652.0,4
2026-07-13 10:12:00+00:00,637.0,637.0,637.0,637.0,2
2026-07-13 10:20:00+00:00,637.5,637.5,637.5,637.5,2
2026-07-13 10:22:00+00:00,637.5,637.5,637.5,637.5,1
2026-07-13 10:24:00+00:00,638.0,638.0,638.0,638.0,12
2026-07-13 10:58:00+00:00,665.5,665.5,665.5,665.5,1
2026-07-13 11:01:00+00:00,652.0,652.0,652.0,652.0,2
2026-07-13 11:20:00+00:00,638.5,638.5,638.5,638.5,3
2026-07-13 11:20:00+00:00,653.0,653.0,653.0,653.0,2
2026-07-13 11:23:00+00:00,638.5,638.5,638.5,638.5,1
2026-07-13 11:37:00+00:00,639.5,639.5,639.5,639.5,2
2026-07-13 11:40:00+00:00,639.5,639.5,639.5,639.5,1
2026-07-13 11:41:00+00:00,640.0,640.0,640.0,640.0,1
2026-07-13 11:46:00+00:00,638.0,638.0,638.0,638.0,1
2026-07-13 11:55:00+00:00,639.0,639.0,639.0,639.0,2
2026-07-13 12:17:00+00:00,640.0,640.0,640.0,640.0,5
2026-07-13 12:21:00+00:00,639.0,639.5,639.0,639.5,10
2026-07-13 12:22:00+00:00,639.5,639.5,639.5,639.5,1
2026-07-13 12:24:00+00:00,638.5,638.5,638.5,638.5,3
2026-07-13 12:25:00+00:00,653.5,653.5,653.5,653.5,2
2026-07-13 12:35:00+00:00,654.0,654.0,654.0,654.0,2
2026-07-13 12:35:00+00:00,639.5,640.0,639.5,640.0,3
2026-07-13 12:38:00+00:00,638.5,638.5,638.5,638.5,1
2026-07-13 12:43:00+00:00,652.0,652.0,652.0,652.0,1
2026-07-13 12:44:00+00:00,652.5,652.5,652.5,652.5,4
2026-07-13 13:30:00+00:00,650.5,650.5,650.5,650.5,1
2026-07-13 13:30:00+00:00,637.0,637.5,636.0,637.5,13
2026-07-13 13:31:00+00:00,637.5,637.5,637.0,637.0,41
2026-07-13 13:36:00+00:00,637.0,637.0,637.0,637.0,1
2026-07-13 13:38:00+00:00,636.5,636.5,636.5,636.5,3
2026-07-13 13:38:00+00:00,652.0,652.0,652.0,652.0,2
2026-07-13 13:40:00+00:00,639.0,639.0,639.0,639.0,1
2026-07-13 13:43:00+00:00,654.5,654.5,654.5,654.5,3
2026-07-13 13:44:00+00:00,641.0,641.0,641.0,641.0,2
2026-07-13 13:45:00+00:00,668.0,668.0,668.0,668.0,2
2026-07-13 13:48:00+00:00,639.0,639.0,639.0,639.0,1
2026-07-13 13:52:00+00:00,652.5,652.5,652.5,652.5,2
2026-07-13 13:53:00+00:00,637.0,637.0,636.5,636.5,5
2026-07-13 13:54:00+00:00,637.0,637.0,637.0,637.0,2
2026-07-13 13:55:00+00:00,636.5,636.5,636.5,636.5,2
2026-07-13 13:58:00+00:00,635.0,635.5,634.5,635.5,7
2026-07-13 13:59:00+00:00,635.5,637.0,635.5,637.0,2
2026-07-13 14:00:00+00:00,636.5,636.5,636.5,636.5,1
2026-07-13 14:01:00+00:00,636.0,636.0,636.0,636.0,2
2026-07-13 14:03:00+00:00,652.0,652.0,652.0,652.0,2
2026-07-13 14:04:00+00:00,635.5,635.5,635.5,635.5,1
2026-07-13 14:05:00+00:00,634.5,634.5,634.5,634.5,1
2026-07-13 14:06:00+00:00,633.5,633.5,633.5,633.5,6
2026-07-13 14:08:00+00:00,635.0,635.0,635.0,635.0,4
2026-07-13 14:11:00+00:00,651.5,651.5,651.5,651.5,2
2026-07-13 14:21:00+00:00,636.5,636.5,636.5,636.5,2
2026-07-13 14:23:00+00:00,636.0,636.0,636.0,636.0,1
2026-07-13 14:27:00+00:00,637.0,637.0,637.0,637.0,3
2026-07-13 14:31:00+00:00,638.0,638.5,638.0,638.5,7
2026-07-13 14:32:00+00:00,639.0,640.0,639.0,640.0,22
2026-07-13 14:32:00+00:00,654.0,655.0,654.0,655.0,10
2026-07-13 14:43:00+00:00,667.5,667.5,667.5,667.5,1
2026-07-13 14:47:00+00:00,640.0,640.0,640.0,640.0,1
2026-07-13 14:52:00+00:00,639.5,639.5,639.5,639.5,2
2026-07-13 14:58:00+00:00,638.5,638.5,638.5,638.5,2
2026-07-13 15:02:00+00:00,640.0,640.0,640.0,640.0,2
2026-07-13 15:06:00+00:00,667.5,667.5,667.5,667.5,2
2026-07-13 15:16:00+00:00,638.5,638.5,638.5,638.5,2
2026-07-13 15:25:00+00:00,638.5,638.5,638.5,638.5,1
2026-07-13 15:27:00+00:00,638.5,638.5,638.5,638.5,1
2026-07-13 15:38:00+00:00,637.5,637.5,637.0,637.0,3
2026-07-13 15:43:00+00:00,637.0,637.0,637.0,637.0,3
2026-07-13 15:52:00+00:00,640.0,640.0,640.0,640.0,1
2026-07-13 15:54:00+00:00,655.5,655.5,655.5,655.5,3
2026-07-13 15:59:00+00:00,640.0,640.0,640.0,640.0,1
2026-07-13 16:00:00+00:00,639.5,639.5,639.5,639.5,1
2026-07-13 16:01:00+00:00,641.0,641.5,641.0,641.5,4
2026-07-13 16:02:00+00:00,641.5,641.5,641.5,641.5,1
2026-07-13 16:06:00+00:00,641.0,641.0,641.0,641.0,1
2026-07-13 16:15:00+00:00,638.0,638.0,638.0,638.0,2
2026-07-13 16:21:00+00:00,638.5,638.5,638.5,638.5,1
2026-07-13 16:27:00+00:00,638.5,638.5,638.5,638.5,1
2026-07-13 16:31:00+00:00,639.5,639.5,639.5,639.5,1
2026-07-13 16:35:00+00:00,638.5,638.5,638.5,638.5,3
2026-07-13 17:00:00+00:00,637.0,637.0,637.0,637.0,1
2026-07-13 17:30:00+00:00,637.0,637.0,637.0,637.0,1
2026-07-13 17:34:00+00:00,635.5,636.0,635.5,636.0,2
2026-07-13 17:37:00+00:00,635.5,635.5,635.5,635.5,1
2026-07-13 17:38:00+00:00,650.0,650.0,650.0,650.0,10
2026-07-13 17:41:00+00:00,636.0,636.0,636.0,636.0,1
2026-07-13 17:51:00+00:00,636.0,636.5,636.0,636.5,2
2026-07-13 17:53:00+00:00,636.5,636.5,636.5,636.5,2
2026-07-13 17:57:00+00:00,637.0,637.0,637.0,637.0,1
2026-07-13 17:58:00+00:00,637.5,637.5,637.5,637.5,1
2026-07-13 17:59:00+00:00,637.0,637.0,637.0,637.0,6
2026-07-13 18:03:00+00:00,637.0,637.0,637.0,637.0,2
2026-07-13 18:05:00+00:00,636.5,636.5,636.5,636.5,1
2026-07-13 18:10:00+00:00,636.0,636.0,636.0,636.0,1
2026-07-13 18:11:00+00:00,636.5,636.5,636.0,636.0,2
2026-07-13 18:12:00+00:00,636.0,636.0,635.5,635.5,2
2026-07-13 18:13:00+00:00,636.0,636.0,636.0,636.0,1
2026-07-13 18:14:00+00:00,635.0,635.0,635.0,635.0,1
2026-07-13 18:16:00+00:00,662.5,662.5,662.5,662.5,4
2026-07-13 18:17:00+00:00,635.0,635.0,635.0,635.0,5
2026-07-13 18:18:00+00:00,635.0,635.0,635.0,635.0,1
2026-07-14 00:00:00+00:00,635.0,635.0,631.0,633.0,8
2026-07-14 00:01:00+00:00,634.0,634.0,634.0,634.0,1
2026-07-14 00:06:00+00:00,634.0,634.0,634.0,634.0,1
2026-07-14 00:07:00+00:00,634.5,634.5,634.5,634.5,6
2026-07-14 00:19:00+00:00,633.0,633.0,633.0,633.0,4
2026-07-14 00:19:00+00:00,648.0,648.0,648.0,648.0,6
2026-07-14 00:28:00+00:00,633.0,633.0,633.0,633.0,5
2026-07-14 00:55:00+00:00,635.5,635.5,635.5,635.5,1
2026-07-14 00:58:00+00:00,637.0,637.5,637.0,637.5,7
2026-07-14 01:02:00+00:00,638.0,638.0,638.0,638.0,1
2026-07-14 01:03:00+00:00,638.5,638.5,638.5,638.5,2
2026-07-14 01:04:00+00:00,637.5,637.5,637.5,637.5,1
2026-07-14 01:08:00+00:00,636.5,636.5,636.5,636.5,1
2026-07-14 01:11:00+00:00,636.5,636.5,636.5,636.5,2
2026-07-14 01:13:00+00:00,636.0,636.0,636.0,636.0,1
2026-07-14 01:14:00+00:00,636.5,636.5,636.5,636.5,1
2026-07-14 01:21:00+00:00,636.5,636.5,636.5,636.5,1
2026-07-14 01:28:00+00:00,652.0,652.0,652.0,652.0,3
2026-07-14 01:33:00+00:00,636.0,636.0,636.0,636.0,3
2026-07-14 01:48:00+00:00,636.0,636.0,636.0,636.0,1
2026-07-14 01:52:00+00:00,635.5,635.5,635.5,635.5,4
2026-07-14 02:21:00+00:00,635.0,635.0,635.0,635.0,1
2026-07-14 02:39:00+00:00,635.0,635.0,635.0,635.0,1
2026-07-14 03:24:00+00:00,636.5,636.5,636.5,636.5,2
2026-07-14 03:24:00+00:00,652.0,652.0,652.0,652.0,2
2026-07-14 03:26:00+00:00,638.0,638.0,638.0,638.0,2
2026-07-14 03:37:00+00:00,637.5,637.5,637.5,637.5,2
2026-07-14 04:22:00+00:00,651.5,651.5,651.5,651.5,1
2026-07-14 04:45:00+00:00,639.0,639.0,639.0,639.0,1
2026-07-14 04:50:00+00:00,653.5,653.5,653.5,653.5,1
2026-07-14 05:11:00+00:00,637.0,637.0,637.0,637.0,2
2026-07-14 05:12:00+00:00,637.0,637.0,637.0,637.0,1
2026-07-14 05:13:00+00:00,637.0,637.0,637.0,637.0,1
2026-07-14 05:30:00+00:00,636.0,636.0,636.0,636.0,2
2026-07-14 05:51:00+00:00,635.5,635.5,635.5,635.5,2
2026-07-14 06:03:00+00:00,662.5,662.5,662.5,662.5,1
2026-07-14 06:27:00+00:00,638.0,638.0,638.0,638.0,2
2026-07-14 06:28:00+00:00,638.5,638.5,638.5,638.5,2
2026-07-14 06:28:00+00:00,653.0,653.0,653.0,653.0,2
2026-07-14 06:32:00+00:00,637.5,637.5,637.5,637.5,2
2026-07-14 06:35:00+00:00,637.5,637.5,637.5,637.5,10
2026-07-14 06:35:00+00:00,652.0,652.0,652.0,652.0,11
2026-07-14 06:37:00+00:00,651.5,651.5,651.5,651.5,3
2026-07-14 06:39:00+00:00,652.0,652.0,652.0,652.0,1
2026-07-14 06:46:00+00:00,637.0,637.0,637.0,637.0,1
2026-07-14 06:47:00+00:00,637.0,637.0,637.0,637.0,1
2026-07-14 06:48:00+00:00,636.5,637.0,636.5,637.0,5
2026-07-14 06:58:00+00:00,636.5,636.5,636.5,636.5,1
2026-07-14 06:59:00+00:00,636.0,636.0,635.5,635.5,2
2026-07-14 07:02:00+00:00,662.0,662.0,662.0,662.0,6
2026-07-14 07:02:00+00:00,635.5,635.5,635.5,635.5,2
2026-07-14 07:02:00+00:00,650.0,650.0,650.0,650.0,23
2026-07-14 07:05:00+00:00,635.0,635.0,635.0,635.0,1
2026-07-14 07:13:00+00:00,634.0,634.0,633.5,633.5,10
2026-07-14 07:13:00+00:00,660.5,660.5,660.5,660.5,6
2026-07-14 07:13:00+00:00,648.5,648.5,648.5,648.5,10
2026-07-14 07:14:00+00:00,648.5,648.5,648.5,648.5,3
2026-07-14 07:15:00+00:00,634.5,634.5,634.5,634.5,1
2026-07-14 07:24:00+00:00,649.0,649.0,649.0,649.0,2
2026-07-14 07:27:00+00:00,634.5,634.5,634.5,634.5,1
2026-07-14 07:28:00+00:00,634.5,634.5,634.5,634.5,1
2026-07-14 07:32:00+00:00,648.5,648.5,648.5,648.5,9
2026-07-14 07:40:00+00:00,633.5,633.5,633.5,633.5,2
2026-07-14 07:45:00+00:00,661.5,661.5,661.5,661.5,3
2026-07-14 07:47:00+00:00,661.5,661.5,661.5,661.5,3
2026-07-14 07:52:00+00:00,634.5,634.5,634.5,634.5,3
2026-07-14 07:52:00+00:00,649.0,649.0,649.0,649.0,6
2026-07-14 07:53:00+00:00,634.5,634.5,634.5,634.5,3
2026-07-14 07:53:00+00:00,649.0,649.0,649.0,649.0,3
2026-07-14 08:13:00+00:00,634.0,634.0,634.0,634.0,3
2026-07-14 08:13:00+00:00,-14.5,-14.5,-14.5,-14.5,1
2026-07-14 08:13:00+00:00,648.5,648.5,648.5,648.5,1
2026-07-14 08:29:00+00:00,632.5,632.5,632.5,632.5,1
2026-07-14 08:44:00+00:00,634.0,634.0,634.0,634.0,2
2026-07-14 08:57:00+00:00,636.5,636.5,636.5,636.5,1
2026-07-14 09:06:00+00:00,637.0,637.5,637.0,637.5,3
2026-07-14 09:45:00+00:00,650.0,650.0,649.5,649.5,16
2026-07-14 09:45:00+00:00,635.0,635.0,635.0,635.0,1
2026-07-14 09:48:00+00:00,634.0,634.0,634.0,634.0,1
2026-07-14 10:15:00+00:00,635.0,635.0,634.0,634.0,2
2026-07-14 10:16:00+00:00,634.0,634.0,633.0,633.0,11
2026-07-14 10:16:00+00:00,660.5,660.5,660.5,660.5,2
2026-07-14 10:17:00+00:00,633.0,633.0,633.0,633.0,11
2026-07-14 10:17:00+00:00,660.0,660.0,660.0,660.0,3
2026-07-14 10:17:00+00:00,648.0,648.0,648.0,648.0,2
2026-07-14 10:19:00+00:00,631.5,631.5,631.5,631.5,11
2026-07-14 10:21:00+00:00,658.0,658.0,658.0,658.0,3
2026-07-14 10:38:00+00:00,-15.0,-15.0,-15.0,-15.0,1
2026-07-14 10:38:00+00:00,630.5,630.5,630.5,630.5,7
2026-07-14 10:38:00+00:00,645.5,645.5,645.5,645.5,1
2026-07-14 10:51:00+00:00,645.0,645.0,645.0,645.0,2
2026-07-14 10:51:00+00:00,630.0,630.0,630.0,630.0,8
2026-07-14 11:02:00+00:00,630.0,630.0,630.0,630.0,1
2026-07-14 11:03:00+00:00,630.0,630.0,630.0,630.0,2
2026-07-14 11:15:00+00:00,630.0,630.0,630.0,630.0,4
2026-07-14 11:18:00+00:00,-12.5,-12.5,-12.5,-12.5,1
2026-07-14 11:18:00+00:00,657.5,657.5,657.5,657.5,1
2026-07-14 11:18:00+00:00,645.0,645.0,645.0,645.0,16
2026-07-14 11:54:00+00:00,629.0,629.0,629.0,629.0,5
2026-07-14 12:15:00+00:00,646.5,646.5,646.5,646.5,1
2026-07-14 12:25:00+00:00,631.5,631.5,631.5,631.5,1
2026-07-14 12:33:00+00:00,631.5,631.5,631.5,631.5,1
2026-07-14 12:34:00+00:00,632.5,632.5,632.5,632.5,1
2026-07-14 12:37:00+00:00,647.0,647.0,647.0,647.0,1
2026-07-14 13:30:00+00:00,632.0,634.0,628.0,634.0,10
2026-07-14 13:31:00+00:00,635.0,637.0,635.0,637.0,5
2026-07-14 13:32:00+00:00,637.0,637.0,637.0,637.0,6
2026-07-14 13:33:00+00:00,637.0,637.0,637.0,637.0,3
2026-07-14 13:35:00+00:00,650.5,650.5,650.5,650.5,2
2026-07-14 13:35:00+00:00,636.0,636.0,636.0,636.0,3
2026-07-14 13:36:00+00:00,636.0,636.0,636.0,636.0,1
2026-07-14 13:37:00+00:00,636.5,637.0,636.5,637.0,4
2026-07-14 13:37:00+00:00,652.0,652.0,652.0,652.0,2
2026-07-14 13:40:00+00:00,637.5,638.0,637.5,638.0,8
2026-07-14 13:42:00+00:00,638.0,638.0,638.0,638.0,2
2026-07-14 13:47:00+00:00,653.5,653.5,653.5,653.5,2
2026-07-14 13:47:00+00:00,638.5,639.0,638.5,639.0,3
2026-07-14 13:49:00+00:00,639.0,639.0,639.0,639.0,2
2026-07-14 13:50:00+00:00,639.5,639.5,639.0,639.0,2
2026-07-14 13:51:00+00:00,638.5,639.0,638.0,638.0,12
2026-07-14 13:52:00+00:00,639.5,639.5,639.5,639.5,1
2026-07-14 13:53:00+00:00,639.0,639.0,639.0,639.0,1
2026-07-14 13:56:00+00:00,637.5,637.5,637.5,637.5,2
2026-07-14 13:58:00+00:00,637.5,637.5,637.5,637.5,2
2026-07-14 13:59:00+00:00,653.0,653.0,653.0,653.0,2
2026-07-14 14:00:00+00:00,638.0,638.0,638.0,638.0,12
2026-07-14 14:03:00+00:00,638.0,638.0,638.0,638.0,1
2026-07-14 14:05:00+00:00,637.5,637.5,637.5,637.5,2
2026-07-14 14:06:00+00:00,638.5,638.5,638.5,638.5,1
2026-07-14 14:07:00+00:00,639.0,639.5,639.0,639.5,3
2026-07-14 14:11:00+00:00,639.0,640.0,639.0,640.0,5
2026-07-14 14:13:00+00:00,640.5,640.5,640.5,640.5,1
2026-07-14 14:14:00+00:00,641.0,641.0,641.0,641.0,3
2026-07-14 14:15:00+00:00,640.0,640.0,640.0,640.0,1
2026-07-14 14:16:00+00:00,640.0,640.0,640.0,640.0,1
2026-07-14 14:17:00+00:00,640.5,640.5,640.0,640.0,2
2026-07-14 14:18:00+00:00,639.0,639.0,639.0,639.0,1
2026-07-14 14:21:00+00:00,665.0,665.0,665.0,665.0,1
2026-07-14 14:24:00+00:00,639.0,639.0,638.5,638.5,4
2026-07-14 14:25:00+00:00,638.0,638.0,638.0,638.0,2
2026-07-14 14:26:00+00:00,638.5,638.5,638.0,638.0,4
2026-07-14 14:27:00+00:00,637.5,637.5,637.5,637.5,3
2026-07-14 14:28:00+00:00,638.0,638.0,638.0,638.0,1
2026-07-14 14:30:00+00:00,639.0,639.0,639.0,639.0,2
2026-07-14 14:32:00+00:00,640.0,640.0,640.0,640.0,2
2026-07-14 14:34:00+00:00,653.5,653.5,653.5,653.5,2
2026-07-14 14:34:00+00:00,640.5,640.5,638.0,638.0,3
2026-07-14 14:39:00+00:00,639.0,639.0,639.0,639.0,1
2026-07-14 14:42:00+00:00,640.0,640.5,640.0,640.5,4
2026-07-14 14:43:00+00:00,654.5,654.5,654.5,654.5,2
2026-07-14 14:43:00+00:00,640.0,640.0,640.0,640.0,2
2026-07-14 14:45:00+00:00,640.5,641.0,640.5,641.0,2
2026-07-14 14:46:00+00:00,656.0,656.0,656.0,656.0,1
2026-07-14 14:46:00+00:00,641.0,641.0,640.5,640.5,2
2026-07-14 14:47:00+00:00,655.5,655.5,655.5,655.5,1
2026-07-14 14:49:00+00:00,641.5,641.5,641.0,641.0,11
2026-07-14 14:50:00+00:00,641.0,641.0,641.0,641.0,1
2026-07-14 14:51:00+00:00,641.0,641.0,641.0,641.0,1
2026-07-14 14:55:00+00:00,641.5,641.5,641.5,641.5,1
2026-07-14 14:57:00+00:00,641.5,641.5,641.5,641.5,1
2026-07-14 14:58:00+00:00,656.5,656.5,656.5,656.5,1
2026-07-14 15:00:00+00:00,640.0,640.0,640.0,640.0,1
2026-07-14 15:01:00+00:00,640.5,640.5,640.5,640.5,1
2026-07-14 15:04:00+00:00,640.0,640.0,638.5,638.5,11
2026-07-14 15:05:00+00:00,640.0,640.0,639.5,639.5,2
2026-07-14 15:05:00+00:00,-14.5,-14.5,-14.5,-14.5,1
2026-07-14 15:05:00+00:00,654.5,654.5,653.5,653.5,2
2026-07-14 15:06:00+00:00,654.5,654.5,654.5,654.5,1
2026-07-14 15:06:00+00:00,640.0,640.0,640.0,640.0,3
2026-07-14 15:08:00+00:00,640.0,640.0,640.0,640.0,1
2026-07-14 15:12:00+00:00,640.0,640.0,640.0,640.0,1
2026-07-14 15:17:00+00:00,641.0,641.0,641.0,641.0,3
2026-07-14 15:19:00+00:00,641.5,641.5,641.5,641.5,2
2026-07-14 15:20:00+00:00,642.0,642.0,642.0,642.0,1
2026-07-14 15:22:00+00:00,657.5,657.5,657.5,657.5,1
2026-07-14 15:22:00+00:00,642.5,643.0,642.5,643.0,3
2026-07-14 15:24:00+00:00,643.0,643.0,643.0,643.0,1
2026-07-14 15:25:00+00:00,643.0,643.0,643.0,643.0,1
2026-07-14 15:29:00+00:00,643.0,643.0,643.0,643.0,1
2026-07-14 15:30:00+00:00,643.5,643.5,643.5,643.5,3
2026-07-14 15:31:00+00:00,643.5,643.5,643.5,643.5,1
2026-07-14 15:32:00+00:00,643.5,643.5,643.5,643.5,1
2026-07-14 15:33:00+00:00,644.0,644.0,644.0,644.0,2
2026-07-14 15:35:00+00:00,644.0,644.0,644.0,644.0,1
2026-07-14 15:36:00+00:00,644.5,644.5,644.5,644.5,1
2026-07-14 15:37:00+00:00,644.0,644.0,644.0,644.0,1
2026-07-14 15:39:00+00:00,643.5,643.5,643.5,643.5,1
2026-07-14 15:42:00+00:00,644.5,644.5,644.5,644.5,1
2026-07-14 15:42:00+00:00,658.0,658.0,658.0,658.0,1
2026-07-14 15:51:00+00:00,643.5,643.5,643.5,643.5,2
2026-07-14 15:53:00+00:00,644.0,644.0,644.0,644.0,1
2026-07-14 15:54:00+00:00,644.0,644.0,644.0,644.0,1
2026-07-14 16:00:00+00:00,643.0,643.0,643.0,643.0,2
2026-07-14 16:05:00+00:00,644.5,644.5,644.5,644.5,1
2026-07-14 16:06:00+00:00,644.5,644.5,644.5,644.5,1
2026-07-14 16:07:00+00:00,645.0,645.0,645.0,645.0,18
2026-07-14 16:16:00+00:00,645.0,645.0,645.0,645.0,1
2026-07-14 16:19:00+00:00,645.0,645.0,645.0,645.0,2
2026-07-14 16:20:00+00:00,645.5,645.5,645.5,645.5,1
2026-07-14 16:21:00+00:00,645.5,645.5,645.5,645.5,1
2026-07-14 16:26:00+00:00,646.0,646.0,646.0,646.0,2
2026-07-14 16:27:00+00:00,646.0,646.0,646.0,646.0,1
2026-07-14 16:28:00+00:00,660.0,660.0,660.0,660.0,1
2026-07-14 16:30:00+00:00,645.5,645.5,645.5,645.5,1
2026-07-14 16:31:00+00:00,646.0,646.0,646.0,646.0,1
2026-07-14 16:32:00+00:00,661.0,661.5,661.0,661.5,2
2026-07-14 16:32:00+00:00,646.0,646.5,646.0,646.5,3
2026-07-14 16:33:00+00:00,661.0,661.0,661.0,661.0,2
2026-07-14 16:34:00+00:00,647.0,647.5,647.0,647.5,3
2026-07-14 16:37:00+00:00,647.5,647.5,647.5,647.5,1
2026-07-14 16:41:00+00:00,646.0,646.0,646.0,646.0,1
2026-07-14 16:42:00+00:00,646.0,646.0,646.0,646.0,1
2026-07-14 16:46:00+00:00,645.5,645.5,645.5,645.5,1
2026-07-14 16:58:00+00:00,646.0,646.0,646.0,646.0,2
2026-07-14 16:59:00+00:00,645.5,645.5,645.5,645.5,4
2026-07-14 17:00:00+00:00,645.0,645.0,644.5,644.5,4
2026-07-14 17:01:00+00:00,644.0,644.0,643.5,643.5,3
2026-07-14 17:07:00+00:00,644.0,644.0,644.0,644.0,13
2026-07-14 17:07:00+00:00,658.5,658.5,658.5,658.5,2
2026-07-14 17:10:00+00:00,644.5,644.5,644.5,644.5,2
2026-07-14 17:16:00+00:00,645.0,645.0,645.0,645.0,1
2026-07-14 17:17:00+00:00,645.0,645.0,645.0,645.0,1
2026-07-14 17:23:00+00:00,644.5,644.5,644.5,644.5,1
2026-07-14 17:24:00+00:00,645.5,645.5,645.5,645.5,2
2026-07-14 17:29:00+00:00,646.0,646.0,646.0,646.0,1
2026-07-14 17:33:00+00:00,646.0,646.0,646.0,646.0,1
2026-07-14 17:55:00+00:00,645.0,645.0,645.0,645.0,1
2026-07-14 17:56:00+00:00,645.5,645.5,645.5,645.5,3
2026-07-14 18:00:00+00:00,645.0,645.0,645.0,645.0,1
2026-07-14 18:03:00+00:00,658.5,658.5,658.5,658.5,1
2026-07-14 18:04:00+00:00,644.5,644.5,644.5,644.5,1
2026-07-14 18:05:00+00:00,645.0,645.0,645.0,645.0,1
2026-07-14 18:16:00+00:00,659.0,659.0,659.0,659.0,24
2026-07-14 18:17:00+00:00,670.5,670.5,670.5,670.5,4
2026-07-14 18:18:00+00:00,644.5,644.5,644.5,644.5,2
2026-07-14 18:19:00+00:00,644.5,644.5,644.5,644.5,1
2026-07-15 00:00:00+00:00,646.5,646.5,641.5,641.5,8
2026-07-15 00:01:00+00:00,643.0,643.0,643.0,643.0,1
2026-07-15 00:13:00+00:00,659.0,659.0,659.0,659.0,2
2026-07-15 00:16:00+00:00,644.5,644.5,644.5,644.5,1
2026-07-15 00:18:00+00:00,644.0,644.0,644.0,644.0,1
2026-07-15 00:28:00+00:00,645.5,645.5,645.5,645.5,1
2026-07-15 00:38:00+00:00,646.0,646.0,646.0,646.0,1
2026-07-15 01:16:00+00:00,645.5,645.5,645.5,645.5,1
2026-07-15 01:45:00+00:00,645.5,645.5,645.5,645.5,1
2026-07-15 01:55:00+00:00,647.0,647.0,647.0,647.0,2
2026-07-15 02:06:00+00:00,646.5,646.5,646.5,646.5,1
2026-07-15 02:15:00+00:00,646.5,646.5,646.5,646.5,2
2026-07-15 02:40:00+00:00,647.5,648.0,647.5,648.0,4
2026-07-15 02:53:00+00:00,646.5,646.5,646.0,646.0,20
2026-07-15 02:53:00+00:00,661.0,661.0,660.5,660.5,8
2026-07-15 02:53:00+00:00,672.5,672.5,672.5,672.5,5
2026-07-15 02:54:00+00:00,672.5,672.5,672.5,672.5,3
2026-07-15 02:55:00+00:00,646.0,646.0,646.0,646.0,1
2026-07-15 02:56:00+00:00,660.0,660.0,660.0,660.0,3
2026-07-15 02:56:00+00:00,645.5,645.5,645.5,645.5,20
2026-07-15 02:58:00+00:00,660.0,660.0,660.0,660.0,3
2026-07-15 02:58:00+00:00,645.5,645.5,645.5,645.5,2
2026-07-15 02:59:00+00:00,645.5,645.5,645.5,645.5,1
2026-07-15 03:09:00+00:00,645.0,645.0,645.0,645.0,5
2026-07-15 03:12:00+00:00,645.0,645.0,645.0,645.0,4
2026-07-15 03:15:00+00:00,645.0,645.0,645.0,645.0,4
2026-07-15 03:23:00+00:00,645.0,645.0,645.0,645.0,1
2026-07-15 05:52:00+00:00,660.0,660.0,660.0,660.0,6
2026-07-15 06:07:00+00:00,-15.0,-15.0,-15.0,-15.0,5
2026-07-15 06:07:00+00:00,671.5,671.5,671.0,671.0,4
2026-07-15 06:07:00+00:00,-12.0,-12.0,-12.0,-12.0,2
2026-07-15 06:07:00+00:00,645.0,645.0,644.5,644.5,27
2026-07-15 06:07:00+00:00,659.5,659.5,659.5,659.5,7
2026-07-15 06:08:00+00:00,671.0,671.0,671.0,671.0,3
2026-07-15 06:08:00+00:00,644.5,644.5,644.5,644.5,3
2026-07-15 06:46:00+00:00,-14.5,-14.5,-14.5,-14.5,4
2026-07-15 06:46:00+00:00,659.0,659.0,659.0,659.0,10
2026-07-15 06:46:00+00:00,671.0,671.0,671.0,671.0,6
2026-07-15 06:46:00+00:00,644.5,644.5,644.5,644.5,13
2026-07-15 06:47:00+00:00,-12.0,-12.0,-12.0,-12.0,1
2026-07-15 06:47:00+00:00,644.5,644.5,644.5,644.5,2
2026-07-15 06:47:00+00:00,-14.5,-14.5,-14.5,-14.5,2
2026-07-15 06:47:00+00:00,659.0,659.0,659.0,659.0,3
2026-07-15 06:47:00+00:00,671.0,671.0,671.0,671.0,1
2026-07-15 07:00:00+00:00,646.0,646.0,646.0,646.0,1
2026-07-15 07:08:00+00:00,645.5,645.5,645.5,645.5,1
2026-07-15 07:22:00+00:00,645.0,645.0,645.0,645.0,1
2026-07-15 07:32:00+00:00,645.5,645.5,645.5,645.5,1
2026-07-15 07:47:00+00:00,643.5,643.5,643.5,643.5,3
2026-07-15 07:57:00+00:00,645.0,645.0,645.0,645.0,11
2026-07-15 07:58:00+00:00,660.5,660.5,660.5,660.5,2
2026-07-15 08:10:00+00:00,646.0,647.0,646.0,647.0,4
2026-07-15 08:15:00+00:00,648.0,648.0,648.0,648.0,8
2026-07-15 08:19:00+00:00,648.5,648.5,648.5,648.5,2
2026-07-15 08:21:00+00:00,649.0,649.0,649.0,649.0,2
2026-07-15 08:22:00+00:00,649.0,649.0,649.0,649.0,4
2026-07-15 08:23:00+00:00,649.5,650.5,649.5,650.5,4
2026-07-15 08:24:00+00:00,651.0,651.5,650.5,650.5,9
2026-07-15 08:24:00+00:00,666.0,666.0,665.5,665.5,3
2026-07-15 08:24:00+00:00,-14.5,-14.5,-14.5,-14.5,2
2026-07-15 08:26:00+00:00,651.0,653.0,651.0,652.5,36
2026-07-15 08:26:00+00:00,666.5,666.5,666.5,666.5,10
2026-07-15 08:26:00+00:00,678.0,679.0,678.0,679.0,3
2026-07-15 08:27:00+00:00,653.5,653.5,653.5,653.5,4
2026-07-15 08:28:00+00:00,653.0,653.0,653.0,653.0,1
2026-07-15 08:29:00+00:00,653.0,654.0,653.0,654.0,5
2026-07-15 08:30:00+00:00,653.5,653.5,653.5,653.5,2
2026-07-15 08:34:00+00:00,653.5,654.0,653.5,654.0,2
2026-07-15 08:36:00+00:00,653.5,653.5,653.5,653.5,5
2026-07-15 08:40:00+00:00,654.0,654.0,654.0,654.0,1
2026-07-15 08:40:00+00:00,679.0,679.0,679.0,679.0,1
2026-07-15 08:41:00+00:00,679.5,679.5,679.5,679.5,1
2026-07-15 08:43:00+00:00,654.0,654.0,654.0,654.0,14
2026-07-15 08:45:00+00:00,655.0,656.5,655.0,656.5,10
2026-07-15 08:46:00+00:00,658.0,658.5,658.0,658.0,15
2026-07-15 08:46:00+00:00,672.0,672.5,672.0,672.0,11
2026-07-15 08:48:00+00:00,659.0,659.0,659.0,659.0,2
2026-07-15 08:49:00+00:00,674.0,674.0,674.0,674.0,1
2026-07-15 08:49:00+00:00,660.0,660.0,660.0,660.0,5
2026-07-15 08:50:00+00:00,659.0,659.0,658.5,658.5,2
2026-07-15 08:51:00+00:00,673.0,673.0,673.0,673.0,2
2026-07-15 08:51:00+00:00,659.0,659.0,659.0,659.0,2
2026-07-15 08:53:00+00:00,676.5,676.5,676.0,676.0,4
2026-07-15 08:53:00+00:00,662.5,663.0,662.5,663.0,6
2026-07-15 08:54:00+00:00,661.5,662.0,661.5,662.0,5
2026-07-15 08:54:00+00:00,675.5,675.5,675.5,675.5,2
2026-07-15 08:55:00+00:00,660.5,661.0,660.5,660.5,4
2026-07-15 08:56:00+00:00,660.5,660.5,660.0,660.0,2
2026-07-15 08:56:00+00:00,675.0,675.0,675.0,675.0,1
2026-07-15 08:57:00+00:00,660.0,660.5,660.0,660.5,4
2026-07-15 08:57:00+00:00,674.0,674.0,674.0,674.0,2
2026-07-15 09:01:00+00:00,659.5,659.5,659.5,659.5,3
2026-07-15 09:02:00+00:00,660.5,662.0,660.5,662.0,2
2026-07-15 09:03:00+00:00,663.0,663.0,662.5,662.5,2
2026-07-15 09:05:00+00:00,662.5,662.5,662.5,662.5,2
2026-07-15 09:06:00+00:00,661.5,661.5,661.5,661.5,3
2026-07-15 09:11:00+00:00,662.5,662.5,662.5,662.5,2
2026-07-15 09:15:00+00:00,662.0,662.0,662.0,662.0,2
2026-07-15 09:16:00+00:00,662.0,662.0,662.0,662.0,1
2026-07-15 09:17:00+00:00,662.5,663.0,662.5,663.0,2
2026-07-15 09:21:00+00:00,663.5,664.0,663.5,664.0,14
2026-07-15 09:23:00+00:00,663.5,663.5,663.5,663.5,2
2026-07-15 09:25:00+00:00,663.5,663.5,663.5,663.5,2
2026-07-15 09:26:00+00:00,-14.0,-14.0,-14.0,-14.0,1
2026-07-15 09:26:00+00:00,663.5,664.5,663.5,664.5,6
2026-07-15 09:26:00+00:00,678.0,678.0,678.0,678.0,1
2026-07-15 09:27:00+00:00,664.5,664.5,664.5,664.5,4
2026-07-15 09:28:00+00:00,664.0,664.0,663.0,663.0,21
2026-07-15 09:28:00+00:00,-14.0,-14.0,-14.0,-14.0,3
2026-07-15 09:28:00+00:00,678.0,678.0,678.0,678.0,8
2026-07-15 09:31:00+00:00,662.5,662.5,662.5,662.5,6
2026-07-15 09:32:00+00:00,662.0,662.0,662.0,662.0,6
2026-07-15 09:33:00+00:00,662.0,662.0,662.0,662.0,1
2026-07-15 09:35:00+00:00,677.0,677.0,677.0,677.0,1
2026-07-15 09:36:00+00:00,662.0,662.0,662.0,662.0,2
2026-07-15 09:39:00+00:00,661.5,661.5,661.5,661.5,1
2026-07-15 09:40:00+00:00,663.0,664.5,663.0,664.5,15
2026-07-15 09:40:00+00:00,678.0,678.0,678.0,678.0,2
2026-07-15 09:40:00+00:00,-14.0,-14.0,-14.0,-14.0,1
2026-07-15 09:46:00+00:00,663.5,663.5,663.5,663.5,1
2026-07-15 09:48:00+00:00,665.0,666.0,665.0,666.0,6
2026-07-15 09:50:00+00:00,679.5,680.0,679.5,680.0,5
2026-07-15 09:51:00+00:00,667.5,667.5,667.5,667.5,5
2026-07-15 09:52:00+00:00,667.5,667.5,667.5,667.5,7
2026-07-15 09:53:00+00:00,667.5,667.5,667.5,667.5,5
2026-07-15 09:54:00+00:00,668.0,668.0,668.0,668.0,2
2026-07-15 09:55:00+00:00,668.5,668.5,668.5,668.5,3
2026-07-15 09:56:00+00:00,668.0,668.0,668.0,668.0,4
2026-07-15 10:00:00+00:00,666.0,666.0,666.0,666.0,1
2026-07-15 10:00:00+00:00,679.0,679.0,679.0,679.0,2
2026-07-15 10:01:00+00:00,666.0,666.0,666.0,666.0,1
2026-07-15 10:02:00+00:00,665.5,665.5,665.5,665.5,4
2026-07-15 10:06:00+00:00,667.0,667.0,667.0,667.0,2
2026-07-15 10:09:00+00:00,666.0,666.0,666.0,666.0,1
2026-07-15 10:13:00+00:00,666.0,666.0,666.0,666.0,3
2026-07-15 10:16:00+00:00,667.0,667.0,667.0,667.0,1
2026-07-15 10:19:00+00:00,667.5,667.5,667.5,667.5,1
2026-07-15 10:21:00+00:00,666.5,666.5,666.5,666.5,2
2026-07-15 10:24:00+00:00,668.0,668.0,668.0,668.0,2
2026-07-15 10:31:00+00:00,668.0,668.0,668.0,668.0,2
2026-07-15 10:44:00+00:00,666.5,666.5,666.5,666.5,1
2026-07-15 10:49:00+00:00,667.0,667.0,667.0,667.0,2
2026-07-15 10:50:00+00:00,666.0,666.0,666.0,666.0,6
2026-07-15 10:51:00+00:00,678.5,678.5,678.0,678.0,20
2026-07-15 10:51:00+00:00,665.0,665.0,665.0,665.0,21
2026-07-15 10:52:00+00:00,664.5,664.5,664.0,664.0,23
2026-07-15 10:52:00+00:00,678.0,678.0,677.5,677.5,10
2026-07-15 10:52:00+00:00,688.5,688.5,688.5,688.5,2
2026-07-15 10:53:00+00:00,664.0,664.0,664.0,664.0,1
2026-07-15 10:54:00+00:00,664.0,664.0,664.0,664.0,1
2026-07-15 10:59:00+00:00,677.0,677.0,677.0,677.0,6
2026-07-15 11:05:00+00:00,665.5,665.5,665.5,665.5,2
2026-07-15 11:06:00+00:00,664.5,664.5,664.5,664.5,1
2026-07-15 11:14:00+00:00,665.0,665.0,665.0,665.0,2
2026-07-15 11:16:00+00:00,664.0,664.0,664.0,664.0,1
2026-07-15 11:22:00+00:00,664.0,664.0,664.0,664.0,1
2026-07-15 11:26:00+00:00,664.5,664.5,664.5,664.5,1
2026-07-15 11:31:00+00:00,665.0,666.0,665.0,666.0,3
2026-07-15 11:33:00+00:00,667.0,667.0,667.0,667.0,2
2026-07-15 11:35:00+00:00,666.5,666.5,666.5,666.5,1
2026-07-15 11:36:00+00:00,666.5,666.5,666.5,666.5,1
2026-07-15 11:36:00+00:00,681.0,681.0,681.0,681.0,1
2026-07-15 11:43:00+00:00,680.0,680.0,680.0,680.0,1
2026-07-15 11:50:00+00:00,666.0,666.0,666.0,666.0,5
2026-07-15 11:51:00+00:00,664.5,664.5,664.0,664.0,6
2026-07-15 11:53:00+00:00,664.0,664.0,664.0,664.0,1
2026-07-15 11:59:00+00:00,664.5,664.5,664.5,664.5,1
2026-07-15 12:00:00+00:00,665.0,665.0,665.0,665.0,1
2026-07-15 12:03:00+00:00,663.0,663.0,663.0,663.0,4
2026-07-15 12:03:00+00:00,677.0,677.0,677.0,677.0,2
2026-07-15 12:06:00+00:00,662.5,662.5,661.5,661.5,5
2026-07-15 12:10:00+00:00,662.0,662.0,662.0,662.0,1
2026-07-15 12:11:00+00:00,663.0,663.0,663.0,663.0,2
2026-07-15 12:16:00+00:00,663.5,663.5,663.5,663.5,2
2026-07-15 12:18:00+00:00,677.5,677.5,677.5,677.5,2
2026-07-15 12:21:00+00:00,662.0,663.0,662.0,663.0,2
2026-07-15 12:23:00+00:00,663.0,663.0,663.0,663.0,4
2026-07-15 12:26:00+00:00,663.0,663.0,663.0,663.0,1
2026-07-15 12:30:00+00:00,664.0,664.5,664.0,664.5,3
2026-07-15 12:31:00+00:00,665.0,665.0,665.0,665.0,2
2026-07-15 12:40:00+00:00,664.5,664.5,664.5,664.5,1
2026-07-15 13:30:00+00:00,690.5,690.5,690.5,690.5,2
2026-07-15 13:30:00+00:00,665.5,666.5,665.0,665.5,36
2026-07-15 13:30:00+00:00,680.5,680.5,680.5,680.5,2
2026-07-15 13:31:00+00:00,679.5,679.5,679.5,679.5,2
2026-07-15 13:31:00+00:00,665.0,667.5,665.0,667.5,3
2026-07-15 13:33:00+00:00,680.5,680.5,680.5,680.5,3
2026-07-15 13:33:00+00:00,667.0,667.0,667.0,667.0,15
2026-07-15 13:34:00+00:00,666.5,666.5,665.5,665.5,2
2026-07-15 13:35:00+00:00,665.0,666.0,665.0,666.0,3
2026-07-15 13:36:00+00:00,679.5,679.5,679.5,679.5,2
2026-07-15 13:36:00+00:00,665.5,665.5,665.5,665.5,1
2026-07-15 13:39:00+00:00,665.5,666.0,665.5,666.0,2
2026-07-15 13:40:00+00:00,666.5,666.5,666.0,666.0,2
2026-07-15 13:42:00+00:00,667.0,667.0,667.0,667.0,1
2026-07-15 13:45:00+00:00,668.0,669.0,668.0,669.0,7
2026-07-15 13:46:00+00:00,669.0,669.0,669.0,669.0,1
2026-07-15 13:47:00+00:00,669.5,670.0,669.5,670.0,15
2026-07-15 13:48:00+00:00,684.0,684.0,684.0,684.0,3
2026-07-15 13:49:00+00:00,670.0,670.5,670.0,670.5,4
2026-07-15 13:50:00+00:00,670.0,670.5,670.0,670.5,10
2026-07-15 13:51:00+00:00,671.0,671.0,671.0,671.0,1
2026-07-15 13:52:00+00:00,671.0,671.0,671.0,671.0,2
2026-07-15 13:53:00+00:00,670.5,671.0,670.5,671.0,2
2026-07-15 13:54:00+00:00,671.0,671.0,671.0,671.0,2
2026-07-15 13:55:00+00:00,696.0,696.0,696.0,696.0,1
2026-07-15 13:56:00+00:00,670.0,670.0,670.0,670.0,13
2026-07-15 13:57:00+00:00,670.0,670.5,670.0,670.5,2
2026-07-15 13:58:00+00:00,671.0,671.5,671.0,671.5,2
2026-07-15 13:59:00+00:00,671.0,671.0,671.0,671.0,1
2026-07-15 14:00:00+00:00,671.5,671.5,671.5,671.5,1
2026-07-15 14:01:00+00:00,670.5,670.5,670.5,670.5,2
2026-07-15 14:02:00+00:00,670.5,670.5,670.5,670.5,3
2026-07-15 14:03:00+00:00,-13.5,-13.5,-13.5,-13.5,1
2026-07-15 14:03:00+00:00,684.0,684.0,684.0,684.0,1
2026-07-15 14:03:00+00:00,670.5,670.5,670.5,670.5,1
2026-07-15 14:06:00+00:00,670.5,670.5,670.5,670.5,2
2026-07-15 14:07:00+00:00,669.0,669.0,669.0,669.0,3
2026-07-15 14:09:00+00:00,669.0,669.0,669.0,669.0,1
2026-07-15 14:10:00+00:00,669.5,670.5,669.5,670.5,4
2026-07-15 14:12:00+00:00,671.0,671.5,671.0,671.0,7
2026-07-15 14:17:00+00:00,671.0,671.0,671.0,671.0,1
2026-07-15 14:18:00+00:00,672.0,672.5,672.0,672.5,8
2026-07-15 14:21:00+00:00,686.0,686.0,686.0,686.0,1
2026-07-15 14:21:00+00:00,673.0,673.0,673.0,673.0,4
2026-07-15 14:23:00+00:00,672.0,672.0,672.0,672.0,1
2026-07-15 14:26:00+00:00,673.5,673.5,673.5,673.5,1
2026-07-15 14:27:00+00:00,673.5,673.5,673.5,673.5,2
2026-07-15 14:28:00+00:00,673.0,673.0,673.0,673.0,2
2026-07-15 14:30:00+00:00,672.0,672.0,672.0,672.0,7
2026-07-15 14:33:00+00:00,673.5,673.5,673.5,673.5,1
2026-07-15 14:35:00+00:00,674.0,674.0,673.5,673.5,7
2026-07-15 14:36:00+00:00,673.0,673.0,673.0,673.0,1
2026-07-15 14:37:00+00:00,673.0,673.0,673.0,673.0,2
2026-07-15 14:38:00+00:00,687.0,688.0,687.0,688.0,14
2026-07-15 14:38:00+00:00,698.0,698.0,698.0,698.0,4
2026-07-15 14:38:00+00:00,674.0,674.0,674.0,674.0,1
2026-07-15 14:39:00+00:00,673.5,673.5,673.5,673.5,6
2026-07-15 14:39:00+00:00,687.5,687.5,687.5,687.5,9
2026-07-15 14:40:00+00:00,-13.5,-13.5,-13.5,-13.5,4
2026-07-15 14:40:00+00:00,674.0,675.0,674.0,675.0,22
2026-07-15 14:40:00+00:00,688.5,688.5,688.5,688.5,4
2026-07-15 14:41:00+00:00,674.5,674.5,674.5,674.5,1
2026-07-15 14:42:00+00:00,674.5,675.0,674.5,674.5,4
2026-07-15 14:42:00+00:00,688.5,688.5,688.5,688.5,5
2026-07-15 14:43:00+00:00,675.0,675.0,675.0,675.0,2
2026-07-15 14:44:00+00:00,688.5,688.5,688.5,688.5,4
2026-07-15 14:44:00+00:00,674.5,675.5,674.5,675.5,11
2026-07-15 14:45:00+00:00,689.5,689.5,689.5,689.5,1
2026-07-15 14:46:00+00:00,675.5,676.0,675.5,676.0,12
2026-07-15 14:47:00+00:00,690.0,690.0,690.0,690.0,1
2026-07-15 14:47:00+00:00,676.5,676.5,676.5,676.5,2
2026-07-15 14:48:00+00:00,690.0,690.0,690.0,690.0,4
2026-07-15 14:51:00+00:00,677.0,677.0,677.0,677.0,3
2026-07-15 14:52:00+00:00,690.0,690.0,690.0,690.0,10
2026-07-15 14:52:00+00:00,676.5,676.5,676.5,676.5,18
2026-07-15 14:53:00+00:00,675.5,675.5,675.0,675.0,5
2026-07-15 14:54:00+00:00,674.5,675.5,674.5,675.5,6
2026-07-15 14:54:00+00:00,699.5,699.5,699.5,699.5,1
2026-07-15 14:55:00+00:00,675.0,675.5,675.0,675.5,2
2026-07-15 14:58:00+00:00,676.0,676.0,676.0,676.0,2
2026-07-15 14:59:00+00:00,676.0,676.0,676.0,676.0,1
2026-07-15 15:00:00+00:00,690.0,690.0,690.0,690.0,2
2026-07-15 15:00:00+00:00,676.0,676.0,676.0,676.0,2
2026-07-15 15:01:00+00:00,676.0,676.5,676.0,676.5,6
2026-07-15 15:03:00+00:00,677.0,677.0,677.0,677.0,12
2026-07-15 15:04:00+00:00,690.0,690.0,690.0,690.0,1
2026-07-15 15:05:00+00:00,676.5,676.5,676.5,676.5,1
2026-07-15 15:06:00+00:00,689.5,689.5,689.5,689.5,1
2026-07-15 15:09:00+00:00,677.0,677.0,677.0,677.0,4
2026-07-15 15:10:00+00:00,677.5,677.5,677.5,677.5,4
2026-07-15 15:11:00+00:00,691.0,691.0,691.0,691.0,1
2026-07-15 15:12:00+00:00,678.0,678.0,678.0,678.0,10
2026-07-15 15:14:00+00:00,678.5,678.5,678.5,678.5,9
2026-07-15 15:15:00+00:00,692.5,692.5,692.5,692.5,6
2026-07-15 15:15:00+00:00,678.5,678.5,678.0,678.5,5
2026-07-15 15:16:00+00:00,678.5,678.5,678.5,678.5,10
2026-07-15 15:17:00+00:00,678.5,678.5,678.0,678.0,14
2026-07-15 15:18:00+00:00,677.5,678.5,677.5,678.5,5
2026-07-15 15:19:00+00:00,678.5,678.5,678.5,678.5,1
2026-07-15 15:20:00+00:00,679.0,679.0,679.0,679.0,16
2026-07-15 15:21:00+00:00,693.0,693.0,693.0,693.0,12
2026-07-15 15:21:00+00:00,679.0,679.5,679.0,679.5,18
2026-07-15 15:23:00+00:00,693.5,693.5,693.5,693.5,7
2026-07-15 15:24:00+00:00,680.0,680.0,680.0,680.0,10
2026-07-15 15:25:00+00:00,694.0,694.0,694.0,694.0,4
2026-07-15 15:25:00+00:00,680.0,680.0,679.0,679.0,16
2026-07-15 15:26:00+00:00,680.5,680.5,680.0,680.5,16
2026-07-15 15:26:00+00:00,705.0,705.0,705.0,705.0,2
2026-07-15 15:27:00+00:00,681.0,681.0,680.5,680.5,31
2026-07-15 15:28:00+00:00,694.0,694.0,694.0,694.0,10
2026-07-15 15:29:00+00:00,692.5,692.5,692.5,692.5,10
2026-07-15 15:30:00+00:00,692.0,692.0,692.0,692.0,4
2026-07-15 15:30:00+00:00,678.5,678.5,677.5,677.5,19
2026-07-15 15:31:00+00:00,679.5,681.0,679.5,681.0,16
2026-07-15 15:36:00+00:00,680.0,680.0,680.0,680.0,1
2026-07-15 15:37:00+00:00,679.0,679.0,679.0,679.0,2
2026-07-15 15:37:00+00:00,693.0,693.0,693.0,693.0,1
2026-07-15 15:38:00+00:00,679.5,679.5,679.5,679.5,4
2026-07-15 15:38:00+00:00,692.5,692.5,692.5,692.5,5
2026-07-15 15:39:00+00:00,677.5,678.0,677.5,678.0,2
2026-07-15 15:40:00+00:00,678.0,679.0,678.0,679.0,4
2026-07-15 15:41:00+00:00,679.5,680.0,679.5,680.0,6
2026-07-15 15:41:00+00:00,704.5,704.5,704.5,704.5,2
2026-07-15 15:44:00+00:00,677.5,677.5,677.0,677.0,8
2026-07-15 15:44:00+00:00,702.5,702.5,702.5,702.5,2
2026-07-15 15:44:00+00:00,691.5,691.5,691.5,691.5,10
2026-07-15 15:45:00+00:00,677.5,677.5,677.5,677.5,7
2026-07-15 15:46:00+00:00,678.0,678.0,678.0,678.0,4
2026-07-15 15:47:00+00:00,678.0,678.0,678.0,678.0,3
2026-07-15 15:47:00+00:00,692.0,692.0,692.0,692.0,2
2026-07-15 15:48:00+00:00,678.5,678.5,678.5,678.5,10
2026-07-15 15:50:00+00:00,679.0,679.0,679.0,679.0,7
2026-07-15 15:51:00+00:00,679.5,679.5,679.5,679.5,7
2026-07-15 15:52:00+00:00,679.0,679.0,679.0,679.0,2
2026-07-15 15:55:00+00:00,678.5,679.0,678.5,679.0,11
2026-07-15 15:56:00+00:00,677.5,677.5,677.0,677.0,12
2026-07-15 15:57:00+00:00,675.0,675.5,673.5,675.5,10
2026-07-15 15:58:00+00:00,674.5,675.0,674.5,675.0,2
2026-07-15 15:59:00+00:00,675.5,675.5,675.5,675.5,2
2026-07-15 16:00:00+00:00,676.5,677.0,676.0,677.0,5
2026-07-15 16:04:00+00:00,678.0,678.0,678.0,678.0,1
2026-07-15 16:05:00+00:00,679.0,679.0,679.0,679.0,3
2026-07-15 16:06:00+00:00,679.0,680.0,679.0,680.0,9
2026-07-15 16:07:00+00:00,680.0,680.0,680.0,680.0,2
2026-07-15 16:08:00+00:00,679.5,680.0,679.5,680.0,2
2026-07-15 16:09:00+00:00,680.0,680.0,680.0,680.0,10
2026-07-15 16:13:00+00:00,679.0,679.0,679.0,679.0,1
2026-07-15 16:16:00+00:00,680.0,680.0,680.0,680.0,8
2026-07-15 16:17:00+00:00,680.0,680.5,680.0,680.5,7
2026-07-15 16:18:00+00:00,680.5,680.5,680.5,680.5,1
2026-07-15 16:23:00+00:00,680.5,680.5,680.5,680.5,2
2026-07-15 16:23:00+00:00,695.0,695.0,695.0,695.0,2
2026-07-15 16:24:00+00:00,695.5,695.5,695.5,695.5,1
2026-07-15 16:24:00+00:00,681.0,682.0,681.0,682.0,22
2026-07-15 16:25:00+00:00,682.0,682.5,682.0,682.5,13
2026-07-15 16:26:00+00:00,682.5,682.5,682.5,682.5,1
2026-07-15 16:27:00+00:00,696.0,696.0,696.0,696.0,6
2026-07-15 16:27:00+00:00,681.5,681.5,681.5,681.5,1
2026-07-15 16:28:00+00:00,682.5,682.5,682.5,682.5,1
2026-07-15 16:29:00+00:00,682.5,682.5,681.5,681.5,2
2026-07-15 16:32:00+00:00,681.0,681.0,680.5,680.5,7
2026-07-15 16:33:00+00:00,680.5,680.5,680.0,680.0,2
2026-07-15 16:34:00+00:00,679.0,679.0,679.0,679.0,5
2026-07-15 16:35:00+00:00,678.5,679.0,678.5,679.0,3
2026-07-15 16:36:00+00:00,680.0,681.0,680.0,681.0,5
2026-07-15 16:37:00+00:00,681.0,681.5,681.0,681.5,4
2026-07-15 16:38:00+00:00,681.5,681.5,681.5,681.5,1
2026-07-15 16:41:00+00:00,681.0,681.0,681.0,681.0,5
2026-07-15 16:47:00+00:00,680.0,680.0,679.0,679.0,4
2026-07-15 16:55:00+00:00,680.5,680.5,680.5,680.5,4
2026-07-15 17:06:00+00:00,-14.5,-14.5,-14.5,-14.5,1
2026-07-15 17:06:00+00:00,692.0,692.0,692.0,692.0,1
2026-07-15 17:06:00+00:00,677.5,677.5,677.5,677.5,1
2026-07-15 17:08:00+00:00,692.5,692.5,692.5,692.5,2
2026-07-15 17:08:00+00:00,678.5,678.5,678.5,678.5,1
2026-07-15 17:09:00+00:00,678.0,679.0,678.0,679.0,20
2026-07-15 17:11:00+00:00,693.5,693.5,693.5,693.5,2
2026-07-15 17:13:00+00:00,679.0,679.0,679.0,679.0,1
2026-07-15 17:18:00+00:00,678.5,678.5,678.5,678.5,2
2026-07-15 17:19:00+00:00,679.0,679.0,679.0,679.0,3
2026-07-15 17:22:00+00:00,679.5,679.5,679.5,679.5,4
2026-07-15 17:25:00+00:00,694.5,694.5,694.5,694.5,2
2026-07-15 17:25:00+00:00,680.0,680.5,680.0,680.5,15
2026-07-15 17:27:00+00:00,681.0,681.0,681.0,681.0,1
2026-07-15 17:34:00+00:00,681.0,681.0,681.0,681.0,2
2026-07-15 17:37:00+00:00,681.5,682.0,681.5,682.0,8
2026-07-15 17:38:00+00:00,682.0,682.0,682.0,682.0,4
2026-07-15 17:40:00+00:00,681.5,681.5,681.5,681.5,1
2026-07-15 17:43:00+00:00,681.5,681.5,680.5,680.5,2
2026-07-15 17:44:00+00:00,681.5,681.5,680.0,680.0,3
2026-07-15 17:45:00+00:00,679.5,679.5,679.5,679.5,1
2026-07-15 17:50:00+00:00,680.0,680.0,679.0,679.0,2
2026-07-15 17:50:00+00:00,693.0,693.0,693.0,693.0,12
2026-07-15 17:52:00+00:00,679.5,679.5,679.5,679.5,1
2026-07-15 17:55:00+00:00,677.5,677.5,677.5,677.5,1
2026-07-15 17:56:00+00:00,678.0,678.0,677.5,677.5,2
2026-07-15 17:57:00+00:00,692.0,692.0,692.0,692.0,1
2026-07-15 17:58:00+00:00,703.5,703.5,703.5,703.5,4
2026-07-15 17:58:00+00:00,678.0,678.0,678.0,678.0,1
2026-07-15 18:02:00+00:00,680.0,680.0,680.0,680.0,4
2026-07-15 18:03:00+00:00,679.5,679.5,679.5,679.5,1
2026-07-15 18:04:00+00:00,694.0,694.0,694.0,694.0,6
2026-07-15 18:05:00+00:00,679.0,679.0,679.0,679.0,2
2026-07-15 18:06:00+00:00,679.0,679.0,679.0,679.0,1
2026-07-15 18:09:00+00:00,693.0,693.0,693.0,693.0,3
2026-07-15 18:11:00+00:00,677.0,677.0,677.0,677.0,1
2026-07-15 18:12:00+00:00,677.0,677.0,677.0,677.0,1
2026-07-15 18:14:00+00:00,692.0,692.0,692.0,692.0,2
2026-07-15 18:16:00+00:00,677.5,677.5,677.5,677.5,3
2026-07-15 18:17:00+00:00,678.5,678.5,678.5,678.5,1
2026-07-16 00:00:00+00:00,676.5,676.5,675.5,675.5,7
2026-07-16 00:06:00+00:00,704.0,704.0,704.0,704.0,1
2026-07-16 00:06:00+00:00,678.0,678.5,678.0,678.5,3
2026-07-16 00:06:00+00:00,692.5,692.5,692.5,692.5,4
2026-07-16 00:07:00+00:00,679.5,679.5,679.5,679.5,3
2026-07-16 00:12:00+00:00,679.5,679.5,679.5,679.5,1
2026-07-16 00:16:00+00:00,678.5,678.5,678.5,678.5,1
2026-07-16 00:27:00+00:00,679.0,679.0,679.0,679.0,2
2026-07-16 00:37:00+00:00,679.0,679.0,679.0,679.0,1
2026-07-16 01:01:00+00:00,679.5,679.5,679.5,679.5,1
2026-07-16 01:10:00+00:00,679.5,679.5,679.5,679.5,4
2026-07-16 01:11:00+00:00,679.0,679.0,679.0,679.0,5
2026-07-16 01:18:00+00:00,677.0,677.0,677.0,677.0,2
2026-07-16 01:19:00+00:00,676.5,676.5,676.5,676.5,1
2026-07-16 01:21:00+00:00,676.0,676.5,676.0,676.5,2
2026-07-16 01:27:00+00:00,676.5,676.5,676.5,676.5,2
2026-07-16 01:29:00+00:00,677.0,677.0,677.0,677.0,2
2026-07-16 01:31:00+00:00,676.0,676.0,676.0,676.0,2
2026-07-16 01:32:00+00:00,690.0,690.0,690.0,690.0,1
2026-07-16 01:34:00+00:00,675.5,675.5,675.5,675.5,2
2026-07-16 01:39:00+00:00,701.5,701.5,701.5,701.5,6
2026-07-16 01:39:00+00:00,675.5,675.5,675.0,675.0,22
2026-07-16 01:48:00+00:00,675.0,675.0,675.0,675.0,1
2026-07-16 01:53:00+00:00,690.5,690.5,690.5,690.5,3
2026-07-16 02:10:00+00:00,690.5,690.5,690.5,690.5,3
2026-07-16 02:35:00+00:00,676.0,676.0,676.0,676.0,1
2026-07-16 02:45:00+00:00,675.5,675.5,675.5,675.5,2
2026-07-16 02:46:00+00:00,689.5,690.0,689.5,690.0,7
2026-07-16 02:46:00+00:00,675.0,675.0,675.0,675.0,9
2026-07-16 02:48:00+00:00,675.0,675.0,675.0,675.0,1
2026-07-16 02:49:00+00:00,689.0,689.0,688.5,688.5,3
2026-07-16 02:49:00+00:00,674.5,674.5,673.5,674.0,32
2026-07-16 03:10:00+00:00,676.0,676.0,675.5,675.5,4
2026-07-16 03:11:00+00:00,676.0,676.0,676.0,676.0,3
2026-07-16 03:28:00+00:00,675.0,675.5,675.0,675.5,12
2026-07-16 03:38:00+00:00,675.0,675.0,675.0,675.0,1
2026-07-16 05:05:00+00:00,676.5,676.5,676.5,676.5,1
2026-07-16 05:23:00+00:00,691.0,691.0,691.0,691.0,3
2026-07-16 05:23:00+00:00,676.5,676.5,676.0,676.0,5
2026-07-16 05:23:00+00:00,702.5,702.5,702.5,702.5,3
2026-07-16 05:24:00+00:00,675.5,675.5,675.5,675.5,2
2026-07-16 05:25:00+00:00,675.5,675.5,675.5,675.5,3
2026-07-16 05:28:00+00:00,675.5,675.5,675.5,675.5,1
2026-07-16 05:45:00+00:00,677.0,677.0,677.0,677.0,2
2026-07-16 05:45:00+00:00,702.5,702.5,702.5,702.5,3
2026-07-16 05:45:00+00:00,691.0,691.0,691.0,691.0,3
2026-07-16 05:53:00+00:00,690.5,690.5,690.0,690.0,6
2026-07-16 05:53:00+00:00,702.0,702.0,702.0,702.0,3
2026-07-16 05:53:00+00:00,675.5,675.5,675.0,675.0,6
2026-07-16 05:54:00+00:00,675.0,675.0,674.5,674.5,4
2026-07-16 05:55:00+00:00,688.5,688.5,688.5,688.5,1
2026-07-16 05:55:00+00:00,673.5,673.5,673.5,673.5,1
2026-07-16 05:56:00+00:00,699.5,699.5,699.5,699.5,4
2026-07-16 05:56:00+00:00,673.0,673.0,672.5,672.5,41
2026-07-16 05:56:00+00:00,688.0,688.0,687.5,687.5,7
2026-07-16 05:57:00+00:00,672.5,672.5,672.5,672.5,3
2026-07-16 05:57:00+00:00,687.5,687.5,687.5,687.5,3
2026-07-16 05:58:00+00:00,672.0,672.0,672.0,672.0,12
2026-07-16 05:59:00+00:00,673.0,673.0,673.0,673.0,1
2026-07-16 06:01:00+00:00,673.0,673.0,673.0,673.0,1
2026-07-16 06:11:00+00:00,672.5,672.5,672.5,672.5,3
2026-07-16 06:13:00+00:00,673.5,673.5,673.5,673.5,1
2026-07-16 06:31:00+00:00,688.0,688.0,688.0,688.0,2
2026-07-16 06:32:00+00:00,673.0,673.5,672.5,673.5,7
2026-07-16 06:32:00+00:00,688.0,688.0,688.0,688.0,2
2026-07-16 06:33:00+00:00,673.0,673.0,673.0,673.0,1
2026-07-16 06:39:00+00:00,672.0,672.0,672.0,672.0,2
2026-07-16 06:42:00+00:00,687.5,687.5,687.5,687.5,4
2026-07-16 06:45:00+00:00,699.5,699.5,699.5,699.5,3
2026-07-16 06:55:00+00:00,673.0,673.0,673.0,673.0,1
2026-07-16 06:59:00+00:00,673.0,673.0,673.0,673.0,1
2026-07-16 07:01:00+00:00,673.0,673.0,673.0,673.0,5
2026-07-16 07:02:00+00:00,689.0,690.5,689.0,690.5,6
2026-07-16 07:02:00+00:00,700.5,700.5,700.5,700.5,4
2026-07-16 07:02:00+00:00,673.5,676.0,673.5,676.0,29
2026-07-16 07:03:00+00:00,-14.5,-14.5,-14.5,-14.5,1
2026-07-16 07:03:00+00:00,691.0,691.0,691.0,691.0,1
2026-07-16 07:03:00+00:00,676.5,676.5,676.0,676.0,7
2026-07-16 07:08:00+00:00,676.0,676.5,676.0,676.5,20
2026-07-16 07:08:00+00:00,703.0,703.0,703.0,703.0,3
2026-07-16 07:08:00+00:00,690.5,691.0,690.5,691.0,13
2026-07-16 07:10:00+00:00,678.0,678.0,678.0,678.0,1
2026-07-16 07:11:00+00:00,691.5,691.5,691.5,691.5,3
2026-07-16 07:14:00+00:00,703.0,703.0,703.0,703.0,3
2026-07-16 07:16:00+00:00,677.5,677.5,677.5,677.5,2
2026-07-16 07:19:00+00:00,678.0,678.0,678.0,678.0,6
2026-07-16 07:21:00+00:00,678.5,678.5,678.5,678.5,2
2026-07-16 07:22:00+00:00,678.5,678.5,678.5,678.5,3
2026-07-16 07:25:00+00:00,679.0,679.5,679.0,679.5,13
2026-07-16 07:26:00+00:00,693.5,693.5,693.5,693.5,2
2026-07-16 07:28:00+00:00,694.0,694.0,694.0,694.0,1
2026-07-16 07:32:00+00:00,692.5,692.5,692.5,692.5,4
2026-07-16 07:35:00+00:00,678.5,678.5,678.5,678.5,1
2026-07-16 07:37:00+00:00,679.0,679.0,679.0,679.0,2
2026-07-16 07:38:00+00:00,693.0,693.0,693.0,693.0,2
2026-07-16 07:38:00+00:00,679.0,679.0,678.0,678.0,3
2026-07-16 07:39:00+00:00,678.5,678.5,678.5,678.5,1
2026-07-16 07:41:00+00:00,679.0,679.0,679.0,679.0,1
2026-07-16 07:42:00+00:00,679.5,680.0,679.5,680.0,7
2026-07-16 07:42:00+00:00,694.5,694.5,694.5,694.5,2
2026-07-16 07:43:00+00:00,680.0,681.5,680.0,681.5,20
2026-07-16 07:43:00+00:00,695.5,695.5,695.5,695.5,1
2026-07-16 07:44:00+00:00,-14.5,-14.5,-14.5,-14.5,9
2026-07-16 07:44:00+00:00,682.0,686.0,682.0,686.0,91
2026-07-16 07:44:00+00:00,696.5,700.5,696.5,700.5,9
2026-07-16 07:45:00+00:00,700.5,700.5,700.5,700.5,2
2026-07-16 07:45:00+00:00,684.5,686.5,684.5,686.5,27
2026-07-16 07:46:00+00:00,702.5,702.5,702.5,702.5,1
2026-07-16 07:46:00+00:00,687.0,689.5,686.5,689.5,35
2026-07-16 07:47:00+00:00,688.0,690.0,688.0,690.0,21
2026-07-16 07:47:00+00:00,704.5,704.5,704.5,704.5,3
2026-07-16 07:47:00+00:00,-14.5,-14.5,-14.5,-14.5,3
2026-07-16 07:48:00+00:00,704.0,704.0,704.0,704.0,2
2026-07-16 07:49:00+00:00,715.0,715.0,715.0,715.0,8
2026-07-16 07:49:00+00:00,689.5,689.5,689.5,689.5,2
2026-07-16 07:49:00+00:00,704.0,704.0,704.0,704.0,2
2026-07-16 07:50:00+00:00,688.0,688.0,688.0,688.0,2
2026-07-16 07:51:00+00:00,687.5,687.5,687.0,687.0,4
2026-07-16 07:51:00+00:00,713.0,713.0,713.0,713.0,1
2026-07-16 07:52:00+00:00,687.0,687.0,687.0,687.0,1
2026-07-16 07:53:00+00:00,705.0,705.5,705.0,705.5,12
2026-07-16 07:53:00+00:00,689.0,691.0,689.0,691.0,34
2026-07-16 07:53:00+00:00,-14.5,-14.5,-14.5,-14.5,4
2026-07-16 07:54:00+00:00,717.5,717.5,717.5,717.5,2
2026-07-16 07:54:00+00:00,691.0,693.0,691.0,692.0,60
2026-07-16 07:54:00+00:00,705.5,706.5,705.5,706.5,4
2026-07-16 07:55:00+00:00,718.5,721.5,718.5,721.5,20
2026-07-16 07:55:00+00:00,692.5,697.0,692.5,697.0,100
2026-07-16 07:55:00+00:00,-10.5,-10.5,-10.5,-10.5,2
2026-07-16 07:55:00+00:00,707.5,710.5,707.5,710.5,26
2026-07-16 07:56:00+00:00,710.5,710.5,710.5,710.5,2
2026-07-16 07:56:00+00:00,696.0,696.5,696.0,696.5,3
2026-07-16 07:57:00+00:00,721.0,721.0,721.0,721.0,3
2026-07-16 07:57:00+00:00,696.5,698.0,696.5,697.5,41
2026-07-16 07:57:00+00:00,710.5,710.5,710.0,710.0,22
2026-07-16 07:58:00+00:00,697.0,697.0,695.5,695.5,6
2026-07-16 07:58:00+00:00,710.5,710.5,710.5,710.5,8
2026-07-16 07:59:00+00:00,695.0,695.0,695.0,695.0,2
2026-07-16 08:00:00+00:00,710.5,710.5,710.5,710.5,1
2026-07-16 08:00:00+00:00,696.5,697.0,696.5,696.5,8
2026-07-16 08:01:00+00:00,692.5,693.0,692.5,693.0,4
2026-07-16 08:02:00+00:00,692.0,692.0,692.0,692.0,2
2026-07-16 08:04:00+00:00,708.5,708.5,708.5,708.5,2
2026-07-16 08:05:00+00:00,694.0,694.5,693.5,694.5,6
2026-07-16 08:06:00+00:00,694.0,694.0,694.0,694.0,2
2026-07-16 08:07:00+00:00,692.0,692.0,691.5,691.5,2
2026-07-16 08:08:00+00:00,691.0,691.0,689.5,690.0,24
2026-07-16 08:09:00+00:00,689.5,689.5,689.5,689.5,3
2026-07-16 08:10:00+00:00,689.0,689.5,687.5,687.5,21
2026-07-16 08:11:00+00:00,689.0,689.0,689.0,689.0,2
2026-07-16 08:11:00+00:00,703.5,703.5,703.5,703.5,2
2026-07-16 08:13:00+00:00,689.5,689.5,689.5,689.5,1
2026-07-16 08:16:00+00:00,688.5,689.0,688.5,689.0,15
2026-07-16 08:16:00+00:00,703.0,704.0,703.0,703.0,31
2026-07-16 08:18:00+00:00,690.0,690.0,690.0,690.0,2
2026-07-16 08:19:00+00:00,703.0,703.0,702.5,702.5,4
2026-07-16 08:22:00+00:00,689.0,689.0,688.5,688.5,4
2026-07-16 08:22:00+00:00,703.5,703.5,703.5,703.5,4
2026-07-16 08:22:00+00:00,-11.0,-11.0,-11.0,-11.0,2
2026-07-16 08:22:00+00:00,714.5,714.5,714.5,714.5,2
2026-07-16 08:23:00+00:00,713.5,713.5,713.5,713.5,2
2026-07-16 08:23:00+00:00,-11.0,-11.0,-11.0,-11.0,2
2026-07-16 08:23:00+00:00,689.0,689.0,687.0,687.0,22
2026-07-16 08:23:00+00:00,703.5,703.5,702.5,702.5,8
2026-07-16 08:25:00+00:00,687.5,687.5,687.5,687.5,1
2026-07-16 08:26:00+00:00,688.0,688.5,688.0,688.5,4
2026-07-16 08:27:00+00:00,688.0,689.0,688.0,689.0,2
2026-07-16 08:28:00+00:00,688.0,688.0,688.0,688.0,2
2026-07-16 08:28:00+00:00,702.5,702.5,702.5,702.5,2
2026-07-16 08:29:00+00:00,687.5,687.5,686.5,686.5,5
2026-07-16 08:30:00+00:00,686.0,686.0,686.0,686.0,4
2026-07-16 08:31:00+00:00,686.0,686.0,685.0,685.0,17
2026-07-16 08:31:00+00:00,700.0,700.0,699.0,699.0,9
2026-07-16 08:31:00+00:00,-14.0,-14.0,-14.0,-14.0,9
2026-07-16 08:32:00+00:00,684.0,684.0,683.5,683.5,7
2026-07-16 08:32:00+00:00,-14.0,-14.0,-14.0,-14.0,3
2026-07-16 08:32:00+00:00,698.0,698.0,698.0,698.0,3
2026-07-16 08:33:00+00:00,684.5,684.5,684.5,684.5,1
2026-07-16 08:39:00+00:00,685.0,685.0,685.0,685.0,1
2026-07-16 08:41:00+00:00,687.0,687.0,687.0,687.0,1
2026-07-16 08:45:00+00:00,687.5,688.0,685.5,688.0,9
2026-07-16 08:46:00+00:00,688.5,688.5,688.5,688.5,3
2026-07-16 08:49:00+00:00,686.5,686.5,686.5,686.5,1
2026-07-16 08:50:00+00:00,686.0,686.0,685.5,685.5,2
2026-07-16 08:51:00+00:00,685.0,685.0,685.0,685.0,1
2026-07-16 08:53:00+00:00,685.0,685.0,685.0,685.0,2
2026-07-16 08:53:00+00:00,699.5,700.0,699.5,700.0,4
2026-07-16 08:56:00+00:00,684.0,684.0,684.0,684.0,2
2026-07-16 08:57:00+00:00,685.0,685.0,685.0,685.0,2
2026-07-16 08:58:00+00:00,685.0,685.0,685.0,685.0,1
2026-07-16 09:00:00+00:00,684.5,684.5,684.0,684.0,2
2026-07-16 09:02:00+00:00,684.5,685.0,684.5,685.0,2
2026-07-16 09:03:00+00:00,684.0,684.0,683.0,683.0,5
2026-07-16 09:05:00+00:00,683.0,683.0,681.5,681.5,6
2026-07-16 09:19:00+00:00,684.0,684.5,684.0,684.5,13
2026-07-16 09:23:00+00:00,684.5,684.5,684.5,684.5,2
2026-07-16 09:24:00+00:00,684.0,684.0,684.0,684.0,2
2026-07-16 09:29:00+00:00,684.0,684.0,684.0,684.0,1
2026-07-16 09:36:00+00:00,686.0,686.0,686.0,686.0,1
2026-07-16 09:48:00+00:00,686.5,686.5,686.5,686.5,1
2026-07-16 09:49:00+00:00,687.0,687.0,687.0,687.0,4
2026-07-16 09:50:00+00:00,686.5,686.5,686.5,686.5,1
2026-07-16 09:51:00+00:00,712.5,712.5,712.5,712.5,2
2026-07-16 09:52:00+00:00,712.5,712.5,712.5,712.5,2
2026-07-16 09:54:00+00:00,687.0,687.0,687.0,687.0,6
2026-07-16 09:56:00+00:00,687.0,687.0,687.0,687.0,1
2026-07-16 10:03:00+00:00,685.5,685.5,685.5,685.5,1
2026-07-16 10:04:00+00:00,685.5,685.5,685.5,685.5,1
2026-07-16 10:10:00+00:00,684.5,684.5,684.0,684.0,7
2026-07-16 10:11:00+00:00,684.0,684.0,684.0,684.0,1
2026-07-16 10:13:00+00:00,684.5,684.5,684.5,684.5,3
2026-07-16 10:32:00+00:00,684.5,684.5,684.5,684.5,3
2026-07-16 10:39:00+00:00,684.5,684.5,684.5,684.5,2
2026-07-16 10:49:00+00:00,684.0,684.0,684.0,684.0,2
2026-07-16 10:51:00+00:00,684.0,684.0,684.0,684.0,1
2026-07-16 10:56:00+00:00,684.5,684.5,684.5,684.5,1
2026-07-16 11:00:00+00:00,-14.0,-14.0,-14.0,-14.0,1
2026-07-16 11:00:00+00:00,684.0,684.0,683.5,683.5,2
2026-07-16 11:00:00+00:00,697.5,698.0,697.5,698.0,7
2026-07-16 11:01:00+00:00,683.0,683.0,683.0,683.0,2
2026-07-16 11:06:00+00:00,684.0,684.0,684.0,684.0,1
2026-07-16 11:10:00+00:00,683.0,683.0,682.5,682.5,2
2026-07-16 11:15:00+00:00,683.5,683.5,683.5,683.5,1
2026-07-16 11:16:00+00:00,684.0,684.0,684.0,684.0,2
2026-07-16 11:17:00+00:00,684.0,684.0,683.5,683.5,4
2026-07-16 11:17:00+00:00,698.0,698.0,698.0,698.0,1
2026-07-16 11:17:00+00:00,-14.5,-14.5,-14.5,-14.5,1
2026-07-16 11:18:00+00:00,684.0,684.0,684.0,684.0,1
2026-07-16 11:19:00+00:00,683.0,683.0,683.0,683.0,2
2026-07-16 11:21:00+00:00,697.0,697.0,697.0,697.0,1
2026-07-16 11:21:00+00:00,682.5,682.5,682.0,682.0,2
2026-07-16 11:42:00+00:00,682.0,682.0,682.0,682.0,1
2026-07-16 11:44:00+00:00,681.5,681.5,681.5,681.5,4
2026-07-16 11:46:00+00:00,682.0,682.0,682.0,682.0,1
2026-07-16 11:48:00+00:00,682.5,683.0,682.5,683.0,3
2026-07-16 12:04:00+00:00,681.0,681.0,679.5,679.5,43
2026-07-16 12:04:00+00:00,695.5,695.5,695.5,695.5,2
2026-07-16 12:06:00+00:00,681.5,681.5,681.0,681.0,3
2026-07-16 12:08:00+00:00,681.0,681.0,681.0,681.0,1
2026-07-16 12:12:00+00:00,680.5,680.5,680.5,680.5,1
2026-07-16 12:15:00+00:00,680.0,680.0,680.0,680.0,1
2026-07-16 12:16:00+00:00,679.0,679.0,679.0,679.0,4
2026-07-16 12:17:00+00:00,679.0,679.0,679.0,679.0,2
2026-07-16 12:19:00+00:00,680.5,680.5,680.5,680.5,2
2026-07-16 12:26:00+00:00,681.5,681.5,681.0,681.0,2
2026-07-16 12:28:00+00:00,681.0,681.0,681.0,681.0,1
2026-07-16 12:29:00+00:00,680.5,680.5,680.5,680.5,1
2026-07-16 12:30:00+00:00,680.0,680.0,679.5,679.5,2
2026-07-16 12:34:00+00:00,678.5,678.5,677.0,677.0,40
2026-07-16 12:34:00+00:00,693.5,693.5,693.5,693.5,1
2026-07-16 12:35:00+00:00,677.5,677.5,677.5,677.5,1
2026-07-16 12:37:00+00:00,678.0,678.0,678.0,678.0,2
2026-07-16 12:39:00+00:00,678.0,678.0,678.0,678.0,1
2026-07-16 13:30:00+00:00,677.0,678.0,669.0,678.0,123
2026-07-16 13:31:00+00:00,682.0,683.0,681.5,681.5,5
2026-07-16 13:32:00+00:00,681.5,681.5,679.5,679.5,4
2026-07-16 13:33:00+00:00,678.0,678.0,678.0,678.0,1
2026-07-16 13:34:00+00:00,678.0,678.0,678.0,678.0,5
2026-07-16 13:35:00+00:00,676.5,676.5,675.0,675.0,20
2026-07-16 13:36:00+00:00,676.0,676.0,676.0,676.0,11
2026-07-16 13:38:00+00:00,676.0,676.0,675.5,675.5,12
2026-07-16 13:40:00+00:00,675.5,676.0,675.5,676.0,2
2026-07-16 13:41:00+00:00,677.0,677.0,677.0,677.0,1
2026-07-16 13:42:00+00:00,678.0,678.0,678.0,678.0,1
2026-07-16 13:43:00+00:00,677.0,677.0,677.0,677.0,7
2026-07-16 13:44:00+00:00,677.5,677.5,677.5,677.5,1
2026-07-16 13:45:00+00:00,677.5,678.5,677.5,678.5,3
2026-07-16 13:46:00+00:00,694.0,694.0,694.0,694.0,2
2026-07-16 13:46:00+00:00,679.0,679.0,678.5,678.5,2
2026-07-16 13:47:00+00:00,680.0,680.0,679.5,679.5,2
2026-07-16 13:49:00+00:00,679.0,679.0,679.0,679.0,1
2026-07-16 13:50:00+00:00,693.5,694.0,693.5,694.0,6
2026-07-16 13:52:00+00:00,680.0,680.0,680.0,680.0,5
2026-07-16 13:59:00+00:00,681.0,681.0,681.0,681.0,2
2026-07-16 14:00:00+00:00,681.0,681.0,681.0,681.0,1
2026-07-16 14:01:00+00:00,681.0,681.0,681.0,681.0,8
2026-07-16 14:03:00+00:00,681.0,681.0,681.0,681.0,2
2026-07-16 14:03:00+00:00,697.5,697.5,697.5,697.5,1
2026-07-16 14:04:00+00:00,681.0,681.0,681.0,681.0,2
2026-07-16 14:05:00+00:00,680.5,680.5,680.5,680.5,4
2026-07-16 14:06:00+00:00,681.5,681.5,681.5,681.5,1
2026-07-16 14:10:00+00:00,682.5,682.5,682.5,682.5,1
2026-07-16 14:10:00+00:00,698.0,698.0,698.0,698.0,2
2026-07-16 14:12:00+00:00,683.0,684.0,683.0,684.0,5
2026-07-16 14:12:00+00:00,698.5,698.5,698.5,698.5,1
2026-07-16 14:13:00+00:00,698.5,698.5,698.5,698.5,2
2026-07-16 14:14:00+00:00,697.5,697.5,697.5,697.5,6
2026-07-16 14:14:00+00:00,682.5,682.5,682.5,682.5,1
2026-07-16 14:17:00+00:00,681.5,681.5,681.5,681.5,1
2026-07-16 14:21:00+00:00,683.0,683.5,683.0,683.5,3
2026-07-16 14:26:00+00:00,699.5,699.5,699.5,699.5,1
2026-07-16 14:27:00+00:00,698.5,698.5,698.5,698.5,2
2026-07-16 14:27:00+00:00,683.0,683.0,683.0,683.0,14
2026-07-16 14:30:00+00:00,682.5,682.5,681.5,681.5,4
2026-07-16 14:33:00+00:00,680.0,680.0,680.0,680.0,1
2026-07-16 14:43:00+00:00,681.5,681.5,681.5,681.5,1
2026-07-16 14:44:00+00:00,681.5,681.5,681.5,681.5,1
2026-07-16 14:45:00+00:00,679.5,679.5,679.0,679.0,4
2026-07-16 14:47:00+00:00,678.0,678.0,677.5,677.5,3
2026-07-16 14:50:00+00:00,677.0,677.0,677.0,677.0,2
2026-07-16 14:51:00+00:00,676.5,676.5,676.5,676.5,2
2026-07-16 14:52:00+00:00,676.5,676.5,676.5,676.5,2
2026-07-16 14:53:00+00:00,676.0,676.0,676.0,676.0,2
2026-07-16 14:54:00+00:00,692.0,692.0,692.0,692.0,2
2026-07-16 14:54:00+00:00,676.5,676.5,676.5,676.5,1
2026-07-16 14:56:00+00:00,675.0,675.0,675.0,675.0,1
2026-07-16 14:58:00+00:00,676.0,676.0,676.0,676.0,2
2026-07-16 14:59:00+00:00,677.5,677.5,677.0,677.0,3
2026-07-16 15:11:00+00:00,676.5,676.5,676.5,676.5,1
2026-07-16 15:21:00+00:00,676.0,676.0,675.5,675.5,6
2026-07-16 15:21:00+00:00,691.5,691.5,691.5,691.5,4
2026-07-16 15:21:00+00:00,-15.5,-15.5,-15.5,-15.5,4
2026-07-16 15:28:00+00:00,674.5,674.5,674.0,674.0,3
2026-07-16 15:30:00+00:00,703.0,703.0,703.0,703.0,2
2026-07-16 15:30:00+00:00,690.0,690.0,690.0,690.0,12
2026-07-16 15:30:00+00:00,-13.0,-13.0,-13.0,-13.0,2
2026-07-16 15:32:00+00:00,674.0,674.0,673.0,673.0,3
2026-07-16 15:33:00+00:00,673.0,673.0,673.0,673.0,1
2026-07-16 15:33:00+00:00,689.0,689.0,689.0,689.0,11
2026-07-16 15:38:00+00:00,674.0,674.0,674.0,674.0,1
2026-07-16 15:42:00+00:00,674.0,674.0,674.0,674.0,1
2026-07-16 15:43:00+00:00,674.0,674.0,674.0,674.0,1
2026-07-16 15:55:00+00:00,673.5,673.5,673.5,673.5,2
2026-07-16 15:58:00+00:00,674.5,674.5,674.5,674.5,1
2026-07-16 16:00:00+00:00,674.5,674.5,674.5,674.5,28
2026-07-16 16:02:00+00:00,691.0,691.0,691.0,691.0,1
2026-07-16 16:08:00+00:00,675.0,675.0,675.0,675.0,1
2026-07-16 16:09:00+00:00,675.0,675.0,674.5,674.5,2
2026-07-16 16:10:00+00:00,674.0,674.0,674.0,674.0,2
2026-07-16 16:11:00+00:00,673.5,673.5,673.5,673.5,2
2026-07-16 16:11:00+00:00,689.5,689.5,689.5,689.5,14
2026-07-16 16:16:00+00:00,673.5,673.5,673.5,673.5,2
2026-07-16 16:18:00+00:00,673.0,673.0,673.0,673.0,4
2026-07-16 16:18:00+00:00,689.0,689.0,689.0,689.0,1
2026-07-16 16:19:00+00:00,672.5,672.5,672.5,672.5,2
2026-07-16 16:23:00+00:00,671.5,671.5,671.0,671.0,5
2026-07-16 16:31:00+00:00,672.5,672.5,672.5,672.5,1
2026-07-16 16:41:00+00:00,673.0,673.0,672.5,672.5,2
2026-07-16 16:42:00+00:00,673.0,673.0,673.0,673.0,2
2026-07-16 16:43:00+00:00,672.5,672.5,672.5,672.5,3
2026-07-16 16:52:00+00:00,673.5,673.5,673.5,673.5,3
2026-07-16 16:53:00+00:00,674.0,674.0,674.0,674.0,3
2026-07-16 17:02:00+00:00,673.0,673.0,673.0,673.0,4
2026-07-16 17:16:00+00:00,689.5,689.5,689.5,689.5,2
2026-07-16 17:17:00+00:00,673.0,673.0,673.0,673.0,1
2026-07-16 17:26:00+00:00,689.5,689.5,689.5,689.5,2
2026-07-16 17:35:00+00:00,673.0,673.0,673.0,673.0,1
2026-07-16 17:39:00+00:00,673.0,674.0,673.0,674.0,2
2026-07-16 17:45:00+00:00,689.5,689.5,689.5,689.5,1
2026-07-16 17:49:00+00:00,674.0,674.0,674.0,674.0,4
2026-07-16 17:56:00+00:00,674.5,674.5,674.5,674.5,1
2026-07-16 18:07:00+00:00,-16.0,-16.0,-16.0,-16.0,1
2026-07-16 18:07:00+00:00,691.5,691.5,691.5,691.5,1
2026-07-16 18:07:00+00:00,675.5,675.5,675.5,675.5,3
2026-07-16 18:08:00+00:00,675.5,675.5,675.5,675.5,3
2026-07-16 18:08:00+00:00,691.5,691.5,691.5,691.5,3
2026-07-16 18:08:00+00:00,-16.0,-16.0,-16.0,-16.0,3
2026-07-16 18:11:00+00:00,675.0,675.0,675.0,675.0,2
2026-07-16 18:13:00+00:00,675.0,675.0,675.0,675.0,2
2026-07-16 18:14:00+00:00,675.0,675.0,675.0,675.0,2
2026-07-16 18:16:00+00:00,674.5,674.5,674.5,674.5,2
2026-07-16 18:17:00+00:00,674.5,674.5,674.0,674.0,3
2026-07-16 18:17:00+00:00,689.5,689.5,689.5,689.5,1
2026-07-16 18:19:00+00:00,691.0,691.0,691.0,691.0,1
2026-07-17 00:00:00+00:00,673.5,674.0,672.0,672.5,16
2026-07-17 00:02:00+00:00,-13.5,-13.5,-13.5,-13.5,2
2026-07-17 00:25:00+00:00,690.0,690.0,690.0,690.0,1
2026-07-17 00:26:00+00:00,673.0,673.0,673.0,673.0,5
2026-07-17 00:27:00+00:00,689.0,689.0,689.0,689.0,1
2026-07-17 00:30:00+00:00,689.5,689.5,689.5,689.5,5
2026-07-17 00:30:00+00:00,672.5,672.5,672.5,672.5,2
2026-07-17 00:31:00+00:00,689.5,689.5,689.5,689.5,5
2026-07-17 00:32:00+00:00,672.5,672.5,672.5,672.5,5
2026-07-17 00:43:00+00:00,674.0,674.0,674.0,674.0,1
2026-07-17 00:47:00+00:00,674.0,674.0,674.0,674.0,1
2026-07-17 00:48:00+00:00,674.0,674.0,674.0,674.0,2
2026-07-17 01:00:00+00:00,673.5,673.5,673.5,673.5,2
2026-07-17 01:10:00+00:00,674.0,674.0,674.0,674.0,1
2026-07-17 01:32:00+00:00,688.5,688.5,688.5,688.5,1
2026-07-17 01:32:00+00:00,671.5,671.5,671.5,671.5,1
2026-07-17 01:35:00+00:00,671.0,671.0,671.0,671.0,1
2026-07-17 01:42:00+00:00,670.0,670.0,670.0,670.0,2
2026-07-17 01:43:00+00:00,670.0,670.0,670.0,670.0,1
2026-07-17 01:47:00+00:00,686.5,686.5,686.5,686.5,1
2026-07-17 01:49:00+00:00,669.5,669.5,669.0,669.0,6
2026-07-17 01:50:00+00:00,669.5,669.5,669.5,669.5,2
2026-07-17 01:54:00+00:00,669.5,669.5,669.5,669.5,2
2026-07-17 01:58:00+00:00,699.5,699.5,699.5,699.5,2
2026-07-17 01:58:00+00:00,669.5,669.5,669.5,669.5,1
2026-07-17 01:58:00+00:00,-13.5,-13.5,-13.5,-13.5,2
2026-07-17 01:58:00+00:00,686.0,686.0,686.0,686.0,2
2026-07-17 02:10:00+00:00,670.5,670.5,670.5,670.5,1
2026-07-17 02:19:00+00:00,670.5,670.5,670.5,670.5,1
2026-07-17 02:31:00+00:00,670.5,670.5,670.5,670.5,3
2026-07-17 02:34:00+00:00,671.0,671.0,671.0,671.0,1
2026-07-17 02:35:00+00:00,670.0,670.0,670.0,670.0,1
2026-07-17 02:50:00+00:00,670.0,670.0,670.0,670.0,1
2026-07-17 02:51:00+00:00,670.0,670.0,670.0,670.0,2
2026-07-17 02:52:00+00:00,670.0,670.0,670.0,670.0,2
2026-07-17 02:53:00+00:00,669.5,669.5,669.5,669.5,1
2026-07-17 02:55:00+00:00,669.0,669.0,669.0,669.0,1
2026-07-17 03:02:00+00:00,669.0,669.0,669.0,669.0,3
2026-07-17 03:10:00+00:00,670.5,670.5,670.5,670.5,1
2026-07-17 03:12:00+00:00,670.5,670.5,670.5,670.5,1
2026-07-17 03:14:00+00:00,670.5,671.0,670.5,671.0,2
2026-07-17 03:19:00+00:00,670.0,670.0,670.0,670.0,1
2026-07-17 03:32:00+00:00,671.0,671.5,671.0,671.5,3
2026-07-17 04:13:00+00:00,669.5,669.5,669.5,669.5,1
2026-07-17 04:21:00+00:00,668.5,668.5,668.5,668.5,4
2026-07-17 04:44:00+00:00,668.5,668.5,668.5,668.5,2
2026-07-17 04:48:00+00:00,669.5,669.5,669.5,669.5,1
2026-07-17 05:29:00+00:00,668.0,668.0,668.0,668.0,3
2026-07-17 05:37:00+00:00,669.0,669.0,669.0,669.0,2
2026-07-17 05:40:00+00:00,668.5,668.5,668.5,668.5,11
2026-07-17 05:43:00+00:00,668.0,668.0,668.0,668.0,1
2026-07-17 05:49:00+00:00,669.0,669.0,669.0,669.0,1
2026-07-17 06:00:00+00:00,669.5,669.5,669.5,669.5,2
2026-07-17 06:03:00+00:00,669.5,669.5,669.5,669.5,1
2026-07-17 06:04:00+00:00,669.0,669.0,669.0,669.0,1
2026-07-17 06:08:00+00:00,685.5,685.5,685.5,685.5,1
2026-07-17 06:09:00+00:00,685.0,685.0,685.0,685.0,2
2026-07-17 06:26:00+00:00,667.5,667.5,667.5,667.5,4
2026-07-17 06:32:00+00:00,667.0,667.0,667.0,667.0,5
2026-07-17 06:32:00+00:00,683.5,683.5,683.5,683.5,1
2026-07-17 06:45:00+00:00,669.5,669.5,669.5,669.5,2
2026-07-17 07:01:00+00:00,670.5,670.5,670.5,670.5,2
2026-07-17 07:03:00+00:00,701.5,701.5,701.5,701.5,6
2026-07-17 07:03:00+00:00,687.5,689.0,687.5,688.5,18
2026-07-17 07:03:00+00:00,-16.5,-16.5,-16.5,-16.5,5
2026-07-17 07:03:00+00:00,671.0,672.5,671.0,672.0,45
2026-07-17 07:04:00+00:00,688.0,688.0,688.0,688.0,3
2026-07-17 07:09:00+00:00,671.0,671.0,671.0,671.0,3
2026-07-17 07:10:00+00:00,670.5,670.5,670.5,670.5,1
2026-07-17 07:14:00+00:00,686.5,686.5,686.5,686.5,10
2026-07-17 07:14:00+00:00,670.0,670.0,670.0,670.0,20
2026-07-17 07:21:00+00:00,699.5,699.5,699.5,699.5,4
2026-07-17 07:21:00+00:00,686.0,686.0,686.0,686.0,3
2026-07-17 07:21:00+00:00,669.0,669.5,669.0,669.5,13
2026-07-17 07:22:00+00:00,669.5,669.5,669.5,669.5,3
2026-07-17 07:22:00+00:00,686.0,686.0,686.0,686.0,3
2026-07-17 07:22:00+00:00,699.5,699.5,699.5,699.5,3
2026-07-17 07:27:00+00:00,669.5,669.5,669.5,669.5,3
2026-07-17 07:38:00+00:00,668.5,668.5,668.5,668.5,2
2026-07-17 07:47:00+00:00,670.0,670.0,670.0,670.0,1
2026-07-17 07:59:00+00:00,670.5,671.5,670.5,671.5,18
2026-07-17 07:59:00+00:00,701.0,701.0,701.0,701.0,3
2026-07-17 07:59:00+00:00,687.5,687.5,687.5,687.5,3
2026-07-17 08:00:00+00:00,701.0,701.0,701.0,701.0,3
2026-07-17 08:07:00+00:00,687.0,687.0,687.0,687.0,1
2026-07-17 08:11:00+00:00,671.0,671.0,671.0,671.0,1
2026-07-17 08:15:00+00:00,671.0,671.0,671.0,671.0,1
2026-07-17 08:28:00+00:00,689.0,689.0,689.0,689.0,1
2026-07-17 08:32:00+00:00,673.5,673.5,673.5,673.5,1
2026-07-17 08:33:00+00:00,674.0,674.0,674.0,674.0,1
2026-07-17 08:35:00+00:00,704.5,704.5,704.5,704.5,3
2026-07-17 08:37:00+00:00,674.0,674.0,674.0,674.0,1
2026-07-17 08:37:00+00:00,704.5,704.5,704.5,704.5,3
2026-07-17 08:46:00+00:00,674.0,674.0,674.0,674.0,2
2026-07-17 08:54:00+00:00,672.0,672.0,672.0,672.0,2
2026-07-17 08:59:00+00:00,672.5,672.5,672.0,672.0,28
2026-07-17 08:59:00+00:00,689.0,689.0,689.0,689.0,21
2026-07-17 08:59:00+00:00,702.5,702.5,702.5,702.5,6
2026-07-17 09:04:00+00:00,688.5,688.5,688.5,688.5,10
2026-07-17 09:08:00+00:00,672.5,672.5,672.5,672.5,1
2026-07-17 09:14:00+00:00,672.0,672.0,672.0,672.0,1
2026-07-17 09:15:00+00:00,672.5,672.5,672.5,672.5,2
2026-07-17 09:16:00+00:00,689.5,689.5,689.5,689.5,2
2026-07-17 09:18:00+00:00,673.0,673.0,673.0,673.0,2
2026-07-17 09:20:00+00:00,673.0,673.0,673.0,673.0,1
2026-07-17 09:22:00+00:00,673.0,673.0,673.0,673.0,1
2026-07-17 09:23:00+00:00,690.0,690.0,690.0,690.0,2
2026-07-17 09:25:00+00:00,673.5,673.5,673.5,673.5,1
2026-07-17 09:30:00+00:00,672.5,672.5,672.5,672.5,1
2026-07-17 09:55:00+00:00,689.0,689.0,689.0,689.0,3
2026-07-17 10:03:00+00:00,691.5,691.5,691.5,691.5,3
2026-07-17 10:03:00+00:00,674.0,674.0,674.0,674.0,2
2026-07-17 10:09:00+00:00,675.0,675.0,675.0,675.0,2
2026-07-17 10:12:00+00:00,676.5,676.5,676.5,676.5,2
2026-07-17 10:15:00+00:00,674.5,674.5,674.5,674.5,4
2026-07-17 10:15:00+00:00,691.5,691.5,691.0,691.0,10
2026-07-17 10:16:00+00:00,691.5,691.5,691.5,691.5,10
2026-07-17 10:16:00+00:00,674.5,675.0,674.5,675.0,10
2026-07-17 10:19:00+00:00,675.5,675.5,675.5,675.5,2
2026-07-17 10:21:00+00:00,676.0,676.0,676.0,676.0,1
2026-07-17 10:30:00+00:00,675.5,675.5,675.5,675.5,20
2026-07-17 10:30:00+00:00,692.0,692.0,692.0,692.0,2
2026-07-17 10:30:00+00:00,705.5,705.5,705.5,705.5,6
2026-07-17 10:32:00+00:00,675.5,675.5,675.5,675.5,2
2026-07-17 10:33:00+00:00,675.5,675.5,675.5,675.5,1
2026-07-17 10:34:00+00:00,691.5,691.5,691.5,691.5,2
2026-07-17 10:35:00+00:00,675.0,675.0,675.0,675.0,2
2026-07-17 10:41:00+00:00,675.0,675.0,675.0,675.0,1
2026-07-17 10:42:00+00:00,691.5,691.5,691.5,691.5,1
2026-07-17 10:47:00+00:00,674.5,674.5,674.5,674.5,8
2026-07-17 10:48:00+00:00,690.5,690.5,690.5,690.5,2
2026-07-17 10:50:00+00:00,675.0,675.0,675.0,675.0,1
2026-07-17 10:54:00+00:00,674.5,674.5,674.5,674.5,1
2026-07-17 11:00:00+00:00,674.5,674.5,674.0,674.0,2
2026-07-17 11:05:00+00:00,706.0,706.0,706.0,706.0,3
2026-07-17 11:05:00+00:00,676.0,676.0,676.0,676.0,4
2026-07-17 11:05:00+00:00,692.5,692.5,692.5,692.5,10
2026-07-17 11:06:00+00:00,693.5,693.5,693.5,693.5,3
2026-07-17 11:06:00+00:00,707.0,707.0,707.0,707.0,3
2026-07-17 11:06:00+00:00,677.0,677.0,677.0,677.0,2
2026-07-17 11:07:00+00:00,678.0,678.5,678.0,678.5,3
2026-07-17 11:11:00+00:00,694.5,694.5,694.5,694.5,1
2026-07-17 11:14:00+00:00,694.5,694.5,694.5,694.5,6
2026-07-17 11:15:00+00:00,678.0,678.0,678.0,678.0,1
2026-07-17 11:17:00+00:00,678.0,678.5,678.0,678.5,3
2026-07-17 11:26:00+00:00,708.0,708.0,708.0,708.0,2
2026-07-17 11:26:00+00:00,678.0,678.0,678.0,678.0,17
2026-07-17 11:31:00+00:00,677.5,677.5,677.5,677.5,1
2026-07-17 11:48:00+00:00,676.5,676.5,676.5,676.5,2
2026-07-17 11:54:00+00:00,677.5,677.5,677.0,677.0,2
2026-07-17 11:56:00+00:00,677.5,677.5,677.5,677.5,4
2026-07-17 11:58:00+00:00,676.0,676.0,676.0,676.0,2
2026-07-17 11:58:00+00:00,692.5,692.5,692.5,692.5,1
2026-07-17 11:59:00+00:00,675.5,675.5,675.5,675.5,1
2026-07-17 12:00:00+00:00,676.0,676.5,675.0,675.5,33
2026-07-17 12:02:00+00:00,676.0,676.0,676.0,676.0,2
2026-07-17 12:11:00+00:00,676.5,676.5,676.5,676.5,1
2026-07-17 12:15:00+00:00,678.0,678.0,678.0,678.0,1
2026-07-17 12:16:00+00:00,678.5,678.5,678.5,678.5,1
2026-07-17 12:17:00+00:00,679.5,679.5,679.5,679.5,1
2026-07-17 12:26:00+00:00,677.5,677.5,677.5,677.5,4
2026-07-17 12:28:00+00:00,677.0,677.0,677.0,677.0,1
2026-07-17 12:38:00+00:00,677.5,677.5,677.5,677.5,2
2026-07-17 12:44:00+00:00,679.0,679.0,679.0,679.0,1
2026-07-17 13:30:00+00:00,696.0,696.0,696.0,696.0,1
2026-07-17 13:30:00+00:00,710.0,710.0,710.0,710.0,1
2026-07-17 13:30:00+00:00,680.0,682.0,680.0,681.0,12
2026-07-17 13:31:00+00:00,697.5,697.5,697.5,697.5,2
2026-07-17 13:32:00+00:00,681.0,682.5,681.0,681.5,15
2026-07-17 13:32:00+00:00,698.0,699.0,698.0,699.0,10
2026-07-17 13:33:00+00:00,681.0,681.0,681.0,681.0,2
2026-07-17 13:34:00+00:00,680.5,680.5,680.5,680.5,3
2026-07-17 13:35:00+00:00,680.0,680.0,679.0,679.0,5
2026-07-17 13:36:00+00:00,678.0,678.0,677.0,677.0,6
2026-07-17 13:37:00+00:00,675.5,675.5,675.5,675.5,2
2026-07-17 13:38:00+00:00,692.5,692.5,692.5,692.5,1
2026-07-17 13:40:00+00:00,675.5,675.5,675.5,675.5,1
2026-07-17 13:42:00+00:00,677.0,677.0,676.5,676.5,2
2026-07-17 13:44:00+00:00,676.5,676.5,676.5,676.5,1
2026-07-17 13:46:00+00:00,676.5,676.5,676.5,676.5,2
2026-07-17 13:52:00+00:00,675.0,675.0,674.0,674.0,3
2026-07-17 13:53:00+00:00,673.0,673.0,672.5,672.5,4
2026-07-17 13:54:00+00:00,673.0,673.0,673.0,673.0,1
2026-07-17 13:56:00+00:00,672.0,672.0,672.0,672.0,1
2026-07-17 13:57:00+00:00,672.5,672.5,672.0,672.0,5
2026-07-17 13:57:00+00:00,689.0,689.0,688.5,688.5,5
2026-07-17 13:57:00+00:00,-17.0,-17.0,-17.0,-17.0,4
2026-07-17 14:06:00+00:00,674.5,674.5,674.5,674.5,1
2026-07-17 14:27:00+00:00,675.5,675.5,675.5,675.5,1
2026-07-17 14:30:00+00:00,677.0,677.0,677.0,677.0,1
2026-07-17 14:36:00+00:00,677.0,677.0,677.0,677.0,1
2026-07-17 14:42:00+00:00,694.5,694.5,694.5,694.5,2
2026-07-17 14:42:00+00:00,677.5,677.5,677.5,677.5,2
2026-07-17 14:45:00+00:00,675.5,675.5,675.5,675.5,1
2026-07-17 14:46:00+00:00,693.5,693.5,693.5,693.5,2
2026-07-17 14:48:00+00:00,677.0,677.0,677.0,677.0,1
2026-07-17 14:53:00+00:00,679.0,679.0,679.0,679.0,1
2026-07-17 14:55:00+00:00,679.5,679.5,679.5,679.5,4
2026-07-17 14:58:00+00:00,677.0,677.0,676.5,676.5,4
2026-07-17 15:03:00+00:00,694.0,694.0,694.0,694.0,1
2026-07-17 15:05:00+00:00,678.0,678.0,678.0,678.0,1
2026-07-17 15:14:00+00:00,697.5,697.5,697.5,697.5,1
2026-07-17 15:16:00+00:00,681.0,681.5,681.0,681.0,11
2026-07-17 15:18:00+00:00,680.5,680.5,680.0,680.0,2
2026-07-17 15:27:00+00:00,681.0,681.0,681.0,681.0,2
2026-07-17 15:29:00+00:00,681.5,681.5,681.5,681.5,1
2026-07-17 15:35:00+00:00,681.0,681.0,681.0,681.0,2
2026-07-17 15:47:00+00:00,680.5,680.5,680.5,680.5,2
2026-07-17 15:48:00+00:00,679.5,679.5,679.5,679.5,2
2026-07-17 15:59:00+00:00,680.5,680.5,680.5,680.5,1
2026-07-17 16:03:00+00:00,697.5,697.5,697.5,697.5,1
2026-07-17 16:05:00+00:00,697.0,697.0,697.0,697.0,1
2026-07-17 16:06:00+00:00,680.0,680.0,680.0,680.0,2
2026-07-17 16:16:00+00:00,697.5,697.5,697.5,697.5,1
2026-07-17 16:22:00+00:00,680.0,680.0,680.0,680.0,4
2026-07-17 16:23:00+00:00,681.0,681.0,681.0,681.0,1
2026-07-17 16:23:00+00:00,-17.0,-17.0,-17.0,-17.0,1
2026-07-17 16:23:00+00:00,698.0,698.0,698.0,698.0,1
2026-07-17 16:51:00+00:00,678.5,678.5,678.5,678.5,1
2026-07-17 16:57:00+00:00,677.0,677.0,677.0,677.0,2
2026-07-17 17:00:00+00:00,676.0,676.0,676.0,676.0,2
2026-07-17 17:04:00+00:00,676.5,676.5,675.5,675.5,2
2026-07-17 17:08:00+00:00,676.0,676.0,675.5,675.5,2
2026-07-17 17:10:00+00:00,675.5,675.5,675.5,675.5,1
2026-07-17 17:14:00+00:00,676.5,677.0,676.5,676.5,3
2026-07-17 17:19:00+00:00,677.5,677.5,677.5,677.5,1
2026-07-17 17:33:00+00:00,678.5,679.5,678.5,679.5,10
2026-07-17 17:34:00+00:00,680.0,680.0,680.0,680.0,3
2026-07-17 17:34:00+00:00,696.0,696.0,696.0,696.0,5
2026-07-17 17:35:00+00:00,680.0,680.0,680.0,680.0,1
2026-07-17 17:43:00+00:00,680.0,680.0,680.0,680.0,1
2026-07-17 18:05:00+00:00,682.0,682.0,682.0,682.0,2
2026-07-17 18:06:00+00:00,681.5,681.5,681.0,681.0,2
2026-07-17 18:09:00+00:00,681.0,681.0,681.0,681.0,1
2026-07-17 18:14:00+00:00,683.0,683.0,683.0,683.0,1
2026-07-17 18:16:00+00:00,683.5,684.0,683.5,684.0,3
2026-07-17 18:17:00+00:00,701.0,701.0,701.0,701.0,6
2026-07-17 18:18:00+00:00,684.0,684.0,684.0,684.0,3
2026-07-17 18:19:00+00:00,684.5,685.0,684.5,685.0,4
2026-07-20 00:00:00+00:00,686.5,689.5,686.5,688.5,70
2026-07-20 00:00:00+00:00,706.5,706.5,706.5,706.5,1
2026-07-20 00:01:00+00:00,707.5,707.5,707.5,707.5,1
2026-07-20 00:01:00+00:00,689.5,691.0,686.0,686.0,23
2026-07-20 00:02:00+00:00,690.5,690.5,690.5,690.5,1
2026-07-20 00:03:00+00:00,691.5,691.5,691.5,691.5,3
2026-07-20 00:05:00+00:00,687.0,687.0,687.0,687.0,2
2026-07-20 00:07:00+00:00,689.0,689.0,689.0,689.0,5
2026-07-20 00:32:00+00:00,685.5,685.5,685.5,685.5,1
2026-07-20 00:34:00+00:00,685.0,685.0,685.0,685.0,1
2026-07-20 00:37:00+00:00,684.5,684.5,684.5,684.5,1
2026-07-20 00:40:00+00:00,685.5,685.5,685.5,685.5,1
2026-07-20 00:47:00+00:00,702.0,702.0,702.0,702.0,2
2026-07-20 00:58:00+00:00,684.5,684.5,684.5,684.5,1
2026-07-20 01:00:00+00:00,685.0,685.0,684.5,684.5,3
2026-07-20 01:13:00+00:00,685.0,685.0,685.0,685.0,1
2026-07-20 01:14:00+00:00,684.5,684.5,684.5,684.5,1
2026-07-20 01:25:00+00:00,683.5,683.5,683.5,683.5,1
2026-07-20 01:50:00+00:00,683.5,683.5,683.5,683.5,1
2026-07-20 01:51:00+00:00,683.5,683.5,683.5,683.5,1
2026-07-20 01:53:00+00:00,683.5,683.5,683.5,683.5,1
2026-07-20 02:04:00+00:00,701.5,701.5,701.5,701.5,2
2026-07-20 02:30:00+00:00,700.5,700.5,700.5,700.5,3
2026-07-20 02:30:00+00:00,683.5,683.5,683.5,683.5,3
2026-07-20 02:31:00+00:00,700.5,700.5,700.5,700.5,3
2026-07-20 02:31:00+00:00,683.5,683.5,683.5,683.5,3
2026-07-20 02:40:00+00:00,683.5,683.5,683.5,683.5,2
2026-07-20 02:53:00+00:00,683.0,683.0,683.0,683.0,1
2026-07-20 02:55:00+00:00,700.5,701.0,700.5,701.0,5
2026-07-20 03:26:00+00:00,684.0,684.0,684.0,684.0,1
2026-07-20 03:38:00+00:00,683.5,683.5,683.5,683.5,1
2026-07-20 03:43:00+00:00,699.5,699.5,699.5,699.5,3
2026-07-20 03:43:00+00:00,683.0,683.0,682.0,682.0,5
2026-07-20 03:43:00+00:00,713.5,713.5,713.5,713.5,3
2026-07-20 03:44:00+00:00,681.5,681.5,681.5,681.5,2
2026-07-20 03:45:00+00:00,713.0,713.0,713.0,713.0,3
2026-07-20 03:54:00+00:00,681.5,681.5,681.5,681.5,1
2026-07-20 04:04:00+00:00,699.5,699.5,699.5,699.5,3
2026-07-20 04:41:00+00:00,682.0,682.0,682.0,682.0,1
2026-07-20 05:15:00+00:00,682.0,682.0,682.0,682.0,1
2026-07-20 05:25:00+00:00,682.5,682.5,682.5,682.5,1
2026-07-20 06:12:00+00:00,682.5,682.5,682.5,682.5,1
2026-07-20 06:25:00+00:00,700.0,700.0,700.0,700.0,4
2026-07-20 06:25:00+00:00,683.0,683.0,683.0,683.0,4
2026-07-20 06:56:00+00:00,716.5,716.5,716.5,716.5,4
2026-07-20 06:56:00+00:00,685.0,686.0,685.0,686.0,4
2026-07-20 07:00:00+00:00,684.0,684.0,684.0,684.0,2
2026-07-20 07:13:00+00:00,684.0,684.0,684.0,684.0,1
2026-07-20 07:15:00+00:00,683.0,683.0,681.5,681.5,24
2026-07-20 07:15:00+00:00,-17.0,-17.0,-17.0,-17.0,2
2026-07-20 07:15:00+00:00,713.0,713.0,713.0,713.0,3
2026-07-20 07:15:00+00:00,699.0,699.0,698.5,698.5,7
2026-07-20 07:16:00+00:00,713.0,713.0,713.0,713.0,3
2026-07-20 07:16:00+00:00,682.0,682.5,682.0,682.5,6
2026-07-20 07:16:00+00:00,699.0,699.0,699.0,699.0,3
2026-07-20 07:17:00+00:00,682.0,682.0,682.0,682.0,1
2026-07-20 07:18:00+00:00,682.5,682.5,682.0,682.0,2
2026-07-20 07:18:00+00:00,700.0,700.0,700.0,700.0,1
2026-07-20 07:19:00+00:00,682.0,682.0,682.0,682.0,1
2026-07-20 07:22:00+00:00,681.0,681.0,680.5,680.5,4
2026-07-20 07:29:00+00:00,681.5,681.5,681.5,681.5,4
2026-07-20 07:32:00+00:00,681.5,681.5,681.5,681.5,3
2026-07-20 07:33:00+00:00,681.5,681.5,681.5,681.5,3
2026-07-20 07:36:00+00:00,681.5,681.5,681.5,681.5,1
2026-07-20 07:37:00+00:00,680.5,680.5,680.5,680.5,2
2026-07-20 07:40:00+00:00,680.0,680.0,680.0,680.0,1
2026-07-20 07:44:00+00:00,679.5,679.5,677.5,677.5,25
2026-07-20 07:44:00+00:00,695.5,695.5,695.5,695.5,10
2026-07-20 07:46:00+00:00,678.0,678.0,678.0,678.0,1
2026-07-20 07:50:00+00:00,678.5,678.5,678.5,678.5,1
2026-07-20 08:00:00+00:00,678.0,678.5,678.0,678.5,21
2026-07-20 08:05:00+00:00,679.5,679.5,679.5,679.5,3
2026-07-20 08:12:00+00:00,680.0,680.0,680.0,680.0,1
2026-07-20 08:26:00+00:00,680.5,680.5,680.5,680.5,1
2026-07-20 08:32:00+00:00,680.0,680.0,680.0,680.0,3
2026-07-20 08:44:00+00:00,680.5,680.5,680.5,680.5,3
2026-07-20 08:51:00+00:00,703.5,703.5,703.5,703.5,14
2026-07-20 08:51:00+00:00,685.5,686.5,685.5,686.5,8
2026-07-20 08:55:00+00:00,685.0,685.0,685.0,685.0,1
2026-07-20 09:00:00+00:00,684.0,684.0,684.0,684.0,2
2026-07-20 09:08:00+00:00,702.5,702.5,702.5,702.5,3
2026-07-20 09:09:00+00:00,702.5,702.5,702.5,702.5,3
2026-07-20 09:12:00+00:00,685.5,685.5,685.5,685.5,2
2026-07-20 09:18:00+00:00,684.0,684.0,684.0,684.0,1
2026-07-20 09:22:00+00:00,701.5,701.5,701.5,701.5,4
2026-07-20 09:22:00+00:00,684.5,684.5,684.5,684.5,2
2026-07-20 09:36:00+00:00,683.5,683.5,683.5,683.5,1
2026-07-20 09:52:00+00:00,683.0,683.0,683.0,683.0,1
2026-07-20 10:28:00+00:00,681.5,681.5,681.5,681.5,1
2026-07-20 10:29:00+00:00,699.5,699.5,699.5,699.5,4
2026-07-20 10:29:00+00:00,682.0,682.0,682.0,682.0,4
2026-07-20 10:32:00+00:00,682.5,682.5,682.5,682.5,1
2026-07-20 10:41:00+00:00,683.5,683.5,683.5,683.5,2
2026-07-20 10:45:00+00:00,684.0,684.0,684.0,684.0,1
2026-07-20 11:01:00+00:00,700.5,700.5,700.5,700.5,5
2026-07-20 11:04:00+00:00,682.5,682.5,682.5,682.5,1
2026-07-20 11:06:00+00:00,683.5,683.5,683.5,683.5,2
2026-07-20 11:07:00+00:00,683.5,683.5,683.5,683.5,5
2026-07-20 11:09:00+00:00,683.5,683.5,683.5,683.5,4
2026-07-20 11:21:00+00:00,682.5,682.5,682.5,682.5,5
2026-07-20 11:27:00+00:00,701.0,701.0,701.0,701.0,1
2026-07-20 11:31:00+00:00,681.0,681.0,679.5,679.5,6
2026-07-20 11:32:00+00:00,679.0,679.0,679.0,679.0,1
2026-07-20 11:42:00+00:00,711.5,711.5,711.5,711.5,2
2026-07-20 11:53:00+00:00,699.0,699.0,699.0,699.0,2
2026-07-20 11:59:00+00:00,681.0,681.0,681.0,681.0,2
2026-07-20 11:59:00+00:00,698.5,698.5,698.5,698.5,12
2026-07-20 12:00:00+00:00,699.5,699.5,699.5,699.5,2
2026-07-20 12:02:00+00:00,683.5,683.5,683.5,683.5,1
2026-07-20 12:06:00+00:00,684.0,684.0,684.0,684.0,1
2026-07-20 12:09:00+00:00,685.5,685.5,685.5,685.5,1
2026-07-20 12:12:00+00:00,684.5,685.0,684.5,685.0,6
2026-07-20 12:13:00+00:00,684.0,684.0,684.0,684.0,1
2026-07-20 12:34:00+00:00,684.0,684.0,684.0,684.0,1
2026-07-20 13:30:00+00:00,683.0,683.0,680.5,680.5,7
2026-07-20 13:31:00+00:00,697.5,697.5,697.5,697.5,2
2026-07-20 13:31:00+00:00,680.0,680.0,676.5,676.5,6
2026-07-20 13:32:00+00:00,695.0,695.0,695.0,695.0,3
2026-07-20 13:34:00+00:00,680.5,680.5,680.5,680.5,1
2026-07-20 13:40:00+00:00,678.0,678.0,678.0,678.0,10
2026-07-20 13:41:00+00:00,676.0,677.0,676.0,677.0,6
2026-07-20 13:42:00+00:00,675.5,675.5,675.5,675.5,1
2026-07-20 13:45:00+00:00,692.0,692.0,692.0,692.0,1
2026-07-20 13:45:00+00:00,675.0,675.0,674.5,674.5,5
2026-07-20 13:46:00+00:00,676.0,676.0,676.0,676.0,1
2026-07-20 13:49:00+00:00,-17.5,-17.5,-17.5,-17.5,1
2026-07-20 13:49:00+00:00,674.0,674.0,673.5,673.5,4
2026-07-20 13:49:00+00:00,691.5,691.5,691.5,691.5,1
2026-07-20 13:51:00+00:00,692.5,692.5,692.5,692.5,1
2026-07-20 13:52:00+00:00,675.0,675.0,675.0,675.0,1
2026-07-20 13:54:00+00:00,676.0,676.0,676.0,676.0,2
2026-07-20 13:56:00+00:00,677.0,677.0,677.0,677.0,1
2026-07-20 14:00:00+00:00,677.0,677.0,677.0,677.0,2
2026-07-20 14:01:00+00:00,678.5,678.5,678.5,678.5,1
2026-07-20 14:03:00+00:00,676.0,676.0,676.0,676.0,1
2026-07-20 14:06:00+00:00,676.0,676.0,676.0,676.0,1
2026-07-20 14:15:00+00:00,693.5,693.5,693.5,693.5,1
2026-07-20 14:16:00+00:00,694.0,694.0,694.0,694.0,4
2026-07-20 14:17:00+00:00,675.5,675.5,675.5,675.5,1
2026-07-20 14:18:00+00:00,675.5,675.5,675.5,675.5,1
2026-07-20 14:19:00+00:00,675.5,675.5,675.5,675.5,2
2026-07-20 14:22:00+00:00,675.0,675.0,675.0,675.0,1
2026-07-20 14:24:00+00:00,675.5,675.5,675.5,675.5,1
2026-07-20 14:26:00+00:00,675.5,675.5,675.5,675.5,1
2026-07-20 14:27:00+00:00,674.5,674.5,674.5,674.5,5
2026-07-20 14:33:00+00:00,693.0,693.0,693.0,693.0,2
2026-07-20 14:41:00+00:00,707.5,707.5,707.5,707.5,2
2026-07-20 14:45:00+00:00,676.0,676.0,676.0,676.0,2
2026-07-20 14:46:00+00:00,676.5,676.5,676.5,676.5,1
2026-07-20 14:55:00+00:00,677.0,677.0,677.0,677.0,1
2026-07-20 14:58:00+00:00,694.0,694.0,694.0,694.0,2
2026-07-20 14:59:00+00:00,677.5,677.5,677.5,677.5,1
2026-07-20 14:59:00+00:00,695.0,695.0,695.0,695.0,1
2026-07-20 15:07:00+00:00,678.0,678.0,678.0,678.0,3
2026-07-20 15:08:00+00:00,677.0,677.0,677.0,677.0,1
2026-07-20 15:18:00+00:00,695.5,695.5,695.5,695.5,1
2026-07-20 15:22:00+00:00,677.5,677.5,676.5,676.5,4
2026-07-20 15:23:00+00:00,676.0,676.0,675.5,675.5,2
2026-07-20 15:26:00+00:00,694.0,694.0,694.0,694.0,2
2026-07-20 15:26:00+00:00,676.5,676.5,676.5,676.5,2
2026-07-20 15:33:00+00:00,676.5,676.5,676.5,676.5,1
2026-07-20 15:45:00+00:00,676.5,676.5,676.5,676.5,1
2026-07-20 16:00:00+00:00,695.5,695.5,695.5,695.5,2
2026-07-20 16:01:00+00:00,695.5,695.5,695.5,695.5,2
2026-07-20 16:14:00+00:00,677.5,677.5,677.5,677.5,1
2026-07-20 16:15:00+00:00,677.5,677.5,677.5,677.5,2
2026-07-20 16:23:00+00:00,676.5,676.5,676.5,676.5,1
2026-07-20 16:28:00+00:00,678.0,678.0,678.0,678.0,1
2026-07-20 16:29:00+00:00,678.0,678.0,678.0,678.0,2
2026-07-20 16:30:00+00:00,677.5,677.5,677.0,677.0,3
2026-07-20 16:40:00+00:00,695.0,695.0,695.0,695.0,5
2026-07-20 17:04:00+00:00,674.0,674.0,674.0,674.0,1
2026-07-20 17:05:00+00:00,674.5,674.5,674.5,674.5,1
2026-07-20 17:07:00+00:00,674.5,674.5,674.5,674.5,1
2026-07-20 17:17:00+00:00,675.0,675.0,675.0,675.0,2
2026-07-20 18:01:00+00:00,675.0,675.0,675.0,675.0,3
2026-07-20 18:05:00+00:00,675.0,675.0,675.0,675.0,2
2026-07-20 18:06:00+00:00,675.0,675.0,675.0,675.0,1
2026-07-20 18:08:00+00:00,674.5,674.5,674.5,674.5,3
2026-07-20 18:14:00+00:00,674.5,674.5,673.5,673.5,2
2026-07-20 18:16:00+00:00,674.5,674.5,674.5,674.5,1
2026-07-20 18:19:00+00:00,673.5,673.5,672.5,672.5,5
2026-07-21 00:00:00+00:00,673.5,673.5,673.5,673.5,2
2026-07-21 00:01:00+00:00,704.5,704.5,704.5,704.5,10
2026-07-21 00:01:00+00:00,671.5,671.5,670.5,670.5,16
2026-07-21 00:04:00+00:00,672.0,672.0,672.0,672.0,1
2026-07-21 00:05:00+00:00,672.0,672.0,672.0,672.0,1
2026-07-21 00:06:00+00:00,671.0,671.0,671.0,671.0,1
2026-07-21 00:19:00+00:00,675.0,675.0,675.0,675.0,1
2026-07-21 00:23:00+00:00,676.5,676.5,676.5,676.5,3
2026-07-21 00:33:00+00:00,696.0,696.0,696.0,696.0,1
2026-07-21 01:06:00+00:00,677.0,677.0,677.0,677.0,2
2026-07-21 01:16:00+00:00,675.5,675.5,675.5,675.5,1
2026-07-21 01:47:00+00:00,675.0,675.0,675.0,675.0,3
2026-07-21 02:31:00+00:00,673.5,673.5,673.5,673.5,3
2026-07-21 02:32:00+00:00,673.0,673.0,673.0,673.0,2
2026-07-21 02:34:00+00:00,673.0,673.5,673.0,673.5,5
2026-07-21 02:35:00+00:00,672.5,672.5,672.5,672.5,6
2026-07-21 02:48:00+00:00,673.0,673.0,673.0,673.0,1
2026-07-21 03:27:00+00:00,674.5,674.5,674.5,674.5,1
2026-07-21 03:38:00+00:00,691.5,691.5,691.5,691.5,2
2026-07-21 03:50:00+00:00,675.0,675.0,675.0,675.0,1
2026-07-21 04:13:00+00:00,675.0,675.0,675.0,675.0,2
2026-07-21 04:19:00+00:00,675.0,675.0,675.0,675.0,1
2026-07-21 04:24:00+00:00,674.0,674.0,674.0,674.0,1
2026-07-21 05:53:00+00:00,673.5,673.5,673.5,673.5,1
2026-07-21 06:42:00+00:00,692.0,692.0,692.0,692.0,2
2026-07-21 06:57:00+00:00,709.0,709.0,709.0,709.0,2
2026-07-21 06:57:00+00:00,676.5,676.5,676.5,676.5,1
2026-07-21 06:58:00+00:00,709.0,709.0,709.0,709.0,2
2026-07-21 07:09:00+00:00,677.5,678.0,677.5,678.0,2
2026-07-21 07:17:00+00:00,678.5,678.5,678.5,678.5,2
2026-07-21 07:27:00+00:00,677.5,677.5,677.5,677.5,1
2026-07-21 07:32:00+00:00,676.5,676.5,676.0,676.0,22
2026-07-21 07:32:00+00:00,-17.5,-17.5,-17.5,-17.5,2
2026-07-21 07:32:00+00:00,694.0,694.0,693.5,693.5,22
2026-07-21 07:34:00+00:00,674.5,674.5,674.5,674.5,2
2026-07-21 07:35:00+00:00,673.5,673.5,673.0,673.0,2
2026-07-21 07:38:00+00:00,673.5,673.5,673.5,673.5,1
2026-07-21 07:39:00+00:00,690.5,690.5,690.5,690.5,2
2026-07-21 07:41:00+00:00,672.0,672.0,672.0,672.0,4
2026-07-21 07:52:00+00:00,672.5,672.5,672.5,672.5,1
2026-07-21 08:16:00+00:00,703.0,703.0,703.0,703.0,10
2026-07-21 08:16:00+00:00,-18.0,-18.0,-18.0,-18.0,1
2026-07-21 08:16:00+00:00,687.5,687.5,685.5,685.5,11
2026-07-21 08:16:00+00:00,670.5,670.5,667.5,668.0,40
2026-07-21 08:18:00+00:00,669.0,669.0,668.0,668.0,6
2026-07-21 08:18:00+00:00,-17.5,-17.5,-17.5,-17.5,1
2026-07-21 08:18:00+00:00,685.5,685.5,685.5,685.5,1
2026-07-21 08:19:00+00:00,667.5,668.0,667.5,668.0,3
2026-07-21 08:19:00+00:00,685.0,685.0,685.0,685.0,1
2026-07-21 08:24:00+00:00,668.0,668.5,668.0,668.0,5
2026-07-21 08:29:00+00:00,687.5,687.5,687.5,687.5,1
2026-07-21 08:30:00+00:00,669.0,669.0,669.0,669.0,1
2026-07-21 08:43:00+00:00,673.0,673.0,673.0,673.0,1
2026-07-21 08:44:00+00:00,706.0,706.0,706.0,706.0,6
2026-07-21 08:52:00+00:00,673.5,673.5,673.5,673.5,1
2026-07-21 08:53:00+00:00,673.0,673.0,671.0,671.0,15
2026-07-21 08:53:00+00:00,690.0,690.0,689.5,689.5,12
2026-07-21 08:53:00+00:00,705.5,705.5,705.0,705.0,11
2026-07-21 08:54:00+00:00,704.0,704.0,704.0,704.0,3
2026-07-21 08:54:00+00:00,688.5,688.5,688.5,688.5,3
2026-07-21 08:54:00+00:00,671.0,671.0,671.0,671.0,3
2026-07-21 08:55:00+00:00,671.5,671.5,671.5,671.5,1
2026-07-21 09:02:00+00:00,672.0,672.0,671.0,671.0,8
2026-07-21 09:05:00+00:00,671.5,671.5,671.5,671.5,2
2026-07-21 09:06:00+00:00,688.5,688.5,688.5,688.5,3
2026-07-21 09:07:00+00:00,671.0,671.0,670.0,670.0,3
2026-07-21 09:11:00+00:00,671.5,671.5,671.5,671.5,3
2026-07-21 09:14:00+00:00,673.0,673.0,673.0,673.0,3
2026-07-21 09:14:00+00:00,690.5,690.5,690.5,690.5,5
2026-07-21 09:38:00+00:00,676.0,676.0,676.0,676.0,1
2026-07-21 09:38:00+00:00,693.5,694.0,693.5,694.0,7
2026-07-21 09:47:00+00:00,690.5,690.5,690.5,690.5,2
2026-07-21 09:50:00+00:00,690.0,690.0,690.0,690.0,2
2026-07-21 09:52:00+00:00,673.0,673.0,673.0,673.0,3
2026-07-21 10:02:00+00:00,673.5,673.5,673.5,673.5,3
2026-07-21 10:03:00+00:00,673.5,673.5,673.5,673.5,3
2026-07-21 10:52:00+00:00,674.0,674.0,673.5,673.5,2
2026-07-21 10:54:00+00:00,673.0,673.0,673.0,673.0,1
2026-07-21 11:08:00+00:00,691.5,691.5,691.5,691.5,4
2026-07-21 11:17:00+00:00,673.5,673.5,673.5,673.5,2
2026-07-21 11:32:00+00:00,672.5,672.5,672.5,672.5,1
2026-07-21 11:34:00+00:00,672.0,672.0,672.0,672.0,3
2026-07-21 11:34:00+00:00,689.0,689.0,689.0,689.0,1
2026-07-21 11:36:00+00:00,670.5,670.5,670.5,670.5,3
2026-07-21 12:06:00+00:00,670.0,670.0,670.0,670.0,3
2026-07-21 12:07:00+00:00,670.0,670.0,670.0,670.0,3
2026-07-21 12:08:00+00:00,669.5,669.5,669.5,669.5,1
2026-07-21 12:15:00+00:00,687.0,687.0,687.0,687.0,4
2026-07-21 12:15:00+00:00,669.5,669.5,669.5,669.5,2
2026-07-21 12:18:00+00:00,670.0,670.0,670.0,670.0,2
2026-07-21 12:19:00+00:00,669.5,669.5,669.5,669.5,1
2026-07-21 12:27:00+00:00,686.5,686.5,686.5,686.5,2
2026-07-21 12:27:00+00:00,669.0,669.0,669.0,669.0,1
2026-07-21 12:32:00+00:00,668.5,668.5,668.5,668.5,3
2026-07-21 12:36:00+00:00,668.5,668.5,668.5,668.5,3
2026-07-21 12:40:00+00:00,669.0,669.0,669.0,669.0,1
2026-07-21 13:30:00+00:00,669.0,669.0,666.0,666.0,31
2026-07-21 13:30:00+00:00,685.0,685.0,684.0,684.0,2
2026-07-21 13:35:00+00:00,686.0,686.0,686.0,686.0,6
2026-07-21 13:35:00+00:00,669.0,670.0,669.0,670.0,3
2026-07-21 13:37:00+00:00,669.0,669.0,669.0,669.0,1
2026-07-21 13:40:00+00:00,670.5,670.5,668.5,670.5,3
2026-07-21 13:41:00+00:00,667.5,667.5,667.5,667.5,1
2026-07-21 13:47:00+00:00,669.5,669.5,669.5,669.5,1
2026-07-21 13:52:00+00:00,670.0,670.0,670.0,670.0,1
2026-07-21 13:52:00+00:00,688.0,688.0,688.0,688.0,1
2026-07-21 13:54:00+00:00,670.0,670.0,670.0,670.0,1
2026-07-21 13:56:00+00:00,689.5,689.5,689.5,689.5,2
2026-07-21 14:04:00+00:00,667.5,670.5,667.5,670.5,2
2026-07-21 14:06:00+00:00,671.5,671.5,671.5,671.5,2
2026-07-21 14:10:00+00:00,671.0,671.0,671.0,671.0,2
2026-07-21 14:17:00+00:00,687.0,687.0,687.0,687.0,1
2026-07-21 14:22:00+00:00,686.5,686.5,686.5,686.5,2
2026-07-21 14:33:00+00:00,668.0,668.0,667.5,667.5,8
2026-07-21 14:33:00+00:00,686.0,686.0,686.0,686.0,4
2026-07-21 14:35:00+00:00,686.5,686.5,686.5,686.5,1
2026-07-21 14:48:00+00:00,667.5,667.5,667.5,667.5,2
2026-07-21 14:50:00+00:00,668.5,668.5,668.5,668.5,1
2026-07-21 14:54:00+00:00,669.0,669.0,669.0,669.0,1
2026-07-21 15:09:00+00:00,669.0,669.5,669.0,669.5,8
2026-07-21 15:10:00+00:00,669.0,669.0,669.0,669.0,4
2026-07-21 15:15:00+00:00,669.0,669.0,669.0,669.0,4
2026-07-21 15:43:00+00:00,670.0,670.0,670.0,670.0,1
2026-07-21 16:02:00+00:00,672.0,672.0,672.0,672.0,1
2026-07-21 16:15:00+00:00,690.5,690.5,690.5,690.5,1
2026-07-21 16:16:00+00:00,673.5,674.0,673.5,674.0,5
2026-07-21 16:18:00+00:00,672.0,672.0,672.0,672.0,1
2026-07-21 16:22:00+00:00,690.0,690.0,690.0,690.0,1
2026-07-21 16:25:00+00:00,673.0,673.0,673.0,673.0,1
2026-07-21 16:29:00+00:00,673.5,673.5,673.5,673.5,1
2026-07-21 16:30:00+00:00,673.5,673.5,673.5,673.5,1
2026-07-21 16:32:00+00:00,673.0,673.0,673.0,673.0,2
2026-07-21 16:37:00+00:00,673.0,673.0,673.0,673.0,2
2026-07-21 16:40:00+00:00,692.0,692.0,692.0,692.0,1
2026-07-21 16:44:00+00:00,672.5,672.5,672.5,672.5,2
2026-07-21 16:45:00+00:00,673.5,673.5,673.5,673.5,2
2026-07-21 17:00:00+00:00,694.0,694.0,694.0,694.0,1
2026-07-21 17:02:00+00:00,677.5,678.0,677.5,678.0,4
2026-07-21 17:02:00+00:00,695.0,695.0,695.0,695.0,1
2026-07-21 17:03:00+00:00,695.5,695.5,695.5,695.5,1
2026-07-21 17:04:00+00:00,677.5,677.5,677.5,677.5,1
2026-07-21 17:05:00+00:00,677.0,677.0,677.0,677.0,1
2026-07-21 17:13:00+00:00,678.0,678.0,678.0,678.0,1
2026-07-21 17:14:00+00:00,677.0,677.0,677.0,677.0,1
2026-07-21 17:28:00+00:00,677.0,677.0,677.0,677.0,1
2026-07-21 17:38:00+00:00,678.0,678.0,678.0,678.0,1
2026-07-21 17:43:00+00:00,677.5,677.5,677.5,677.5,1
2026-07-21 17:44:00+00:00,677.5,677.5,677.5,677.5,1
2026-07-21 18:01:00+00:00,676.5,677.0,676.5,677.0,3
2026-07-21 18:14:00+00:00,678.5,678.5,678.5,678.5,1
2026-07-21 18:16:00+00:00,678.0,678.0,678.0,678.0,2
2026-07-21 18:17:00+00:00,696.0,696.0,696.0,696.0,3
2026-07-21 18:19:00+00:00,697.0,697.0,697.0,697.0,1
2026-07-22 00:00:00+00:00,679.5,680.0,679.5,680.0,2
2026-07-22 00:01:00+00:00,698.5,698.5,698.5,698.5,1
2026-07-22 00:01:00+00:00,680.0,680.0,680.0,680.0,4
2026-07-22 00:02:00+00:00,680.0,680.0,680.0,680.0,2
2026-07-22 00:03:00+00:00,681.5,681.5,681.5,681.5,2
2026-07-22 00:16:00+00:00,700.0,700.5,700.0,700.5,2
2026-07-22 00:22:00+00:00,681.0,681.0,681.0,681.0,1
2026-07-22 00:40:00+00:00,681.0,681.0,681.0,681.0,1
2026-07-22 00:42:00+00:00,715.0,715.0,715.0,715.0,5
2026-07-22 00:51:00+00:00,713.5,713.5,713.5,713.5,4
2026-07-22 01:16:00+00:00,715.5,715.5,715.5,715.5,1
2026-07-22 01:22:00+00:00,715.5,715.5,715.5,715.5,2
2026-07-22 01:23:00+00:00,683.0,683.0,683.0,683.0,1
2026-07-22 01:49:00+00:00,682.5,682.5,682.5,682.5,1
2026-07-22 01:53:00+00:00,731.0,731.0,731.0,731.0,1
2026-07-22 01:53:00+00:00,700.0,700.0,700.0,700.0,1
2026-07-22 01:53:00+00:00,-31.0,-31.0,-31.0,-31.0,1
2026-07-22 02:00:00+00:00,700.0,700.0,700.0,700.0,1
2026-07-22 02:09:00+00:00,682.5,682.5,682.5,682.5,4
2026-07-22 02:11:00+00:00,682.5,682.5,682.5,682.5,1
2026-07-22 02:41:00+00:00,701.0,701.0,701.0,701.0,1
2026-07-22 03:10:00+00:00,681.0,681.0,681.0,681.0,1
2026-07-22 03:50:00+00:00,682.0,682.0,682.0,682.0,1
2026-07-22 03:56:00+00:00,683.0,683.0,683.0,683.0,1
2026-07-22 04:21:00+00:00,683.0,683.0,683.0,683.0,1
2026-07-22 04:25:00+00:00,701.0,701.0,701.0,701.0,5
2026-07-22 04:40:00+00:00,700.5,700.5,700.5,700.5,1
2026-07-22 04:40:00+00:00,683.5,683.5,683.5,683.5,1
2026-07-22 05:32:00+00:00,682.0,682.0,682.0,682.0,1
2026-07-22 05:33:00+00:00,681.0,681.0,681.0,681.0,1
2026-07-22 05:45:00+00:00,680.0,680.0,680.0,680.0,1
2026-07-22 06:24:00+00:00,713.5,713.5,713.5,713.5,3
2026-07-22 06:24:00+00:00,698.0,698.0,698.0,698.0,5
2026-07-22 06:25:00+00:00,713.5,713.5,713.5,713.5,3
2026-07-22 06:25:00+00:00,680.0,680.0,680.0,680.0,1
2026-07-22 06:25:00+00:00,698.0,698.0,698.0,698.0,3
2026-07-22 06:32:00+00:00,679.5,679.5,679.5,679.5,1
2026-07-22 06:34:00+00:00,695.5,695.5,695.5,695.5,2
2026-07-22 06:35:00+00:00,677.5,677.5,677.5,677.5,2
2026-07-22 06:40:00+00:00,697.0,697.0,697.0,697.0,1
2026-07-22 06:48:00+00:00,697.0,697.0,697.0,697.0,2
2026-07-22 06:56:00+00:00,678.5,678.5,678.5,678.5,6
2026-07-22 07:12:00+00:00,681.0,681.0,681.0,681.0,1
2026-07-22 07:16:00+00:00,681.5,681.5,681.5,681.5,1
2026-07-22 07:22:00+00:00,699.0,699.0,699.0,699.0,1
2026-07-22 07:37:00+00:00,701.0,701.0,701.0,701.0,1
2026-07-22 07:39:00+00:00,684.0,684.0,684.0,684.0,4
2026-07-22 07:41:00+00:00,685.0,686.0,685.0,686.0,12
2026-07-22 07:41:00+00:00,703.0,703.0,703.0,703.0,7
2026-07-22 07:45:00+00:00,703.0,703.0,703.0,703.0,2
2026-07-22 07:47:00+00:00,685.5,685.5,685.5,685.5,2
2026-07-22 07:48:00+00:00,703.0,703.0,703.0,703.0,2
2026-07-22 07:51:00+00:00,686.0,686.0,686.0,686.0,1
2026-07-22 07:53:00+00:00,684.0,684.0,684.0,684.0,1
2026-07-22 07:57:00+00:00,684.5,684.5,684.5,684.5,1
2026-07-22 08:01:00+00:00,684.0,684.0,684.0,684.0,1
2026-07-22 08:03:00+00:00,702.5,702.5,702.5,702.5,1
2026-07-22 08:05:00+00:00,683.0,683.0,682.5,682.5,9
2026-07-22 08:05:00+00:00,700.5,700.5,700.5,700.5,3
2026-07-22 08:06:00+00:00,683.0,683.0,683.0,683.0,1
2026-07-22 08:18:00+00:00,683.5,683.5,683.5,683.5,1
2026-07-22 08:19:00+00:00,683.5,683.5,683.5,683.5,1
2026-07-22 08:20:00+00:00,683.5,683.5,683.5,683.5,1
2026-07-22 08:22:00+00:00,701.0,701.0,701.0,701.0,2
2026-07-22 08:33:00+00:00,716.0,716.0,716.0,716.0,3
2026-07-22 08:33:00+00:00,701.0,701.0,701.0,701.0,16
2026-07-22 08:33:00+00:00,-15.0,-15.0,-15.0,-15.0,1
2026-07-22 08:33:00+00:00,683.0,683.5,683.0,683.5,7
2026-07-22 08:36:00+00:00,716.0,716.0,716.0,716.0,2
2026-07-22 08:36:00+00:00,701.0,701.0,701.0,701.0,3
2026-07-22 08:36:00+00:00,683.5,683.5,683.5,683.5,3
2026-07-22 08:37:00+00:00,716.0,716.0,716.0,716.0,1
2026-07-22 08:38:00+00:00,683.5,683.5,683.5,683.5,1
2026-07-22 08:40:00+00:00,683.5,683.5,683.5,683.5,1
2026-07-22 08:42:00+00:00,701.5,701.5,701.5,701.5,2
2026-07-22 08:49:00+00:00,684.0,684.0,684.0,684.0,2
2026-07-22 08:54:00+00:00,684.5,684.5,684.5,684.5,1
2026-07-22 08:56:00+00:00,685.0,685.0,685.0,685.0,2
2026-07-22 08:58:00+00:00,685.5,685.5,685.5,685.5,1
2026-07-22 09:10:00+00:00,685.0,685.0,685.0,685.0,1
2026-07-22 09:22:00+00:00,700.5,700.5,700.5,700.5,1
2026-07-22 09:32:00+00:00,683.0,683.0,683.0,683.0,1
2026-07-22 09:49:00+00:00,683.5,684.0,683.5,684.0,7
2026-07-22 09:53:00+00:00,684.5,684.5,684.5,684.5,2
2026-07-22 10:00:00+00:00,684.5,684.5,684.5,684.5,2
2026-07-22 10:01:00+00:00,703.0,703.0,703.0,703.0,1
2026-07-22 10:04:00+00:00,686.0,686.0,686.0,686.0,1
2026-07-22 10:07:00+00:00,687.0,687.5,687.0,687.5,9
2026-07-22 10:12:00+00:00,686.0,686.0,686.0,686.0,1
2026-07-22 10:15:00+00:00,687.0,687.0,687.0,687.0,2
2026-07-22 10:22:00+00:00,686.0,686.0,686.0,686.0,1
2026-07-22 10:32:00+00:00,703.5,703.5,703.5,703.5,1
2026-07-22 10:39:00+00:00,685.5,687.0,685.5,687.0,29
2026-07-22 10:39:00+00:00,703.5,704.5,703.5,704.5,10
2026-07-22 10:39:00+00:00,-17.5,-17.5,-17.5,-17.5,5
2026-07-22 10:40:00+00:00,687.0,687.5,687.0,687.5,6
2026-07-22 10:40:00+00:00,704.5,704.5,704.5,704.5,5
2026-07-22 10:45:00+00:00,687.0,687.0,687.0,687.0,1
2026-07-22 10:47:00+00:00,687.0,687.0,687.0,687.0,1
2026-07-22 10:48:00+00:00,688.0,688.0,688.0,688.0,6
2026-07-22 10:49:00+00:00,688.0,688.0,688.0,688.0,3
2026-07-22 10:50:00+00:00,687.5,688.0,687.5,688.0,3
2026-07-22 10:51:00+00:00,688.0,688.0,688.0,688.0,1
2026-07-22 10:53:00+00:00,706.5,706.5,706.5,706.5,4
2026-07-22 10:53:00+00:00,721.5,721.5,721.5,721.5,2
2026-07-22 10:53:00+00:00,-17.5,-17.5,-17.5,-17.5,1
2026-07-22 10:53:00+00:00,688.5,689.0,688.5,689.0,12
2026-07-22 10:54:00+00:00,722.0,722.0,722.0,722.0,2
2026-07-22 10:54:00+00:00,689.0,689.0,689.0,689.0,3
2026-07-22 10:54:00+00:00,706.5,706.5,706.5,706.5,1
2026-07-22 10:55:00+00:00,689.0,690.5,689.0,690.5,24
2026-07-22 10:55:00+00:00,707.0,708.5,707.0,708.5,4
2026-07-22 10:56:00+00:00,691.0,691.5,691.0,691.0,11
2026-07-22 10:57:00+00:00,692.0,692.0,692.0,692.0,8
2026-07-22 10:58:00+00:00,691.0,691.0,691.0,691.0,2
2026-07-22 10:59:00+00:00,724.0,724.0,724.0,724.0,3
2026-07-22 10:59:00+00:00,691.5,692.0,691.5,692.0,3
2026-07-22 11:00:00+00:00,725.0,725.0,725.0,725.0,3
2026-07-22 11:00:00+00:00,709.0,709.5,709.0,709.5,2
2026-07-22 11:00:00+00:00,692.0,692.5,692.0,692.0,9
2026-07-22 11:01:00+00:00,691.5,691.5,691.5,691.5,1
2026-07-22 11:01:00+00:00,709.0,709.0,709.0,709.0,4
2026-07-22 11:03:00+00:00,690.5,690.5,690.0,690.0,3
2026-07-22 11:04:00+00:00,690.5,690.5,690.5,690.5,3
2026-07-22 11:06:00+00:00,708.0,708.0,708.0,708.0,1
2026-07-22 11:07:00+00:00,707.5,707.5,707.5,707.5,2
2026-07-22 11:07:00+00:00,690.0,690.0,690.0,690.0,1
2026-07-22 11:08:00+00:00,690.0,690.0,690.0,690.0,6
2026-07-22 11:08:00+00:00,707.5,707.5,707.5,707.5,1
2026-07-22 11:09:00+00:00,690.5,690.5,690.5,690.5,3
2026-07-22 11:11:00+00:00,708.0,708.0,708.0,708.0,1
2026-07-22 11:12:00+00:00,690.5,690.5,690.5,690.5,1
2026-07-22 11:14:00+00:00,689.5,689.5,689.0,689.0,3
2026-07-22 11:14:00+00:00,707.5,707.5,707.5,707.5,1
2026-07-22 11:22:00+00:00,691.0,691.0,691.0,691.0,6
2026-07-22 11:23:00+00:00,708.5,708.5,708.5,708.5,1
2026-07-22 11:24:00+00:00,691.5,691.5,691.5,691.5,1
2026-07-22 11:26:00+00:00,691.5,692.0,691.5,692.0,5
2026-07-22 11:30:00+00:00,691.5,692.0,691.5,692.0,5
2026-07-22 11:31:00+00:00,692.0,692.0,692.0,692.0,1
2026-07-22 11:35:00+00:00,691.0,691.0,691.0,691.0,1
2026-07-22 11:37:00+00:00,708.0,708.0,708.0,708.0,1
2026-07-22 11:39:00+00:00,691.5,691.5,691.5,691.5,4
2026-07-22 11:39:00+00:00,709.0,709.0,709.0,709.0,1
2026-07-22 11:39:00+00:00,-17.5,-17.5,-17.5,-17.5,1
2026-07-22 11:40:00+00:00,691.5,691.5,691.5,691.5,1
2026-07-22 11:41:00+00:00,709.0,709.0,709.0,709.0,1
2026-07-22 11:42:00+00:00,692.5,692.5,692.5,692.5,1
2026-07-22 11:43:00+00:00,692.0,692.0,692.0,692.0,1
2026-07-22 11:45:00+00:00,692.0,692.0,691.5,691.5,2
2026-07-22 11:46:00+00:00,709.5,709.5,709.5,709.5,2
2026-07-22 11:48:00+00:00,692.5,694.0,692.5,694.0,36
2026-07-22 11:48:00+00:00,710.0,710.0,710.0,710.0,20
2026-07-22 11:48:00+00:00,725.0,725.0,725.0,725.0,3
2026-07-22 11:49:00+00:00,-17.5,-17.5,-17.5,-17.5,2
2026-07-22 11:49:00+00:00,694.0,694.0,694.0,694.0,7
2026-07-22 11:49:00+00:00,711.0,711.5,711.0,711.5,3
2026-07-22 11:50:00+00:00,712.0,713.0,712.0,713.0,13
2026-07-22 11:50:00+00:00,726.5,726.5,726.5,726.5,3
2026-07-22 11:50:00+00:00,694.0,695.5,694.0,695.5,17
2026-07-22 11:51:00+00:00,695.5,695.5,695.5,695.5,2
2026-07-22 11:51:00+00:00,712.5,712.5,712.5,712.5,1
2026-07-22 11:52:00+00:00,695.5,696.0,695.5,696.0,11
2026-07-22 11:54:00+00:00,695.5,695.5,695.5,695.5,8
2026-07-22 11:54:00+00:00,713.0,713.0,713.0,713.0,9
2026-07-22 11:56:00+00:00,713.5,713.5,713.5,713.5,5
2026-07-22 11:56:00+00:00,695.5,695.5,695.5,695.5,3
2026-07-22 11:59:00+00:00,713.0,713.0,713.0,713.0,1
2026-07-22 12:03:00+00:00,713.5,713.5,713.5,713.5,1
2026-07-22 12:03:00+00:00,-17.5,-17.5,-17.5,-17.5,1
2026-07-22 12:03:00+00:00,696.0,696.0,696.0,696.0,4
2026-07-22 12:07:00+00:00,696.5,696.5,696.5,696.5,5
2026-07-22 12:09:00+00:00,696.5,696.5,696.5,696.5,1
2026-07-22 12:10:00+00:00,712.0,712.0,712.0,712.0,1
2026-07-22 12:11:00+00:00,712.5,712.5,712.5,712.5,3
2026-07-22 12:12:00+00:00,712.5,712.5,712.5,712.5,2
2026-07-22 12:12:00+00:00,694.5,694.5,694.5,694.5,1
2026-07-22 12:13:00+00:00,695.0,695.0,695.0,695.0,1
2026-07-22 12:15:00+00:00,695.5,695.5,695.5,695.5,5
2026-07-22 12:16:00+00:00,695.5,695.5,695.5,695.5,1
2026-07-22 12:18:00+00:00,695.5,695.5,695.5,695.5,1
2026-07-22 12:19:00+00:00,713.5,713.5,713.5,713.5,1
2026-07-22 12:21:00+00:00,696.0,696.0,696.0,696.0,1
2026-07-22 12:21:00+00:00,714.0,714.0,714.0,714.0,1
2026-07-22 12:22:00+00:00,697.0,697.0,697.0,697.0,4
2026-07-22 12:28:00+00:00,695.0,695.0,695.0,695.0,2
2026-07-22 12:30:00+00:00,695.5,695.5,695.5,695.5,1
2026-07-22 12:31:00+00:00,695.5,695.5,695.0,695.0,3
2026-07-22 12:33:00+00:00,697.0,697.0,697.0,697.0,1
2026-07-22 12:37:00+00:00,697.0,697.0,697.0,697.0,6
2026-07-22 12:38:00+00:00,697.5,697.5,697.5,697.5,3
2026-07-22 12:38:00+00:00,715.0,715.5,714.5,714.5,4
2026-07-22 12:39:00+00:00,715.0,715.0,715.0,715.0,3
2026-07-22 12:40:00+00:00,697.5,697.5,697.5,697.5,1
2026-07-22 12:42:00+00:00,713.5,713.5,713.5,713.5,1
2026-07-22 13:30:00+00:00,697.5,698.0,691.5,695.5,20
2026-07-22 13:31:00+00:00,710.0,710.0,710.0,710.0,2
2026-07-22 13:31:00+00:00,692.0,694.5,692.0,694.5,2
2026-07-22 13:32:00+00:00,692.5,692.5,692.5,692.5,4
2026-07-22 13:33:00+00:00,693.0,693.0,693.0,693.0,2
2026-07-22 13:33:00+00:00,714.0,714.0,714.0,714.0,1
2026-07-22 13:34:00+00:00,735.0,735.0,735.0,735.0,2
2026-07-22 13:34:00+00:00,692.0,693.5,690.0,692.0,15
2026-07-22 13:34:00+00:00,710.0,710.0,710.0,710.0,1
2026-07-22 13:35:00+00:00,710.0,710.0,710.0,710.0,5
2026-07-22 13:36:00+00:00,688.0,690.5,688.0,690.0,6
2026-07-22 13:37:00+00:00,691.0,692.0,691.0,692.0,3
2026-07-22 13:39:00+00:00,691.0,691.0,691.0,691.0,2
2026-07-22 13:39:00+00:00,723.0,723.0,723.0,723.0,2
2026-07-22 13:43:00+00:00,709.0,709.0,709.0,709.0,1
2026-07-22 13:45:00+00:00,710.0,710.0,710.0,710.0,2
2026-07-22 13:49:00+00:00,694.5,694.5,694.5,694.5,2
2026-07-22 13:50:00+00:00,711.0,711.0,711.0,711.0,2
2026-07-22 13:51:00+00:00,695.0,695.5,695.0,695.5,4
2026-07-22 13:52:00+00:00,696.0,696.5,696.0,696.5,2
2026-07-22 13:53:00+00:00,698.0,698.5,698.0,698.5,12
2026-07-22 13:53:00+00:00,715.0,715.0,715.0,715.0,1
2026-07-22 13:54:00+00:00,698.0,698.0,698.0,698.0,2
2026-07-22 13:55:00+00:00,699.0,700.0,699.0,699.0,33
2026-07-22 13:55:00+00:00,717.0,717.0,717.0,717.0,1
2026-07-22 13:56:00+00:00,699.0,699.5,699.0,699.0,3
2026-07-22 13:56:00+00:00,716.0,716.0,716.0,716.0,1
2026-07-22 13:57:00+00:00,699.0,703.5,699.0,703.5,56
2026-07-22 13:58:00+00:00,703.0,703.0,702.0,702.0,3
2026-07-22 13:58:00+00:00,720.0,720.0,720.0,720.0,1
2026-07-22 14:00:00+00:00,702.5,702.5,702.5,702.5,2
2026-07-22 14:02:00+00:00,702.5,703.0,702.0,702.0,6
2026-07-22 14:02:00+00:00,720.0,720.0,720.0,720.0,1
2026-07-22 14:03:00+00:00,719.0,719.0,719.0,719.0,1
2026-07-22 14:03:00+00:00,701.5,702.0,701.5,702.0,2
2026-07-22 14:04:00+00:00,703.0,703.0,703.0,703.0,1
2026-07-22 14:05:00+00:00,703.0,703.5,703.0,703.5,2
2026-07-22 14:07:00+00:00,719.5,719.5,719.5,719.5,2
2026-07-22 14:07:00+00:00,734.5,734.5,734.5,734.5,5
2026-07-22 14:09:00+00:00,699.0,699.0,699.0,699.0,8
2026-07-22 14:09:00+00:00,718.0,718.0,718.0,718.0,1
2026-07-22 14:10:00+00:00,699.0,700.0,699.0,700.0,2
2026-07-22 14:11:00+00:00,698.0,699.5,698.0,699.0,22
2026-07-22 14:12:00+00:00,699.0,700.0,699.0,700.0,5
2026-07-22 14:13:00+00:00,-17.0,-17.0,-17.0,-17.0,1
2026-07-22 14:13:00+00:00,700.5,701.0,700.0,700.5,9
2026-07-22 14:13:00+00:00,717.5,717.5,717.5,717.5,1
2026-07-22 14:15:00+00:00,700.5,700.5,700.5,700.5,1
2026-07-22 14:18:00+00:00,701.0,701.0,701.0,701.0,1
2026-07-22 14:19:00+00:00,718.5,718.5,718.5,718.5,1
2026-07-22 14:19:00+00:00,702.0,702.5,702.0,702.5,3
2026-07-22 14:20:00+00:00,703.0,703.0,703.0,703.0,4
2026-07-22 14:24:00+00:00,703.0,703.5,703.0,703.5,3
2026-07-22 14:25:00+00:00,720.0,720.0,720.0,720.0,1
2026-07-22 14:26:00+00:00,702.5,702.5,702.5,702.5,1
2026-07-22 14:27:00+00:00,702.0,702.0,702.0,702.0,1
2026-07-22 14:28:00+00:00,703.0,703.0,703.0,703.0,1
2026-07-22 14:29:00+00:00,703.0,704.0,703.0,704.0,13
2026-07-22 14:32:00+00:00,704.5,704.5,704.5,704.5,3
2026-07-22 14:32:00+00:00,736.0,736.0,736.0,736.0,1
2026-07-22 14:33:00+00:00,704.5,704.5,704.5,704.5,1
2026-07-22 14:33:00+00:00,722.0,722.0,722.0,722.0,2
2026-07-22 14:34:00+00:00,704.5,705.0,704.5,705.0,4
2026-07-22 14:35:00+00:00,722.5,722.5,722.5,722.5,1
2026-07-22 14:35:00+00:00,705.5,705.5,705.5,705.5,2
2026-07-22 14:36:00+00:00,705.0,705.0,704.5,704.5,6
2026-07-22 14:37:00+00:00,722.0,722.0,722.0,722.0,1
2026-07-22 14:37:00+00:00,704.5,704.5,704.5,704.5,3
2026-07-22 14:39:00+00:00,704.5,704.5,704.5,704.5,1
2026-07-22 14:41:00+00:00,704.5,704.5,704.5,704.5,1
2026-07-22 14:43:00+00:00,704.0,704.0,704.0,704.0,1
2026-07-22 14:45:00+00:00,704.0,705.0,704.0,705.0,4
2026-07-22 14:47:00+00:00,704.0,704.0,704.0,704.0,2
2026-07-22 14:49:00+00:00,721.0,721.0,721.0,721.0,1
2026-07-22 14:49:00+00:00,704.0,704.0,704.0,704.0,2
2026-07-22 14:51:00+00:00,705.0,706.0,705.0,706.0,14
2026-07-22 14:52:00+00:00,706.0,706.0,706.0,706.0,2
2026-07-22 14:53:00+00:00,706.5,706.5,706.5,706.5,2
2026-07-22 14:54:00+00:00,706.0,706.0,706.0,706.0,2
2026-07-22 15:02:00+00:00,703.5,704.0,703.5,704.0,5
2026-07-22 15:02:00+00:00,721.5,721.5,721.5,721.5,2
2026-07-22 15:06:00+00:00,704.5,704.5,704.5,704.5,1
2026-07-22 15:07:00+00:00,720.0,720.0,720.0,720.0,1
2026-07-22 15:09:00+00:00,703.0,703.0,702.5,702.5,3
2026-07-22 15:18:00+00:00,701.5,701.5,701.5,701.5,1
2026-07-22 15:19:00+00:00,719.5,719.5,719.5,719.5,2
2026-07-22 15:19:00+00:00,702.5,702.5,702.5,702.5,2
2026-07-22 15:22:00+00:00,703.5,703.5,703.5,703.5,1
2026-07-22 15:24:00+00:00,703.5,703.5,703.5,703.5,1
2026-07-22 15:26:00+00:00,703.5,703.5,703.5,703.5,1
2026-07-22 15:28:00+00:00,704.0,704.0,704.0,704.0,3
2026-07-22 15:29:00+00:00,704.5,704.5,704.5,704.5,2
2026-07-22 15:30:00+00:00,705.0,705.0,704.5,704.5,2
2026-07-22 15:31:00+00:00,705.0,705.0,705.0,705.0,1
2026-07-22 15:33:00+00:00,704.5,704.5,704.5,704.5,1
2026-07-22 15:34:00+00:00,723.0,723.0,723.0,723.0,1
2026-07-22 15:34:00+00:00,705.5,706.0,705.5,706.0,6
2026-07-22 15:35:00+00:00,707.0,707.0,706.5,706.5,5
2026-07-22 15:36:00+00:00,707.0,707.0,707.0,707.0,1
2026-07-22 15:37:00+00:00,706.5,706.5,706.5,706.5,2
2026-07-22 15:38:00+00:00,723.5,723.5,723.5,723.5,2
2026-07-22 15:38:00+00:00,706.0,706.0,706.0,706.0,1
2026-07-22 15:39:00+00:00,705.5,705.5,705.5,705.5,2
2026-07-22 15:40:00+00:00,705.5,705.5,705.5,705.5,2
2026-07-22 15:42:00+00:00,705.5,705.5,705.5,705.5,1
2026-07-22 15:43:00+00:00,705.0,705.5,705.0,705.5,4
2026-07-22 15:45:00+00:00,705.0,705.0,705.0,705.0,1
2026-07-22 15:46:00+00:00,706.0,706.0,706.0,706.0,1
2026-07-22 15:47:00+00:00,707.0,707.5,707.0,707.5,11
2026-07-22 15:47:00+00:00,-17.0,-17.0,-17.0,-17.0,2
2026-07-22 15:47:00+00:00,724.5,724.5,724.5,724.5,2
2026-07-22 15:48:00+00:00,-17.0,-17.0,-17.0,-17.0,2
2026-07-22 15:48:00+00:00,724.5,725.0,724.5,725.0,2
2026-07-22 15:48:00+00:00,707.5,708.0,707.0,707.0,3
2026-07-22 15:49:00+00:00,707.0,707.0,706.5,706.5,4
2026-07-22 15:50:00+00:00,706.0,706.0,705.5,705.5,13
2026-07-22 15:51:00+00:00,706.5,706.5,706.5,706.5,1
2026-07-22 15:52:00+00:00,-17.0,-17.0,-17.0,-17.0,2
2026-07-22 15:52:00+00:00,706.0,706.5,706.0,706.5,4
2026-07-22 15:52:00+00:00,723.5,723.5,723.5,723.5,2
2026-07-22 15:53:00+00:00,707.0,707.0,707.0,707.0,1
2026-07-22 15:54:00+00:00,707.5,707.5,707.5,707.5,1
2026-07-22 15:55:00+00:00,723.5,723.5,723.5,723.5,2
2026-07-22 15:56:00+00:00,705.5,705.5,705.5,705.5,1
2026-07-22 16:05:00+00:00,724.0,724.0,724.0,724.0,1
2026-07-22 16:05:00+00:00,706.5,706.5,706.5,706.5,1
2026-07-22 16:06:00+00:00,724.0,724.0,724.0,724.0,1
2026-07-22 16:06:00+00:00,707.0,707.0,707.0,707.0,5
2026-07-22 16:07:00+00:00,707.5,707.5,707.5,707.5,1
2026-07-22 16:07:00+00:00,724.0,724.0,724.0,724.0,2
2026-07-22 16:08:00+00:00,707.0,707.0,707.0,707.0,1
2026-07-22 16:09:00+00:00,723.5,723.5,723.5,723.5,1
2026-07-22 16:11:00+00:00,707.0,707.0,707.0,707.0,4
2026-07-22 16:11:00+00:00,724.0,724.0,724.0,724.0,4
2026-07-22 16:11:00+00:00,-17.0,-17.0,-17.0,-17.0,4
2026-07-22 16:13:00+00:00,707.0,707.0,707.0,707.0,7
2026-07-22 16:14:00+00:00,707.5,707.5,707.5,707.5,6
2026-07-22 16:17:00+00:00,706.5,706.5,706.5,706.5,1
2026-07-22 16:19:00+00:00,705.5,705.5,705.5,705.5,1
2026-07-22 16:20:00+00:00,722.0,722.0,722.0,722.0,1
2026-07-22 16:22:00+00:00,703.5,703.5,703.5,703.5,2
2026-07-22 16:23:00+00:00,722.0,722.0,722.0,722.0,1
2026-07-22 16:24:00+00:00,702.5,702.5,702.0,702.0,4
2026-07-22 16:25:00+00:00,703.5,703.5,703.5,703.5,1
2026-07-22 16:26:00+00:00,703.0,703.0,703.0,703.0,1
2026-07-22 16:27:00+00:00,703.0,703.0,703.0,703.0,1
2026-07-22 16:28:00+00:00,704.0,704.0,703.0,703.5,4
2026-07-22 16:28:00+00:00,720.5,720.5,720.5,720.5,1
2026-07-22 16:29:00+00:00,702.5,703.0,702.5,703.0,2
2026-07-22 16:29:00+00:00,720.5,720.5,720.5,720.5,4
2026-07-22 16:31:00+00:00,720.5,721.5,720.5,721.5,6
2026-07-22 16:32:00+00:00,720.5,720.5,720.5,720.5,2
2026-07-22 16:33:00+00:00,703.5,703.5,703.5,703.5,1
2026-07-22 16:36:00+00:00,721.5,721.5,721.0,721.0,3
2026-07-22 16:38:00+00:00,704.0,704.0,704.0,704.0,1
2026-07-22 16:40:00+00:00,704.5,704.5,704.0,704.0,8
2026-07-22 16:41:00+00:00,704.5,705.5,704.5,705.5,5
2026-07-22 16:46:00+00:00,704.0,704.0,704.0,704.0,1
2026-07-22 17:02:00+00:00,704.0,704.0,704.0,704.0,4
2026-07-22 17:05:00+00:00,722.5,722.5,722.5,722.5,1
2026-07-22 17:05:00+00:00,704.0,704.0,704.0,704.0,1
2026-07-22 17:07:00+00:00,704.0,704.0,704.0,704.0,1
2026-07-22 17:10:00+00:00,704.0,704.0,704.0,704.0,1
2026-07-22 17:13:00+00:00,702.5,702.5,702.5,702.5,1
2026-07-22 17:14:00+00:00,702.5,702.5,702.0,702.0,8
2026-07-22 17:15:00+00:00,701.5,701.5,701.5,701.5,4
2026-07-22 17:16:00+00:00,718.0,718.0,718.0,718.0,1
2026-07-22 17:17:00+00:00,701.0,701.0,701.0,701.0,11
2026-07-22 17:18:00+00:00,701.0,701.0,701.0,701.0,1
2026-07-22 17:21:00+00:00,701.5,701.5,701.5,701.5,1
2026-07-22 17:33:00+00:00,701.5,701.5,701.5,701.5,1
2026-07-22 17:36:00+00:00,701.5,701.5,701.5,701.5,1
2026-07-22 17:44:00+00:00,720.5,720.5,720.5,720.5,1
2026-07-22 17:45:00+00:00,704.0,704.0,704.0,704.0,1
2026-07-22 17:48:00+00:00,704.5,705.0,704.5,705.0,4
2026-07-22 17:58:00+00:00,721.5,721.5,721.5,721.5,1
2026-07-22 17:59:00+00:00,705.5,706.0,705.5,706.0,2
2026-07-22 18:00:00+00:00,705.0,705.0,705.0,705.0,1
2026-07-22 18:02:00+00:00,705.5,706.0,705.5,706.0,2
2026-07-22 18:04:00+00:00,706.5,706.5,706.5,706.5,3
2026-07-22 18:05:00+00:00,706.5,706.5,706.5,706.5,6
2026-07-22 18:09:00+00:00,707.0,707.0,707.0,707.0,1
2026-07-22 18:10:00+00:00,706.5,706.5,706.5,706.5,1
2026-07-22 18:13:00+00:00,707.0,707.0,707.0,707.0,1
2026-07-22 18:15:00+00:00,705.5,706.0,705.5,706.0,9
2026-07-22 18:16:00+00:00,722.0,722.0,722.0,722.0,6
2026-07-23 00:00:00+00:00,707.0,707.0,706.0,706.0,18
2026-07-23 00:01:00+00:00,704.0,704.0,703.0,703.0,4
2026-07-23 00:03:00+00:00,705.5,705.5,704.0,704.0,3
2026-07-23 00:10:00+00:00,704.5,704.5,704.5,704.5,1
2026-07-23 00:22:00+00:00,705.5,705.5,705.5,705.5,2
2026-07-23 00:30:00+00:00,706.0,706.0,706.0,706.0,2
2026-07-23 00:31:00+00:00,723.5,723.5,723.5,723.5,1
2026-07-23 00:32:00+00:00,723.5,723.5,723.5,723.5,3
2026-07-23 00:38:00+00:00,706.5,706.5,706.5,706.5,1
2026-07-23 00:39:00+00:00,724.0,724.0,724.0,724.0,1
2026-07-23 00:43:00+00:00,725.0,725.0,725.0,725.0,1
2026-07-23 00:43:00+00:00,707.5,708.5,707.5,708.5,10
2026-07-23 00:45:00+00:00,724.5,724.5,724.5,724.5,3
2026-07-23 01:02:00+00:00,708.0,708.0,708.0,708.0,1
2026-07-23 01:13:00+00:00,707.0,707.0,707.0,707.0,1
2026-07-23 01:56:00+00:00,706.0,706.0,706.0,706.0,1
2026-07-23 02:09:00+00:00,722.0,722.0,722.0,722.0,2
2026-07-23 02:11:00+00:00,721.5,721.5,721.5,721.5,1
2026-07-23 02:13:00+00:00,721.5,721.5,721.5,721.5,1
2026-07-23 02:14:00+00:00,722.0,722.0,722.0,722.0,2
2026-07-23 02:31:00+00:00,723.0,723.0,723.0,723.0,1
2026-07-23 02:34:00+00:00,723.0,723.0,723.0,723.0,2
2026-07-23 02:34:00+00:00,706.0,706.0,706.0,706.0,2
2026-07-23 02:35:00+00:00,721.0,721.0,721.0,721.0,3
2026-07-23 02:35:00+00:00,705.5,705.5,704.0,704.0,25
2026-07-23 02:40:00+00:00,703.0,703.0,703.0,703.0,3
2026-07-23 02:44:00+00:00,702.5,702.5,702.5,702.5,1
2026-07-23 02:47:00+00:00,702.5,702.5,702.5,702.5,2
2026-07-23 03:05:00+00:00,720.0,720.0,720.0,720.0,1
2026-07-23 03:16:00+00:00,704.0,704.0,704.0,704.0,2
2026-07-23 03:29:00+00:00,703.5,703.5,703.5,703.5,2
2026-07-23 03:41:00+00:00,703.0,703.0,703.0,703.0,4
2026-07-23 04:08:00+00:00,703.0,703.0,703.0,703.0,2
2026-07-23 04:19:00+00:00,721.0,721.0,721.0,721.0,2
2026-07-23 04:26:00+00:00,720.5,720.5,720.5,720.5,2
2026-07-23 05:24:00+00:00,720.5,720.5,720.5,720.5,1
2026-07-23 05:41:00+00:00,703.0,703.0,703.0,703.0,1
2026-07-23 05:59:00+00:00,703.5,703.5,703.5,703.5,1
2026-07-23 06:01:00+00:00,720.5,720.5,720.5,720.5,2
2026-07-23 06:02:00+00:00,704.0,704.0,704.0,704.0,1
2026-07-23 06:06:00+00:00,721.0,721.0,721.0,721.0,1
2026-07-23 06:07:00+00:00,704.0,704.0,704.0,704.0,3
2026-07-23 06:19:00+00:00,705.0,705.0,705.0,705.0,2
2026-07-23 06:20:00+00:00,705.0,705.0,704.5,704.5,5
2026-07-23 06:24:00+00:00,705.0,705.0,705.0,705.0,1
2026-07-23 06:25:00+00:00,705.5,705.5,705.5,705.5,1
2026-07-23 06:29:00+00:00,706.0,706.0,706.0,706.0,3
2026-07-23 06:37:00+00:00,705.5,705.5,705.5,705.5,1
2026-07-23 06:40:00+00:00,705.5,705.5,705.5,705.5,3
2026-07-23 06:42:00+00:00,722.0,722.0,722.0,722.0,5
2026-07-23 06:44:00+00:00,704.0,704.0,704.0,704.0,1
2026-07-23 06:50:00+00:00,705.0,705.0,705.0,705.0,1
2026-07-23 06:54:00+00:00,705.5,705.5,705.5,705.5,9
2026-07-23 06:59:00+00:00,705.5,705.5,705.5,705.5,3
2026-07-23 07:11:00+00:00,708.0,708.5,708.0,708.5,2
2026-07-23 07:12:00+00:00,708.5,708.5,708.5,708.5,5
2026-07-23 07:18:00+00:00,706.5,706.5,706.5,706.5,10
2026-07-23 07:19:00+00:00,707.5,707.5,707.5,707.5,1
2026-07-23 07:25:00+00:00,707.0,707.0,707.0,707.0,5
2026-07-23 07:29:00+00:00,706.0,706.0,706.0,706.0,6
2026-07-23 07:33:00+00:00,708.0,708.0,708.0,708.0,1
2026-07-23 07:34:00+00:00,709.0,709.5,709.0,709.5,10
2026-07-23 07:38:00+00:00,709.0,709.0,709.0,709.0,2
2026-07-23 07:39:00+00:00,725.0,725.0,725.0,725.0,1
2026-07-23 07:41:00+00:00,724.5,724.5,724.5,724.5,1
2026-07-23 07:43:00+00:00,724.5,724.5,724.5,724.5,1
2026-07-23 07:49:00+00:00,707.0,707.0,707.0,707.0,5
2026-07-23 07:51:00+00:00,739.5,739.5,739.5,739.5,2
2026-07-23 07:51:00+00:00,724.5,724.5,724.5,724.5,2
2026-07-23 07:51:00+00:00,707.5,707.5,707.5,707.5,2
2026-07-23 08:00:00+00:00,705.5,705.5,705.0,705.0,2
2026-07-23 08:01:00+00:00,706.0,706.0,706.0,706.0,1
2026-07-23 08:03:00+00:00,723.0,723.0,723.0,723.0,2
2026-07-23 08:06:00+00:00,723.5,723.5,723.5,723.5,2
2026-07-23 08:07:00+00:00,723.5,723.5,723.5,723.5,3
2026-07-23 08:08:00+00:00,737.0,737.0,737.0,737.0,3
2026-07-23 08:09:00+00:00,737.0,737.0,737.0,737.0,1
2026-07-23 08:10:00+00:00,705.5,705.5,705.5,705.5,1
2026-07-23 08:17:00+00:00,736.0,736.0,733.5,733.5,8
2026-07-23 08:17:00+00:00,704.5,704.5,699.5,699.5,81
2026-07-23 08:17:00+00:00,720.5,720.5,718.5,718.5,28
2026-07-23 08:17:00+00:00,-15.0,-15.0,-15.0,-15.0,2
2026-07-23 08:18:00+00:00,698.5,698.5,698.5,698.5,1
2026-07-23 08:22:00+00:00,-17.0,-17.0,-17.0,-17.0,1
2026-07-23 08:22:00+00:00,717.5,717.5,717.5,717.5,1
2026-07-23 08:22:00+00:00,700.5,700.5,700.5,700.5,3
2026-07-23 08:23:00+00:00,700.5,701.0,700.5,701.0,3
2026-07-23 08:28:00+00:00,702.0,702.0,702.0,702.0,1
2026-07-23 08:30:00+00:00,702.5,702.5,702.5,702.5,3
2026-07-23 08:32:00+00:00,703.0,703.0,703.0,703.0,1
2026-07-23 08:33:00+00:00,703.5,704.0,703.5,704.0,5
2026-07-23 08:39:00+00:00,703.5,703.5,703.5,703.5,3
2026-07-23 08:43:00+00:00,721.0,721.0,721.0,721.0,6
2026-07-23 08:55:00+00:00,704.5,704.5,704.5,704.5,6
2026-07-23 08:59:00+00:00,705.0,705.5,705.0,705.5,10
2026-07-23 09:12:00+00:00,720.5,720.5,720.5,720.5,1
2026-07-23 09:22:00+00:00,734.0,734.0,734.0,734.0,6
2026-07-23 09:22:00+00:00,702.5,702.5,702.5,702.5,11
2026-07-23 09:22:00+00:00,719.5,719.5,719.5,719.5,2
2026-07-23 09:26:00+00:00,735.5,735.5,735.5,735.5,3
2026-07-23 09:26:00+00:00,704.0,704.0,704.0,704.0,3
2026-07-23 09:26:00+00:00,720.0,720.0,720.0,720.0,6
2026-07-23 09:27:00+00:00,735.5,735.5,735.5,735.5,3
2026-07-23 09:27:00+00:00,704.0,704.0,704.0,704.0,3
2026-07-23 09:28:00+00:00,704.0,704.0,703.5,703.5,8
2026-07-23 09:29:00+00:00,720.0,720.5,720.0,720.5,2
2026-07-23 09:31:00+00:00,734.0,734.0,734.0,734.0,3
2026-07-23 09:31:00+00:00,719.5,719.5,718.5,718.5,7
2026-07-23 09:31:00+00:00,702.5,702.5,701.0,702.0,12
2026-07-23 09:32:00+00:00,719.5,719.5,719.5,719.5,1
2026-07-23 09:32:00+00:00,734.0,734.0,734.0,734.0,3
2026-07-23 09:34:00+00:00,702.5,702.5,702.5,702.5,15
2026-07-23 09:34:00+00:00,719.5,719.5,719.5,719.5,4
2026-07-23 09:35:00+00:00,702.5,702.5,702.5,702.5,2
2026-07-23 09:45:00+00:00,734.5,734.5,734.5,734.5,5
2026-07-23 09:45:00+00:00,704.0,704.0,702.5,702.5,30
2026-07-23 09:45:00+00:00,721.0,721.0,719.5,719.5,16
2026-07-23 09:45:00+00:00,-17.0,-17.0,-17.0,-17.0,3
2026-07-23 09:46:00+00:00,734.5,734.5,734.5,734.5,3
2026-07-23 09:47:00+00:00,-14.5,-14.5,-14.5,-14.5,2
2026-07-23 09:53:00+00:00,704.0,704.5,704.0,704.5,6
2026-07-23 09:53:00+00:00,721.0,721.0,721.0,721.0,3
2026-07-23 09:57:00+00:00,706.0,706.0,706.0,706.0,2
2026-07-23 10:04:00+00:00,707.0,707.0,707.0,707.0,1
2026-07-23 10:05:00+00:00,724.0,724.0,724.0,724.0,1
2026-07-23 10:14:00+00:00,738.5,738.5,738.5,738.5,1
2026-07-23 10:41:00+00:00,707.5,707.5,707.5,707.5,1
2026-07-23 10:54:00+00:00,706.5,706.5,706.5,706.5,2
2026-07-23 10:55:00+00:00,707.0,707.0,707.0,707.0,2
2026-07-23 11:01:00+00:00,707.0,707.0,707.0,707.0,3
2026-07-23 11:05:00+00:00,707.5,707.5,707.5,707.5,1
2026-07-23 11:18:00+00:00,707.0,707.0,706.5,706.5,22
2026-07-23 11:18:00+00:00,723.5,723.5,723.5,723.5,8
2026-07-23 11:18:00+00:00,738.0,738.0,738.0,738.0,3
2026-07-23 11:19:00+00:00,705.5,705.5,705.5,705.5,3
2026-07-23 11:19:00+00:00,737.0,737.0,737.0,737.0,3
2026-07-23 11:19:00+00:00,722.0,722.0,722.0,722.0,3
2026-07-23 11:24:00+00:00,707.0,707.0,707.0,707.0,2
2026-07-23 11:29:00+00:00,724.0,724.5,724.0,724.5,8
2026-07-23 11:29:00+00:00,707.0,707.5,707.0,707.5,7
2026-07-23 11:30:00+00:00,724.5,724.5,724.5,724.5,3
2026-07-23 11:31:00+00:00,707.5,707.5,707.5,707.5,3
2026-07-23 11:34:00+00:00,724.5,724.5,724.5,724.5,5
2026-07-23 11:37:00+00:00,724.5,724.5,724.5,724.5,3
2026-07-23 11:53:00+00:00,707.5,707.5,707.5,707.5,2
2026-07-23 11:58:00+00:00,708.5,708.5,708.5,708.5,1
2026-07-23 11:59:00+00:00,709.5,710.0,709.5,710.0,5
2026-07-23 12:00:00+00:00,710.0,710.0,710.0,710.0,5
2026-07-23 12:01:00+00:00,710.0,710.0,710.0,710.0,4
2026-07-23 12:02:00+00:00,710.0,710.0,710.0,710.0,1
2026-07-23 12:14:00+00:00,707.5,707.5,707.0,707.0,3
2026-07-23 12:19:00+00:00,706.5,706.5,706.5,706.5,1
2026-07-23 12:20:00+00:00,723.5,723.5,723.5,723.5,1
2026-07-23 12:24:00+00:00,725.0,725.0,725.0,725.0,1
2026-07-23 12:31:00+00:00,709.5,709.5,709.5,709.5,1
2026-07-23 12:31:00+00:00,726.0,726.0,726.0,726.0,1
2026-07-23 12:40:00+00:00,707.5,708.0,707.5,708.0,2
2026-07-23 12:42:00+00:00,707.0,707.0,707.0,707.0,1
2026-07-23 13:30:00+00:00,704.5,706.0,703.5,706.0,19
2026-07-23 13:32:00+00:00,720.0,720.0,720.0,720.0,1
2026-07-23 13:32:00+00:00,704.0,704.0,702.5,702.5,7
2026-07-23 13:33:00+00:00,702.0,702.0,700.5,700.5,8
2026-07-23 13:34:00+00:00,701.0,701.0,700.0,700.0,5
2026-07-23 13:35:00+00:00,700.5,700.5,700.5,700.5,1
2026-07-23 13:36:00+00:00,699.5,699.5,699.5,699.5,1
2026-07-23 13:37:00+00:00,702.0,703.5,702.0,703.5,2
2026-07-23 13:38:00+00:00,703.0,703.5,702.5,702.5,11
2026-07-23 13:39:00+00:00,703.0,703.0,703.0,703.0,1
2026-07-23 13:40:00+00:00,702.5,702.5,702.5,702.5,1
2026-07-23 13:41:00+00:00,702.5,702.5,702.5,702.5,1
2026-07-23 13:41:00+00:00,721.5,721.5,721.5,721.5,1
2026-07-23 13:42:00+00:00,702.0,702.0,702.0,702.0,1
2026-07-23 13:45:00+00:00,734.0,734.0,734.0,734.0,1
2026-07-23 13:46:00+00:00,702.5,702.5,702.5,702.5,1
2026-07-23 13:46:00+00:00,718.0,718.0,718.0,718.0,2
2026-07-23 13:47:00+00:00,700.5,700.5,700.5,700.5,2
2026-07-23 13:48:00+00:00,701.0,701.0,701.0,701.0,3
2026-07-23 13:49:00+00:00,699.5,699.5,699.5,699.5,1
2026-07-23 13:50:00+00:00,699.5,700.0,699.5,700.0,5
2026-07-23 13:51:00+00:00,700.0,700.0,700.0,700.0,1
2026-07-23 13:51:00+00:00,717.5,717.5,717.5,717.5,1
2026-07-23 13:53:00+00:00,699.5,699.5,699.5,699.5,1
2026-07-23 13:54:00+00:00,716.0,716.0,715.5,715.5,4
2026-07-23 13:54:00+00:00,-17.5,-17.5,-17.5,-17.5,1
2026-07-23 13:54:00+00:00,699.0,699.0,698.5,698.5,28
2026-07-23 13:58:00+00:00,717.0,717.0,717.0,717.0,6
2026-07-23 13:59:00+00:00,700.0,700.0,700.0,700.0,1
2026-07-23 14:00:00+00:00,700.5,700.5,700.5,700.5,1
2026-07-23 14:02:00+00:00,699.0,699.0,699.0,699.0,1
2026-07-23 14:04:00+00:00,699.0,699.5,699.0,699.5,2
2026-07-23 14:06:00+00:00,700.5,700.5,700.5,700.5,5
2026-07-23 14:12:00+00:00,702.0,702.0,701.0,701.0,2
2026-07-23 14:14:00+00:00,719.0,719.0,719.0,719.0,10
2026-07-23 14:15:00+00:00,702.5,702.5,702.5,702.5,2
2026-07-23 14:16:00+00:00,703.0,703.0,703.0,703.0,2
2026-07-23 14:17:00+00:00,701.5,701.5,701.5,701.5,1
2026-07-23 14:19:00+00:00,702.0,702.0,702.0,702.0,2
2026-07-23 14:21:00+00:00,703.0,703.0,703.0,703.0,2
2026-07-23 14:22:00+00:00,703.0,703.0,703.0,703.0,1
2026-07-23 14:24:00+00:00,720.0,720.0,720.0,720.0,1
2026-07-23 14:29:00+00:00,702.5,702.5,702.5,702.5,1
2026-07-23 14:30:00+00:00,701.5,701.5,701.5,701.5,2
2026-07-23 14:36:00+00:00,699.5,699.5,699.5,699.5,1
2026-07-23 14:37:00+00:00,717.5,717.5,717.5,717.5,1
2026-07-23 14:40:00+00:00,702.0,702.0,702.0,702.0,1
2026-07-23 14:44:00+00:00,700.0,700.0,700.0,700.0,3
2026-07-23 14:45:00+00:00,700.5,700.5,700.5,700.5,3
2026-07-23 14:53:00+00:00,698.0,698.0,698.0,698.0,3
2026-07-23 14:53:00+00:00,715.0,715.0,715.0,715.0,1
2026-07-23 14:54:00+00:00,697.5,697.5,696.0,696.0,22
2026-07-23 14:55:00+00:00,695.5,695.5,695.5,695.5,9
2026-07-23 14:56:00+00:00,712.0,712.0,711.5,711.5,22
2026-07-23 14:56:00+00:00,727.0,727.0,727.0,727.0,13
2026-07-23 14:56:00+00:00,695.0,695.0,694.5,694.5,30
2026-07-23 14:57:00+00:00,713.0,713.0,713.0,713.0,2
2026-07-23 15:00:00+00:00,697.0,697.0,697.0,697.0,1
2026-07-23 15:02:00+00:00,696.5,697.0,696.5,697.0,10
2026-07-23 15:04:00+00:00,713.5,713.5,713.5,713.5,2
2026-07-23 15:09:00+00:00,698.0,698.0,698.0,698.0,2
2026-07-23 15:22:00+00:00,698.0,698.0,698.0,698.0,5
2026-07-23 15:22:00+00:00,715.5,715.5,715.5,715.5,2
2026-07-23 15:33:00+00:00,715.5,715.5,715.5,715.5,4
2026-07-23 15:39:00+00:00,699.0,699.0,699.0,699.0,2
2026-07-23 15:45:00+00:00,718.5,719.0,718.5,719.0,11
2026-07-23 15:45:00+00:00,701.5,701.5,701.5,701.5,14
2026-07-23 15:48:00+00:00,703.0,703.0,703.0,703.0,1
2026-07-23 15:48:00+00:00,719.5,719.5,719.5,719.5,7
2026-07-23 15:49:00+00:00,703.5,703.5,703.5,703.5,1
2026-07-23 15:51:00+00:00,704.0,704.0,704.0,704.0,2
2026-07-23 15:52:00+00:00,703.5,703.5,703.5,703.5,1
2026-07-23 15:54:00+00:00,702.5,702.5,702.5,702.5,1
2026-07-23 15:56:00+00:00,719.5,719.5,719.5,719.5,1
2026-07-23 16:03:00+00:00,704.0,704.0,704.0,704.0,2
2026-07-23 16:04:00+00:00,704.0,704.0,704.0,704.0,5
2026-07-23 16:05:00+00:00,703.5,703.5,703.5,703.5,1
2026-07-23 16:07:00+00:00,704.0,704.0,704.0,704.0,1
2026-07-23 16:14:00+00:00,700.0,700.0,700.0,700.0,1
2026-07-23 16:15:00+00:00,701.0,701.0,701.0,701.0,10
2026-07-23 16:20:00+00:00,700.0,700.0,700.0,700.0,1
2026-07-23 16:21:00+00:00,701.0,701.0,701.0,701.0,1
2026-07-23 16:23:00+00:00,718.5,718.5,718.5,718.5,1
2026-07-23 16:33:00+00:00,699.5,699.5,699.5,699.5,10
2026-07-23 16:33:00+00:00,716.5,716.5,716.5,716.5,4
2026-07-23 16:38:00+00:00,699.5,699.5,699.5,699.5,5
2026-07-23 16:56:00+00:00,718.5,718.5,718.5,718.5,1
2026-07-23 17:06:00+00:00,702.5,702.5,702.5,702.5,2
2026-07-23 17:14:00+00:00,719.5,719.5,719.5,719.5,2
2026-07-23 17:16:00+00:00,703.0,703.0,703.0,703.0,4
2026-07-23 17:19:00+00:00,703.0,703.0,703.0,703.0,1
2026-07-23 17:25:00+00:00,701.0,701.0,701.0,701.0,1
2026-07-23 17:28:00+00:00,701.0,701.0,700.5,700.5,3
2026-07-23 17:36:00+00:00,698.5,698.5,698.5,698.5,1
2026-07-23 17:39:00+00:00,698.0,698.0,697.5,697.5,11
2026-07-23 17:40:00+00:00,698.5,698.5,698.5,698.5,1
2026-07-23 17:42:00+00:00,698.0,698.0,698.0,698.0,2
2026-07-23 17:48:00+00:00,698.5,698.5,698.5,698.5,1
2026-07-23 17:52:00+00:00,698.5,699.0,698.5,699.0,2
2026-07-23 17:53:00+00:00,699.0,699.0,699.0,699.0,1
2026-07-23 18:14:00+00:00,697.0,697.0,697.0,697.0,1
2026-07-23 18:16:00+00:00,714.0,714.0,714.0,714.0,2
2026-07-23 18:17:00+00:00,696.0,696.0,696.0,696.0,1
2026-07-24 00:00:00+00:00,694.0,694.0,694.0,694.0,4
2026-07-24 00:00:00+00:00,739.0,739.0,739.0,739.0,1
2026-07-24 00:01:00+00:00,733.0,733.0,733.0,733.0,1
2026-07-24 00:38:00+00:00,702.0,702.0,702.0,702.0,3
2026-07-24 01:14:00+00:00,699.0,699.0,699.0,699.0,1
2026-07-24 01:42:00+00:00,715.5,715.5,715.5,715.5,3
2026-07-24 01:42:00+00:00,730.5,730.5,730.5,730.5,3
2026-07-24 01:42:00+00:00,698.0,698.0,698.0,698.0,21
2026-07-24 01:56:00+00:00,715.5,715.5,715.5,715.5,3
2026-07-24 01:59:00+00:00,698.0,698.0,698.0,698.0,3
2026-07-24 01:59:00+00:00,730.5,730.5,730.5,730.5,3
2026-07-24 02:01:00+00:00,698.5,698.5,698.5,698.5,1
2026-07-24 02:33:00+00:00,-15.0,-15.0,-15.0,-15.0,3
2026-07-24 02:33:00+00:00,717.0,717.0,717.0,717.0,6
2026-07-24 02:33:00+00:00,732.0,732.0,732.0,732.0,4
2026-07-24 02:36:00+00:00,717.0,717.0,717.0,717.0,3
2026-07-24 02:37:00+00:00,732.0,732.0,732.0,732.0,3
2026-07-24 03:09:00+00:00,700.0,700.0,700.0,700.0,1
2026-07-24 03:25:00+00:00,701.0,701.0,701.0,701.0,8
2026-07-24 04:06:00+00:00,701.0,701.0,701.0,701.0,1
2026-07-24 04:36:00+00:00,701.0,701.0,701.0,701.0,1
2026-07-24 04:46:00+00:00,701.0,701.0,701.0,701.0,1
2026-07-24 04:51:00+00:00,702.0,702.0,702.0,702.0,5
2026-07-24 04:54:00+00:00,702.0,702.0,702.0,702.0,2
2026-07-24 04:58:00+00:00,702.5,702.5,702.5,702.5,1
2026-07-24 05:01:00+00:00,702.0,702.0,702.0,702.0,1
2026-07-24 05:09:00+00:00,702.5,702.5,702.5,702.5,1
2026-07-24 05:15:00+00:00,703.0,703.0,703.0,703.0,3
2026-07-24 05:18:00+00:00,703.5,703.5,703.5,703.5,1
2026-07-24 05:25:00+00:00,704.5,704.5,704.5,704.5,2
2026-07-24 05:29:00+00:00,704.5,704.5,704.5,704.5,2
2026-07-24 05:41:00+00:00,703.5,703.5,703.5,703.5,1
2026-07-24 06:01:00+00:00,705.0,705.0,705.0,705.0,4
2026-07-24 06:02:00+00:00,705.5,705.5,705.5,705.5,1
2026-07-24 06:05:00+00:00,705.0,705.0,705.0,705.0,2
2026-07-24 06:12:00+00:00,705.5,705.5,705.5,705.5,2
2026-07-24 06:14:00+00:00,706.0,706.5,706.0,706.5,3
2026-07-24 06:36:00+00:00,704.5,704.5,704.5,704.5,12
2026-07-24 06:36:00+00:00,722.0,723.0,722.0,723.0,3
2026-07-24 06:37:00+00:00,704.5,704.5,704.0,704.0,4
2026-07-24 06:45:00+00:00,704.5,705.5,704.5,705.5,4
2026-07-24 06:45:00+00:00,722.5,722.5,722.5,722.5,2
2026-07-24 06:51:00+00:00,704.0,704.5,704.0,704.5,3
2026-07-24 06:54:00+00:00,705.0,705.0,705.0,705.0,1
2026-07-24 07:03:00+00:00,735.0,735.0,735.0,735.0,6
2026-07-24 07:13:00+00:00,702.5,702.5,701.5,701.5,24
2026-07-24 07:13:00+00:00,720.0,720.0,720.0,720.0,2
2026-07-24 07:13:00+00:00,-17.5,-17.5,-17.5,-17.5,2
2026-07-24 07:13:00+00:00,735.0,735.0,734.0,734.0,6
2026-07-24 07:19:00+00:00,718.0,718.0,718.0,718.0,2
2026-07-24 07:19:00+00:00,700.5,700.5,700.5,700.5,2
2026-07-24 07:22:00+00:00,702.0,702.0,702.0,702.0,2
2026-07-24 07:30:00+00:00,702.5,702.5,702.5,702.5,3
2026-07-24 07:31:00+00:00,702.5,702.5,702.5,702.5,3
2026-07-24 07:32:00+00:00,735.5,735.5,735.5,735.5,3
2026-07-24 07:32:00+00:00,720.5,720.5,720.5,720.5,3
2026-07-24 07:32:00+00:00,703.0,703.0,703.0,703.0,3
2026-07-24 07:36:00+00:00,703.5,703.5,703.5,703.5,4
2026-07-24 07:38:00+00:00,721.0,721.0,721.0,721.0,3
2026-07-24 07:38:00+00:00,736.0,736.0,736.0,736.0,3
2026-07-24 07:38:00+00:00,703.5,704.0,703.5,703.5,9
2026-07-24 07:40:00+00:00,720.5,720.5,720.5,720.5,2
2026-07-24 07:43:00+00:00,721.0,721.0,721.0,721.0,12
2026-07-24 07:45:00+00:00,720.0,720.0,720.0,720.0,12
2026-07-24 07:46:00+00:00,719.0,719.0,719.0,719.0,14
2026-07-24 07:56:00+00:00,701.5,701.5,701.5,701.5,1
2026-07-24 07:57:00+00:00,702.0,702.0,702.0,702.0,2
2026-07-24 07:58:00+00:00,720.5,720.5,720.5,720.5,3
2026-07-24 07:59:00+00:00,720.5,720.5,720.5,720.5,3
2026-07-24 08:02:00+00:00,704.0,704.0,704.0,704.0,2
2026-07-24 08:08:00+00:00,704.5,704.5,704.5,704.5,1
2026-07-24 08:09:00+00:00,704.5,704.5,704.5,704.5,1
2026-07-24 08:10:00+00:00,704.0,704.0,704.0,704.0,1
2026-07-24 08:17:00+00:00,705.0,705.0,705.0,705.0,1
2026-07-24 08:20:00+00:00,706.0,706.5,706.0,706.5,5
2026-07-24 08:32:00+00:00,706.0,706.5,706.0,706.5,2
2026-07-24 08:33:00+00:00,706.5,706.5,706.5,706.5,1
2026-07-24 08:33:00+00:00,724.0,724.0,724.0,724.0,1
2026-07-24 08:39:00+00:00,707.0,707.5,707.0,707.5,15
2026-07-24 08:39:00+00:00,724.5,724.5,724.5,724.5,1
2026-07-24 08:41:00+00:00,708.0,708.0,708.0,708.0,4
2026-07-24 08:41:00+00:00,726.0,726.0,726.0,726.0,1
2026-07-24 08:42:00+00:00,709.0,709.0,709.0,709.0,1
2026-07-24 08:42:00+00:00,741.0,741.0,741.0,741.0,1
2026-07-24 08:43:00+00:00,708.5,708.5,708.5,708.5,1
2026-07-24 08:44:00+00:00,726.0,726.0,726.0,726.0,2
2026-07-24 08:45:00+00:00,709.5,709.5,709.5,709.5,1
2026-07-24 08:45:00+00:00,726.5,726.5,726.5,726.5,4
2026-07-24 08:46:00+00:00,710.0,710.5,710.0,710.5,6
2026-07-24 08:47:00+00:00,710.0,710.5,710.0,710.0,4
2026-07-24 08:49:00+00:00,710.5,710.5,710.5,710.5,1
2026-07-24 08:50:00+00:00,710.0,710.0,710.0,710.0,1
2026-07-24 08:51:00+00:00,708.5,708.5,708.0,708.5,4
2026-07-24 08:52:00+00:00,708.0,708.0,706.5,707.0,5
2026-07-24 08:53:00+00:00,739.0,739.0,739.0,739.0,2
2026-07-24 08:53:00+00:00,707.0,707.0,707.0,707.0,2
2026-07-24 08:54:00+00:00,706.0,706.0,706.0,706.0,3
2026-07-24 08:54:00+00:00,723.5,723.5,723.5,723.5,2
2026-07-24 08:56:00+00:00,723.0,723.0,723.0,723.0,2
2026-07-24 09:02:00+00:00,704.5,704.5,704.5,704.5,15
2026-07-24 09:02:00+00:00,722.0,722.0,722.0,722.0,2
2026-07-24 09:04:00+00:00,705.0,705.0,705.0,705.0,1
2026-07-24 09:06:00+00:00,704.0,704.0,704.0,704.0,1
2026-07-24 09:06:00+00:00,722.0,722.0,722.0,722.0,1
2026-07-24 09:07:00+00:00,704.0,704.5,704.0,704.5,2
2026-07-24 09:08:00+00:00,704.5,704.5,704.5,704.5,1
2026-07-24 09:12:00+00:00,702.5,702.5,702.5,702.5,2
2026-07-24 09:14:00+00:00,720.5,720.5,720.5,720.5,1
2026-07-24 09:15:00+00:00,703.0,703.5,703.0,703.5,2
2026-07-24 09:16:00+00:00,720.5,720.5,720.5,720.5,1
2026-07-24 09:18:00+00:00,703.0,703.0,702.5,702.5,3
2026-07-24 09:21:00+00:00,703.0,703.0,702.5,702.5,3
2026-07-24 09:39:00+00:00,701.5,701.5,701.5,701.5,2
2026-07-24 09:39:00+00:00,718.5,718.5,718.5,718.5,4
2026-07-24 09:40:00+00:00,701.5,702.0,701.5,701.5,6
2026-07-24 09:41:00+00:00,701.5,701.5,701.0,701.0,3
2026-07-24 09:42:00+00:00,702.0,702.0,702.0,702.0,1
2026-07-24 09:43:00+00:00,701.5,701.5,701.5,701.5,5
2026-07-24 09:50:00+00:00,702.0,702.0,702.0,702.0,2
2026-07-24 09:51:00+00:00,702.5,702.5,702.5,702.5,2
2026-07-24 09:52:00+00:00,720.5,720.5,720.5,720.5,2
2026-07-24 09:52:00+00:00,703.0,703.0,703.0,703.0,2
2026-07-24 09:53:00+00:00,736.0,736.0,736.0,736.0,2
2026-07-24 09:53:00+00:00,721.0,721.0,721.0,721.0,2
2026-07-24 09:53:00+00:00,704.0,704.0,704.0,704.0,1
2026-07-24 09:53:00+00:00,-15.0,-15.0,-15.0,-15.0,2
2026-07-24 09:54:00+00:00,703.5,703.5,703.5,703.5,1
2026-07-24 09:59:00+00:00,703.0,703.5,703.0,703.5,7
2026-07-24 10:01:00+00:00,721.0,721.0,721.0,721.0,3
2026-07-24 10:02:00+00:00,703.5,704.0,703.5,704.0,10
2026-07-24 10:23:00+00:00,704.0,704.0,704.0,704.0,1
2026-07-24 10:28:00+00:00,704.5,704.5,704.5,704.5,3
2026-07-24 10:33:00+00:00,702.5,702.5,702.5,702.5,4
2026-07-24 10:58:00+00:00,704.0,704.0,704.0,704.0,1
2026-07-24 11:01:00+00:00,702.5,702.5,702.5,702.5,1
2026-07-24 11:03:00+00:00,703.0,703.0,703.0,703.0,1
2026-07-24 11:04:00+00:00,702.0,702.0,702.0,702.0,2
2026-07-24 11:05:00+00:00,734.0,734.0,733.0,733.0,8
2026-07-24 11:05:00+00:00,701.5,701.5,699.5,699.5,31
2026-07-24 11:05:00+00:00,-17.5,-17.5,-17.5,-17.5,2
2026-07-24 11:05:00+00:00,718.5,718.5,717.0,717.0,13
2026-07-24 11:05:00+00:00,-15.5,-15.5,-15.5,-15.5,5
2026-07-24 11:06:00+00:00,700.0,700.0,700.0,700.0,1
2026-07-24 11:07:00+00:00,-17.5,-17.5,-17.5,-17.5,1
2026-07-24 11:07:00+00:00,717.5,717.5,717.5,717.5,1
2026-07-24 11:07:00+00:00,700.0,700.0,700.0,700.0,1
2026-07-24 11:08:00+00:00,700.0,700.0,700.0,700.0,1
2026-07-24 11:09:00+00:00,701.5,701.5,701.5,701.5,1
2026-07-24 11:14:00+00:00,700.5,700.5,700.5,700.5,1
2026-07-24 11:15:00+00:00,701.0,701.0,701.0,701.0,1
2026-07-24 11:23:00+00:00,731.0,731.0,731.0,731.0,3
2026-07-24 11:23:00+00:00,-17.5,-17.5,-18.0,-18.0,2
2026-07-24 11:23:00+00:00,698.0,698.0,697.0,697.0,14
2026-07-24 11:23:00+00:00,715.5,715.5,715.0,715.0,4
2026-07-24 11:24:00+00:00,698.0,698.0,698.0,698.0,5
2026-07-24 11:24:00+00:00,715.5,715.5,715.5,715.5,3
2026-07-24 11:25:00+00:00,728.5,728.5,728.5,728.5,3
2026-07-24 11:26:00+00:00,695.5,695.5,695.5,695.5,2
2026-07-24 11:27:00+00:00,695.5,695.5,695.5,695.5,1
2026-07-24 11:28:00+00:00,695.0,695.0,695.0,695.0,1
2026-07-24 11:29:00+00:00,696.0,696.0,696.0,696.0,3
2026-07-24 11:30:00+00:00,695.0,695.0,695.0,695.0,5
2026-07-24 11:34:00+00:00,713.5,713.5,713.5,713.5,3
2026-07-24 11:35:00+00:00,696.0,696.5,696.0,696.0,5
2026-07-24 11:35:00+00:00,713.5,713.5,712.0,712.0,15
2026-07-24 11:36:00+00:00,694.0,694.0,694.0,694.0,3
2026-07-24 11:36:00+00:00,711.5,711.5,711.0,711.0,3
2026-07-24 11:37:00+00:00,693.0,693.0,692.0,692.0,22
2026-07-24 11:38:00+00:00,692.0,692.0,692.0,692.0,2
2026-07-24 11:39:00+00:00,693.0,693.0,693.0,693.0,2
2026-07-24 11:45:00+00:00,693.0,693.0,693.0,693.0,2
2026-07-24 11:48:00+00:00,691.5,691.5,691.5,691.5,2
2026-07-24 11:49:00+00:00,691.0,691.0,691.0,691.0,6
2026-07-24 11:57:00+00:00,-18.5,-18.5,-18.5,-18.5,2
2026-07-24 11:57:00+00:00,709.0,709.0,707.0,707.0,18
2026-07-24 11:57:00+00:00,-15.5,-15.5,-15.5,-15.5,1
2026-07-24 11:57:00+00:00,691.5,691.5,687.0,688.5,65
2026-07-24 11:57:00+00:00,724.5,724.5,722.5,722.5,11
2026-07-24 11:58:00+00:00,688.0,688.0,688.0,688.0,4
2026-07-24 11:59:00+00:00,705.0,705.0,705.0,705.0,1
2026-07-24 11:59:00+00:00,687.0,687.0,687.0,687.0,3
2026-07-24 12:03:00+00:00,689.5,689.5,689.5,689.5,2
2026-07-24 12:04:00+00:00,690.0,690.0,690.0,690.0,1
2026-07-24 12:05:00+00:00,689.0,689.0,688.5,688.5,20
2026-07-24 12:05:00+00:00,706.5,706.5,706.0,706.0,18
2026-07-24 12:07:00+00:00,688.5,688.5,688.5,688.5,2
2026-07-24 12:09:00+00:00,704.5,704.5,704.5,704.5,2
2026-07-24 12:09:00+00:00,687.0,687.0,687.0,687.0,2
2026-07-24 12:10:00+00:00,704.0,704.0,704.0,704.0,1
2026-07-24 12:10:00+00:00,687.0,687.0,684.5,684.5,37
2026-07-24 12:11:00+00:00,703.0,703.0,702.5,702.5,12
2026-07-24 12:11:00+00:00,717.5,717.5,717.5,717.5,5
2026-07-24 12:11:00+00:00,685.5,685.5,683.5,683.5,49
2026-07-24 12:12:00+00:00,716.5,716.5,715.5,715.5,14
2026-07-24 12:12:00+00:00,683.5,683.5,682.0,683.0,45
2026-07-24 12:12:00+00:00,701.0,701.0,700.0,700.5,15
2026-07-24 12:13:00+00:00,700.5,700.5,698.5,698.5,8
2026-07-24 12:13:00+00:00,683.0,683.0,680.5,680.5,25
2026-07-24 12:14:00+00:00,698.5,698.5,698.5,698.5,1
2026-07-24 12:14:00+00:00,680.0,680.5,678.5,678.5,25
2026-07-24 12:15:00+00:00,680.0,681.0,680.0,681.0,7
2026-07-24 12:16:00+00:00,680.0,680.0,680.0,680.0,1
2026-07-24 12:19:00+00:00,698.0,698.0,698.0,698.0,1
2026-07-24 12:20:00+00:00,699.5,699.5,699.5,699.5,2
2026-07-24 12:21:00+00:00,716.0,716.0,716.0,716.0,2
2026-07-24 12:21:00+00:00,-15.5,-15.5,-15.5,-15.5,2
2026-07-24 12:21:00+00:00,700.5,700.5,700.5,700.5,2
2026-07-24 12:21:00+00:00,682.5,683.0,682.0,683.0,20
2026-07-24 12:24:00+00:00,681.5,681.5,681.5,681.5,2
2026-07-24 12:25:00+00:00,682.5,682.5,682.5,682.5,1
2026-07-24 12:26:00+00:00,700.5,700.5,700.5,700.5,2
2026-07-24 12:26:00+00:00,682.5,682.5,682.5,682.5,2
2026-07-24 12:28:00+00:00,700.0,700.0,700.0,700.0,1
2026-07-24 12:29:00+00:00,681.5,681.5,681.5,681.5,1
2026-07-24 12:30:00+00:00,682.5,682.5,680.5,681.5,14
2026-07-24 12:32:00+00:00,679.5,679.5,679.5,679.5,4
2026-07-24 12:32:00+00:00,698.5,698.5,698.5,698.5,1
2026-07-24 12:34:00+00:00,679.5,679.5,678.5,679.0,12
2026-07-24 12:35:00+00:00,710.0,710.0,710.0,710.0,2
2026-07-24 12:35:00+00:00,-17.5,-17.5,-17.5,-17.5,1
2026-07-24 12:35:00+00:00,696.0,696.0,693.5,693.5,4
2026-07-24 12:35:00+00:00,679.0,679.0,675.5,675.5,19
2026-07-24 12:36:00+00:00,-18.5,-18.5,-18.5,-18.5,5
2026-07-24 12:36:00+00:00,676.5,677.0,674.0,677.0,43
2026-07-24 12:36:00+00:00,694.5,694.5,693.5,693.5,11
2026-07-24 12:36:00+00:00,710.0,710.0,710.0,710.0,1
2026-07-24 12:37:00+00:00,676.0,676.0,676.0,676.0,1
2026-07-24 12:38:00+00:00,676.5,676.5,676.5,676.5,5
2026-07-24 12:40:00+00:00,675.0,676.0,675.0,676.0,6
2026-07-24 12:42:00+00:00,676.0,676.5,676.0,676.5,11
2026-07-24 12:43:00+00:00,675.5,676.0,675.5,676.0,5
2026-07-24 13:30:00+00:00,674.0,674.0,670.0,670.0,42
2026-07-24 13:31:00+00:00,-16.0,-16.0,-16.0,-16.0,1
2026-07-24 13:31:00+00:00,670.0,670.0,667.0,667.0,10
2026-07-24 13:31:00+00:00,688.0,688.0,686.0,686.0,4
2026-07-24 13:32:00+00:00,686.5,687.0,686.5,687.0,3
2026-07-24 13:32:00+00:00,668.5,668.5,668.5,668.5,9
2026-07-24 13:33:00+00:00,670.0,670.0,670.0,670.0,1
2026-07-24 13:35:00+00:00,671.5,671.5,671.5,671.5,1
2026-07-24 13:36:00+00:00,689.0,689.0,689.0,689.0,3
2026-07-24 13:37:00+00:00,670.0,670.0,670.0,670.0,2
2026-07-24 13:38:00+00:00,687.5,687.5,687.5,687.5,4
2026-07-24 13:38:00+00:00,669.5,669.5,669.5,669.5,2
2026-07-24 13:40:00+00:00,668.5,668.5,668.5,668.5,1
2026-07-24 13:41:00+00:00,666.5,666.5,666.5,666.5,14
2026-07-24 13:41:00+00:00,685.0,685.0,685.0,685.0,2
2026-07-24 13:42:00+00:00,685.5,685.5,685.5,685.5,1
2026-07-24 13:44:00+00:00,687.5,687.5,687.5,687.5,1
2026-07-24 13:44:00+00:00,669.0,669.0,669.0,669.0,6
2026-07-24 13:46:00+00:00,668.0,668.0,668.0,668.0,2
2026-07-24 13:47:00+00:00,685.0,685.0,685.0,685.0,1
2026-07-24 13:49:00+00:00,667.0,667.0,667.0,667.0,10
2026-07-24 13:50:00+00:00,684.5,684.5,684.5,684.5,2
2026-07-24 13:50:00+00:00,667.0,667.0,666.5,666.5,4
2026-07-24 13:51:00+00:00,684.5,684.5,682.5,682.5,11
2026-07-24 13:51:00+00:00,-18.0,-18.0,-18.0,-18.0,1
2026-07-24 13:51:00+00:00,666.5,666.5,664.0,664.0,46
2026-07-24 13:53:00+00:00,665.0,665.0,665.0,665.0,2
2026-07-24 13:53:00+00:00,683.0,683.0,683.0,683.0,7
2026-07-24 13:54:00+00:00,664.0,664.0,663.0,663.0,14
2026-07-24 13:54:00+00:00,681.5,681.5,681.5,681.5,17
2026-07-24 13:55:00+00:00,681.5,681.5,681.5,681.5,1
2026-07-24 13:57:00+00:00,683.5,683.5,683.5,683.5,1
2026-07-24 13:58:00+00:00,665.0,665.0,665.0,665.0,4
2026-07-24 13:59:00+00:00,665.0,665.0,665.0,665.0,6
2026-07-24 14:01:00+00:00,664.0,664.0,663.5,663.5,2
2026-07-24 14:02:00+00:00,664.5,664.5,664.5,664.5,2
2026-07-24 14:03:00+00:00,664.0,664.0,664.0,664.0,1
2026-07-24 14:04:00+00:00,681.5,681.5,681.5,681.5,2
2026-07-24 14:05:00+00:00,662.0,662.0,662.0,662.0,2
2026-07-24 14:06:00+00:00,661.5,662.0,661.5,662.0,17
2026-07-24 14:07:00+00:00,696.0,696.0,696.0,696.0,1
2026-07-24 14:07:00+00:00,661.0,661.0,659.5,660.0,19
2026-07-24 14:07:00+00:00,679.5,679.5,679.0,679.0,3
2026-07-24 14:08:00+00:00,660.0,661.0,660.0,661.0,8
2026-07-24 14:09:00+00:00,661.0,662.5,661.0,662.5,17
2026-07-24 14:09:00+00:00,679.0,679.0,679.0,679.0,5
2026-07-24 14:12:00+00:00,663.0,663.0,663.0,663.0,6
2026-07-24 14:13:00+00:00,663.0,663.0,663.0,663.0,3
2026-07-24 14:15:00+00:00,665.0,665.0,665.0,665.0,2
2026-07-24 14:16:00+00:00,664.0,664.0,664.0,664.0,5
2026-07-24 14:17:00+00:00,682.0,682.5,682.0,682.5,11
2026-07-24 14:19:00+00:00,664.5,664.5,664.5,664.5,10
2026-07-24 14:22:00+00:00,664.5,664.5,664.5,664.5,1
2026-07-24 14:23:00+00:00,702.0,702.5,702.0,702.5,4
2026-07-24 14:23:00+00:00,685.5,686.5,685.5,686.5,3
2026-07-24 14:23:00+00:00,667.5,668.5,667.5,668.5,30
2026-07-24 14:24:00+00:00,688.0,688.0,688.0,688.0,2
2026-07-24 14:24:00+00:00,702.0,702.5,702.0,702.5,6
2026-07-24 14:24:00+00:00,667.5,670.0,667.5,669.5,32
2026-07-24 14:25:00+00:00,669.5,670.5,669.5,670.5,2
2026-07-24 14:27:00+00:00,670.0,670.0,670.0,670.0,1
2026-07-24 14:29:00+00:00,671.5,671.5,671.5,671.5,2
2026-07-24 14:30:00+00:00,672.0,672.0,672.0,672.0,2
2026-07-24 14:30:00+00:00,690.0,690.0,690.0,690.0,3
2026-07-24 14:33:00+00:00,671.5,672.0,671.5,672.0,4
2026-07-24 14:34:00+00:00,690.0,690.0,690.0,690.0,2
2026-07-24 14:35:00+00:00,673.0,673.0,673.0,673.0,2
2026-07-24 14:36:00+00:00,673.5,673.5,673.5,673.5,1
2026-07-24 14:37:00+00:00,673.0,673.5,673.0,673.5,3
2026-07-24 14:38:00+00:00,673.0,673.5,673.0,673.5,6
2026-07-24 14:40:00+00:00,675.0,675.0,675.0,675.0,1
2026-07-24 14:41:00+00:00,675.0,675.0,675.0,675.0,10
2026-07-24 14:41:00+00:00,693.0,694.0,693.0,694.0,25
2026-07-24 14:43:00+00:00,695.0,695.0,695.0,695.0,1
2026-07-24 14:44:00+00:00,677.5,678.5,677.5,678.5,4
2026-07-24 14:48:00+00:00,678.0,678.5,678.0,678.5,2
2026-07-24 14:51:00+00:00,711.5,711.5,711.5,711.5,2
2026-07-24 14:51:00+00:00,677.0,677.0,677.0,677.0,3
2026-07-24 14:51:00+00:00,695.5,695.5,695.5,695.5,6
2026-07-24 14:54:00+00:00,680.0,680.0,680.0,680.0,2
2026-07-24 14:55:00+00:00,679.5,679.5,679.5,679.5,1
2026-07-24 14:57:00+00:00,680.5,680.5,680.5,680.5,5
2026-07-24 14:58:00+00:00,679.0,679.0,678.5,678.5,3
2026-07-24 14:59:00+00:00,679.5,679.5,679.5,679.5,1
2026-07-24 15:01:00+00:00,697.5,697.5,697.5,697.5,2
2026-07-24 15:01:00+00:00,679.5,679.5,678.0,678.0,4
2026-07-24 15:10:00+00:00,677.0,677.0,677.0,677.0,1
2026-07-24 15:10:00+00:00,694.0,694.0,693.5,693.5,4
2026-07-24 15:11:00+00:00,675.0,675.0,674.5,675.0,4
2026-07-24 15:12:00+00:00,675.5,675.5,675.5,675.5,1
2026-07-24 15:13:00+00:00,676.5,676.5,676.5,676.5,2
2026-07-24 15:15:00+00:00,675.0,675.0,675.0,675.0,10
2026-07-24 15:16:00+00:00,692.0,692.0,692.0,692.0,2
2026-07-24 15:17:00+00:00,674.0,674.0,674.0,674.0,1
2026-07-24 15:23:00+00:00,673.0,673.0,672.0,672.0,2
2026-07-24 15:25:00+00:00,672.0,672.0,672.0,672.0,1
2026-07-24 15:27:00+00:00,672.0,672.0,672.0,672.0,1
2026-07-24 15:30:00+00:00,673.0,673.0,673.0,673.0,1
2026-07-24 15:31:00+00:00,690.0,690.0,690.0,690.0,1
2026-07-24 15:32:00+00:00,671.0,671.0,670.5,670.5,3
2026-07-24 15:34:00+00:00,672.0,672.5,672.0,672.5,3
2026-07-24 15:37:00+00:00,673.0,673.0,673.0,673.0,2
2026-07-24 15:38:00+00:00,673.0,673.0,673.0,673.0,3
2026-07-24 15:41:00+00:00,671.5,671.5,671.5,671.5,18
2026-07-24 15:49:00+00:00,672.5,672.5,672.5,672.5,5
2026-07-24 15:50:00+00:00,672.5,672.5,672.5,672.5,1
2026-07-24 15:53:00+00:00,673.0,673.0,672.5,672.5,2
2026-07-24 15:55:00+00:00,672.5,672.5,672.5,672.5,1
2026-07-24 15:58:00+00:00,674.0,674.0,674.0,674.0,10
2026-07-24 15:58:00+00:00,691.5,691.5,691.5,691.5,2
2026-07-24 16:07:00+00:00,673.0,674.0,673.0,674.0,6
2026-07-24 16:07:00+00:00,691.5,691.5,691.5,691.5,2
2026-07-24 16:13:00+00:00,692.5,692.5,692.5,692.5,6
2026-07-24 16:21:00+00:00,674.0,674.0,674.0,674.0,2
2026-07-24 16:27:00+00:00,674.5,674.5,674.5,674.5,1
2026-07-24 16:39:00+00:00,675.0,675.0,675.0,675.0,1
2026-07-24 16:41:00+00:00,693.0,693.0,693.0,693.0,4
2026-07-24 16:44:00+00:00,675.5,675.5,675.5,675.5,1
2026-07-24 16:45:00+00:00,709.0,710.0,709.0,710.0,20
2026-07-24 16:45:00+00:00,675.5,675.5,675.5,675.5,2
2026-07-24 16:53:00+00:00,677.0,677.0,677.0,677.0,1
2026-07-24 16:54:00+00:00,676.5,676.5,676.5,676.5,2
2026-07-24 16:55:00+00:00,677.5,678.0,677.5,678.0,11
2026-07-24 16:56:00+00:00,678.0,678.0,678.0,678.0,2
2026-07-24 17:19:00+00:00,676.5,676.5,676.5,676.5,4
2026-07-24 17:21:00+00:00,676.0,676.0,676.0,676.0,1
2026-07-24 17:46:00+00:00,675.5,675.5,675.5,675.5,10
2026-07-24 18:00:00+00:00,693.0,693.0,693.0,693.0,15
2026-07-24 18:00:00+00:00,676.5,676.5,676.5,676.5,4
2026-07-24 18:04:00+00:00,676.5,676.5,676.5,676.5,5
2026-07-24 18:05:00+00:00,-18.0,-18.0,-18.0,-18.0,1
2026-07-24 18:05:00+00:00,675.0,675.0,675.0,675.0,3
2026-07-24 18:10:00+00:00,675.5,675.5,675.5,675.5,5
2026-07-24 18:15:00+00:00,678.5,678.5,678.5,678.5,4
2026-07-24 18:16:00+00:00,678.5,678.5,678.5,678.5,1
2026-07-24 18:17:00+00:00,673.0,677.5,673.0,677.5,3
2026-07-27 00:00:00+00:00,683.5,683.5,675.5,675.5,6
2026-07-27 00:01:00+00:00,710.0,710.0,709.0,709.0,12
2026-07-27 00:01:00+00:00,695.5,695.5,695.5,695.5,2
2026-07-27 00:02:00+00:00,678.5,678.5,678.5,678.5,4
2026-07-27 00:02:00+00:00,696.0,696.0,696.0,696.0,10
2026-07-27 00:03:00+00:00,713.0,713.0,713.0,713.0,2
2026-07-27 00:03:00+00:00,698.0,698.0,697.5,697.5,13
2026-07-27 00:03:00+00:00,681.5,681.5,680.5,680.5,14
2026-07-27 00:05:00+00:00,696.0,696.0,696.0,696.0,1
2026-07-27 00:08:00+00:00,677.5,677.5,677.5,677.5,1
2026-07-27 00:17:00+00:00,676.0,676.0,676.0,676.0,2
2026-07-27 00:39:00+00:00,674.0,674.0,674.0,674.0,2
2026-07-27 00:47:00+00:00,675.5,675.5,675.5,675.5,6
2026-07-27 00:47:00+00:00,693.0,693.0,693.0,693.0,4
2026-07-27 00:58:00+00:00,674.0,674.0,674.0,674.0,2
2026-07-27 01:25:00+00:00,676.5,676.5,676.5,676.5,1
2026-07-27 01:30:00+00:00,675.5,675.5,675.5,675.5,2
2026-07-27 01:33:00+00:00,709.5,709.5,709.5,709.5,3
2026-07-27 01:33:00+00:00,676.5,676.5,676.5,676.5,2
2026-07-27 01:33:00+00:00,694.0,694.0,694.0,694.0,5
2026-07-27 01:35:00+00:00,709.5,709.5,709.5,709.5,3
2026-07-27 01:35:00+00:00,694.0,694.0,694.0,694.0,3
2026-07-27 02:25:00+00:00,677.5,677.5,677.5,677.5,3
2026-07-27 02:26:00+00:00,677.5,677.5,677.5,677.5,3
2026-07-27 02:30:00+00:00,678.5,678.5,678.5,678.5,2
2026-07-27 02:30:00+00:00,696.0,696.0,696.0,696.0,2
2026-07-27 02:41:00+00:00,679.0,679.0,679.0,679.0,2
2026-07-27 03:07:00+00:00,695.0,695.0,695.0,695.0,4
2026-07-27 03:09:00+00:00,678.5,678.5,678.5,678.5,2
2026-07-27 03:11:00+00:00,678.0,678.0,678.0,678.0,1
2026-07-27 03:51:00+00:00,678.5,678.5,678.5,678.5,2
2026-07-27 03:51:00+00:00,696.0,696.0,696.0,696.0,2
2026-07-27 03:55:00+00:00,679.0,679.0,679.0,679.0,5
2026-07-27 04:12:00+00:00,678.5,678.5,678.5,678.5,2
2026-07-27 04:21:00+00:00,677.5,677.5,677.5,677.5,1
2026-07-27 05:11:00+00:00,678.0,678.0,678.0,678.0,2
2026-07-27 05:16:00+00:00,677.0,677.0,677.0,677.0,2
2026-07-27 05:22:00+00:00,677.0,677.0,677.0,677.0,1
2026-07-27 05:28:00+00:00,677.0,677.0,677.0,677.0,1
2026-07-27 05:33:00+00:00,694.0,694.0,694.0,694.0,2
2026-07-27 05:41:00+00:00,676.5,676.5,676.5,676.5,2
2026-07-27 05:43:00+00:00,675.5,675.5,675.5,675.5,2
2026-07-27 05:56:00+00:00,677.5,677.5,677.5,677.5,2
2026-07-27 06:06:00+00:00,681.0,681.0,681.0,681.0,1
2026-07-27 06:08:00+00:00,680.0,680.0,679.5,679.5,6
2026-07-27 06:16:00+00:00,695.5,695.5,695.5,695.5,1
2026-07-27 06:21:00+00:00,678.0,678.0,678.0,678.0,2
2026-07-27 06:21:00+00:00,710.0,710.0,710.0,710.0,6
2026-07-27 06:21:00+00:00,695.0,695.0,694.5,694.5,8
2026-07-27 06:34:00+00:00,695.5,695.5,695.5,695.5,3
2026-07-27 06:37:00+00:00,694.0,694.0,694.0,694.0,3
2026-07-27 06:41:00+00:00,676.0,676.0,676.0,676.0,1
2026-07-27 06:41:00+00:00,693.5,693.5,693.5,693.5,2
2026-07-27 06:47:00+00:00,693.0,693.0,693.0,693.0,2
2026-07-27 06:49:00+00:00,675.5,675.5,675.5,675.5,1
2026-07-27 06:55:00+00:00,674.5,674.5,674.5,674.5,1
2026-07-27 07:06:00+00:00,676.0,676.0,676.0,676.0,1
2026-07-27 07:14:00+00:00,706.5,706.5,706.0,706.0,6
2026-07-27 07:15:00+00:00,673.0,673.0,673.0,673.0,3
2026-07-27 07:16:00+00:00,672.0,672.0,671.0,671.0,3
2026-07-27 07:18:00+00:00,671.0,671.0,671.0,671.0,1
2026-07-27 07:19:00+00:00,672.0,672.0,672.0,672.0,8
2026-07-27 07:38:00+00:00,672.0,672.0,672.0,672.0,1
2026-07-27 07:49:00+00:00,672.0,672.0,672.0,672.0,1
2026-07-27 07:55:00+00:00,672.0,672.0,672.0,672.0,1
2026-07-27 07:56:00+00:00,689.0,689.0,689.0,689.0,1
2026-07-27 08:04:00+00:00,673.5,673.5,673.5,673.5,1
2026-07-27 08:10:00+00:00,689.5,689.5,689.5,689.5,2
2026-07-27 08:15:00+00:00,704.5,704.5,704.5,704.5,3
2026-07-27 08:15:00+00:00,688.5,688.5,688.5,688.5,6
2026-07-27 08:15:00+00:00,671.5,671.5,671.5,671.5,7
2026-07-27 08:16:00+00:00,704.5,704.5,704.5,704.5,3
2026-07-27 08:19:00+00:00,671.5,671.5,671.5,671.5,3
2026-07-27 08:26:00+00:00,687.5,687.5,687.0,687.5,13
2026-07-27 08:26:00+00:00,670.0,670.0,670.0,670.0,14
2026-07-27 08:32:00+00:00,687.0,687.0,687.0,687.0,2
2026-07-27 08:37:00+00:00,669.5,669.5,669.5,669.5,1
2026-07-27 08:41:00+00:00,669.0,669.0,669.0,669.0,1
2026-07-27 08:49:00+00:00,669.0,669.0,669.0,669.0,6
2026-07-27 08:49:00+00:00,686.5,686.5,686.5,686.5,6
2026-07-27 08:52:00+00:00,685.5,685.5,685.5,685.5,4
2026-07-27 08:52:00+00:00,668.5,668.5,668.0,668.0,3
2026-07-27 09:10:00+00:00,670.0,670.0,670.0,670.0,5
2026-07-27 09:10:00+00:00,687.5,687.5,687.5,687.5,3
2026-07-27 09:10:00+00:00,703.0,703.0,703.0,703.0,3
2026-07-27 09:11:00+00:00,670.0,670.0,670.0,670.0,3
2026-07-27 09:11:00+00:00,687.5,687.5,687.5,687.5,3
2026-07-27 09:12:00+00:00,703.0,703.0,703.0,703.0,3
2026-07-27 09:24:00+00:00,670.0,670.0,670.0,670.0,2
2026-07-27 09:24:00+00:00,703.5,703.5,703.0,703.0,3
2026-07-27 09:24:00+00:00,688.0,688.0,688.0,688.0,1
2026-07-27 09:25:00+00:00,703.0,703.0,703.0,703.0,1
2026-07-27 09:25:00+00:00,669.0,669.0,669.0,669.0,2
2026-07-27 09:48:00+00:00,685.5,685.5,685.5,685.5,2
2026-07-27 09:48:00+00:00,667.5,667.5,667.5,667.5,2
2026-07-27 09:53:00+00:00,668.0,668.0,668.0,668.0,1
2026-07-27 09:55:00+00:00,667.5,667.5,667.5,667.5,4
2026-07-27 09:56:00+00:00,684.5,684.5,684.5,684.5,1
2026-07-27 10:04:00+00:00,667.0,667.5,667.0,667.5,7
2026-07-27 10:07:00+00:00,668.0,668.0,668.0,668.0,5
2026-07-27 10:13:00+00:00,687.5,688.0,687.5,688.0,5
2026-07-27 10:13:00+00:00,703.5,703.5,703.5,703.5,3
2026-07-27 10:15:00+00:00,688.0,688.0,688.0,688.0,3
2026-07-27 10:15:00+00:00,703.5,703.5,703.5,703.5,3
2026-07-27 10:15:00+00:00,670.5,670.5,670.5,670.5,6
2026-07-27 10:18:00+00:00,670.0,670.0,670.0,670.0,6
2026-07-27 10:18:00+00:00,703.0,703.0,703.0,703.0,6
2026-07-27 10:21:00+00:00,687.0,687.0,687.0,687.0,2
2026-07-27 10:23:00+00:00,688.5,688.5,688.5,688.5,6
2026-07-27 10:24:00+00:00,670.0,670.5,670.0,670.5,3
2026-07-27 10:29:00+00:00,688.0,688.0,688.0,688.0,4
2026-07-27 10:33:00+00:00,670.0,670.0,670.0,670.0,3
2026-07-27 10:36:00+00:00,670.0,670.0,670.0,670.0,3
2026-07-27 11:04:00+00:00,702.5,702.5,702.5,702.5,3
2026-07-27 11:12:00+00:00,703.5,703.5,703.5,703.5,3
2026-07-27 11:21:00+00:00,670.0,670.0,670.0,670.0,2
2026-07-27 11:25:00+00:00,670.0,670.0,670.0,670.0,1
2026-07-27 11:29:00+00:00,686.5,686.5,686.5,686.5,3
2026-07-27 11:30:00+00:00,686.5,686.5,686.5,686.5,3
2026-07-27 11:47:00+00:00,666.5,666.5,665.5,665.5,2
2026-07-27 11:48:00+00:00,665.0,665.0,664.0,664.0,5
2026-07-27 11:49:00+00:00,665.0,665.0,665.0,665.0,4
2026-07-27 11:49:00+00:00,682.5,682.5,682.5,682.5,1
2026-07-27 11:56:00+00:00,665.5,665.5,665.5,665.5,1
2026-07-27 11:57:00+00:00,684.5,684.5,684.5,684.5,7
2026-07-27 11:58:00+00:00,667.0,667.0,667.0,667.0,2
2026-07-27 11:59:00+00:00,667.5,667.5,667.5,667.5,2
2026-07-27 12:04:00+00:00,686.0,686.0,685.5,685.5,4
2026-07-27 12:11:00+00:00,686.0,686.5,686.0,686.5,9
2026-07-27 12:11:00+00:00,669.0,669.5,669.0,669.5,11
2026-07-27 12:12:00+00:00,686.0,686.0,686.0,686.0,3
2026-07-27 12:19:00+00:00,670.0,670.0,669.0,669.0,4
2026-07-27 12:29:00+00:00,672.0,672.0,672.0,672.0,2
2026-07-27 12:32:00+00:00,706.0,706.0,706.0,706.0,2
2026-07-27 12:32:00+00:00,673.0,674.0,673.0,674.0,22
2026-07-27 12:32:00+00:00,690.0,690.0,690.0,690.0,14
2026-07-27 12:34:00+00:00,-17.5,-17.5,-17.5,-17.5,1
2026-07-27 12:35:00+00:00,673.0,673.0,673.0,673.0,1
2026-07-27 13:30:00+00:00,675.0,675.0,675.0,675.0,5
2026-07-27 13:32:00+00:00,674.0,674.0,674.0,674.0,1
2026-07-27 13:41:00+00:00,693.5,693.5,693.5,693.5,1
2026-07-27 13:43:00+00:00,678.0,678.0,678.0,678.0,1
2026-07-27 13:44:00+00:00,677.5,677.5,677.5,677.5,5
2026-07-27 13:45:00+00:00,677.0,677.0,677.0,677.0,6
2026-07-27 13:45:00+00:00,694.0,694.0,694.0,694.0,2
2026-07-27 13:45:00+00:00,-17.0,-17.0,-17.0,-17.0,1
2026-07-27 13:46:00+00:00,677.0,677.0,677.0,677.0,4
2026-07-27 13:47:00+00:00,677.0,677.0,677.0,677.0,1
2026-07-27 13:48:00+00:00,675.5,675.5,675.5,675.5,1
2026-07-27 13:49:00+00:00,692.0,692.0,692.0,692.0,2
2026-07-27 13:53:00+00:00,675.5,675.5,675.5,675.5,4
2026-07-27 13:56:00+00:00,673.5,673.5,673.5,673.5,1
2026-07-27 13:57:00+00:00,673.5,673.5,672.5,672.5,2
2026-07-27 13:58:00+00:00,673.0,673.0,673.0,673.0,2
2026-07-27 14:00:00+00:00,673.5,673.5,673.5,673.5,1
2026-07-27 14:01:00+00:00,691.5,691.5,691.5,691.5,1
2026-07-27 14:03:00+00:00,692.0,692.0,692.0,692.0,1
2026-07-27 14:03:00+00:00,674.5,674.5,674.5,674.5,1
2026-07-27 14:04:00+00:00,675.5,675.5,675.5,675.5,1
2026-07-27 14:12:00+00:00,673.5,673.5,672.0,672.0,4
2026-07-27 14:14:00+00:00,672.5,672.5,672.5,672.5,1
2026-07-27 14:15:00+00:00,673.5,673.5,673.5,673.5,2
2026-07-27 14:22:00+00:00,671.5,671.5,671.5,671.5,1
2026-07-27 14:28:00+00:00,691.0,691.0,691.0,691.0,1
2026-07-27 14:37:00+00:00,689.5,689.5,689.5,689.5,1
2026-07-27 14:43:00+00:00,690.5,690.5,690.5,690.5,2
2026-07-27 14:44:00+00:00,674.0,674.0,674.0,674.0,2
2026-07-27 14:51:00+00:00,674.0,674.0,674.0,674.0,13
2026-07-27 14:51:00+00:00,691.0,691.0,691.0,691.0,1
2026-07-27 14:58:00+00:00,671.5,671.5,671.5,671.5,1
2026-07-27 15:03:00+00:00,671.5,671.5,671.5,671.5,4
2026-07-27 15:03:00+00:00,688.5,688.5,688.5,688.5,2
2026-07-27 15:10:00+00:00,672.0,672.0,672.0,672.0,1
2026-07-27 15:27:00+00:00,668.5,668.5,668.0,668.0,2
2026-07-27 15:27:00+00:00,686.0,686.0,686.0,686.0,2
2026-07-27 15:28:00+00:00,668.0,668.0,668.0,668.0,1
2026-07-27 15:31:00+00:00,667.0,667.0,667.0,667.0,15
2026-07-27 15:35:00+00:00,699.5,699.5,699.5,699.5,4
2026-07-27 15:54:00+00:00,667.0,667.0,667.0,667.0,1
2026-07-27 16:03:00+00:00,684.0,684.0,684.0,684.0,1
2026-07-27 16:14:00+00:00,666.5,666.5,666.5,666.5,1
2026-07-27 16:17:00+00:00,668.0,668.0,668.0,668.0,1
2026-07-27 16:18:00+00:00,668.5,668.5,668.0,668.0,2
2026-07-27 16:41:00+00:00,666.0,666.0,666.0,666.0,1
2026-07-27 16:42:00+00:00,665.5,665.5,664.5,664.5,7
2026-07-27 16:46:00+00:00,663.0,663.0,662.5,662.5,4
2026-07-27 16:59:00+00:00,681.0,681.0,680.0,680.0,3
2026-07-27 17:03:00+00:00,662.5,662.5,662.5,662.5,4
2026-07-27 17:05:00+00:00,662.0,662.0,662.0,662.0,1
2026-07-27 17:18:00+00:00,661.5,661.5,661.5,661.5,1
2026-07-27 17:20:00+00:00,663.0,663.0,663.0,663.0,1
2026-07-27 17:25:00+00:00,679.0,679.0,679.0,679.0,2
2026-07-27 17:27:00+00:00,660.5,660.5,660.5,660.5,1
2026-07-27 18:10:00+00:00,660.5,661.0,660.5,661.0,4
2026-07-27 18:10:00+00:00,678.0,678.0,678.0,678.0,1
2026-07-27 18:14:00+00:00,660.5,660.5,660.0,660.0,3
2026-07-27 18:14:00+00:00,677.5,677.5,677.0,677.0,12
2026-07-27 18:14:00+00:00,-17.5,-17.5,-17.5,-17.5,2
2026-07-27 18:18:00+00:00,658.0,658.0,657.5,657.5,9
2026-07-28 00:01:00+00:00,677.5,677.5,677.5,677.5,1
2026-07-28 00:01:00+00:00,660.0,660.0,660.0,660.0,3
2026-07-28 00:02:00+00:00,661.0,661.0,661.0,661.0,1
2026-07-28 00:02:00+00:00,678.0,678.0,678.0,678.0,2
2026-07-28 00:03:00+00:00,659.5,659.5,659.5,659.5,1
2026-07-28 00:06:00+00:00,659.0,659.0,659.0,659.0,1
2026-07-28 00:24:00+00:00,679.5,680.0,679.5,680.0,7
2026-07-28 00:24:00+00:00,661.5,661.5,661.5,661.5,2
2026-07-28 00:44:00+00:00,662.0,662.0,662.0,662.0,1
2026-07-28 00:48:00+00:00,662.5,662.5,661.5,661.5,2
2026-07-28 01:01:00+00:00,679.5,679.5,679.5,679.5,1
2026-07-28 01:21:00+00:00,662.0,662.0,662.0,662.0,1
2026-07-28 01:26:00+00:00,662.0,662.0,662.0,662.0,1
2026-07-28 01:39:00+00:00,663.5,663.5,663.5,663.5,1
2026-07-28 01:45:00+00:00,664.0,664.0,664.0,664.0,1
2026-07-28 01:56:00+00:00,663.5,664.0,663.5,664.0,12
2026-07-28 01:56:00+00:00,681.0,681.5,681.0,681.5,7
2026-07-28 01:58:00+00:00,664.0,664.5,664.0,664.5,4
2026-07-28 01:58:00+00:00,681.5,681.5,681.5,681.5,3
2026-07-28 02:17:00+00:00,662.5,662.5,662.5,662.5,1
2026-07-28 02:57:00+00:00,678.0,678.0,678.0,678.0,4
2026-07-28 04:47:00+00:00,660.0,660.0,660.0,660.0,1
2026-07-28 04:55:00+00:00,660.0,660.0,660.0,660.0,2
2026-07-28 05:36:00+00:00,660.5,660.5,660.5,660.5,1
2026-07-28 06:16:00+00:00,659.0,659.0,659.0,659.0,4
2026-07-28 06:16:00+00:00,676.5,676.5,676.5,676.5,3
2026-07-28 06:20:00+00:00,659.0,659.0,659.0,659.0,2
2026-07-28 06:27:00+00:00,659.5,659.5,659.5,659.5,1
2026-07-28 06:28:00+00:00,659.5,659.5,659.5,659.5,1
2026-07-28 06:31:00+00:00,690.0,690.0,690.0,690.0,7
2026-07-28 06:31:00+00:00,657.0,657.0,656.5,656.5,25
2026-07-28 06:31:00+00:00,674.0,674.0,674.0,674.0,6
2026-07-28 06:34:00+00:00,656.5,656.5,656.5,656.5,1
2026-07-28 06:46:00+00:00,674.0,674.0,674.0,674.0,2
2026-07-28 06:46:00+00:00,656.5,656.5,656.5,656.5,1
2026-07-28 06:56:00+00:00,675.0,675.0,675.0,675.0,2
2026-07-28 06:57:00+00:00,657.0,657.0,655.0,655.0,26
2026-07-28 06:57:00+00:00,674.5,674.5,674.0,674.0,24
2026-07-28 06:57:00+00:00,690.0,690.0,690.0,690.0,3
2026-07-28 07:02:00+00:00,656.0,656.0,656.0,656.0,3
2026-07-28 07:04:00+00:00,655.0,655.0,654.5,654.5,12
2026-07-28 07:05:00+00:00,654.5,654.5,654.5,654.5,3
2026-07-28 07:15:00+00:00,689.5,689.5,689.5,689.5,3
2026-07-28 07:17:00+00:00,674.0,674.0,674.0,674.0,3
2026-07-28 07:53:00+00:00,653.5,653.5,653.5,653.5,2
2026-07-28 07:54:00+00:00,671.0,671.0,671.0,671.0,2
2026-07-28 08:03:00+00:00,653.0,653.0,653.0,653.0,1
2026-07-28 08:05:00+00:00,671.0,671.0,671.0,671.0,13
2026-07-28 08:05:00+00:00,653.5,653.5,653.0,653.0,20
2026-07-28 08:05:00+00:00,687.0,687.0,686.5,686.5,5
2026-07-28 08:06:00+00:00,-16.0,-16.0,-16.0,-16.0,2
2026-07-28 08:06:00+00:00,670.5,670.5,670.5,670.5,5
2026-07-28 08:06:00+00:00,686.5,686.5,686.5,686.5,3
2026-07-28 08:07:00+00:00,653.0,653.0,653.0,653.0,5
2026-07-28 08:08:00+00:00,670.5,670.5,670.5,670.5,1
2026-07-28 08:15:00+00:00,654.5,654.5,654.5,654.5,10
2026-07-28 08:16:00+00:00,654.5,654.5,654.5,654.5,1
2026-07-28 08:22:00+00:00,673.5,673.5,673.5,673.5,2
2026-07-28 08:38:00+00:00,673.0,673.0,673.0,673.0,1
2026-07-28 09:02:00+00:00,657.5,657.5,657.5,657.5,1
2026-07-28 09:12:00+00:00,658.5,658.5,658.5,658.5,1
2026-07-28 09:16:00+00:00,660.0,660.0,660.0,660.0,1
2026-07-28 09:17:00+00:00,659.5,659.5,659.5,659.5,1
2026-07-28 09:57:00+00:00,657.5,657.5,657.5,657.5,2
2026-07-28 10:05:00+00:00,675.0,675.0,675.0,675.0,6
2026-07-28 10:38:00+00:00,653.5,653.5,651.0,651.0,11
2026-07-28 10:44:00+00:00,670.0,670.0,670.0,670.0,3
2026-07-28 10:45:00+00:00,653.5,653.5,653.5,653.5,1
2026-07-28 10:47:00+00:00,652.5,652.5,652.5,652.5,1
2026-07-28 10:49:00+00:00,653.5,653.5,653.5,653.5,1
2026-07-28 10:55:00+00:00,653.5,653.5,653.5,653.5,2
2026-07-28 10:56:00+00:00,653.5,653.5,653.5,653.5,1
2026-07-28 11:01:00+00:00,653.0,653.0,653.0,653.0,1
2026-07-28 11:05:00+00:00,652.0,652.0,652.0,652.0,1
2026-07-28 11:11:00+00:00,652.0,652.0,652.0,652.0,3
2026-07-28 11:13:00+00:00,652.0,652.0,652.0,652.0,1
2026-07-28 11:19:00+00:00,652.0,652.0,651.5,651.5,8
2026-07-28 11:19:00+00:00,-17.5,-17.5,-17.5,-17.5,2
2026-07-28 11:19:00+00:00,669.0,669.0,669.0,669.0,12
2026-07-28 11:22:00+00:00,652.0,652.0,652.0,652.0,4
2026-07-28 12:10:00+00:00,653.0,653.0,653.0,653.0,2
2026-07-28 12:25:00+00:00,652.0,652.0,651.5,651.5,3
2026-07-28 12:33:00+00:00,669.5,669.5,669.5,669.5,2
2026-07-28 12:33:00+00:00,652.0,652.0,651.5,651.5,2
2026-07-28 12:35:00+00:00,670.0,670.0,670.0,670.0,12
2026-07-28 12:36:00+00:00,656.0,658.5,656.0,658.5,4
2026-07-28 12:37:00+00:00,658.0,658.0,658.0,658.0,2
2026-07-28 12:37:00+00:00,675.5,675.5,675.5,675.5,2
2026-07-28 13:30:00+00:00,654.5,655.0,654.5,655.0,12
2026-07-28 13:31:00+00:00,657.0,657.0,657.0,657.0,6
2026-07-28 13:40:00+00:00,675.5,675.5,675.5,675.5,1
2026-07-28 13:42:00+00:00,676.5,676.5,676.5,676.5,1
2026-07-28 13:44:00+00:00,660.5,660.5,660.5,660.5,1
2026-07-28 13:45:00+00:00,679.5,679.5,679.5,679.5,2
2026-07-28 13:45:00+00:00,663.0,663.0,663.0,663.0,2
2026-07-28 13:48:00+00:00,661.5,661.5,661.5,661.5,1
2026-07-28 14:07:00+00:00,664.0,664.0,664.0,664.0,1
2026-07-28 14:08:00+00:00,664.5,664.5,664.5,664.5,1
2026-07-28 14:09:00+00:00,665.0,665.0,665.0,665.0,3
2026-07-28 14:10:00+00:00,665.0,665.0,665.0,665.0,2
2026-07-28 14:18:00+00:00,662.5,662.5,662.5,662.5,1
2026-07-28 14:20:00+00:00,663.5,663.5,663.5,663.5,1
2026-07-28 14:25:00+00:00,682.5,682.5,682.5,682.5,3
2026-07-28 14:27:00+00:00,664.0,664.0,664.0,664.0,6
2026-07-28 14:27:00+00:00,682.0,682.0,682.0,682.0,1
2026-07-28 14:28:00+00:00,664.5,664.5,664.5,664.5,1
2026-07-28 14:29:00+00:00,665.0,665.0,665.0,665.0,1
2026-07-28 14:31:00+00:00,663.5,663.5,663.0,663.0,2
2026-07-28 14:34:00+00:00,680.5,680.5,680.0,680.5,8
2026-07-28 14:45:00+00:00,663.5,663.5,663.5,663.5,1
2026-07-28 14:47:00+00:00,679.0,679.0,679.0,679.0,1
2026-07-28 14:51:00+00:00,662.5,662.5,662.5,662.5,1
2026-07-28 15:14:00+00:00,679.5,679.5,679.5,679.5,20
2026-07-28 15:14:00+00:00,662.5,662.5,662.5,662.5,2
2026-07-28 15:27:00+00:00,680.0,680.0,680.0,680.0,2
2026-07-28 15:33:00+00:00,662.5,662.5,662.5,662.5,1
2026-07-28 15:34:00+00:00,679.5,679.5,679.5,679.5,2
2026-07-28 15:45:00+00:00,663.0,663.0,663.0,663.0,1
2026-07-28 16:00:00+00:00,663.0,663.0,663.0,663.0,1
2026-07-28 16:12:00+00:00,664.5,664.5,664.5,664.5,1
2026-07-28 16:15:00+00:00,664.5,664.5,664.5,664.5,1
2026-07-28 16:16:00+00:00,665.0,665.0,665.0,665.0,2
2026-07-28 16:18:00+00:00,664.5,664.5,664.5,664.5,1
2026-07-28 16:29:00+00:00,660.5,660.5,660.5,660.5,5
2026-07-28 16:34:00+00:00,678.0,678.0,678.0,678.0,4
2026-07-28 16:34:00+00:00,661.0,661.0,661.0,661.0,9
2026-07-28 16:49:00+00:00,661.5,661.5,661.5,661.5,1
2026-07-28 17:04:00+00:00,659.0,659.0,659.0,659.0,1
2026-07-28 17:06:00+00:00,659.0,659.0,659.0,659.0,1
2026-07-28 17:08:00+00:00,659.0,659.0,659.0,659.0,1
2026-07-28 17:17:00+00:00,658.0,658.0,658.0,658.0,1
2026-07-28 17:18:00+00:00,658.5,658.5,658.5,658.5,1
2026-07-28 17:43:00+00:00,678.5,678.5,678.5,678.5,1
2026-07-28 17:43:00+00:00,660.0,660.0,660.0,660.0,1
2026-07-28 17:58:00+00:00,693.5,693.5,693.5,693.5,1
2026-07-28 18:05:00+00:00,660.5,660.5,660.5,660.5,1
2026-07-28 18:11:00+00:00,679.0,679.0,679.0,679.0,2
2026-07-28 18:12:00+00:00,662.0,662.0,662.0,662.0,3
2026-07-28 18:14:00+00:00,663.0,663.0,663.0,663.0,2
2026-07-28 18:15:00+00:00,663.5,663.5,662.5,662.5,11
2026-07-28 18:17:00+00:00,680.5,680.5,680.5,680.5,4
2026-07-28 18:19:00+00:00,663.5,663.5,663.5,663.5,2
2026-07-29 00:00:00+00:00,672.0,675.0,669.0,669.0,8
2026-07-29 00:01:00+00:00,668.5,669.0,668.5,669.0,2
2026-07-29 00:02:00+00:00,669.5,670.5,669.5,670.5,3
2026-07-29 00:16:00+00:00,687.5,687.5,687.5,687.5,1
2026-07-29 00:29:00+00:00,669.5,669.5,669.5,669.5,3
2026-07-29 00:53:00+00:00,687.0,687.0,687.0,687.0,1
2026-07-29 01:41:00+00:00,688.5,688.5,688.5,688.5,3
2026-07-29 02:57:00+00:00,669.5,669.5,669.5,669.5,1
2026-07-29 02:58:00+00:00,669.0,669.0,669.0,669.0,1
2026-07-29 04:32:00+00:00,668.5,668.5,668.5,668.5,1
2026-07-29 04:41:00+00:00,668.5,668.5,668.5,668.5,2
2026-07-29 04:44:00+00:00,667.5,667.5,667.5,667.5,2
2026-07-29 04:59:00+00:00,700.0,700.0,700.0,700.0,5
2026-07-29 04:59:00+00:00,668.0,668.0,667.0,667.0,23
2026-07-29 04:59:00+00:00,685.0,685.0,684.0,684.0,25
2026-07-29 05:03:00+00:00,700.0,700.0,700.0,700.0,3
2026-07-29 05:05:00+00:00,668.0,668.0,668.0,668.0,3
2026-07-29 06:01:00+00:00,669.5,669.5,669.5,669.5,2
2026-07-29 06:25:00+00:00,671.0,671.0,671.0,671.0,2
2026-07-29 06:33:00+00:00,670.5,670.5,670.5,670.5,1
2026-07-29 06:44:00+00:00,686.5,686.5,686.5,686.5,2
2026-07-29 06:45:00+00:00,670.5,670.5,670.5,670.5,2
2026-07-29 06:57:00+00:00,670.0,670.0,670.0,670.0,1
2026-07-29 06:58:00+00:00,687.0,687.0,687.0,687.0,2
2026-07-29 07:24:00+00:00,687.0,687.0,687.0,687.0,1
2026-07-29 07:39:00+00:00,666.5,666.5,666.5,666.5,1
2026-07-29 07:47:00+00:00,665.5,665.5,665.0,665.0,2
2026-07-29 08:08:00+00:00,664.0,664.0,664.0,664.0,1
2026-07-29 08:12:00+00:00,665.0,665.0,665.0,665.0,1
2026-07-29 08:16:00+00:00,680.0,680.0,680.0,680.0,1
2026-07-29 08:19:00+00:00,662.5,662.5,662.5,662.5,1
2026-07-29 08:22:00+00:00,680.5,680.5,680.5,680.5,7
2026-07-29 08:22:00+00:00,696.0,696.0,696.0,696.0,3
2026-07-29 08:23:00+00:00,681.0,681.0,681.0,681.0,3
2026-07-29 08:23:00+00:00,696.0,696.0,696.0,696.0,3
2026-07-29 08:33:00+00:00,664.0,664.0,664.0,664.0,1
2026-07-29 08:35:00+00:00,680.5,680.5,680.5,680.5,2
2026-07-29 08:45:00+00:00,679.5,679.5,679.5,679.5,2
2026-07-29 08:59:00+00:00,681.0,681.0,681.0,681.0,3
2026-07-29 09:23:00+00:00,677.0,677.0,677.0,677.0,2
2026-07-29 09:23:00+00:00,-17.5,-17.5,-17.5,-17.5,2
2026-07-29 09:23:00+00:00,659.5,659.5,659.0,659.0,4
2026-07-29 09:46:00+00:00,677.0,677.0,677.0,677.0,10
2026-07-29 10:16:00+00:00,659.5,659.5,659.5,659.5,1
2026-07-29 10:35:00+00:00,676.0,676.0,676.0,676.0,1
2026-07-29 11:24:00+00:00,660.5,660.5,660.5,660.5,1
2026-07-29 11:42:00+00:00,680.5,680.5,680.5,680.5,2
2026-07-29 11:43:00+00:00,683.0,683.0,683.0,683.0,2
2026-07-29 11:45:00+00:00,667.5,667.5,667.5,667.5,2
2026-07-29 11:46:00+00:00,683.5,683.5,683.5,683.5,1
2026-07-29 11:54:00+00:00,665.0,665.0,665.0,665.0,5
2026-07-29 11:54:00+00:00,682.0,682.0,682.0,682.0,1
2026-07-29 12:02:00+00:00,681.0,681.0,681.0,681.0,3
2026-07-29 12:44:00+00:00,-16.5,-16.5,-16.5,-16.5,1
2026-07-29 12:44:00+00:00,659.5,664.5,659.5,659.5,4
2026-07-29 12:44:00+00:00,676.0,676.0,676.0,676.0,1
2026-07-29 13:30:00+00:00,665.5,665.5,665.0,665.0,18
2026-07-29 13:32:00+00:00,664.5,664.5,664.0,664.5,11
2026-07-29 13:48:00+00:00,665.5,665.5,665.5,665.5,2
2026-07-29 13:50:00+00:00,664.5,664.5,664.5,664.5,1
2026-07-29 13:56:00+00:00,664.5,664.5,664.5,664.5,1
2026-07-29 14:07:00+00:00,661.5,661.5,661.5,661.5,1
2026-07-29 14:10:00+00:00,679.5,679.5,679.5,679.5,2
2026-07-29 14:10:00+00:00,662.5,662.5,662.5,662.5,1
2026-07-29 14:19:00+00:00,664.0,664.0,664.0,664.0,1
2026-07-29 14:22:00+00:00,664.5,664.5,664.5,664.5,1
2026-07-29 14:24:00+00:00,666.0,666.0,666.0,666.0,1
2026-07-29 14:25:00+00:00,666.0,666.0,666.0,666.0,1
2026-07-29 14:26:00+00:00,665.0,665.0,665.0,665.0,1
2026-07-29 14:44:00+00:00,682.5,682.5,682.5,682.5,6
2026-07-29 14:52:00+00:00,667.0,667.0,667.0,667.0,1
2026-07-29 14:57:00+00:00,681.0,681.0,681.0,681.0,2
2026-07-29 14:57:00+00:00,664.5,664.5,664.5,664.5,2
2026-07-29 15:19:00+00:00,665.0,665.0,665.0,665.0,1
2026-07-29 15:35:00+00:00,666.0,666.0,666.0,666.0,1
2026-07-29 15:36:00+00:00,666.0,666.0,666.0,666.0,2
2026-07-29 15:40:00+00:00,665.0,665.0,665.0,665.0,5
2026-07-29 15:41:00+00:00,664.0,664.0,664.0,664.0,3
2026-07-29 15:41:00+00:00,680.5,680.5,680.5,680.5,3
2026-07-29 15:41:00+00:00,-16.5,-16.5,-16.5,-16.5,3
2026-07-29 15:42:00+00:00,664.5,664.5,664.5,664.5,3
2026-07-29 15:44:00+00:00,664.0,664.0,664.0,664.0,8
2026-07-29 15:44:00+00:00,680.5,680.5,680.5,680.5,10
2026-07-29 15:47:00+00:00,663.5,663.5,663.5,663.5,1
2026-07-29 15:59:00+00:00,662.5,662.5,662.5,662.5,2
2026-07-29 16:16:00+00:00,660.0,660.0,660.0,660.0,3
2026-07-29 16:17:00+00:00,677.5,677.5,677.5,677.5,2
2026-07-29 16:25:00+00:00,659.5,659.5,659.0,659.0,5
2026-07-29 16:28:00+00:00,660.0,660.0,660.0,660.0,1
2026-07-29 16:29:00+00:00,677.5,677.5,677.5,677.5,1
2026-07-29 16:36:00+00:00,662.5,662.5,662.5,662.5,3
2026-07-29 16:43:00+00:00,662.0,662.0,662.0,662.0,1
2026-07-29 17:04:00+00:00,662.5,662.5,661.0,661.0,2
2026-07-29 17:12:00+00:00,661.0,661.0,661.0,661.0,4
2026-07-29 17:18:00+00:00,661.5,661.5,661.5,661.5,1
2026-07-29 18:10:00+00:00,662.0,662.0,662.0,662.0,1
2026-07-29 18:19:00+00:00,678.0,678.0,678.0,678.0,1
2026-07-29 18:19:00+00:00,660.5,662.0,660.5,662.0,3
2026-07-29 18:19:00+00:00,-16.0,-16.0,-16.0,-16.0,1
2026-07-30 00:08:00+00:00,662.5,662.5,662.5,662.5,1
2026-07-30 00:22:00+00:00,660.0,660.0,660.0,660.0,1
2026-07-30 01:33:00+00:00,679.0,679.0,679.0,679.0,2
2026-07-30 01:34:00+00:00,663.0,663.0,663.0,663.0,1
2026-07-30 01:38:00+00:00,663.5,663.5,663.5,663.5,1
2026-07-30 01:51:00+00:00,665.0,665.0,665.0,665.0,1
2026-07-30 02:02:00+00:00,665.0,665.0,665.0,665.0,1
2026-07-30 02:02:00+00:00,-16.5,-16.5,-16.5,-16.5,1
2026-07-30 02:02:00+00:00,681.5,681.5,681.5,681.5,1
2026-07-30 02:55:00+00:00,662.0,662.0,662.0,662.0,2
2026-07-30 04:09:00+00:00,678.0,678.0,678.0,678.0,1
2026-07-30 04:12:00+00:00,661.0,661.0,661.0,661.0,1
2026-07-30 05:21:00+00:00,680.0,680.0,680.0,680.0,6
2026-07-30 05:35:00+00:00,665.0,665.0,665.0,665.0,1
2026-07-30 05:36:00+00:00,682.5,682.5,682.5,682.5,2
2026-07-30 05:41:00+00:00,667.5,667.5,667.5,667.5,1
2026-07-30 05:43:00+00:00,684.0,684.0,684.0,684.0,2
2026-07-30 05:49:00+00:00,684.0,684.0,684.0,684.0,4
2026-07-30 05:57:00+00:00,669.0,669.0,669.0,669.0,2
2026-07-30 06:00:00+00:00,668.0,668.0,668.0,668.0,8
2026-07-30 06:03:00+00:00,685.0,686.5,685.0,686.5,4
2026-07-30 06:06:00+00:00,668.5,668.5,668.5,668.5,1
2026-07-30 06:35:00+00:00,686.0,687.5,686.0,687.5,20
2026-07-30 06:35:00+00:00,669.0,670.0,669.0,670.0,24
2026-07-30 06:35:00+00:00,702.0,702.0,702.0,702.0,2
2026-07-30 06:35:00+00:00,-16.5,-16.5,-16.5,-16.5,2
2026-07-30 06:36:00+00:00,671.5,672.0,671.5,672.0,20
2026-07-30 06:37:00+00:00,-14.5,-14.5,-14.5,-14.5,2
2026-07-30 06:37:00+00:00,673.0,675.0,673.0,674.5,46
2026-07-30 06:37:00+00:00,689.5,690.0,689.5,690.0,11
2026-07-30 06:37:00+00:00,704.5,704.5,704.5,704.5,2
2026-07-30 06:38:00+00:00,674.0,675.0,674.0,675.0,21
2026-07-30 06:40:00+00:00,-15.0,-15.0,-15.0,-15.0,2
2026-07-30 06:40:00+00:00,705.0,705.0,705.0,705.0,2
2026-07-30 06:40:00+00:00,691.5,691.5,690.0,690.0,12
2026-07-30 06:42:00+00:00,675.0,676.0,675.0,676.0,13
2026-07-30 06:42:00+00:00,691.5,692.0,691.5,692.0,16
2026-07-30 06:43:00+00:00,676.5,676.5,676.5,676.5,2
2026-07-30 06:43:00+00:00,693.0,693.0,693.0,693.0,10
2026-07-30 06:45:00+00:00,679.0,680.5,679.0,680.5,5
2026-07-30 06:45:00+00:00,694.5,696.0,694.5,696.0,5
2026-07-30 06:45:00+00:00,-15.5,-15.5,-15.5,-15.5,2
2026-07-30 06:49:00+00:00,678.0,678.0,678.0,678.0,1
2026-07-30 06:56:00+00:00,677.0,677.0,677.0,677.0,1
2026-07-30 06:58:00+00:00,680.0,680.0,680.0,680.0,1
2026-07-30 06:59:00+00:00,679.0,679.0,679.0,679.0,5
2026-07-30 07:01:00+00:00,680.0,680.0,680.0,680.0,5
2026-07-30 07:02:00+00:00,680.0,680.0,680.0,680.0,2
2026-07-30 07:04:00+00:00,680.5,680.5,680.0,680.0,2
2026-07-30 07:07:00+00:00,680.5,680.5,680.5,680.5,1
2026-07-30 07:11:00+00:00,684.5,684.5,684.5,684.5,1
2026-07-30 07:22:00+00:00,682.0,682.0,682.0,682.0,1
2026-07-30 07:23:00+00:00,683.5,683.5,683.5,683.5,1
2026-07-30 07:26:00+00:00,683.0,683.0,683.0,683.0,1
2026-07-30 07:35:00+00:00,700.0,700.0,700.0,700.0,1
2026-07-30 07:35:00+00:00,-17.0,-17.0,-17.0,-17.0,1
2026-07-30 07:35:00+00:00,683.0,683.0,683.0,683.0,1
2026-07-30 07:39:00+00:00,685.0,685.0,685.0,685.0,2
2026-07-30 07:39:00+00:00,700.0,700.5,700.0,700.5,2
2026-07-30 07:50:00+00:00,685.0,685.0,685.0,685.0,1
2026-07-30 07:56:00+00:00,685.5,685.5,685.5,685.5,2
2026-07-30 07:57:00+00:00,702.0,702.0,702.0,702.0,2
2026-07-30 07:57:00+00:00,685.5,685.5,685.5,685.5,3
2026-07-30 07:59:00+00:00,701.5,701.5,701.5,701.5,2
2026-07-30 08:06:00+00:00,683.5,683.5,683.5,683.5,1
2026-07-30 08:27:00+00:00,684.0,684.0,684.0,684.0,1
2026-07-30 08:30:00+00:00,683.5,683.5,683.5,683.5,1
2026-07-30 08:32:00+00:00,699.0,699.0,699.0,699.0,1
2026-07-30 08:33:00+00:00,682.0,682.0,682.0,682.0,1
2026-07-30 08:34:00+00:00,698.5,698.5,698.5,698.5,2
2026-07-30 08:40:00+00:00,681.5,681.5,681.5,681.5,1
2026-07-30 08:55:00+00:00,697.5,697.5,697.5,697.5,2
2026-07-30 08:56:00+00:00,680.5,681.0,680.5,681.0,3
2026-07-30 08:56:00+00:00,-17.0,-17.0,-17.0,-17.0,2
2026-07-30 08:56:00+00:00,697.5,697.5,697.5,697.5,2
2026-07-30 09:00:00+00:00,698.5,698.5,698.5,698.5,1
2026-07-30 09:00:00+00:00,682.0,682.0,682.0,682.0,1
2026-07-30 09:06:00+00:00,682.0,682.0,682.0,682.0,1
2026-07-30 09:22:00+00:00,683.0,683.0,683.0,683.0,2
2026-07-30 09:39:00+00:00,685.0,685.0,685.0,685.0,1
2026-07-30 09:41:00+00:00,701.5,701.5,701.5,701.5,1
2026-07-30 09:45:00+00:00,684.0,684.0,684.0,684.0,1
2026-07-30 09:56:00+00:00,684.5,685.0,684.5,685.0,2
2026-07-30 10:21:00+00:00,685.5,685.5,685.5,685.5,10
2026-07-30 10:43:00+00:00,682.0,682.0,682.0,682.0,1
2026-07-30 11:46:00+00:00,699.5,699.5,699.5,699.5,2
2026-07-30 11:58:00+00:00,679.5,679.5,679.5,679.5,1
2026-07-30 12:07:00+00:00,679.0,679.0,679.0,679.0,2
2026-07-30 12:08:00+00:00,679.5,679.5,679.5,679.5,1
2026-07-30 12:09:00+00:00,680.5,680.5,680.5,680.5,1
2026-07-30 12:09:00+00:00,697.5,697.5,697.5,697.5,1
2026-07-30 12:09:00+00:00,-17.0,-17.0,-17.0,-17.0,1
2026-07-30 12:12:00+00:00,681.0,681.0,681.0,681.0,1
2026-07-30 12:12:00+00:00,-16.5,-16.5,-16.5,-16.5,1
2026-07-30 12:12:00+00:00,697.5,697.5,697.5,697.5,7
2026-07-30 12:21:00+00:00,696.0,696.0,696.0,696.0,4
2026-07-30 12:36:00+00:00,679.0,679.0,679.0,679.0,2
2026-07-30 12:41:00+00:00,683.5,683.5,681.0,681.0,3
2026-07-30 13:30:00+00:00,711.5,711.5,711.5,711.5,2
2026-07-30 13:30:00+00:00,678.5,685.0,678.5,685.0,2
2026-07-30 13:33:00+00:00,675.5,675.5,675.0,675.0,10
2026-07-30 13:34:00+00:00,675.5,675.5,675.5,675.5,1
2026-07-30 13:34:00+00:00,694.0,694.0,694.0,694.0,4
2026-07-30 13:35:00+00:00,675.0,675.0,675.0,675.0,6
2026-07-30 13:39:00+00:00,674.5,674.5,674.5,674.5,1
2026-07-30 13:39:00+00:00,692.5,692.5,692.5,692.5,1
2026-07-30 13:41:00+00:00,674.0,674.0,673.5,673.5,2
2026-07-30 13:43:00+00:00,673.5,673.5,673.5,673.5,1
2026-07-30 13:44:00+00:00,691.0,691.0,691.0,691.0,4
2026-07-30 13:45:00+00:00,674.0,674.0,674.0,674.0,2
2026-07-30 13:49:00+00:00,675.5,675.5,675.5,675.5,5
2026-07-30 13:50:00+00:00,676.0,676.0,676.0,676.0,1
2026-07-30 14:01:00+00:00,678.0,678.0,678.0,678.0,4
2026-07-30 14:03:00+00:00,678.0,678.0,677.5,677.5,5
2026-07-30 14:03:00+00:00,695.5,695.5,695.5,695.5,1
2026-07-30 14:07:00+00:00,677.0,677.0,677.0,677.0,3
2026-07-30 14:08:00+00:00,677.0,677.0,677.0,677.0,3
2026-07-30 14:15:00+00:00,676.0,676.0,675.0,675.5,5
2026-07-30 14:16:00+00:00,676.0,676.5,676.0,676.0,4
2026-07-30 14:20:00+00:00,677.0,678.0,677.0,678.0,4
2026-07-30 14:30:00+00:00,675.5,675.5,675.0,675.5,4
2026-07-30 14:36:00+00:00,678.0,678.0,678.0,678.0,1
2026-07-30 14:41:00+00:00,676.0,676.0,676.0,676.0,3
2026-07-30 15:09:00+00:00,672.0,672.0,671.5,671.5,3
2026-07-30 15:15:00+00:00,669.5,669.5,669.5,669.5,6
2026-07-30 15:21:00+00:00,669.5,669.5,669.5,669.5,2
2026-07-30 15:26:00+00:00,670.0,670.0,670.0,670.0,1
2026-07-30 15:27:00+00:00,670.0,670.5,670.0,670.5,2
2026-07-30 15:39:00+00:00,670.5,670.5,670.5,670.5,3
2026-07-30 16:04:00+00:00,669.0,669.0,669.0,669.0,4
2026-07-30 16:41:00+00:00,669.0,669.0,669.0,669.0,1
2026-07-30 16:41:00+00:00,686.5,686.5,686.0,686.0,2
2026-07-30 16:41:00+00:00,-17.5,-17.5,-17.5,-17.5,1
2026-07-30 16:52:00+00:00,686.0,686.0,686.0,686.0,1
2026-07-30 17:10:00+00:00,668.0,668.0,668.0,668.0,1
2026-07-30 17:16:00+00:00,667.5,667.5,667.0,667.0,11
2026-07-30 17:25:00+00:00,666.0,666.0,666.0,666.0,1
2026-07-30 18:00:00+00:00,666.0,666.0,666.0,666.0,8
2026-07-30 18:10:00+00:00,664.5,664.5,664.5,664.5,1
2026-07-30 18:14:00+00:00,682.0,682.0,681.5,681.5,2
2026-07-30 18:15:00+00:00,663.0,663.0,661.5,661.5,3
2026-07-31 00:12:00+00:00,664.5,664.5,664.5,664.5,1
2026-07-31 00:29:00+00:00,664.5,664.5,664.5,664.5,1
2026-07-31 00:50:00+00:00,661.5,661.5,661.5,661.5,2
2026-07-31 00:57:00+00:00,661.5,661.5,661.5,661.5,1
2026-07-31 01:00:00+00:00,661.5,661.5,661.5,661.5,2
2026-07-31 01:07:00+00:00,678.5,678.5,678.5,678.5,2
2026-07-31 01:21:00+00:00,659.0,659.0,659.0,659.0,1
2026-07-31 01:24:00+00:00,677.0,677.0,677.0,677.0,1
2026-07-31 01:34:00+00:00,659.5,659.5,659.5,659.5,3
2026-07-31 01:40:00+00:00,659.0,659.0,659.0,659.0,1
2026-07-31 01:55:00+00:00,658.5,658.5,658.5,658.5,1
2026-07-31 02:01:00+00:00,676.5,676.5,676.5,676.5,10
2026-07-31 02:11:00+00:00,676.0,676.0,674.5,674.5,14
2026-07-31 02:11:00+00:00,691.5,691.5,691.0,691.0,4
2026-07-31 02:11:00+00:00,-18.5,-18.5,-18.5,-18.5,1
2026-07-31 02:11:00+00:00,658.0,658.0,656.5,656.5,18
2026-07-31 02:16:00+00:00,657.0,657.0,657.0,657.0,1
2026-07-31 02:37:00+00:00,675.0,675.0,675.0,675.0,2
2026-07-31 02:44:00+00:00,675.5,675.5,675.5,675.5,1
2026-07-31 02:45:00+00:00,675.5,675.5,675.5,675.5,2
2026-07-31 02:45:00+00:00,657.5,657.5,657.5,657.5,2
2026-07-31 02:56:00+00:00,657.5,657.5,657.5,657.5,3
2026-07-31 02:57:00+00:00,652.5,656.5,652.5,652.5,5
2026-07-31 02:58:00+00:00,652.5,652.5,652.5,652.5,1
2026-07-31 04:45:00+00:00,657.5,657.5,657.5,657.5,1
2026-07-31 05:03:00+00:00,657.0,657.0,657.0,657.0,10
2026-07-31 05:04:00+00:00,657.0,657.0,657.0,657.0,5
2026-07-31 05:05:00+00:00,657.0,657.0,657.0,657.0,8
2026-07-31 05:53:00+00:00,656.5,656.5,656.5,656.5,1
2026-07-31 06:16:00+00:00,655.5,655.5,655.5,655.5,2
2026-07-31 06:17:00+00:00,655.5,655.5,655.5,655.5,3
2026-07-31 06:26:00+00:00,653.5,653.5,653.5,653.5,1
2026-07-31 06:30:00+00:00,655.0,655.0,653.0,653.0,3
2026-07-31 06:47:00+00:00,675.0,675.0,675.0,675.0,1
2026-07-31 06:47:00+00:00,-18.0,-18.0,-18.0,-18.0,1
2026-07-31 06:47:00+00:00,656.5,657.0,656.5,657.0,3
2026-07-31 08:07:00+00:00,659.5,659.5,659.5,659.5,3
2026-07-31 08:09:00+00:00,678.5,678.5,678.5,678.5,2
2026-07-31 08:10:00+00:00,660.5,660.5,660.5,660.5,2
2026-07-31 08:11:00+00:00,661.0,661.0,661.0,661.0,1
2026-07-31 08:36:00+00:00,659.0,659.0,659.0,659.0,1
2026-07-31 08:42:00+00:00,676.0,676.0,676.0,676.0,1
2026-07-31 08:42:00+00:00,-18.0,-18.0,-18.0,-18.0,1
2026-07-31 08:42:00+00:00,658.0,658.0,658.0,658.0,1
2026-07-31 09:13:00+00:00,658.0,658.0,658.0,658.0,1
2026-07-31 09:20:00+00:00,676.5,676.5,676.5,676.5,4
2026-07-31 09:20:00+00:00,-18.0,-18.0,-18.0,-18.0,4
2026-07-31 09:20:00+00:00,658.5,658.5,658.5,658.5,5
2026-07-31 09:21:00+00:00,677.0,677.0,677.0,677.0,1
2026-07-31 09:21:00+00:00,-18.0,-18.0,-18.0,-18.0,1
2026-07-31 09:21:00+00:00,659.0,659.0,659.0,659.0,1
2026-07-31 10:29:00+00:00,683.5,683.5,683.5,683.5,1
2026-07-31 10:29:00+00:00,-19.0,-19.0,-19.0,-19.0,1
2026-07-31 10:29:00+00:00,664.5,664.5,664.5,664.5,4
2026-07-31 10:56:00+00:00,675.5,675.5,675.5,675.5,2
2026-07-31 10:56:00+00:00,-18.0,-18.0,-18.0,-18.0,2
2026-07-31 10:56:00+00:00,657.5,657.5,657.5,657.5,2
2026-07-31 11:22:00+00:00,675.5,675.5,675.5,675.5,1
2026-07-31 11:27:00+00:00,672.5,672.5,672.5,672.5,1
2026-07-31 11:31:00+00:00,653.5,653.5,653.5,653.5,1
2026-07-31 11:43:00+00:00,683.0,683.0,683.0,683.0,1
2026-07-31 11:43:00+00:00,-19.0,-19.0,-19.0,-19.0,1
2026-07-31 11:43:00+00:00,664.0,664.0,664.0,664.0,4
2026-07-31 11:44:00+00:00,674.0,674.0,674.0,674.0,1
2026-07-31 11:44:00+00:00,691.0,691.0,691.0,691.0,1
2026-07-31 11:44:00+00:00,-17.0,-17.0,-17.0,-17.0,1
2026-07-31 11:51:00+00:00,653.5,653.5,653.5,653.5,1
2026-07-31 11:52:00+00:00,653.5,653.5,653.5,653.5,1
2026-07-31 12:02:00+00:00,655.0,663.5,655.0,663.5,5
2026-07-31 12:24:00+00:00,657.0,657.0,657.0,657.0,2
2026-07-31 12:26:00+00:00,655.5,655.5,655.5,655.5,2
2026-07-31 12:34:00+00:00,653.0,653.0,652.5,652.5,5
2026-07-31 12:40:00+00:00,652.0,652.0,652.0,652.0,1
2026-07-31 13:30:00+00:00,652.0,653.0,652.0,653.0,8
2026-07-31 13:31:00+00:00,650.5,650.5,647.0,649.5,11
2026-07-31 13:32:00+00:00,647.0,647.0,647.0,647.0,1
2026-07-31 13:34:00+00:00,647.0,647.0,647.0,647.0,1
2026-07-31 13:35:00+00:00,646.5,646.5,646.0,646.0,3
2026-07-31 13:36:00+00:00,662.5,662.5,661.5,661.5,2
2026-07-31 13:36:00+00:00,680.0,680.0,678.0,678.0,3
2026-07-31 13:36:00+00:00,-15.5,-15.5,-15.5,-15.5,1
2026-07-31 13:36:00+00:00,-18.0,-18.0,-18.0,-18.0,1
2026-07-31 13:36:00+00:00,643.5,643.5,643.5,643.5,2
2026-07-31 13:38:00+00:00,667.5,667.5,667.5,667.5,1
2026-07-31 13:38:00+00:00,644.5,644.5,644.5,644.5,1
2026-07-31 13:39:00+00:00,645.0,645.0,645.0,645.0,2
2026-07-31 13:40:00+00:00,643.0,643.0,643.0,643.0,2
2026-07-31 13:44:00+00:00,643.0,643.0,643.0,643.0,3
2026-07-31 13:46:00+00:00,661.0,661.0,661.0,661.0,2
2026-07-31 13:50:00+00:00,644.0,645.0,644.0,645.0,3
2026-07-31 13:52:00+00:00,645.5,645.5,645.5,645.5,1
2026-07-31 13:55:00+00:00,643.0,643.0,643.0,643.0,1
2026-07-31 13:58:00+00:00,643.0,643.0,643.0,643.0,1
2026-07-31 14:01:00+00:00,642.0,642.0,642.0,642.0,1
2026-07-31 14:03:00+00:00,642.5,642.5,642.5,642.5,1
2026-07-31 14:04:00+00:00,662.0,662.0,662.0,662.0,2
2026-07-31 14:05:00+00:00,644.5,646.0,644.5,646.0,3
2026-07-31 14:09:00+00:00,658.5,658.5,658.5,658.5,3
2026-07-31 14:09:00+00:00,-18.5,-18.5,-18.5,-18.5,3
2026-07-31 14:09:00+00:00,641.0,641.0,640.0,640.0,11
2026-07-31 14:10:00+00:00,637.0,637.0,637.0,637.0,1
2026-07-31 14:13:00+00:00,641.0,641.0,641.0,641.0,1
2026-07-31 14:15:00+00:00,661.0,661.5,661.0,661.5,6
2026-07-31 14:15:00+00:00,641.0,641.0,641.0,641.0,2
2026-07-31 14:17:00+00:00,660.0,660.0,659.0,659.0,2
2026-07-31 14:19:00+00:00,658.0,658.0,658.0,658.0,1
2026-07-31 14:19:00+00:00,639.5,639.5,639.5,639.5,2
2026-07-31 14:21:00+00:00,657.0,657.0,657.0,657.0,1
2026-07-31 14:22:00+00:00,663.5,663.5,663.5,663.5,1
2026-07-31 14:22:00+00:00,-19.0,-19.0,-19.0,-19.0,1
2026-07-31 14:22:00+00:00,644.5,644.5,644.5,644.5,1
2026-07-31 14:24:00+00:00,659.0,659.0,659.0,659.0,1
2026-07-31 14:43:00+00:00,659.0,659.0,659.0,659.0,1
2026-07-31 14:43:00+00:00,-18.5,-18.5,-18.5,-18.5,1
2026-07-31 14:43:00+00:00,640.5,640.5,640.5,640.5,1
2026-07-31 14:45:00+00:00,640.0,644.5,640.0,644.5,3
2026-07-31 14:48:00+00:00,657.5,657.5,657.5,657.5,1
2026-07-31 14:56:00+00:00,656.0,656.0,652.0,656.0,14
2026-07-31 14:56:00+00:00,-18.5,-18.5,-18.5,-18.5,4
2026-07-31 14:56:00+00:00,637.5,637.5,637.0,637.0,5
2026-07-31 15:05:00+00:00,657.5,657.5,657.5,657.5,2
2026-07-31 15:19:00+00:00,638.5,643.0,638.5,643.0,11
2026-07-31 15:34:00+00:00,654.0,654.0,654.0,654.0,8
2026-07-31 15:34:00+00:00,-18.5,-18.5,-18.5,-18.5,6
2026-07-31 15:34:00+00:00,635.5,635.5,635.5,635.5,7
2026-07-31 15:35:00+00:00,636.0,636.0,636.0,636.0,1
2026-07-31 15:36:00+00:00,655.5,655.5,655.5,655.5,2
2026-07-31 15:39:00+00:00,656.0,661.5,656.0,661.5,3
2026-07-31 15:42:00+00:00,656.5,656.5,656.5,656.5,1
2026-07-31 15:42:00+00:00,-19.0,-19.0,-19.0,-19.0,1
2026-07-31 15:42:00+00:00,637.5,637.5,637.5,637.5,1
2026-07-31 15:48:00+00:00,636.5,636.5,636.5,636.5,1
2026-07-31 15:49:00+00:00,654.5,654.5,654.5,654.5,1
2026-07-31 15:49:00+00:00,-18.5,-18.5,-18.5,-18.5,1
2026-07-31 15:49:00+00:00,636.0,636.0,636.0,636.0,5
2026-07-31 15:50:00+00:00,636.0,636.0,636.0,636.0,4
2026-07-31 16:02:00+00:00,656.0,656.0,656.0,656.0,1
2026-07-31 16:02:00+00:00,-18.0,-18.0,-18.0,-18.0,1
2026-07-31 16:02:00+00:00,638.0,638.0,638.0,638.0,1
2026-07-31 16:04:00+00:00,654.0,654.0,654.0,654.0,1
2026-07-31 16:21:00+00:00,660.5,660.5,660.5,660.5,1
2026-07-31 16:45:00+00:00,655.0,655.0,655.0,655.0,5
2026-07-31 16:45:00+00:00,-18.5,-18.5,-18.5,-18.5,1
2026-07-31 16:45:00+00:00,636.5,636.5,636.5,636.5,1
2026-07-31 17:02:00+00:00,636.0,636.0,636.0,636.0,5
2026-07-31 17:15:00+00:00,654.5,654.5,654.5,654.5,2
2026-07-31 17:17:00+00:00,654.5,654.5,654.5,654.5,1
2026-07-31 17:19:00+00:00,655.0,655.0,655.0,655.0,4
2026-07-31 17:37:00+00:00,657.5,657.5,653.0,653.0,2
2026-07-31 17:37:00+00:00,-18.0,-18.0,-18.0,-18.0,1
2026-07-31 17:37:00+00:00,639.5,639.5,639.5,639.5,1
2026-07-31 17:45:00+00:00,655.5,655.5,655.5,655.5,1
2026-07-31 17:45:00+00:00,-18.5,-18.5,-18.5,-18.5,1
2026-07-31 17:45:00+00:00,637.0,637.0,637.0,637.0,1
2026-07-31 17:56:00+00:00,637.5,637.5,637.5,637.5,1
2026-07-31 18:00:00+00:00,637.5,637.5,637.5,637.5,1
2026-07-31 18:07:00+00:00,657.5,657.5,657.5,657.5,1
2026-07-31 18:07:00+00:00,-17.5,-17.5,-17.5,-17.5,1
2026-07-31 18:07:00+00:00,640.0,640.0,640.0,640.0,1
2026-07-31 18:12:00+00:00,657.0,657.0,657.0,657.0,1
2026-07-31 18:17:00+00:00,639.5,643.5,639.0,639.0,8
2026-07-31 18:18:00+00:00,637.5,637.5,637.0,637.0,3
