ts_recv,ts_event,rtype,publisher_id,instrument_id,raw_symbol,security_update_action,instrument_class,min_price_increment,display_factor,expiration,activation,high_limit_price,low_limit_price,max_price_variation,trading_reference_price,unit_of_measure_qty,min_price_increment_amount,price_ratio,inst_attrib_value,underlying_id,raw_instrument_id,market_depth_implied,market_depth,market_segment_id,max_trade_vol,min_lot_size,min_lot_size_block,min_lot_size_round_lot,min_trade_vol,contract_multiplier,decay_quantity,original_contract_size,trading_reference_date,appl_id,maturity_year,decay_start_date,channel_id,currency,settl_currency,secsubtype,group,exchange,asset,cfi,security_type,unit_of_measure,underlying,strike_price_currency,strike_price,match_algorithm,md_security_trading_status,main_fraction,price_display_format,settl_price_type,sub_fraction,underlying_product,maturity_month,maturity_day,maturity_week,user_defined_instrument,contract_multiplier_unit,flow_schedule_type,tick_rule,symbol
2025-02-24 00:00:00+00:00,2025-02-23 12:07:48.046000+00:00,19,1,42185124,M6AH5,A,F,0.0001,1.0,2025-03-17 14:16:00+00:00,2024-09-16 21:30:00+00:00,,0.0001,0.006,0.6355,10000.0,1.0,,270347,0,42185124,0,10,88,2500,0,0,0,1,2147483647,2147483647,2147483647,20140,314,2025,65535,4,USD,,,6A,XCME,M6A,FFCXSX,FUT,AUD,,,,F,255,255,255,7,255,4,3,255,255,N,127,127,255,M6AH5
2025-02-24 00:00:00+00:00,2025-02-23 12:07:48.096000+00:00,19,1,42017519,M6AM5,A,F,0.0001,1.0,2025-06-16 14:16:00+00:00,2024-12-16 22:30:00+00:00,,0.0001,0.006,0.636,10000.0,1.0,,270347,0,42017519,0,10,88,2500,0,0,0,1,2147483647,2147483647,2147483647,20140,314,2025,65535,4,USD,,,6A,XCME,M6A,FFCXSX,FUT,AUD,,,,F,255,255,255,7,255,4,6,255,255,N,127,127,255,M6AM5
2025-02-24 00:00:00+00:00,2025-02-23 12:07:48.246000+00:00,19,1,42077140,M6AM5-M6AH5,A,S,0.0001,1.0,2025-03-17 14:16:00+00:00,2024-12-16 22:30:00+00:00,,,0.001,0.0005,,,,271371,0,42077140,0,10,88,2500,0,0,0,1,2147483647,2147483647,2147483647,20140,314,2025,65535,4,USD,,SD,6A,XCME,M6A,FMCXSX,FUT,AUD,,,,F,255,255,255,3,255,4,3,255,255,N,127,127,255,M6AM5-M6AH5
2025-02-25 00:00:00+00:00,2025-02-23 12:07:48.046000+00:00,19,1,42185124,M6AH5,A,F,0.0001,1.0,2025-03-17 14:16:00+00:00,2024-09-16 21:30:00+00:00,,0.0001,0.006,0.6355,10000.0,1.0,,270347,0,42185124,0,10,88,2500,0,0,0,1,2147483647,2147483647,2147483647,20140,314,2025,65535,4,USD,,,6A,XCME,M6A,FFCXSX,FUT,AUD,,,,F,255,255,255,7,255,4,3,255,255,N,127,127,255,M6AH5
2025-02-25 00:00:00+00:00,2025-02-23 12:07:48.096000+00:00,19,1,42017519,M6AM5,A,F,0.0001,1.0,2025-06-16 14:16:00+00:00,2024-12-16 22:30:00+00:00,,0.0001,0.006,0.636,10000.0,1.0,,270347,0,42017519,0,10,88,2500,0,0,0,1,2147483647,2147483647,2147483647,20140,314,2025,65535,4,USD,,,6A,XCME,M6A,FFCXSX,FUT,AUD,,,,F,255,255,255,7,255,4,6,255,255,N,127,127,255,M6AM5
2025-02-25 00:00:00+00:00,2025-02-23 12:07:48.246000+00:00,19,1,42077140,M6AM5-M6AH5,A,S,0.0001,1.0,2025-03-17 14:16:00+00:00,2024-12-16 22:30:00+00:00,,,0.001,0.0005,,,,271371,0,42077140,0,10,88,2500,0,0,0,1,2147483647,2147483647,2147483647,20140,314,2025,65535,4,USD,,SD,6A,XCME,M6A,FMCXSX,FUT,AUD,,,,F,255,255,255,3,255,4,3,255,255,N,127,127,255,M6AM5-M6AH5
2025-02-26 00:00:00+00:00,2025-02-23 12:07:48.046000+00:00,19,1,42185124,M6AH5,A,F,0.0001,1.0,2025-03-17 14:16:00+00:00,2024-09-16 21:30:00+00:00,,0.0001,0.006,0.6355,10000.0,1.0,,270347,0,42185124,0,10,88,2500,0,0,0,1,2147483647,2147483647,2147483647,20140,314,2025,65535,4,USD,,,6A,XCME,M6A,FFCXSX,FUT,AUD,,,,F,255,255,255,7,255,4,3,255,255,N,127,127,255,M6AH5
2025-02-26 00:00:00+00:00,2025-02-23 12:07:48.096000+00:00,19,1,42017519,M6AM5,A,F,0.0001,1.0,2025-06-16 14:16:00+00:00,2024-12-16 22:30:00+00:00,,0.0001,0.006,0.636,10000.0,1.0,,270347,0,42017519,0,10,88,2500,0,0,0,1,2147483647,2147483647,2147483647,20140,314,2025,65535,4,USD,,,6A,XCME,M6A,FFCXSX,FUT,AUD,,,,F,255,255,255,7,255,4,6,255,255,N,127,127,255,M6AM5
2025-02-26 00:00:00+00:00,2025-02-23 12:07:48.246000+00:00,19,1,42077140,M6AM5-M6AH5,A,S,0.0001,1.0,2025-03-17 14:16:00+00:00,2024-12-16 22:30:00+00:00,,,0.001,0.0005,,,,271371,0,42077140,0,10,88,2500,0,0,0,1,2147483647,2147483647,2147483647,20140,314,2025,65535,4,USD,,SD,6A,XCME,M6A,FMCXSX,FUT,AUD,,,,F,255,255,255,3,255,4,3,255,255,N,127,127,255,M6AM5-M6AH5
2025-02-27 00:00:00+00:00,2025-02-23 12:07:48.046000+00:00,19,1,42185124,M6AH5,A,F,0.0001,1.0,2025-03-17 14:16:00+00:00,2024-09-16 21:30:00+00:00,,0.0001,0.006,0.6355,10000.0,1.0,,270347,0,42185124,0,10,88,2500,0,0,0,1,2147483647,2147483647,2147483647,20140,314,2025,65535,4,USD,,,6A,XCME,M6A,FFCXSX,FUT,AUD,,,,F,255,255,255,7,255,4,3,255,255,N,127,127,255,M6AH5
2025-02-27 00:00:00+00:00,2025-02-23 12:07:48.096000+00:00,19,1,42017519,M6AM5,A,F,0.0001,1.0,2025-06-16 14:16:00+00:00,2024-12-16 22:30:00+00:00,,0.0001,0.006,0.636,10000.0,1.0,,270347,0,42017519,0,10,88,2500,0,0,0,1,2147483647,2147483647,2147483647,20140,314,2025,65535,4,USD,,,6A,XCME,M6A,FFCXSX,FUT,AUD,,,,F,255,255,255,7,255,4,6,255,255,N,127,127,255,M6AM5
2025-02-27 00:00:00+00:00,2025-02-23 12:07:48.246000+00:00,19,1,42077140,M6AM5-M6AH5,A,S,0.0001,1.0,2025-03-17 14:16:00+00:00,2024-12-16 22:30:00+00:00,,,0.001,0.0005,,,,271371,0,42077140,0,10,88,2500,0,0,0,1,2147483647,2147483647,2147483647,20140,314,2025,65535,4,USD,,SD,6A,XCME,M6A,FMCXSX,FUT,AUD,,,,F,255,255,255,3,255,4,3,255,255,N,127,127,255,M6AM5-M6AH5
2025-02-28 00:00:00+00:00,2025-02-23 12:07:48.046000+00:00,19,1,42185124,M6AH5,A,F,0.0001,1.0,2025-03-17 14:16:00+00:00,2024-09-16 21:30:00+00:00,,0.0001,0.006,0.6355,10000.0,1.0,,270347,0,42185124,0,10,88,2500,0,0,0,1,2147483647,2147483647,2147483647,20140,314,2025,65535,4,USD,,,6A,XCME,M6A,FFCXSX,FUT,AUD,,,,F,255,255,255,7,255,4,3,255,255,N,127,127,255,M6AH5
2025-02-28 00:00:00+00:00,2025-02-23 12:07:48.096000+00:00,19,1,42017519,M6AM5,A,F,0.0001,1.0,2025-06-16 14:16:00+00:00,2024-12-16 22:30:00+00:00,,0.0001,0.006,0.636,10000.0,1.0,,270347,0,42017519,0,10,88,2500,0,0,0,1,2147483647,2147483647,2147483647,20140,314,2025,65535,4,USD,,,6A,XCME,M6A,FFCXSX,FUT,AUD,,,,F,255,255,255,7,255,4,6,255,255,N,127,127,255,M6AM5
2025-02-28 00:00:00+00:00,2025-02-23 12:07:48.246000+00:00,19,1,42077140,M6AM5-M6AH5,A,S,0.0001,1.0,2025-03-17 14:16:00+00:00,2024-12-16 22:30:00+00:00,,,0.001,0.0005,,,,271371,0,42077140,0,10,88,2500,0,0,0,1,2147483647,2147483647,2147483647,20140,314,2025,65535,4,USD,,SD,6A,XCME,M6A,FMCXSX,FUT,AUD,,,,F,255,255,255,3,255,4,3,255,255,N,127,127,255,M6AM5-M6AH5
2025-03-02 12:07:49.261659069+00:00,2025-03-02 12:07:49.165000+00:00,19,1,42185124,M6AH5,A,F,0.0001,1.0,2025-03-17 14:16:00+00:00,2024-09-16 21:30:00+00:00,,0.0001,0.006,0.6199,10000.0,1.0,,270347,0,42185124,0,10,88,2500,0,0,0,1,2147483647,2147483647,2147483647,20147,314,2025,65535,4,USD,,,6A,XCME,M6A,FFCXSX,FUT,AUD,,,,F,255,255,255,7,255,4,3,255,255,N,127,127,255,M6AH5
2025-03-02 12:07:49.263637924+00:00,2025-03-02 12:07:49.215000+00:00,19,1,42017519,M6AM5,A,F,0.0001,1.0,2025-06-16 14:16:00+00:00,2024-12-16 22:30:00+00:00,,0.0001,0.006,0.6203,10000.0,1.0,,270347,0,42017519,0,10,88,2500,0,0,0,1,2147483647,2147483647,2147483647,20147,314,2025,65535,4,USD,,,6A,XCME,M6A,FFCXSX,FUT,AUD,,,,F,255,255,255,7,255,4,6,255,255,N,127,127,255,M6AM5
2025-03-02 12:07:49.420510496+00:00,2025-03-02 12:07:49.365000+00:00,19,1,42077140,M6AM5-M6AH5,A,S,0.0001,1.0,2025-03-17 14:16:00+00:00,2024-12-16 22:30:00+00:00,,,0.001,0.0004,,,,271371,0,42077140,0,10,88,2500,0,0,0,1,2147483647,2147483647,2147483647,20147,314,2025,65535,4,USD,,SD,6A,XCME,M6A,FMCXSX,FUT,AUD,,,,F,255,255,255,3,255,4,3,255,255,N,127,127,255,M6AM5-M6AH5
2025-03-03 00:00:00+00:00,2025-03-02 12:07:49.165000+00:00,19,1,42185124,M6AH5,A,F,0.0001,1.0,2025-03-17 14:16:00+00:00,2024-09-16 21:30:00+00:00,,0.0001,0.006,0.6199,10000.0,1.0,,270347,0,42185124,0,10,88,2500,0,0,0,1,2147483647,2147483647,2147483647,20147,314,2025,65535,4,USD,,,6A,XCME,M6A,FFCXSX,FUT,AUD,,,,F,255,255,255,7,255,4,3,255,255,N,127,127,255,M6AH5
2025-03-03 00:00:00+00:00,2025-03-02 12:07:49.215000+00:00,19,1,42017519,M6AM5,A,F,0.0001,1.0,2025-06-16 14:16:00+00:00,2024-12-16 22:30:00+00:00,,0.0001,0.006,0.6203,10000.0,1.0,,270347,0,42017519,0,10,88,2500,0,0,0,1,2147483647,2147483647,2147483647,20147,314,2025,65535,4,USD,,,6A,XCME,M6A,FFCXSX,FUT,AUD,,,,F,255,255,255,7,255,4,6,255,255,N,127,127,255,M6AM5
2025-03-03 00:00:00+00:00,2025-03-02 12:07:49.365000+00:00,19,1,42077140,M6AM5-M6AH5,A,S,0.0001,1.0,2025-03-17 14:16:00+00:00,2024-12-16 22:30:00+00:00,,,0.001,0.0004,,,,271371,0,42077140,0,10,88,2500,0,0,0,1,2147483647,2147483647,2147483647,20147,314,2025,65535,4,USD,,SD,6A,XCME,M6A,FMCXSX,FUT,AUD,,,,F,255,255,255,3,255,4,3,255,255,N,127,127,255,M6AM5-M6AH5
2025-03-03 23:35:39.390645819+00:00,2025-03-03 23:35:39.380665329+00:00,19,1,42099006,M6AU5,A,F,0.0001,1.0,2025-09-15 14:16:00+00:00,2025-03-17 21:30:00+00:00,,0.0001,0.006,0.0,10000.0,1.0,,270347,0,42099006,0,10,88,2500,0,0,0,1,2147483647,2147483647,2147483647,20150,314,2025,65535,4,USD,,,6A,XCME,M6A,FFCXSX,FUT,AUD,,,,F,255,255,255,1,255,4,9,255,255,N,127,127,255,M6AU5
2025-03-03 23:40:38.740021320+00:00,2025-03-03 23:40:38.716449797+00:00,19,1,42172778,M6AU5-M6AM5,A,S,0.0001,1.0,2025-06-16 14:16:00+00:00,2025-03-17 21:30:00+00:00,,,0.001,0.0,,,,271371,0,42172778,0,10,88,2500,0,0,0,1,2147483647,2147483647,2147483647,20150,314,2025,65535,4,USD,,SD,6A,XCME,M6A,FMCXSX,FUT,AUD,,,,F,255,255,255,1,255,4,6,255,255,N,127,127,255,M6AU5-M6AM5
2025-03-04 00:00:00+00:00,2025-03-02 12:07:49.165000+00:00,19,1,42185124,M6AH5,A,F,0.0001,1.0,2025-03-17 14:16:00+00:00,2024-09-16 21:30:00+00:00,,0.0001,0.006,0.6199,10000.0,1.0,,270347,0,42185124,0,10,88,2500,0,0,0,1,2147483647,2147483647,2147483647,20147,314,2025,65535,4,USD,,,6A,XCME,M6A,FFCXSX,FUT,AUD,,,,F,255,255,255,7,255,4,3,255,255,N,127,127,255,M6AH5
2025-03-04 00:00:00+00:00,2025-03-02 12:07:49.215000+00:00,19,1,42017519,M6AM5,A,F,0.0001,1.0,2025-06-16 14:16:00+00:00,2024-12-16 22:30:00+00:00,,0.0001,0.006,0.6203,10000.0,1.0,,270347,0,42017519,0,10,88,2500,0,0,0,1,2147483647,2147483647,2147483647,20147,314,2025,65535,4,USD,,,6A,XCME,M6A,FFCXSX,FUT,AUD,,,,F,255,255,255,7,255,4,6,255,255,N,127,127,255,M6AM5
2025-03-04 00:00:00+00:00,2025-03-02 12:07:49.365000+00:00,19,1,42077140,M6AM5-M6AH5,A,S,0.0001,1.0,2025-03-17 14:16:00+00:00,2024-12-16 22:30:00+00:00,,,0.001,0.0004,,,,271371,0,42077140,0,10,88,2500,0,0,0,1,2147483647,2147483647,2147483647,20147,314,2025,65535,4,USD,,SD,6A,XCME,M6A,FMCXSX,FUT,AUD,,,,F,255,255,255,3,255,4,3,255,255,N,127,127,255,M6AM5-M6AH5
2025-03-04 00:00:00+00:00,2025-03-03 23:35:39.380665329+00:00,19,1,42099006,M6AU5,A,F,0.0001,1.0,2025-09-15 14:16:00+00:00,2025-03-17 21:30:00+00:00,,0.0001,0.006,0.0,10000.0,1.0,,270347,0,42099006,0,10,88,2500,0,0,0,1,2147483647,2147483647,2147483647,20150,314,2025,65535,4,USD,,,6A,XCME,M6A,FFCXSX,FUT,AUD,,,,F,255,255,255,1,255,4,9,255,255,N,127,127,255,M6AU5
2025-03-04 00:00:00+00:00,2025-03-03 23:40:38.716449797+00:00,19,1,42172778,M6AU5-M6AM5,A,S,0.0001,1.0,2025-06-16 14:16:00+00:00,2025-03-17 21:30:00+00:00,,,0.001,0.0,,,,271371,0,42172778,0,10,88,2500,0,0,0,1,2147483647,2147483647,2147483647,20150,314,2025,65535,4,USD,,SD,6A,XCME,M6A,FMCXSX,FUT,AUD,,,,F,255,255,255,1,255,4,6,255,255,N,127,127,255,M6AU5-M6AM5
2025-03-05 00:00:00+00:00,2025-03-02 12:07:49.165000+00:00,19,1,42185124,M6AH5,A,F,0.0001,1.0,2025-03-17 14:16:00+00:00,2024-09-16 21:30:00+00:00,,0.0001,0.006,0.6199,10000.0,1.0,,270347,0,42185124,0,10,88,2500,0,0,0,1,2147483647,2147483647,2147483647,20147,314,2025,65535,4,USD,,,6A,XCME,M6A,FFCXSX,FUT,AUD,,,,F,255,255,255,7,255,4,3,255,255,N,127,127,255,M6AH5
2025-03-05 00:00:00+00:00,2025-03-02 12:07:49.215000+00:00,19,1,42017519,M6AM5,A,F,0.0001,1.0,2025-06-16 14:16:00+00:00,2024-12-16 22:30:00+00:00,,0.0001,0.006,0.6203,10000.0,1.0,,270347,0,42017519,0,10,88,2500,0,0,0,1,2147483647,2147483647,2147483647,20147,314,2025,65535,4,USD,,,6A,XCME,M6A,FFCXSX,FUT,AUD,,,,F,255,255,255,7,255,4,6,255,255,N,127,127,255,M6AM5
2025-03-05 00:00:00+00:00,2025-03-02 12:07:49.365000+00:00,19,1,42077140,M6AM5-M6AH5,A,S,0.0001,1.0,2025-03-17 14:16:00+00:00,2024-12-16 22:30:00+00:00,,,0.001,0.0004,,,,271371,0,42077140,0,10,88,2500,0,0,0,1,2147483647,2147483647,2147483647,20147,314,2025,65535,4,USD,,SD,6A,XCME,M6A,FMCXSX,FUT,AUD,,,,F,255,255,255,3,255,4,3,255,255,N,127,127,255,M6AM5-M6AH5
2025-03-05 00:00:00+00:00,2025-03-03 23:35:39.380665329+00:00,19,1,42099006,M6AU5,A,F,0.0001,1.0,2025-09-15 14:16:00+00:00,2025-03-17 21:30:00+00:00,,0.0001,0.006,0.0,10000.0,1.0,,270347,0,42099006,0,10,88,2500,0,0,0,1,2147483647,2147483647,2147483647,20150,314,2025,65535,4,USD,,,6A,XCME,M6A,FFCXSX,FUT,AUD,,,,F,255,255,255,1,255,4,9,255,255,N,127,127,255,M6AU5
2025-03-05 00:00:00+00:00,2025-03-03 23:40:38.716449797+00:00,19,1,42172778,M6AU5-M6AM5,A,S,0.0001,1.0,2025-06-16 14:16:00+00:00,2025-03-17 21:30:00+00:00,,,0.001,0.0,,,,271371,0,42172778,0,10,88,2500,0,0,0,1,2147483647,2147483647,2147483647,20150,314,2025,65535,4,USD,,SD,6A,XCME,M6A,FMCXSX,FUT,AUD,,,,F,255,255,255,1,255,4,6,255,255,N,127,127,255,M6AU5-M6AM5
2025-03-06 00:00:00+00:00,2025-03-02 12:07:49.165000+00:00,19,1,42185124,M6AH5,A,F,0.0001,1.0,2025-03-17 14:16:00+00:00,2024-09-16 21:30:00+00:00,,0.0001,0.006,0.6199,10000.0,1.0,,270347,0,42185124,0,10,88,2500,0,0,0,1,2147483647,2147483647,2147483647,20147,314,2025,65535,4,USD,,,6A,XCME,M6A,FFCXSX,FUT,AUD,,,,F,255,255,255,7,255,4,3,255,255,N,127,127,255,M6AH5
2025-03-06 00:00:00+00:00,2025-03-02 12:07:49.215000+00:00,19,1,42017519,M6AM5,A,F,0.0001,1.0,2025-06-16 14:16:00+00:00,2024-12-16 22:30:00+00:00,,0.0001,0.006,0.6203,10000.0,1.0,,270347,0,42017519,0,10,88,2500,0,0,0,1,2147483647,2147483647,2147483647,20147,314,2025,65535,4,USD,,,6A,XCME,M6A,FFCXSX,FUT,AUD,,,,F,255,255,255,7,255,4,6,255,255,N,127,127,255,M6AM5
2025-03-06 00:00:00+00:00,2025-03-02 12:07:49.365000+00:00,19,1,42077140,M6AM5-M6AH5,A,S,0.0001,1.0,2025-03-17 14:16:00+00:00,2024-12-16 22:30:00+00:00,,,0.001,0.0004,,,,271371,0,42077140,0,10,88,2500,0,0,0,1,2147483647,2147483647,2147483647,20147,314,2025,65535,4,USD,,SD,6A,XCME,M6A,FMCXSX,FUT,AUD,,,,F,255,255,255,3,255,4,3,255,255,N,127,127,255,M6AM5-M6AH5
2025-03-06 00:00:00+00:00,2025-03-03 23:35:39.380665329+00:00,19,1,42099006,M6AU5,A,F,0.0001,1.0,2025-09-15 14:16:00+00:00,2025-03-17 21:30:00+00:00,,0.0001,0.006,0.0,10000.0,1.0,,270347,0,42099006,0,10,88,2500,0,0,0,1,2147483647,2147483647,2147483647,20150,314,2025,65535,4,USD,,,6A,XCME,M6A,FFCXSX,FUT,AUD,,,,F,255,255,255,1,255,4,9,255,255,N,127,127,255,M6AU5
2025-03-06 00:00:00+00:00,2025-03-03 23:40:38.716449797+00:00,19,1,42172778,M6AU5-M6AM5,A,S,0.0001,1.0,2025-06-16 14:16:00+00:00,2025-03-17 21:30:00+00:00,,,0.001,0.0,,,,271371,0,42172778,0,10,88,2500,0,0,0,1,2147483647,2147483647,2147483647,20150,314,2025,65535,4,USD,,SD,6A,XCME,M6A,FMCXSX,FUT,AUD,,,,F,255,255,255,1,255,4,6,255,255,N,127,127,255,M6AU5-M6AM5
2025-03-07 00:00:00+00:00,2025-03-02 12:07:49.165000+00:00,19,1,42185124,M6AH5,A,F,0.0001,1.0,2025-03-17 14:16:00+00:00,2024-09-16 21:30:00+00:00,,0.0001,0.006,0.6199,10000.0,1.0,,270347,0,42185124,0,10,88,2500,0,0,0,1,2147483647,2147483647,2147483647,20147,314,2025,65535,4,USD,,,6A,XCME,M6A,FFCXSX,FUT,AUD,,,,F,255,255,255,7,255,4,3,255,255,N,127,127,255,M6AH5
2025-03-07 00:00:00+00:00,2025-03-02 12:07:49.215000+00:00,19,1,42017519,M6AM5,A,F,0.0001,1.0,2025-06-16 14:16:00+00:00,2024-12-16 22:30:00+00:00,,0.0001,0.006,0.6203,10000.0,1.0,,270347,0,42017519,0,10,88,2500,0,0,0,1,2147483647,2147483647,2147483647,20147,314,2025,65535,4,USD,,,6A,XCME,M6A,FFCXSX,FUT,AUD,,,,F,255,255,255,7,255,4,6,255,255,N,127,127,255,M6AM5
2025-03-07 00:00:00+00:00,2025-03-02 12:07:49.365000+00:00,19,1,42077140,M6AM5-M6AH5,A,S,0.0001,1.0,2025-03-17 14:16:00+00:00,2024-12-16 22:30:00+00:00,,,0.001,0.0004,,,,271371,0,42077140,0,10,88,2500,0,0,0,1,2147483647,2147483647,2147483647,20147,314,2025,65535,4,USD,,SD,6A,XCME,M6A,FMCXSX,FUT,AUD,,,,F,255,255,255,3,255,4,3,255,255,N,127,127,255,M6AM5-M6AH5
2025-03-07 00:00:00+00:00,2025-03-03 23:35:39.380665329+00:00,19,1,42099006,M6AU5,A,F,0.0001,1.0,2025-09-15 14:16:00+00:00,2025-03-17 21:30:00+00:00,,0.0001,0.006,0.0,10000.0,1.0,,270347,0,42099006,0,10,88,2500,0,0,0,1,2147483647,2147483647,2147483647,20150,314,2025,65535,4,USD,,,6A,XCME,M6A,FFCXSX,FUT,AUD,,,,F,255,255,255,1,255,4,9,255,255,N,127,127,255,M6AU5
2025-03-07 00:00:00+00:00,2025-03-03 23:40:38.716449797+00:00,19,1,42172778,M6AU5-M6AM5,A,S,0.0001,1.0,2025-06-16 14:16:00+00:00,2025-03-17 21:30:00+00:00,,,0.001,0.0,,,,271371,0,42172778,0,10,88,2500,0,0,0,1,2147483647,2147483647,2147483647,20150,314,2025,65535,4,USD,,SD,6A,XCME,M6A,FMCXSX,FUT,AUD,,,,F,255,255,255,1,255,4,6,255,255,N,127,127,255,M6AU5-M6AM5
2025-03-09 11:51:34.271855975+00:00,2025-03-09 11:51:34.158000+00:00,19,1,42099006,M6AU5,A,F,0.0001,1.0,2025-09-15 14:16:00+00:00,2025-03-17 21:30:00+00:00,,0.0001,0.006,0.6318,10000.0,1.0,,270347,0,42099006,0,10,88,2500,0,0,0,1,2147483647,2147483647,2147483647,20154,314,2025,65535,4,USD,,,6A,XCME,M6A,FFCXSX,FUT,AUD,,,,F,255,255,255,7,255,4,9,255,255,N,127,127,255,M6AU5
2025-03-09 11:51:34.315637026+00:00,2025-03-09 11:51:34.258000+00:00,19,1,42185124,M6AH5,A,F,0.0001,1.0,2025-03-17 14:16:00+00:00,2024-09-16 21:30:00+00:00,,0.0001,0.006,0.631,10000.0,1.0,,270347,0,42185124,0,10,88,2500,0,0,0,1,2147483647,2147483647,2147483647,20154,314,2025,65535,4,USD,,,6A,XCME,M6A,FFCXSX,FUT,AUD,,,,F,255,255,255,7,255,4,3,255,255,N,127,127,255,M6AH5
2025-03-09 11:51:34.316747902+00:00,2025-03-09 11:51:34.258000+00:00,19,1,42017519,M6AM5,A,F,0.0001,1.0,2025-06-16 14:16:00+00:00,2024-12-16 22:30:00+00:00,,0.0001,0.006,0.6314,10000.0,1.0,,270347,0,42017519,0,10,88,2500,0,0,0,1,2147483647,2147483647,2147483647,20154,314,2025,65535,4,USD,,,6A,XCME,M6A,FFCXSX,FUT,AUD,,,,F,255,255,255,7,255,4,6,255,255,N,127,127,255,M6AM5
2025-03-09 11:51:34.387253463+00:00,2025-03-09 11:51:34.308000+00:00,19,1,42172778,M6AU5-M6AM5,A,S,0.0001,1.0,2025-06-16 14:16:00+00:00,2025-03-17 21:30:00+00:00,,,0.001,0.0005,,,,271371,0,42172778,0,10,88,2500,0,0,0,1,2147483647,2147483647,2147483647,20154,314,2025,65535,4,USD,,SD,6A,XCME,M6A,FMCXSX,FUT,AUD,,,,F,255,255,255,3,255,4,6,255,255,N,127,127,255,M6AU5-M6AM5
2025-03-09 11:51:34.397871739+00:00,2025-03-09 11:51:34.358000+00:00,19,1,42077140,M6AM5-M6AH5,A,S,0.0001,1.0,2025-03-17 14:16:00+00:00,2024-12-16 22:30:00+00:00,,,0.001,0.0004,,,,271371,0,42077140,0,10,88,2500,0,0,0,1,2147483647,2147483647,2147483647,20154,314,2025,65535,4,USD,,SD,6A,XCME,M6A,FMCXSX,FUT,AUD,,,,F,255,255,255,3,255,4,3,255,255,N,127,127,255,M6AM5-M6AH5
2025-03-10 00:00:00+00:00,2025-03-09 11:51:34.258000+00:00,19,1,42185124,M6AH5,A,F,0.0001,1.0,2025-03-17 14:16:00+00:00,2024-09-16 21:30:00+00:00,,0.0001,0.006,0.631,10000.0,1.0,,270347,0,42185124,0,10,88,2500,0,0,0,1,2147483647,2147483647,2147483647,20154,314,2025,65535,4,USD,,,6A,XCME,M6A,FFCXSX,FUT,AUD,,,,F,255,255,255,7,255,4,3,255,255,N,127,127,255,M6AH5
2025-03-10 00:00:00+00:00,2025-03-09 11:51:34.258000+00:00,19,1,42017519,M6AM5,A,F,0.0001,1.0,2025-06-16 14:16:00+00:00,2024-12-16 22:30:00+00:00,,0.0001,0.006,0.6314,10000.0,1.0,,270347,0,42017519,0,10,88,2500,0,0,0,1,2147483647,2147483647,2147483647,20154,314,2025,65535,4,USD,,,6A,XCME,M6A,FFCXSX,FUT,AUD,,,,F,255,255,255,7,255,4,6,255,255,N,127,127,255,M6AM5
2025-03-10 00:00:00+00:00,2025-03-09 11:51:34.358000+00:00,19,1,42077140,M6AM5-M6AH5,A,S,0.0001,1.0,2025-03-17 14:16:00+00:00,2024-12-16 22:30:00+00:00,,,0.001,0.0004,,,,271371,0,42077140,0,10,88,2500,0,0,0,1,2147483647,2147483647,2147483647,20154,314,2025,65535,4,USD,,SD,6A,XCME,M6A,FMCXSX,FUT,AUD,,,,F,255,255,255,3,255,4,3,255,255,N,127,127,255,M6AM5-M6AH5
2025-03-10 00:00:00+00:00,2025-03-09 11:51:34.158000+00:00,19,1,42099006,M6AU5,A,F,0.0001,1.0,2025-09-15 14:16:00+00:00,2025-03-17 21:30:00+00:00,,0.0001,0.006,0.6318,10000.0,1.0,,270347,0,42099006,0,10,88,2500,0,0,0,1,2147483647,2147483647,2147483647,20154,314,2025,65535,4,USD,,,6A,XCME,M6A,FFCXSX,FUT,AUD,,,,F,255,255,255,7,255,4,9,255,255,N,127,127,255,M6AU5
2025-03-10 00:00:00+00:00,2025-03-09 11:51:34.308000+00:00,19,1,42172778,M6AU5-M6AM5,A,S,0.0001,1.0,2025-06-16 14:16:00+00:00,2025-03-17 21:30:00+00:00,,,0.001,0.0005,,,,271371,0,42172778,0,10,88,2500,0,0,0,1,2147483647,2147483647,2147483647,20154,314,2025,65535,4,USD,,SD,6A,XCME,M6A,FMCXSX,FUT,AUD,,,,F,255,255,255,3,255,4,6,255,255,N,127,127,255,M6AU5-M6AM5
2025-03-11 00:00:00+00:00,2025-03-09 11:51:34.258000+00:00,19,1,42185124,M6AH5,A,F,0.0001,1.0,2025-03-17 14:16:00+00:00,2024-09-16 21:30:00+00:00,,0.0001,0.006,0.631,10000.0,1.0,,270347,0,42185124,0,10,88,2500,0,0,0,1,2147483647,2147483647,2147483647,20154,314,2025,65535,4,USD,,,6A,XCME,M6A,FFCXSX,FUT,AUD,,,,F,255,255,255,7,255,4,3,255,255,N,127,127,255,M6AH5
2025-03-11 00:00:00+00:00,2025-03-09 11:51:34.258000+00:00,19,1,42017519,M6AM5,A,F,0.0001,1.0,2025-06-16 14:16:00+00:00,2024-12-16 22:30:00+00:00,,0.0001,0.006,0.6314,10000.0,1.0,,270347,0,42017519,0,10,88,2500,0,0,0,1,2147483647,2147483647,2147483647,20154,314,2025,65535,4,USD,,,6A,XCME,M6A,FFCXSX,FUT,AUD,,,,F,255,255,255,7,255,4,6,255,255,N,127,127,255,M6AM5
2025-03-11 00:00:00+00:00,2025-03-09 11:51:34.358000+00:00,19,1,42077140,M6AM5-M6AH5,A,S,0.0001,1.0,2025-03-17 14:16:00+00:00,2024-12-16 22:30:00+00:00,,,0.001,0.0004,,,,271371,0,42077140,0,10,88,2500,0,0,0,1,2147483647,2147483647,2147483647,20154,314,2025,65535,4,USD,,SD,6A,XCME,M6A,FMCXSX,FUT,AUD,,,,F,255,255,255,3,255,4,3,255,255,N,127,127,255,M6AM5-M6AH5
2025-03-11 00:00:00+00:00,2025-03-09 11:51:34.158000+00:00,19,1,42099006,M6AU5,A,F,0.0001,1.0,2025-09-15 14:16:00+00:00,2025-03-17 21:30:00+00:00,,0.0001,0.006,0.6318,10000.0,1.0,,270347,0,42099006,0,10,88,2500,0,0,0,1,2147483647,2147483647,2147483647,20154,314,2025,65535,4,USD,,,6A,XCME,M6A,FFCXSX,FUT,AUD,,,,F,255,255,255,7,255,4,9,255,255,N,127,127,255,M6AU5
2025-03-11 00:00:00+00:00,2025-03-09 11:51:34.308000+00:00,19,1,42172778,M6AU5-M6AM5,A,S,0.0001,1.0,2025-06-16 14:16:00+00:00,2025-03-17 21:30:00+00:00,,,0.001,0.0005,,,,271371,0,42172778,0,10,88,2500,0,0,0,1,2147483647,2147483647,2147483647,20154,314,2025,65535,4,USD,,SD,6A,XCME,M6A,FMCXSX,FUT,AUD,,,,F,255,255,255,3,255,4,6,255,255,N,127,127,255,M6AU5-M6AM5
2025-03-12 00:00:00+00:00,2025-03-09 11:51:34.258000+00:00,19,1,42185124,M6AH5,A,F,0.0001,1.0,2025-03-17 14:16:00+00:00,2024-09-16 21:30:00+00:00,,0.0001,0.006,0.631,10000.0,1.0,,270347,0,42185124,0,10,88,2500,0,0,0,1,2147483647,2147483647,2147483647,20154,314,2025,65535,4,USD,,,6A,XCME,M6A,FFCXSX,FUT,AUD,,,,F,255,255,255,7,255,4,3,255,255,N,127,127,255,M6AH5
2025-03-12 00:00:00+00:00,2025-03-09 11:51:34.258000+00:00,19,1,42017519,M6AM5,A,F,0.0001,1.0,2025-06-16 14:16:00+00:00,2024-12-16 22:30:00+00:00,,0.0001,0.006,0.6314,10000.0,1.0,,270347,0,42017519,0,10,88,2500,0,0,0,1,2147483647,2147483647,2147483647,20154,314,2025,65535,4,USD,,,6A,XCME,M6A,FFCXSX,FUT,AUD,,,,F,255,255,255,7,255,4,6,255,255,N,127,127,255,M6AM5
2025-03-12 00:00:00+00:00,2025-03-09 11:51:34.358000+00:00,19,1,42077140,M6AM5-M6AH5,A,S,0.0001,1.0,2025-03-17 14:16:00+00:00,2024-12-16 22:30:00+00:00,,,0.001,0.0004,,,,271371,0,42077140,0,10,88,2500,0,0,0,1,2147483647,2147483647,2147483647,20154,314,2025,65535,4,USD,,SD,6A,XCME,M6A,FMCXSX,FUT,AUD,,,,F,255,255,255,3,255,4,3,255,255,N,127,127,255,M6AM5-M6AH5
2025-03-12 00:00:00+00:00,2025-03-09 11:51:34.158000+00:00,19,1,42099006,M6AU5,A,F,0.0001,1.0,2025-09-15 14:16:00+00:00,2025-03-17 21:30:00+00:00,,0.0001,0.006,0.6318,10000.0,1.0,,270347,0,42099006,0,10,88,2500,0,0,0,1,2147483647,2147483647,2147483647,20154,314,2025,65535,4,USD,,,6A,XCME,M6A,FFCXSX,FUT,AUD,,,,F,255,255,255,7,255,4,9,255,255,N,127,127,255,M6AU5
2025-03-12 00:00:00+00:00,2025-03-09 11:51:34.308000+00:00,19,1,42172778,M6AU5-M6AM5,A,S,0.0001,1.0,2025-06-16 14:16:00+00:00,2025-03-17 21:30:00+00:00,,,0.001,0.0005,,,,271371,0,42172778,0,10,88,2500,0,0,0,1,2147483647,2147483647,2147483647,20154,314,2025,65535,4,USD,,SD,6A,XCME,M6A,FMCXSX,FUT,AUD,,,,F,255,255,255,3,255,4,6,255,255,N,127,127,255,M6AU5-M6AM5
2025-03-13 00:00:00+00:00,2025-03-09 11:51:34.258000+00:00,19,1,42185124,M6AH5,A,F,0.0001,1.0,2025-03-17 14:16:00+00:00,2024-09-16 21:30:00+00:00,,0.0001,0.006,0.631,10000.0,1.0,,270347,0,42185124,0,10,88,2500,0,0,0,1,2147483647,2147483647,2147483647,20154,314,2025,65535,4,USD,,,6A,XCME,M6A,FFCXSX,FUT,AUD,,,,F,255,255,255,7,255,4,3,255,255,N,127,127,255,M6AH5
2025-03-13 00:00:00+00:00,2025-03-09 11:51:34.258000+00:00,19,1,42017519,M6AM5,A,F,0.0001,1.0,2025-06-16 14:16:00+00:00,2024-12-16 22:30:00+00:00,,0.0001,0.006,0.6314,10000.0,1.0,,270347,0,42017519,0,10,88,2500,0,0,0,1,2147483647,2147483647,2147483647,20154,314,2025,65535,4,USD,,,6A,XCME,M6A,FFCXSX,FUT,AUD,,,,F,255,255,255,7,255,4,6,255,255,N,127,127,255,M6AM5
2025-03-13 00:00:00+00:00,2025-03-09 11:51:34.358000+00:00,19,1,42077140,M6AM5-M6AH5,A,S,0.0001,1.0,2025-03-17 14:16:00+00:00,2024-12-16 22:30:00+00:00,,,0.001,0.0004,,,,271371,0,42077140,0,10,88,2500,0,0,0,1,2147483647,2147483647,2147483647,20154,314,2025,65535,4,USD,,SD,6A,XCME,M6A,FMCXSX,FUT,AUD,,,,F,255,255,255,3,255,4,3,255,255,N,127,127,255,M6AM5-M6AH5
2025-03-13 00:00:00+00:00,2025-03-09 11:51:34.158000+00:00,19,1,42099006,M6AU5,A,F,0.0001,1.0,2025-09-15 14:16:00+00:00,2025-03-17 21:30:00+00:00,,0.0001,0.006,0.6318,10000.0,1.0,,270347,0,42099006,0,10,88,2500,0,0,0,1,2147483647,2147483647,2147483647,20154,314,2025,65535,4,USD,,,6A,XCME,M6A,FFCXSX,FUT,AUD,,,,F,255,255,255,7,255,4,9,255,255,N,127,127,255,M6AU5
2025-03-13 00:00:00+00:00,2025-03-09 11:51:34.308000+00:00,19,1,42172778,M6AU5-M6AM5,A,S,0.0001,1.0,2025-06-16 14:16:00+00:00,2025-03-17 21:30:00+00:00,,,0.001,0.0005,,,,271371,0,42172778,0,10,88,2500,0,0,0,1,2147483647,2147483647,2147483647,20154,314,2025,65535,4,USD,,SD,6A,XCME,M6A,FMCXSX,FUT,AUD,,,,F,255,255,255,3,255,4,6,255,255,N,127,127,255,M6AU5-M6AM5
2025-03-14 00:00:00+00:00,2025-03-09 11:51:34.258000+00:00,19,1,42185124,M6AH5,A,F,0.0001,1.0,2025-03-17 14:16:00+00:00,2024-09-16 21:30:00+00:00,,0.0001,0.006,0.631,10000.0,1.0,,270347,0,42185124,0,10,88,2500,0,0,0,1,2147483647,2147483647,2147483647,20154,314,2025,65535,4,USD,,,6A,XCME,M6A,FFCXSX,FUT,AUD,,,,F,255,255,255,7,255,4,3,255,255,N,127,127,255,M6AH5
2025-03-14 00:00:00+00:00,2025-03-09 11:51:34.258000+00:00,19,1,42017519,M6AM5,A,F,0.0001,1.0,2025-06-16 14:16:00+00:00,2024-12-16 22:30:00+00:00,,0.0001,0.006,0.6314,10000.0,1.0,,270347,0,42017519,0,10,88,2500,0,0,0,1,2147483647,2147483647,2147483647,20154,314,2025,65535,4,USD,,,6A,XCME,M6A,FFCXSX,FUT,AUD,,,,F,255,255,255,7,255,4,6,255,255,N,127,127,255,M6AM5
2025-03-14 00:00:00+00:00,2025-03-09 11:51:34.358000+00:00,19,1,42077140,M6AM5-M6AH5,A,S,0.0001,1.0,2025-03-17 14:16:00+00:00,2024-12-16 22:30:00+00:00,,,0.001,0.0004,,,,271371,0,42077140,0,10,88,2500,0,0,0,1,2147483647,2147483647,2147483647,20154,314,2025,65535,4,USD,,SD,6A,XCME,M6A,FMCXSX,FUT,AUD,,,,F,255,255,255,3,255,4,3,255,255,N,127,127,255,M6AM5-M6AH5
2025-03-14 00:00:00+00:00,2025-03-09 11:51:34.158000+00:00,19,1,42099006,M6AU5,A,F,0.0001,1.0,2025-09-15 14:16:00+00:00,2025-03-17 21:30:00+00:00,,0.0001,0.006,0.6318,10000.0,1.0,,270347,0,42099006,0,10,88,2500,0,0,0,1,2147483647,2147483647,2147483647,20154,314,2025,65535,4,USD,,,6A,XCME,M6A,FFCXSX,FUT,AUD,,,,F,255,255,255,7,255,4,9,255,255,N,127,127,255,M6AU5
2025-03-14 00:00:00+00:00,2025-03-09 11:51:34.308000+00:00,19,1,42172778,M6AU5-M6AM5,A,S,0.0001,1.0,2025-06-16 14:16:00+00:00,2025-03-17 21:30:00+00:00,,,0.001,0.0005,,,,271371,0,42172778,0,10,88,2500,0,0,0,1,2147483647,2147483647,2147483647,20154,314,2025,65535,4,USD,,SD,6A,XCME,M6A,FMCXSX,FUT,AUD,,,,F,255,255,255,3,255,4,6,255,255,N,127,127,255,M6AU5-M6AM5
2025-03-16 11:07:48.365910354+00:00,2025-03-16 11:07:48.345000+00:00,19,1,42099006,M6AU5,A,F,0.0001,1.0,2025-09-15 14:16:00+00:00,2025-03-17 21:30:00+00:00,,0.0001,0.006,0.6333,10000.0,1.0,,270347,0,42099006,0,10,88,2500,0,0,0,1,2147483647,2147483647,2147483647,20161,314,2025,65535,4,USD,,,6A,XCME,M6A,FFCXSX,FUT,AUD,,,,F,255,255,255,7,255,4,9,255,255,N,127,127,255,M6AU5
2025-03-16 11:07:48.460155376+00:00,2025-03-16 11:07:48.445000+00:00,19,1,42185124,M6AH5,A,F,0.0001,1.0,2025-03-17 14:16:00+00:00,2024-09-16 21:30:00+00:00,,0.0001,0.006,0.6324,10000.0,1.0,,270347,0,42185124,0,10,88,2500,0,0,0,1,2147483647,2147483647,2147483647,20161,314,2025,65535,4,USD,,,6A,XCME,M6A,FFCXSX,FUT,AUD,,,,F,255,255,255,7,255,4,3,255,255,N,127,127,255,M6AH5
2025-03-16 11:07:48.461208855+00:00,2025-03-16 11:07:48.445000+00:00,19,1,42017519,M6AM5,A,F,0.0001,1.0,2025-06-16 14:16:00+00:00,2024-12-16 22:30:00+00:00,,0.0001,0.006,0.6329,10000.0,1.0,,270347,0,42017519,0,10,88,2500,0,0,0,1,2147483647,2147483647,2147483647,20161,314,2025,65535,4,USD,,,6A,XCME,M6A,FFCXSX,FUT,AUD,,,,F,255,255,255,7,255,4,6,255,255,N,127,127,255,M6AM5
2025-03-16 11:07:48.520673024+00:00,2025-03-16 11:07:48.495000+00:00,19,1,42172778,M6AU5-M6AM5,A,S,0.0001,1.0,2025-06-16 14:16:00+00:00,2025-03-17 21:30:00+00:00,,,0.001,0.0005,,,,271371,0,42172778,0,10,88,2500,0,0,0,1,2147483647,2147483647,2147483647,20161,314,2025,65535,4,USD,,SD,6A,XCME,M6A,FMCXSX,FUT,AUD,,,,F,255,255,255,3,255,4,6,255,255,N,127,127,255,M6AU5-M6AM5
2025-03-16 11:07:48.555364272+00:00,2025-03-16 11:07:48.545000+00:00,19,1,42077140,M6AM5-M6AH5,A,S,0.0001,1.0,2025-03-17 14:16:00+00:00,2024-12-16 22:30:00+00:00,,,0.001,0.0005,,,,271371,0,42077140,0,10,88,2500,0,0,0,1,2147483647,2147483647,2147483647,20161,314,2025,65535,4,USD,,SD,6A,XCME,M6A,FMCXSX,FUT,AUD,,,,F,255,255,255,3,255,4,3,255,255,N,127,127,255,M6AM5-M6AH5
2025-03-17 00:00:00+00:00,2025-03-16 11:07:48.445000+00:00,19,1,42185124,M6AH5,A,F,0.0001,1.0,2025-03-17 14:16:00+00:00,2024-09-16 21:30:00+00:00,,0.0001,0.006,0.6324,10000.0,1.0,,270347,0,42185124,0,10,88,2500,0,0,0,1,2147483647,2147483647,2147483647,20161,314,2025,65535,4,USD,,,6A,XCME,M6A,FFCXSX,FUT,AUD,,,,F,255,255,255,7,255,4,3,255,255,N,127,127,255,M6AH5
2025-03-17 00:00:00+00:00,2025-03-16 11:07:48.445000+00:00,19,1,42017519,M6AM5,A,F,0.0001,1.0,2025-06-16 14:16:00+00:00,2024-12-16 22:30:00+00:00,,0.0001,0.006,0.6329,10000.0,1.0,,270347,0,42017519,0,10,88,2500,0,0,0,1,2147483647,2147483647,2147483647,20161,314,2025,65535,4,USD,,,6A,XCME,M6A,FFCXSX,FUT,AUD,,,,F,255,255,255,7,255,4,6,255,255,N,127,127,255,M6AM5
2025-03-17 00:00:00+00:00,2025-03-16 11:07:48.545000+00:00,19,1,42077140,M6AM5-M6AH5,A,S,0.0001,1.0,2025-03-17 14:16:00+00:00,2024-12-16 22:30:00+00:00,,,0.001,0.0005,,,,271371,0,42077140,0,10,88,2500,0,0,0,1,2147483647,2147483647,2147483647,20161,314,2025,65535,4,USD,,SD,6A,XCME,M6A,FMCXSX,FUT,AUD,,,,F,255,255,255,3,255,4,3,255,255,N,127,127,255,M6AM5-M6AH5
2025-03-17 00:00:00+00:00,2025-03-16 11:07:48.345000+00:00,19,1,42099006,M6AU5,A,F,0.0001,1.0,2025-09-15 14:16:00+00:00,2025-03-17 21:30:00+00:00,,0.0001,0.006,0.6333,10000.0,1.0,,270347,0,42099006,0,10,88,2500,0,0,0,1,2147483647,2147483647,2147483647,20161,314,2025,65535,4,USD,,,6A,XCME,M6A,FFCXSX,FUT,AUD,,,,F,255,255,255,7,255,4,9,255,255,N,127,127,255,M6AU5
2025-03-17 00:00:00+00:00,2025-03-16 11:07:48.495000+00:00,19,1,42172778,M6AU5-M6AM5,A,S,0.0001,1.0,2025-06-16 14:16:00+00:00,2025-03-17 21:30:00+00:00,,,0.001,0.0005,,,,271371,0,42172778,0,10,88,2500,0,0,0,1,2147483647,2147483647,2147483647,20161,314,2025,65535,4,USD,,SD,6A,XCME,M6A,FMCXSX,FUT,AUD,,,,F,255,255,255,3,255,4,6,255,255,N,127,127,255,M6AU5-M6AM5
2025-03-18 00:00:00+00:00,2025-03-16 11:07:48.445000+00:00,19,1,42185124,M6AH5,A,F,0.0001,1.0,2025-03-17 14:16:00+00:00,2024-09-16 21:30:00+00:00,,0.0001,0.006,0.6324,10000.0,1.0,,270347,0,42185124,0,10,88,2500,0,0,0,1,2147483647,2147483647,2147483647,20161,314,2025,65535,4,USD,,,6A,XCME,M6A,FFCXSX,FUT,AUD,,,,F,255,255,255,7,255,4,3,255,255,N,127,127,255,M6AH5
2025-03-18 00:00:00+00:00,2025-03-16 11:07:48.445000+00:00,19,1,42017519,M6AM5,A,F,0.0001,1.0,2025-06-16 14:16:00+00:00,2024-12-16 22:30:00+00:00,,0.0001,0.006,0.6329,10000.0,1.0,,270347,0,42017519,0,10,88,2500,0,0,0,1,2147483647,2147483647,2147483647,20161,314,2025,65535,4,USD,,,6A,XCME,M6A,FFCXSX,FUT,AUD,,,,F,255,255,255,7,255,4,6,255,255,N,127,127,255,M6AM5
2025-03-18 00:00:00+00:00,2025-03-16 11:07:48.545000+00:00,19,1,42077140,M6AM5-M6AH5,A,S,0.0001,1.0,2025-03-17 14:16:00+00:00,2024-12-16 22:30:00+00:00,,,0.001,0.0005,,,,271371,0,42077140,0,10,88,2500,0,0,0,1,2147483647,2147483647,2147483647,20161,314,2025,65535,4,USD,,SD,6A,XCME,M6A,FMCXSX,FUT,AUD,,,,F,255,255,255,3,255,4,3,255,255,N,127,127,255,M6AM5-M6AH5
2025-03-18 00:00:00+00:00,2025-03-16 11:07:48.345000+00:00,19,1,42099006,M6AU5,A,F,0.0001,1.0,2025-09-15 14:16:00+00:00,2025-03-17 21:30:00+00:00,,0.0001,0.006,0.6333,10000.0,1.0,,270347,0,42099006,0,10,88,2500,0,0,0,1,2147483647,2147483647,2147483647,20161,314,2025,65535,4,USD,,,6A,XCME,M6A,FFCXSX,FUT,AUD,,,,F,255,255,255,7,255,4,9,255,255,N,127,127,255,M6AU5
2025-03-18 00:00:00+00:00,2025-03-16 11:07:48.495000+00:00,19,1,42172778,M6AU5-M6AM5,A,S,0.0001,1.0,2025-06-16 14:16:00+00:00,2025-03-17 21:30:00+00:00,,,0.001,0.0005,,,,271371,0,42172778,0,10,88,2500,0,0,0,1,2147483647,2147483647,2147483647,20161,314,2025,65535,4,USD,,SD,6A,XCME,M6A,FMCXSX,FUT,AUD,,,,F,255,255,255,3,255,4,6,255,255,N,127,127,255,M6AU5-M6AM5
2025-03-19 00:00:00+00:00,2025-03-16 11:07:48.445000+00:00,19,1,42185124,M6AH5,A,F,0.0001,1.0,2025-03-17 14:16:00+00:00,2024-09-16 21:30:00+00:00,,0.0001,0.006,0.6324,10000.0,1.0,,270347,0,42185124,0,10,88,2500,0,0,0,1,2147483647,2147483647,2147483647,20161,314,2025,65535,4,USD,,,6A,XCME,M6A,FFCXSX,FUT,AUD,,,,F,255,255,255,7,255,4,3,255,255,N,127,127,255,M6AH5
2025-03-19 00:00:00+00:00,2025-03-16 11:07:48.445000+00:00,19,1,42017519,M6AM5,A,F,0.0001,1.0,2025-06-16 14:16:00+00:00,2024-12-16 22:30:00+00:00,,0.0001,0.006,0.6329,10000.0,1.0,,270347,0,42017519,0,10,88,2500,0,0,0,1,2147483647,2147483647,2147483647,20161,314,2025,65535,4,USD,,,6A,XCME,M6A,FFCXSX,FUT,AUD,,,,F,255,255,255,7,255,4,6,255,255,N,127,127,255,M6AM5
2025-03-19 00:00:00+00:00,2025-03-16 11:07:48.545000+00:00,19,1,42077140,M6AM5-M6AH5,A,S,0.0001,1.0,2025-03-17 14:16:00+00:00,2024-12-16 22:30:00+00:00,,,0.001,0.0005,,,,271371,0,42077140,0,10,88,2500,0,0,0,1,2147483647,2147483647,2147483647,20161,314,2025,65535,4,USD,,SD,6A,XCME,M6A,FMCXSX,FUT,AUD,,,,F,255,255,255,3,255,4,3,255,255,N,127,127,255,M6AM5-M6AH5
2025-03-19 00:00:00+00:00,2025-03-16 11:07:48.345000+00:00,19,1,42099006,M6AU5,A,F,0.0001,1.0,2025-09-15 14:16:00+00:00,2025-03-17 21:30:00+00:00,,0.0001,0.006,0.6333,10000.0,1.0,,270347,0,42099006,0,10,88,2500,0,0,0,1,2147483647,2147483647,2147483647,20161,314,2025,65535,4,USD,,,6A,XCME,M6A,FFCXSX,FUT,AUD,,,,F,255,255,255,7,255,4,9,255,255,N,127,127,255,M6AU5
2025-03-19 00:00:00+00:00,2025-03-16 11:07:48.495000+00:00,19,1,42172778,M6AU5-M6AM5,A,S,0.0001,1.0,2025-06-16 14:16:00+00:00,2025-03-17 21:30:00+00:00,,,0.001,0.0005,,,,271371,0,42172778,0,10,88,2500,0,0,0,1,2147483647,2147483647,2147483647,20161,314,2025,65535,4,USD,,SD,6A,XCME,M6A,FMCXSX,FUT,AUD,,,,F,255,255,255,3,255,4,6,255,255,N,127,127,255,M6AU5-M6AM5
2025-03-20 00:00:00+00:00,2025-03-16 11:07:48.445000+00:00,19,1,42185124,M6AH5,A,F,0.0001,1.0,2025-03-17 14:16:00+00:00,2024-09-16 21:30:00+00:00,,0.0001,0.006,0.6324,10000.0,1.0,,270347,0,42185124,0,10,88,2500,0,0,0,1,2147483647,2147483647,2147483647,20161,314,2025,65535,4,USD,,,6A,XCME,M6A,FFCXSX,FUT,AUD,,,,F,255,255,255,7,255,4,3,255,255,N,127,127,255,M6AH5
2025-03-20 00:00:00+00:00,2025-03-16 11:07:48.445000+00:00,19,1,42017519,M6AM5,A,F,0.0001,1.0,2025-06-16 14:16:00+00:00,2024-12-16 22:30:00+00:00,,0.0001,0.006,0.6329,10000.0,1.0,,270347,0,42017519,0,10,88,2500,0,0,0,1,2147483647,2147483647,2147483647,20161,314,2025,65535,4,USD,,,6A,XCME,M6A,FFCXSX,FUT,AUD,,,,F,255,255,255,7,255,4,6,255,255,N,127,127,255,M6AM5
2025-03-20 00:00:00+00:00,2025-03-16 11:07:48.545000+00:00,19,1,42077140,M6AM5-M6AH5,A,S,0.0001,1.0,2025-03-17 14:16:00+00:00,2024-12-16 22:30:00+00:00,,,0.001,0.0005,,,,271371,0,42077140,0,10,88,2500,0,0,0,1,2147483647,2147483647,2147483647,20161,314,2025,65535,4,USD,,SD,6A,XCME,M6A,FMCXSX,FUT,AUD,,,,F,255,255,255,3,255,4,3,255,255,N,127,127,255,M6AM5-M6AH5
2025-03-20 00:00:00+00:00,2025-03-16 11:07:48.345000+00:00,19,1,42099006,M6AU5,A,F,0.0001,1.0,2025-09-15 14:16:00+00:00,2025-03-17 21:30:00+00:00,,0.0001,0.006,0.6333,10000.0,1.0,,270347,0,42099006,0,10,88,2500,0,0,0,1,2147483647,2147483647,2147483647,20161,314,2025,65535,4,USD,,,6A,XCME,M6A,FFCXSX,FUT,AUD,,,,F,255,255,255,7,255,4,9,255,255,N,127,127,255,M6AU5
2025-03-20 00:00:00+00:00,2025-03-16 11:07:48.495000+00:00,19,1,42172778,M6AU5-M6AM5,A,S,0.0001,1.0,2025-06-16 14:16:00+00:00,2025-03-17 21:30:00+00:00,,,0.001,0.0005,,,,271371,0,42172778,0,10,88,2500,0,0,0,1,2147483647,2147483647,2147483647,20161,314,2025,65535,4,USD,,SD,6A,XCME,M6A,FMCXSX,FUT,AUD,,,,F,255,255,255,3,255,4,6,255,255,N,127,127,255,M6AU5-M6AM5
2025-03-21 00:00:00+00:00,2025-03-16 11:07:48.445000+00:00,19,1,42185124,M6AH5,A,F,0.0001,1.0,2025-03-17 14:16:00+00:00,2024-09-16 21:30:00+00:00,,0.0001,0.006,0.6324,10000.0,1.0,,270347,0,42185124,0,10,88,2500,0,0,0,1,2147483647,2147483647,2147483647,20161,314,2025,65535,4,USD,,,6A,XCME,M6A,FFCXSX,FUT,AUD,,,,F,255,255,255,7,255,4,3,255,255,N,127,127,255,M6AH5
2025-03-21 00:00:00+00:00,2025-03-16 11:07:48.445000+00:00,19,1,42017519,M6AM5,A,F,0.0001,1.0,2025-06-16 14:16:00+00:00,2024-12-16 22:30:00+00:00,,0.0001,0.006,0.6329,10000.0,1.0,,270347,0,42017519,0,10,88,2500,0,0,0,1,2147483647,2147483647,2147483647,20161,314,2025,65535,4,USD,,,6A,XCME,M6A,FFCXSX,FUT,AUD,,,,F,255,255,255,7,255,4,6,255,255,N,127,127,255,M6AM5
2025-03-21 00:00:00+00:00,2025-03-16 11:07:48.545000+00:00,19,1,42077140,M6AM5-M6AH5,A,S,0.0001,1.0,2025-03-17 14:16:00+00:00,2024-12-16 22:30:00+00:00,,,0.001,0.0005,,,,271371,0,42077140,0,10,88,2500,0,0,0,1,2147483647,2147483647,2147483647,20161,314,2025,65535,4,USD,,SD,6A,XCME,M6A,FMCXSX,FUT,AUD,,,,F,255,255,255,3,255,4,3,255,255,N,127,127,255,M6AM5-M6AH5
2025-03-21 00:00:00+00:00,2025-03-16 11:07:48.345000+00:00,19,1,42099006,M6AU5,A,F,0.0001,1.0,2025-09-15 14:16:00+00:00,2025-03-17 21:30:00+00:00,,0.0001,0.006,0.6333,10000.0,1.0,,270347,0,42099006,0,10,88,2500,0,0,0,1,2147483647,2147483647,2147483647,20161,314,2025,65535,4,USD,,,6A,XCME,M6A,FFCXSX,FUT,AUD,,,,F,255,255,255,7,255,4,9,255,255,N,127,127,255,M6AU5
2025-03-21 00:00:00+00:00,2025-03-16 11:07:48.495000+00:00,19,1,42172778,M6AU5-M6AM5,A,S,0.0001,1.0,2025-06-16 14:16:00+00:00,2025-03-17 21:30:00+00:00,,,0.001,0.0005,,,,271371,0,42172778,0,10,88,2500,0,0,0,1,2147483647,2147483647,2147483647,20161,314,2025,65535,4,USD,,SD,6A,XCME,M6A,FMCXSX,FUT,AUD,,,,F,255,255,255,3,255,4,6,255,255,N,127,127,255,M6AU5-M6AM5
2025-03-23 11:07:48.810913926+00:00,2025-03-23 11:07:48.762088535+00:00,19,1,42099006,M6AU5,A,F,0.0001,1.0,2025-09-15 14:16:00+00:00,2025-03-17 21:30:00+00:00,,0.0001,0.006,0.6284,10000.0,1.0,,270347,0,42099006,0,10,88,2500,0,0,0,1,2147483647,2147483647,2147483647,20168,314,2025,65535,4,USD,,,6A,XCME,M6A,FFCXSX,FUT,AUD,,,,F,255,255,255,7,255,4,9,255,255,N,127,127,255,M6AU5
2025-03-23 11:07:48.966981743+00:00,2025-03-23 11:07:48.962000+00:00,19,1,42017519,M6AM5,A,F,0.0001,1.0,2025-06-16 14:16:00+00:00,2024-12-16 22:30:00+00:00,,0.0001,0.006,0.628,10000.0,1.0,,270347,0,42017519,0,10,88,2500,0,0,0,1,2147483647,2147483647,2147483647,20168,314,2025,65535,4,USD,,,6A,XCME,M6A,FFCXSX,FUT,AUD,,,,F,255,255,255,7,255,4,6,255,255,N,127,127,255,M6AM5
2025-03-23 11:07:49.070220360+00:00,2025-03-23 11:07:49.062000+00:00,19,1,42172778,M6AU5-M6AM5,A,S,0.0001,1.0,2025-06-16 14:16:00+00:00,2025-03-17 21:30:00+00:00,,,0.001,0.0005,,,,271371,0,42172778,0,10,88,2500,0,0,0,1,2147483647,2147483647,2147483647,20168,314,2025,65535,4,USD,,SD,6A,XCME,M6A,FMCXSX,FUT,AUD,,,,F,255,255,255,3,255,4,6,255,255,N,127,127,255,M6AU5-M6AM5
2025-03-24 00:00:00+00:00,2025-03-23 11:07:48.762088535+00:00,19,1,42099006,M6AU5,A,F,0.0001,1.0,2025-09-15 14:16:00+00:00,2025-03-17 21:30:00+00:00,,0.0001,0.006,0.6284,10000.0,1.0,,270347,0,42099006,0,10,88,2500,0,0,0,1,2147483647,2147483647,2147483647,20168,314,2025,65535,4,USD,,,6A,XCME,M6A,FFCXSX,FUT,AUD,,,,F,255,255,255,7,255,4,9,255,255,N,127,127,255,M6AU5
2025-03-24 00:00:00+00:00,2025-03-23 11:07:48.962000+00:00,19,1,42017519,M6AM5,A,F,0.0001,1.0,2025-06-16 14:16:00+00:00,2024-12-16 22:30:00+00:00,,0.0001,0.006,0.628,10000.0,1.0,,270347,0,42017519,0,10,88,2500,0,0,0,1,2147483647,2147483647,2147483647,20168,314,2025,65535,4,USD,,,6A,XCME,M6A,FFCXSX,FUT,AUD,,,,F,255,255,255,7,255,4,6,255,255,N,127,127,255,M6AM5
2025-03-24 00:00:00+00:00,2025-03-23 11:07:49.062000+00:00,19,1,42172778,M6AU5-M6AM5,A,S,0.0001,1.0,2025-06-16 14:16:00+00:00,2025-03-17 21:30:00+00:00,,,0.001,0.0005,,,,271371,0,42172778,0,10,88,2500,0,0,0,1,2147483647,2147483647,2147483647,20168,314,2025,65535,4,USD,,SD,6A,XCME,M6A,FMCXSX,FUT,AUD,,,,F,255,255,255,3,255,4,6,255,255,N,127,127,255,M6AU5-M6AM5
2025-03-25 00:00:00+00:00,2025-03-23 11:07:48.762088535+00:00,19,1,42099006,M6AU5,A,F,0.0001,1.0,2025-09-15 14:16:00+00:00,2025-03-17 21:30:00+00:00,,0.0001,0.006,0.6284,10000.0,1.0,,270347,0,42099006,0,10,88,2500,0,0,0,1,2147483647,2147483647,2147483647,20168,314,2025,65535,4,USD,,,6A,XCME,M6A,FFCXSX,FUT,AUD,,,,F,255,255,255,7,255,4,9,255,255,N,127,127,255,M6AU5
2025-03-25 00:00:00+00:00,2025-03-23 11:07:48.962000+00:00,19,1,42017519,M6AM5,A,F,0.0001,1.0,2025-06-16 14:16:00+00:00,2024-12-16 22:30:00+00:00,,0.0001,0.006,0.628,10000.0,1.0,,270347,0,42017519,0,10,88,2500,0,0,0,1,2147483647,2147483647,2147483647,20168,314,2025,65535,4,USD,,,6A,XCME,M6A,FFCXSX,FUT,AUD,,,,F,255,255,255,7,255,4,6,255,255,N,127,127,255,M6AM5
2025-03-25 00:00:00+00:00,2025-03-23 11:07:49.062000+00:00,19,1,42172778,M6AU5-M6AM5,A,S,0.0001,1.0,2025-06-16 14:16:00+00:00,2025-03-17 21:30:00+00:00,,,0.001,0.0005,,,,271371,0,42172778,0,10,88,2500,0,0,0,1,2147483647,2147483647,2147483647,20168,314,2025,65535,4,USD,,SD,6A,XCME,M6A,FMCXSX,FUT,AUD,,,,F,255,255,255,3,255,4,6,255,255,N,127,127,255,M6AU5-M6AM5
2025-03-26 00:00:00+00:00,2025-03-23 11:07:48.762088535+00:00,19,1,42099006,M6AU5,A,F,0.0001,1.0,2025-09-15 14:16:00+00:00,2025-03-17 21:30:00+00:00,,0.0001,0.006,0.6284,10000.0,1.0,,270347,0,42099006,0,10,88,2500,0,0,0,1,2147483647,2147483647,2147483647,20168,314,2025,65535,4,USD,,,6A,XCME,M6A,FFCXSX,FUT,AUD,,,,F,255,255,255,7,255,4,9,255,255,N,127,127,255,M6AU5
2025-03-26 00:00:00+00:00,2025-03-23 11:07:48.962000+00:00,19,1,42017519,M6AM5,A,F,0.0001,1.0,2025-06-16 14:16:00+00:00,2024-12-16 22:30:00+00:00,,0.0001,0.006,0.628,10000.0,1.0,,270347,0,42017519,0,10,88,2500,0,0,0,1,2147483647,2147483647,2147483647,20168,314,2025,65535,4,USD,,,6A,XCME,M6A,FFCXSX,FUT,AUD,,,,F,255,255,255,7,255,4,6,255,255,N,127,127,255,M6AM5
2025-03-26 00:00:00+00:00,2025-03-23 11:07:49.062000+00:00,19,1,42172778,M6AU5-M6AM5,A,S,0.0001,1.0,2025-06-16 14:16:00+00:00,2025-03-17 21:30:00+00:00,,,0.001,0.0005,,,,271371,0,42172778,0,10,88,2500,0,0,0,1,2147483647,2147483647,2147483647,20168,314,2025,65535,4,USD,,SD,6A,XCME,M6A,FMCXSX,FUT,AUD,,,,F,255,255,255,3,255,4,6,255,255,N,127,127,255,M6AU5-M6AM5
2025-03-27 00:00:00+00:00,2025-03-23 11:07:48.762088535+00:00,19,1,42099006,M6AU5,A,F,0.0001,1.0,2025-09-15 14:16:00+00:00,2025-03-17 21:30:00+00:00,,0.0001,0.006,0.6284,10000.0,1.0,,270347,0,42099006,0,10,88,2500,0,0,0,1,2147483647,2147483647,2147483647,20168,314,2025,65535,4,USD,,,6A,XCME,M6A,FFCXSX,FUT,AUD,,,,F,255,255,255,7,255,4,9,255,255,N,127,127,255,M6AU5
2025-03-27 00:00:00+00:00,2025-03-23 11:07:48.962000+00:00,19,1,42017519,M6AM5,A,F,0.0001,1.0,2025-06-16 14:16:00+00:00,2024-12-16 22:30:00+00:00,,0.0001,0.006,0.628,10000.0,1.0,,270347,0,42017519,0,10,88,2500,0,0,0,1,2147483647,2147483647,2147483647,20168,314,2025,65535,4,USD,,,6A,XCME,M6A,FFCXSX,FUT,AUD,,,,F,255,255,255,7,255,4,6,255,255,N,127,127,255,M6AM5
2025-03-27 00:00:00+00:00,2025-03-23 11:07:49.062000+00:00,19,1,42172778,M6AU5-M6AM5,A,S,0.0001,1.0,2025-06-16 14:16:00+00:00,2025-03-17 21:30:00+00:00,,,0.001,0.0005,,,,271371,0,42172778,0,10,88,2500,0,0,0,1,2147483647,2147483647,2147483647,20168,314,2025,65535,4,USD,,SD,6A,XCME,M6A,FMCXSX,FUT,AUD,,,,F,255,255,255,3,255,4,6,255,255,N,127,127,255,M6AU5-M6AM5
2025-03-28 00:00:00+00:00,2025-03-23 11:07:48.762088535+00:00,19,1,42099006,M6AU5,A,F,0.0001,1.0,2025-09-15 14:16:00+00:00,2025-03-17 21:30:00+00:00,,0.0001,0.006,0.6284,10000.0,1.0,,270347,0,42099006,0,10,88,2500,0,0,0,1,2147483647,2147483647,2147483647,20168,314,2025,65535,4,USD,,,6A,XCME,M6A,FFCXSX,FUT,AUD,,,,F,255,255,255,7,255,4,9,255,255,N,127,127,255,M6AU5
2025-03-28 00:00:00+00:00,2025-03-23 11:07:48.962000+00:00,19,1,42017519,M6AM5,A,F,0.0001,1.0,2025-06-16 14:16:00+00:00,2024-12-16 22:30:00+00:00,,0.0001,0.006,0.628,10000.0,1.0,,270347,0,42017519,0,10,88,2500,0,0,0,1,2147483647,2147483647,2147483647,20168,314,2025,65535,4,USD,,,6A,XCME,M6A,FFCXSX,FUT,AUD,,,,F,255,255,255,7,255,4,6,255,255,N,127,127,255,M6AM5
2025-03-28 00:00:00+00:00,2025-03-23 11:07:49.062000+00:00,19,1,42172778,M6AU5-M6AM5,A,S,0.0001,1.0,2025-06-16 14:16:00+00:00,2025-03-17 21:30:00+00:00,,,0.001,0.0005,,,,271371,0,42172778,0,10,88,2500,0,0,0,1,2147483647,2147483647,2147483647,20168,314,2025,65535,4,USD,,SD,6A,XCME,M6A,FMCXSX,FUT,AUD,,,,F,255,255,255,3,255,4,6,255,255,N,127,127,255,M6AU5-M6AM5
2025-03-30 11:07:48.844948440+00:00,2025-03-30 11:07:48.788799005+00:00,19,1,42099006,M6AU5,A,F,0.0001,1.0,2025-09-15 14:16:00+00:00,2025-03-17 21:30:00+00:00,,0.0001,0.006,0.6295,10000.0,1.0,,270347,0,42099006,0,10,88,2500,0,0,0,1,2147483647,2147483647,2147483647,20175,314,2025,65535,4,USD,,,6A,XCME,M6A,FFCXSX,FUT,AUD,,,,F,255,255,255,7,255,4,9,255,255,N,127,127,255,M6AU5
2025-03-30 11:07:48.992791713+00:00,2025-03-30 11:07:48.988000+00:00,19,1,42017519,M6AM5,A,F,0.0001,1.0,2025-06-16 14:16:00+00:00,2024-12-16 22:30:00+00:00,,0.0001,0.006,0.6291,10000.0,1.0,,270347,0,42017519,0,10,88,2500,0,0,0,1,2147483647,2147483647,2147483647,20175,314,2025,65535,4,USD,,,6A,XCME,M6A,FFCXSX,FUT,AUD,,,,F,255,255,255,7,255,4,6,255,255,N,127,127,255,M6AM5
2025-03-30 11:07:49.096903058+00:00,2025-03-30 11:07:49.088000+00:00,19,1,42172778,M6AU5-M6AM5,A,S,0.0001,1.0,2025-06-16 14:16:00+00:00,2025-03-17 21:30:00+00:00,,,0.001,0.0004,,,,271371,0,42172778,0,10,88,2500,0,0,0,1,2147483647,2147483647,2147483647,20175,314,2025,65535,4,USD,,SD,6A,XCME,M6A,FMCXSX,FUT,AUD,,,,F,255,255,255,3,255,4,6,255,255,N,127,127,255,M6AU5-M6AM5
2025-03-31 00:00:00+00:00,2025-03-30 11:07:48.788799005+00:00,19,1,42099006,M6AU5,A,F,0.0001,1.0,2025-09-15 14:16:00+00:00,2025-03-17 21:30:00+00:00,,0.0001,0.006,0.6295,10000.0,1.0,,270347,0,42099006,0,10,88,2500,0,0,0,1,2147483647,2147483647,2147483647,20175,314,2025,65535,4,USD,,,6A,XCME,M6A,FFCXSX,FUT,AUD,,,,F,255,255,255,7,255,4,9,255,255,N,127,127,255,M6AU5
2025-03-31 00:00:00+00:00,2025-03-30 11:07:48.988000+00:00,19,1,42017519,M6AM5,A,F,0.0001,1.0,2025-06-16 14:16:00+00:00,2024-12-16 22:30:00+00:00,,0.0001,0.006,0.6291,10000.0,1.0,,270347,0,42017519,0,10,88,2500,0,0,0,1,2147483647,2147483647,2147483647,20175,314,2025,65535,4,USD,,,6A,XCME,M6A,FFCXSX,FUT,AUD,,,,F,255,255,255,7,255,4,6,255,255,N,127,127,255,M6AM5
2025-03-31 00:00:00+00:00,2025-03-30 11:07:49.088000+00:00,19,1,42172778,M6AU5-M6AM5,A,S,0.0001,1.0,2025-06-16 14:16:00+00:00,2025-03-17 21:30:00+00:00,,,0.001,0.0004,,,,271371,0,42172778,0,10,88,2500,0,0,0,1,2147483647,2147483647,2147483647,20175,314,2025,65535,4,USD,,SD,6A,XCME,M6A,FMCXSX,FUT,AUD,,,,F,255,255,255,3,255,4,6,255,255,N,127,127,255,M6AU5-M6AM5
2025-04-01 00:00:00+00:00,2025-03-30 11:07:48.788799005+00:00,19,1,42099006,M6AU5,A,F,0.0001,1.0,2025-09-15 14:16:00+00:00,2025-03-17 21:30:00+00:00,,0.0001,0.006,0.6295,10000.0,1.0,,270347,0,42099006,0,10,88,2500,0,0,0,1,2147483647,2147483647,2147483647,20175,314,2025,65535,4,USD,,,6A,XCME,M6A,FFCXSX,FUT,AUD,,,,F,255,255,255,7,255,4,9,255,255,N,127,127,255,M6AU5
2025-04-01 00:00:00+00:00,2025-03-30 11:07:48.988000+00:00,19,1,42017519,M6AM5,A,F,0.0001,1.0,2025-06-16 14:16:00+00:00,2024-12-16 22:30:00+00:00,,0.0001,0.006,0.6291,10000.0,1.0,,270347,0,42017519,0,10,88,2500,0,0,0,1,2147483647,2147483647,2147483647,20175,314,2025,65535,4,USD,,,6A,XCME,M6A,FFCXSX,FUT,AUD,,,,F,255,255,255,7,255,4,6,255,255,N,127,127,255,M6AM5
2025-04-01 00:00:00+00:00,2025-03-30 11:07:49.088000+00:00,19,1,42172778,M6AU5-M6AM5,A,S,0.0001,1.0,2025-06-16 14:16:00+00:00,2025-03-17 21:30:00+00:00,,,0.001,0.0004,,,,271371,0,42172778,0,10,88,2500,0,0,0,1,2147483647,2147483647,2147483647,20175,314,2025,65535,4,USD,,SD,6A,XCME,M6A,FMCXSX,FUT,AUD,,,,F,255,255,255,3,255,4,6,255,255,N,127,127,255,M6AU5-M6AM5
2025-04-02 00:00:00+00:00,2025-03-30 11:07:48.788799005+00:00,19,1,42099006,M6AU5,A,F,0.0001,1.0,2025-09-15 14:16:00+00:00,2025-03-17 21:30:00+00:00,,0.0001,0.006,0.6295,10000.0,1.0,,270347,0,42099006,0,10,88,2500,0,0,0,1,2147483647,2147483647,2147483647,20175,314,2025,65535,4,USD,,,6A,XCME,M6A,FFCXSX,FUT,AUD,,,,F,255,255,255,7,255,4,9,255,255,N,127,127,255,M6AU5
2025-04-02 00:00:00+00:00,2025-03-30 11:07:48.988000+00:00,19,1,42017519,M6AM5,A,F,0.0001,1.0,2025-06-16 14:16:00+00:00,2024-12-16 22:30:00+00:00,,0.0001,0.006,0.6291,10000.0,1.0,,270347,0,42017519,0,10,88,2500,0,0,0,1,2147483647,2147483647,2147483647,20175,314,2025,65535,4,USD,,,6A,XCME,M6A,FFCXSX,FUT,AUD,,,,F,255,255,255,7,255,4,6,255,255,N,127,127,255,M6AM5
2025-04-02 00:00:00+00:00,2025-03-30 11:07:49.088000+00:00,19,1,42172778,M6AU5-M6AM5,A,S,0.0001,1.0,2025-06-16 14:16:00+00:00,2025-03-17 21:30:00+00:00,,,0.001,0.0004,,,,271371,0,42172778,0,10,88,2500,0,0,0,1,2147483647,2147483647,2147483647,20175,314,2025,65535,4,USD,,SD,6A,XCME,M6A,FMCXSX,FUT,AUD,,,,F,255,255,255,3,255,4,6,255,255,N,127,127,255,M6AU5-M6AM5
2025-04-03 00:00:00+00:00,2025-03-30 11:07:48.788799005+00:00,19,1,42099006,M6AU5,A,F,0.0001,1.0,2025-09-15 14:16:00+00:00,2025-03-17 21:30:00+00:00,,0.0001,0.006,0.6295,10000.0,1.0,,270347,0,42099006,0,10,88,2500,0,0,0,1,2147483647,2147483647,2147483647,20175,314,2025,65535,4,USD,,,6A,XCME,M6A,FFCXSX,FUT,AUD,,,,F,255,255,255,7,255,4,9,255,255,N,127,127,255,M6AU5
2025-04-03 00:00:00+00:00,2025-03-30 11:07:48.988000+00:00,19,1,42017519,M6AM5,A,F,0.0001,1.0,2025-06-16 14:16:00+00:00,2024-12-16 22:30:00+00:00,,0.0001,0.006,0.6291,10000.0,1.0,,270347,0,42017519,0,10,88,2500,0,0,0,1,2147483647,2147483647,2147483647,20175,314,2025,65535,4,USD,,,6A,XCME,M6A,FFCXSX,FUT,AUD,,,,F,255,255,255,7,255,4,6,255,255,N,127,127,255,M6AM5
2025-04-03 00:00:00+00:00,2025-03-30 11:07:49.088000+00:00,19,1,42172778,M6AU5-M6AM5,A,S,0.0001,1.0,2025-06-16 14:16:00+00:00,2025-03-17 21:30:00+00:00,,,0.001,0.0004,,,,271371,0,42172778,0,10,88,2500,0,0,0,1,2147483647,2147483647,2147483647,20175,314,2025,65535,4,USD,,SD,6A,XCME,M6A,FMCXSX,FUT,AUD,,,,F,255,255,255,3,255,4,6,255,255,N,127,127,255,M6AU5-M6AM5
2025-04-04 00:00:00+00:00,2025-03-30 11:07:48.788799005+00:00,19,1,42099006,M6AU5,A,F,0.0001,1.0,2025-09-15 14:16:00+00:00,2025-03-17 21:30:00+00:00,,0.0001,0.006,0.6295,10000.0,1.0,,270347,0,42099006,0,10,88,2500,0,0,0,1,2147483647,2147483647,2147483647,20175,314,2025,65535,4,USD,,,6A,XCME,M6A,FFCXSX,FUT,AUD,,,,F,255,255,255,7,255,4,9,255,255,N,127,127,255,M6AU5
2025-04-04 00:00:00+00:00,2025-03-30 11:07:48.988000+00:00,19,1,42017519,M6AM5,A,F,0.0001,1.0,2025-06-16 14:16:00+00:00,2024-12-16 22:30:00+00:00,,0.0001,0.006,0.6291,10000.0,1.0,,270347,0,42017519,0,10,88,2500,0,0,0,1,2147483647,2147483647,2147483647,20175,314,2025,65535,4,USD,,,6A,XCME,M6A,FFCXSX,FUT,AUD,,,,F,255,255,255,7,255,4,6,255,255,N,127,127,255,M6AM5
2025-04-04 00:00:00+00:00,2025-03-30 11:07:49.088000+00:00,19,1,42172778,M6AU5-M6AM5,A,S,0.0001,1.0,2025-06-16 14:16:00+00:00,2025-03-17 21:30:00+00:00,,,0.001,0.0004,,,,271371,0,42172778,0,10,88,2500,0,0,0,1,2147483647,2147483647,2147483647,20175,314,2025,65535,4,USD,,SD,6A,XCME,M6A,FMCXSX,FUT,AUD,,,,F,255,255,255,3,255,4,6,255,255,N,127,127,255,M6AU5-M6AM5
2025-04-06 11:08:49.485815583+00:00,2025-04-06 11:08:49.470000+00:00,19,1,42099006,M6AU5,A,F,0.0001,1.0,2025-09-15 14:16:00+00:00,2025-03-17 21:30:00+00:00,,0.0001,0.006,0.6028,10000.0,1.0,,270347,0,42099006,0,10,88,2500,0,0,0,1,2147483647,2147483647,2147483647,20182,314,2025,65535,4,USD,,,6A,XCME,M6A,FFCXSX,FUT,AUD,,,,F,255,255,255,7,255,4,9,255,255,N,127,127,255,M6AU5
2025-04-06 11:08:49.595648589+00:00,2025-04-06 11:08:49.570000+00:00,19,1,42017519,M6AM5,A,F,0.0001,1.0,2025-06-16 14:16:00+00:00,2024-12-16 22:30:00+00:00,,0.0001,0.006,0.6023,10000.0,1.0,,270347,0,42017519,0,10,88,2500,0,0,0,1,2147483647,2147483647,2147483647,20182,314,2025,65535,4,USD,,,6A,XCME,M6A,FFCXSX,FUT,AUD,,,,F,255,255,255,7,255,4,6,255,255,N,127,127,255,M6AM5
2025-04-06 11:08:49.674180811+00:00,2025-04-06 11:08:49.670000+00:00,19,1,42172778,M6AU5-M6AM5,A,S,0.0001,1.0,2025-06-16 14:16:00+00:00,2025-03-17 21:30:00+00:00,,,0.001,0.0006,,,,271371,0,42172778,0,10,88,2500,0,0,0,1,2147483647,2147483647,2147483647,20182,314,2025,65535,4,USD,,SD,6A,XCME,M6A,FMCXSX,FUT,AUD,,,,F,255,255,255,3,255,4,6,255,255,N,127,127,255,M6AU5-M6AM5
2025-04-07 00:00:00+00:00,2025-04-06 11:08:49.470000+00:00,19,1,42099006,M6AU5,A,F,0.0001,1.0,2025-09-15 14:16:00+00:00,2025-03-17 21:30:00+00:00,,0.0001,0.006,0.6028,10000.0,1.0,,270347,0,42099006,0,10,88,2500,0,0,0,1,2147483647,2147483647,2147483647,20182,314,2025,65535,4,USD,,,6A,XCME,M6A,FFCXSX,FUT,AUD,,,,F,255,255,255,7,255,4,9,255,255,N,127,127,255,M6AU5
2025-04-07 00:00:00+00:00,2025-04-06 11:08:49.570000+00:00,19,1,42017519,M6AM5,A,F,0.0001,1.0,2025-06-16 14:16:00+00:00,2024-12-16 22:30:00+00:00,,0.0001,0.006,0.6023,10000.0,1.0,,270347,0,42017519,0,10,88,2500,0,0,0,1,2147483647,2147483647,2147483647,20182,314,2025,65535,4,USD,,,6A,XCME,M6A,FFCXSX,FUT,AUD,,,,F,255,255,255,7,255,4,6,255,255,N,127,127,255,M6AM5
2025-04-07 00:00:00+00:00,2025-04-06 11:08:49.670000+00:00,19,1,42172778,M6AU5-M6AM5,A,S,0.0001,1.0,2025-06-16 14:16:00+00:00,2025-03-17 21:30:00+00:00,,,0.001,0.0006,,,,271371,0,42172778,0,10,88,2500,0,0,0,1,2147483647,2147483647,2147483647,20182,314,2025,65535,4,USD,,SD,6A,XCME,M6A,FMCXSX,FUT,AUD,,,,F,255,255,255,3,255,4,6,255,255,N,127,127,255,M6AU5-M6AM5
2025-04-08 00:00:00+00:00,2025-04-06 11:08:49.470000+00:00,19,1,42099006,M6AU5,A,F,0.0001,1.0,2025-09-15 14:16:00+00:00,2025-03-17 21:30:00+00:00,,0.0001,0.006,0.6028,10000.0,1.0,,270347,0,42099006,0,10,88,2500,0,0,0,1,2147483647,2147483647,2147483647,20182,314,2025,65535,4,USD,,,6A,XCME,M6A,FFCXSX,FUT,AUD,,,,F,255,255,255,7,255,4,9,255,255,N,127,127,255,M6AU5
2025-04-08 00:00:00+00:00,2025-04-06 11:08:49.570000+00:00,19,1,42017519,M6AM5,A,F,0.0001,1.0,2025-06-16 14:16:00+00:00,2024-12-16 22:30:00+00:00,,0.0001,0.006,0.6023,10000.0,1.0,,270347,0,42017519,0,10,88,2500,0,0,0,1,2147483647,2147483647,2147483647,20182,314,2025,65535,4,USD,,,6A,XCME,M6A,FFCXSX,FUT,AUD,,,,F,255,255,255,7,255,4,6,255,255,N,127,127,255,M6AM5
2025-04-08 00:00:00+00:00,2025-04-06 11:08:49.670000+00:00,19,1,42172778,M6AU5-M6AM5,A,S,0.0001,1.0,2025-06-16 14:16:00+00:00,2025-03-17 21:30:00+00:00,,,0.001,0.0006,,,,271371,0,42172778,0,10,88,2500,0,0,0,1,2147483647,2147483647,2147483647,20182,314,2025,65535,4,USD,,SD,6A,XCME,M6A,FMCXSX,FUT,AUD,,,,F,255,255,255,3,255,4,6,255,255,N,127,127,255,M6AU5-M6AM5
2025-04-09 00:00:00+00:00,2025-04-06 11:08:49.470000+00:00,19,1,42099006,M6AU5,A,F,0.0001,1.0,2025-09-15 14:16:00+00:00,2025-03-17 21:30:00+00:00,,0.0001,0.006,0.6028,10000.0,1.0,,270347,0,42099006,0,10,88,2500,0,0,0,1,2147483647,2147483647,2147483647,20182,314,2025,65535,4,USD,,,6A,XCME,M6A,FFCXSX,FUT,AUD,,,,F,255,255,255,7,255,4,9,255,255,N,127,127,255,M6AU5
2025-04-09 00:00:00+00:00,2025-04-06 11:08:49.570000+00:00,19,1,42017519,M6AM5,A,F,0.0001,1.0,2025-06-16 14:16:00+00:00,2024-12-16 22:30:00+00:00,,0.0001,0.006,0.6023,10000.0,1.0,,270347,0,42017519,0,10,88,2500,0,0,0,1,2147483647,2147483647,2147483647,20182,314,2025,65535,4,USD,,,6A,XCME,M6A,FFCXSX,FUT,AUD,,,,F,255,255,255,7,255,4,6,255,255,N,127,127,255,M6AM5
2025-04-09 00:00:00+00:00,2025-04-06 11:08:49.670000+00:00,19,1,42172778,M6AU5-M6AM5,A,S,0.0001,1.0,2025-06-16 14:16:00+00:00,2025-03-17 21:30:00+00:00,,,0.001,0.0006,,,,271371,0,42172778,0,10,88,2500,0,0,0,1,2147483647,2147483647,2147483647,20182,314,2025,65535,4,USD,,SD,6A,XCME,M6A,FMCXSX,FUT,AUD,,,,F,255,255,255,3,255,4,6,255,255,N,127,127,255,M6AU5-M6AM5
2025-04-10 00:00:00+00:00,2025-04-06 11:08:49.470000+00:00,19,1,42099006,M6AU5,A,F,0.0001,1.0,2025-09-15 14:16:00+00:00,2025-03-17 21:30:00+00:00,,0.0001,0.006,0.6028,10000.0,1.0,,270347,0,42099006,0,10,88,2500,0,0,0,1,2147483647,2147483647,2147483647,20182,314,2025,65535,4,USD,,,6A,XCME,M6A,FFCXSX,FUT,AUD,,,,F,255,255,255,7,255,4,9,255,255,N,127,127,255,M6AU5
2025-04-10 00:00:00+00:00,2025-04-06 11:08:49.570000+00:00,19,1,42017519,M6AM5,A,F,0.0001,1.0,2025-06-16 14:16:00+00:00,2024-12-16 22:30:00+00:00,,0.0001,0.006,0.6023,10000.0,1.0,,270347,0,42017519,0,10,88,2500,0,0,0,1,2147483647,2147483647,2147483647,20182,314,2025,65535,4,USD,,,6A,XCME,M6A,FFCXSX,FUT,AUD,,,,F,255,255,255,7,255,4,6,255,255,N,127,127,255,M6AM5
2025-04-10 00:00:00+00:00,2025-04-06 11:08:49.670000+00:00,19,1,42172778,M6AU5-M6AM5,A,S,0.0001,1.0,2025-06-16 14:16:00+00:00,2025-03-17 21:30:00+00:00,,,0.001,0.0006,,,,271371,0,42172778,0,10,88,2500,0,0,0,1,2147483647,2147483647,2147483647,20182,314,2025,65535,4,USD,,SD,6A,XCME,M6A,FMCXSX,FUT,AUD,,,,F,255,255,255,3,255,4,6,255,255,N,127,127,255,M6AU5-M6AM5
2025-04-11 00:00:00+00:00,2025-04-06 11:08:49.470000+00:00,19,1,42099006,M6AU5,A,F,0.0001,1.0,2025-09-15 14:16:00+00:00,2025-03-17 21:30:00+00:00,,0.0001,0.006,0.6028,10000.0,1.0,,270347,0,42099006,0,10,88,2500,0,0,0,1,2147483647,2147483647,2147483647,20182,314,2025,65535,4,USD,,,6A,XCME,M6A,FFCXSX,FUT,AUD,,,,F,255,255,255,7,255,4,9,255,255,N,127,127,255,M6AU5
2025-04-11 00:00:00+00:00,2025-04-06 11:08:49.570000+00:00,19,1,42017519,M6AM5,A,F,0.0001,1.0,2025-06-16 14:16:00+00:00,2024-12-16 22:30:00+00:00,,0.0001,0.006,0.6023,10000.0,1.0,,270347,0,42017519,0,10,88,2500,0,0,0,1,2147483647,2147483647,2147483647,20182,314,2025,65535,4,USD,,,6A,XCME,M6A,FFCXSX,FUT,AUD,,,,F,255,255,255,7,255,4,6,255,255,N,127,127,255,M6AM5
2025-04-11 00:00:00+00:00,2025-04-06 11:08:49.670000+00:00,19,1,42172778,M6AU5-M6AM5,A,S,0.0001,1.0,2025-06-16 14:16:00+00:00,2025-03-17 21:30:00+00:00,,,0.001,0.0006,,,,271371,0,42172778,0,10,88,2500,0,0,0,1,2147483647,2147483647,2147483647,20182,314,2025,65535,4,USD,,SD,6A,XCME,M6A,FMCXSX,FUT,AUD,,,,F,255,255,255,3,255,4,6,255,255,N,127,127,255,M6AU5-M6AM5
2025-04-13 11:08:50.796571357+00:00,2025-04-13 11:08:50.780000+00:00,19,1,42099006,M6AU5,A,F,0.0001,1.0,2025-09-15 14:16:00+00:00,2025-03-17 21:30:00+00:00,,0.0001,0.006,0.6295,10000.0,1.0,,270347,0,42099006,0,10,88,2500,0,0,0,1,2147483647,2147483647,2147483647,20189,314,2025,65535,4,USD,,,6A,XCME,M6A,FFCXSX,FUT,AUD,,,,F,255,255,255,7,255,4,9,255,255,N,127,127,255,M6AU5
2025-04-13 11:08:50.906257860+00:00,2025-04-13 11:08:50.880000+00:00,19,1,42017519,M6AM5,A,F,0.0001,1.0,2025-06-16 14:16:00+00:00,2024-12-16 22:30:00+00:00,,0.0001,0.006,0.6287,10000.0,1.0,,270347,0,42017519,0,10,88,2500,0,0,0,1,2147483647,2147483647,2147483647,20189,314,2025,65535,4,USD,,,6A,XCME,M6A,FFCXSX,FUT,AUD,,,,F,255,255,255,7,255,4,6,255,255,N,127,127,255,M6AM5
2025-04-13 11:08:50.984075034+00:00,2025-04-13 11:08:50.980000+00:00,19,1,42172778,M6AU5-M6AM5,A,S,0.0001,1.0,2025-06-16 14:16:00+00:00,2025-03-17 21:30:00+00:00,,,0.001,0.0009,,,,271371,0,42172778,0,10,88,2500,0,0,0,1,2147483647,2147483647,2147483647,20189,314,2025,65535,4,USD,,SD,6A,XCME,M6A,FMCXSX,FUT,AUD,,,,F,255,255,255,3,255,4,6,255,255,N,127,127,255,M6AU5-M6AM5
2025-04-14 00:00:00+00:00,2025-04-13 11:08:50.780000+00:00,19,1,42099006,M6AU5,A,F,0.0001,1.0,2025-09-15 14:16:00+00:00,2025-03-17 21:30:00+00:00,,0.0001,0.006,0.6295,10000.0,1.0,,270347,0,42099006,0,10,88,2500,0,0,0,1,2147483647,2147483647,2147483647,20189,314,2025,65535,4,USD,,,6A,XCME,M6A,FFCXSX,FUT,AUD,,,,F,255,255,255,7,255,4,9,255,255,N,127,127,255,M6AU5
2025-04-14 00:00:00+00:00,2025-04-13 11:08:50.880000+00:00,19,1,42017519,M6AM5,A,F,0.0001,1.0,2025-06-16 14:16:00+00:00,2024-12-16 22:30:00+00:00,,0.0001,0.006,0.6287,10000.0,1.0,,270347,0,42017519,0,10,88,2500,0,0,0,1,2147483647,2147483647,2147483647,20189,314,2025,65535,4,USD,,,6A,XCME,M6A,FFCXSX,FUT,AUD,,,,F,255,255,255,7,255,4,6,255,255,N,127,127,255,M6AM5
2025-04-14 00:00:00+00:00,2025-04-13 11:08:50.980000+00:00,19,1,42172778,M6AU5-M6AM5,A,S,0.0001,1.0,2025-06-16 14:16:00+00:00,2025-03-17 21:30:00+00:00,,,0.001,0.0009,,,,271371,0,42172778,0,10,88,2500,0,0,0,1,2147483647,2147483647,2147483647,20189,314,2025,65535,4,USD,,SD,6A,XCME,M6A,FMCXSX,FUT,AUD,,,,F,255,255,255,3,255,4,6,255,255,N,127,127,255,M6AU5-M6AM5
2025-04-15 00:00:00+00:00,2025-04-13 11:08:50.780000+00:00,19,1,42099006,M6AU5,A,F,0.0001,1.0,2025-09-15 14:16:00+00:00,2025-03-17 21:30:00+00:00,,0.0001,0.006,0.6295,10000.0,1.0,,270347,0,42099006,0,10,88,2500,0,0,0,1,2147483647,2147483647,2147483647,20189,314,2025,65535,4,USD,,,6A,XCME,M6A,FFCXSX,FUT,AUD,,,,F,255,255,255,7,255,4,9,255,255,N,127,127,255,M6AU5
2025-04-15 00:00:00+00:00,2025-04-13 11:08:50.880000+00:00,19,1,42017519,M6AM5,A,F,0.0001,1.0,2025-06-16 14:16:00+00:00,2024-12-16 22:30:00+00:00,,0.0001,0.006,0.6287,10000.0,1.0,,270347,0,42017519,0,10,88,2500,0,0,0,1,2147483647,2147483647,2147483647,20189,314,2025,65535,4,USD,,,6A,XCME,M6A,FFCXSX,FUT,AUD,,,,F,255,255,255,7,255,4,6,255,255,N,127,127,255,M6AM5
2025-04-15 00:00:00+00:00,2025-04-13 11:08:50.980000+00:00,19,1,42172778,M6AU5-M6AM5,A,S,0.0001,1.0,2025-06-16 14:16:00+00:00,2025-03-17 21:30:00+00:00,,,0.001,0.0009,,,,271371,0,42172778,0,10,88,2500,0,0,0,1,2147483647,2147483647,2147483647,20189,314,2025,65535,4,USD,,SD,6A,XCME,M6A,FMCXSX,FUT,AUD,,,,F,255,255,255,3,255,4,6,255,255,N,127,127,255,M6AU5-M6AM5
2025-04-16 00:00:00+00:00,2025-04-13 11:08:50.780000+00:00,19,1,42099006,M6AU5,A,F,0.0001,1.0,2025-09-15 14:16:00+00:00,2025-03-17 21:30:00+00:00,,0.0001,0.006,0.6295,10000.0,1.0,,270347,0,42099006,0,10,88,2500,0,0,0,1,2147483647,2147483647,2147483647,20189,314,2025,65535,4,USD,,,6A,XCME,M6A,FFCXSX,FUT,AUD,,,,F,255,255,255,7,255,4,9,255,255,N,127,127,255,M6AU5
2025-04-16 00:00:00+00:00,2025-04-13 11:08:50.880000+00:00,19,1,42017519,M6AM5,A,F,0.0001,1.0,2025-06-16 14:16:00+00:00,2024-12-16 22:30:00+00:00,,0.0001,0.006,0.6287,10000.0,1.0,,270347,0,42017519,0,10,88,2500,0,0,0,1,2147483647,2147483647,2147483647,20189,314,2025,65535,4,USD,,,6A,XCME,M6A,FFCXSX,FUT,AUD,,,,F,255,255,255,7,255,4,6,255,255,N,127,127,255,M6AM5
2025-04-16 00:00:00+00:00,2025-04-13 11:08:50.980000+00:00,19,1,42172778,M6AU5-M6AM5,A,S,0.0001,1.0,2025-06-16 14:16:00+00:00,2025-03-17 21:30:00+00:00,,,0.001,0.0009,,,,271371,0,42172778,0,10,88,2500,0,0,0,1,2147483647,2147483647,2147483647,20189,314,2025,65535,4,USD,,SD,6A,XCME,M6A,FMCXSX,FUT,AUD,,,,F,255,255,255,3,255,4,6,255,255,N,127,127,255,M6AU5-M6AM5
2025-04-17 00:00:00+00:00,2025-04-13 11:08:50.780000+00:00,19,1,42099006,M6AU5,A,F,0.0001,1.0,2025-09-15 14:16:00+00:00,2025-03-17 21:30:00+00:00,,0.0001,0.006,0.6295,10000.0,1.0,,270347,0,42099006,0,10,88,2500,0,0,0,1,2147483647,2147483647,2147483647,20189,314,2025,65535,4,USD,,,6A,XCME,M6A,FFCXSX,FUT,AUD,,,,F,255,255,255,7,255,4,9,255,255,N,127,127,255,M6AU5
2025-04-17 00:00:00+00:00,2025-04-13 11:08:50.880000+00:00,19,1,42017519,M6AM5,A,F,0.0001,1.0,2025-06-16 14:16:00+00:00,2024-12-16 22:30:00+00:00,,0.0001,0.006,0.6287,10000.0,1.0,,270347,0,42017519,0,10,88,2500,0,0,0,1,2147483647,2147483647,2147483647,20189,314,2025,65535,4,USD,,,6A,XCME,M6A,FFCXSX,FUT,AUD,,,,F,255,255,255,7,255,4,6,255,255,N,127,127,255,M6AM5
2025-04-17 00:00:00+00:00,2025-04-13 11:08:50.980000+00:00,19,1,42172778,M6AU5-M6AM5,A,S,0.0001,1.0,2025-06-16 14:16:00+00:00,2025-03-17 21:30:00+00:00,,,0.001,0.0009,,,,271371,0,42172778,0,10,88,2500,0,0,0,1,2147483647,2147483647,2147483647,20189,314,2025,65535,4,USD,,SD,6A,XCME,M6A,FMCXSX,FUT,AUD,,,,F,255,255,255,3,255,4,6,255,255,N,127,127,255,M6AU5-M6AM5
2025-04-18 00:00:00+00:00,2025-04-13 11:08:50.780000+00:00,19,1,42099006,M6AU5,A,F,0.0001,1.0,2025-09-15 14:16:00+00:00,2025-03-17 21:30:00+00:00,,0.0001,0.006,0.6295,10000.0,1.0,,270347,0,42099006,0,10,88,2500,0,0,0,1,2147483647,2147483647,2147483647,20189,314,2025,65535,4,USD,,,6A,XCME,M6A,FFCXSX,FUT,AUD,,,,F,255,255,255,7,255,4,9,255,255,N,127,127,255,M6AU5
2025-04-18 00:00:00+00:00,2025-04-13 11:08:50.880000+00:00,19,1,42017519,M6AM5,A,F,0.0001,1.0,2025-06-16 14:16:00+00:00,2024-12-16 22:30:00+00:00,,0.0001,0.006,0.6287,10000.0,1.0,,270347,0,42017519,0,10,88,2500,0,0,0,1,2147483647,2147483647,2147483647,20189,314,2025,65535,4,USD,,,6A,XCME,M6A,FFCXSX,FUT,AUD,,,,F,255,255,255,7,255,4,6,255,255,N,127,127,255,M6AM5
2025-04-18 00:00:00+00:00,2025-04-13 11:08:50.980000+00:00,19,1,42172778,M6AU5-M6AM5,A,S,0.0001,1.0,2025-06-16 14:16:00+00:00,2025-03-17 21:30:00+00:00,,,0.001,0.0009,,,,271371,0,42172778,0,10,88,2500,0,0,0,1,2147483647,2147483647,2147483647,20189,314,2025,65535,4,USD,,SD,6A,XCME,M6A,FMCXSX,FUT,AUD,,,,F,255,255,255,3,255,4,6,255,255,N,127,127,255,M6AU5-M6AM5
2025-04-20 11:08:49.653692140+00:00,2025-04-20 11:08:49.647000+00:00,19,1,42099006,M6AU5,A,F,0.0001,1.0,2025-09-15 14:16:00+00:00,2025-03-17 21:30:00+00:00,,0.0001,0.006,0.6404,10000.0,1.0,,270347,0,42099006,0,10,88,2500,0,0,0,1,2147483647,2147483647,2147483647,20195,314,2025,65535,4,USD,,,6A,XCME,M6A,FFCXSX,FUT,AUD,,,,F,255,255,255,7,255,4,9,255,255,N,127,127,255,M6AU5
2025-04-20 11:08:49.804801011+00:00,2025-04-20 11:08:49.797000+00:00,19,1,42017519,M6AM5,A,F,0.0001,1.0,2025-06-16 14:16:00+00:00,2024-12-16 22:30:00+00:00,,0.0001,0.006,0.6396,10000.0,1.0,,270347,0,42017519,0,10,88,2500,0,0,0,1,2147483647,2147483647,2147483647,20195,314,2025,65535,4,USD,,,6A,XCME,M6A,FFCXSX,FUT,AUD,,,,F,255,255,255,7,255,4,6,255,255,N,127,127,255,M6AM5
2025-04-20 11:08:49.858390647+00:00,2025-04-20 11:08:49.847000+00:00,19,1,42172778,M6AU5-M6AM5,A,S,0.0001,1.0,2025-06-16 14:16:00+00:00,2025-03-17 21:30:00+00:00,,,0.001,0.0009,,,,271371,0,42172778,0,10,88,2500,0,0,0,1,2147483647,2147483647,2147483647,20195,314,2025,65535,4,USD,,SD,6A,XCME,M6A,FMCXSX,FUT,AUD,,,,F,255,255,255,3,255,4,6,255,255,N,127,127,255,M6AU5-M6AM5
2025-04-21 00:00:00+00:00,2025-04-20 11:08:49.647000+00:00,19,1,42099006,M6AU5,A,F,0.0001,1.0,2025-09-15 14:16:00+00:00,2025-03-17 21:30:00+00:00,,0.0001,0.006,0.6404,10000.0,1.0,,270347,0,42099006,0,10,88,2500,0,0,0,1,2147483647,2147483647,2147483647,20195,314,2025,65535,4,USD,,,6A,XCME,M6A,FFCXSX,FUT,AUD,,,,F,255,255,255,7,255,4,9,255,255,N,127,127,255,M6AU5
2025-04-21 00:00:00+00:00,2025-04-20 11:08:49.797000+00:00,19,1,42017519,M6AM5,A,F,0.0001,1.0,2025-06-16 14:16:00+00:00,2024-12-16 22:30:00+00:00,,0.0001,0.006,0.6396,10000.0,1.0,,270347,0,42017519,0,10,88,2500,0,0,0,1,2147483647,2147483647,2147483647,20195,314,2025,65535,4,USD,,,6A,XCME,M6A,FFCXSX,FUT,AUD,,,,F,255,255,255,7,255,4,6,255,255,N,127,127,255,M6AM5
2025-04-21 00:00:00+00:00,2025-04-20 11:08:49.847000+00:00,19,1,42172778,M6AU5-M6AM5,A,S,0.0001,1.0,2025-06-16 14:16:00+00:00,2025-03-17 21:30:00+00:00,,,0.001,0.0009,,,,271371,0,42172778,0,10,88,2500,0,0,0,1,2147483647,2147483647,2147483647,20195,314,2025,65535,4,USD,,SD,6A,XCME,M6A,FMCXSX,FUT,AUD,,,,F,255,255,255,3,255,4,6,255,255,N,127,127,255,M6AU5-M6AM5
2025-04-22 00:00:00+00:00,2025-04-20 11:08:49.647000+00:00,19,1,42099006,M6AU5,A,F,0.0001,1.0,2025-09-15 14:16:00+00:00,2025-03-17 21:30:00+00:00,,0.0001,0.006,0.6404,10000.0,1.0,,270347,0,42099006,0,10,88,2500,0,0,0,1,2147483647,2147483647,2147483647,20195,314,2025,65535,4,USD,,,6A,XCME,M6A,FFCXSX,FUT,AUD,,,,F,255,255,255,7,255,4,9,255,255,N,127,127,255,M6AU5
2025-04-22 00:00:00+00:00,2025-04-20 11:08:49.797000+00:00,19,1,42017519,M6AM5,A,F,0.0001,1.0,2025-06-16 14:16:00+00:00,2024-12-16 22:30:00+00:00,,0.0001,0.006,0.6396,10000.0,1.0,,270347,0,42017519,0,10,88,2500,0,0,0,1,2147483647,2147483647,2147483647,20195,314,2025,65535,4,USD,,,6A,XCME,M6A,FFCXSX,FUT,AUD,,,,F,255,255,255,7,255,4,6,255,255,N,127,127,255,M6AM5
2025-04-22 00:00:00+00:00,2025-04-20 11:08:49.847000+00:00,19,1,42172778,M6AU5-M6AM5,A,S,0.0001,1.0,2025-06-16 14:16:00+00:00,2025-03-17 21:30:00+00:00,,,0.001,0.0009,,,,271371,0,42172778,0,10,88,2500,0,0,0,1,2147483647,2147483647,2147483647,20195,314,2025,65535,4,USD,,SD,6A,XCME,M6A,FMCXSX,FUT,AUD,,,,F,255,255,255,3,255,4,6,255,255,N,127,127,255,M6AU5-M6AM5
2025-04-23 00:00:00+00:00,2025-04-20 11:08:49.647000+00:00,19,1,42099006,M6AU5,A,F,0.0001,1.0,2025-09-15 14:16:00+00:00,2025-03-17 21:30:00+00:00,,0.0001,0.006,0.6404,10000.0,1.0,,270347,0,42099006,0,10,88,2500,0,0,0,1,2147483647,2147483647,2147483647,20195,314,2025,65535,4,USD,,,6A,XCME,M6A,FFCXSX,FUT,AUD,,,,F,255,255,255,7,255,4,9,255,255,N,127,127,255,M6AU5
2025-04-23 00:00:00+00:00,2025-04-20 11:08:49.797000+00:00,19,1,42017519,M6AM5,A,F,0.0001,1.0,2025-06-16 14:16:00+00:00,2024-12-16 22:30:00+00:00,,0.0001,0.006,0.6396,10000.0,1.0,,270347,0,42017519,0,10,88,2500,0,0,0,1,2147483647,2147483647,2147483647,20195,314,2025,65535,4,USD,,,6A,XCME,M6A,FFCXSX,FUT,AUD,,,,F,255,255,255,7,255,4,6,255,255,N,127,127,255,M6AM5
2025-04-23 00:00:00+00:00,2025-04-20 11:08:49.847000+00:00,19,1,42172778,M6AU5-M6AM5,A,S,0.0001,1.0,2025-06-16 14:16:00+00:00,2025-03-17 21:30:00+00:00,,,0.001,0.0009,,,,271371,0,42172778,0,10,88,2500,0,0,0,1,2147483647,2147483647,2147483647,20195,314,2025,65535,4,USD,,SD,6A,XCME,M6A,FMCXSX,FUT,AUD,,,,F,255,255,255,3,255,4,6,255,255,N,127,127,255,M6AU5-M6AM5
2025-04-24 00:00:00+00:00,2025-04-20 11:08:49.647000+00:00,19,1,42099006,M6AU5,A,F,0.0001,1.0,2025-09-15 14:16:00+00:00,2025-03-17 21:30:00+00:00,,0.0001,0.006,0.6404,10000.0,1.0,,270347,0,42099006,0,10,88,2500,0,0,0,1,2147483647,2147483647,2147483647,20195,314,2025,65535,4,USD,,,6A,XCME,M6A,FFCXSX,FUT,AUD,,,,F,255,255,255,7,255,4,9,255,255,N,127,127,255,M6AU5
2025-04-24 00:00:00+00:00,2025-04-20 11:08:49.797000+00:00,19,1,42017519,M6AM5,A,F,0.0001,1.0,2025-06-16 14:16:00+00:00,2024-12-16 22:30:00+00:00,,0.0001,0.006,0.6396,10000.0,1.0,,270347,0,42017519,0,10,88,2500,0,0,0,1,2147483647,2147483647,2147483647,20195,314,2025,65535,4,USD,,,6A,XCME,M6A,FFCXSX,FUT,AUD,,,,F,255,255,255,7,255,4,6,255,255,N,127,127,255,M6AM5
2025-04-24 00:00:00+00:00,2025-04-20 11:08:49.847000+00:00,19,1,42172778,M6AU5-M6AM5,A,S,0.0001,1.0,2025-06-16 14:16:00+00:00,2025-03-17 21:30:00+00:00,,,0.001,0.0009,,,,271371,0,42172778,0,10,88,2500,0,0,0,1,2147483647,2147483647,2147483647,20195,314,2025,65535,4,USD,,SD,6A,XCME,M6A,FMCXSX,FUT,AUD,,,,F,255,255,255,3,255,4,6,255,255,N,127,127,255,M6AU5-M6AM5
2025-04-25 00:00:00+00:00,2025-04-20 11:08:49.647000+00:00,19,1,42099006,M6AU5,A,F,0.0001,1.0,2025-09-15 14:16:00+00:00,2025-03-17 21:30:00+00:00,,0.0001,0.006,0.6404,10000.0,1.0,,270347,0,42099006,0,10,88,2500,0,0,0,1,2147483647,2147483647,2147483647,20195,314,2025,65535,4,USD,,,6A,XCME,M6A,FFCXSX,FUT,AUD,,,,F,255,255,255,7,255,4,9,255,255,N,127,127,255,M6AU5
2025-04-25 00:00:00+00:00,2025-04-20 11:08:49.797000+00:00,19,1,42017519,M6AM5,A,F,0.0001,1.0,2025-06-16 14:16:00+00:00,2024-12-16 22:30:00+00:00,,0.0001,0.006,0.6396,10000.0,1.0,,270347,0,42017519,0,10,88,2500,0,0,0,1,2147483647,2147483647,2147483647,20195,314,2025,65535,4,USD,,,6A,XCME,M6A,FFCXSX,FUT,AUD,,,,F,255,255,255,7,255,4,6,255,255,N,127,127,255,M6AM5
2025-04-25 00:00:00+00:00,2025-04-20 11:08:49.847000+00:00,19,1,42172778,M6AU5-M6AM5,A,S,0.0001,1.0,2025-06-16 14:16:00+00:00,2025-03-17 21:30:00+00:00,,,0.001,0.0009,,,,271371,0,42172778,0,10,88,2500,0,0,0,1,2147483647,2147483647,2147483647,20195,314,2025,65535,4,USD,,SD,6A,XCME,M6A,FMCXSX,FUT,AUD,,,,F,255,255,255,3,255,4,6,255,255,N,127,127,255,M6AU5-M6AM5
2025-04-27 13:05:46.573791405+00:00,2025-04-27 13:05:46.566000+00:00,19,1,42099006,M6AU5,A,F,0.0001,1.0,2025-09-15 14:16:00+00:00,2025-03-17 21:30:00+00:00,,0.0001,0.006,0.6414,10000.0,1.0,,270347,0,42099006,0,10,88,2500,0,0,0,1,2147483647,2147483647,2147483647,20203,314,2025,65535,4,USD,,,6A,XCME,M6A,FFCXSX,FUT,AUD,,,,F,255,255,255,7,255,4,9,255,255,N,127,127,255,M6AU5
2025-04-27 13:05:46.724032403+00:00,2025-04-27 13:05:46.716000+00:00,19,1,42017519,M6AM5,A,F,0.0001,1.0,2025-06-16 14:16:00+00:00,2024-12-16 22:30:00+00:00,,0.0001,0.006,0.6406,10000.0,1.0,,270347,0,42017519,0,10,88,2500,0,0,0,1,2147483647,2147483647,2147483647,20203,314,2025,65535,4,USD,,,6A,XCME,M6A,FFCXSX,FUT,AUD,,,,F,255,255,255,7,255,4,6,255,255,N,127,127,255,M6AM5
2025-04-27 13:05:46.778165460+00:00,2025-04-27 13:05:46.766000+00:00,19,1,42172778,M6AU5-M6AM5,A,S,0.0001,1.0,2025-06-16 14:16:00+00:00,2025-03-17 21:30:00+00:00,,,0.001,0.0008,,,,271371,0,42172778,0,10,88,2500,0,0,0,1,2147483647,2147483647,2147483647,20203,314,2025,65535,4,USD,,SD,6A,XCME,M6A,FMCXSX,FUT,AUD,,,,F,255,255,255,3,255,4,6,255,255,N,127,127,255,M6AU5-M6AM5
2025-04-28 00:00:00+00:00,2025-04-27 13:05:46.566000+00:00,19,1,42099006,M6AU5,A,F,0.0001,1.0,2025-09-15 14:16:00+00:00,2025-03-17 21:30:00+00:00,,0.0001,0.006,0.6414,10000.0,1.0,,270347,0,42099006,0,10,88,2500,0,0,0,1,2147483647,2147483647,2147483647,20203,314,2025,65535,4,USD,,,6A,XCME,M6A,FFCXSX,FUT,AUD,,,,F,255,255,255,7,255,4,9,255,255,N,127,127,255,M6AU5
2025-04-28 00:00:00+00:00,2025-04-27 13:05:46.716000+00:00,19,1,42017519,M6AM5,A,F,0.0001,1.0,2025-06-16 14:16:00+00:00,2024-12-16 22:30:00+00:00,,0.0001,0.006,0.6406,10000.0,1.0,,270347,0,42017519,0,10,88,2500,0,0,0,1,2147483647,2147483647,2147483647,20203,314,2025,65535,4,USD,,,6A,XCME,M6A,FFCXSX,FUT,AUD,,,,F,255,255,255,7,255,4,6,255,255,N,127,127,255,M6AM5
2025-04-28 00:00:00+00:00,2025-04-27 13:05:46.766000+00:00,19,1,42172778,M6AU5-M6AM5,A,S,0.0001,1.0,2025-06-16 14:16:00+00:00,2025-03-17 21:30:00+00:00,,,0.001,0.0008,,,,271371,0,42172778,0,10,88,2500,0,0,0,1,2147483647,2147483647,2147483647,20203,314,2025,65535,4,USD,,SD,6A,XCME,M6A,FMCXSX,FUT,AUD,,,,F,255,255,255,3,255,4,6,255,255,N,127,127,255,M6AU5-M6AM5
2025-04-29 00:00:00+00:00,2025-04-27 13:05:46.566000+00:00,19,1,42099006,M6AU5,A,F,0.0001,1.0,2025-09-15 14:16:00+00:00,2025-03-17 21:30:00+00:00,,0.0001,0.006,0.6414,10000.0,1.0,,270347,0,42099006,0,10,88,2500,0,0,0,1,2147483647,2147483647,2147483647,20203,314,2025,65535,4,USD,,,6A,XCME,M6A,FFCXSX,FUT,AUD,,,,F,255,255,255,7,255,4,9,255,255,N,127,127,255,M6AU5
2025-04-29 00:00:00+00:00,2025-04-27 13:05:46.716000+00:00,19,1,42017519,M6AM5,A,F,0.0001,1.0,2025-06-16 14:16:00+00:00,2024-12-16 22:30:00+00:00,,0.0001,0.006,0.6406,10000.0,1.0,,270347,0,42017519,0,10,88,2500,0,0,0,1,2147483647,2147483647,2147483647,20203,314,2025,65535,4,USD,,,6A,XCME,M6A,FFCXSX,FUT,AUD,,,,F,255,255,255,7,255,4,6,255,255,N,127,127,255,M6AM5
2025-04-29 00:00:00+00:00,2025-04-27 13:05:46.766000+00:00,19,1,42172778,M6AU5-M6AM5,A,S,0.0001,1.0,2025-06-16 14:16:00+00:00,2025-03-17 21:30:00+00:00,,,0.001,0.0008,,,,271371,0,42172778,0,10,88,2500,0,0,0,1,2147483647,2147483647,2147483647,20203,314,2025,65535,4,USD,,SD,6A,XCME,M6A,FMCXSX,FUT,AUD,,,,F,255,255,255,3,255,4,6,255,255,N,127,127,255,M6AU5-M6AM5
2025-04-30 00:00:00+00:00,2025-04-27 13:05:46.566000+00:00,19,1,42099006,M6AU5,A,F,0.0001,1.0,2025-09-15 14:16:00+00:00,2025-03-17 21:30:00+00:00,,0.0001,0.006,0.6414,10000.0,1.0,,270347,0,42099006,0,10,88,2500,0,0,0,1,2147483647,2147483647,2147483647,20203,314,2025,65535,4,USD,,,6A,XCME,M6A,FFCXSX,FUT,AUD,,,,F,255,255,255,7,255,4,9,255,255,N,127,127,255,M6AU5
2025-04-30 00:00:00+00:00,2025-04-27 13:05:46.716000+00:00,19,1,42017519,M6AM5,A,F,0.0001,1.0,2025-06-16 14:16:00+00:00,2024-12-16 22:30:00+00:00,,0.0001,0.006,0.6406,10000.0,1.0,,270347,0,42017519,0,10,88,2500,0,0,0,1,2147483647,2147483647,2147483647,20203,314,2025,65535,4,USD,,,6A,XCME,M6A,FFCXSX,FUT,AUD,,,,F,255,255,255,7,255,4,6,255,255,N,127,127,255,M6AM5
2025-04-30 00:00:00+00:00,2025-04-27 13:05:46.766000+00:00,19,1,42172778,M6AU5-M6AM5,A,S,0.0001,1.0,2025-06-16 14:16:00+00:00,2025-03-17 21:30:00+00:00,,,0.001,0.0008,,,,271371,0,42172778,0,10,88,2500,0,0,0,1,2147483647,2147483647,2147483647,20203,314,2025,65535,4,USD,,SD,6A,XCME,M6A,FMCXSX,FUT,AUD,,,,F,255,255,255,3,255,4,6,255,255,N,127,127,255,M6AU5-M6AM5
2025-05-01 00:00:00+00:00,2025-04-27 13:05:46.566000+00:00,19,1,42099006,M6AU5,A,F,0.0001,1.0,2025-09-15 14:16:00+00:00,2025-03-17 21:30:00+00:00,,0.0001,0.006,0.6414,10000.0,1.0,,270347,0,42099006,0,10,88,2500,0,0,0,1,2147483647,2147483647,2147483647,20203,314,2025,65535,4,USD,,,6A,XCME,M6A,FFCXSX,FUT,AUD,,,,F,255,255,255,7,255,4,9,255,255,N,127,127,255,M6AU5
2025-05-01 00:00:00+00:00,2025-04-27 13:05:46.716000+00:00,19,1,42017519,M6AM5,A,F,0.0001,1.0,2025-06-16 14:16:00+00:00,2024-12-16 22:30:00+00:00,,0.0001,0.006,0.6406,10000.0,1.0,,270347,0,42017519,0,10,88,2500,0,0,0,1,2147483647,2147483647,2147483647,20203,314,2025,65535,4,USD,,,6A,XCME,M6A,FFCXSX,FUT,AUD,,,,F,255,255,255,7,255,4,6,255,255,N,127,127,255,M6AM5
2025-05-01 00:00:00+00:00,2025-04-27 13:05:46.766000+00:00,19,1,42172778,M6AU5-M6AM5,A,S,0.0001,1.0,2025-06-16 14:16:00+00:00,2025-03-17 21:30:00+00:00,,,0.001,0.0008,,,,271371,0,42172778,0,10,88,2500,0,0,0,1,2147483647,2147483647,2147483647,20203,314,2025,65535,4,USD,,SD,6A,XCME,M6A,FMCXSX,FUT,AUD,,,,F,255,255,255,3,255,4,6,255,255,N,127,127,255,M6AU5-M6AM5
2025-05-02 00:00:00+00:00,2025-04-27 13:05:46.566000+00:00,19,1,42099006,M6AU5,A,F,0.0001,1.0,2025-09-15 14:16:00+00:00,2025-03-17 21:30:00+00:00,,0.0001,0.006,0.6414,10000.0,1.0,,270347,0,42099006,0,10,88,2500,0,0,0,1,2147483647,2147483647,2147483647,20203,314,2025,65535,4,USD,,,6A,XCME,M6A,FFCXSX,FUT,AUD,,,,F,255,255,255,7,255,4,9,255,255,N,127,127,255,M6AU5
2025-05-02 00:00:00+00:00,2025-04-27 13:05:46.716000+00:00,19,1,42017519,M6AM5,A,F,0.0001,1.0,2025-06-16 14:16:00+00:00,2024-12-16 22:30:00+00:00,,0.0001,0.006,0.6406,10000.0,1.0,,270347,0,42017519,0,10,88,2500,0,0,0,1,2147483647,2147483647,2147483647,20203,314,2025,65535,4,USD,,,6A,XCME,M6A,FFCXSX,FUT,AUD,,,,F,255,255,255,7,255,4,6,255,255,N,127,127,255,M6AM5
2025-05-02 00:00:00+00:00,2025-04-27 13:05:46.766000+00:00,19,1,42172778,M6AU5-M6AM5,A,S,0.0001,1.0,2025-06-16 14:16:00+00:00,2025-03-17 21:30:00+00:00,,,0.001,0.0008,,,,271371,0,42172778,0,10,88,2500,0,0,0,1,2147483647,2147483647,2147483647,20203,314,2025,65535,4,USD,,SD,6A,XCME,M6A,FMCXSX,FUT,AUD,,,,F,255,255,255,3,255,4,6,255,255,N,127,127,255,M6AU5-M6AM5
2025-05-04 11:09:07.727782642+00:00,2025-05-04 11:09:07.720000+00:00,19,1,42099006,M6AU5,A,F,0.0001,1.0,2025-09-15 14:16:00+00:00,2025-03-17 21:30:00+00:00,,0.0001,0.006,0.6455,10000.0,1.0,,270347,0,42099006,0,10,88,2500,0,0,0,1,2147483647,2147483647,2147483647,20210,314,2025,65535,4,USD,,,6A,XCME,M6A,FFCXSX,FUT,AUD,,,,F,255,255,255,7,255,4,9,255,255,N,127,127,255,M6AU5
2025-05-04 11:09:07.877923931+00:00,2025-05-04 11:09:07.870000+00:00,19,1,42017519,M6AM5,A,F,0.0001,1.0,2025-06-16 14:16:00+00:00,2024-12-16 22:30:00+00:00,,0.0001,0.006,0.6447,10000.0,1.0,,270347,0,42017519,0,10,88,2500,0,0,0,1,2147483647,2147483647,2147483647,20210,314,2025,65535,4,USD,,,6A,XCME,M6A,FFCXSX,FUT,AUD,,,,F,255,255,255,7,255,4,6,255,255,N,127,127,255,M6AM5
2025-05-04 11:09:07.931235476+00:00,2025-05-04 11:09:07.920000+00:00,19,1,42172778,M6AU5-M6AM5,A,S,0.0001,1.0,2025-06-16 14:16:00+00:00,2025-03-17 21:30:00+00:00,,,0.001,0.0009,,,,271371,0,42172778,0,10,88,2500,0,0,0,1,2147483647,2147483647,2147483647,20210,314,2025,65535,4,USD,,SD,6A,XCME,M6A,FMCXSX,FUT,AUD,,,,F,255,255,255,3,255,4,6,255,255,N,127,127,255,M6AU5-M6AM5
2025-05-05 00:00:00+00:00,2025-05-04 11:09:07.720000+00:00,19,1,42099006,M6AU5,A,F,0.0001,1.0,2025-09-15 14:16:00+00:00,2025-03-17 21:30:00+00:00,,0.0001,0.006,0.6455,10000.0,1.0,,270347,0,42099006,0,10,88,2500,0,0,0,1,2147483647,2147483647,2147483647,20210,314,2025,65535,4,USD,,,6A,XCME,M6A,FFCXSX,FUT,AUD,,,,F,255,255,255,7,255,4,9,255,255,N,127,127,255,M6AU5
2025-05-05 00:00:00+00:00,2025-05-04 11:09:07.870000+00:00,19,1,42017519,M6AM5,A,F,0.0001,1.0,2025-06-16 14:16:00+00:00,2024-12-16 22:30:00+00:00,,0.0001,0.006,0.6447,10000.0,1.0,,270347,0,42017519,0,10,88,2500,0,0,0,1,2147483647,2147483647,2147483647,20210,314,2025,65535,4,USD,,,6A,XCME,M6A,FFCXSX,FUT,AUD,,,,F,255,255,255,7,255,4,6,255,255,N,127,127,255,M6AM5
2025-05-05 00:00:00+00:00,2025-05-04 11:09:07.920000+00:00,19,1,42172778,M6AU5-M6AM5,A,S,0.0001,1.0,2025-06-16 14:16:00+00:00,2025-03-17 21:30:00+00:00,,,0.001,0.0009,,,,271371,0,42172778,0,10,88,2500,0,0,0,1,2147483647,2147483647,2147483647,20210,314,2025,65535,4,USD,,SD,6A,XCME,M6A,FMCXSX,FUT,AUD,,,,F,255,255,255,3,255,4,6,255,255,N,127,127,255,M6AU5-M6AM5
2025-05-06 00:00:00+00:00,2025-05-04 11:09:07.720000+00:00,19,1,42099006,M6AU5,A,F,0.0001,1.0,2025-09-15 14:16:00+00:00,2025-03-17 21:30:00+00:00,,0.0001,0.006,0.6455,10000.0,1.0,,270347,0,42099006,0,10,88,2500,0,0,0,1,2147483647,2147483647,2147483647,20210,314,2025,65535,4,USD,,,6A,XCME,M6A,FFCXSX,FUT,AUD,,,,F,255,255,255,7,255,4,9,255,255,N,127,127,255,M6AU5
2025-05-06 00:00:00+00:00,2025-05-04 11:09:07.870000+00:00,19,1,42017519,M6AM5,A,F,0.0001,1.0,2025-06-16 14:16:00+00:00,2024-12-16 22:30:00+00:00,,0.0001,0.006,0.6447,10000.0,1.0,,270347,0,42017519,0,10,88,2500,0,0,0,1,2147483647,2147483647,2147483647,20210,314,2025,65535,4,USD,,,6A,XCME,M6A,FFCXSX,FUT,AUD,,,,F,255,255,255,7,255,4,6,255,255,N,127,127,255,M6AM5
2025-05-06 00:00:00+00:00,2025-05-04 11:09:07.920000+00:00,19,1,42172778,M6AU5-M6AM5,A,S,0.0001,1.0,2025-06-16 14:16:00+00:00,2025-03-17 21:30:00+00:00,,,0.001,0.0009,,,,271371,0,42172778,0,10,88,2500,0,0,0,1,2147483647,2147483647,2147483647,20210,314,2025,65535,4,USD,,SD,6A,XCME,M6A,FMCXSX,FUT,AUD,,,,F,255,255,255,3,255,4,6,255,255,N,127,127,255,M6AU5-M6AM5
2025-05-07 00:00:00+00:00,2025-05-04 11:09:07.720000+00:00,19,1,42099006,M6AU5,A,F,0.0001,1.0,2025-09-15 14:16:00+00:00,2025-03-17 21:30:00+00:00,,0.0001,0.006,0.6455,10000.0,1.0,,270347,0,42099006,0,10,88,2500,0,0,0,1,2147483647,2147483647,2147483647,20210,314,2025,65535,4,USD,,,6A,XCME,M6A,FFCXSX,FUT,AUD,,,,F,255,255,255,7,255,4,9,255,255,N,127,127,255,M6AU5
2025-05-07 00:00:00+00:00,2025-05-04 11:09:07.870000+00:00,19,1,42017519,M6AM5,A,F,0.0001,1.0,2025-06-16 14:16:00+00:00,2024-12-16 22:30:00+00:00,,0.0001,0.006,0.6447,10000.0,1.0,,270347,0,42017519,0,10,88,2500,0,0,0,1,2147483647,2147483647,2147483647,20210,314,2025,65535,4,USD,,,6A,XCME,M6A,FFCXSX,FUT,AUD,,,,F,255,255,255,7,255,4,6,255,255,N,127,127,255,M6AM5
2025-05-07 00:00:00+00:00,2025-05-04 11:09:07.920000+00:00,19,1,42172778,M6AU5-M6AM5,A,S,0.0001,1.0,2025-06-16 14:16:00+00:00,2025-03-17 21:30:00+00:00,,,0.001,0.0009,,,,271371,0,42172778,0,10,88,2500,0,0,0,1,2147483647,2147483647,2147483647,20210,314,2025,65535,4,USD,,SD,6A,XCME,M6A,FMCXSX,FUT,AUD,,,,F,255,255,255,3,255,4,6,255,255,N,127,127,255,M6AU5-M6AM5
2025-05-08 00:00:00+00:00,2025-05-04 11:09:07.720000+00:00,19,1,42099006,M6AU5,A,F,0.0001,1.0,2025-09-15 14:16:00+00:00,2025-03-17 21:30:00+00:00,,0.0001,0.006,0.6455,10000.0,1.0,,270347,0,42099006,0,10,88,2500,0,0,0,1,2147483647,2147483647,2147483647,20210,314,2025,65535,4,USD,,,6A,XCME,M6A,FFCXSX,FUT,AUD,,,,F,255,255,255,7,255,4,9,255,255,N,127,127,255,M6AU5
2025-05-08 00:00:00+00:00,2025-05-04 11:09:07.870000+00:00,19,1,42017519,M6AM5,A,F,0.0001,1.0,2025-06-16 14:16:00+00:00,2024-12-16 22:30:00+00:00,,0.0001,0.006,0.6447,10000.0,1.0,,270347,0,42017519,0,10,88,2500,0,0,0,1,2147483647,2147483647,2147483647,20210,314,2025,65535,4,USD,,,6A,XCME,M6A,FFCXSX,FUT,AUD,,,,F,255,255,255,7,255,4,6,255,255,N,127,127,255,M6AM5
2025-05-08 00:00:00+00:00,2025-05-04 11:09:07.920000+00:00,19,1,42172778,M6AU5-M6AM5,A,S,0.0001,1.0,2025-06-16 14:16:00+00:00,2025-03-17 21:30:00+00:00,,,0.001,0.0009,,,,271371,0,42172778,0,10,88,2500,0,0,0,1,2147483647,2147483647,2147483647,20210,314,2025,65535,4,USD,,SD,6A,XCME,M6A,FMCXSX,FUT,AUD,,,,F,255,255,255,3,255,4,6,255,255,N,127,127,255,M6AU5-M6AM5
2025-05-09 00:00:00+00:00,2025-05-04 11:09:07.720000+00:00,19,1,42099006,M6AU5,A,F,0.0001,1.0,2025-09-15 14:16:00+00:00,2025-03-17 21:30:00+00:00,,0.0001,0.006,0.6455,10000.0,1.0,,270347,0,42099006,0,10,88,2500,0,0,0,1,2147483647,2147483647,2147483647,20210,314,2025,65535,4,USD,,,6A,XCME,M6A,FFCXSX,FUT,AUD,,,,F,255,255,255,7,255,4,9,255,255,N,127,127,255,M6AU5
2025-05-09 00:00:00+00:00,2025-05-04 11:09:07.870000+00:00,19,1,42017519,M6AM5,A,F,0.0001,1.0,2025-06-16 14:16:00+00:00,2024-12-16 22:30:00+00:00,,0.0001,0.006,0.6447,10000.0,1.0,,270347,0,42017519,0,10,88,2500,0,0,0,1,2147483647,2147483647,2147483647,20210,314,2025,65535,4,USD,,,6A,XCME,M6A,FFCXSX,FUT,AUD,,,,F,255,255,255,7,255,4,6,255,255,N,127,127,255,M6AM5
2025-05-09 00:00:00+00:00,2025-05-04 11:09:07.920000+00:00,19,1,42172778,M6AU5-M6AM5,A,S,0.0001,1.0,2025-06-16 14:16:00+00:00,2025-03-17 21:30:00+00:00,,,0.001,0.0009,,,,271371,0,42172778,0,10,88,2500,0,0,0,1,2147483647,2147483647,2147483647,20210,314,2025,65535,4,USD,,SD,6A,XCME,M6A,FMCXSX,FUT,AUD,,,,F,255,255,255,3,255,4,6,255,255,N,127,127,255,M6AU5-M6AM5
2025-05-11 11:09:08.706486388+00:00,2025-05-11 11:09:08.697000+00:00,19,1,42099006,M6AU5,A,F,0.0001,1.0,2025-09-15 14:16:00+00:00,2025-03-17 21:30:00+00:00,,0.0001,0.006,0.6425,10000.0,1.0,,270347,0,42099006,0,10,88,2500,0,0,0,1,2147483647,2147483647,2147483647,20217,314,2025,65535,4,USD,,,6A,XCME,M6A,FFCXSX,FUT,AUD,,,,F,255,255,255,7,255,4,9,255,255,N,127,127,255,M6AU5
2025-05-11 11:09:08.857698829+00:00,2025-05-11 11:09:08.847000+00:00,19,1,42017519,M6AM5,A,F,0.0001,1.0,2025-06-16 14:16:00+00:00,2024-12-16 22:30:00+00:00,,0.0001,0.006,0.6416,10000.0,1.0,,270347,0,42017519,0,10,88,2500,0,0,0,1,2147483647,2147483647,2147483647,20217,314,2025,65535,4,USD,,,6A,XCME,M6A,FFCXSX,FUT,AUD,,,,F,255,255,255,7,255,4,6,255,255,N,127,127,255,M6AM5
2025-05-11 11:09:08.916170579+00:00,2025-05-11 11:09:08.897000+00:00,19,1,42172778,M6AU5-M6AM5,A,S,0.0001,1.0,2025-06-16 14:16:00+00:00,2025-03-17 21:30:00+00:00,,,0.001,0.0009,,,,271371,0,42172778,0,10,88,2500,0,0,0,1,2147483647,2147483647,2147483647,20217,314,2025,65535,4,USD,,SD,6A,XCME,M6A,FMCXSX,FUT,AUD,,,,F,255,255,255,3,255,4,6,255,255,N,127,127,255,M6AU5-M6AM5
2025-05-12 00:00:00+00:00,2025-05-11 11:09:08.697000+00:00,19,1,42099006,M6AU5,A,F,0.0001,1.0,2025-09-15 14:16:00+00:00,2025-03-17 21:30:00+00:00,,0.0001,0.006,0.6425,10000.0,1.0,,270347,0,42099006,0,10,88,2500,0,0,0,1,2147483647,2147483647,2147483647,20217,314,2025,65535,4,USD,,,6A,XCME,M6A,FFCXSX,FUT,AUD,,,,F,255,255,255,7,255,4,9,255,255,N,127,127,255,M6AU5
2025-05-12 00:00:00+00:00,2025-05-11 11:09:08.847000+00:00,19,1,42017519,M6AM5,A,F,0.0001,1.0,2025-06-16 14:16:00+00:00,2024-12-16 22:30:00+00:00,,0.0001,0.006,0.6416,10000.0,1.0,,270347,0,42017519,0,10,88,2500,0,0,0,1,2147483647,2147483647,2147483647,20217,314,2025,65535,4,USD,,,6A,XCME,M6A,FFCXSX,FUT,AUD,,,,F,255,255,255,7,255,4,6,255,255,N,127,127,255,M6AM5
2025-05-12 00:00:00+00:00,2025-05-11 11:09:08.897000+00:00,19,1,42172778,M6AU5-M6AM5,A,S,0.0001,1.0,2025-06-16 14:16:00+00:00,2025-03-17 21:30:00+00:00,,,0.001,0.0009,,,,271371,0,42172778,0,10,88,2500,0,0,0,1,2147483647,2147483647,2147483647,20217,314,2025,65535,4,USD,,SD,6A,XCME,M6A,FMCXSX,FUT,AUD,,,,F,255,255,255,3,255,4,6,255,255,N,127,127,255,M6AU5-M6AM5
2025-05-13 00:00:00+00:00,2025-05-11 11:09:08.697000+00:00,19,1,42099006,M6AU5,A,F,0.0001,1.0,2025-09-15 14:16:00+00:00,2025-03-17 21:30:00+00:00,,0.0001,0.006,0.6425,10000.0,1.0,,270347,0,42099006,0,10,88,2500,0,0,0,1,2147483647,2147483647,2147483647,20217,314,2025,65535,4,USD,,,6A,XCME,M6A,FFCXSX,FUT,AUD,,,,F,255,255,255,7,255,4,9,255,255,N,127,127,255,M6AU5
2025-05-13 00:00:00+00:00,2025-05-11 11:09:08.847000+00:00,19,1,42017519,M6AM5,A,F,0.0001,1.0,2025-06-16 14:16:00+00:00,2024-12-16 22:30:00+00:00,,0.0001,0.006,0.6416,10000.0,1.0,,270347,0,42017519,0,10,88,2500,0,0,0,1,2147483647,2147483647,2147483647,20217,314,2025,65535,4,USD,,,6A,XCME,M6A,FFCXSX,FUT,AUD,,,,F,255,255,255,7,255,4,6,255,255,N,127,127,255,M6AM5
2025-05-13 00:00:00+00:00,2025-05-11 11:09:08.897000+00:00,19,1,42172778,M6AU5-M6AM5,A,S,0.0001,1.0,2025-06-16 14:16:00+00:00,2025-03-17 21:30:00+00:00,,,0.001,0.0009,,,,271371,0,42172778,0,10,88,2500,0,0,0,1,2147483647,2147483647,2147483647,20217,314,2025,65535,4,USD,,SD,6A,XCME,M6A,FMCXSX,FUT,AUD,,,,F,255,255,255,3,255,4,6,255,255,N,127,127,255,M6AU5-M6AM5
2025-05-14 00:00:00+00:00,2025-05-11 11:09:08.697000+00:00,19,1,42099006,M6AU5,A,F,0.0001,1.0,2025-09-15 14:16:00+00:00,2025-03-17 21:30:00+00:00,,0.0001,0.006,0.6425,10000.0,1.0,,270347,0,42099006,0,10,88,2500,0,0,0,1,2147483647,2147483647,2147483647,20217,314,2025,65535,4,USD,,,6A,XCME,M6A,FFCXSX,FUT,AUD,,,,F,255,255,255,7,255,4,9,255,255,N,127,127,255,M6AU5
2025-05-14 00:00:00+00:00,2025-05-11 11:09:08.847000+00:00,19,1,42017519,M6AM5,A,F,0.0001,1.0,2025-06-16 14:16:00+00:00,2024-12-16 22:30:00+00:00,,0.0001,0.006,0.6416,10000.0,1.0,,270347,0,42017519,0,10,88,2500,0,0,0,1,2147483647,2147483647,2147483647,20217,314,2025,65535,4,USD,,,6A,XCME,M6A,FFCXSX,FUT,AUD,,,,F,255,255,255,7,255,4,6,255,255,N,127,127,255,M6AM5
2025-05-14 00:00:00+00:00,2025-05-11 11:09:08.897000+00:00,19,1,42172778,M6AU5-M6AM5,A,S,0.0001,1.0,2025-06-16 14:16:00+00:00,2025-03-17 21:30:00+00:00,,,0.001,0.0009,,,,271371,0,42172778,0,10,88,2500,0,0,0,1,2147483647,2147483647,2147483647,20217,314,2025,65535,4,USD,,SD,6A,XCME,M6A,FMCXSX,FUT,AUD,,,,F,255,255,255,3,255,4,6,255,255,N,127,127,255,M6AU5-M6AM5
2025-05-15 00:00:00+00:00,2025-05-11 11:09:08.697000+00:00,19,1,42099006,M6AU5,A,F,0.0001,1.0,2025-09-15 14:16:00+00:00,2025-03-17 21:30:00+00:00,,0.0001,0.006,0.6425,10000.0,1.0,,270347,0,42099006,0,10,88,2500,0,0,0,1,2147483647,2147483647,2147483647,20217,314,2025,65535,4,USD,,,6A,XCME,M6A,FFCXSX,FUT,AUD,,,,F,255,255,255,7,255,4,9,255,255,N,127,127,255,M6AU5
2025-05-15 00:00:00+00:00,2025-05-11 11:09:08.847000+00:00,19,1,42017519,M6AM5,A,F,0.0001,1.0,2025-06-16 14:16:00+00:00,2024-12-16 22:30:00+00:00,,0.0001,0.006,0.6416,10000.0,1.0,,270347,0,42017519,0,10,88,2500,0,0,0,1,2147483647,2147483647,2147483647,20217,314,2025,65535,4,USD,,,6A,XCME,M6A,FFCXSX,FUT,AUD,,,,F,255,255,255,7,255,4,6,255,255,N,127,127,255,M6AM5
2025-05-15 00:00:00+00:00,2025-05-11 11:09:08.897000+00:00,19,1,42172778,M6AU5-M6AM5,A,S,0.0001,1.0,2025-06-16 14:16:00+00:00,2025-03-17 21:30:00+00:00,,,0.001,0.0009,,,,271371,0,42172778,0,10,88,2500,0,0,0,1,2147483647,2147483647,2147483647,20217,314,2025,65535,4,USD,,SD,6A,XCME,M6A,FMCXSX,FUT,AUD,,,,F,255,255,255,3,255,4,6,255,255,N,127,127,255,M6AU5-M6AM5
2025-05-16 00:00:00+00:00,2025-05-11 11:09:08.697000+00:00,19,1,42099006,M6AU5,A,F,0.0001,1.0,2025-09-15 14:16:00+00:00,2025-03-17 21:30:00+00:00,,0.0001,0.006,0.6425,10000.0,1.0,,270347,0,42099006,0,10,88,2500,0,0,0,1,2147483647,2147483647,2147483647,20217,314,2025,65535,4,USD,,,6A,XCME,M6A,FFCXSX,FUT,AUD,,,,F,255,255,255,7,255,4,9,255,255,N,127,127,255,M6AU5
2025-05-16 00:00:00+00:00,2025-05-11 11:09:08.847000+00:00,19,1,42017519,M6AM5,A,F,0.0001,1.0,2025-06-16 14:16:00+00:00,2024-12-16 22:30:00+00:00,,0.0001,0.006,0.6416,10000.0,1.0,,270347,0,42017519,0,10,88,2500,0,0,0,1,2147483647,2147483647,2147483647,20217,314,2025,65535,4,USD,,,6A,XCME,M6A,FFCXSX,FUT,AUD,,,,F,255,255,255,7,255,4,6,255,255,N,127,127,255,M6AM5
2025-05-16 00:00:00+00:00,2025-05-11 11:09:08.897000+00:00,19,1,42172778,M6AU5-M6AM5,A,S,0.0001,1.0,2025-06-16 14:16:00+00:00,2025-03-17 21:30:00+00:00,,,0.001,0.0009,,,,271371,0,42172778,0,10,88,2500,0,0,0,1,2147483647,2147483647,2147483647,20217,314,2025,65535,4,USD,,SD,6A,XCME,M6A,FMCXSX,FUT,AUD,,,,F,255,255,255,3,255,4,6,255,255,N,127,127,255,M6AU5-M6AM5
2025-05-18 14:23:54.860721105+00:00,2025-05-18 14:23:54.845000+00:00,19,1,42099006,M6AU5,A,F,0.0001,1.0,2025-09-15 14:16:00+00:00,2025-03-17 21:30:00+00:00,,0.0001,0.006,0.6416,10000.0,1.0,,270347,0,42099006,0,10,88,2500,0,0,0,1,2147483647,2147483647,2147483647,20224,314,2025,65535,4,USD,,,6A,XCME,M6A,FFCXSX,FUT,AUD,,,,F,255,255,255,7,255,4,9,255,255,N,127,127,255,M6AU5
2025-05-18 14:23:55.009516899+00:00,2025-05-18 14:23:54.995000+00:00,19,1,42017519,M6AM5,A,F,0.0001,1.0,2025-06-16 14:16:00+00:00,2024-12-16 22:30:00+00:00,,0.0001,0.006,0.6408,10000.0,1.0,,270347,0,42017519,0,10,88,2500,0,0,0,1,2147483647,2147483647,2147483647,20224,314,2025,65535,4,USD,,,6A,XCME,M6A,FFCXSX,FUT,AUD,,,,F,255,255,255,7,255,4,6,255,255,N,127,127,255,M6AM5
2025-05-18 14:23:55.069387028+00:00,2025-05-18 14:23:55.045000+00:00,19,1,42172778,M6AU5-M6AM5,A,S,0.0001,1.0,2025-06-16 14:16:00+00:00,2025-03-17 21:30:00+00:00,,,0.001,0.0009,,,,271371,0,42172778,0,10,88,2500,0,0,0,1,2147483647,2147483647,2147483647,20224,314,2025,65535,4,USD,,SD,6A,XCME,M6A,FMCXSX,FUT,AUD,,,,F,255,255,255,3,255,4,6,255,255,N,127,127,255,M6AU5-M6AM5
2025-05-19 00:00:00+00:00,2025-05-18 14:23:54.845000+00:00,19,1,42099006,M6AU5,A,F,0.0001,1.0,2025-09-15 14:16:00+00:00,2025-03-17 21:30:00+00:00,,0.0001,0.006,0.6416,10000.0,1.0,,270347,0,42099006,0,10,88,2500,0,0,0,1,2147483647,2147483647,2147483647,20224,314,2025,65535,4,USD,,,6A,XCME,M6A,FFCXSX,FUT,AUD,,,,F,255,255,255,7,255,4,9,255,255,N,127,127,255,M6AU5
2025-05-19 00:00:00+00:00,2025-05-18 14:23:54.995000+00:00,19,1,42017519,M6AM5,A,F,0.0001,1.0,2025-06-16 14:16:00+00:00,2024-12-16 22:30:00+00:00,,0.0001,0.006,0.6408,10000.0,1.0,,270347,0,42017519,0,10,88,2500,0,0,0,1,2147483647,2147483647,2147483647,20224,314,2025,65535,4,USD,,,6A,XCME,M6A,FFCXSX,FUT,AUD,,,,F,255,255,255,7,255,4,6,255,255,N,127,127,255,M6AM5
2025-05-19 00:00:00+00:00,2025-05-18 14:23:55.045000+00:00,19,1,42172778,M6AU5-M6AM5,A,S,0.0001,1.0,2025-06-16 14:16:00+00:00,2025-03-17 21:30:00+00:00,,,0.001,0.0009,,,,271371,0,42172778,0,10,88,2500,0,0,0,1,2147483647,2147483647,2147483647,20224,314,2025,65535,4,USD,,SD,6A,XCME,M6A,FMCXSX,FUT,AUD,,,,F,255,255,255,3,255,4,6,255,255,N,127,127,255,M6AU5-M6AM5
2025-05-20 00:00:00+00:00,2025-05-18 14:23:54.845000+00:00,19,1,42099006,M6AU5,A,F,0.0001,1.0,2025-09-15 14:16:00+00:00,2025-03-17 21:30:00+00:00,,0.0001,0.006,0.6416,10000.0,1.0,,270347,0,42099006,0,10,88,2500,0,0,0,1,2147483647,2147483647,2147483647,20224,314,2025,65535,4,USD,,,6A,XCME,M6A,FFCXSX,FUT,AUD,,,,F,255,255,255,7,255,4,9,255,255,N,127,127,255,M6AU5
2025-05-20 00:00:00+00:00,2025-05-18 14:23:54.995000+00:00,19,1,42017519,M6AM5,A,F,0.0001,1.0,2025-06-16 14:16:00+00:00,2024-12-16 22:30:00+00:00,,0.0001,0.006,0.6408,10000.0,1.0,,270347,0,42017519,0,10,88,2500,0,0,0,1,2147483647,2147483647,2147483647,20224,314,2025,65535,4,USD,,,6A,XCME,M6A,FFCXSX,FUT,AUD,,,,F,255,255,255,7,255,4,6,255,255,N,127,127,255,M6AM5
2025-05-20 00:00:00+00:00,2025-05-18 14:23:55.045000+00:00,19,1,42172778,M6AU5-M6AM5,A,S,0.0001,1.0,2025-06-16 14:16:00+00:00,2025-03-17 21:30:00+00:00,,,0.001,0.0009,,,,271371,0,42172778,0,10,88,2500,0,0,0,1,2147483647,2147483647,2147483647,20224,314,2025,65535,4,USD,,SD,6A,XCME,M6A,FMCXSX,FUT,AUD,,,,F,255,255,255,3,255,4,6,255,255,N,127,127,255,M6AU5-M6AM5
2025-05-21 00:00:00+00:00,2025-05-18 14:23:54.845000+00:00,19,1,42099006,M6AU5,A,F,0.0001,1.0,2025-09-15 14:16:00+00:00,2025-03-17 21:30:00+00:00,,0.0001,0.006,0.6416,10000.0,1.0,,270347,0,42099006,0,10,88,2500,0,0,0,1,2147483647,2147483647,2147483647,20224,314,2025,65535,4,USD,,,6A,XCME,M6A,FFCXSX,FUT,AUD,,,,F,255,255,255,7,255,4,9,255,255,N,127,127,255,M6AU5
2025-05-21 00:00:00+00:00,2025-05-18 14:23:54.995000+00:00,19,1,42017519,M6AM5,A,F,0.0001,1.0,2025-06-16 14:16:00+00:00,2024-12-16 22:30:00+00:00,,0.0001,0.006,0.6408,10000.0,1.0,,270347,0,42017519,0,10,88,2500,0,0,0,1,2147483647,2147483647,2147483647,20224,314,2025,65535,4,USD,,,6A,XCME,M6A,FFCXSX,FUT,AUD,,,,F,255,255,255,7,255,4,6,255,255,N,127,127,255,M6AM5
2025-05-21 00:00:00+00:00,2025-05-18 14:23:55.045000+00:00,19,1,42172778,M6AU5-M6AM5,A,S,0.0001,1.0,2025-06-16 14:16:00+00:00,2025-03-17 21:30:00+00:00,,,0.001,0.0009,,,,271371,0,42172778,0,10,88,2500,0,0,0,1,2147483647,2147483647,2147483647,20224,314,2025,65535,4,USD,,SD,6A,XCME,M6A,FMCXSX,FUT,AUD,,,,F,255,255,255,3,255,4,6,255,255,N,127,127,255,M6AU5-M6AM5
2025-05-22 00:00:00+00:00,2025-05-18 14:23:54.845000+00:00,19,1,42099006,M6AU5,A,F,0.0001,1.0,2025-09-15 14:16:00+00:00,2025-03-17 21:30:00+00:00,,0.0001,0.006,0.6416,10000.0,1.0,,270347,0,42099006,0,10,88,2500,0,0,0,1,2147483647,2147483647,2147483647,20224,314,2025,65535,4,USD,,,6A,XCME,M6A,FFCXSX,FUT,AUD,,,,F,255,255,255,7,255,4,9,255,255,N,127,127,255,M6AU5
2025-05-22 00:00:00+00:00,2025-05-18 14:23:54.995000+00:00,19,1,42017519,M6AM5,A,F,0.0001,1.0,2025-06-16 14:16:00+00:00,2024-12-16 22:30:00+00:00,,0.0001,0.006,0.6408,10000.0,1.0,,270347,0,42017519,0,10,88,2500,0,0,0,1,2147483647,2147483647,2147483647,20224,314,2025,65535,4,USD,,,6A,XCME,M6A,FFCXSX,FUT,AUD,,,,F,255,255,255,7,255,4,6,255,255,N,127,127,255,M6AM5
2025-05-22 00:00:00+00:00,2025-05-18 14:23:55.045000+00:00,19,1,42172778,M6AU5-M6AM5,A,S,0.0001,1.0,2025-06-16 14:16:00+00:00,2025-03-17 21:30:00+00:00,,,0.001,0.0009,,,,271371,0,42172778,0,10,88,2500,0,0,0,1,2147483647,2147483647,2147483647,20224,314,2025,65535,4,USD,,SD,6A,XCME,M6A,FMCXSX,FUT,AUD,,,,F,255,255,255,3,255,4,6,255,255,N,127,127,255,M6AU5-M6AM5
2025-05-23 00:00:00+00:00,2025-05-18 14:23:54.845000+00:00,19,1,42099006,M6AU5,A,F,0.0001,1.0,2025-09-15 14:16:00+00:00,2025-03-17 21:30:00+00:00,,0.0001,0.006,0.6416,10000.0,1.0,,270347,0,42099006,0,10,88,2500,0,0,0,1,2147483647,2147483647,2147483647,20224,314,2025,65535,4,USD,,,6A,XCME,M6A,FFCXSX,FUT,AUD,,,,F,255,255,255,7,255,4,9,255,255,N,127,127,255,M6AU5
2025-05-23 00:00:00+00:00,2025-05-18 14:23:54.995000+00:00,19,1,42017519,M6AM5,A,F,0.0001,1.0,2025-06-16 14:16:00+00:00,2024-12-16 22:30:00+00:00,,0.0001,0.006,0.6408,10000.0,1.0,,270347,0,42017519,0,10,88,2500,0,0,0,1,2147483647,2147483647,2147483647,20224,314,2025,65535,4,USD,,,6A,XCME,M6A,FFCXSX,FUT,AUD,,,,F,255,255,255,7,255,4,6,255,255,N,127,127,255,M6AM5
2025-05-23 00:00:00+00:00,2025-05-18 14:23:55.045000+00:00,19,1,42172778,M6AU5-M6AM5,A,S,0.0001,1.0,2025-06-16 14:16:00+00:00,2025-03-17 21:30:00+00:00,,,0.001,0.0009,,,,271371,0,42172778,0,10,88,2500,0,0,0,1,2147483647,2147483647,2147483647,20224,314,2025,65535,4,USD,,SD,6A,XCME,M6A,FMCXSX,FUT,AUD,,,,F,255,255,255,3,255,4,6,255,255,N,127,127,255,M6AU5-M6AM5
2025-05-25 11:57:24.559451363+00:00,2025-05-25 11:57:24.551000+00:00,19,1,42099006,M6AU5,A,F,0.0001,1.0,2025-09-15 14:16:00+00:00,2025-03-17 21:30:00+00:00,,0.0001,0.006,0.6509,10000.0,1.0,,270347,0,42099006,0,10,88,2500,0,0,0,1,2147483647,2147483647,2147483647,20231,314,2025,65535,4,USD,,,6A,XCME,M6A,FFCXSX,FUT,AUD,,,,F,255,255,255,7,255,4,9,255,255,N,127,127,255,M6AU5
2025-05-25 11:57:24.710958164+00:00,2025-05-25 11:57:24.701000+00:00,19,1,42017519,M6AM5,A,F,0.0001,1.0,2025-06-16 14:16:00+00:00,2024-12-16 22:30:00+00:00,,0.0001,0.006,0.6498,10000.0,1.0,,270347,0,42017519,0,10,88,2500,0,0,0,1,2147483647,2147483647,2147483647,20231,314,2025,65535,4,USD,,,6A,XCME,M6A,FFCXSX,FUT,AUD,,,,F,255,255,255,7,255,4,6,255,255,N,127,127,255,M6AM5
2025-05-25 11:57:24.768275485+00:00,2025-05-25 11:57:24.751000+00:00,19,1,42172778,M6AU5-M6AM5,A,S,0.0001,1.0,2025-06-16 14:16:00+00:00,2025-03-17 21:30:00+00:00,,,0.001,0.0011,,,,271371,0,42172778,0,10,88,2500,0,0,0,1,2147483647,2147483647,2147483647,20231,314,2025,65535,4,USD,,SD,6A,XCME,M6A,FMCXSX,FUT,AUD,,,,F,255,255,255,3,255,4,6,255,255,N,127,127,255,M6AU5-M6AM5
2025-05-26 00:00:00+00:00,2025-05-25 11:57:24.551000+00:00,19,1,42099006,M6AU5,A,F,0.0001,1.0,2025-09-15 14:16:00+00:00,2025-03-17 21:30:00+00:00,,0.0001,0.006,0.6509,10000.0,1.0,,270347,0,42099006,0,10,88,2500,0,0,0,1,2147483647,2147483647,2147483647,20231,314,2025,65535,4,USD,,,6A,XCME,M6A,FFCXSX,FUT,AUD,,,,F,255,255,255,7,255,4,9,255,255,N,127,127,255,M6AU5
2025-05-26 00:00:00+00:00,2025-05-25 11:57:24.701000+00:00,19,1,42017519,M6AM5,A,F,0.0001,1.0,2025-06-16 14:16:00+00:00,2024-12-16 22:30:00+00:00,,0.0001,0.006,0.6498,10000.0,1.0,,270347,0,42017519,0,10,88,2500,0,0,0,1,2147483647,2147483647,2147483647,20231,314,2025,65535,4,USD,,,6A,XCME,M6A,FFCXSX,FUT,AUD,,,,F,255,255,255,7,255,4,6,255,255,N,127,127,255,M6AM5
2025-05-26 00:00:00+00:00,2025-05-25 11:57:24.751000+00:00,19,1,42172778,M6AU5-M6AM5,A,S,0.0001,1.0,2025-06-16 14:16:00+00:00,2025-03-17 21:30:00+00:00,,,0.001,0.0011,,,,271371,0,42172778,0,10,88,2500,0,0,0,1,2147483647,2147483647,2147483647,20231,314,2025,65535,4,USD,,SD,6A,XCME,M6A,FMCXSX,FUT,AUD,,,,F,255,255,255,3,255,4,6,255,255,N,127,127,255,M6AU5-M6AM5
2025-05-27 00:00:00+00:00,2025-05-25 11:57:24.551000+00:00,19,1,42099006,M6AU5,A,F,0.0001,1.0,2025-09-15 14:16:00+00:00,2025-03-17 21:30:00+00:00,,0.0001,0.006,0.6509,10000.0,1.0,,270347,0,42099006,0,10,88,2500,0,0,0,1,2147483647,2147483647,2147483647,20231,314,2025,65535,4,USD,,,6A,XCME,M6A,FFCXSX,FUT,AUD,,,,F,255,255,255,7,255,4,9,255,255,N,127,127,255,M6AU5
2025-05-27 00:00:00+00:00,2025-05-25 11:57:24.701000+00:00,19,1,42017519,M6AM5,A,F,0.0001,1.0,2025-06-16 14:16:00+00:00,2024-12-16 22:30:00+00:00,,0.0001,0.006,0.6498,10000.0,1.0,,270347,0,42017519,0,10,88,2500,0,0,0,1,2147483647,2147483647,2147483647,20231,314,2025,65535,4,USD,,,6A,XCME,M6A,FFCXSX,FUT,AUD,,,,F,255,255,255,7,255,4,6,255,255,N,127,127,255,M6AM5
2025-05-27 00:00:00+00:00,2025-05-25 11:57:24.751000+00:00,19,1,42172778,M6AU5-M6AM5,A,S,0.0001,1.0,2025-06-16 14:16:00+00:00,2025-03-17 21:30:00+00:00,,,0.001,0.0011,,,,271371,0,42172778,0,10,88,2500,0,0,0,1,2147483647,2147483647,2147483647,20231,314,2025,65535,4,USD,,SD,6A,XCME,M6A,FMCXSX,FUT,AUD,,,,F,255,255,255,3,255,4,6,255,255,N,127,127,255,M6AU5-M6AM5
2025-05-28 00:00:00+00:00,2025-05-25 11:57:24.551000+00:00,19,1,42099006,M6AU5,A,F,0.0001,1.0,2025-09-15 14:16:00+00:00,2025-03-17 21:30:00+00:00,,0.0001,0.006,0.6509,10000.0,1.0,,270347,0,42099006,0,10,88,2500,0,0,0,1,2147483647,2147483647,2147483647,20231,314,2025,65535,4,USD,,,6A,XCME,M6A,FFCXSX,FUT,AUD,,,,F,255,255,255,7,255,4,9,255,255,N,127,127,255,M6AU5
2025-05-28 00:00:00+00:00,2025-05-25 11:57:24.701000+00:00,19,1,42017519,M6AM5,A,F,0.0001,1.0,2025-06-16 14:16:00+00:00,2024-12-16 22:30:00+00:00,,0.0001,0.006,0.6498,10000.0,1.0,,270347,0,42017519,0,10,88,2500,0,0,0,1,2147483647,2147483647,2147483647,20231,314,2025,65535,4,USD,,,6A,XCME,M6A,FFCXSX,FUT,AUD,,,,F,255,255,255,7,255,4,6,255,255,N,127,127,255,M6AM5
2025-05-28 00:00:00+00:00,2025-05-25 11:57:24.751000+00:00,19,1,42172778,M6AU5-M6AM5,A,S,0.0001,1.0,2025-06-16 14:16:00+00:00,2025-03-17 21:30:00+00:00,,,0.001,0.0011,,,,271371,0,42172778,0,10,88,2500,0,0,0,1,2147483647,2147483647,2147483647,20231,314,2025,65535,4,USD,,SD,6A,XCME,M6A,FMCXSX,FUT,AUD,,,,F,255,255,255,3,255,4,6,255,255,N,127,127,255,M6AU5-M6AM5
2025-05-29 00:00:00+00:00,2025-05-25 11:57:24.551000+00:00,19,1,42099006,M6AU5,A,F,0.0001,1.0,2025-09-15 14:16:00+00:00,2025-03-17 21:30:00+00:00,,0.0001,0.006,0.6509,10000.0,1.0,,270347,0,42099006,0,10,88,2500,0,0,0,1,2147483647,2147483647,2147483647,20231,314,2025,65535,4,USD,,,6A,XCME,M6A,FFCXSX,FUT,AUD,,,,F,255,255,255,7,255,4,9,255,255,N,127,127,255,M6AU5
2025-05-29 00:00:00+00:00,2025-05-25 11:57:24.701000+00:00,19,1,42017519,M6AM5,A,F,0.0001,1.0,2025-06-16 14:16:00+00:00,2024-12-16 22:30:00+00:00,,0.0001,0.006,0.6498,10000.0,1.0,,270347,0,42017519,0,10,88,2500,0,0,0,1,2147483647,2147483647,2147483647,20231,314,2025,65535,4,USD,,,6A,XCME,M6A,FFCXSX,FUT,AUD,,,,F,255,255,255,7,255,4,6,255,255,N,127,127,255,M6AM5
2025-05-29 00:00:00+00:00,2025-05-25 11:57:24.751000+00:00,19,1,42172778,M6AU5-M6AM5,A,S,0.0001,1.0,2025-06-16 14:16:00+00:00,2025-03-17 21:30:00+00:00,,,0.001,0.0011,,,,271371,0,42172778,0,10,88,2500,0,0,0,1,2147483647,2147483647,2147483647,20231,314,2025,65535,4,USD,,SD,6A,XCME,M6A,FMCXSX,FUT,AUD,,,,F,255,255,255,3,255,4,6,255,255,N,127,127,255,M6AU5-M6AM5
2025-05-30 00:00:00+00:00,2025-05-25 11:57:24.551000+00:00,19,1,42099006,M6AU5,A,F,0.0001,1.0,2025-09-15 14:16:00+00:00,2025-03-17 21:30:00+00:00,,0.0001,0.006,0.6509,10000.0,1.0,,270347,0,42099006,0,10,88,2500,0,0,0,1,2147483647,2147483647,2147483647,20231,314,2025,65535,4,USD,,,6A,XCME,M6A,FFCXSX,FUT,AUD,,,,F,255,255,255,7,255,4,9,255,255,N,127,127,255,M6AU5
2025-05-30 00:00:00+00:00,2025-05-25 11:57:24.701000+00:00,19,1,42017519,M6AM5,A,F,0.0001,1.0,2025-06-16 14:16:00+00:00,2024-12-16 22:30:00+00:00,,0.0001,0.006,0.6498,10000.0,1.0,,270347,0,42017519,0,10,88,2500,0,0,0,1,2147483647,2147483647,2147483647,20231,314,2025,65535,4,USD,,,6A,XCME,M6A,FFCXSX,FUT,AUD,,,,F,255,255,255,7,255,4,6,255,255,N,127,127,255,M6AM5
2025-05-30 00:00:00+00:00,2025-05-25 11:57:24.751000+00:00,19,1,42172778,M6AU5-M6AM5,A,S,0.0001,1.0,2025-06-16 14:16:00+00:00,2025-03-17 21:30:00+00:00,,,0.001,0.0011,,,,271371,0,42172778,0,10,88,2500,0,0,0,1,2147483647,2147483647,2147483647,20231,314,2025,65535,4,USD,,SD,6A,XCME,M6A,FMCXSX,FUT,AUD,,,,F,255,255,255,3,255,4,6,255,255,N,127,127,255,M6AU5-M6AM5
2025-06-01 11:49:42.045485830+00:00,2025-06-01 11:49:42.038000+00:00,19,1,42099006,M6AU5,A,F,0.0001,1.0,2025-09-15 14:16:00+00:00,2025-03-17 21:30:00+00:00,,0.0001,0.006,0.6455,10000.0,1.0,,270347,0,42099006,0,10,88,2500,0,0,0,1,2147483647,2147483647,2147483647,20238,314,2025,65535,4,USD,,,6A,XCME,M6A,FFCXSX,FUT,AUD,,,,F,255,255,255,7,255,4,9,255,255,N,127,127,255,M6AU5
2025-06-01 11:49:42.197059273+00:00,2025-06-01 11:49:42.188000+00:00,19,1,42017519,M6AM5,A,F,0.0001,1.0,2025-06-16 14:16:00+00:00,2024-12-16 22:30:00+00:00,,0.0001,0.006,0.6444,10000.0,1.0,,270347,0,42017519,0,10,88,2500,0,0,0,1,2147483647,2147483647,2147483647,20238,314,2025,65535,4,USD,,,6A,XCME,M6A,FFCXSX,FUT,AUD,,,,F,255,255,255,7,255,4,6,255,255,N,127,127,255,M6AM5
2025-06-01 11:49:42.253001550+00:00,2025-06-01 11:49:42.238000+00:00,19,1,42172778,M6AU5-M6AM5,A,S,0.0001,1.0,2025-06-16 14:16:00+00:00,2025-03-17 21:30:00+00:00,,,0.001,0.0011,,,,271371,0,42172778,0,10,88,2500,0,0,0,1,2147483647,2147483647,2147483647,20238,314,2025,65535,4,USD,,SD,6A,XCME,M6A,FMCXSX,FUT,AUD,,,,F,255,255,255,3,255,4,6,255,255,N,127,127,255,M6AU5-M6AM5
2025-06-02 00:00:00+00:00,2025-06-01 11:49:42.038000+00:00,19,1,42099006,M6AU5,A,F,0.0001,1.0,2025-09-15 14:16:00+00:00,2025-03-17 21:30:00+00:00,,0.0001,0.006,0.6455,10000.0,1.0,,270347,0,42099006,0,10,88,2500,0,0,0,1,2147483647,2147483647,2147483647,20238,314,2025,65535,4,USD,,,6A,XCME,M6A,FFCXSX,FUT,AUD,,,,F,255,255,255,7,255,4,9,255,255,N,127,127,255,M6AU5
2025-06-02 00:00:00+00:00,2025-06-01 11:49:42.188000+00:00,19,1,42017519,M6AM5,A,F,0.0001,1.0,2025-06-16 14:16:00+00:00,2024-12-16 22:30:00+00:00,,0.0001,0.006,0.6444,10000.0,1.0,,270347,0,42017519,0,10,88,2500,0,0,0,1,2147483647,2147483647,2147483647,20238,314,2025,65535,4,USD,,,6A,XCME,M6A,FFCXSX,FUT,AUD,,,,F,255,255,255,7,255,4,6,255,255,N,127,127,255,M6AM5
2025-06-02 00:00:00+00:00,2025-06-01 11:49:42.238000+00:00,19,1,42172778,M6AU5-M6AM5,A,S,0.0001,1.0,2025-06-16 14:16:00+00:00,2025-03-17 21:30:00+00:00,,,0.001,0.0011,,,,271371,0,42172778,0,10,88,2500,0,0,0,1,2147483647,2147483647,2147483647,20238,314,2025,65535,4,USD,,SD,6A,XCME,M6A,FMCXSX,FUT,AUD,,,,F,255,255,255,3,255,4,6,255,255,N,127,127,255,M6AU5-M6AM5
2025-06-03 00:00:00+00:00,2025-06-01 11:49:42.188000+00:00,19,1,42017519,M6AM5,A,F,0.0001,1.0,2025-06-16 14:16:00+00:00,2024-12-16 22:30:00+00:00,,0.0001,0.006,0.6444,10000.0,1.0,,270347,0,42017519,0,10,88,2500,0,0,0,1,2147483647,2147483647,2147483647,20238,314,2025,65535,4,USD,,,6A,XCME,M6A,FFCXSX,FUT,AUD,,,,F,255,255,255,7,255,4,6,255,255,N,127,127,255,M6AM5
2025-06-03 00:00:00+00:00,2025-06-01 11:49:42.038000+00:00,19,1,42099006,M6AU5,A,F,0.0001,1.0,2025-09-15 14:16:00+00:00,2025-03-17 21:30:00+00:00,,0.0001,0.006,0.6455,10000.0,1.0,,270347,0,42099006,0,10,88,2500,0,0,0,1,2147483647,2147483647,2147483647,20238,314,2025,65535,4,USD,,,6A,XCME,M6A,FFCXSX,FUT,AUD,,,,F,255,255,255,7,255,4,9,255,255,N,127,127,255,M6AU5
2025-06-03 00:00:00+00:00,2025-06-01 11:49:42.238000+00:00,19,1,42172778,M6AU5-M6AM5,A,S,0.0001,1.0,2025-06-16 14:16:00+00:00,2025-03-17 21:30:00+00:00,,,0.001,0.0011,,,,271371,0,42172778,0,10,88,2500,0,0,0,1,2147483647,2147483647,2147483647,20238,314,2025,65535,4,USD,,SD,6A,XCME,M6A,FMCXSX,FUT,AUD,,,,F,255,255,255,3,255,4,6,255,255,N,127,127,255,M6AU5-M6AM5
2025-06-03 00:14:23.143917742+00:00,2025-06-03 00:14:23.137567117+00:00,19,1,42654336,M6AZ5,A,F,0.0001,1.0,2025-12-15 15:16:00+00:00,2025-06-16 21:30:00+00:00,,0.0001,0.006,0.0,10000.0,1.0,,270347,0,42654336,0,10,88,2500,0,0,0,1,2147483647,2147483647,2147483647,20241,314,2025,65535,4,USD,,,6A,XCME,M6A,FFCXSX,FUT,AUD,,,,F,255,255,255,1,255,4,12,255,255,N,127,127,255,M6AZ5
2025-06-03 00:20:32.814578440+00:00,2025-06-03 00:20:32.751621115+00:00,19,1,42654633,M6AZ5-M6AU5,A,S,0.0001,1.0,2025-09-15 14:16:00+00:00,2025-06-16 21:30:00+00:00,,,0.001,0.0,,,,271371,0,42654633,0,10,88,2500,0,0,0,1,2147483647,2147483647,2147483647,20241,314,2025,65535,4,USD,,SD,6A,XCME,M6A,FMCXSX,FUT,AUD,,,,F,255,255,255,1,255,4,9,255,255,N,127,127,255,M6AZ5-M6AU5
2025-06-04 00:00:00+00:00,2025-06-03 00:20:32.751621115+00:00,19,1,42654633,M6AZ5-M6AU5,A,S,0.0001,1.0,2025-09-15 14:16:00+00:00,2025-06-16 21:30:00+00:00,,,0.001,0.0,,,,271371,0,42654633,0,10,88,2500,0,0,0,1,2147483647,2147483647,2147483647,20241,314,2025,65535,4,USD,,SD,6A,XCME,M6A,FMCXSX,FUT,AUD,,,,F,255,255,255,1,255,4,9,255,255,N,127,127,255,M6AZ5-M6AU5
2025-06-04 00:00:00+00:00,2025-06-01 11:49:42.188000+00:00,19,1,42017519,M6AM5,A,F,0.0001,1.0,2025-06-16 14:16:00+00:00,2024-12-16 22:30:00+00:00,,0.0001,0.006,0.6444,10000.0,1.0,,270347,0,42017519,0,10,88,2500,0,0,0,1,2147483647,2147483647,2147483647,20238,314,2025,65535,4,USD,,,6A,XCME,M6A,FFCXSX,FUT,AUD,,,,F,255,255,255,7,255,4,6,255,255,N,127,127,255,M6AM5
2025-06-04 00:00:00+00:00,2025-06-03 00:14:23.137567117+00:00,19,1,42654336,M6AZ5,A,F,0.0001,1.0,2025-12-15 15:16:00+00:00,2025-06-16 21:30:00+00:00,,0.0001,0.006,0.0,10000.0,1.0,,270347,0,42654336,0,10,88,2500,0,0,0,1,2147483647,2147483647,2147483647,20241,314,2025,65535,4,USD,,,6A,XCME,M6A,FFCXSX,FUT,AUD,,,,F,255,255,255,1,255,4,12,255,255,N,127,127,255,M6AZ5
2025-06-04 00:00:00+00:00,2025-06-01 11:49:42.038000+00:00,19,1,42099006,M6AU5,A,F,0.0001,1.0,2025-09-15 14:16:00+00:00,2025-03-17 21:30:00+00:00,,0.0001,0.006,0.6455,10000.0,1.0,,270347,0,42099006,0,10,88,2500,0,0,0,1,2147483647,2147483647,2147483647,20238,314,2025,65535,4,USD,,,6A,XCME,M6A,FFCXSX,FUT,AUD,,,,F,255,255,255,7,255,4,9,255,255,N,127,127,255,M6AU5
2025-06-04 00:00:00+00:00,2025-06-01 11:49:42.238000+00:00,19,1,42172778,M6AU5-M6AM5,A,S,0.0001,1.0,2025-06-16 14:16:00+00:00,2025-03-17 21:30:00+00:00,,,0.001,0.0011,,,,271371,0,42172778,0,10,88,2500,0,0,0,1,2147483647,2147483647,2147483647,20238,314,2025,65535,4,USD,,SD,6A,XCME,M6A,FMCXSX,FUT,AUD,,,,F,255,255,255,3,255,4,6,255,255,N,127,127,255,M6AU5-M6AM5
2025-06-05 00:00:00+00:00,2025-06-03 00:20:32.751621115+00:00,19,1,42654633,M6AZ5-M6AU5,A,S,0.0001,1.0,2025-09-15 14:16:00+00:00,2025-06-16 21:30:00+00:00,,,0.001,0.0,,,,271371,0,42654633,0,10,88,2500,0,0,0,1,2147483647,2147483647,2147483647,20241,314,2025,65535,4,USD,,SD,6A,XCME,M6A,FMCXSX,FUT,AUD,,,,F,255,255,255,1,255,4,9,255,255,N,127,127,255,M6AZ5-M6AU5
2025-06-05 00:00:00+00:00,2025-06-01 11:49:42.188000+00:00,19,1,42017519,M6AM5,A,F,0.0001,1.0,2025-06-16 14:16:00+00:00,2024-12-16 22:30:00+00:00,,0.0001,0.006,0.6444,10000.0,1.0,,270347,0,42017519,0,10,88,2500,0,0,0,1,2147483647,2147483647,2147483647,20238,314,2025,65535,4,USD,,,6A,XCME,M6A,FFCXSX,FUT,AUD,,,,F,255,255,255,7,255,4,6,255,255,N,127,127,255,M6AM5
2025-06-05 00:00:00+00:00,2025-06-03 00:14:23.137567117+00:00,19,1,42654336,M6AZ5,A,F,0.0001,1.0,2025-12-15 15:16:00+00:00,2025-06-16 21:30:00+00:00,,0.0001,0.006,0.0,10000.0,1.0,,270347,0,42654336,0,10,88,2500,0,0,0,1,2147483647,2147483647,2147483647,20241,314,2025,65535,4,USD,,,6A,XCME,M6A,FFCXSX,FUT,AUD,,,,F,255,255,255,1,255,4,12,255,255,N,127,127,255,M6AZ5
2025-06-05 00:00:00+00:00,2025-06-01 11:49:42.038000+00:00,19,1,42099006,M6AU5,A,F,0.0001,1.0,2025-09-15 14:16:00+00:00,2025-03-17 21:30:00+00:00,,0.0001,0.006,0.6455,10000.0,1.0,,270347,0,42099006,0,10,88,2500,0,0,0,1,2147483647,2147483647,2147483647,20238,314,2025,65535,4,USD,,,6A,XCME,M6A,FFCXSX,FUT,AUD,,,,F,255,255,255,7,255,4,9,255,255,N,127,127,255,M6AU5
2025-06-05 00:00:00+00:00,2025-06-01 11:49:42.238000+00:00,19,1,42172778,M6AU5-M6AM5,A,S,0.0001,1.0,2025-06-16 14:16:00+00:00,2025-03-17 21:30:00+00:00,,,0.001,0.0011,,,,271371,0,42172778,0,10,88,2500,0,0,0,1,2147483647,2147483647,2147483647,20238,314,2025,65535,4,USD,,SD,6A,XCME,M6A,FMCXSX,FUT,AUD,,,,F,255,255,255,3,255,4,6,255,255,N,127,127,255,M6AU5-M6AM5
2025-06-06 00:00:00+00:00,2025-06-01 11:49:42.238000+00:00,19,1,42172778,M6AU5-M6AM5,A,S,0.0001,1.0,2025-06-16 14:16:00+00:00,2025-03-17 21:30:00+00:00,,,0.001,0.0011,,,,271371,0,42172778,0,10,88,2500,0,0,0,1,2147483647,2147483647,2147483647,20238,314,2025,65535,4,USD,,SD,6A,XCME,M6A,FMCXSX,FUT,AUD,,,,F,255,255,255,3,255,4,6,255,255,N,127,127,255,M6AU5-M6AM5
2025-06-06 00:00:00+00:00,2025-06-03 00:20:32.751621115+00:00,19,1,42654633,M6AZ5-M6AU5,A,S,0.0001,1.0,2025-09-15 14:16:00+00:00,2025-06-16 21:30:00+00:00,,,0.001,0.0,,,,271371,0,42654633,0,10,88,2500,0,0,0,1,2147483647,2147483647,2147483647,20241,314,2025,65535,4,USD,,SD,6A,XCME,M6A,FMCXSX,FUT,AUD,,,,F,255,255,255,1,255,4,9,255,255,N,127,127,255,M6AZ5-M6AU5
2025-06-06 00:00:00+00:00,2025-06-01 11:49:42.188000+00:00,19,1,42017519,M6AM5,A,F,0.0001,1.0,2025-06-16 14:16:00+00:00,2024-12-16 22:30:00+00:00,,0.0001,0.006,0.6444,10000.0,1.0,,270347,0,42017519,0,10,88,2500,0,0,0,1,2147483647,2147483647,2147483647,20238,314,2025,65535,4,USD,,,6A,XCME,M6A,FFCXSX,FUT,AUD,,,,F,255,255,255,7,255,4,6,255,255,N,127,127,255,M6AM5
2025-06-06 00:00:00+00:00,2025-06-01 11:49:42.038000+00:00,19,1,42099006,M6AU5,A,F,0.0001,1.0,2025-09-15 14:16:00+00:00,2025-03-17 21:30:00+00:00,,0.0001,0.006,0.6455,10000.0,1.0,,270347,0,42099006,0,10,88,2500,0,0,0,1,2147483647,2147483647,2147483647,20238,314,2025,65535,4,USD,,,6A,XCME,M6A,FFCXSX,FUT,AUD,,,,F,255,255,255,7,255,4,9,255,255,N,127,127,255,M6AU5
2025-06-06 00:00:00+00:00,2025-06-03 00:14:23.137567117+00:00,19,1,42654336,M6AZ5,A,F,0.0001,1.0,2025-12-15 15:16:00+00:00,2025-06-16 21:30:00+00:00,,0.0001,0.006,0.0,10000.0,1.0,,270347,0,42654336,0,10,88,2500,0,0,0,1,2147483647,2147483647,2147483647,20241,314,2025,65535,4,USD,,,6A,XCME,M6A,FFCXSX,FUT,AUD,,,,F,255,255,255,1,255,4,12,255,255,N,127,127,255,M6AZ5
2025-06-08 11:09:09.606774864+00:00,2025-06-08 11:09:09.591000+00:00,19,1,42099006,M6AU5,A,F,0.0001,1.0,2025-09-15 14:16:00+00:00,2025-03-17 21:30:00+00:00,,0.0001,0.006,0.651,10000.0,1.0,,270347,0,42099006,0,10,88,2500,0,0,0,1,2147483647,2147483647,2147483647,20245,314,2025,65535,4,USD,,,6A,XCME,M6A,FFCXSX,FUT,AUD,,,,F,255,255,255,7,255,4,9,255,255,N,127,127,255,M6AU5
2025-06-08 11:09:09.758754685+00:00,2025-06-08 11:09:09.741000+00:00,19,1,42654336,M6AZ5,A,F,0.0001,1.0,2025-12-15 15:16:00+00:00,2025-06-16 21:30:00+00:00,,0.0001,0.006,0.6522,10000.0,1.0,,270347,0,42654336,0,10,88,2500,0,0,0,1,2147483647,2147483647,2147483647,20245,314,2025,65535,4,USD,,,6A,XCME,M6A,FFCXSX,FUT,AUD,,,,F,255,255,255,7,255,4,12,255,255,N,127,127,255,M6AZ5
2025-06-08 11:09:09.760864984+00:00,2025-06-08 11:09:09.741000+00:00,19,1,42017519,M6AM5,A,F,0.0001,1.0,2025-06-16 14:16:00+00:00,2024-12-16 22:30:00+00:00,,0.0001,0.006,0.6498,10000.0,1.0,,270347,0,42017519,0,10,88,2500,0,0,0,1,2147483647,2147483647,2147483647,20245,314,2025,65535,4,USD,,,6A,XCME,M6A,FFCXSX,FUT,AUD,,,,F,255,255,255,7,255,4,6,255,255,N,127,127,255,M6AM5
2025-06-08 11:09:09.847994480+00:00,2025-06-08 11:09:09.841000+00:00,19,1,42172778,M6AU5-M6AM5,A,S,0.0001,1.0,2025-06-16 14:16:00+00:00,2025-03-17 21:30:00+00:00,,,0.001,0.0012,,,,271371,0,42172778,0,10,88,2500,0,0,0,1,2147483647,2147483647,2147483647,20245,314,2025,65535,4,USD,,SD,6A,XCME,M6A,FMCXSX,FUT,AUD,,,,F,255,255,255,3,255,4,6,255,255,N,127,127,255,M6AU5-M6AM5
2025-06-08 11:09:09.948476028+00:00,2025-06-08 11:09:09.941000+00:00,19,1,42654633,M6AZ5-M6AU5,A,S,0.0001,1.0,2025-09-15 14:16:00+00:00,2025-06-16 21:30:00+00:00,,,0.001,0.0013,,,,271371,0,42654633,0,10,88,2500,0,0,0,1,2147483647,2147483647,2147483647,20245,314,2025,65535,4,USD,,SD,6A,XCME,M6A,FMCXSX,FUT,AUD,,,,F,255,255,255,3,255,4,9,255,255,N,127,127,255,M6AZ5-M6AU5
2025-06-08 19:40:37.717975031+00:00,2025-06-08 19:40:37.711000+00:00,19,1,42099006,M6AU5,A,F,0.0001,1.0,2025-09-15 14:16:00+00:00,2025-03-17 21:30:00+00:00,,0.0001,0.006,0.651,10000.0,1.0,,270347,0,42099006,0,10,88,2500,0,0,0,1,2147483647,2147483647,2147483647,20245,314,2025,65535,4,USD,,,6A,XCME,M6A,FFCXSX,FUT,AUD,,,,F,255,255,255,7,255,4,9,255,255,N,127,127,255,M6AU5
2025-06-08 19:40:37.871374382+00:00,2025-06-08 19:40:37.861000+00:00,19,1,42654336,M6AZ5,A,F,0.0001,1.0,2025-12-15 15:16:00+00:00,2025-06-16 21:30:00+00:00,,0.0001,0.006,0.6522,10000.0,1.0,,270347,0,42654336,0,10,88,2500,0,0,0,1,2147483647,2147483647,2147483647,20245,314,2025,65535,4,USD,,,6A,XCME,M6A,FFCXSX,FUT,AUD,,,,F,255,255,255,7,255,4,12,255,255,N,127,127,255,M6AZ5
2025-06-08 19:40:37.872469892+00:00,2025-06-08 19:40:37.861000+00:00,19,1,42017519,M6AM5,A,F,0.0001,1.0,2025-06-16 14:16:00+00:00,2024-12-16 22:30:00+00:00,,0.0001,0.006,0.6498,10000.0,1.0,,270347,0,42017519,0,10,88,2500,0,0,0,1,2147483647,2147483647,2147483647,20245,314,2025,65535,4,USD,,,6A,XCME,M6A,FFCXSX,FUT,AUD,,,,F,255,255,255,7,255,4,6,255,255,N,127,127,255,M6AM5
2025-06-08 19:40:37.966108608+00:00,2025-06-08 19:40:37.961000+00:00,19,1,42172778,M6AU5-M6AM5,A,S,0.0001,1.0,2025-06-16 14:16:00+00:00,2025-03-17 21:30:00+00:00,,,0.001,0.0012,,,,271371,0,42172778,0,10,88,2500,0,0,0,1,2147483647,2147483647,2147483647,20245,314,2025,65535,4,USD,,SD,6A,XCME,M6A,FMCXSX,FUT,AUD,,,,F,255,255,255,3,255,4,6,255,255,N,127,127,255,M6AU5-M6AM5
2025-06-08 19:40:38.065250116+00:00,2025-06-08 19:40:38.061000+00:00,19,1,42654633,M6AZ5-M6AU5,A,S,0.0001,1.0,2025-09-15 14:16:00+00:00,2025-06-16 21:30:00+00:00,,,0.001,0.0013,,,,271371,0,42654633,0,10,88,2500,0,0,0,1,2147483647,2147483647,2147483647,20245,314,2025,65535,4,USD,,SD,6A,XCME,M6A,FMCXSX,FUT,AUD,,,,F,255,255,255,3,255,4,9,255,255,N,127,127,255,M6AZ5-M6AU5
2025-06-09 00:00:00+00:00,2025-06-08 19:40:38.061000+00:00,19,1,42654633,M6AZ5-M6AU5,A,S,0.0001,1.0,2025-09-15 14:16:00+00:00,2025-06-16 21:30:00+00:00,,,0.001,0.0013,,,,271371,0,42654633,0,10,88,2500,0,0,0,1,2147483647,2147483647,2147483647,20245,314,2025,65535,4,USD,,SD,6A,XCME,M6A,FMCXSX,FUT,AUD,,,,F,255,255,255,3,255,4,9,255,255,N,127,127,255,M6AZ5-M6AU5
2025-06-09 00:00:00+00:00,2025-06-08 19:40:37.861000+00:00,19,1,42017519,M6AM5,A,F,0.0001,1.0,2025-06-16 14:16:00+00:00,2024-12-16 22:30:00+00:00,,0.0001,0.006,0.6498,10000.0,1.0,,270347,0,42017519,0,10,88,2500,0,0,0,1,2147483647,2147483647,2147483647,20245,314,2025,65535,4,USD,,,6A,XCME,M6A,FFCXSX,FUT,AUD,,,,F,255,255,255,7,255,4,6,255,255,N,127,127,255,M6AM5
2025-06-09 00:00:00+00:00,2025-06-08 19:40:37.861000+00:00,19,1,42654336,M6AZ5,A,F,0.0001,1.0,2025-12-15 15:16:00+00:00,2025-06-16 21:30:00+00:00,,0.0001,0.006,0.6522,10000.0,1.0,,270347,0,42654336,0,10,88,2500,0,0,0,1,2147483647,2147483647,2147483647,20245,314,2025,65535,4,USD,,,6A,XCME,M6A,FFCXSX,FUT,AUD,,,,F,255,255,255,7,255,4,12,255,255,N,127,127,255,M6AZ5
2025-06-09 00:00:00+00:00,2025-06-08 19:40:37.711000+00:00,19,1,42099006,M6AU5,A,F,0.0001,1.0,2025-09-15 14:16:00+00:00,2025-03-17 21:30:00+00:00,,0.0001,0.006,0.651,10000.0,1.0,,270347,0,42099006,0,10,88,2500,0,0,0,1,2147483647,2147483647,2147483647,20245,314,2025,65535,4,USD,,,6A,XCME,M6A,FFCXSX,FUT,AUD,,,,F,255,255,255,7,255,4,9,255,255,N,127,127,255,M6AU5
2025-06-09 00:00:00+00:00,2025-06-08 19:40:37.961000+00:00,19,1,42172778,M6AU5-M6AM5,A,S,0.0001,1.0,2025-06-16 14:16:00+00:00,2025-03-17 21:30:00+00:00,,,0.001,0.0012,,,,271371,0,42172778,0,10,88,2500,0,0,0,1,2147483647,2147483647,2147483647,20245,314,2025,65535,4,USD,,SD,6A,XCME,M6A,FMCXSX,FUT,AUD,,,,F,255,255,255,3,255,4,6,255,255,N,127,127,255,M6AU5-M6AM5
2025-06-10 00:00:00+00:00,2025-06-08 19:40:37.961000+00:00,19,1,42172778,M6AU5-M6AM5,A,S,0.0001,1.0,2025-06-16 14:16:00+00:00,2025-03-17 21:30:00+00:00,,,0.001,0.0012,,,,271371,0,42172778,0,10,88,2500,0,0,0,1,2147483647,2147483647,2147483647,20245,314,2025,65535,4,USD,,SD,6A,XCME,M6A,FMCXSX,FUT,AUD,,,,F,255,255,255,3,255,4,6,255,255,N,127,127,255,M6AU5-M6AM5
2025-06-10 00:00:00+00:00,2025-06-08 19:40:38.061000+00:00,19,1,42654633,M6AZ5-M6AU5,A,S,0.0001,1.0,2025-09-15 14:16:00+00:00,2025-06-16 21:30:00+00:00,,,0.001,0.0013,,,,271371,0,42654633,0,10,88,2500,0,0,0,1,2147483647,2147483647,2147483647,20245,314,2025,65535,4,USD,,SD,6A,XCME,M6A,FMCXSX,FUT,AUD,,,,F,255,255,255,3,255,4,9,255,255,N,127,127,255,M6AZ5-M6AU5
2025-06-10 00:00:00+00:00,2025-06-08 19:40:37.861000+00:00,19,1,42017519,M6AM5,A,F,0.0001,1.0,2025-06-16 14:16:00+00:00,2024-12-16 22:30:00+00:00,,0.0001,0.006,0.6498,10000.0,1.0,,270347,0,42017519,0,10,88,2500,0,0,0,1,2147483647,2147483647,2147483647,20245,314,2025,65535,4,USD,,,6A,XCME,M6A,FFCXSX,FUT,AUD,,,,F,255,255,255,7,255,4,6,255,255,N,127,127,255,M6AM5
2025-06-10 00:00:00+00:00,2025-06-08 19:40:37.711000+00:00,19,1,42099006,M6AU5,A,F,0.0001,1.0,2025-09-15 14:16:00+00:00,2025-03-17 21:30:00+00:00,,0.0001,0.006,0.651,10000.0,1.0,,270347,0,42099006,0,10,88,2500,0,0,0,1,2147483647,2147483647,2147483647,20245,314,2025,65535,4,USD,,,6A,XCME,M6A,FFCXSX,FUT,AUD,,,,F,255,255,255,7,255,4,9,255,255,N,127,127,255,M6AU5
2025-06-10 00:00:00+00:00,2025-06-08 19:40:37.861000+00:00,19,1,42654336,M6AZ5,A,F,0.0001,1.0,2025-12-15 15:16:00+00:00,2025-06-16 21:30:00+00:00,,0.0001,0.006,0.6522,10000.0,1.0,,270347,0,42654336,0,10,88,2500,0,0,0,1,2147483647,2147483647,2147483647,20245,314,2025,65535,4,USD,,,6A,XCME,M6A,FFCXSX,FUT,AUD,,,,F,255,255,255,7,255,4,12,255,255,N,127,127,255,M6AZ5
2025-06-11 00:00:00+00:00,2025-06-08 19:40:38.061000+00:00,19,1,42654633,M6AZ5-M6AU5,A,S,0.0001,1.0,2025-09-15 14:16:00+00:00,2025-06-16 21:30:00+00:00,,,0.001,0.0013,,,,271371,0,42654633,0,10,88,2500,0,0,0,1,2147483647,2147483647,2147483647,20245,314,2025,65535,4,USD,,SD,6A,XCME,M6A,FMCXSX,FUT,AUD,,,,F,255,255,255,3,255,4,9,255,255,N,127,127,255,M6AZ5-M6AU5
2025-06-11 00:00:00+00:00,2025-06-08 19:40:37.861000+00:00,19,1,42017519,M6AM5,A,F,0.0001,1.0,2025-06-16 14:16:00+00:00,2024-12-16 22:30:00+00:00,,0.0001,0.006,0.6498,10000.0,1.0,,270347,0,42017519,0,10,88,2500,0,0,0,1,2147483647,2147483647,2147483647,20245,314,2025,65535,4,USD,,,6A,XCME,M6A,FFCXSX,FUT,AUD,,,,F,255,255,255,7,255,4,6,255,255,N,127,127,255,M6AM5
2025-06-11 00:00:00+00:00,2025-06-08 19:40:37.861000+00:00,19,1,42654336,M6AZ5,A,F,0.0001,1.0,2025-12-15 15:16:00+00:00,2025-06-16 21:30:00+00:00,,0.0001,0.006,0.6522,10000.0,1.0,,270347,0,42654336,0,10,88,2500,0,0,0,1,2147483647,2147483647,2147483647,20245,314,2025,65535,4,USD,,,6A,XCME,M6A,FFCXSX,FUT,AUD,,,,F,255,255,255,7,255,4,12,255,255,N,127,127,255,M6AZ5
2025-06-11 00:00:00+00:00,2025-06-08 19:40:37.711000+00:00,19,1,42099006,M6AU5,A,F,0.0001,1.0,2025-09-15 14:16:00+00:00,2025-03-17 21:30:00+00:00,,0.0001,0.006,0.651,10000.0,1.0,,270347,0,42099006,0,10,88,2500,0,0,0,1,2147483647,2147483647,2147483647,20245,314,2025,65535,4,USD,,,6A,XCME,M6A,FFCXSX,FUT,AUD,,,,F,255,255,255,7,255,4,9,255,255,N,127,127,255,M6AU5
2025-06-11 00:00:00+00:00,2025-06-08 19:40:37.961000+00:00,19,1,42172778,M6AU5-M6AM5,A,S,0.0001,1.0,2025-06-16 14:16:00+00:00,2025-03-17 21:30:00+00:00,,,0.001,0.0012,,,,271371,0,42172778,0,10,88,2500,0,0,0,1,2147483647,2147483647,2147483647,20245,314,2025,65535,4,USD,,SD,6A,XCME,M6A,FMCXSX,FUT,AUD,,,,F,255,255,255,3,255,4,6,255,255,N,127,127,255,M6AU5-M6AM5
2025-06-12 00:00:00+00:00,2025-06-08 19:40:38.061000+00:00,19,1,42654633,M6AZ5-M6AU5,A,S,0.0001,1.0,2025-09-15 14:16:00+00:00,2025-06-16 21:30:00+00:00,,,0.001,0.0013,,,,271371,0,42654633,0,10,88,2500,0,0,0,1,2147483647,2147483647,2147483647,20245,314,2025,65535,4,USD,,SD,6A,XCME,M6A,FMCXSX,FUT,AUD,,,,F,255,255,255,3,255,4,9,255,255,N,127,127,255,M6AZ5-M6AU5
2025-06-12 00:00:00+00:00,2025-06-08 19:40:37.861000+00:00,19,1,42017519,M6AM5,A,F,0.0001,1.0,2025-06-16 14:16:00+00:00,2024-12-16 22:30:00+00:00,,0.0001,0.006,0.6498,10000.0,1.0,,270347,0,42017519,0,10,88,2500,0,0,0,1,2147483647,2147483647,2147483647,20245,314,2025,65535,4,USD,,,6A,XCME,M6A,FFCXSX,FUT,AUD,,,,F,255,255,255,7,255,4,6,255,255,N,127,127,255,M6AM5
2025-06-12 00:00:00+00:00,2025-06-08 19:40:37.861000+00:00,19,1,42654336,M6AZ5,A,F,0.0001,1.0,2025-12-15 15:16:00+00:00,2025-06-16 21:30:00+00:00,,0.0001,0.006,0.6522,10000.0,1.0,,270347,0,42654336,0,10,88,2500,0,0,0,1,2147483647,2147483647,2147483647,20245,314,2025,65535,4,USD,,,6A,XCME,M6A,FFCXSX,FUT,AUD,,,,F,255,255,255,7,255,4,12,255,255,N,127,127,255,M6AZ5
2025-06-12 00:00:00+00:00,2025-06-08 19:40:37.711000+00:00,19,1,42099006,M6AU5,A,F,0.0001,1.0,2025-09-15 14:16:00+00:00,2025-03-17 21:30:00+00:00,,0.0001,0.006,0.651,10000.0,1.0,,270347,0,42099006,0,10,88,2500,0,0,0,1,2147483647,2147483647,2147483647,20245,314,2025,65535,4,USD,,,6A,XCME,M6A,FFCXSX,FUT,AUD,,,,F,255,255,255,7,255,4,9,255,255,N,127,127,255,M6AU5
2025-06-12 00:00:00+00:00,2025-06-08 19:40:37.961000+00:00,19,1,42172778,M6AU5-M6AM5,A,S,0.0001,1.0,2025-06-16 14:16:00+00:00,2025-03-17 21:30:00+00:00,,,0.001,0.0012,,,,271371,0,42172778,0,10,88,2500,0,0,0,1,2147483647,2147483647,2147483647,20245,314,2025,65535,4,USD,,SD,6A,XCME,M6A,FMCXSX,FUT,AUD,,,,F,255,255,255,3,255,4,6,255,255,N,127,127,255,M6AU5-M6AM5
2025-06-13 00:00:00+00:00,2025-06-08 19:40:37.961000+00:00,19,1,42172778,M6AU5-M6AM5,A,S,0.0001,1.0,2025-06-16 14:16:00+00:00,2025-03-17 21:30:00+00:00,,,0.001,0.0012,,,,271371,0,42172778,0,10,88,2500,0,0,0,1,2147483647,2147483647,2147483647,20245,314,2025,65535,4,USD,,SD,6A,XCME,M6A,FMCXSX,FUT,AUD,,,,F,255,255,255,3,255,4,6,255,255,N,127,127,255,M6AU5-M6AM5
2025-06-13 00:00:00+00:00,2025-06-08 19:40:38.061000+00:00,19,1,42654633,M6AZ5-M6AU5,A,S,0.0001,1.0,2025-09-15 14:16:00+00:00,2025-06-16 21:30:00+00:00,,,0.001,0.0013,,,,271371,0,42654633,0,10,88,2500,0,0,0,1,2147483647,2147483647,2147483647,20245,314,2025,65535,4,USD,,SD,6A,XCME,M6A,FMCXSX,FUT,AUD,,,,F,255,255,255,3,255,4,9,255,255,N,127,127,255,M6AZ5-M6AU5
2025-06-13 00:00:00+00:00,2025-06-08 19:40:37.861000+00:00,19,1,42017519,M6AM5,A,F,0.0001,1.0,2025-06-16 14:16:00+00:00,2024-12-16 22:30:00+00:00,,0.0001,0.006,0.6498,10000.0,1.0,,270347,0,42017519,0,10,88,2500,0,0,0,1,2147483647,2147483647,2147483647,20245,314,2025,65535,4,USD,,,6A,XCME,M6A,FFCXSX,FUT,AUD,,,,F,255,255,255,7,255,4,6,255,255,N,127,127,255,M6AM5
2025-06-13 00:00:00+00:00,2025-06-08 19:40:37.711000+00:00,19,1,42099006,M6AU5,A,F,0.0001,1.0,2025-09-15 14:16:00+00:00,2025-03-17 21:30:00+00:00,,0.0001,0.006,0.651,10000.0,1.0,,270347,0,42099006,0,10,88,2500,0,0,0,1,2147483647,2147483647,2147483647,20245,314,2025,65535,4,USD,,,6A,XCME,M6A,FFCXSX,FUT,AUD,,,,F,255,255,255,7,255,4,9,255,255,N,127,127,255,M6AU5
2025-06-13 00:00:00+00:00,2025-06-08 19:40:37.861000+00:00,19,1,42654336,M6AZ5,A,F,0.0001,1.0,2025-12-15 15:16:00+00:00,2025-06-16 21:30:00+00:00,,0.0001,0.006,0.6522,10000.0,1.0,,270347,0,42654336,0,10,88,2500,0,0,0,1,2147483647,2147483647,2147483647,20245,314,2025,65535,4,USD,,,6A,XCME,M6A,FFCXSX,FUT,AUD,,,,F,255,255,255,7,255,4,12,255,255,N,127,127,255,M6AZ5
2025-06-15 12:09:38.047507525+00:00,2025-06-15 12:09:38.031000+00:00,19,1,42099006,M6AU5,A,F,0.0001,1.0,2025-09-15 14:16:00+00:00,2025-03-17 21:30:00+00:00,,0.0001,0.006,0.6502,10000.0,1.0,,270347,0,42099006,0,10,88,2500,0,0,0,1,2147483647,2147483647,2147483647,20252,314,2025,65535,4,USD,,,6A,XCME,M6A,FFCXSX,FUT,AUD,,,,F,255,255,255,7,255,4,9,255,255,N,127,127,255,M6AU5
2025-06-15 12:09:38.199354446+00:00,2025-06-15 12:09:38.181000+00:00,19,1,42654336,M6AZ5,A,F,0.0001,1.0,2025-12-15 15:16:00+00:00,2025-06-16 21:30:00+00:00,,0.0001,0.006,0.6515,10000.0,1.0,,270347,0,42654336,0,10,88,2500,0,0,0,1,2147483647,2147483647,2147483647,20252,314,2025,65535,4,USD,,,6A,XCME,M6A,FFCXSX,FUT,AUD,,,,F,255,255,255,7,255,4,12,255,255,N,127,127,255,M6AZ5
2025-06-15 12:09:38.201199299+00:00,2025-06-15 12:09:38.181000+00:00,19,1,42017519,M6AM5,A,F,0.0001,1.0,2025-06-16 14:16:00+00:00,2024-12-16 22:30:00+00:00,,0.0001,0.006,0.6491,10000.0,1.0,,270347,0,42017519,0,10,88,2500,0,0,0,1,2147483647,2147483647,2147483647,20252,314,2025,65535,4,USD,,,6A,XCME,M6A,FFCXSX,FUT,AUD,,,,F,255,255,255,7,255,4,6,255,255,N,127,127,255,M6AM5
2025-06-15 12:09:38.291896199+00:00,2025-06-15 12:09:38.281000+00:00,19,1,42172778,M6AU5-M6AM5,A,S,0.0001,1.0,2025-06-16 14:16:00+00:00,2025-03-17 21:30:00+00:00,,,0.001,0.0011,,,,271371,0,42172778,0,10,88,2500,0,0,0,1,2147483647,2147483647,2147483647,20252,314,2025,65535,4,USD,,SD,6A,XCME,M6A,FMCXSX,FUT,AUD,,,,F,255,255,255,3,255,4,6,255,255,N,127,127,255,M6AU5-M6AM5
2025-06-15 12:09:38.392719882+00:00,2025-06-15 12:09:38.381000+00:00,19,1,42654633,M6AZ5-M6AU5,A,S,0.0001,1.0,2025-09-15 14:16:00+00:00,2025-06-16 21:30:00+00:00,,,0.001,0.0013,,,,271371,0,42654633,0,10,88,2500,0,0,0,1,2147483647,2147483647,2147483647,20252,314,2025,65535,4,USD,,SD,6A,XCME,M6A,FMCXSX,FUT,AUD,,,,F,255,255,255,3,255,4,9,255,255,N,127,127,255,M6AZ5-M6AU5
2025-06-16 00:00:00+00:00,2025-06-15 12:09:38.381000+00:00,19,1,42654633,M6AZ5-M6AU5,A,S,0.0001,1.0,2025-09-15 14:16:00+00:00,2025-06-16 21:30:00+00:00,,,0.001,0.0013,,,,271371,0,42654633,0,10,88,2500,0,0,0,1,2147483647,2147483647,2147483647,20252,314,2025,65535,4,USD,,SD,6A,XCME,M6A,FMCXSX,FUT,AUD,,,,F,255,255,255,3,255,4,9,255,255,N,127,127,255,M6AZ5-M6AU5
2025-06-16 00:00:00+00:00,2025-06-15 12:09:38.181000+00:00,19,1,42017519,M6AM5,A,F,0.0001,1.0,2025-06-16 14:16:00+00:00,2024-12-16 22:30:00+00:00,,0.0001,0.006,0.6491,10000.0,1.0,,270347,0,42017519,0,10,88,2500,0,0,0,1,2147483647,2147483647,2147483647,20252,314,2025,65535,4,USD,,,6A,XCME,M6A,FFCXSX,FUT,AUD,,,,F,255,255,255,7,255,4,6,255,255,N,127,127,255,M6AM5
2025-06-16 00:00:00+00:00,2025-06-15 12:09:38.181000+00:00,19,1,42654336,M6AZ5,A,F,0.0001,1.0,2025-12-15 15:16:00+00:00,2025-06-16 21:30:00+00:00,,0.0001,0.006,0.6515,10000.0,1.0,,270347,0,42654336,0,10,88,2500,0,0,0,1,2147483647,2147483647,2147483647,20252,314,2025,65535,4,USD,,,6A,XCME,M6A,FFCXSX,FUT,AUD,,,,F,255,255,255,7,255,4,12,255,255,N,127,127,255,M6AZ5
2025-06-16 00:00:00+00:00,2025-06-15 12:09:38.031000+00:00,19,1,42099006,M6AU5,A,F,0.0001,1.0,2025-09-15 14:16:00+00:00,2025-03-17 21:30:00+00:00,,0.0001,0.006,0.6502,10000.0,1.0,,270347,0,42099006,0,10,88,2500,0,0,0,1,2147483647,2147483647,2147483647,20252,314,2025,65535,4,USD,,,6A,XCME,M6A,FFCXSX,FUT,AUD,,,,F,255,255,255,7,255,4,9,255,255,N,127,127,255,M6AU5
2025-06-16 00:00:00+00:00,2025-06-15 12:09:38.281000+00:00,19,1,42172778,M6AU5-M6AM5,A,S,0.0001,1.0,2025-06-16 14:16:00+00:00,2025-03-17 21:30:00+00:00,,,0.001,0.0011,,,,271371,0,42172778,0,10,88,2500,0,0,0,1,2147483647,2147483647,2147483647,20252,314,2025,65535,4,USD,,SD,6A,XCME,M6A,FMCXSX,FUT,AUD,,,,F,255,255,255,3,255,4,6,255,255,N,127,127,255,M6AU5-M6AM5
2025-06-17 00:00:00+00:00,2025-06-15 12:09:38.381000+00:00,19,1,42654633,M6AZ5-M6AU5,A,S,0.0001,1.0,2025-09-15 14:16:00+00:00,2025-06-16 21:30:00+00:00,,,0.001,0.0013,,,,271371,0,42654633,0,10,88,2500,0,0,0,1,2147483647,2147483647,2147483647,20252,314,2025,65535,4,USD,,SD,6A,XCME,M6A,FMCXSX,FUT,AUD,,,,F,255,255,255,3,255,4,9,255,255,N,127,127,255,M6AZ5-M6AU5
2025-06-17 00:00:00+00:00,2025-06-15 12:09:38.281000+00:00,19,1,42172778,M6AU5-M6AM5,A,S,0.0001,1.0,2025-06-16 14:16:00+00:00,2025-03-17 21:30:00+00:00,,,0.001,0.0011,,,,271371,0,42172778,0,10,88,2500,0,0,0,1,2147483647,2147483647,2147483647,20252,314,2025,65535,4,USD,,SD,6A,XCME,M6A,FMCXSX,FUT,AUD,,,,F,255,255,255,3,255,4,6,255,255,N,127,127,255,M6AU5-M6AM5
2025-06-17 00:00:00+00:00,2025-06-15 12:09:38.181000+00:00,19,1,42017519,M6AM5,A,F,0.0001,1.0,2025-06-16 14:16:00+00:00,2024-12-16 22:30:00+00:00,,0.0001,0.006,0.6491,10000.0,1.0,,270347,0,42017519,0,10,88,2500,0,0,0,1,2147483647,2147483647,2147483647,20252,314,2025,65535,4,USD,,,6A,XCME,M6A,FFCXSX,FUT,AUD,,,,F,255,255,255,7,255,4,6,255,255,N,127,127,255,M6AM5
2025-06-17 00:00:00+00:00,2025-06-15 12:09:38.031000+00:00,19,1,42099006,M6AU5,A,F,0.0001,1.0,2025-09-15 14:16:00+00:00,2025-03-17 21:30:00+00:00,,0.0001,0.006,0.6502,10000.0,1.0,,270347,0,42099006,0,10,88,2500,0,0,0,1,2147483647,2147483647,2147483647,20252,314,2025,65535,4,USD,,,6A,XCME,M6A,FFCXSX,FUT,AUD,,,,F,255,255,255,7,255,4,9,255,255,N,127,127,255,M6AU5
2025-06-17 00:00:00+00:00,2025-06-15 12:09:38.181000+00:00,19,1,42654336,M6AZ5,A,F,0.0001,1.0,2025-12-15 15:16:00+00:00,2025-06-16 21:30:00+00:00,,0.0001,0.006,0.6515,10000.0,1.0,,270347,0,42654336,0,10,88,2500,0,0,0,1,2147483647,2147483647,2147483647,20252,314,2025,65535,4,USD,,,6A,XCME,M6A,FFCXSX,FUT,AUD,,,,F,255,255,255,7,255,4,12,255,255,N,127,127,255,M6AZ5
2025-06-18 00:00:00+00:00,2025-06-15 12:09:38.381000+00:00,19,1,42654633,M6AZ5-M6AU5,A,S,0.0001,1.0,2025-09-15 14:16:00+00:00,2025-06-16 21:30:00+00:00,,,0.001,0.0013,,,,271371,0,42654633,0,10,88,2500,0,0,0,1,2147483647,2147483647,2147483647,20252,314,2025,65535,4,USD,,SD,6A,XCME,M6A,FMCXSX,FUT,AUD,,,,F,255,255,255,3,255,4,9,255,255,N,127,127,255,M6AZ5-M6AU5
2025-06-18 00:00:00+00:00,2025-06-15 12:09:38.281000+00:00,19,1,42172778,M6AU5-M6AM5,A,S,0.0001,1.0,2025-06-16 14:16:00+00:00,2025-03-17 21:30:00+00:00,,,0.001,0.0011,,,,271371,0,42172778,0,10,88,2500,0,0,0,1,2147483647,2147483647,2147483647,20252,314,2025,65535,4,USD,,SD,6A,XCME,M6A,FMCXSX,FUT,AUD,,,,F,255,255,255,3,255,4,6,255,255,N,127,127,255,M6AU5-M6AM5
2025-06-18 00:00:00+00:00,2025-06-15 12:09:38.181000+00:00,19,1,42017519,M6AM5,A,F,0.0001,1.0,2025-06-16 14:16:00+00:00,2024-12-16 22:30:00+00:00,,0.0001,0.006,0.6491,10000.0,1.0,,270347,0,42017519,0,10,88,2500,0,0,0,1,2147483647,2147483647,2147483647,20252,314,2025,65535,4,USD,,,6A,XCME,M6A,FFCXSX,FUT,AUD,,,,F,255,255,255,7,255,4,6,255,255,N,127,127,255,M6AM5
2025-06-18 00:00:00+00:00,2025-06-15 12:09:38.031000+00:00,19,1,42099006,M6AU5,A,F,0.0001,1.0,2025-09-15 14:16:00+00:00,2025-03-17 21:30:00+00:00,,0.0001,0.006,0.6502,10000.0,1.0,,270347,0,42099006,0,10,88,2500,0,0,0,1,2147483647,2147483647,2147483647,20252,314,2025,65535,4,USD,,,6A,XCME,M6A,FFCXSX,FUT,AUD,,,,F,255,255,255,7,255,4,9,255,255,N,127,127,255,M6AU5
2025-06-18 00:00:00+00:00,2025-06-15 12:09:38.181000+00:00,19,1,42654336,M6AZ5,A,F,0.0001,1.0,2025-12-15 15:16:00+00:00,2025-06-16 21:30:00+00:00,,0.0001,0.006,0.6515,10000.0,1.0,,270347,0,42654336,0,10,88,2500,0,0,0,1,2147483647,2147483647,2147483647,20252,314,2025,65535,4,USD,,,6A,XCME,M6A,FFCXSX,FUT,AUD,,,,F,255,255,255,7,255,4,12,255,255,N,127,127,255,M6AZ5
2025-06-19 00:00:00+00:00,2025-06-15 12:09:38.381000+00:00,19,1,42654633,M6AZ5-M6AU5,A,S,0.0001,1.0,2025-09-15 14:16:00+00:00,2025-06-16 21:30:00+00:00,,,0.001,0.0013,,,,271371,0,42654633,0,10,88,2500,0,0,0,1,2147483647,2147483647,2147483647,20252,314,2025,65535,4,USD,,SD,6A,XCME,M6A,FMCXSX,FUT,AUD,,,,F,255,255,255,3,255,4,9,255,255,N,127,127,255,M6AZ5-M6AU5
2025-06-19 00:00:00+00:00,2025-06-15 12:09:38.181000+00:00,19,1,42017519,M6AM5,A,F,0.0001,1.0,2025-06-16 14:16:00+00:00,2024-12-16 22:30:00+00:00,,0.0001,0.006,0.6491,10000.0,1.0,,270347,0,42017519,0,10,88,2500,0,0,0,1,2147483647,2147483647,2147483647,20252,314,2025,65535,4,USD,,,6A,XCME,M6A,FFCXSX,FUT,AUD,,,,F,255,255,255,7,255,4,6,255,255,N,127,127,255,M6AM5
2025-06-19 00:00:00+00:00,2025-06-15 12:09:38.181000+00:00,19,1,42654336,M6AZ5,A,F,0.0001,1.0,2025-12-15 15:16:00+00:00,2025-06-16 21:30:00+00:00,,0.0001,0.006,0.6515,10000.0,1.0,,270347,0,42654336,0,10,88,2500,0,0,0,1,2147483647,2147483647,2147483647,20252,314,2025,65535,4,USD,,,6A,XCME,M6A,FFCXSX,FUT,AUD,,,,F,255,255,255,7,255,4,12,255,255,N,127,127,255,M6AZ5
2025-06-19 00:00:00+00:00,2025-06-15 12:09:38.031000+00:00,19,1,42099006,M6AU5,A,F,0.0001,1.0,2025-09-15 14:16:00+00:00,2025-03-17 21:30:00+00:00,,0.0001,0.006,0.6502,10000.0,1.0,,270347,0,42099006,0,10,88,2500,0,0,0,1,2147483647,2147483647,2147483647,20252,314,2025,65535,4,USD,,,6A,XCME,M6A,FFCXSX,FUT,AUD,,,,F,255,255,255,7,255,4,9,255,255,N,127,127,255,M6AU5
2025-06-19 00:00:00+00:00,2025-06-15 12:09:38.281000+00:00,19,1,42172778,M6AU5-M6AM5,A,S,0.0001,1.0,2025-06-16 14:16:00+00:00,2025-03-17 21:30:00+00:00,,,0.001,0.0011,,,,271371,0,42172778,0,10,88,2500,0,0,0,1,2147483647,2147483647,2147483647,20252,314,2025,65535,4,USD,,SD,6A,XCME,M6A,FMCXSX,FUT,AUD,,,,F,255,255,255,3,255,4,6,255,255,N,127,127,255,M6AU5-M6AM5
2025-06-20 00:00:00+00:00,2025-06-15 12:09:38.381000+00:00,19,1,42654633,M6AZ5-M6AU5,A,S,0.0001,1.0,2025-09-15 14:16:00+00:00,2025-06-16 21:30:00+00:00,,,0.001,0.0013,,,,271371,0,42654633,0,10,88,2500,0,0,0,1,2147483647,2147483647,2147483647,20252,314,2025,65535,4,USD,,SD,6A,XCME,M6A,FMCXSX,FUT,AUD,,,,F,255,255,255,3,255,4,9,255,255,N,127,127,255,M6AZ5-M6AU5
2025-06-20 00:00:00+00:00,2025-06-15 12:09:38.181000+00:00,19,1,42017519,M6AM5,A,F,0.0001,1.0,2025-06-16 14:16:00+00:00,2024-12-16 22:30:00+00:00,,0.0001,0.006,0.6491,10000.0,1.0,,270347,0,42017519,0,10,88,2500,0,0,0,1,2147483647,2147483647,2147483647,20252,314,2025,65535,4,USD,,,6A,XCME,M6A,FFCXSX,FUT,AUD,,,,F,255,255,255,7,255,4,6,255,255,N,127,127,255,M6AM5
2025-06-20 00:00:00+00:00,2025-06-15 12:09:38.181000+00:00,19,1,42654336,M6AZ5,A,F,0.0001,1.0,2025-12-15 15:16:00+00:00,2025-06-16 21:30:00+00:00,,0.0001,0.006,0.6515,10000.0,1.0,,270347,0,42654336,0,10,88,2500,0,0,0,1,2147483647,2147483647,2147483647,20252,314,2025,65535,4,USD,,,6A,XCME,M6A,FFCXSX,FUT,AUD,,,,F,255,255,255,7,255,4,12,255,255,N,127,127,255,M6AZ5
2025-06-20 00:00:00+00:00,2025-06-15 12:09:38.031000+00:00,19,1,42099006,M6AU5,A,F,0.0001,1.0,2025-09-15 14:16:00+00:00,2025-03-17 21:30:00+00:00,,0.0001,0.006,0.6502,10000.0,1.0,,270347,0,42099006,0,10,88,2500,0,0,0,1,2147483647,2147483647,2147483647,20252,314,2025,65535,4,USD,,,6A,XCME,M6A,FFCXSX,FUT,AUD,,,,F,255,255,255,7,255,4,9,255,255,N,127,127,255,M6AU5
2025-06-20 00:00:00+00:00,2025-06-15 12:09:38.281000+00:00,19,1,42172778,M6AU5-M6AM5,A,S,0.0001,1.0,2025-06-16 14:16:00+00:00,2025-03-17 21:30:00+00:00,,,0.001,0.0011,,,,271371,0,42172778,0,10,88,2500,0,0,0,1,2147483647,2147483647,2147483647,20252,314,2025,65535,4,USD,,SD,6A,XCME,M6A,FMCXSX,FUT,AUD,,,,F,255,255,255,3,255,4,6,255,255,N,127,127,255,M6AU5-M6AM5
2025-06-22 12:06:42.115200773+00:00,2025-06-22 12:06:42.101000+00:00,19,1,42099006,M6AU5,A,F,0.0001,1.0,2025-09-15 14:16:00+00:00,2025-03-17 21:30:00+00:00,,0.0001,0.006,0.6465,10000.0,1.0,,270347,0,42099006,0,10,88,2500,0,0,0,1,2147483647,2147483647,2147483647,20259,314,2025,65535,4,USD,,,6A,XCME,M6A,FFCXSX,FUT,AUD,,,,F,255,255,255,6,255,4,9,255,255,N,127,127,255,M6AU5
2025-06-22 12:06:42.268812667+00:00,2025-06-22 12:06:42.251000+00:00,19,1,42654336,M6AZ5,A,F,0.0001,1.0,2025-12-15 15:16:00+00:00,2025-06-16 21:30:00+00:00,,0.0001,0.006,0.6478,10000.0,1.0,,270347,0,42654336,0,10,88,2500,0,0,0,1,2147483647,2147483647,2147483647,20259,314,2025,65535,4,USD,,,6A,XCME,M6A,FFCXSX,FUT,AUD,,,,F,255,255,255,6,255,4,12,255,255,N,127,127,255,M6AZ5
2025-06-22 12:06:42.420849782+00:00,2025-06-22 12:06:42.401000+00:00,19,1,42654633,M6AZ5-M6AU5,A,S,0.0001,1.0,2025-09-15 14:16:00+00:00,2025-06-16 21:30:00+00:00,,,0.001,0.0013,,,,271371,0,42654633,0,10,88,2500,0,0,0,1,2147483647,2147483647,2147483647,20259,314,2025,65535,4,USD,,SD,6A,XCME,M6A,FMCXSX,FUT,AUD,,,,F,255,255,255,2,255,4,9,255,255,N,127,127,255,M6AZ5-M6AU5
2025-06-23 00:00:00+00:00,2025-06-22 12:06:42.101000+00:00,19,1,42099006,M6AU5,A,F,0.0001,1.0,2025-09-15 14:16:00+00:00,2025-03-17 21:30:00+00:00,,0.0001,0.006,0.6465,10000.0,1.0,,270347,0,42099006,0,10,88,2500,0,0,0,1,2147483647,2147483647,2147483647,20259,314,2025,65535,4,USD,,,6A,XCME,M6A,FFCXSX,FUT,AUD,,,,F,255,255,255,6,255,4,9,255,255,N,127,127,255,M6AU5
2025-06-23 00:00:00+00:00,2025-06-22 12:06:42.401000+00:00,19,1,42654633,M6AZ5-M6AU5,A,S,0.0001,1.0,2025-09-15 14:16:00+00:00,2025-06-16 21:30:00+00:00,,,0.001,0.0013,,,,271371,0,42654633,0,10,88,2500,0,0,0,1,2147483647,2147483647,2147483647,20259,314,2025,65535,4,USD,,SD,6A,XCME,M6A,FMCXSX,FUT,AUD,,,,F,255,255,255,2,255,4,9,255,255,N,127,127,255,M6AZ5-M6AU5
2025-06-23 00:00:00+00:00,2025-06-22 12:06:42.251000+00:00,19,1,42654336,M6AZ5,A,F,0.0001,1.0,2025-12-15 15:16:00+00:00,2025-06-16 21:30:00+00:00,,0.0001,0.006,0.6478,10000.0,1.0,,270347,0,42654336,0,10,88,2500,0,0,0,1,2147483647,2147483647,2147483647,20259,314,2025,65535,4,USD,,,6A,XCME,M6A,FFCXSX,FUT,AUD,,,,F,255,255,255,6,255,4,12,255,255,N,127,127,255,M6AZ5
2025-06-24 00:00:00+00:00,2025-06-22 12:06:42.101000+00:00,19,1,42099006,M6AU5,A,F,0.0001,1.0,2025-09-15 14:16:00+00:00,2025-03-17 21:30:00+00:00,,0.0001,0.006,0.6465,10000.0,1.0,,270347,0,42099006,0,10,88,2500,0,0,0,1,2147483647,2147483647,2147483647,20259,314,2025,65535,4,USD,,,6A,XCME,M6A,FFCXSX,FUT,AUD,,,,F,255,255,255,6,255,4,9,255,255,N,127,127,255,M6AU5
2025-06-24 00:00:00+00:00,2025-06-22 12:06:42.401000+00:00,19,1,42654633,M6AZ5-M6AU5,A,S,0.0001,1.0,2025-09-15 14:16:00+00:00,2025-06-16 21:30:00+00:00,,,0.001,0.0013,,,,271371,0,42654633,0,10,88,2500,0,0,0,1,2147483647,2147483647,2147483647,20259,314,2025,65535,4,USD,,SD,6A,XCME,M6A,FMCXSX,FUT,AUD,,,,F,255,255,255,2,255,4,9,255,255,N,127,127,255,M6AZ5-M6AU5
2025-06-24 00:00:00+00:00,2025-06-22 12:06:42.251000+00:00,19,1,42654336,M6AZ5,A,F,0.0001,1.0,2025-12-15 15:16:00+00:00,2025-06-16 21:30:00+00:00,,0.0001,0.006,0.6478,10000.0,1.0,,270347,0,42654336,0,10,88,2500,0,0,0,1,2147483647,2147483647,2147483647,20259,314,2025,65535,4,USD,,,6A,XCME,M6A,FFCXSX,FUT,AUD,,,,F,255,255,255,6,255,4,12,255,255,N,127,127,255,M6AZ5
2025-06-25 00:00:00+00:00,2025-06-22 12:06:42.101000+00:00,19,1,42099006,M6AU5,A,F,0.0001,1.0,2025-09-15 14:16:00+00:00,2025-03-17 21:30:00+00:00,,0.0001,0.006,0.6465,10000.0,1.0,,270347,0,42099006,0,10,88,2500,0,0,0,1,2147483647,2147483647,2147483647,20259,314,2025,65535,4,USD,,,6A,XCME,M6A,FFCXSX,FUT,AUD,,,,F,255,255,255,6,255,4,9,255,255,N,127,127,255,M6AU5
2025-06-25 00:00:00+00:00,2025-06-22 12:06:42.401000+00:00,19,1,42654633,M6AZ5-M6AU5,A,S,0.0001,1.0,2025-09-15 14:16:00+00:00,2025-06-16 21:30:00+00:00,,,0.001,0.0013,,,,271371,0,42654633,0,10,88,2500,0,0,0,1,2147483647,2147483647,2147483647,20259,314,2025,65535,4,USD,,SD,6A,XCME,M6A,FMCXSX,FUT,AUD,,,,F,255,255,255,2,255,4,9,255,255,N,127,127,255,M6AZ5-M6AU5
2025-06-25 00:00:00+00:00,2025-06-22 12:06:42.251000+00:00,19,1,42654336,M6AZ5,A,F,0.0001,1.0,2025-12-15 15:16:00+00:00,2025-06-16 21:30:00+00:00,,0.0001,0.006,0.6478,10000.0,1.0,,270347,0,42654336,0,10,88,2500,0,0,0,1,2147483647,2147483647,2147483647,20259,314,2025,65535,4,USD,,,6A,XCME,M6A,FFCXSX,FUT,AUD,,,,F,255,255,255,6,255,4,12,255,255,N,127,127,255,M6AZ5
2025-06-26 00:00:00+00:00,2025-06-22 12:06:42.101000+00:00,19,1,42099006,M6AU5,A,F,0.0001,1.0,2025-09-15 14:16:00+00:00,2025-03-17 21:30:00+00:00,,0.0001,0.006,0.6465,10000.0,1.0,,270347,0,42099006,0,10,88,2500,0,0,0,1,2147483647,2147483647,2147483647,20259,314,2025,65535,4,USD,,,6A,XCME,M6A,FFCXSX,FUT,AUD,,,,F,255,255,255,6,255,4,9,255,255,N,127,127,255,M6AU5
2025-06-26 00:00:00+00:00,2025-06-22 12:06:42.401000+00:00,19,1,42654633,M6AZ5-M6AU5,A,S,0.0001,1.0,2025-09-15 14:16:00+00:00,2025-06-16 21:30:00+00:00,,,0.001,0.0013,,,,271371,0,42654633,0,10,88,2500,0,0,0,1,2147483647,2147483647,2147483647,20259,314,2025,65535,4,USD,,SD,6A,XCME,M6A,FMCXSX,FUT,AUD,,,,F,255,255,255,2,255,4,9,255,255,N,127,127,255,M6AZ5-M6AU5
2025-06-26 00:00:00+00:00,2025-06-22 12:06:42.251000+00:00,19,1,42654336,M6AZ5,A,F,0.0001,1.0,2025-12-15 15:16:00+00:00,2025-06-16 21:30:00+00:00,,0.0001,0.006,0.6478,10000.0,1.0,,270347,0,42654336,0,10,88,2500,0,0,0,1,2147483647,2147483647,2147483647,20259,314,2025,65535,4,USD,,,6A,XCME,M6A,FFCXSX,FUT,AUD,,,,F,255,255,255,6,255,4,12,255,255,N,127,127,255,M6AZ5
2025-06-27 00:00:00+00:00,2025-06-22 12:06:42.101000+00:00,19,1,42099006,M6AU5,A,F,0.0001,1.0,2025-09-15 14:16:00+00:00,2025-03-17 21:30:00+00:00,,0.0001,0.006,0.6465,10000.0,1.0,,270347,0,42099006,0,10,88,2500,0,0,0,1,2147483647,2147483647,2147483647,20259,314,2025,65535,4,USD,,,6A,XCME,M6A,FFCXSX,FUT,AUD,,,,F,255,255,255,6,255,4,9,255,255,N,127,127,255,M6AU5
2025-06-27 00:00:00+00:00,2025-06-22 12:06:42.401000+00:00,19,1,42654633,M6AZ5-M6AU5,A,S,0.0001,1.0,2025-09-15 14:16:00+00:00,2025-06-16 21:30:00+00:00,,,0.001,0.0013,,,,271371,0,42654633,0,10,88,2500,0,0,0,1,2147483647,2147483647,2147483647,20259,314,2025,65535,4,USD,,SD,6A,XCME,M6A,FMCXSX,FUT,AUD,,,,F,255,255,255,2,255,4,9,255,255,N,127,127,255,M6AZ5-M6AU5
2025-06-27 00:00:00+00:00,2025-06-22 12:06:42.251000+00:00,19,1,42654336,M6AZ5,A,F,0.0001,1.0,2025-12-15 15:16:00+00:00,2025-06-16 21:30:00+00:00,,0.0001,0.006,0.6478,10000.0,1.0,,270347,0,42654336,0,10,88,2500,0,0,0,1,2147483647,2147483647,2147483647,20259,314,2025,65535,4,USD,,,6A,XCME,M6A,FFCXSX,FUT,AUD,,,,F,255,255,255,6,255,4,12,255,255,N,127,127,255,M6AZ5
2025-06-29 11:33:36.581070604+00:00,2025-06-29 11:33:36.567000+00:00,19,1,42099006,M6AU5,A,F,0.0001,1.0,2025-09-15 14:16:00+00:00,2025-03-17 21:30:00+00:00,,0.0001,0.006,0.6529,10000.0,1.0,,270347,0,42099006,0,10,88,2500,0,0,0,1,2147483647,2147483647,2147483647,20266,314,2025,65535,4,USD,,,6A,XCME,M6A,FFCXSX,FUT,AUD,,,,F,255,255,255,7,255,4,9,255,255,N,127,127,255,M6AU5
2025-06-29 11:33:36.734902143+00:00,2025-06-29 11:33:36.717000+00:00,19,1,42654336,M6AZ5,A,F,0.0001,1.0,2025-12-15 15:16:00+00:00,2025-06-16 21:30:00+00:00,,0.0001,0.006,0.6541,10000.0,1.0,,270347,0,42654336,0,10,88,2500,0,0,0,1,2147483647,2147483647,2147483647,20266,314,2025,65535,4,USD,,,6A,XCME,M6A,FFCXSX,FUT,AUD,,,,F,255,255,255,7,255,4,12,255,255,N,127,127,255,M6AZ5
2025-06-29 11:33:36.886943624+00:00,2025-06-29 11:33:36.867000+00:00,19,1,42654633,M6AZ5-M6AU5,A,S,0.0001,1.0,2025-09-15 14:16:00+00:00,2025-06-16 21:30:00+00:00,,,0.001,0.0012,,,,271371,0,42654633,0,10,88,2500,0,0,0,1,2147483647,2147483647,2147483647,20266,314,2025,65535,4,USD,,SD,6A,XCME,M6A,FMCXSX,FUT,AUD,,,,F,255,255,255,3,255,4,9,255,255,N,127,127,255,M6AZ5-M6AU5
2025-06-30 00:00:00+00:00,2025-06-29 11:33:36.567000+00:00,19,1,42099006,M6AU5,A,F,0.0001,1.0,2025-09-15 14:16:00+00:00,2025-03-17 21:30:00+00:00,,0.0001,0.006,0.6529,10000.0,1.0,,270347,0,42099006,0,10,88,2500,0,0,0,1,2147483647,2147483647,2147483647,20266,314,2025,65535,4,USD,,,6A,XCME,M6A,FFCXSX,FUT,AUD,,,,F,255,255,255,7,255,4,9,255,255,N,127,127,255,M6AU5
2025-06-30 00:00:00+00:00,2025-06-29 11:33:36.867000+00:00,19,1,42654633,M6AZ5-M6AU5,A,S,0.0001,1.0,2025-09-15 14:16:00+00:00,2025-06-16 21:30:00+00:00,,,0.001,0.0012,,,,271371,0,42654633,0,10,88,2500,0,0,0,1,2147483647,2147483647,2147483647,20266,314,2025,65535,4,USD,,SD,6A,XCME,M6A,FMCXSX,FUT,AUD,,,,F,255,255,255,3,255,4,9,255,255,N,127,127,255,M6AZ5-M6AU5
2025-06-30 00:00:00+00:00,2025-06-29 11:33:36.717000+00:00,19,1,42654336,M6AZ5,A,F,0.0001,1.0,2025-12-15 15:16:00+00:00,2025-06-16 21:30:00+00:00,,0.0001,0.006,0.6541,10000.0,1.0,,270347,0,42654336,0,10,88,2500,0,0,0,1,2147483647,2147483647,2147483647,20266,314,2025,65535,4,USD,,,6A,XCME,M6A,FFCXSX,FUT,AUD,,,,F,255,255,255,7,255,4,12,255,255,N,127,127,255,M6AZ5
2025-07-01 00:00:00+00:00,2025-06-29 11:33:36.567000+00:00,19,1,42099006,M6AU5,A,F,0.0001,1.0,2025-09-15 14:16:00+00:00,2025-03-17 21:30:00+00:00,,0.0001,0.006,0.6529,10000.0,1.0,,270347,0,42099006,0,10,88,2500,0,0,0,1,2147483647,2147483647,2147483647,20266,314,2025,65535,4,USD,,,6A,XCME,M6A,FFCXSX,FUT,AUD,,,,F,255,255,255,7,255,4,9,255,255,N,127,127,255,M6AU5
2025-07-01 00:00:00+00:00,2025-06-29 11:33:36.867000+00:00,19,1,42654633,M6AZ5-M6AU5,A,S,0.0001,1.0,2025-09-15 14:16:00+00:00,2025-06-16 21:30:00+00:00,,,0.001,0.0012,,,,271371,0,42654633,0,10,88,2500,0,0,0,1,2147483647,2147483647,2147483647,20266,314,2025,65535,4,USD,,SD,6A,XCME,M6A,FMCXSX,FUT,AUD,,,,F,255,255,255,3,255,4,9,255,255,N,127,127,255,M6AZ5-M6AU5
2025-07-01 00:00:00+00:00,2025-06-29 11:33:36.717000+00:00,19,1,42654336,M6AZ5,A,F,0.0001,1.0,2025-12-15 15:16:00+00:00,2025-06-16 21:30:00+00:00,,0.0001,0.006,0.6541,10000.0,1.0,,270347,0,42654336,0,10,88,2500,0,0,0,1,2147483647,2147483647,2147483647,20266,314,2025,65535,4,USD,,,6A,XCME,M6A,FFCXSX,FUT,AUD,,,,F,255,255,255,7,255,4,12,255,255,N,127,127,255,M6AZ5
2025-07-02 00:00:00+00:00,2025-06-29 11:33:36.567000+00:00,19,1,42099006,M6AU5,A,F,0.0001,1.0,2025-09-15 14:16:00+00:00,2025-03-17 21:30:00+00:00,,0.0001,0.006,0.6529,10000.0,1.0,,270347,0,42099006,0,10,88,2500,0,0,0,1,2147483647,2147483647,2147483647,20266,314,2025,65535,4,USD,,,6A,XCME,M6A,FFCXSX,FUT,AUD,,,,F,255,255,255,7,255,4,9,255,255,N,127,127,255,M6AU5
2025-07-02 00:00:00+00:00,2025-06-29 11:33:36.867000+00:00,19,1,42654633,M6AZ5-M6AU5,A,S,0.0001,1.0,2025-09-15 14:16:00+00:00,2025-06-16 21:30:00+00:00,,,0.001,0.0012,,,,271371,0,42654633,0,10,88,2500,0,0,0,1,2147483647,2147483647,2147483647,20266,314,2025,65535,4,USD,,SD,6A,XCME,M6A,FMCXSX,FUT,AUD,,,,F,255,255,255,3,255,4,9,255,255,N,127,127,255,M6AZ5-M6AU5
2025-07-02 00:00:00+00:00,2025-06-29 11:33:36.717000+00:00,19,1,42654336,M6AZ5,A,F,0.0001,1.0,2025-12-15 15:16:00+00:00,2025-06-16 21:30:00+00:00,,0.0001,0.006,0.6541,10000.0,1.0,,270347,0,42654336,0,10,88,2500,0,0,0,1,2147483647,2147483647,2147483647,20266,314,2025,65535,4,USD,,,6A,XCME,M6A,FFCXSX,FUT,AUD,,,,F,255,255,255,7,255,4,12,255,255,N,127,127,255,M6AZ5
2025-07-03 00:00:00+00:00,2025-06-29 11:33:36.567000+00:00,19,1,42099006,M6AU5,A,F,0.0001,1.0,2025-09-15 14:16:00+00:00,2025-03-17 21:30:00+00:00,,0.0001,0.006,0.6529,10000.0,1.0,,270347,0,42099006,0,10,88,2500,0,0,0,1,2147483647,2147483647,2147483647,20266,314,2025,65535,4,USD,,,6A,XCME,M6A,FFCXSX,FUT,AUD,,,,F,255,255,255,7,255,4,9,255,255,N,127,127,255,M6AU5
2025-07-03 00:00:00+00:00,2025-06-29 11:33:36.867000+00:00,19,1,42654633,M6AZ5-M6AU5,A,S,0.0001,1.0,2025-09-15 14:16:00+00:00,2025-06-16 21:30:00+00:00,,,0.001,0.0012,,,,271371,0,42654633,0,10,88,2500,0,0,0,1,2147483647,2147483647,2147483647,20266,314,2025,65535,4,USD,,SD,6A,XCME,M6A,FMCXSX,FUT,AUD,,,,F,255,255,255,3,255,4,9,255,255,N,127,127,255,M6AZ5-M6AU5
2025-07-03 00:00:00+00:00,2025-06-29 11:33:36.717000+00:00,19,1,42654336,M6AZ5,A,F,0.0001,1.0,2025-12-15 15:16:00+00:00,2025-06-16 21:30:00+00:00,,0.0001,0.006,0.6541,10000.0,1.0,,270347,0,42654336,0,10,88,2500,0,0,0,1,2147483647,2147483647,2147483647,20266,314,2025,65535,4,USD,,,6A,XCME,M6A,FFCXSX,FUT,AUD,,,,F,255,255,255,7,255,4,12,255,255,N,127,127,255,M6AZ5
2025-07-04 00:00:00+00:00,2025-06-29 11:33:36.567000+00:00,19,1,42099006,M6AU5,A,F,0.0001,1.0,2025-09-15 14:16:00+00:00,2025-03-17 21:30:00+00:00,,0.0001,0.006,0.6529,10000.0,1.0,,270347,0,42099006,0,10,88,2500,0,0,0,1,2147483647,2147483647,2147483647,20266,314,2025,65535,4,USD,,,6A,XCME,M6A,FFCXSX,FUT,AUD,,,,F,255,255,255,7,255,4,9,255,255,N,127,127,255,M6AU5
2025-07-04 00:00:00+00:00,2025-06-29 11:33:36.867000+00:00,19,1,42654633,M6AZ5-M6AU5,A,S,0.0001,1.0,2025-09-15 14:16:00+00:00,2025-06-16 21:30:00+00:00,,,0.001,0.0012,,,,271371,0,42654633,0,10,88,2500,0,0,0,1,2147483647,2147483647,2147483647,20266,314,2025,65535,4,USD,,SD,6A,XCME,M6A,FMCXSX,FUT,AUD,,,,F,255,255,255,3,255,4,9,255,255,N,127,127,255,M6AZ5-M6AU5
2025-07-04 00:00:00+00:00,2025-06-29 11:33:36.717000+00:00,19,1,42654336,M6AZ5,A,F,0.0001,1.0,2025-12-15 15:16:00+00:00,2025-06-16 21:30:00+00:00,,0.0001,0.006,0.6541,10000.0,1.0,,270347,0,42654336,0,10,88,2500,0,0,0,1,2147483647,2147483647,2147483647,20266,314,2025,65535,4,USD,,,6A,XCME,M6A,FFCXSX,FUT,AUD,,,,F,255,255,255,7,255,4,12,255,255,N,127,127,255,M6AZ5
2025-07-06 11:49:25.441835915+00:00,2025-07-06 11:49:25.426000+00:00,19,1,42099006,M6AU5,A,F,0.0001,1.0,2025-09-15 14:16:00+00:00,2025-03-17 21:30:00+00:00,,0.0001,0.006,0.6581,10000.0,1.0,,270347,0,42099006,0,10,88,2500,0,0,0,1,2147483647,2147483647,2147483647,20272,314,2025,65535,4,USD,,,6A,XCME,M6A,FFCXSX,FUT,AUD,,,,F,255,255,255,7,255,4,9,255,255,N,127,127,255,M6AU5
2025-07-06 11:49:25.597288695+00:00,2025-07-06 11:49:25.576000+00:00,19,1,42654336,M6AZ5,A,F,0.0001,1.0,2025-12-15 15:16:00+00:00,2025-06-16 21:30:00+00:00,,0.0001,0.006,0.6595,10000.0,1.0,,270347,0,42654336,0,10,88,2500,0,0,0,1,2147483647,2147483647,2147483647,20272,314,2025,65535,4,USD,,,6A,XCME,M6A,FFCXSX,FUT,AUD,,,,F,255,255,255,7,255,4,12,255,255,N,127,127,255,M6AZ5
2025-07-06 11:49:25.782983553+00:00,2025-07-06 11:49:25.776000+00:00,19,1,42654633,M6AZ5-M6AU5,A,S,0.0001,1.0,2025-09-15 14:16:00+00:00,2025-06-16 21:30:00+00:00,,,0.001,0.0014,,,,271371,0,42654633,0,10,88,2500,0,0,0,1,2147483647,2147483647,2147483647,20272,314,2025,65535,4,USD,,SD,6A,XCME,M6A,FMCXSX,FUT,AUD,,,,F,255,255,255,3,255,4,9,255,255,N,127,127,255,M6AZ5-M6AU5
2025-07-07 00:00:00+00:00,2025-07-06 11:49:25.426000+00:00,19,1,42099006,M6AU5,A,F,0.0001,1.0,2025-09-15 14:16:00+00:00,2025-03-17 21:30:00+00:00,,0.0001,0.006,0.6581,10000.0,1.0,,270347,0,42099006,0,10,88,2500,0,0,0,1,2147483647,2147483647,2147483647,20272,314,2025,65535,4,USD,,,6A,XCME,M6A,FFCXSX,FUT,AUD,,,,F,255,255,255,7,255,4,9,255,255,N,127,127,255,M6AU5
2025-07-07 00:00:00+00:00,2025-07-06 11:49:25.776000+00:00,19,1,42654633,M6AZ5-M6AU5,A,S,0.0001,1.0,2025-09-15 14:16:00+00:00,2025-06-16 21:30:00+00:00,,,0.001,0.0014,,,,271371,0,42654633,0,10,88,2500,0,0,0,1,2147483647,2147483647,2147483647,20272,314,2025,65535,4,USD,,SD,6A,XCME,M6A,FMCXSX,FUT,AUD,,,,F,255,255,255,3,255,4,9,255,255,N,127,127,255,M6AZ5-M6AU5
2025-07-07 00:00:00+00:00,2025-07-06 11:49:25.576000+00:00,19,1,42654336,M6AZ5,A,F,0.0001,1.0,2025-12-15 15:16:00+00:00,2025-06-16 21:30:00+00:00,,0.0001,0.006,0.6595,10000.0,1.0,,270347,0,42654336,0,10,88,2500,0,0,0,1,2147483647,2147483647,2147483647,20272,314,2025,65535,4,USD,,,6A,XCME,M6A,FFCXSX,FUT,AUD,,,,F,255,255,255,7,255,4,12,255,255,N,127,127,255,M6AZ5
2025-07-08 00:00:00+00:00,2025-07-06 11:49:25.426000+00:00,19,1,42099006,M6AU5,A,F,0.0001,1.0,2025-09-15 14:16:00+00:00,2025-03-17 21:30:00+00:00,,0.0001,0.006,0.6581,10000.0,1.0,,270347,0,42099006,0,10,88,2500,0,0,0,1,2147483647,2147483647,2147483647,20272,314,2025,65535,4,USD,,,6A,XCME,M6A,FFCXSX,FUT,AUD,,,,F,255,255,255,7,255,4,9,255,255,N,127,127,255,M6AU5
2025-07-08 00:00:00+00:00,2025-07-06 11:49:25.776000+00:00,19,1,42654633,M6AZ5-M6AU5,A,S,0.0001,1.0,2025-09-15 14:16:00+00:00,2025-06-16 21:30:00+00:00,,,0.001,0.0014,,,,271371,0,42654633,0,10,88,2500,0,0,0,1,2147483647,2147483647,2147483647,20272,314,2025,65535,4,USD,,SD,6A,XCME,M6A,FMCXSX,FUT,AUD,,,,F,255,255,255,3,255,4,9,255,255,N,127,127,255,M6AZ5-M6AU5
2025-07-08 00:00:00+00:00,2025-07-06 11:49:25.576000+00:00,19,1,42654336,M6AZ5,A,F,0.0001,1.0,2025-12-15 15:16:00+00:00,2025-06-16 21:30:00+00:00,,0.0001,0.006,0.6595,10000.0,1.0,,270347,0,42654336,0,10,88,2500,0,0,0,1,2147483647,2147483647,2147483647,20272,314,2025,65535,4,USD,,,6A,XCME,M6A,FFCXSX,FUT,AUD,,,,F,255,255,255,7,255,4,12,255,255,N,127,127,255,M6AZ5
2025-07-09 00:00:00+00:00,2025-07-06 11:49:25.426000+00:00,19,1,42099006,M6AU5,A,F,0.0001,1.0,2025-09-15 14:16:00+00:00,2025-03-17 21:30:00+00:00,,0.0001,0.006,0.6581,10000.0,1.0,,270347,0,42099006,0,10,88,2500,0,0,0,1,2147483647,2147483647,2147483647,20272,314,2025,65535,4,USD,,,6A,XCME,M6A,FFCXSX,FUT,AUD,,,,F,255,255,255,7,255,4,9,255,255,N,127,127,255,M6AU5
2025-07-09 00:00:00+00:00,2025-07-06 11:49:25.776000+00:00,19,1,42654633,M6AZ5-M6AU5,A,S,0.0001,1.0,2025-09-15 14:16:00+00:00,2025-06-16 21:30:00+00:00,,,0.001,0.0014,,,,271371,0,42654633,0,10,88,2500,0,0,0,1,2147483647,2147483647,2147483647,20272,314,2025,65535,4,USD,,SD,6A,XCME,M6A,FMCXSX,FUT,AUD,,,,F,255,255,255,3,255,4,9,255,255,N,127,127,255,M6AZ5-M6AU5
2025-07-09 00:00:00+00:00,2025-07-06 11:49:25.576000+00:00,19,1,42654336,M6AZ5,A,F,0.0001,1.0,2025-12-15 15:16:00+00:00,2025-06-16 21:30:00+00:00,,0.0001,0.006,0.6595,10000.0,1.0,,270347,0,42654336,0,10,88,2500,0,0,0,1,2147483647,2147483647,2147483647,20272,314,2025,65535,4,USD,,,6A,XCME,M6A,FFCXSX,FUT,AUD,,,,F,255,255,255,7,255,4,12,255,255,N,127,127,255,M6AZ5
2025-07-10 00:00:00+00:00,2025-07-06 11:49:25.426000+00:00,19,1,42099006,M6AU5,A,F,0.0001,1.0,2025-09-15 14:16:00+00:00,2025-03-17 21:30:00+00:00,,0.0001,0.006,0.6581,10000.0,1.0,,270347,0,42099006,0,10,88,2500,0,0,0,1,2147483647,2147483647,2147483647,20272,314,2025,65535,4,USD,,,6A,XCME,M6A,FFCXSX,FUT,AUD,,,,F,255,255,255,7,255,4,9,255,255,N,127,127,255,M6AU5
2025-07-10 00:00:00+00:00,2025-07-06 11:49:25.776000+00:00,19,1,42654633,M6AZ5-M6AU5,A,S,0.0001,1.0,2025-09-15 14:16:00+00:00,2025-06-16 21:30:00+00:00,,,0.001,0.0014,,,,271371,0,42654633,0,10,88,2500,0,0,0,1,2147483647,2147483647,2147483647,20272,314,2025,65535,4,USD,,SD,6A,XCME,M6A,FMCXSX,FUT,AUD,,,,F,255,255,255,3,255,4,9,255,255,N,127,127,255,M6AZ5-M6AU5
2025-07-10 00:00:00+00:00,2025-07-06 11:49:25.576000+00:00,19,1,42654336,M6AZ5,A,F,0.0001,1.0,2025-12-15 15:16:00+00:00,2025-06-16 21:30:00+00:00,,0.0001,0.006,0.6595,10000.0,1.0,,270347,0,42654336,0,10,88,2500,0,0,0,1,2147483647,2147483647,2147483647,20272,314,2025,65535,4,USD,,,6A,XCME,M6A,FFCXSX,FUT,AUD,,,,F,255,255,255,7,255,4,12,255,255,N,127,127,255,M6AZ5
2025-07-11 00:00:00+00:00,2025-07-06 11:49:25.426000+00:00,19,1,42099006,M6AU5,A,F,0.0001,1.0,2025-09-15 14:16:00+00:00,2025-03-17 21:30:00+00:00,,0.0001,0.006,0.6581,10000.0,1.0,,270347,0,42099006,0,10,88,2500,0,0,0,1,2147483647,2147483647,2147483647,20272,314,2025,65535,4,USD,,,6A,XCME,M6A,FFCXSX,FUT,AUD,,,,F,255,255,255,7,255,4,9,255,255,N,127,127,255,M6AU5
2025-07-11 00:00:00+00:00,2025-07-06 11:49:25.776000+00:00,19,1,42654633,M6AZ5-M6AU5,A,S,0.0001,1.0,2025-09-15 14:16:00+00:00,2025-06-16 21:30:00+00:00,,,0.001,0.0014,,,,271371,0,42654633,0,10,88,2500,0,0,0,1,2147483647,2147483647,2147483647,20272,314,2025,65535,4,USD,,SD,6A,XCME,M6A,FMCXSX,FUT,AUD,,,,F,255,255,255,3,255,4,9,255,255,N,127,127,255,M6AZ5-M6AU5
2025-07-11 00:00:00+00:00,2025-07-06 11:49:25.576000+00:00,19,1,42654336,M6AZ5,A,F,0.0001,1.0,2025-12-15 15:16:00+00:00,2025-06-16 21:30:00+00:00,,0.0001,0.006,0.6595,10000.0,1.0,,270347,0,42654336,0,10,88,2500,0,0,0,1,2147483647,2147483647,2147483647,20272,314,2025,65535,4,USD,,,6A,XCME,M6A,FFCXSX,FUT,AUD,,,,F,255,255,255,7,255,4,12,255,255,N,127,127,255,M6AZ5
2025-07-13 11:22:35.256096237+00:00,2025-07-13 11:22:35.238000+00:00,19,1,42099006,M6AU5,A,F,0.0001,1.0,2025-09-15 14:16:00+00:00,2025-03-17 21:30:00+00:00,,0.0001,0.006,0.6588,10000.0,1.0,,270347,0,42099006,0,10,88,2500,0,0,0,1,2147483647,2147483647,2147483647,20280,314,2025,65535,4,USD,,,6A,XCME,M6A,FFCXSX,FUT,AUD,,,,F,255,255,255,7,255,4,9,255,255,N,127,127,255,M6AU5
2025-07-13 11:22:35.410388734+00:00,2025-07-13 11:22:35.388000+00:00,19,1,42654336,M6AZ5,A,F,0.0001,1.0,2025-12-15 15:16:00+00:00,2025-06-16 21:30:00+00:00,,0.0001,0.006,0.6598,10000.0,1.0,,270347,0,42654336,0,10,88,2500,0,0,0,1,2147483647,2147483647,2147483647,20280,314,2025,65535,4,USD,,,6A,XCME,M6A,FFCXSX,FUT,AUD,,,,F,255,255,255,7,255,4,12,255,255,N,127,127,255,M6AZ5
2025-07-13 11:22:35.597611665+00:00,2025-07-13 11:22:35.588000+00:00,19,1,42654633,M6AZ5-M6AU5,A,S,0.0001,1.0,2025-09-15 14:16:00+00:00,2025-06-16 21:30:00+00:00,,,0.001,0.0011,,,,271371,0,42654633,0,10,88,2500,0,0,0,1,2147483647,2147483647,2147483647,20280,314,2025,65535,4,USD,,SD,6A,XCME,M6A,FMCXSX,FUT,AUD,,,,F,255,255,255,3,255,4,9,255,255,N,127,127,255,M6AZ5-M6AU5
2025-07-14 00:00:00+00:00,2025-07-13 11:22:35.238000+00:00,19,1,42099006,M6AU5,A,F,0.0001,1.0,2025-09-15 14:16:00+00:00,2025-03-17 21:30:00+00:00,,0.0001,0.006,0.6588,10000.0,1.0,,270347,0,42099006,0,10,88,2500,0,0,0,1,2147483647,2147483647,2147483647,20280,314,2025,65535,4,USD,,,6A,XCME,M6A,FFCXSX,FUT,AUD,,,,F,255,255,255,7,255,4,9,255,255,N,127,127,255,M6AU5
2025-07-14 00:00:00+00:00,2025-07-13 11:22:35.588000+00:00,19,1,42654633,M6AZ5-M6AU5,A,S,0.0001,1.0,2025-09-15 14:16:00+00:00,2025-06-16 21:30:00+00:00,,,0.001,0.0011,,,,271371,0,42654633,0,10,88,2500,0,0,0,1,2147483647,2147483647,2147483647,20280,314,2025,65535,4,USD,,SD,6A,XCME,M6A,FMCXSX,FUT,AUD,,,,F,255,255,255,3,255,4,9,255,255,N,127,127,255,M6AZ5-M6AU5
2025-07-14 00:00:00+00:00,2025-07-13 11:22:35.388000+00:00,19,1,42654336,M6AZ5,A,F,0.0001,1.0,2025-12-15 15:16:00+00:00,2025-06-16 21:30:00+00:00,,0.0001,0.006,0.6598,10000.0,1.0,,270347,0,42654336,0,10,88,2500,0,0,0,1,2147483647,2147483647,2147483647,20280,314,2025,65535,4,USD,,,6A,XCME,M6A,FFCXSX,FUT,AUD,,,,F,255,255,255,7,255,4,12,255,255,N,127,127,255,M6AZ5
2025-07-15 00:00:00+00:00,2025-07-13 11:22:35.238000+00:00,19,1,42099006,M6AU5,A,F,0.0001,1.0,2025-09-15 14:16:00+00:00,2025-03-17 21:30:00+00:00,,0.0001,0.006,0.6588,10000.0,1.0,,270347,0,42099006,0,10,88,2500,0,0,0,1,2147483647,2147483647,2147483647,20280,314,2025,65535,4,USD,,,6A,XCME,M6A,FFCXSX,FUT,AUD,,,,F,255,255,255,7,255,4,9,255,255,N,127,127,255,M6AU5
2025-07-15 00:00:00+00:00,2025-07-13 11:22:35.588000+00:00,19,1,42654633,M6AZ5-M6AU5,A,S,0.0001,1.0,2025-09-15 14:16:00+00:00,2025-06-16 21:30:00+00:00,,,0.001,0.0011,,,,271371,0,42654633,0,10,88,2500,0,0,0,1,2147483647,2147483647,2147483647,20280,314,2025,65535,4,USD,,SD,6A,XCME,M6A,FMCXSX,FUT,AUD,,,,F,255,255,255,3,255,4,9,255,255,N,127,127,255,M6AZ5-M6AU5
2025-07-15 00:00:00+00:00,2025-07-13 11:22:35.388000+00:00,19,1,42654336,M6AZ5,A,F,0.0001,1.0,2025-12-15 15:16:00+00:00,2025-06-16 21:30:00+00:00,,0.0001,0.006,0.6598,10000.0,1.0,,270347,0,42654336,0,10,88,2500,0,0,0,1,2147483647,2147483647,2147483647,20280,314,2025,65535,4,USD,,,6A,XCME,M6A,FFCXSX,FUT,AUD,,,,F,255,255,255,7,255,4,12,255,255,N,127,127,255,M6AZ5
2025-07-16 00:00:00+00:00,2025-07-13 11:22:35.238000+00:00,19,1,42099006,M6AU5,A,F,0.0001,1.0,2025-09-15 14:16:00+00:00,2025-03-17 21:30:00+00:00,,0.0001,0.006,0.6588,10000.0,1.0,,270347,0,42099006,0,10,88,2500,0,0,0,1,2147483647,2147483647,2147483647,20280,314,2025,65535,4,USD,,,6A,XCME,M6A,FFCXSX,FUT,AUD,,,,F,255,255,255,7,255,4,9,255,255,N,127,127,255,M6AU5
2025-07-16 00:00:00+00:00,2025-07-13 11:22:35.588000+00:00,19,1,42654633,M6AZ5-M6AU5,A,S,0.0001,1.0,2025-09-15 14:16:00+00:00,2025-06-16 21:30:00+00:00,,,0.001,0.0011,,,,271371,0,42654633,0,10,88,2500,0,0,0,1,2147483647,2147483647,2147483647,20280,314,2025,65535,4,USD,,SD,6A,XCME,M6A,FMCXSX,FUT,AUD,,,,F,255,255,255,3,255,4,9,255,255,N,127,127,255,M6AZ5-M6AU5
2025-07-16 00:00:00+00:00,2025-07-13 11:22:35.388000+00:00,19,1,42654336,M6AZ5,A,F,0.0001,1.0,2025-12-15 15:16:00+00:00,2025-06-16 21:30:00+00:00,,0.0001,0.006,0.6598,10000.0,1.0,,270347,0,42654336,0,10,88,2500,0,0,0,1,2147483647,2147483647,2147483647,20280,314,2025,65535,4,USD,,,6A,XCME,M6A,FFCXSX,FUT,AUD,,,,F,255,255,255,7,255,4,12,255,255,N,127,127,255,M6AZ5
2025-07-17 00:00:00+00:00,2025-07-13 11:22:35.238000+00:00,19,1,42099006,M6AU5,A,F,0.0001,1.0,2025-09-15 14:16:00+00:00,2025-03-17 21:30:00+00:00,,0.0001,0.006,0.6588,10000.0,1.0,,270347,0,42099006,0,10,88,2500,0,0,0,1,2147483647,2147483647,2147483647,20280,314,2025,65535,4,USD,,,6A,XCME,M6A,FFCXSX,FUT,AUD,,,,F,255,255,255,7,255,4,9,255,255,N,127,127,255,M6AU5
2025-07-17 00:00:00+00:00,2025-07-13 11:22:35.588000+00:00,19,1,42654633,M6AZ5-M6AU5,A,S,0.0001,1.0,2025-09-15 14:16:00+00:00,2025-06-16 21:30:00+00:00,,,0.001,0.0011,,,,271371,0,42654633,0,10,88,2500,0,0,0,1,2147483647,2147483647,2147483647,20280,314,2025,65535,4,USD,,SD,6A,XCME,M6A,FMCXSX,FUT,AUD,,,,F,255,255,255,3,255,4,9,255,255,N,127,127,255,M6AZ5-M6AU5
2025-07-17 00:00:00+00:00,2025-07-13 11:22:35.388000+00:00,19,1,42654336,M6AZ5,A,F,0.0001,1.0,2025-12-15 15:16:00+00:00,2025-06-16 21:30:00+00:00,,0.0001,0.006,0.6598,10000.0,1.0,,270347,0,42654336,0,10,88,2500,0,0,0,1,2147483647,2147483647,2147483647,20280,314,2025,65535,4,USD,,,6A,XCME,M6A,FFCXSX,FUT,AUD,,,,F,255,255,255,7,255,4,12,255,255,N,127,127,255,M6AZ5
2025-07-18 00:00:00+00:00,2025-07-13 11:22:35.238000+00:00,19,1,42099006,M6AU5,A,F,0.0001,1.0,2025-09-15 14:16:00+00:00,2025-03-17 21:30:00+00:00,,0.0001,0.006,0.6588,10000.0,1.0,,270347,0,42099006,0,10,88,2500,0,0,0,1,2147483647,2147483647,2147483647,20280,314,2025,65535,4,USD,,,6A,XCME,M6A,FFCXSX,FUT,AUD,,,,F,255,255,255,7,255,4,9,255,255,N,127,127,255,M6AU5
2025-07-18 00:00:00+00:00,2025-07-13 11:22:35.588000+00:00,19,1,42654633,M6AZ5-M6AU5,A,S,0.0001,1.0,2025-09-15 14:16:00+00:00,2025-06-16 21:30:00+00:00,,,0.001,0.0011,,,,271371,0,42654633,0,10,88,2500,0,0,0,1,2147483647,2147483647,2147483647,20280,314,2025,65535,4,USD,,SD,6A,XCME,M6A,FMCXSX,FUT,AUD,,,,F,255,255,255,3,255,4,9,255,255,N,127,127,255,M6AZ5-M6AU5
2025-07-18 00:00:00+00:00,2025-07-13 11:22:35.388000+00:00,19,1,42654336,M6AZ5,A,F,0.0001,1.0,2025-12-15 15:16:00+00:00,2025-06-16 21:30:00+00:00,,0.0001,0.006,0.6598,10000.0,1.0,,270347,0,42654336,0,10,88,2500,0,0,0,1,2147483647,2147483647,2147483647,20280,314,2025,65535,4,USD,,,6A,XCME,M6A,FFCXSX,FUT,AUD,,,,F,255,255,255,7,255,4,12,255,255,N,127,127,255,M6AZ5
2025-07-20 11:09:10.100418734+00:00,2025-07-20 11:09:10.083000+00:00,19,1,42099006,M6AU5,A,F,0.0001,1.0,2025-09-15 14:16:00+00:00,2025-03-17 21:30:00+00:00,,0.0001,0.006,0.6513,10000.0,1.0,,270347,0,42099006,0,10,88,2500,0,0,0,1,2147483647,2147483647,2147483647,20287,314,2025,65535,4,USD,,,6A,XCME,M6A,FFCXSX,FUT,AUD,,,,F,255,255,255,7,255,4,9,255,255,N,127,127,255,M6AU5
2025-07-20 11:09:10.252302355+00:00,2025-07-20 11:09:10.233000+00:00,19,1,42654336,M6AZ5,A,F,0.0001,1.0,2025-12-15 15:16:00+00:00,2025-06-16 21:30:00+00:00,,0.0001,0.006,0.6525,10000.0,1.0,,270347,0,42654336,0,10,88,2500,0,0,0,1,2147483647,2147483647,2147483647,20287,314,2025,65535,4,USD,,,6A,XCME,M6A,FFCXSX,FUT,AUD,,,,F,255,255,255,7,255,4,12,255,255,N,127,127,255,M6AZ5
2025-07-20 11:09:10.404026125+00:00,2025-07-20 11:09:10.383000+00:00,19,1,42654633,M6AZ5-M6AU5,A,S,0.0001,1.0,2025-09-15 14:16:00+00:00,2025-06-16 21:30:00+00:00,,,0.001,0.0012,,,,271371,0,42654633,0,10,88,2500,0,0,0,1,2147483647,2147483647,2147483647,20287,314,2025,65535,4,USD,,SD,6A,XCME,M6A,FMCXSX,FUT,AUD,,,,F,255,255,255,3,255,4,9,255,255,N,127,127,255,M6AZ5-M6AU5
2025-07-21 00:00:00+00:00,2025-07-20 11:09:10.083000+00:00,19,1,42099006,M6AU5,A,F,0.0001,1.0,2025-09-15 14:16:00+00:00,2025-03-17 21:30:00+00:00,,0.0001,0.006,0.6513,10000.0,1.0,,270347,0,42099006,0,10,88,2500,0,0,0,1,2147483647,2147483647,2147483647,20287,314,2025,65535,4,USD,,,6A,XCME,M6A,FFCXSX,FUT,AUD,,,,F,255,255,255,7,255,4,9,255,255,N,127,127,255,M6AU5
2025-07-21 00:00:00+00:00,2025-07-20 11:09:10.383000+00:00,19,1,42654633,M6AZ5-M6AU5,A,S,0.0001,1.0,2025-09-15 14:16:00+00:00,2025-06-16 21:30:00+00:00,,,0.001,0.0012,,,,271371,0,42654633,0,10,88,2500,0,0,0,1,2147483647,2147483647,2147483647,20287,314,2025,65535,4,USD,,SD,6A,XCME,M6A,FMCXSX,FUT,AUD,,,,F,255,255,255,3,255,4,9,255,255,N,127,127,255,M6AZ5-M6AU5
2025-07-21 00:00:00+00:00,2025-07-20 11:09:10.233000+00:00,19,1,42654336,M6AZ5,A,F,0.0001,1.0,2025-12-15 15:16:00+00:00,2025-06-16 21:30:00+00:00,,0.0001,0.006,0.6525,10000.0,1.0,,270347,0,42654336,0,10,88,2500,0,0,0,1,2147483647,2147483647,2147483647,20287,314,2025,65535,4,USD,,,6A,XCME,M6A,FFCXSX,FUT,AUD,,,,F,255,255,255,7,255,4,12,255,255,N,127,127,255,M6AZ5
2025-07-21 21:14:03.433592901+00:00,2025-07-21 21:14:03.427000+00:00,19,1,42099006,M6AU5,A,F,0.0001,1.0,2025-09-15 14:16:00+00:00,2025-03-17 21:30:00+00:00,,0.0001,0.006,0.6513,10000.0,1.0,,270347,0,42099006,0,10,88,2500,0,0,0,1,2147483647,2147483647,2147483647,20287,314,2025,65535,4,USD,,,6A,XCME,M6A,FFCXSX,FUT,AUD,,,,F,255,255,255,7,255,4,9,255,255,N,127,127,255,M6AU5
2025-07-21 21:14:03.587251575+00:00,2025-07-21 21:14:03.577000+00:00,19,1,42654336,M6AZ5,A,F,0.0001,1.0,2025-12-15 15:16:00+00:00,2025-06-16 21:30:00+00:00,,0.0001,0.006,0.6525,10000.0,1.0,,270347,0,42654336,0,10,88,2500,0,0,0,1,2147483647,2147483647,2147483647,20287,314,2025,65535,4,USD,,,6A,XCME,M6A,FFCXSX,FUT,AUD,,,,F,255,255,255,7,255,4,12,255,255,N,127,127,255,M6AZ5
2025-07-21 21:14:03.738769332+00:00,2025-07-21 21:14:03.727000+00:00,19,1,42654633,M6AZ5-M6AU5,A,S,0.0001,1.0,2025-09-15 14:16:00+00:00,2025-06-16 21:30:00+00:00,,,0.001,0.0012,,,,271371,0,42654633,0,10,88,2500,0,0,0,1,2147483647,2147483647,2147483647,20287,314,2025,65535,4,USD,,SD,6A,XCME,M6A,FMCXSX,FUT,AUD,,,,F,255,255,255,3,255,4,9,255,255,N,127,127,255,M6AZ5-M6AU5
2025-07-22 00:00:00+00:00,2025-07-21 21:14:03.427000+00:00,19,1,42099006,M6AU5,A,F,0.0001,1.0,2025-09-15 14:16:00+00:00,2025-03-17 21:30:00+00:00,,0.0001,0.006,0.6513,10000.0,1.0,,270347,0,42099006,0,10,88,2500,0,0,0,1,2147483647,2147483647,2147483647,20287,314,2025,65535,4,USD,,,6A,XCME,M6A,FFCXSX,FUT,AUD,,,,F,255,255,255,7,255,4,9,255,255,N,127,127,255,M6AU5
2025-07-22 00:00:00+00:00,2025-07-21 21:14:03.727000+00:00,19,1,42654633,M6AZ5-M6AU5,A,S,0.0001,1.0,2025-09-15 14:16:00+00:00,2025-06-16 21:30:00+00:00,,,0.001,0.0012,,,,271371,0,42654633,0,10,88,2500,0,0,0,1,2147483647,2147483647,2147483647,20287,314,2025,65535,4,USD,,SD,6A,XCME,M6A,FMCXSX,FUT,AUD,,,,F,255,255,255,3,255,4,9,255,255,N,127,127,255,M6AZ5-M6AU5
2025-07-22 00:00:00+00:00,2025-07-21 21:14:03.577000+00:00,19,1,42654336,M6AZ5,A,F,0.0001,1.0,2025-12-15 15:16:00+00:00,2025-06-16 21:30:00+00:00,,0.0001,0.006,0.6525,10000.0,1.0,,270347,0,42654336,0,10,88,2500,0,0,0,1,2147483647,2147483647,2147483647,20287,314,2025,65535,4,USD,,,6A,XCME,M6A,FFCXSX,FUT,AUD,,,,F,255,255,255,7,255,4,12,255,255,N,127,127,255,M6AZ5
2025-07-23 00:00:00+00:00,2025-07-21 21:14:03.427000+00:00,19,1,42099006,M6AU5,A,F,0.0001,1.0,2025-09-15 14:16:00+00:00,2025-03-17 21:30:00+00:00,,0.0001,0.006,0.6513,10000.0,1.0,,270347,0,42099006,0,10,88,2500,0,0,0,1,2147483647,2147483647,2147483647,20287,314,2025,65535,4,USD,,,6A,XCME,M6A,FFCXSX,FUT,AUD,,,,F,255,255,255,7,255,4,9,255,255,N,127,127,255,M6AU5
2025-07-23 00:00:00+00:00,2025-07-21 21:14:03.727000+00:00,19,1,42654633,M6AZ5-M6AU5,A,S,0.0001,1.0,2025-09-15 14:16:00+00:00,2025-06-16 21:30:00+00:00,,,0.001,0.0012,,,,271371,0,42654633,0,10,88,2500,0,0,0,1,2147483647,2147483647,2147483647,20287,314,2025,65535,4,USD,,SD,6A,XCME,M6A,FMCXSX,FUT,AUD,,,,F,255,255,255,3,255,4,9,255,255,N,127,127,255,M6AZ5-M6AU5
2025-07-23 00:00:00+00:00,2025-07-21 21:14:03.577000+00:00,19,1,42654336,M6AZ5,A,F,0.0001,1.0,2025-12-15 15:16:00+00:00,2025-06-16 21:30:00+00:00,,0.0001,0.006,0.6525,10000.0,1.0,,270347,0,42654336,0,10,88,2500,0,0,0,1,2147483647,2147483647,2147483647,20287,314,2025,65535,4,USD,,,6A,XCME,M6A,FFCXSX,FUT,AUD,,,,F,255,255,255,7,255,4,12,255,255,N,127,127,255,M6AZ5
2025-07-24 00:00:00+00:00,2025-07-21 21:14:03.427000+00:00,19,1,42099006,M6AU5,A,F,0.0001,1.0,2025-09-15 14:16:00+00:00,2025-03-17 21:30:00+00:00,,0.0001,0.006,0.6513,10000.0,1.0,,270347,0,42099006,0,10,88,2500,0,0,0,1,2147483647,2147483647,2147483647,20287,314,2025,65535,4,USD,,,6A,XCME,M6A,FFCXSX,FUT,AUD,,,,F,255,255,255,7,255,4,9,255,255,N,127,127,255,M6AU5
2025-07-24 00:00:00+00:00,2025-07-21 21:14:03.727000+00:00,19,1,42654633,M6AZ5-M6AU5,A,S,0.0001,1.0,2025-09-15 14:16:00+00:00,2025-06-16 21:30:00+00:00,,,0.001,0.0012,,,,271371,0,42654633,0,10,88,2500,0,0,0,1,2147483647,2147483647,2147483647,20287,314,2025,65535,4,USD,,SD,6A,XCME,M6A,FMCXSX,FUT,AUD,,,,F,255,255,255,3,255,4,9,255,255,N,127,127,255,M6AZ5-M6AU5
2025-07-24 00:00:00+00:00,2025-07-21 21:14:03.577000+00:00,19,1,42654336,M6AZ5,A,F,0.0001,1.0,2025-12-15 15:16:00+00:00,2025-06-16 21:30:00+00:00,,0.0001,0.006,0.6525,10000.0,1.0,,270347,0,42654336,0,10,88,2500,0,0,0,1,2147483647,2147483647,2147483647,20287,314,2025,65535,4,USD,,,6A,XCME,M6A,FFCXSX,FUT,AUD,,,,F,255,255,255,7,255,4,12,255,255,N,127,127,255,M6AZ5
2025-07-25 00:00:00+00:00,2025-07-21 21:14:03.427000+00:00,19,1,42099006,M6AU5,A,F,0.0001,1.0,2025-09-15 14:16:00+00:00,2025-03-17 21:30:00+00:00,,0.0001,0.006,0.6513,10000.0,1.0,,270347,0,42099006,0,10,88,2500,0,0,0,1,2147483647,2147483647,2147483647,20287,314,2025,65535,4,USD,,,6A,XCME,M6A,FFCXSX,FUT,AUD,,,,F,255,255,255,7,255,4,9,255,255,N,127,127,255,M6AU5
2025-07-25 00:00:00+00:00,2025-07-21 21:14:03.727000+00:00,19,1,42654633,M6AZ5-M6AU5,A,S,0.0001,1.0,2025-09-15 14:16:00+00:00,2025-06-16 21:30:00+00:00,,,0.001,0.0012,,,,271371,0,42654633,0,10,88,2500,0,0,0,1,2147483647,2147483647,2147483647,20287,314,2025,65535,4,USD,,SD,6A,XCME,M6A,FMCXSX,FUT,AUD,,,,F,255,255,255,3,255,4,9,255,255,N,127,127,255,M6AZ5-M6AU5
2025-07-25 00:00:00+00:00,2025-07-21 21:14:03.577000+00:00,19,1,42654336,M6AZ5,A,F,0.0001,1.0,2025-12-15 15:16:00+00:00,2025-06-16 21:30:00+00:00,,0.0001,0.006,0.6525,10000.0,1.0,,270347,0,42654336,0,10,88,2500,0,0,0,1,2147483647,2147483647,2147483647,20287,314,2025,65535,4,USD,,,6A,XCME,M6A,FFCXSX,FUT,AUD,,,,F,255,255,255,7,255,4,12,255,255,N,127,127,255,M6AZ5
2025-07-27 11:33:04.915618656+00:00,2025-07-27 11:33:04.901000+00:00,19,1,42099006,M6AU5,A,F,0.0001,1.0,2025-09-15 14:16:00+00:00,2025-03-17 21:30:00+00:00,,0.0001,0.006,0.6571,10000.0,1.0,,270347,0,42099006,0,10,88,2500,0,0,0,1,2147483647,2147483647,2147483647,20294,314,2025,65535,4,USD,,,6A,XCME,M6A,FFCXSX,FUT,AUD,,,,F,255,255,255,7,255,4,9,255,255,N,127,127,255,M6AU5
2025-07-27 11:33:05.069438883+00:00,2025-07-27 11:33:05.051000+00:00,19,1,42654336,M6AZ5,A,F,0.0001,1.0,2025-12-15 15:16:00+00:00,2025-06-16 21:30:00+00:00,,0.0001,0.006,0.6582,10000.0,1.0,,270347,0,42654336,0,10,88,2500,0,0,0,1,2147483647,2147483647,2147483647,20294,314,2025,65535,4,USD,,,6A,XCME,M6A,FFCXSX,FUT,AUD,,,,F,255,255,255,7,255,4,12,255,255,N,127,127,255,M6AZ5
2025-07-27 11:33:05.221398849+00:00,2025-07-27 11:33:05.201000+00:00,19,1,42654633,M6AZ5-M6AU5,A,S,0.0001,1.0,2025-09-15 14:16:00+00:00,2025-06-16 21:30:00+00:00,,,0.001,0.0011,,,,271371,0,42654633,0,10,88,2500,0,0,0,1,2147483647,2147483647,2147483647,20294,314,2025,65535,4,USD,,SD,6A,XCME,M6A,FMCXSX,FUT,AUD,,,,F,255,255,255,3,255,4,9,255,255,N,127,127,255,M6AZ5-M6AU5
2025-07-28 00:00:00+00:00,2025-07-27 11:33:04.901000+00:00,19,1,42099006,M6AU5,A,F,0.0001,1.0,2025-09-15 14:16:00+00:00,2025-03-17 21:30:00+00:00,,0.0001,0.006,0.6571,10000.0,1.0,,270347,0,42099006,0,10,88,2500,0,0,0,1,2147483647,2147483647,2147483647,20294,314,2025,65535,4,USD,,,6A,XCME,M6A,FFCXSX,FUT,AUD,,,,F,255,255,255,7,255,4,9,255,255,N,127,127,255,M6AU5
2025-07-28 00:00:00+00:00,2025-07-27 11:33:05.201000+00:00,19,1,42654633,M6AZ5-M6AU5,A,S,0.0001,1.0,2025-09-15 14:16:00+00:00,2025-06-16 21:30:00+00:00,,,0.001,0.0011,,,,271371,0,42654633,0,10,88,2500,0,0,0,1,2147483647,2147483647,2147483647,20294,314,2025,65535,4,USD,,SD,6A,XCME,M6A,FMCXSX,FUT,AUD,,,,F,255,255,255,3,255,4,9,255,255,N,127,127,255,M6AZ5-M6AU5
2025-07-28 00:00:00+00:00,2025-07-27 11:33:05.051000+00:00,19,1,42654336,M6AZ5,A,F,0.0001,1.0,2025-12-15 15:16:00+00:00,2025-06-16 21:30:00+00:00,,0.0001,0.006,0.6582,10000.0,1.0,,270347,0,42654336,0,10,88,2500,0,0,0,1,2147483647,2147483647,2147483647,20294,314,2025,65535,4,USD,,,6A,XCME,M6A,FFCXSX,FUT,AUD,,,,F,255,255,255,7,255,4,12,255,255,N,127,127,255,M6AZ5
2025-07-29 00:00:00+00:00,2025-07-27 11:33:04.901000+00:00,19,1,42099006,M6AU5,A,F,0.0001,1.0,2025-09-15 14:16:00+00:00,2025-03-17 21:30:00+00:00,,0.0001,0.006,0.6571,10000.0,1.0,,270347,0,42099006,0,10,88,2500,0,0,0,1,2147483647,2147483647,2147483647,20294,314,2025,65535,4,USD,,,6A,XCME,M6A,FFCXSX,FUT,AUD,,,,F,255,255,255,7,255,4,9,255,255,N,127,127,255,M6AU5
2025-07-29 00:00:00+00:00,2025-07-27 11:33:05.201000+00:00,19,1,42654633,M6AZ5-M6AU5,A,S,0.0001,1.0,2025-09-15 14:16:00+00:00,2025-06-16 21:30:00+00:00,,,0.001,0.0011,,,,271371,0,42654633,0,10,88,2500,0,0,0,1,2147483647,2147483647,2147483647,20294,314,2025,65535,4,USD,,SD,6A,XCME,M6A,FMCXSX,FUT,AUD,,,,F,255,255,255,3,255,4,9,255,255,N,127,127,255,M6AZ5-M6AU5
2025-07-29 00:00:00+00:00,2025-07-27 11:33:05.051000+00:00,19,1,42654336,M6AZ5,A,F,0.0001,1.0,2025-12-15 15:16:00+00:00,2025-06-16 21:30:00+00:00,,0.0001,0.006,0.6582,10000.0,1.0,,270347,0,42654336,0,10,88,2500,0,0,0,1,2147483647,2147483647,2147483647,20294,314,2025,65535,4,USD,,,6A,XCME,M6A,FFCXSX,FUT,AUD,,,,F,255,255,255,7,255,4,12,255,255,N,127,127,255,M6AZ5
2025-07-30 00:00:00+00:00,2025-07-27 11:33:04.901000+00:00,19,1,42099006,M6AU5,A,F,0.0001,1.0,2025-09-15 14:16:00+00:00,2025-03-17 21:30:00+00:00,,0.0001,0.006,0.6571,10000.0,1.0,,270347,0,42099006,0,10,88,2500,0,0,0,1,2147483647,2147483647,2147483647,20294,314,2025,65535,4,USD,,,6A,XCME,M6A,FFCXSX,FUT,AUD,,,,F,255,255,255,7,255,4,9,255,255,N,127,127,255,M6AU5
2025-07-30 00:00:00+00:00,2025-07-27 11:33:05.201000+00:00,19,1,42654633,M6AZ5-M6AU5,A,S,0.0001,1.0,2025-09-15 14:16:00+00:00,2025-06-16 21:30:00+00:00,,,0.001,0.0011,,,,271371,0,42654633,0,10,88,2500,0,0,0,1,2147483647,2147483647,2147483647,20294,314,2025,65535,4,USD,,SD,6A,XCME,M6A,FMCXSX,FUT,AUD,,,,F,255,255,255,3,255,4,9,255,255,N,127,127,255,M6AZ5-M6AU5
2025-07-30 00:00:00+00:00,2025-07-27 11:33:05.051000+00:00,19,1,42654336,M6AZ5,A,F,0.0001,1.0,2025-12-15 15:16:00+00:00,2025-06-16 21:30:00+00:00,,0.0001,0.006,0.6582,10000.0,1.0,,270347,0,42654336,0,10,88,2500,0,0,0,1,2147483647,2147483647,2147483647,20294,314,2025,65535,4,USD,,,6A,XCME,M6A,FFCXSX,FUT,AUD,,,,F,255,255,255,7,255,4,12,255,255,N,127,127,255,M6AZ5
2025-07-31 00:00:00+00:00,2025-07-27 11:33:04.901000+00:00,19,1,42099006,M6AU5,A,F,0.0001,1.0,2025-09-15 14:16:00+00:00,2025-03-17 21:30:00+00:00,,0.0001,0.006,0.6571,10000.0,1.0,,270347,0,42099006,0,10,88,2500,0,0,0,1,2147483647,2147483647,2147483647,20294,314,2025,65535,4,USD,,,6A,XCME,M6A,FFCXSX,FUT,AUD,,,,F,255,255,255,7,255,4,9,255,255,N,127,127,255,M6AU5
2025-07-31 00:00:00+00:00,2025-07-27 11:33:05.201000+00:00,19,1,42654633,M6AZ5-M6AU5,A,S,0.0001,1.0,2025-09-15 14:16:00+00:00,2025-06-16 21:30:00+00:00,,,0.001,0.0011,,,,271371,0,42654633,0,10,88,2500,0,0,0,1,2147483647,2147483647,2147483647,20294,314,2025,65535,4,USD,,SD,6A,XCME,M6A,FMCXSX,FUT,AUD,,,,F,255,255,255,3,255,4,9,255,255,N,127,127,255,M6AZ5-M6AU5
2025-07-31 00:00:00+00:00,2025-07-27 11:33:05.051000+00:00,19,1,42654336,M6AZ5,A,F,0.0001,1.0,2025-12-15 15:16:00+00:00,2025-06-16 21:30:00+00:00,,0.0001,0.006,0.6582,10000.0,1.0,,270347,0,42654336,0,10,88,2500,0,0,0,1,2147483647,2147483647,2147483647,20294,314,2025,65535,4,USD,,,6A,XCME,M6A,FFCXSX,FUT,AUD,,,,F,255,255,255,7,255,4,12,255,255,N,127,127,255,M6AZ5
2025-08-01 00:00:00+00:00,2025-07-27 11:33:04.901000+00:00,19,1,42099006,M6AU5,A,F,0.0001,1.0,2025-09-15 14:16:00+00:00,2025-03-17 21:30:00+00:00,,0.0001,0.006,0.6571,10000.0,1.0,,270347,0,42099006,0,10,88,2500,0,0,0,1,2147483647,2147483647,2147483647,20294,314,2025,65535,4,USD,,,6A,XCME,M6A,FFCXSX,FUT,AUD,,,,F,255,255,255,7,255,4,9,255,255,N,127,127,255,M6AU5
2025-08-01 00:00:00+00:00,2025-07-27 11:33:05.201000+00:00,19,1,42654633,M6AZ5-M6AU5,A,S,0.0001,1.0,2025-09-15 14:16:00+00:00,2025-06-16 21:30:00+00:00,,,0.001,0.0011,,,,271371,0,42654633,0,10,88,2500,0,0,0,1,2147483647,2147483647,2147483647,20294,314,2025,65535,4,USD,,SD,6A,XCME,M6A,FMCXSX,FUT,AUD,,,,F,255,255,255,3,255,4,9,255,255,N,127,127,255,M6AZ5-M6AU5
2025-08-01 00:00:00+00:00,2025-07-27 11:33:05.051000+00:00,19,1,42654336,M6AZ5,A,F,0.0001,1.0,2025-12-15 15:16:00+00:00,2025-06-16 21:30:00+00:00,,0.0001,0.006,0.6582,10000.0,1.0,,270347,0,42654336,0,10,88,2500,0,0,0,1,2147483647,2147483647,2147483647,20294,314,2025,65535,4,USD,,,6A,XCME,M6A,FFCXSX,FUT,AUD,,,,F,255,255,255,7,255,4,12,255,255,N,127,127,255,M6AZ5
2025-08-03 14:10:42.370375918+00:00,2025-08-03 14:10:42.356000+00:00,19,1,42099006,M6AU5,A,F,0.0001,1.0,2025-09-15 14:16:00+00:00,2025-03-17 21:30:00+00:00,,0.0001,0.006,0.6446,10000.0,1.0,,270347,0,42099006,0,10,88,2500,0,0,0,1,2147483647,2147483647,2147483647,20301,314,2025,65535,4,USD,,,6A,XCME,M6A,FFCXSX,FUT,AUD,,,,F,255,255,255,6,255,4,9,255,255,N,127,127,255,M6AU5
2025-08-03 14:10:42.522255432+00:00,2025-08-03 14:10:42.506000+00:00,19,1,42654336,M6AZ5,A,F,0.0001,1.0,2025-12-15 15:16:00+00:00,2025-06-16 21:30:00+00:00,,0.0001,0.006,0.6456,10000.0,1.0,,270347,0,42654336,0,10,88,2500,0,0,0,1,2147483647,2147483647,2147483647,20301,314,2025,65535,4,USD,,,6A,XCME,M6A,FFCXSX,FUT,AUD,,,,F,255,255,255,6,255,4,12,255,255,N,127,127,255,M6AZ5
2025-08-03 14:10:42.674213041+00:00,2025-08-03 14:10:42.656000+00:00,19,1,42654633,M6AZ5-M6AU5,A,S,0.0001,1.0,2025-09-15 14:16:00+00:00,2025-06-16 21:30:00+00:00,,,0.001,0.001,,,,271371,0,42654633,0,10,88,2500,0,0,0,1,2147483647,2147483647,2147483647,20301,314,2025,65535,4,USD,,SD,6A,XCME,M6A,FMCXSX,FUT,AUD,,,,F,255,255,255,2,255,4,9,255,255,N,127,127,255,M6AZ5-M6AU5
2025-08-04 00:00:00+00:00,2025-08-03 14:10:42.356000+00:00,19,1,42099006,M6AU5,A,F,0.0001,1.0,2025-09-15 14:16:00+00:00,2025-03-17 21:30:00+00:00,,0.0001,0.006,0.6446,10000.0,1.0,,270347,0,42099006,0,10,88,2500,0,0,0,1,2147483647,2147483647,2147483647,20301,314,2025,65535,4,USD,,,6A,XCME,M6A,FFCXSX,FUT,AUD,,,,F,255,255,255,6,255,4,9,255,255,N,127,127,255,M6AU5
2025-08-04 00:00:00+00:00,2025-08-03 14:10:42.656000+00:00,19,1,42654633,M6AZ5-M6AU5,A,S,0.0001,1.0,2025-09-15 14:16:00+00:00,2025-06-16 21:30:00+00:00,,,0.001,0.001,,,,271371,0,42654633,0,10,88,2500,0,0,0,1,2147483647,2147483647,2147483647,20301,314,2025,65535,4,USD,,SD,6A,XCME,M6A,FMCXSX,FUT,AUD,,,,F,255,255,255,2,255,4,9,255,255,N,127,127,255,M6AZ5-M6AU5
2025-08-04 00:00:00+00:00,2025-08-03 14:10:42.506000+00:00,19,1,42654336,M6AZ5,A,F,0.0001,1.0,2025-12-15 15:16:00+00:00,2025-06-16 21:30:00+00:00,,0.0001,0.006,0.6456,10000.0,1.0,,270347,0,42654336,0,10,88,2500,0,0,0,1,2147483647,2147483647,2147483647,20301,314,2025,65535,4,USD,,,6A,XCME,M6A,FFCXSX,FUT,AUD,,,,F,255,255,255,6,255,4,12,255,255,N,127,127,255,M6AZ5
2025-08-05 00:00:00+00:00,2025-08-03 14:10:42.356000+00:00,19,1,42099006,M6AU5,A,F,0.0001,1.0,2025-09-15 14:16:00+00:00,2025-03-17 21:30:00+00:00,,0.0001,0.006,0.6446,10000.0,1.0,,270347,0,42099006,0,10,88,2500,0,0,0,1,2147483647,2147483647,2147483647,20301,314,2025,65535,4,USD,,,6A,XCME,M6A,FFCXSX,FUT,AUD,,,,F,255,255,255,6,255,4,9,255,255,N,127,127,255,M6AU5
2025-08-05 00:00:00+00:00,2025-08-03 14:10:42.656000+00:00,19,1,42654633,M6AZ5-M6AU5,A,S,0.0001,1.0,2025-09-15 14:16:00+00:00,2025-06-16 21:30:00+00:00,,,0.001,0.001,,,,271371,0,42654633,0,10,88,2500,0,0,0,1,2147483647,2147483647,2147483647,20301,314,2025,65535,4,USD,,SD,6A,XCME,M6A,FMCXSX,FUT,AUD,,,,F,255,255,255,2,255,4,9,255,255,N,127,127,255,M6AZ5-M6AU5
2025-08-05 00:00:00+00:00,2025-08-03 14:10:42.506000+00:00,19,1,42654336,M6AZ5,A,F,0.0001,1.0,2025-12-15 15:16:00+00:00,2025-06-16 21:30:00+00:00,,0.0001,0.006,0.6456,10000.0,1.0,,270347,0,42654336,0,10,88,2500,0,0,0,1,2147483647,2147483647,2147483647,20301,314,2025,65535,4,USD,,,6A,XCME,M6A,FFCXSX,FUT,AUD,,,,F,255,255,255,6,255,4,12,255,255,N,127,127,255,M6AZ5
2025-08-06 00:00:00+00:00,2025-08-03 14:10:42.356000+00:00,19,1,42099006,M6AU5,A,F,0.0001,1.0,2025-09-15 14:16:00+00:00,2025-03-17 21:30:00+00:00,,0.0001,0.006,0.6446,10000.0,1.0,,270347,0,42099006,0,10,88,2500,0,0,0,1,2147483647,2147483647,2147483647,20301,314,2025,65535,4,USD,,,6A,XCME,M6A,FFCXSX,FUT,AUD,,,,F,255,255,255,6,255,4,9,255,255,N,127,127,255,M6AU5
2025-08-06 00:00:00+00:00,2025-08-03 14:10:42.656000+00:00,19,1,42654633,M6AZ5-M6AU5,A,S,0.0001,1.0,2025-09-15 14:16:00+00:00,2025-06-16 21:30:00+00:00,,,0.001,0.001,,,,271371,0,42654633,0,10,88,2500,0,0,0,1,2147483647,2147483647,2147483647,20301,314,2025,65535,4,USD,,SD,6A,XCME,M6A,FMCXSX,FUT,AUD,,,,F,255,255,255,2,255,4,9,255,255,N,127,127,255,M6AZ5-M6AU5
2025-08-06 00:00:00+00:00,2025-08-03 14:10:42.506000+00:00,19,1,42654336,M6AZ5,A,F,0.0001,1.0,2025-12-15 15:16:00+00:00,2025-06-16 21:30:00+00:00,,0.0001,0.006,0.6456,10000.0,1.0,,270347,0,42654336,0,10,88,2500,0,0,0,1,2147483647,2147483647,2147483647,20301,314,2025,65535,4,USD,,,6A,XCME,M6A,FFCXSX,FUT,AUD,,,,F,255,255,255,6,255,4,12,255,255,N,127,127,255,M6AZ5
2025-08-07 00:00:00+00:00,2025-08-03 14:10:42.356000+00:00,19,1,42099006,M6AU5,A,F,0.0001,1.0,2025-09-15 14:16:00+00:00,2025-03-17 21:30:00+00:00,,0.0001,0.006,0.6446,10000.0,1.0,,270347,0,42099006,0,10,88,2500,0,0,0,1,2147483647,2147483647,2147483647,20301,314,2025,65535,4,USD,,,6A,XCME,M6A,FFCXSX,FUT,AUD,,,,F,255,255,255,6,255,4,9,255,255,N,127,127,255,M6AU5
2025-08-07 00:00:00+00:00,2025-08-03 14:10:42.656000+00:00,19,1,42654633,M6AZ5-M6AU5,A,S,0.0001,1.0,2025-09-15 14:16:00+00:00,2025-06-16 21:30:00+00:00,,,0.001,0.001,,,,271371,0,42654633,0,10,88,2500,0,0,0,1,2147483647,2147483647,2147483647,20301,314,2025,65535,4,USD,,SD,6A,XCME,M6A,FMCXSX,FUT,AUD,,,,F,255,255,255,2,255,4,9,255,255,N,127,127,255,M6AZ5-M6AU5
2025-08-07 00:00:00+00:00,2025-08-03 14:10:42.506000+00:00,19,1,42654336,M6AZ5,A,F,0.0001,1.0,2025-12-15 15:16:00+00:00,2025-06-16 21:30:00+00:00,,0.0001,0.006,0.6456,10000.0,1.0,,270347,0,42654336,0,10,88,2500,0,0,0,1,2147483647,2147483647,2147483647,20301,314,2025,65535,4,USD,,,6A,XCME,M6A,FFCXSX,FUT,AUD,,,,F,255,255,255,6,255,4,12,255,255,N,127,127,255,M6AZ5
2025-08-08 00:00:00+00:00,2025-08-03 14:10:42.356000+00:00,19,1,42099006,M6AU5,A,F,0.0001,1.0,2025-09-15 14:16:00+00:00,2025-03-17 21:30:00+00:00,,0.0001,0.006,0.6446,10000.0,1.0,,270347,0,42099006,0,10,88,2500,0,0,0,1,2147483647,2147483647,2147483647,20301,314,2025,65535,4,USD,,,6A,XCME,M6A,FFCXSX,FUT,AUD,,,,F,255,255,255,6,255,4,9,255,255,N,127,127,255,M6AU5
2025-08-08 00:00:00+00:00,2025-08-03 14:10:42.656000+00:00,19,1,42654633,M6AZ5-M6AU5,A,S,0.0001,1.0,2025-09-15 14:16:00+00:00,2025-06-16 21:30:00+00:00,,,0.001,0.001,,,,271371,0,42654633,0,10,88,2500,0,0,0,1,2147483647,2147483647,2147483647,20301,314,2025,65535,4,USD,,SD,6A,XCME,M6A,FMCXSX,FUT,AUD,,,,F,255,255,255,2,255,4,9,255,255,N,127,127,255,M6AZ5-M6AU5
2025-08-08 00:00:00+00:00,2025-08-03 14:10:42.506000+00:00,19,1,42654336,M6AZ5,A,F,0.0001,1.0,2025-12-15 15:16:00+00:00,2025-06-16 21:30:00+00:00,,0.0001,0.006,0.6456,10000.0,1.0,,270347,0,42654336,0,10,88,2500,0,0,0,1,2147483647,2147483647,2147483647,20301,314,2025,65535,4,USD,,,6A,XCME,M6A,FFCXSX,FUT,AUD,,,,F,255,255,255,6,255,4,12,255,255,N,127,127,255,M6AZ5
2025-08-10 11:09:10.414127874+00:00,2025-08-10 11:09:10.375000+00:00,19,1,42099006,M6AU5,A,F,0.0001,1.0,2025-09-15 14:16:00+00:00,2025-03-17 21:30:00+00:00,,0.0001,0.006,0.6534,10000.0,1.0,,270347,0,42099006,0,10,88,2500,0,0,0,1,2147483647,2147483647,2147483647,20308,314,2025,65535,4,USD,,,6A,XCME,M6A,FFCXSX,FUT,AUD,,,,F,255,255,255,7,255,4,9,255,255,N,127,127,255,M6AU5
2025-08-10 11:09:10.547290494+00:00,2025-08-10 11:09:10.525000+00:00,19,1,42654336,M6AZ5,A,F,0.0001,1.0,2025-12-15 15:16:00+00:00,2025-06-16 21:30:00+00:00,,0.0001,0.006,0.6543,10000.0,1.0,,270347,0,42654336,0,10,88,2500,0,0,0,1,2147483647,2147483647,2147483647,20308,314,2025,65535,4,USD,,,6A,XCME,M6A,FFCXSX,FUT,AUD,,,,F,255,255,255,7,255,4,12,255,255,N,127,127,255,M6AZ5
2025-08-10 11:09:10.735390668+00:00,2025-08-10 11:09:10.725000+00:00,19,1,42654633,M6AZ5-M6AU5,A,S,0.0001,1.0,2025-09-15 14:16:00+00:00,2025-06-16 21:30:00+00:00,,,0.001,0.001,,,,271371,0,42654633,0,10,88,2500,0,0,0,1,2147483647,2147483647,2147483647,20308,314,2025,65535,4,USD,,SD,6A,XCME,M6A,FMCXSX,FUT,AUD,,,,F,255,255,255,3,255,4,9,255,255,N,127,127,255,M6AZ5-M6AU5
2025-08-11 00:00:00+00:00,2025-08-10 11:09:10.375000+00:00,19,1,42099006,M6AU5,A,F,0.0001,1.0,2025-09-15 14:16:00+00:00,2025-03-17 21:30:00+00:00,,0.0001,0.006,0.6534,10000.0,1.0,,270347,0,42099006,0,10,88,2500,0,0,0,1,2147483647,2147483647,2147483647,20308,314,2025,65535,4,USD,,,6A,XCME,M6A,FFCXSX,FUT,AUD,,,,F,255,255,255,7,255,4,9,255,255,N,127,127,255,M6AU5
2025-08-11 00:00:00+00:00,2025-08-10 11:09:10.725000+00:00,19,1,42654633,M6AZ5-M6AU5,A,S,0.0001,1.0,2025-09-15 14:16:00+00:00,2025-06-16 21:30:00+00:00,,,0.001,0.001,,,,271371,0,42654633,0,10,88,2500,0,0,0,1,2147483647,2147483647,2147483647,20308,314,2025,65535,4,USD,,SD,6A,XCME,M6A,FMCXSX,FUT,AUD,,,,F,255,255,255,3,255,4,9,255,255,N,127,127,255,M6AZ5-M6AU5
2025-08-11 00:00:00+00:00,2025-08-10 11:09:10.525000+00:00,19,1,42654336,M6AZ5,A,F,0.0001,1.0,2025-12-15 15:16:00+00:00,2025-06-16 21:30:00+00:00,,0.0001,0.006,0.6543,10000.0,1.0,,270347,0,42654336,0,10,88,2500,0,0,0,1,2147483647,2147483647,2147483647,20308,314,2025,65535,4,USD,,,6A,XCME,M6A,FFCXSX,FUT,AUD,,,,F,255,255,255,7,255,4,12,255,255,N,127,127,255,M6AZ5
2025-08-12 00:00:00+00:00,2025-08-10 11:09:10.375000+00:00,19,1,42099006,M6AU5,A,F,0.0001,1.0,2025-09-15 14:16:00+00:00,2025-03-17 21:30:00+00:00,,0.0001,0.006,0.6534,10000.0,1.0,,270347,0,42099006,0,10,88,2500,0,0,0,1,2147483647,2147483647,2147483647,20308,314,2025,65535,4,USD,,,6A,XCME,M6A,FFCXSX,FUT,AUD,,,,F,255,255,255,7,255,4,9,255,255,N,127,127,255,M6AU5
2025-08-12 00:00:00+00:00,2025-08-10 11:09:10.725000+00:00,19,1,42654633,M6AZ5-M6AU5,A,S,0.0001,1.0,2025-09-15 14:16:00+00:00,2025-06-16 21:30:00+00:00,,,0.001,0.001,,,,271371,0,42654633,0,10,88,2500,0,0,0,1,2147483647,2147483647,2147483647,20308,314,2025,65535,4,USD,,SD,6A,XCME,M6A,FMCXSX,FUT,AUD,,,,F,255,255,255,3,255,4,9,255,255,N,127,127,255,M6AZ5-M6AU5
2025-08-12 00:00:00+00:00,2025-08-10 11:09:10.525000+00:00,19,1,42654336,M6AZ5,A,F,0.0001,1.0,2025-12-15 15:16:00+00:00,2025-06-16 21:30:00+00:00,,0.0001,0.006,0.6543,10000.0,1.0,,270347,0,42654336,0,10,88,2500,0,0,0,1,2147483647,2147483647,2147483647,20308,314,2025,65535,4,USD,,,6A,XCME,M6A,FFCXSX,FUT,AUD,,,,F,255,255,255,7,255,4,12,255,255,N,127,127,255,M6AZ5
2025-08-13 00:00:00+00:00,2025-08-10 11:09:10.375000+00:00,19,1,42099006,M6AU5,A,F,0.0001,1.0,2025-09-15 14:16:00+00:00,2025-03-17 21:30:00+00:00,,0.0001,0.006,0.6534,10000.0,1.0,,270347,0,42099006,0,10,88,2500,0,0,0,1,2147483647,2147483647,2147483647,20308,314,2025,65535,4,USD,,,6A,XCME,M6A,FFCXSX,FUT,AUD,,,,F,255,255,255,7,255,4,9,255,255,N,127,127,255,M6AU5
2025-08-13 00:00:00+00:00,2025-08-10 11:09:10.725000+00:00,19,1,42654633,M6AZ5-M6AU5,A,S,0.0001,1.0,2025-09-15 14:16:00+00:00,2025-06-16 21:30:00+00:00,,,0.001,0.001,,,,271371,0,42654633,0,10,88,2500,0,0,0,1,2147483647,2147483647,2147483647,20308,314,2025,65535,4,USD,,SD,6A,XCME,M6A,FMCXSX,FUT,AUD,,,,F,255,255,255,3,255,4,9,255,255,N,127,127,255,M6AZ5-M6AU5
2025-08-13 00:00:00+00:00,2025-08-10 11:09:10.525000+00:00,19,1,42654336,M6AZ5,A,F,0.0001,1.0,2025-12-15 15:16:00+00:00,2025-06-16 21:30:00+00:00,,0.0001,0.006,0.6543,10000.0,1.0,,270347,0,42654336,0,10,88,2500,0,0,0,1,2147483647,2147483647,2147483647,20308,314,2025,65535,4,USD,,,6A,XCME,M6A,FFCXSX,FUT,AUD,,,,F,255,255,255,7,255,4,12,255,255,N,127,127,255,M6AZ5
2025-08-14 00:00:00+00:00,2025-08-10 11:09:10.375000+00:00,19,1,42099006,M6AU5,A,F,0.0001,1.0,2025-09-15 14:16:00+00:00,2025-03-17 21:30:00+00:00,,0.0001,0.006,0.6534,10000.0,1.0,,270347,0,42099006,0,10,88,2500,0,0,0,1,2147483647,2147483647,2147483647,20308,314,2025,65535,4,USD,,,6A,XCME,M6A,FFCXSX,FUT,AUD,,,,F,255,255,255,7,255,4,9,255,255,N,127,127,255,M6AU5
2025-08-14 00:00:00+00:00,2025-08-10 11:09:10.725000+00:00,19,1,42654633,M6AZ5-M6AU5,A,S,0.0001,1.0,2025-09-15 14:16:00+00:00,2025-06-16 21:30:00+00:00,,,0.001,0.001,,,,271371,0,42654633,0,10,88,2500,0,0,0,1,2147483647,2147483647,2147483647,20308,314,2025,65535,4,USD,,SD,6A,XCME,M6A,FMCXSX,FUT,AUD,,,,F,255,255,255,3,255,4,9,255,255,N,127,127,255,M6AZ5-M6AU5
2025-08-14 00:00:00+00:00,2025-08-10 11:09:10.525000+00:00,19,1,42654336,M6AZ5,A,F,0.0001,1.0,2025-12-15 15:16:00+00:00,2025-06-16 21:30:00+00:00,,0.0001,0.006,0.6543,10000.0,1.0,,270347,0,42654336,0,10,88,2500,0,0,0,1,2147483647,2147483647,2147483647,20308,314,2025,65535,4,USD,,,6A,XCME,M6A,FFCXSX,FUT,AUD,,,,F,255,255,255,7,255,4,12,255,255,N,127,127,255,M6AZ5
2025-08-15 00:00:00+00:00,2025-08-10 11:09:10.375000+00:00,19,1,42099006,M6AU5,A,F,0.0001,1.0,2025-09-15 14:16:00+00:00,2025-03-17 21:30:00+00:00,,0.0001,0.006,0.6534,10000.0,1.0,,270347,0,42099006,0,10,88,2500,0,0,0,1,2147483647,2147483647,2147483647,20308,314,2025,65535,4,USD,,,6A,XCME,M6A,FFCXSX,FUT,AUD,,,,F,255,255,255,7,255,4,9,255,255,N,127,127,255,M6AU5
2025-08-15 00:00:00+00:00,2025-08-10 11:09:10.725000+00:00,19,1,42654633,M6AZ5-M6AU5,A,S,0.0001,1.0,2025-09-15 14:16:00+00:00,2025-06-16 21:30:00+00:00,,,0.001,0.001,,,,271371,0,42654633,0,10,88,2500,0,0,0,1,2147483647,2147483647,2147483647,20308,314,2025,65535,4,USD,,SD,6A,XCME,M6A,FMCXSX,FUT,AUD,,,,F,255,255,255,3,255,4,9,255,255,N,127,127,255,M6AZ5-M6AU5
2025-08-15 00:00:00+00:00,2025-08-10 11:09:10.525000+00:00,19,1,42654336,M6AZ5,A,F,0.0001,1.0,2025-12-15 15:16:00+00:00,2025-06-16 21:30:00+00:00,,0.0001,0.006,0.6543,10000.0,1.0,,270347,0,42654336,0,10,88,2500,0,0,0,1,2147483647,2147483647,2147483647,20308,314,2025,65535,4,USD,,,6A,XCME,M6A,FFCXSX,FUT,AUD,,,,F,255,255,255,7,255,4,12,255,255,N,127,127,255,M6AZ5
2025-08-17 11:49:16.185084200+00:00,2025-08-17 11:49:16.166000+00:00,19,1,42099006,M6AU5,A,F,0.0001,1.0,2025-09-15 14:16:00+00:00,2025-03-17 21:30:00+00:00,,0.0001,0.006,0.6509,10000.0,1.0,,270347,0,42099006,0,10,88,2500,0,0,0,1,2147483647,2147483647,2147483647,20315,314,2025,65535,4,USD,,,6A,XCME,M6A,FFCXSX,FUT,AUD,,,,F,255,255,255,7,255,4,9,255,255,N,127,127,255,M6AU5
2025-08-17 11:49:16.338475920+00:00,2025-08-17 11:49:16.316000+00:00,19,1,42654336,M6AZ5,A,F,0.0001,1.0,2025-12-15 15:16:00+00:00,2025-06-16 21:30:00+00:00,,0.0001,0.006,0.6519,10000.0,1.0,,270347,0,42654336,0,10,88,2500,0,0,0,1,2147483647,2147483647,2147483647,20315,314,2025,65535,4,USD,,,6A,XCME,M6A,FFCXSX,FUT,AUD,,,,F,255,255,255,7,255,4,12,255,255,N,127,127,255,M6AZ5
2025-08-17 11:49:16.524965031+00:00,2025-08-17 11:49:16.516000+00:00,19,1,42654633,M6AZ5-M6AU5,A,S,0.0001,1.0,2025-09-15 14:16:00+00:00,2025-06-16 21:30:00+00:00,,,0.001,0.001,,,,271371,0,42654633,0,10,88,2500,0,0,0,1,2147483647,2147483647,2147483647,20315,314,2025,65535,4,USD,,SD,6A,XCME,M6A,FMCXSX,FUT,AUD,,,,F,255,255,255,3,255,4,9,255,255,N,127,127,255,M6AZ5-M6AU5
2025-08-18 00:00:00+00:00,2025-08-17 11:49:16.166000+00:00,19,1,42099006,M6AU5,A,F,0.0001,1.0,2025-09-15 14:16:00+00:00,2025-03-17 21:30:00+00:00,,0.0001,0.006,0.6509,10000.0,1.0,,270347,0,42099006,0,10,88,2500,0,0,0,1,2147483647,2147483647,2147483647,20315,314,2025,65535,4,USD,,,6A,XCME,M6A,FFCXSX,FUT,AUD,,,,F,255,255,255,7,255,4,9,255,255,N,127,127,255,M6AU5
2025-08-18 00:00:00+00:00,2025-08-17 11:49:16.516000+00:00,19,1,42654633,M6AZ5-M6AU5,A,S,0.0001,1.0,2025-09-15 14:16:00+00:00,2025-06-16 21:30:00+00:00,,,0.001,0.001,,,,271371,0,42654633,0,10,88,2500,0,0,0,1,2147483647,2147483647,2147483647,20315,314,2025,65535,4,USD,,SD,6A,XCME,M6A,FMCXSX,FUT,AUD,,,,F,255,255,255,3,255,4,9,255,255,N,127,127,255,M6AZ5-M6AU5
2025-08-18 00:00:00+00:00,2025-08-17 11:49:16.316000+00:00,19,1,42654336,M6AZ5,A,F,0.0001,1.0,2025-12-15 15:16:00+00:00,2025-06-16 21:30:00+00:00,,0.0001,0.006,0.6519,10000.0,1.0,,270347,0,42654336,0,10,88,2500,0,0,0,1,2147483647,2147483647,2147483647,20315,314,2025,65535,4,USD,,,6A,XCME,M6A,FFCXSX,FUT,AUD,,,,F,255,255,255,7,255,4,12,255,255,N,127,127,255,M6AZ5
2025-08-19 00:00:00+00:00,2025-08-17 11:49:16.166000+00:00,19,1,42099006,M6AU5,A,F,0.0001,1.0,2025-09-15 14:16:00+00:00,2025-03-17 21:30:00+00:00,,0.0001,0.006,0.6509,10000.0,1.0,,270347,0,42099006,0,10,88,2500,0,0,0,1,2147483647,2147483647,2147483647,20315,314,2025,65535,4,USD,,,6A,XCME,M6A,FFCXSX,FUT,AUD,,,,F,255,255,255,7,255,4,9,255,255,N,127,127,255,M6AU5
2025-08-19 00:00:00+00:00,2025-08-17 11:49:16.516000+00:00,19,1,42654633,M6AZ5-M6AU5,A,S,0.0001,1.0,2025-09-15 14:16:00+00:00,2025-06-16 21:30:00+00:00,,,0.001,0.001,,,,271371,0,42654633,0,10,88,2500,0,0,0,1,2147483647,2147483647,2147483647,20315,314,2025,65535,4,USD,,SD,6A,XCME,M6A,FMCXSX,FUT,AUD,,,,F,255,255,255,3,255,4,9,255,255,N,127,127,255,M6AZ5-M6AU5
2025-08-19 00:00:00+00:00,2025-08-17 11:49:16.316000+00:00,19,1,42654336,M6AZ5,A,F,0.0001,1.0,2025-12-15 15:16:00+00:00,2025-06-16 21:30:00+00:00,,0.0001,0.006,0.6519,10000.0,1.0,,270347,0,42654336,0,10,88,2500,0,0,0,1,2147483647,2147483647,2147483647,20315,314,2025,65535,4,USD,,,6A,XCME,M6A,FFCXSX,FUT,AUD,,,,F,255,255,255,7,255,4,12,255,255,N,127,127,255,M6AZ5
2025-08-20 00:00:00+00:00,2025-08-17 11:49:16.166000+00:00,19,1,42099006,M6AU5,A,F,0.0001,1.0,2025-09-15 14:16:00+00:00,2025-03-17 21:30:00+00:00,,0.0001,0.006,0.6509,10000.0,1.0,,270347,0,42099006,0,10,88,2500,0,0,0,1,2147483647,2147483647,2147483647,20315,314,2025,65535,4,USD,,,6A,XCME,M6A,FFCXSX,FUT,AUD,,,,F,255,255,255,7,255,4,9,255,255,N,127,127,255,M6AU5
2025-08-20 00:00:00+00:00,2025-08-17 11:49:16.516000+00:00,19,1,42654633,M6AZ5-M6AU5,A,S,0.0001,1.0,2025-09-15 14:16:00+00:00,2025-06-16 21:30:00+00:00,,,0.001,0.001,,,,271371,0,42654633,0,10,88,2500,0,0,0,1,2147483647,2147483647,2147483647,20315,314,2025,65535,4,USD,,SD,6A,XCME,M6A,FMCXSX,FUT,AUD,,,,F,255,255,255,3,255,4,9,255,255,N,127,127,255,M6AZ5-M6AU5
2025-08-20 00:00:00+00:00,2025-08-17 11:49:16.316000+00:00,19,1,42654336,M6AZ5,A,F,0.0001,1.0,2025-12-15 15:16:00+00:00,2025-06-16 21:30:00+00:00,,0.0001,0.006,0.6519,10000.0,1.0,,270347,0,42654336,0,10,88,2500,0,0,0,1,2147483647,2147483647,2147483647,20315,314,2025,65535,4,USD,,,6A,XCME,M6A,FFCXSX,FUT,AUD,,,,F,255,255,255,7,255,4,12,255,255,N,127,127,255,M6AZ5
2025-08-21 00:00:00+00:00,2025-08-17 11:49:16.166000+00:00,19,1,42099006,M6AU5,A,F,0.0001,1.0,2025-09-15 14:16:00+00:00,2025-03-17 21:30:00+00:00,,0.0001,0.006,0.6509,10000.0,1.0,,270347,0,42099006,0,10,88,2500,0,0,0,1,2147483647,2147483647,2147483647,20315,314,2025,65535,4,USD,,,6A,XCME,M6A,FFCXSX,FUT,AUD,,,,F,255,255,255,7,255,4,9,255,255,N,127,127,255,M6AU5
2025-08-21 00:00:00+00:00,2025-08-17 11:49:16.516000+00:00,19,1,42654633,M6AZ5-M6AU5,A,S,0.0001,1.0,2025-09-15 14:16:00+00:00,2025-06-16 21:30:00+00:00,,,0.001,0.001,,,,271371,0,42654633,0,10,88,2500,0,0,0,1,2147483647,2147483647,2147483647,20315,314,2025,65535,4,USD,,SD,6A,XCME,M6A,FMCXSX,FUT,AUD,,,,F,255,255,255,3,255,4,9,255,255,N,127,127,255,M6AZ5-M6AU5
2025-08-21 00:00:00+00:00,2025-08-17 11:49:16.316000+00:00,19,1,42654336,M6AZ5,A,F,0.0001,1.0,2025-12-15 15:16:00+00:00,2025-06-16 21:30:00+00:00,,0.0001,0.006,0.6519,10000.0,1.0,,270347,0,42654336,0,10,88,2500,0,0,0,1,2147483647,2147483647,2147483647,20315,314,2025,65535,4,USD,,,6A,XCME,M6A,FFCXSX,FUT,AUD,,,,F,255,255,255,7,255,4,12,255,255,N,127,127,255,M6AZ5
2025-08-22 00:00:00+00:00,2025-08-17 11:49:16.166000+00:00,19,1,42099006,M6AU5,A,F,0.0001,1.0,2025-09-15 14:16:00+00:00,2025-03-17 21:30:00+00:00,,0.0001,0.006,0.6509,10000.0,1.0,,270347,0,42099006,0,10,88,2500,0,0,0,1,2147483647,2147483647,2147483647,20315,314,2025,65535,4,USD,,,6A,XCME,M6A,FFCXSX,FUT,AUD,,,,F,255,255,255,7,255,4,9,255,255,N,127,127,255,M6AU5
2025-08-22 00:00:00+00:00,2025-08-17 11:49:16.516000+00:00,19,1,42654633,M6AZ5-M6AU5,A,S,0.0001,1.0,2025-09-15 14:16:00+00:00,2025-06-16 21:30:00+00:00,,,0.001,0.001,,,,271371,0,42654633,0,10,88,2500,0,0,0,1,2147483647,2147483647,2147483647,20315,314,2025,65535,4,USD,,SD,6A,XCME,M6A,FMCXSX,FUT,AUD,,,,F,255,255,255,3,255,4,9,255,255,N,127,127,255,M6AZ5-M6AU5
2025-08-22 00:00:00+00:00,2025-08-17 11:49:16.316000+00:00,19,1,42654336,M6AZ5,A,F,0.0001,1.0,2025-12-15 15:16:00+00:00,2025-06-16 21:30:00+00:00,,0.0001,0.006,0.6519,10000.0,1.0,,270347,0,42654336,0,10,88,2500,0,0,0,1,2147483647,2147483647,2147483647,20315,314,2025,65535,4,USD,,,6A,XCME,M6A,FFCXSX,FUT,AUD,,,,F,255,255,255,7,255,4,12,255,255,N,127,127,255,M6AZ5
2025-08-24 11:56:42.263166252+00:00,2025-08-24 11:56:42.227000+00:00,19,1,42099006,M6AU5,A,F,0.0001,1.0,2025-09-15 14:16:00+00:00,2025-03-17 21:30:00+00:00,,0.0001,0.006,0.6492,10000.0,1.0,,270347,0,42099006,0,10,88,2500,0,0,0,1,2147483647,2147483647,2147483647,20322,314,2025,65535,4,USD,,,6A,XCME,M6A,FFCXSX,FUT,AUD,,,,F,255,255,255,7,255,4,9,255,255,N,127,127,255,M6AU5
2025-08-24 11:56:42.396041459+00:00,2025-08-24 11:56:42.377000+00:00,19,1,42654336,M6AZ5,A,F,0.0001,1.0,2025-12-15 15:16:00+00:00,2025-06-16 21:30:00+00:00,,0.0001,0.006,0.6502,10000.0,1.0,,270347,0,42654336,0,10,88,2500,0,0,0,1,2147483647,2147483647,2147483647,20322,314,2025,65535,4,USD,,,6A,XCME,M6A,FFCXSX,FUT,AUD,,,,F,255,255,255,7,255,4,12,255,255,N,127,127,255,M6AZ5
2025-08-24 11:56:42.553261406+00:00,2025-08-24 11:56:42.527000+00:00,19,1,42654633,M6AZ5-M6AU5,A,S,0.0001,1.0,2025-09-15 14:16:00+00:00,2025-06-16 21:30:00+00:00,,,0.001,0.001,,,,271371,0,42654633,0,10,88,2500,0,0,0,1,2147483647,2147483647,2147483647,20322,314,2025,65535,4,USD,,SD,6A,XCME,M6A,FMCXSX,FUT,AUD,,,,F,255,255,255,3,255,4,9,255,255,N,127,127,255,M6AZ5-M6AU5
2025-08-25 00:00:00+00:00,2025-08-24 11:56:42.227000+00:00,19,1,42099006,M6AU5,A,F,0.0001,1.0,2025-09-15 14:16:00+00:00,2025-03-17 21:30:00+00:00,,0.0001,0.006,0.6492,10000.0,1.0,,270347,0,42099006,0,10,88,2500,0,0,0,1,2147483647,2147483647,2147483647,20322,314,2025,65535,4,USD,,,6A,XCME,M6A,FFCXSX,FUT,AUD,,,,F,255,255,255,7,255,4,9,255,255,N,127,127,255,M6AU5
2025-08-25 00:00:00+00:00,2025-08-24 11:56:42.527000+00:00,19,1,42654633,M6AZ5-M6AU5,A,S,0.0001,1.0,2025-09-15 14:16:00+00:00,2025-06-16 21:30:00+00:00,,,0.001,0.001,,,,271371,0,42654633,0,10,88,2500,0,0,0,1,2147483647,2147483647,2147483647,20322,314,2025,65535,4,USD,,SD,6A,XCME,M6A,FMCXSX,FUT,AUD,,,,F,255,255,255,3,255,4,9,255,255,N,127,127,255,M6AZ5-M6AU5
2025-08-25 00:00:00+00:00,2025-08-24 11:56:42.377000+00:00,19,1,42654336,M6AZ5,A,F,0.0001,1.0,2025-12-15 15:16:00+00:00,2025-06-16 21:30:00+00:00,,0.0001,0.006,0.6502,10000.0,1.0,,270347,0,42654336,0,10,88,2500,0,0,0,1,2147483647,2147483647,2147483647,20322,314,2025,65535,4,USD,,,6A,XCME,M6A,FFCXSX,FUT,AUD,,,,F,255,255,255,7,255,4,12,255,255,N,127,127,255,M6AZ5
2025-08-26 00:00:00+00:00,2025-08-24 11:56:42.227000+00:00,19,1,42099006,M6AU5,A,F,0.0001,1.0,2025-09-15 14:16:00+00:00,2025-03-17 21:30:00+00:00,,0.0001,0.006,0.6492,10000.0,1.0,,270347,0,42099006,0,10,88,2500,0,0,0,1,2147483647,2147483647,2147483647,20322,314,2025,65535,4,USD,,,6A,XCME,M6A,FFCXSX,FUT,AUD,,,,F,255,255,255,7,255,4,9,255,255,N,127,127,255,M6AU5
2025-08-26 00:00:00+00:00,2025-08-24 11:56:42.527000+00:00,19,1,42654633,M6AZ5-M6AU5,A,S,0.0001,1.0,2025-09-15 14:16:00+00:00,2025-06-16 21:30:00+00:00,,,0.001,0.001,,,,271371,0,42654633,0,10,88,2500,0,0,0,1,2147483647,2147483647,2147483647,20322,314,2025,65535,4,USD,,SD,6A,XCME,M6A,FMCXSX,FUT,AUD,,,,F,255,255,255,3,255,4,9,255,255,N,127,127,255,M6AZ5-M6AU5
2025-08-26 00:00:00+00:00,2025-08-24 11:56:42.377000+00:00,19,1,42654336,M6AZ5,A,F,0.0001,1.0,2025-12-15 15:16:00+00:00,2025-06-16 21:30:00+00:00,,0.0001,0.006,0.6502,10000.0,1.0,,270347,0,42654336,0,10,88,2500,0,0,0,1,2147483647,2147483647,2147483647,20322,314,2025,65535,4,USD,,,6A,XCME,M6A,FFCXSX,FUT,AUD,,,,F,255,255,255,7,255,4,12,255,255,N,127,127,255,M6AZ5
2025-08-27 00:00:00+00:00,2025-08-24 11:56:42.227000+00:00,19,1,42099006,M6AU5,A,F,0.0001,1.0,2025-09-15 14:16:00+00:00,2025-03-17 21:30:00+00:00,,0.0001,0.006,0.6492,10000.0,1.0,,270347,0,42099006,0,10,88,2500,0,0,0,1,2147483647,2147483647,2147483647,20322,314,2025,65535,4,USD,,,6A,XCME,M6A,FFCXSX,FUT,AUD,,,,F,255,255,255,7,255,4,9,255,255,N,127,127,255,M6AU5
2025-08-27 00:00:00+00:00,2025-08-24 11:56:42.527000+00:00,19,1,42654633,M6AZ5-M6AU5,A,S,0.0001,1.0,2025-09-15 14:16:00+00:00,2025-06-16 21:30:00+00:00,,,0.001,0.001,,,,271371,0,42654633,0,10,88,2500,0,0,0,1,2147483647,2147483647,2147483647,20322,314,2025,65535,4,USD,,SD,6A,XCME,M6A,FMCXSX,FUT,AUD,,,,F,255,255,255,3,255,4,9,255,255,N,127,127,255,M6AZ5-M6AU5
2025-08-27 00:00:00+00:00,2025-08-24 11:56:42.377000+00:00,19,1,42654336,M6AZ5,A,F,0.0001,1.0,2025-12-15 15:16:00+00:00,2025-06-16 21:30:00+00:00,,0.0001,0.006,0.6502,10000.0,1.0,,270347,0,42654336,0,10,88,2500,0,0,0,1,2147483647,2147483647,2147483647,20322,314,2025,65535,4,USD,,,6A,XCME,M6A,FFCXSX,FUT,AUD,,,,F,255,255,255,7,255,4,12,255,255,N,127,127,255,M6AZ5
2025-08-28 00:00:00+00:00,2025-08-24 11:56:42.227000+00:00,19,1,42099006,M6AU5,A,F,0.0001,1.0,2025-09-15 14:16:00+00:00,2025-03-17 21:30:00+00:00,,0.0001,0.006,0.6492,10000.0,1.0,,270347,0,42099006,0,10,88,2500,0,0,0,1,2147483647,2147483647,2147483647,20322,314,2025,65535,4,USD,,,6A,XCME,M6A,FFCXSX,FUT,AUD,,,,F,255,255,255,7,255,4,9,255,255,N,127,127,255,M6AU5
2025-08-28 00:00:00+00:00,2025-08-24 11:56:42.527000+00:00,19,1,42654633,M6AZ5-M6AU5,A,S,0.0001,1.0,2025-09-15 14:16:00+00:00,2025-06-16 21:30:00+00:00,,,0.001,0.001,,,,271371,0,42654633,0,10,88,2500,0,0,0,1,2147483647,2147483647,2147483647,20322,314,2025,65535,4,USD,,SD,6A,XCME,M6A,FMCXSX,FUT,AUD,,,,F,255,255,255,3,255,4,9,255,255,N,127,127,255,M6AZ5-M6AU5
2025-08-28 00:00:00+00:00,2025-08-24 11:56:42.377000+00:00,19,1,42654336,M6AZ5,A,F,0.0001,1.0,2025-12-15 15:16:00+00:00,2025-06-16 21:30:00+00:00,,0.0001,0.006,0.6502,10000.0,1.0,,270347,0,42654336,0,10,88,2500,0,0,0,1,2147483647,2147483647,2147483647,20322,314,2025,65535,4,USD,,,6A,XCME,M6A,FFCXSX,FUT,AUD,,,,F,255,255,255,7,255,4,12,255,255,N,127,127,255,M6AZ5
2025-08-29 00:00:00+00:00,2025-08-24 11:56:42.227000+00:00,19,1,42099006,M6AU5,A,F,0.0001,1.0,2025-09-15 14:16:00+00:00,2025-03-17 21:30:00+00:00,,0.0001,0.006,0.6492,10000.0,1.0,,270347,0,42099006,0,10,88,2500,0,0,0,1,2147483647,2147483647,2147483647,20322,314,2025,65535,4,USD,,,6A,XCME,M6A,FFCXSX,FUT,AUD,,,,F,255,255,255,7,255,4,9,255,255,N,127,127,255,M6AU5
2025-08-29 00:00:00+00:00,2025-08-24 11:56:42.527000+00:00,19,1,42654633,M6AZ5-M6AU5,A,S,0.0001,1.0,2025-09-15 14:16:00+00:00,2025-06-16 21:30:00+00:00,,,0.001,0.001,,,,271371,0,42654633,0,10,88,2500,0,0,0,1,2147483647,2147483647,2147483647,20322,314,2025,65535,4,USD,,SD,6A,XCME,M6A,FMCXSX,FUT,AUD,,,,F,255,255,255,3,255,4,9,255,255,N,127,127,255,M6AZ5-M6AU5
2025-08-29 00:00:00+00:00,2025-08-24 11:56:42.377000+00:00,19,1,42654336,M6AZ5,A,F,0.0001,1.0,2025-12-15 15:16:00+00:00,2025-06-16 21:30:00+00:00,,0.0001,0.006,0.6502,10000.0,1.0,,270347,0,42654336,0,10,88,2500,0,0,0,1,2147483647,2147483647,2147483647,20322,314,2025,65535,4,USD,,,6A,XCME,M6A,FFCXSX,FUT,AUD,,,,F,255,255,255,7,255,4,12,255,255,N,127,127,255,M6AZ5
2025-08-31 11:08:23.584082437+00:00,2025-08-31 11:08:23.558000+00:00,19,1,42099006,M6AU5,A,F,0.0001,1.0,2025-09-15 14:16:00+00:00,2025-03-17 21:30:00+00:00,,0.0001,0.006,0.6548,10000.0,1.0,,270347,0,42099006,0,10,88,2500,0,0,0,1,2147483647,2147483647,2147483647,20329,314,2025,65535,4,USD,,,6A,XCME,M6A,FFCXSX,FUT,AUD,,,,F,255,255,255,7,255,4,9,255,255,N,127,127,255,M6AU5
2025-08-31 11:08:23.723949646+00:00,2025-08-31 11:08:23.708000+00:00,19,1,42654336,M6AZ5,A,F,0.0001,1.0,2025-12-15 15:16:00+00:00,2025-06-16 21:30:00+00:00,,0.0001,0.006,0.6557,10000.0,1.0,,270347,0,42654336,0,10,88,2500,0,0,0,1,2147483647,2147483647,2147483647,20329,314,2025,65535,4,USD,,,6A,XCME,M6A,FFCXSX,FUT,AUD,,,,F,255,255,255,7,255,4,12,255,255,N,127,127,255,M6AZ5
2025-08-31 11:08:23.883861214+00:00,2025-08-31 11:08:23.858000+00:00,19,1,42654633,M6AZ5-M6AU5,A,S,0.0001,1.0,2025-09-15 14:16:00+00:00,2025-06-16 21:30:00+00:00,,,0.001,0.001,,,,271371,0,42654633,0,10,88,2500,0,0,0,1,2147483647,2147483647,2147483647,20329,314,2025,65535,4,USD,,SD,6A,XCME,M6A,FMCXSX,FUT,AUD,,,,F,255,255,255,3,255,4,9,255,255,N,127,127,255,M6AZ5-M6AU5
2025-09-01 00:00:00+00:00,2025-08-31 11:08:23.858000+00:00,19,1,42654633,M6AZ5-M6AU5,A,S,0.0001,1.0,2025-09-15 14:16:00+00:00,2025-06-16 21:30:00+00:00,,,0.001,0.001,,,,271371,0,42654633,0,10,88,2500,0,0,0,1,2147483647,2147483647,2147483647,20329,314,2025,65535,4,USD,,SD,6A,XCME,M6A,FMCXSX,FUT,AUD,,,,F,255,255,255,3,255,4,9,255,255,N,127,127,255,M6AZ5-M6AU5
2025-09-01 00:00:00+00:00,2025-08-31 11:08:23.558000+00:00,19,1,42099006,M6AU5,A,F,0.0001,1.0,2025-09-15 14:16:00+00:00,2025-03-17 21:30:00+00:00,,0.0001,0.006,0.6548,10000.0,1.0,,270347,0,42099006,0,10,88,2500,0,0,0,1,2147483647,2147483647,2147483647,20329,314,2025,65535,4,USD,,,6A,XCME,M6A,FFCXSX,FUT,AUD,,,,F,255,255,255,7,255,4,9,255,255,N,127,127,255,M6AU5
2025-09-01 00:00:00+00:00,2025-08-31 11:08:23.708000+00:00,19,1,42654336,M6AZ5,A,F,0.0001,1.0,2025-12-15 15:16:00+00:00,2025-06-16 21:30:00+00:00,,0.0001,0.006,0.6557,10000.0,1.0,,270347,0,42654336,0,10,88,2500,0,0,0,1,2147483647,2147483647,2147483647,20329,314,2025,65535,4,USD,,,6A,XCME,M6A,FFCXSX,FUT,AUD,,,,F,255,255,255,7,255,4,12,255,255,N,127,127,255,M6AZ5
2025-09-01 22:38:26.124674571+00:00,2025-09-01 22:38:26.119748727+00:00,19,1,42658497,M6AH6,A,F,0.0001,1.0,2026-03-16 14:16:00+00:00,2025-09-15 21:30:00+00:00,,0.0001,0.006,0.0,10000.0,1.0,,270347,0,42658497,0,10,88,2500,0,0,0,1,2147483647,2147483647,2147483647,20333,314,2026,65535,4,USD,,,6A,XCME,M6A,FFCXSX,FUT,AUD,,,,F,255,255,255,1,255,4,3,255,255,N,127,127,255,M6AH6
2025-09-01 22:40:37.362186132+00:00,2025-09-01 22:40:37.348200785+00:00,19,1,42658718,M6AH6-M6AZ5,A,S,0.0001,1.0,2025-12-15 15:16:00+00:00,2025-09-15 21:30:00+00:00,,,0.001,0.0,,,,271371,0,42658718,0,10,88,2500,0,0,0,1,2147483647,2147483647,2147483647,20333,314,2025,65535,4,USD,,SD,6A,XCME,M6A,FMCXSX,FUT,AUD,,,,F,255,255,255,1,255,4,12,255,255,N,127,127,255,M6AH6-M6AZ5
2025-09-02 00:00:00+00:00,2025-08-31 11:08:23.858000+00:00,19,1,42654633,M6AZ5-M6AU5,A,S,0.0001,1.0,2025-09-15 14:16:00+00:00,2025-06-16 21:30:00+00:00,,,0.001,0.001,,,,271371,0,42654633,0,10,88,2500,0,0,0,1,2147483647,2147483647,2147483647,20329,314,2025,65535,4,USD,,SD,6A,XCME,M6A,FMCXSX,FUT,AUD,,,,F,255,255,255,3,255,4,9,255,255,N,127,127,255,M6AZ5-M6AU5
2025-09-02 00:00:00+00:00,2025-08-31 11:08:23.558000+00:00,19,1,42099006,M6AU5,A,F,0.0001,1.0,2025-09-15 14:16:00+00:00,2025-03-17 21:30:00+00:00,,0.0001,0.006,0.6548,10000.0,1.0,,270347,0,42099006,0,10,88,2500,0,0,0,1,2147483647,2147483647,2147483647,20329,314,2025,65535,4,USD,,,6A,XCME,M6A,FFCXSX,FUT,AUD,,,,F,255,255,255,7,255,4,9,255,255,N,127,127,255,M6AU5
2025-09-02 00:00:00+00:00,2025-09-01 22:38:26.119748727+00:00,19,1,42658497,M6AH6,A,F,0.0001,1.0,2026-03-16 14:16:00+00:00,2025-09-15 21:30:00+00:00,,0.0001,0.006,0.0,10000.0,1.0,,270347,0,42658497,0,10,88,2500,0,0,0,1,2147483647,2147483647,2147483647,20333,314,2026,65535,4,USD,,,6A,XCME,M6A,FFCXSX,FUT,AUD,,,,F,255,255,255,1,255,4,3,255,255,N,127,127,255,M6AH6
2025-09-02 00:00:00+00:00,2025-08-31 11:08:23.708000+00:00,19,1,42654336,M6AZ5,A,F,0.0001,1.0,2025-12-15 15:16:00+00:00,2025-06-16 21:30:00+00:00,,0.0001,0.006,0.6557,10000.0,1.0,,270347,0,42654336,0,10,88,2500,0,0,0,1,2147483647,2147483647,2147483647,20329,314,2025,65535,4,USD,,,6A,XCME,M6A,FFCXSX,FUT,AUD,,,,F,255,255,255,7,255,4,12,255,255,N,127,127,255,M6AZ5
2025-09-02 00:00:00+00:00,2025-09-01 22:40:37.348200785+00:00,19,1,42658718,M6AH6-M6AZ5,A,S,0.0001,1.0,2025-12-15 15:16:00+00:00,2025-09-15 21:30:00+00:00,,,0.001,0.0,,,,271371,0,42658718,0,10,88,2500,0,0,0,1,2147483647,2147483647,2147483647,20333,314,2025,65535,4,USD,,SD,6A,XCME,M6A,FMCXSX,FUT,AUD,,,,F,255,255,255,1,255,4,12,255,255,N,127,127,255,M6AH6-M6AZ5
2025-09-03 00:00:00+00:00,2025-08-31 11:08:23.858000+00:00,19,1,42654633,M6AZ5-M6AU5,A,S,0.0001,1.0,2025-09-15 14:16:00+00:00,2025-06-16 21:30:00+00:00,,,0.001,0.001,,,,271371,0,42654633,0,10,88,2500,0,0,0,1,2147483647,2147483647,2147483647,20329,314,2025,65535,4,USD,,SD,6A,XCME,M6A,FMCXSX,FUT,AUD,,,,F,255,255,255,3,255,4,9,255,255,N,127,127,255,M6AZ5-M6AU5
2025-09-03 00:00:00+00:00,2025-08-31 11:08:23.558000+00:00,19,1,42099006,M6AU5,A,F,0.0001,1.0,2025-09-15 14:16:00+00:00,2025-03-17 21:30:00+00:00,,0.0001,0.006,0.6548,10000.0,1.0,,270347,0,42099006,0,10,88,2500,0,0,0,1,2147483647,2147483647,2147483647,20329,314,2025,65535,4,USD,,,6A,XCME,M6A,FFCXSX,FUT,AUD,,,,F,255,255,255,7,255,4,9,255,255,N,127,127,255,M6AU5
2025-09-03 00:00:00+00:00,2025-09-01 22:38:26.119748727+00:00,19,1,42658497,M6AH6,A,F,0.0001,1.0,2026-03-16 14:16:00+00:00,2025-09-15 21:30:00+00:00,,0.0001,0.006,0.0,10000.0,1.0,,270347,0,42658497,0,10,88,2500,0,0,0,1,2147483647,2147483647,2147483647,20333,314,2026,65535,4,USD,,,6A,XCME,M6A,FFCXSX,FUT,AUD,,,,F,255,255,255,1,255,4,3,255,255,N,127,127,255,M6AH6
2025-09-03 00:00:00+00:00,2025-08-31 11:08:23.708000+00:00,19,1,42654336,M6AZ5,A,F,0.0001,1.0,2025-12-15 15:16:00+00:00,2025-06-16 21:30:00+00:00,,0.0001,0.006,0.6557,10000.0,1.0,,270347,0,42654336,0,10,88,2500,0,0,0,1,2147483647,2147483647,2147483647,20329,314,2025,65535,4,USD,,,6A,XCME,M6A,FFCXSX,FUT,AUD,,,,F,255,255,255,7,255,4,12,255,255,N,127,127,255,M6AZ5
2025-09-03 00:00:00+00:00,2025-09-01 22:40:37.348200785+00:00,19,1,42658718,M6AH6-M6AZ5,A,S,0.0001,1.0,2025-12-15 15:16:00+00:00,2025-09-15 21:30:00+00:00,,,0.001,0.0,,,,271371,0,42658718,0,10,88,2500,0,0,0,1,2147483647,2147483647,2147483647,20333,314,2025,65535,4,USD,,SD,6A,XCME,M6A,FMCXSX,FUT,AUD,,,,F,255,255,255,1,255,4,12,255,255,N,127,127,255,M6AH6-M6AZ5
2025-09-04 00:00:00+00:00,2025-08-31 11:08:23.858000+00:00,19,1,42654633,M6AZ5-M6AU5,A,S,0.0001,1.0,2025-09-15 14:16:00+00:00,2025-06-16 21:30:00+00:00,,,0.001,0.001,,,,271371,0,42654633,0,10,88,2500,0,0,0,1,2147483647,2147483647,2147483647,20329,314,2025,65535,4,USD,,SD,6A,XCME,M6A,FMCXSX,FUT,AUD,,,,F,255,255,255,3,255,4,9,255,255,N,127,127,255,M6AZ5-M6AU5
2025-09-04 00:00:00+00:00,2025-08-31 11:08:23.558000+00:00,19,1,42099006,M6AU5,A,F,0.0001,1.0,2025-09-15 14:16:00+00:00,2025-03-17 21:30:00+00:00,,0.0001,0.006,0.6548,10000.0,1.0,,270347,0,42099006,0,10,88,2500,0,0,0,1,2147483647,2147483647,2147483647,20329,314,2025,65535,4,USD,,,6A,XCME,M6A,FFCXSX,FUT,AUD,,,,F,255,255,255,7,255,4,9,255,255,N,127,127,255,M6AU5
2025-09-04 00:00:00+00:00,2025-09-01 22:38:26.119748727+00:00,19,1,42658497,M6AH6,A,F,0.0001,1.0,2026-03-16 14:16:00+00:00,2025-09-15 21:30:00+00:00,,0.0001,0.006,0.0,10000.0,1.0,,270347,0,42658497,0,10,88,2500,0,0,0,1,2147483647,2147483647,2147483647,20333,314,2026,65535,4,USD,,,6A,XCME,M6A,FFCXSX,FUT,AUD,,,,F,255,255,255,1,255,4,3,255,255,N,127,127,255,M6AH6
2025-09-04 00:00:00+00:00,2025-08-31 11:08:23.708000+00:00,19,1,42654336,M6AZ5,A,F,0.0001,1.0,2025-12-15 15:16:00+00:00,2025-06-16 21:30:00+00:00,,0.0001,0.006,0.6557,10000.0,1.0,,270347,0,42654336,0,10,88,2500,0,0,0,1,2147483647,2147483647,2147483647,20329,314,2025,65535,4,USD,,,6A,XCME,M6A,FFCXSX,FUT,AUD,,,,F,255,255,255,7,255,4,12,255,255,N,127,127,255,M6AZ5
2025-09-04 00:00:00+00:00,2025-09-01 22:40:37.348200785+00:00,19,1,42658718,M6AH6-M6AZ5,A,S,0.0001,1.0,2025-12-15 15:16:00+00:00,2025-09-15 21:30:00+00:00,,,0.001,0.0,,,,271371,0,42658718,0,10,88,2500,0,0,0,1,2147483647,2147483647,2147483647,20333,314,2025,65535,4,USD,,SD,6A,XCME,M6A,FMCXSX,FUT,AUD,,,,F,255,255,255,1,255,4,12,255,255,N,127,127,255,M6AH6-M6AZ5
2025-09-05 00:00:00+00:00,2025-08-31 11:08:23.858000+00:00,19,1,42654633,M6AZ5-M6AU5,A,S,0.0001,1.0,2025-09-15 14:16:00+00:00,2025-06-16 21:30:00+00:00,,,0.001,0.001,,,,271371,0,42654633,0,10,88,2500,0,0,0,1,2147483647,2147483647,2147483647,20329,314,2025,65535,4,USD,,SD,6A,XCME,M6A,FMCXSX,FUT,AUD,,,,F,255,255,255,3,255,4,9,255,255,N,127,127,255,M6AZ5-M6AU5
2025-09-05 00:00:00+00:00,2025-08-31 11:08:23.558000+00:00,19,1,42099006,M6AU5,A,F,0.0001,1.0,2025-09-15 14:16:00+00:00,2025-03-17 21:30:00+00:00,,0.0001,0.006,0.6548,10000.0,1.0,,270347,0,42099006,0,10,88,2500,0,0,0,1,2147483647,2147483647,2147483647,20329,314,2025,65535,4,USD,,,6A,XCME,M6A,FFCXSX,FUT,AUD,,,,F,255,255,255,7,255,4,9,255,255,N,127,127,255,M6AU5
2025-09-05 00:00:00+00:00,2025-09-01 22:38:26.119748727+00:00,19,1,42658497,M6AH6,A,F,0.0001,1.0,2026-03-16 14:16:00+00:00,2025-09-15 21:30:00+00:00,,0.0001,0.006,0.0,10000.0,1.0,,270347,0,42658497,0,10,88,2500,0,0,0,1,2147483647,2147483647,2147483647,20333,314,2026,65535,4,USD,,,6A,XCME,M6A,FFCXSX,FUT,AUD,,,,F,255,255,255,1,255,4,3,255,255,N,127,127,255,M6AH6
2025-09-05 00:00:00+00:00,2025-08-31 11:08:23.708000+00:00,19,1,42654336,M6AZ5,A,F,0.0001,1.0,2025-12-15 15:16:00+00:00,2025-06-16 21:30:00+00:00,,0.0001,0.006,0.6557,10000.0,1.0,,270347,0,42654336,0,10,88,2500,0,0,0,1,2147483647,2147483647,2147483647,20329,314,2025,65535,4,USD,,,6A,XCME,M6A,FFCXSX,FUT,AUD,,,,F,255,255,255,7,255,4,12,255,255,N,127,127,255,M6AZ5
2025-09-05 00:00:00+00:00,2025-09-01 22:40:37.348200785+00:00,19,1,42658718,M6AH6-M6AZ5,A,S,0.0001,1.0,2025-12-15 15:16:00+00:00,2025-09-15 21:30:00+00:00,,,0.001,0.0,,,,271371,0,42658718,0,10,88,2500,0,0,0,1,2147483647,2147483647,2147483647,20333,314,2025,65535,4,USD,,SD,6A,XCME,M6A,FMCXSX,FUT,AUD,,,,F,255,255,255,1,255,4,12,255,255,N,127,127,255,M6AH6-M6AZ5
2025-09-07 11:28:30.868072183+00:00,2025-09-07 11:28:30.798000+00:00,19,1,42658497,M6AH6,A,F,0.0001,1.0,2026-03-16 14:16:00+00:00,2025-09-15 21:30:00+00:00,,0.0001,0.006,0.6567,10000.0,1.0,,270347,0,42658497,0,10,88,2500,0,0,0,1,2147483647,2147483647,2147483647,20336,314,2026,65535,4,USD,,,6A,XCME,M6A,FFCXSX,FUT,AUD,,,,F,255,255,255,7,255,4,3,255,255,N,127,127,255,M6AH6
2025-09-07 11:28:30.968508901+00:00,2025-09-07 11:28:30.948000+00:00,19,1,42099006,M6AU5,A,F,0.0001,1.0,2025-09-15 14:16:00+00:00,2025-03-17 21:30:00+00:00,,0.0001,0.006,0.6554,10000.0,1.0,,270347,0,42099006,0,10,88,2500,0,0,0,1,2147483647,2147483647,2147483647,20336,314,2025,65535,4,USD,,,6A,XCME,M6A,FFCXSX,FUT,AUD,,,,F,255,255,255,7,255,4,9,255,255,N,127,127,255,M6AU5
2025-09-07 11:28:31.153056331+00:00,2025-09-07 11:28:31.148000+00:00,19,1,42654336,M6AZ5,A,F,0.0001,1.0,2025-12-15 15:16:00+00:00,2025-06-16 21:30:00+00:00,,0.0001,0.006,0.6562,10000.0,1.0,,270347,0,42654336,0,10,88,2500,0,0,0,1,2147483647,2147483647,2147483647,20336,314,2025,65535,4,USD,,,6A,XCME,M6A,FFCXSX,FUT,AUD,,,,F,255,255,255,7,255,4,12,255,255,N,127,127,255,M6AZ5
2025-09-07 11:28:31.201832021+00:00,2025-09-07 11:28:31.198000+00:00,19,1,42658718,M6AH6-M6AZ5,A,S,0.0001,1.0,2025-12-15 15:16:00+00:00,2025-09-15 21:30:00+00:00,,,0.001,0.0006,,,,271371,0,42658718,0,10,88,2500,0,0,0,1,2147483647,2147483647,2147483647,20336,314,2025,65535,4,USD,,SD,6A,XCME,M6A,FMCXSX,FUT,AUD,,,,F,255,255,255,3,255,4,12,255,255,N,127,127,255,M6AH6-M6AZ5
2025-09-07 11:28:31.315416765+00:00,2025-09-07 11:28:31.298000+00:00,19,1,42654633,M6AZ5-M6AU5,A,S,0.0001,1.0,2025-09-15 14:16:00+00:00,2025-06-16 21:30:00+00:00,,,0.001,0.0008,,,,271371,0,42654633,0,10,88,2500,0,0,0,1,2147483647,2147483647,2147483647,20336,314,2025,65535,4,USD,,SD,6A,XCME,M6A,FMCXSX,FUT,AUD,,,,F,255,255,255,3,255,4,9,255,255,N,127,127,255,M6AZ5-M6AU5
2025-09-08 00:00:00+00:00,2025-09-07 11:28:31.298000+00:00,19,1,42654633,M6AZ5-M6AU5,A,S,0.0001,1.0,2025-09-15 14:16:00+00:00,2025-06-16 21:30:00+00:00,,,0.001,0.0008,,,,271371,0,42654633,0,10,88,2500,0,0,0,1,2147483647,2147483647,2147483647,20336,314,2025,65535,4,USD,,SD,6A,XCME,M6A,FMCXSX,FUT,AUD,,,,F,255,255,255,3,255,4,9,255,255,N,127,127,255,M6AZ5-M6AU5
2025-09-08 00:00:00+00:00,2025-09-07 11:28:30.948000+00:00,19,1,42099006,M6AU5,A,F,0.0001,1.0,2025-09-15 14:16:00+00:00,2025-03-17 21:30:00+00:00,,0.0001,0.006,0.6554,10000.0,1.0,,270347,0,42099006,0,10,88,2500,0,0,0,1,2147483647,2147483647,2147483647,20336,314,2025,65535,4,USD,,,6A,XCME,M6A,FFCXSX,FUT,AUD,,,,F,255,255,255,7,255,4,9,255,255,N,127,127,255,M6AU5
2025-09-08 00:00:00+00:00,2025-09-07 11:28:30.798000+00:00,19,1,42658497,M6AH6,A,F,0.0001,1.0,2026-03-16 14:16:00+00:00,2025-09-15 21:30:00+00:00,,0.0001,0.006,0.6567,10000.0,1.0,,270347,0,42658497,0,10,88,2500,0,0,0,1,2147483647,2147483647,2147483647,20336,314,2026,65535,4,USD,,,6A,XCME,M6A,FFCXSX,FUT,AUD,,,,F,255,255,255,7,255,4,3,255,255,N,127,127,255,M6AH6
2025-09-08 00:00:00+00:00,2025-09-07 11:28:31.148000+00:00,19,1,42654336,M6AZ5,A,F,0.0001,1.0,2025-12-15 15:16:00+00:00,2025-06-16 21:30:00+00:00,,0.0001,0.006,0.6562,10000.0,1.0,,270347,0,42654336,0,10,88,2500,0,0,0,1,2147483647,2147483647,2147483647,20336,314,2025,65535,4,USD,,,6A,XCME,M6A,FFCXSX,FUT,AUD,,,,F,255,255,255,7,255,4,12,255,255,N,127,127,255,M6AZ5
2025-09-08 00:00:00+00:00,2025-09-07 11:28:31.198000+00:00,19,1,42658718,M6AH6-M6AZ5,A,S,0.0001,1.0,2025-12-15 15:16:00+00:00,2025-09-15 21:30:00+00:00,,,0.001,0.0006,,,,271371,0,42658718,0,10,88,2500,0,0,0,1,2147483647,2147483647,2147483647,20336,314,2025,65535,4,USD,,SD,6A,XCME,M6A,FMCXSX,FUT,AUD,,,,F,255,255,255,3,255,4,12,255,255,N,127,127,255,M6AH6-M6AZ5
2025-09-09 00:00:00+00:00,2025-09-07 11:28:31.298000+00:00,19,1,42654633,M6AZ5-M6AU5,A,S,0.0001,1.0,2025-09-15 14:16:00+00:00,2025-06-16 21:30:00+00:00,,,0.001,0.0008,,,,271371,0,42654633,0,10,88,2500,0,0,0,1,2147483647,2147483647,2147483647,20336,314,2025,65535,4,USD,,SD,6A,XCME,M6A,FMCXSX,FUT,AUD,,,,F,255,255,255,3,255,4,9,255,255,N,127,127,255,M6AZ5-M6AU5
2025-09-09 00:00:00+00:00,2025-09-07 11:28:30.948000+00:00,19,1,42099006,M6AU5,A,F,0.0001,1.0,2025-09-15 14:16:00+00:00,2025-03-17 21:30:00+00:00,,0.0001,0.006,0.6554,10000.0,1.0,,270347,0,42099006,0,10,88,2500,0,0,0,1,2147483647,2147483647,2147483647,20336,314,2025,65535,4,USD,,,6A,XCME,M6A,FFCXSX,FUT,AUD,,,,F,255,255,255,7,255,4,9,255,255,N,127,127,255,M6AU5
2025-09-09 00:00:00+00:00,2025-09-07 11:28:30.798000+00:00,19,1,42658497,M6AH6,A,F,0.0001,1.0,2026-03-16 14:16:00+00:00,2025-09-15 21:30:00+00:00,,0.0001,0.006,0.6567,10000.0,1.0,,270347,0,42658497,0,10,88,2500,0,0,0,1,2147483647,2147483647,2147483647,20336,314,2026,65535,4,USD,,,6A,XCME,M6A,FFCXSX,FUT,AUD,,,,F,255,255,255,7,255,4,3,255,255,N,127,127,255,M6AH6
2025-09-09 00:00:00+00:00,2025-09-07 11:28:31.148000+00:00,19,1,42654336,M6AZ5,A,F,0.0001,1.0,2025-12-15 15:16:00+00:00,2025-06-16 21:30:00+00:00,,0.0001,0.006,0.6562,10000.0,1.0,,270347,0,42654336,0,10,88,2500,0,0,0,1,2147483647,2147483647,2147483647,20336,314,2025,65535,4,USD,,,6A,XCME,M6A,FFCXSX,FUT,AUD,,,,F,255,255,255,7,255,4,12,255,255,N,127,127,255,M6AZ5
2025-09-09 00:00:00+00:00,2025-09-07 11:28:31.198000+00:00,19,1,42658718,M6AH6-M6AZ5,A,S,0.0001,1.0,2025-12-15 15:16:00+00:00,2025-09-15 21:30:00+00:00,,,0.001,0.0006,,,,271371,0,42658718,0,10,88,2500,0,0,0,1,2147483647,2147483647,2147483647,20336,314,2025,65535,4,USD,,SD,6A,XCME,M6A,FMCXSX,FUT,AUD,,,,F,255,255,255,3,255,4,12,255,255,N,127,127,255,M6AH6-M6AZ5
2025-09-10 00:00:00+00:00,2025-09-07 11:28:31.298000+00:00,19,1,42654633,M6AZ5-M6AU5,A,S,0.0001,1.0,2025-09-15 14:16:00+00:00,2025-06-16 21:30:00+00:00,,,0.001,0.0008,,,,271371,0,42654633,0,10,88,2500,0,0,0,1,2147483647,2147483647,2147483647,20336,314,2025,65535,4,USD,,SD,6A,XCME,M6A,FMCXSX,FUT,AUD,,,,F,255,255,255,3,255,4,9,255,255,N,127,127,255,M6AZ5-M6AU5
2025-09-10 00:00:00+00:00,2025-09-07 11:28:30.948000+00:00,19,1,42099006,M6AU5,A,F,0.0001,1.0,2025-09-15 14:16:00+00:00,2025-03-17 21:30:00+00:00,,0.0001,0.006,0.6554,10000.0,1.0,,270347,0,42099006,0,10,88,2500,0,0,0,1,2147483647,2147483647,2147483647,20336,314,2025,65535,4,USD,,,6A,XCME,M6A,FFCXSX,FUT,AUD,,,,F,255,255,255,7,255,4,9,255,255,N,127,127,255,M6AU5
2025-09-10 00:00:00+00:00,2025-09-07 11:28:30.798000+00:00,19,1,42658497,M6AH6,A,F,0.0001,1.0,2026-03-16 14:16:00+00:00,2025-09-15 21:30:00+00:00,,0.0001,0.006,0.6567,10000.0,1.0,,270347,0,42658497,0,10,88,2500,0,0,0,1,2147483647,2147483647,2147483647,20336,314,2026,65535,4,USD,,,6A,XCME,M6A,FFCXSX,FUT,AUD,,,,F,255,255,255,7,255,4,3,255,255,N,127,127,255,M6AH6
2025-09-10 00:00:00+00:00,2025-09-07 11:28:31.148000+00:00,19,1,42654336,M6AZ5,A,F,0.0001,1.0,2025-12-15 15:16:00+00:00,2025-06-16 21:30:00+00:00,,0.0001,0.006,0.6562,10000.0,1.0,,270347,0,42654336,0,10,88,2500,0,0,0,1,2147483647,2147483647,2147483647,20336,314,2025,65535,4,USD,,,6A,XCME,M6A,FFCXSX,FUT,AUD,,,,F,255,255,255,7,255,4,12,255,255,N,127,127,255,M6AZ5
2025-09-10 00:00:00+00:00,2025-09-07 11:28:31.198000+00:00,19,1,42658718,M6AH6-M6AZ5,A,S,0.0001,1.0,2025-12-15 15:16:00+00:00,2025-09-15 21:30:00+00:00,,,0.001,0.0006,,,,271371,0,42658718,0,10,88,2500,0,0,0,1,2147483647,2147483647,2147483647,20336,314,2025,65535,4,USD,,SD,6A,XCME,M6A,FMCXSX,FUT,AUD,,,,F,255,255,255,3,255,4,12,255,255,N,127,127,255,M6AH6-M6AZ5
2025-09-11 00:00:00+00:00,2025-09-07 11:28:31.298000+00:00,19,1,42654633,M6AZ5-M6AU5,A,S,0.0001,1.0,2025-09-15 14:16:00+00:00,2025-06-16 21:30:00+00:00,,,0.001,0.0008,,,,271371,0,42654633,0,10,88,2500,0,0,0,1,2147483647,2147483647,2147483647,20336,314,2025,65535,4,USD,,SD,6A,XCME,M6A,FMCXSX,FUT,AUD,,,,F,255,255,255,3,255,4,9,255,255,N,127,127,255,M6AZ5-M6AU5
2025-09-11 00:00:00+00:00,2025-09-07 11:28:30.948000+00:00,19,1,42099006,M6AU5,A,F,0.0001,1.0,2025-09-15 14:16:00+00:00,2025-03-17 21:30:00+00:00,,0.0001,0.006,0.6554,10000.0,1.0,,270347,0,42099006,0,10,88,2500,0,0,0,1,2147483647,2147483647,2147483647,20336,314,2025,65535,4,USD,,,6A,XCME,M6A,FFCXSX,FUT,AUD,,,,F,255,255,255,7,255,4,9,255,255,N,127,127,255,M6AU5
2025-09-11 00:00:00+00:00,2025-09-07 11:28:30.798000+00:00,19,1,42658497,M6AH6,A,F,0.0001,1.0,2026-03-16 14:16:00+00:00,2025-09-15 21:30:00+00:00,,0.0001,0.006,0.6567,10000.0,1.0,,270347,0,42658497,0,10,88,2500,0,0,0,1,2147483647,2147483647,2147483647,20336,314,2026,65535,4,USD,,,6A,XCME,M6A,FFCXSX,FUT,AUD,,,,F,255,255,255,7,255,4,3,255,255,N,127,127,255,M6AH6
2025-09-11 00:00:00+00:00,2025-09-07 11:28:31.148000+00:00,19,1,42654336,M6AZ5,A,F,0.0001,1.0,2025-12-15 15:16:00+00:00,2025-06-16 21:30:00+00:00,,0.0001,0.006,0.6562,10000.0,1.0,,270347,0,42654336,0,10,88,2500,0,0,0,1,2147483647,2147483647,2147483647,20336,314,2025,65535,4,USD,,,6A,XCME,M6A,FFCXSX,FUT,AUD,,,,F,255,255,255,7,255,4,12,255,255,N,127,127,255,M6AZ5
2025-09-11 00:00:00+00:00,2025-09-07 11:28:31.198000+00:00,19,1,42658718,M6AH6-M6AZ5,A,S,0.0001,1.0,2025-12-15 15:16:00+00:00,2025-09-15 21:30:00+00:00,,,0.001,0.0006,,,,271371,0,42658718,0,10,88,2500,0,0,0,1,2147483647,2147483647,2147483647,20336,314,2025,65535,4,USD,,SD,6A,XCME,M6A,FMCXSX,FUT,AUD,,,,F,255,255,255,3,255,4,12,255,255,N,127,127,255,M6AH6-M6AZ5
2025-09-12 00:00:00+00:00,2025-09-07 11:28:31.298000+00:00,19,1,42654633,M6AZ5-M6AU5,A,S,0.0001,1.0,2025-09-15 14:16:00+00:00,2025-06-16 21:30:00+00:00,,,0.001,0.0008,,,,271371,0,42654633,0,10,88,2500,0,0,0,1,2147483647,2147483647,2147483647,20336,314,2025,65535,4,USD,,SD,6A,XCME,M6A,FMCXSX,FUT,AUD,,,,F,255,255,255,3,255,4,9,255,255,N,127,127,255,M6AZ5-M6AU5
2025-09-12 00:00:00+00:00,2025-09-07 11:28:30.948000+00:00,19,1,42099006,M6AU5,A,F,0.0001,1.0,2025-09-15 14:16:00+00:00,2025-03-17 21:30:00+00:00,,0.0001,0.006,0.6554,10000.0,1.0,,270347,0,42099006,0,10,88,2500,0,0,0,1,2147483647,2147483647,2147483647,20336,314,2025,65535,4,USD,,,6A,XCME,M6A,FFCXSX,FUT,AUD,,,,F,255,255,255,7,255,4,9,255,255,N,127,127,255,M6AU5
2025-09-12 00:00:00+00:00,2025-09-07 11:28:30.798000+00:00,19,1,42658497,M6AH6,A,F,0.0001,1.0,2026-03-16 14:16:00+00:00,2025-09-15 21:30:00+00:00,,0.0001,0.006,0.6567,10000.0,1.0,,270347,0,42658497,0,10,88,2500,0,0,0,1,2147483647,2147483647,2147483647,20336,314,2026,65535,4,USD,,,6A,XCME,M6A,FFCXSX,FUT,AUD,,,,F,255,255,255,7,255,4,3,255,255,N,127,127,255,M6AH6
2025-09-12 00:00:00+00:00,2025-09-07 11:28:31.148000+00:00,19,1,42654336,M6AZ5,A,F,0.0001,1.0,2025-12-15 15:16:00+00:00,2025-06-16 21:30:00+00:00,,0.0001,0.006,0.6562,10000.0,1.0,,270347,0,42654336,0,10,88,2500,0,0,0,1,2147483647,2147483647,2147483647,20336,314,2025,65535,4,USD,,,6A,XCME,M6A,FFCXSX,FUT,AUD,,,,F,255,255,255,7,255,4,12,255,255,N,127,127,255,M6AZ5
2025-09-12 00:00:00+00:00,2025-09-07 11:28:31.198000+00:00,19,1,42658718,M6AH6-M6AZ5,A,S,0.0001,1.0,2025-12-15 15:16:00+00:00,2025-09-15 21:30:00+00:00,,,0.001,0.0006,,,,271371,0,42658718,0,10,88,2500,0,0,0,1,2147483647,2147483647,2147483647,20336,314,2025,65535,4,USD,,SD,6A,XCME,M6A,FMCXSX,FUT,AUD,,,,F,255,255,255,3,255,4,12,255,255,N,127,127,255,M6AH6-M6AZ5
2025-09-14 11:14:29.933288862+00:00,2025-09-14 11:14:29.837000+00:00,19,1,42658497,M6AH6,A,F,0.0001,1.0,2026-03-16 14:16:00+00:00,2025-09-15 21:30:00+00:00,,0.0001,0.006,0.6667,10000.0,1.0,,270347,0,42658497,0,10,88,2500,0,0,0,1,2147483647,2147483647,2147483647,20343,314,2026,65535,4,USD,,,6A,XCME,M6A,FFCXSX,FUT,AUD,,,,F,255,255,255,7,255,4,3,255,255,N,127,127,255,M6AH6
2025-09-14 11:14:30.025130781+00:00,2025-09-14 11:14:29.987000+00:00,19,1,42099006,M6AU5,A,F,0.0001,1.0,2025-09-15 14:16:00+00:00,2025-03-17 21:30:00+00:00,,0.0001,0.006,0.6653,10000.0,1.0,,270347,0,42099006,0,10,88,2500,0,0,0,1,2147483647,2147483647,2147483647,20343,314,2025,65535,4,USD,,,6A,XCME,M6A,FFCXSX,FUT,AUD,,,,F,255,255,255,7,255,4,9,255,255,N,127,127,255,M6AU5
2025-09-14 11:14:30.193434799+00:00,2025-09-14 11:14:30.187000+00:00,19,1,42654336,M6AZ5,A,F,0.0001,1.0,2025-12-15 15:16:00+00:00,2025-06-16 21:30:00+00:00,,0.0001,0.006,0.6661,10000.0,1.0,,270347,0,42654336,0,10,88,2500,0,0,0,1,2147483647,2147483647,2147483647,20343,314,2025,65535,4,USD,,,6A,XCME,M6A,FFCXSX,FUT,AUD,,,,F,255,255,255,7,255,4,12,255,255,N,127,127,255,M6AZ5
2025-09-14 11:14:30.243441906+00:00,2025-09-14 11:14:30.237000+00:00,19,1,42658718,M6AH6-M6AZ5,A,S,0.0001,1.0,2025-12-15 15:16:00+00:00,2025-09-15 21:30:00+00:00,,,0.001,0.0006,,,,271371,0,42658718,0,10,88,2500,0,0,0,1,2147483647,2147483647,2147483647,20343,314,2025,65535,4,USD,,SD,6A,XCME,M6A,FMCXSX,FUT,AUD,,,,F,255,255,255,3,255,4,12,255,255,N,127,127,255,M6AH6-M6AZ5
2025-09-14 11:14:30.356191579+00:00,2025-09-14 11:14:30.337000+00:00,19,1,42654633,M6AZ5-M6AU5,A,S,0.0001,1.0,2025-09-15 14:16:00+00:00,2025-06-16 21:30:00+00:00,,,0.001,0.0008,,,,271371,0,42654633,0,10,88,2500,0,0,0,1,2147483647,2147483647,2147483647,20343,314,2025,65535,4,USD,,SD,6A,XCME,M6A,FMCXSX,FUT,AUD,,,,F,255,255,255,3,255,4,9,255,255,N,127,127,255,M6AZ5-M6AU5
2025-09-15 00:00:00+00:00,2025-09-14 11:14:30.337000+00:00,19,1,42654633,M6AZ5-M6AU5,A,S,0.0001,1.0,2025-09-15 14:16:00+00:00,2025-06-16 21:30:00+00:00,,,0.001,0.0008,,,,271371,0,42654633,0,10,88,2500,0,0,0,1,2147483647,2147483647,2147483647,20343,314,2025,65535,4,USD,,SD,6A,XCME,M6A,FMCXSX,FUT,AUD,,,,F,255,255,255,3,255,4,9,255,255,N,127,127,255,M6AZ5-M6AU5
2025-09-15 00:00:00+00:00,2025-09-14 11:14:29.987000+00:00,19,1,42099006,M6AU5,A,F,0.0001,1.0,2025-09-15 14:16:00+00:00,2025-03-17 21:30:00+00:00,,0.0001,0.006,0.6653,10000.0,1.0,,270347,0,42099006,0,10,88,2500,0,0,0,1,2147483647,2147483647,2147483647,20343,314,2025,65535,4,USD,,,6A,XCME,M6A,FFCXSX,FUT,AUD,,,,F,255,255,255,7,255,4,9,255,255,N,127,127,255,M6AU5
2025-09-15 00:00:00+00:00,2025-09-14 11:14:29.837000+00:00,19,1,42658497,M6AH6,A,F,0.0001,1.0,2026-03-16 14:16:00+00:00,2025-09-15 21:30:00+00:00,,0.0001,0.006,0.6667,10000.0,1.0,,270347,0,42658497,0,10,88,2500,0,0,0,1,2147483647,2147483647,2147483647,20343,314,2026,65535,4,USD,,,6A,XCME,M6A,FFCXSX,FUT,AUD,,,,F,255,255,255,7,255,4,3,255,255,N,127,127,255,M6AH6
2025-09-15 00:00:00+00:00,2025-09-14 11:14:30.187000+00:00,19,1,42654336,M6AZ5,A,F,0.0001,1.0,2025-12-15 15:16:00+00:00,2025-06-16 21:30:00+00:00,,0.0001,0.006,0.6661,10000.0,1.0,,270347,0,42654336,0,10,88,2500,0,0,0,1,2147483647,2147483647,2147483647,20343,314,2025,65535,4,USD,,,6A,XCME,M6A,FFCXSX,FUT,AUD,,,,F,255,255,255,7,255,4,12,255,255,N,127,127,255,M6AZ5
2025-09-15 00:00:00+00:00,2025-09-14 11:14:30.237000+00:00,19,1,42658718,M6AH6-M6AZ5,A,S,0.0001,1.0,2025-12-15 15:16:00+00:00,2025-09-15 21:30:00+00:00,,,0.001,0.0006,,,,271371,0,42658718,0,10,88,2500,0,0,0,1,2147483647,2147483647,2147483647,20343,314,2025,65535,4,USD,,SD,6A,XCME,M6A,FMCXSX,FUT,AUD,,,,F,255,255,255,3,255,4,12,255,255,N,127,127,255,M6AH6-M6AZ5
2025-09-16 00:00:00+00:00,2025-09-14 11:14:30.337000+00:00,19,1,42654633,M6AZ5-M6AU5,A,S,0.0001,1.0,2025-09-15 14:16:00+00:00,2025-06-16 21:30:00+00:00,,,0.001,0.0008,,,,271371,0,42654633,0,10,88,2500,0,0,0,1,2147483647,2147483647,2147483647,20343,314,2025,65535,4,USD,,SD,6A,XCME,M6A,FMCXSX,FUT,AUD,,,,F,255,255,255,3,255,4,9,255,255,N,127,127,255,M6AZ5-M6AU5
2025-09-16 00:00:00+00:00,2025-09-14 11:14:29.987000+00:00,19,1,42099006,M6AU5,A,F,0.0001,1.0,2025-09-15 14:16:00+00:00,2025-03-17 21:30:00+00:00,,0.0001,0.006,0.6653,10000.0,1.0,,270347,0,42099006,0,10,88,2500,0,0,0,1,2147483647,2147483647,2147483647,20343,314,2025,65535,4,USD,,,6A,XCME,M6A,FFCXSX,FUT,AUD,,,,F,255,255,255,7,255,4,9,255,255,N,127,127,255,M6AU5
2025-09-16 00:00:00+00:00,2025-09-14 11:14:29.837000+00:00,19,1,42658497,M6AH6,A,F,0.0001,1.0,2026-03-16 14:16:00+00:00,2025-09-15 21:30:00+00:00,,0.0001,0.006,0.6667,10000.0,1.0,,270347,0,42658497,0,10,88,2500,0,0,0,1,2147483647,2147483647,2147483647,20343,314,2026,65535,4,USD,,,6A,XCME,M6A,FFCXSX,FUT,AUD,,,,F,255,255,255,7,255,4,3,255,255,N,127,127,255,M6AH6
2025-09-16 00:00:00+00:00,2025-09-14 11:14:30.187000+00:00,19,1,42654336,M6AZ5,A,F,0.0001,1.0,2025-12-15 15:16:00+00:00,2025-06-16 21:30:00+00:00,,0.0001,0.006,0.6661,10000.0,1.0,,270347,0,42654336,0,10,88,2500,0,0,0,1,2147483647,2147483647,2147483647,20343,314,2025,65535,4,USD,,,6A,XCME,M6A,FFCXSX,FUT,AUD,,,,F,255,255,255,7,255,4,12,255,255,N,127,127,255,M6AZ5
2025-09-16 00:00:00+00:00,2025-09-14 11:14:30.237000+00:00,19,1,42658718,M6AH6-M6AZ5,A,S,0.0001,1.0,2025-12-15 15:16:00+00:00,2025-09-15 21:30:00+00:00,,,0.001,0.0006,,,,271371,0,42658718,0,10,88,2500,0,0,0,1,2147483647,2147483647,2147483647,20343,314,2025,65535,4,USD,,SD,6A,XCME,M6A,FMCXSX,FUT,AUD,,,,F,255,255,255,3,255,4,12,255,255,N,127,127,255,M6AH6-M6AZ5
2025-09-17 00:00:00+00:00,2025-09-14 11:14:30.337000+00:00,19,1,42654633,M6AZ5-M6AU5,A,S,0.0001,1.0,2025-09-15 14:16:00+00:00,2025-06-16 21:30:00+00:00,,,0.001,0.0008,,,,271371,0,42654633,0,10,88,2500,0,0,0,1,2147483647,2147483647,2147483647,20343,314,2025,65535,4,USD,,SD,6A,XCME,M6A,FMCXSX,FUT,AUD,,,,F,255,255,255,3,255,4,9,255,255,N,127,127,255,M6AZ5-M6AU5
2025-09-17 00:00:00+00:00,2025-09-14 11:14:29.987000+00:00,19,1,42099006,M6AU5,A,F,0.0001,1.0,2025-09-15 14:16:00+00:00,2025-03-17 21:30:00+00:00,,0.0001,0.006,0.6653,10000.0,1.0,,270347,0,42099006,0,10,88,2500,0,0,0,1,2147483647,2147483647,2147483647,20343,314,2025,65535,4,USD,,,6A,XCME,M6A,FFCXSX,FUT,AUD,,,,F,255,255,255,7,255,4,9,255,255,N,127,127,255,M6AU5
2025-09-17 00:00:00+00:00,2025-09-14 11:14:29.837000+00:00,19,1,42658497,M6AH6,A,F,0.0001,1.0,2026-03-16 14:16:00+00:00,2025-09-15 21:30:00+00:00,,0.0001,0.006,0.6667,10000.0,1.0,,270347,0,42658497,0,10,88,2500,0,0,0,1,2147483647,2147483647,2147483647,20343,314,2026,65535,4,USD,,,6A,XCME,M6A,FFCXSX,FUT,AUD,,,,F,255,255,255,7,255,4,3,255,255,N,127,127,255,M6AH6
2025-09-17 00:00:00+00:00,2025-09-14 11:14:30.187000+00:00,19,1,42654336,M6AZ5,A,F,0.0001,1.0,2025-12-15 15:16:00+00:00,2025-06-16 21:30:00+00:00,,0.0001,0.006,0.6661,10000.0,1.0,,270347,0,42654336,0,10,88,2500,0,0,0,1,2147483647,2147483647,2147483647,20343,314,2025,65535,4,USD,,,6A,XCME,M6A,FFCXSX,FUT,AUD,,,,F,255,255,255,7,255,4,12,255,255,N,127,127,255,M6AZ5
2025-09-17 00:00:00+00:00,2025-09-14 11:14:30.237000+00:00,19,1,42658718,M6AH6-M6AZ5,A,S,0.0001,1.0,2025-12-15 15:16:00+00:00,2025-09-15 21:30:00+00:00,,,0.001,0.0006,,,,271371,0,42658718,0,10,88,2500,0,0,0,1,2147483647,2147483647,2147483647,20343,314,2025,65535,4,USD,,SD,6A,XCME,M6A,FMCXSX,FUT,AUD,,,,F,255,255,255,3,255,4,12,255,255,N,127,127,255,M6AH6-M6AZ5
2025-09-18 00:00:00+00:00,2025-09-14 11:14:30.337000+00:00,19,1,42654633,M6AZ5-M6AU5,A,S,0.0001,1.0,2025-09-15 14:16:00+00:00,2025-06-16 21:30:00+00:00,,,0.001,0.0008,,,,271371,0,42654633,0,10,88,2500,0,0,0,1,2147483647,2147483647,2147483647,20343,314,2025,65535,4,USD,,SD,6A,XCME,M6A,FMCXSX,FUT,AUD,,,,F,255,255,255,3,255,4,9,255,255,N,127,127,255,M6AZ5-M6AU5
2025-09-18 00:00:00+00:00,2025-09-14 11:14:29.987000+00:00,19,1,42099006,M6AU5,A,F,0.0001,1.0,2025-09-15 14:16:00+00:00,2025-03-17 21:30:00+00:00,,0.0001,0.006,0.6653,10000.0,1.0,,270347,0,42099006,0,10,88,2500,0,0,0,1,2147483647,2147483647,2147483647,20343,314,2025,65535,4,USD,,,6A,XCME,M6A,FFCXSX,FUT,AUD,,,,F,255,255,255,7,255,4,9,255,255,N,127,127,255,M6AU5
2025-09-18 00:00:00+00:00,2025-09-14 11:14:29.837000+00:00,19,1,42658497,M6AH6,A,F,0.0001,1.0,2026-03-16 14:16:00+00:00,2025-09-15 21:30:00+00:00,,0.0001,0.006,0.6667,10000.0,1.0,,270347,0,42658497,0,10,88,2500,0,0,0,1,2147483647,2147483647,2147483647,20343,314,2026,65535,4,USD,,,6A,XCME,M6A,FFCXSX,FUT,AUD,,,,F,255,255,255,7,255,4,3,255,255,N,127,127,255,M6AH6
2025-09-18 00:00:00+00:00,2025-09-14 11:14:30.187000+00:00,19,1,42654336,M6AZ5,A,F,0.0001,1.0,2025-12-15 15:16:00+00:00,2025-06-16 21:30:00+00:00,,0.0001,0.006,0.6661,10000.0,1.0,,270347,0,42654336,0,10,88,2500,0,0,0,1,2147483647,2147483647,2147483647,20343,314,2025,65535,4,USD,,,6A,XCME,M6A,FFCXSX,FUT,AUD,,,,F,255,255,255,7,255,4,12,255,255,N,127,127,255,M6AZ5
2025-09-18 00:00:00+00:00,2025-09-14 11:14:30.237000+00:00,19,1,42658718,M6AH6-M6AZ5,A,S,0.0001,1.0,2025-12-15 15:16:00+00:00,2025-09-15 21:30:00+00:00,,,0.001,0.0006,,,,271371,0,42658718,0,10,88,2500,0,0,0,1,2147483647,2147483647,2147483647,20343,314,2025,65535,4,USD,,SD,6A,XCME,M6A,FMCXSX,FUT,AUD,,,,F,255,255,255,3,255,4,12,255,255,N,127,127,255,M6AH6-M6AZ5
2025-09-19 00:00:00+00:00,2025-09-14 11:14:30.337000+00:00,19,1,42654633,M6AZ5-M6AU5,A,S,0.0001,1.0,2025-09-15 14:16:00+00:00,2025-06-16 21:30:00+00:00,,,0.001,0.0008,,,,271371,0,42654633,0,10,88,2500,0,0,0,1,2147483647,2147483647,2147483647,20343,314,2025,65535,4,USD,,SD,6A,XCME,M6A,FMCXSX,FUT,AUD,,,,F,255,255,255,3,255,4,9,255,255,N,127,127,255,M6AZ5-M6AU5
2025-09-19 00:00:00+00:00,2025-09-14 11:14:29.987000+00:00,19,1,42099006,M6AU5,A,F,0.0001,1.0,2025-09-15 14:16:00+00:00,2025-03-17 21:30:00+00:00,,0.0001,0.006,0.6653,10000.0,1.0,,270347,0,42099006,0,10,88,2500,0,0,0,1,2147483647,2147483647,2147483647,20343,314,2025,65535,4,USD,,,6A,XCME,M6A,FFCXSX,FUT,AUD,,,,F,255,255,255,7,255,4,9,255,255,N,127,127,255,M6AU5
2025-09-19 00:00:00+00:00,2025-09-14 11:14:29.837000+00:00,19,1,42658497,M6AH6,A,F,0.0001,1.0,2026-03-16 14:16:00+00:00,2025-09-15 21:30:00+00:00,,0.0001,0.006,0.6667,10000.0,1.0,,270347,0,42658497,0,10,88,2500,0,0,0,1,2147483647,2147483647,2147483647,20343,314,2026,65535,4,USD,,,6A,XCME,M6A,FFCXSX,FUT,AUD,,,,F,255,255,255,7,255,4,3,255,255,N,127,127,255,M6AH6
2025-09-19 00:00:00+00:00,2025-09-14 11:14:30.187000+00:00,19,1,42654336,M6AZ5,A,F,0.0001,1.0,2025-12-15 15:16:00+00:00,2025-06-16 21:30:00+00:00,,0.0001,0.006,0.6661,10000.0,1.0,,270347,0,42654336,0,10,88,2500,0,0,0,1,2147483647,2147483647,2147483647,20343,314,2025,65535,4,USD,,,6A,XCME,M6A,FFCXSX,FUT,AUD,,,,F,255,255,255,7,255,4,12,255,255,N,127,127,255,M6AZ5
2025-09-19 00:00:00+00:00,2025-09-14 11:14:30.237000+00:00,19,1,42658718,M6AH6-M6AZ5,A,S,0.0001,1.0,2025-12-15 15:16:00+00:00,2025-09-15 21:30:00+00:00,,,0.001,0.0006,,,,271371,0,42658718,0,10,88,2500,0,0,0,1,2147483647,2147483647,2147483647,20343,314,2025,65535,4,USD,,SD,6A,XCME,M6A,FMCXSX,FUT,AUD,,,,F,255,255,255,3,255,4,12,255,255,N,127,127,255,M6AH6-M6AZ5
2025-09-21 11:18:33.095116135+00:00,2025-09-21 11:18:33.003000+00:00,19,1,42658497,M6AH6,A,F,0.0001,1.0,2026-03-16 14:16:00+00:00,2025-09-15 21:30:00+00:00,,0.0001,0.006,0.6609,10000.0,1.0,,270347,0,42658497,0,10,88,2500,0,0,0,1,2147483647,2147483647,2147483647,20350,314,2026,65535,4,USD,,,6A,XCME,M6A,FFCXSX,FUT,AUD,,,,F,255,255,255,7,255,4,3,255,255,N,127,127,255,M6AH6
2025-09-21 11:18:33.319799580+00:00,2025-09-21 11:18:33.303000+00:00,19,1,42654336,M6AZ5,A,F,0.0001,1.0,2025-12-15 15:16:00+00:00,2025-06-16 21:30:00+00:00,,0.0001,0.006,0.6603,10000.0,1.0,,270347,0,42654336,0,10,88,2500,0,0,0,1,2147483647,2147483647,2147483647,20350,314,2025,65535,4,USD,,,6A,XCME,M6A,FFCXSX,FUT,AUD,,,,F,255,255,255,7,255,4,12,255,255,N,127,127,255,M6AZ5
2025-09-21 11:18:33.370476788+00:00,2025-09-21 11:18:33.353000+00:00,19,1,42658718,M6AH6-M6AZ5,A,S,0.0001,1.0,2025-12-15 15:16:00+00:00,2025-09-15 21:30:00+00:00,,,0.001,0.0006,,,,271371,0,42658718,0,10,88,2500,0,0,0,1,2147483647,2147483647,2147483647,20350,314,2025,65535,4,USD,,SD,6A,XCME,M6A,FMCXSX,FUT,AUD,,,,F,255,255,255,3,255,4,12,255,255,N,127,127,255,M6AH6-M6AZ5
2025-09-22 00:00:00+00:00,2025-09-21 11:18:33.003000+00:00,19,1,42658497,M6AH6,A,F,0.0001,1.0,2026-03-16 14:16:00+00:00,2025-09-15 21:30:00+00:00,,0.0001,0.006,0.6609,10000.0,1.0,,270347,0,42658497,0,10,88,2500,0,0,0,1,2147483647,2147483647,2147483647,20350,314,2026,65535,4,USD,,,6A,XCME,M6A,FFCXSX,FUT,AUD,,,,F,255,255,255,7,255,4,3,255,255,N,127,127,255,M6AH6
2025-09-22 00:00:00+00:00,2025-09-21 11:18:33.303000+00:00,19,1,42654336,M6AZ5,A,F,0.0001,1.0,2025-12-15 15:16:00+00:00,2025-06-16 21:30:00+00:00,,0.0001,0.006,0.6603,10000.0,1.0,,270347,0,42654336,0,10,88,2500,0,0,0,1,2147483647,2147483647,2147483647,20350,314,2025,65535,4,USD,,,6A,XCME,M6A,FFCXSX,FUT,AUD,,,,F,255,255,255,7,255,4,12,255,255,N,127,127,255,M6AZ5
2025-09-22 00:00:00+00:00,2025-09-21 11:18:33.353000+00:00,19,1,42658718,M6AH6-M6AZ5,A,S,0.0001,1.0,2025-12-15 15:16:00+00:00,2025-09-15 21:30:00+00:00,,,0.001,0.0006,,,,271371,0,42658718,0,10,88,2500,0,0,0,1,2147483647,2147483647,2147483647,20350,314,2025,65535,4,USD,,SD,6A,XCME,M6A,FMCXSX,FUT,AUD,,,,F,255,255,255,3,255,4,12,255,255,N,127,127,255,M6AH6-M6AZ5
2025-09-23 00:00:00+00:00,2025-09-21 11:18:33.003000+00:00,19,1,42658497,M6AH6,A,F,0.0001,1.0,2026-03-16 14:16:00+00:00,2025-09-15 21:30:00+00:00,,0.0001,0.006,0.6609,10000.0,1.0,,270347,0,42658497,0,10,88,2500,0,0,0,1,2147483647,2147483647,2147483647,20350,314,2026,65535,4,USD,,,6A,XCME,M6A,FFCXSX,FUT,AUD,,,,F,255,255,255,7,255,4,3,255,255,N,127,127,255,M6AH6
2025-09-23 00:00:00+00:00,2025-09-21 11:18:33.303000+00:00,19,1,42654336,M6AZ5,A,F,0.0001,1.0,2025-12-15 15:16:00+00:00,2025-06-16 21:30:00+00:00,,0.0001,0.006,0.6603,10000.0,1.0,,270347,0,42654336,0,10,88,2500,0,0,0,1,2147483647,2147483647,2147483647,20350,314,2025,65535,4,USD,,,6A,XCME,M6A,FFCXSX,FUT,AUD,,,,F,255,255,255,7,255,4,12,255,255,N,127,127,255,M6AZ5
2025-09-23 00:00:00+00:00,2025-09-21 11:18:33.353000+00:00,19,1,42658718,M6AH6-M6AZ5,A,S,0.0001,1.0,2025-12-15 15:16:00+00:00,2025-09-15 21:30:00+00:00,,,0.001,0.0006,,,,271371,0,42658718,0,10,88,2500,0,0,0,1,2147483647,2147483647,2147483647,20350,314,2025,65535,4,USD,,SD,6A,XCME,M6A,FMCXSX,FUT,AUD,,,,F,255,255,255,3,255,4,12,255,255,N,127,127,255,M6AH6-M6AZ5
2025-09-24 00:00:00+00:00,2025-09-21 11:18:33.003000+00:00,19,1,42658497,M6AH6,A,F,0.0001,1.0,2026-03-16 14:16:00+00:00,2025-09-15 21:30:00+00:00,,0.0001,0.006,0.6609,10000.0,1.0,,270347,0,42658497,0,10,88,2500,0,0,0,1,2147483647,2147483647,2147483647,20350,314,2026,65535,4,USD,,,6A,XCME,M6A,FFCXSX,FUT,AUD,,,,F,255,255,255,7,255,4,3,255,255,N,127,127,255,M6AH6
2025-09-24 00:00:00+00:00,2025-09-21 11:18:33.303000+00:00,19,1,42654336,M6AZ5,A,F,0.0001,1.0,2025-12-15 15:16:00+00:00,2025-06-16 21:30:00+00:00,,0.0001,0.006,0.6603,10000.0,1.0,,270347,0,42654336,0,10,88,2500,0,0,0,1,2147483647,2147483647,2147483647,20350,314,2025,65535,4,USD,,,6A,XCME,M6A,FFCXSX,FUT,AUD,,,,F,255,255,255,7,255,4,12,255,255,N,127,127,255,M6AZ5
2025-09-24 00:00:00+00:00,2025-09-21 11:18:33.353000+00:00,19,1,42658718,M6AH6-M6AZ5,A,S,0.0001,1.0,2025-12-15 15:16:00+00:00,2025-09-15 21:30:00+00:00,,,0.001,0.0006,,,,271371,0,42658718,0,10,88,2500,0,0,0,1,2147483647,2147483647,2147483647,20350,314,2025,65535,4,USD,,SD,6A,XCME,M6A,FMCXSX,FUT,AUD,,,,F,255,255,255,3,255,4,12,255,255,N,127,127,255,M6AH6-M6AZ5
2025-09-25 00:00:00+00:00,2025-09-21 11:18:33.003000+00:00,19,1,42658497,M6AH6,A,F,0.0001,1.0,2026-03-16 14:16:00+00:00,2025-09-15 21:30:00+00:00,,0.0001,0.006,0.6609,10000.0,1.0,,270347,0,42658497,0,10,88,2500,0,0,0,1,2147483647,2147483647,2147483647,20350,314,2026,65535,4,USD,,,6A,XCME,M6A,FFCXSX,FUT,AUD,,,,F,255,255,255,7,255,4,3,255,255,N,127,127,255,M6AH6
2025-09-25 00:00:00+00:00,2025-09-21 11:18:33.303000+00:00,19,1,42654336,M6AZ5,A,F,0.0001,1.0,2025-12-15 15:16:00+00:00,2025-06-16 21:30:00+00:00,,0.0001,0.006,0.6603,10000.0,1.0,,270347,0,42654336,0,10,88,2500,0,0,0,1,2147483647,2147483647,2147483647,20350,314,2025,65535,4,USD,,,6A,XCME,M6A,FFCXSX,FUT,AUD,,,,F,255,255,255,7,255,4,12,255,255,N,127,127,255,M6AZ5
2025-09-25 00:00:00+00:00,2025-09-21 11:18:33.353000+00:00,19,1,42658718,M6AH6-M6AZ5,A,S,0.0001,1.0,2025-12-15 15:16:00+00:00,2025-09-15 21:30:00+00:00,,,0.001,0.0006,,,,271371,0,42658718,0,10,88,2500,0,0,0,1,2147483647,2147483647,2147483647,20350,314,2025,65535,4,USD,,SD,6A,XCME,M6A,FMCXSX,FUT,AUD,,,,F,255,255,255,3,255,4,12,255,255,N,127,127,255,M6AH6-M6AZ5
2025-09-26 00:00:00+00:00,2025-09-21 11:18:33.003000+00:00,19,1,42658497,M6AH6,A,F,0.0001,1.0,2026-03-16 14:16:00+00:00,2025-09-15 21:30:00+00:00,,0.0001,0.006,0.6609,10000.0,1.0,,270347,0,42658497,0,10,88,2500,0,0,0,1,2147483647,2147483647,2147483647,20350,314,2026,65535,4,USD,,,6A,XCME,M6A,FFCXSX,FUT,AUD,,,,F,255,255,255,7,255,4,3,255,255,N,127,127,255,M6AH6
2025-09-26 00:00:00+00:00,2025-09-21 11:18:33.303000+00:00,19,1,42654336,M6AZ5,A,F,0.0001,1.0,2025-12-15 15:16:00+00:00,2025-06-16 21:30:00+00:00,,0.0001,0.006,0.6603,10000.0,1.0,,270347,0,42654336,0,10,88,2500,0,0,0,1,2147483647,2147483647,2147483647,20350,314,2025,65535,4,USD,,,6A,XCME,M6A,FFCXSX,FUT,AUD,,,,F,255,255,255,7,255,4,12,255,255,N,127,127,255,M6AZ5
2025-09-26 00:00:00+00:00,2025-09-21 11:18:33.353000+00:00,19,1,42658718,M6AH6-M6AZ5,A,S,0.0001,1.0,2025-12-15 15:16:00+00:00,2025-09-15 21:30:00+00:00,,,0.001,0.0006,,,,271371,0,42658718,0,10,88,2500,0,0,0,1,2147483647,2147483647,2147483647,20350,314,2025,65535,4,USD,,SD,6A,XCME,M6A,FMCXSX,FUT,AUD,,,,F,255,255,255,3,255,4,12,255,255,N,127,127,255,M6AH6-M6AZ5
2025-09-28 11:31:54.133796555+00:00,2025-09-28 11:31:54.065000+00:00,19,1,42658497,M6AH6,A,F,0.0001,1.0,2026-03-16 14:16:00+00:00,2025-09-15 21:30:00+00:00,,0.0001,0.006,0.6562,10000.0,1.0,,270347,0,42658497,0,10,88,2500,0,0,0,1,2147483647,2147483647,2147483647,20357,314,2026,65535,4,USD,,,6A,XCME,M6A,FFCXSX,FUT,AUD,,,,F,255,255,255,7,255,4,3,255,255,N,127,127,255,M6AH6
2025-09-28 11:31:54.382149287+00:00,2025-09-28 11:31:54.365000+00:00,19,1,42654336,M6AZ5,A,F,0.0001,1.0,2025-12-15 15:16:00+00:00,2025-06-16 21:30:00+00:00,,0.0001,0.006,0.6557,10000.0,1.0,,270347,0,42654336,0,10,88,2500,0,0,0,1,2147483647,2147483647,2147483647,20357,314,2025,65535,4,USD,,,6A,XCME,M6A,FFCXSX,FUT,AUD,,,,F,255,255,255,7,255,4,12,255,255,N,127,127,255,M6AZ5
2025-09-28 11:31:54.432642950+00:00,2025-09-28 11:31:54.415000+00:00,19,1,42658718,M6AH6-M6AZ5,A,S,0.0001,1.0,2025-12-15 15:16:00+00:00,2025-09-15 21:30:00+00:00,,,0.001,0.0005,,,,271371,0,42658718,0,10,88,2500,0,0,0,1,2147483647,2147483647,2147483647,20357,314,2025,65535,4,USD,,SD,6A,XCME,M6A,FMCXSX,FUT,AUD,,,,F,255,255,255,3,255,4,12,255,255,N,127,127,255,M6AH6-M6AZ5
2025-09-29 00:00:00+00:00,2025-09-28 11:31:54.065000+00:00,19,1,42658497,M6AH6,A,F,0.0001,1.0,2026-03-16 14:16:00+00:00,2025-09-15 21:30:00+00:00,,0.0001,0.006,0.6562,10000.0,1.0,,270347,0,42658497,0,10,88,2500,0,0,0,1,2147483647,2147483647,2147483647,20357,314,2026,65535,4,USD,,,6A,XCME,M6A,FFCXSX,FUT,AUD,,,,F,255,255,255,7,255,4,3,255,255,N,127,127,255,M6AH6
2025-09-29 00:00:00+00:00,2025-09-28 11:31:54.365000+00:00,19,1,42654336,M6AZ5,A,F,0.0001,1.0,2025-12-15 15:16:00+00:00,2025-06-16 21:30:00+00:00,,0.0001,0.006,0.6557,10000.0,1.0,,270347,0,42654336,0,10,88,2500,0,0,0,1,2147483647,2147483647,2147483647,20357,314,2025,65535,4,USD,,,6A,XCME,M6A,FFCXSX,FUT,AUD,,,,F,255,255,255,7,255,4,12,255,255,N,127,127,255,M6AZ5
2025-09-29 00:00:00+00:00,2025-09-28 11:31:54.415000+00:00,19,1,42658718,M6AH6-M6AZ5,A,S,0.0001,1.0,2025-12-15 15:16:00+00:00,2025-09-15 21:30:00+00:00,,,0.001,0.0005,,,,271371,0,42658718,0,10,88,2500,0,0,0,1,2147483647,2147483647,2147483647,20357,314,2025,65535,4,USD,,SD,6A,XCME,M6A,FMCXSX,FUT,AUD,,,,F,255,255,255,3,255,4,12,255,255,N,127,127,255,M6AH6-M6AZ5
2025-09-30 00:00:00+00:00,2025-09-28 11:31:54.065000+00:00,19,1,42658497,M6AH6,A,F,0.0001,1.0,2026-03-16 14:16:00+00:00,2025-09-15 21:30:00+00:00,,0.0001,0.006,0.6562,10000.0,1.0,,270347,0,42658497,0,10,88,2500,0,0,0,1,2147483647,2147483647,2147483647,20357,314,2026,65535,4,USD,,,6A,XCME,M6A,FFCXSX,FUT,AUD,,,,F,255,255,255,7,255,4,3,255,255,N,127,127,255,M6AH6
2025-09-30 00:00:00+00:00,2025-09-28 11:31:54.365000+00:00,19,1,42654336,M6AZ5,A,F,0.0001,1.0,2025-12-15 15:16:00+00:00,2025-06-16 21:30:00+00:00,,0.0001,0.006,0.6557,10000.0,1.0,,270347,0,42654336,0,10,88,2500,0,0,0,1,2147483647,2147483647,2147483647,20357,314,2025,65535,4,USD,,,6A,XCME,M6A,FFCXSX,FUT,AUD,,,,F,255,255,255,7,255,4,12,255,255,N,127,127,255,M6AZ5
2025-09-30 00:00:00+00:00,2025-09-28 11:31:54.415000+00:00,19,1,42658718,M6AH6-M6AZ5,A,S,0.0001,1.0,2025-12-15 15:16:00+00:00,2025-09-15 21:30:00+00:00,,,0.001,0.0005,,,,271371,0,42658718,0,10,88,2500,0,0,0,1,2147483647,2147483647,2147483647,20357,314,2025,65535,4,USD,,SD,6A,XCME,M6A,FMCXSX,FUT,AUD,,,,F,255,255,255,3,255,4,12,255,255,N,127,127,255,M6AH6-M6AZ5
2025-10-01 00:00:00+00:00,2025-09-28 11:31:54.065000+00:00,19,1,42658497,M6AH6,A,F,0.0001,1.0,2026-03-16 14:16:00+00:00,2025-09-15 21:30:00+00:00,,0.0001,0.006,0.6562,10000.0,1.0,,270347,0,42658497,0,10,88,2500,0,0,0,1,2147483647,2147483647,2147483647,20357,314,2026,65535,4,USD,,,6A,XCME,M6A,FFCXSX,FUT,AUD,,,,F,255,255,255,7,255,4,3,255,255,N,127,127,255,M6AH6
2025-10-01 00:00:00+00:00,2025-09-28 11:31:54.365000+00:00,19,1,42654336,M6AZ5,A,F,0.0001,1.0,2025-12-15 15:16:00+00:00,2025-06-16 21:30:00+00:00,,0.0001,0.006,0.6557,10000.0,1.0,,270347,0,42654336,0,10,88,2500,0,0,0,1,2147483647,2147483647,2147483647,20357,314,2025,65535,4,USD,,,6A,XCME,M6A,FFCXSX,FUT,AUD,,,,F,255,255,255,7,255,4,12,255,255,N,127,127,255,M6AZ5
2025-10-01 00:00:00+00:00,2025-09-28 11:31:54.415000+00:00,19,1,42658718,M6AH6-M6AZ5,A,S,0.0001,1.0,2025-12-15 15:16:00+00:00,2025-09-15 21:30:00+00:00,,,0.001,0.0005,,,,271371,0,42658718,0,10,88,2500,0,0,0,1,2147483647,2147483647,2147483647,20357,314,2025,65535,4,USD,,SD,6A,XCME,M6A,FMCXSX,FUT,AUD,,,,F,255,255,255,3,255,4,12,255,255,N,127,127,255,M6AH6-M6AZ5
2025-10-02 00:00:00+00:00,2025-09-28 11:31:54.065000+00:00,19,1,42658497,M6AH6,A,F,0.0001,1.0,2026-03-16 14:16:00+00:00,2025-09-15 21:30:00+00:00,,0.0001,0.006,0.6562,10000.0,1.0,,270347,0,42658497,0,10,88,2500,0,0,0,1,2147483647,2147483647,2147483647,20357,314,2026,65535,4,USD,,,6A,XCME,M6A,FFCXSX,FUT,AUD,,,,F,255,255,255,7,255,4,3,255,255,N,127,127,255,M6AH6
2025-10-02 00:00:00+00:00,2025-09-28 11:31:54.365000+00:00,19,1,42654336,M6AZ5,A,F,0.0001,1.0,2025-12-15 15:16:00+00:00,2025-06-16 21:30:00+00:00,,0.0001,0.006,0.6557,10000.0,1.0,,270347,0,42654336,0,10,88,2500,0,0,0,1,2147483647,2147483647,2147483647,20357,314,2025,65535,4,USD,,,6A,XCME,M6A,FFCXSX,FUT,AUD,,,,F,255,255,255,7,255,4,12,255,255,N,127,127,255,M6AZ5
2025-10-02 00:00:00+00:00,2025-09-28 11:31:54.415000+00:00,19,1,42658718,M6AH6-M6AZ5,A,S,0.0001,1.0,2025-12-15 15:16:00+00:00,2025-09-15 21:30:00+00:00,,,0.001,0.0005,,,,271371,0,42658718,0,10,88,2500,0,0,0,1,2147483647,2147483647,2147483647,20357,314,2025,65535,4,USD,,SD,6A,XCME,M6A,FMCXSX,FUT,AUD,,,,F,255,255,255,3,255,4,12,255,255,N,127,127,255,M6AH6-M6AZ5
2025-10-03 00:00:00+00:00,2025-09-28 11:31:54.065000+00:00,19,1,42658497,M6AH6,A,F,0.0001,1.0,2026-03-16 14:16:00+00:00,2025-09-15 21:30:00+00:00,,0.0001,0.006,0.6562,10000.0,1.0,,270347,0,42658497,0,10,88,2500,0,0,0,1,2147483647,2147483647,2147483647,20357,314,2026,65535,4,USD,,,6A,XCME,M6A,FFCXSX,FUT,AUD,,,,F,255,255,255,7,255,4,3,255,255,N,127,127,255,M6AH6
2025-10-03 00:00:00+00:00,2025-09-28 11:31:54.365000+00:00,19,1,42654336,M6AZ5,A,F,0.0001,1.0,2025-12-15 15:16:00+00:00,2025-06-16 21:30:00+00:00,,0.0001,0.006,0.6557,10000.0,1.0,,270347,0,42654336,0,10,88,2500,0,0,0,1,2147483647,2147483647,2147483647,20357,314,2025,65535,4,USD,,,6A,XCME,M6A,FFCXSX,FUT,AUD,,,,F,255,255,255,7,255,4,12,255,255,N,127,127,255,M6AZ5
2025-10-03 00:00:00+00:00,2025-09-28 11:31:54.415000+00:00,19,1,42658718,M6AH6-M6AZ5,A,S,0.0001,1.0,2025-12-15 15:16:00+00:00,2025-09-15 21:30:00+00:00,,,0.001,0.0005,,,,271371,0,42658718,0,10,88,2500,0,0,0,1,2147483647,2147483647,2147483647,20357,314,2025,65535,4,USD,,SD,6A,XCME,M6A,FMCXSX,FUT,AUD,,,,F,255,255,255,3,255,4,12,255,255,N,127,127,255,M6AH6-M6AZ5
2025-10-05 11:14:30.824811157+00:00,2025-10-05 11:14:30.745000+00:00,19,1,42658497,M6AH6,A,F,0.0001,1.0,2026-03-16 14:16:00+00:00,2025-09-15 21:30:00+00:00,,0.0001,0.006,0.6611,10000.0,1.0,,270347,0,42658497,0,10,88,2500,0,0,0,1,2147483647,2147483647,2147483647,20364,314,2026,65535,4,USD,,,6A,XCME,M6A,FFCXSX,FUT,AUD,,,,F,255,255,255,7,255,4,3,255,255,N,127,127,255,M6AH6
2025-10-05 11:14:31.062862721+00:00,2025-10-05 11:14:31.045000+00:00,19,1,42654336,M6AZ5,A,F,0.0001,1.0,2025-12-15 15:16:00+00:00,2025-06-16 21:30:00+00:00,,0.0001,0.006,0.6608,10000.0,1.0,,270347,0,42654336,0,10,88,2500,0,0,0,1,2147483647,2147483647,2147483647,20364,314,2025,65535,4,USD,,,6A,XCME,M6A,FFCXSX,FUT,AUD,,,,F,255,255,255,7,255,4,12,255,255,N,127,127,255,M6AZ5
2025-10-05 11:14:31.112378940+00:00,2025-10-05 11:14:31.095000+00:00,19,1,42658718,M6AH6-M6AZ5,A,S,0.0001,1.0,2025-12-15 15:16:00+00:00,2025-09-15 21:30:00+00:00,,,0.001,0.0003,,,,271371,0,42658718,0,10,88,2500,0,0,0,1,2147483647,2147483647,2147483647,20364,314,2025,65535,4,USD,,SD,6A,XCME,M6A,FMCXSX,FUT,AUD,,,,F,255,255,255,3,255,4,12,255,255,N,127,127,255,M6AH6-M6AZ5
2025-10-06 00:00:00+00:00,2025-10-05 11:14:30.745000+00:00,19,1,42658497,M6AH6,A,F,0.0001,1.0,2026-03-16 14:16:00+00:00,2025-09-15 21:30:00+00:00,,0.0001,0.006,0.6611,10000.0,1.0,,270347,0,42658497,0,10,88,2500,0,0,0,1,2147483647,2147483647,2147483647,20364,314,2026,65535,4,USD,,,6A,XCME,M6A,FFCXSX,FUT,AUD,,,,F,255,255,255,7,255,4,3,255,255,N,127,127,255,M6AH6
2025-10-06 00:00:00+00:00,2025-10-05 11:14:31.045000+00:00,19,1,42654336,M6AZ5,A,F,0.0001,1.0,2025-12-15 15:16:00+00:00,2025-06-16 21:30:00+00:00,,0.0001,0.006,0.6608,10000.0,1.0,,270347,0,42654336,0,10,88,2500,0,0,0,1,2147483647,2147483647,2147483647,20364,314,2025,65535,4,USD,,,6A,XCME,M6A,FFCXSX,FUT,AUD,,,,F,255,255,255,7,255,4,12,255,255,N,127,127,255,M6AZ5
2025-10-06 00:00:00+00:00,2025-10-05 11:14:31.095000+00:00,19,1,42658718,M6AH6-M6AZ5,A,S,0.0001,1.0,2025-12-15 15:16:00+00:00,2025-09-15 21:30:00+00:00,,,0.001,0.0003,,,,271371,0,42658718,0,10,88,2500,0,0,0,1,2147483647,2147483647,2147483647,20364,314,2025,65535,4,USD,,SD,6A,XCME,M6A,FMCXSX,FUT,AUD,,,,F,255,255,255,3,255,4,12,255,255,N,127,127,255,M6AH6-M6AZ5
2025-10-07 00:00:00+00:00,2025-10-05 11:14:30.745000+00:00,19,1,42658497,M6AH6,A,F,0.0001,1.0,2026-03-16 14:16:00+00:00,2025-09-15 21:30:00+00:00,,0.0001,0.006,0.6611,10000.0,1.0,,270347,0,42658497,0,10,88,2500,0,0,0,1,2147483647,2147483647,2147483647,20364,314,2026,65535,4,USD,,,6A,XCME,M6A,FFCXSX,FUT,AUD,,,,F,255,255,255,7,255,4,3,255,255,N,127,127,255,M6AH6
2025-10-07 00:00:00+00:00,2025-10-05 11:14:31.045000+00:00,19,1,42654336,M6AZ5,A,F,0.0001,1.0,2025-12-15 15:16:00+00:00,2025-06-16 21:30:00+00:00,,0.0001,0.006,0.6608,10000.0,1.0,,270347,0,42654336,0,10,88,2500,0,0,0,1,2147483647,2147483647,2147483647,20364,314,2025,65535,4,USD,,,6A,XCME,M6A,FFCXSX,FUT,AUD,,,,F,255,255,255,7,255,4,12,255,255,N,127,127,255,M6AZ5
2025-10-07 00:00:00+00:00,2025-10-05 11:14:31.095000+00:00,19,1,42658718,M6AH6-M6AZ5,A,S,0.0001,1.0,2025-12-15 15:16:00+00:00,2025-09-15 21:30:00+00:00,,,0.001,0.0003,,,,271371,0,42658718,0,10,88,2500,0,0,0,1,2147483647,2147483647,2147483647,20364,314,2025,65535,4,USD,,SD,6A,XCME,M6A,FMCXSX,FUT,AUD,,,,F,255,255,255,3,255,4,12,255,255,N,127,127,255,M6AH6-M6AZ5
2025-10-08 00:00:00+00:00,2025-10-05 11:14:30.745000+00:00,19,1,42658497,M6AH6,A,F,0.0001,1.0,2026-03-16 14:16:00+00:00,2025-09-15 21:30:00+00:00,,0.0001,0.006,0.6611,10000.0,1.0,,270347,0,42658497,0,10,88,2500,0,0,0,1,2147483647,2147483647,2147483647,20364,314,2026,65535,4,USD,,,6A,XCME,M6A,FFCXSX,FUT,AUD,,,,F,255,255,255,7,255,4,3,255,255,N,127,127,255,M6AH6
2025-10-08 00:00:00+00:00,2025-10-05 11:14:31.045000+00:00,19,1,42654336,M6AZ5,A,F,0.0001,1.0,2025-12-15 15:16:00+00:00,2025-06-16 21:30:00+00:00,,0.0001,0.006,0.6608,10000.0,1.0,,270347,0,42654336,0,10,88,2500,0,0,0,1,2147483647,2147483647,2147483647,20364,314,2025,65535,4,USD,,,6A,XCME,M6A,FFCXSX,FUT,AUD,,,,F,255,255,255,7,255,4,12,255,255,N,127,127,255,M6AZ5
2025-10-08 00:00:00+00:00,2025-10-05 11:14:31.095000+00:00,19,1,42658718,M6AH6-M6AZ5,A,S,0.0001,1.0,2025-12-15 15:16:00+00:00,2025-09-15 21:30:00+00:00,,,0.001,0.0003,,,,271371,0,42658718,0,10,88,2500,0,0,0,1,2147483647,2147483647,2147483647,20364,314,2025,65535,4,USD,,SD,6A,XCME,M6A,FMCXSX,FUT,AUD,,,,F,255,255,255,3,255,4,12,255,255,N,127,127,255,M6AH6-M6AZ5
2025-10-09 00:00:00+00:00,2025-10-05 11:14:30.745000+00:00,19,1,42658497,M6AH6,A,F,0.0001,1.0,2026-03-16 14:16:00+00:00,2025-09-15 21:30:00+00:00,,0.0001,0.006,0.6611,10000.0,1.0,,270347,0,42658497,0,10,88,2500,0,0,0,1,2147483647,2147483647,2147483647,20364,314,2026,65535,4,USD,,,6A,XCME,M6A,FFCXSX,FUT,AUD,,,,F,255,255,255,7,255,4,3,255,255,N,127,127,255,M6AH6
2025-10-09 00:00:00+00:00,2025-10-05 11:14:31.045000+00:00,19,1,42654336,M6AZ5,A,F,0.0001,1.0,2025-12-15 15:16:00+00:00,2025-06-16 21:30:00+00:00,,0.0001,0.006,0.6608,10000.0,1.0,,270347,0,42654336,0,10,88,2500,0,0,0,1,2147483647,2147483647,2147483647,20364,314,2025,65535,4,USD,,,6A,XCME,M6A,FFCXSX,FUT,AUD,,,,F,255,255,255,7,255,4,12,255,255,N,127,127,255,M6AZ5
2025-10-09 00:00:00+00:00,2025-10-05 11:14:31.095000+00:00,19,1,42658718,M6AH6-M6AZ5,A,S,0.0001,1.0,2025-12-15 15:16:00+00:00,2025-09-15 21:30:00+00:00,,,0.001,0.0003,,,,271371,0,42658718,0,10,88,2500,0,0,0,1,2147483647,2147483647,2147483647,20364,314,2025,65535,4,USD,,SD,6A,XCME,M6A,FMCXSX,FUT,AUD,,,,F,255,255,255,3,255,4,12,255,255,N,127,127,255,M6AH6-M6AZ5
2025-10-10 00:00:00+00:00,2025-10-05 11:14:30.745000+00:00,19,1,42658497,M6AH6,A,F,0.0001,1.0,2026-03-16 14:16:00+00:00,2025-09-15 21:30:00+00:00,,0.0001,0.006,0.6611,10000.0,1.0,,270347,0,42658497,0,10,88,2500,0,0,0,1,2147483647,2147483647,2147483647,20364,314,2026,65535,4,USD,,,6A,XCME,M6A,FFCXSX,FUT,AUD,,,,F,255,255,255,7,255,4,3,255,255,N,127,127,255,M6AH6
2025-10-10 00:00:00+00:00,2025-10-05 11:14:31.045000+00:00,19,1,42654336,M6AZ5,A,F,0.0001,1.0,2025-12-15 15:16:00+00:00,2025-06-16 21:30:00+00:00,,0.0001,0.006,0.6608,10000.0,1.0,,270347,0,42654336,0,10,88,2500,0,0,0,1,2147483647,2147483647,2147483647,20364,314,2025,65535,4,USD,,,6A,XCME,M6A,FFCXSX,FUT,AUD,,,,F,255,255,255,7,255,4,12,255,255,N,127,127,255,M6AZ5
2025-10-10 00:00:00+00:00,2025-10-05 11:14:31.095000+00:00,19,1,42658718,M6AH6-M6AZ5,A,S,0.0001,1.0,2025-12-15 15:16:00+00:00,2025-09-15 21:30:00+00:00,,,0.001,0.0003,,,,271371,0,42658718,0,10,88,2500,0,0,0,1,2147483647,2147483647,2147483647,20364,314,2025,65535,4,USD,,SD,6A,XCME,M6A,FMCXSX,FUT,AUD,,,,F,255,255,255,3,255,4,12,255,255,N,127,127,255,M6AH6-M6AZ5
2025-10-12 11:15:31.735133738+00:00,2025-10-12 11:15:31.647000+00:00,19,1,42658497,M6AH6,A,F,0.0001,1.0,2026-03-16 14:16:00+00:00,2025-09-15 21:30:00+00:00,,0.0001,0.006,0.6492,10000.0,1.0,,270347,0,42658497,0,10,88,2500,0,0,0,1,2147483647,2147483647,2147483647,20371,314,2026,65535,4,USD,,,6A,XCME,M6A,FFCXSX,FUT,AUD,,,,F,255,255,255,7,255,4,3,255,255,N,127,127,255,M6AH6
2025-10-12 11:15:31.961915116+00:00,2025-10-12 11:15:31.947000+00:00,19,1,42654336,M6AZ5,A,F,0.0001,1.0,2025-12-15 15:16:00+00:00,2025-06-16 21:30:00+00:00,,0.0001,0.006,0.6489,10000.0,1.0,,270347,0,42654336,0,10,88,2500,0,0,0,1,2147483647,2147483647,2147483647,20371,314,2025,65535,4,USD,,,6A,XCME,M6A,FFCXSX,FUT,AUD,,,,F,255,255,255,7,255,4,12,255,255,N,127,127,255,M6AZ5
2025-10-12 11:15:32.010139965+00:00,2025-10-12 11:15:31.997000+00:00,19,1,42658718,M6AH6-M6AZ5,A,S,0.0001,1.0,2025-12-15 15:16:00+00:00,2025-09-15 21:30:00+00:00,,,0.001,0.0003,,,,271371,0,42658718,0,10,88,2500,0,0,0,1,2147483647,2147483647,2147483647,20371,314,2025,65535,4,USD,,SD,6A,XCME,M6A,FMCXSX,FUT,AUD,,,,F,255,255,255,3,255,4,12,255,255,N,127,127,255,M6AH6-M6AZ5
2025-10-13 00:00:00+00:00,2025-10-12 11:15:31.647000+00:00,19,1,42658497,M6AH6,A,F,0.0001,1.0,2026-03-16 14:16:00+00:00,2025-09-15 21:30:00+00:00,,0.0001,0.006,0.6492,10000.0,1.0,,270347,0,42658497,0,10,88,2500,0,0,0,1,2147483647,2147483647,2147483647,20371,314,2026,65535,4,USD,,,6A,XCME,M6A,FFCXSX,FUT,AUD,,,,F,255,255,255,7,255,4,3,255,255,N,127,127,255,M6AH6
2025-10-13 00:00:00+00:00,2025-10-12 11:15:31.947000+00:00,19,1,42654336,M6AZ5,A,F,0.0001,1.0,2025-12-15 15:16:00+00:00,2025-06-16 21:30:00+00:00,,0.0001,0.006,0.6489,10000.0,1.0,,270347,0,42654336,0,10,88,2500,0,0,0,1,2147483647,2147483647,2147483647,20371,314,2025,65535,4,USD,,,6A,XCME,M6A,FFCXSX,FUT,AUD,,,,F,255,255,255,7,255,4,12,255,255,N,127,127,255,M6AZ5
2025-10-13 00:00:00+00:00,2025-10-12 11:15:31.997000+00:00,19,1,42658718,M6AH6-M6AZ5,A,S,0.0001,1.0,2025-12-15 15:16:00+00:00,2025-09-15 21:30:00+00:00,,,0.001,0.0003,,,,271371,0,42658718,0,10,88,2500,0,0,0,1,2147483647,2147483647,2147483647,20371,314,2025,65535,4,USD,,SD,6A,XCME,M6A,FMCXSX,FUT,AUD,,,,F,255,255,255,3,255,4,12,255,255,N,127,127,255,M6AH6-M6AZ5
2025-10-14 00:00:00+00:00,2025-10-12 11:15:31.647000+00:00,19,1,42658497,M6AH6,A,F,0.0001,1.0,2026-03-16 14:16:00+00:00,2025-09-15 21:30:00+00:00,,0.0001,0.006,0.6492,10000.0,1.0,,270347,0,42658497,0,10,88,2500,0,0,0,1,2147483647,2147483647,2147483647,20371,314,2026,65535,4,USD,,,6A,XCME,M6A,FFCXSX,FUT,AUD,,,,F,255,255,255,7,255,4,3,255,255,N,127,127,255,M6AH6
2025-10-14 00:00:00+00:00,2025-10-12 11:15:31.947000+00:00,19,1,42654336,M6AZ5,A,F,0.0001,1.0,2025-12-15 15:16:00+00:00,2025-06-16 21:30:00+00:00,,0.0001,0.006,0.6489,10000.0,1.0,,270347,0,42654336,0,10,88,2500,0,0,0,1,2147483647,2147483647,2147483647,20371,314,2025,65535,4,USD,,,6A,XCME,M6A,FFCXSX,FUT,AUD,,,,F,255,255,255,7,255,4,12,255,255,N,127,127,255,M6AZ5
2025-10-14 00:00:00+00:00,2025-10-12 11:15:31.997000+00:00,19,1,42658718,M6AH6-M6AZ5,A,S,0.0001,1.0,2025-12-15 15:16:00+00:00,2025-09-15 21:30:00+00:00,,,0.001,0.0003,,,,271371,0,42658718,0,10,88,2500,0,0,0,1,2147483647,2147483647,2147483647,20371,314,2025,65535,4,USD,,SD,6A,XCME,M6A,FMCXSX,FUT,AUD,,,,F,255,255,255,3,255,4,12,255,255,N,127,127,255,M6AH6-M6AZ5
2025-10-15 00:00:00+00:00,2025-10-12 11:15:31.647000+00:00,19,1,42658497,M6AH6,A,F,0.0001,1.0,2026-03-16 14:16:00+00:00,2025-09-15 21:30:00+00:00,,0.0001,0.006,0.6492,10000.0,1.0,,270347,0,42658497,0,10,88,2500,0,0,0,1,2147483647,2147483647,2147483647,20371,314,2026,65535,4,USD,,,6A,XCME,M6A,FFCXSX,FUT,AUD,,,,F,255,255,255,7,255,4,3,255,255,N,127,127,255,M6AH6
2025-10-15 00:00:00+00:00,2025-10-12 11:15:31.947000+00:00,19,1,42654336,M6AZ5,A,F,0.0001,1.0,2025-12-15 15:16:00+00:00,2025-06-16 21:30:00+00:00,,0.0001,0.006,0.6489,10000.0,1.0,,270347,0,42654336,0,10,88,2500,0,0,0,1,2147483647,2147483647,2147483647,20371,314,2025,65535,4,USD,,,6A,XCME,M6A,FFCXSX,FUT,AUD,,,,F,255,255,255,7,255,4,12,255,255,N,127,127,255,M6AZ5
2025-10-15 00:00:00+00:00,2025-10-12 11:15:31.997000+00:00,19,1,42658718,M6AH6-M6AZ5,A,S,0.0001,1.0,2025-12-15 15:16:00+00:00,2025-09-15 21:30:00+00:00,,,0.001,0.0003,,,,271371,0,42658718,0,10,88,2500,0,0,0,1,2147483647,2147483647,2147483647,20371,314,2025,65535,4,USD,,SD,6A,XCME,M6A,FMCXSX,FUT,AUD,,,,F,255,255,255,3,255,4,12,255,255,N,127,127,255,M6AH6-M6AZ5
2025-10-16 00:00:00+00:00,2025-10-12 11:15:31.647000+00:00,19,1,42658497,M6AH6,A,F,0.0001,1.0,2026-03-16 14:16:00+00:00,2025-09-15 21:30:00+00:00,,0.0001,0.006,0.6492,10000.0,1.0,,270347,0,42658497,0,10,88,2500,0,0,0,1,2147483647,2147483647,2147483647,20371,314,2026,65535,4,USD,,,6A,XCME,M6A,FFCXSX,FUT,AUD,,,,F,255,255,255,7,255,4,3,255,255,N,127,127,255,M6AH6
2025-10-16 00:00:00+00:00,2025-10-12 11:15:31.947000+00:00,19,1,42654336,M6AZ5,A,F,0.0001,1.0,2025-12-15 15:16:00+00:00,2025-06-16 21:30:00+00:00,,0.0001,0.006,0.6489,10000.0,1.0,,270347,0,42654336,0,10,88,2500,0,0,0,1,2147483647,2147483647,2147483647,20371,314,2025,65535,4,USD,,,6A,XCME,M6A,FFCXSX,FUT,AUD,,,,F,255,255,255,7,255,4,12,255,255,N,127,127,255,M6AZ5
2025-10-16 00:00:00+00:00,2025-10-12 11:15:31.997000+00:00,19,1,42658718,M6AH6-M6AZ5,A,S,0.0001,1.0,2025-12-15 15:16:00+00:00,2025-09-15 21:30:00+00:00,,,0.001,0.0003,,,,271371,0,42658718,0,10,88,2500,0,0,0,1,2147483647,2147483647,2147483647,20371,314,2025,65535,4,USD,,SD,6A,XCME,M6A,FMCXSX,FUT,AUD,,,,F,255,255,255,3,255,4,12,255,255,N,127,127,255,M6AH6-M6AZ5
2025-10-17 00:00:00+00:00,2025-10-12 11:15:31.647000+00:00,19,1,42658497,M6AH6,A,F,0.0001,1.0,2026-03-16 14:16:00+00:00,2025-09-15 21:30:00+00:00,,0.0001,0.006,0.6492,10000.0,1.0,,270347,0,42658497,0,10,88,2500,0,0,0,1,2147483647,2147483647,2147483647,20371,314,2026,65535,4,USD,,,6A,XCME,M6A,FFCXSX,FUT,AUD,,,,F,255,255,255,7,255,4,3,255,255,N,127,127,255,M6AH6
2025-10-17 00:00:00+00:00,2025-10-12 11:15:31.947000+00:00,19,1,42654336,M6AZ5,A,F,0.0001,1.0,2025-12-15 15:16:00+00:00,2025-06-16 21:30:00+00:00,,0.0001,0.006,0.6489,10000.0,1.0,,270347,0,42654336,0,10,88,2500,0,0,0,1,2147483647,2147483647,2147483647,20371,314,2025,65535,4,USD,,,6A,XCME,M6A,FFCXSX,FUT,AUD,,,,F,255,255,255,7,255,4,12,255,255,N,127,127,255,M6AZ5
2025-10-17 00:00:00+00:00,2025-10-12 11:15:31.997000+00:00,19,1,42658718,M6AH6-M6AZ5,A,S,0.0001,1.0,2025-12-15 15:16:00+00:00,2025-09-15 21:30:00+00:00,,,0.001,0.0003,,,,271371,0,42658718,0,10,88,2500,0,0,0,1,2147483647,2147483647,2147483647,20371,314,2025,65535,4,USD,,SD,6A,XCME,M6A,FMCXSX,FUT,AUD,,,,F,255,255,255,3,255,4,12,255,255,N,127,127,255,M6AH6-M6AZ5
2025-10-19 11:15:29.871706683+00:00,2025-10-19 11:15:29.783000+00:00,19,1,42658497,M6AH6,A,F,0.0001,1.0,2026-03-16 14:16:00+00:00,2025-09-15 21:30:00+00:00,,0.0001,0.006,0.6507,10000.0,1.0,,270347,0,42658497,0,10,88,2500,0,0,0,1,2147483647,2147483647,2147483647,20378,314,2026,65535,4,USD,,,6A,XCME,M6A,FFCXSX,FUT,AUD,,,,F,255,255,255,7,255,4,3,255,255,N,127,127,255,M6AH6
2025-10-19 11:15:30.097497823+00:00,2025-10-19 11:15:30.083000+00:00,19,1,42654336,M6AZ5,A,F,0.0001,1.0,2025-12-15 15:16:00+00:00,2025-06-16 21:30:00+00:00,,0.0001,0.006,0.6503,10000.0,1.0,,270347,0,42654336,0,10,88,2500,0,0,0,1,2147483647,2147483647,2147483647,20378,314,2025,65535,4,USD,,,6A,XCME,M6A,FFCXSX,FUT,AUD,,,,F,255,255,255,7,255,4,12,255,255,N,127,127,255,M6AZ5
2025-10-19 11:15:30.145949338+00:00,2025-10-19 11:15:30.133000+00:00,19,1,42658718,M6AH6-M6AZ5,A,S,0.0001,1.0,2025-12-15 15:16:00+00:00,2025-09-15 21:30:00+00:00,,,0.001,0.0005,,,,271371,0,42658718,0,10,88,2500,0,0,0,1,2147483647,2147483647,2147483647,20378,314,2025,65535,4,USD,,SD,6A,XCME,M6A,FMCXSX,FUT,AUD,,,,F,255,255,255,3,255,4,12,255,255,N,127,127,255,M6AH6-M6AZ5
2025-10-20 00:00:00+00:00,2025-10-19 11:15:29.783000+00:00,19,1,42658497,M6AH6,A,F,0.0001,1.0,2026-03-16 14:16:00+00:00,2025-09-15 21:30:00+00:00,,0.0001,0.006,0.6507,10000.0,1.0,,270347,0,42658497,0,10,88,2500,0,0,0,1,2147483647,2147483647,2147483647,20378,314,2026,65535,4,USD,,,6A,XCME,M6A,FFCXSX,FUT,AUD,,,,F,255,255,255,7,255,4,3,255,255,N,127,127,255,M6AH6
2025-10-20 00:00:00+00:00,2025-10-19 11:15:30.083000+00:00,19,1,42654336,M6AZ5,A,F,0.0001,1.0,2025-12-15 15:16:00+00:00,2025-06-16 21:30:00+00:00,,0.0001,0.006,0.6503,10000.0,1.0,,270347,0,42654336,0,10,88,2500,0,0,0,1,2147483647,2147483647,2147483647,20378,314,2025,65535,4,USD,,,6A,XCME,M6A,FFCXSX,FUT,AUD,,,,F,255,255,255,7,255,4,12,255,255,N,127,127,255,M6AZ5
2025-10-20 00:00:00+00:00,2025-10-19 11:15:30.133000+00:00,19,1,42658718,M6AH6-M6AZ5,A,S,0.0001,1.0,2025-12-15 15:16:00+00:00,2025-09-15 21:30:00+00:00,,,0.001,0.0005,,,,271371,0,42658718,0,10,88,2500,0,0,0,1,2147483647,2147483647,2147483647,20378,314,2025,65535,4,USD,,SD,6A,XCME,M6A,FMCXSX,FUT,AUD,,,,F,255,255,255,3,255,4,12,255,255,N,127,127,255,M6AH6-M6AZ5
2025-10-21 00:00:00+00:00,2025-10-19 11:15:29.783000+00:00,19,1,42658497,M6AH6,A,F,0.0001,1.0,2026-03-16 14:16:00+00:00,2025-09-15 21:30:00+00:00,,0.0001,0.006,0.6507,10000.0,1.0,,270347,0,42658497,0,10,88,2500,0,0,0,1,2147483647,2147483647,2147483647,20378,314,2026,65535,4,USD,,,6A,XCME,M6A,FFCXSX,FUT,AUD,,,,F,255,255,255,7,255,4,3,255,255,N,127,127,255,M6AH6
2025-10-21 00:00:00+00:00,2025-10-19 11:15:30.083000+00:00,19,1,42654336,M6AZ5,A,F,0.0001,1.0,2025-12-15 15:16:00+00:00,2025-06-16 21:30:00+00:00,,0.0001,0.006,0.6503,10000.0,1.0,,270347,0,42654336,0,10,88,2500,0,0,0,1,2147483647,2147483647,2147483647,20378,314,2025,65535,4,USD,,,6A,XCME,M6A,FFCXSX,FUT,AUD,,,,F,255,255,255,7,255,4,12,255,255,N,127,127,255,M6AZ5
2025-10-21 00:00:00+00:00,2025-10-19 11:15:30.133000+00:00,19,1,42658718,M6AH6-M6AZ5,A,S,0.0001,1.0,2025-12-15 15:16:00+00:00,2025-09-15 21:30:00+00:00,,,0.001,0.0005,,,,271371,0,42658718,0,10,88,2500,0,0,0,1,2147483647,2147483647,2147483647,20378,314,2025,65535,4,USD,,SD,6A,XCME,M6A,FMCXSX,FUT,AUD,,,,F,255,255,255,3,255,4,12,255,255,N,127,127,255,M6AH6-M6AZ5
2025-10-22 00:00:00+00:00,2025-10-19 11:15:29.783000+00:00,19,1,42658497,M6AH6,A,F,0.0001,1.0,2026-03-16 14:16:00+00:00,2025-09-15 21:30:00+00:00,,0.0001,0.006,0.6507,10000.0,1.0,,270347,0,42658497,0,10,88,2500,0,0,0,1,2147483647,2147483647,2147483647,20378,314,2026,65535,4,USD,,,6A,XCME,M6A,FFCXSX,FUT,AUD,,,,F,255,255,255,7,255,4,3,255,255,N,127,127,255,M6AH6
2025-10-22 00:00:00+00:00,2025-10-19 11:15:30.083000+00:00,19,1,42654336,M6AZ5,A,F,0.0001,1.0,2025-12-15 15:16:00+00:00,2025-06-16 21:30:00+00:00,,0.0001,0.006,0.6503,10000.0,1.0,,270347,0,42654336,0,10,88,2500,0,0,0,1,2147483647,2147483647,2147483647,20378,314,2025,65535,4,USD,,,6A,XCME,M6A,FFCXSX,FUT,AUD,,,,F,255,255,255,7,255,4,12,255,255,N,127,127,255,M6AZ5
2025-10-22 00:00:00+00:00,2025-10-19 11:15:30.133000+00:00,19,1,42658718,M6AH6-M6AZ5,A,S,0.0001,1.0,2025-12-15 15:16:00+00:00,2025-09-15 21:30:00+00:00,,,0.001,0.0005,,,,271371,0,42658718,0,10,88,2500,0,0,0,1,2147483647,2147483647,2147483647,20378,314,2025,65535,4,USD,,SD,6A,XCME,M6A,FMCXSX,FUT,AUD,,,,F,255,255,255,3,255,4,12,255,255,N,127,127,255,M6AH6-M6AZ5
2025-10-23 00:00:00+00:00,2025-10-19 11:15:29.783000+00:00,19,1,42658497,M6AH6,A,F,0.0001,1.0,2026-03-16 14:16:00+00:00,2025-09-15 21:30:00+00:00,,0.0001,0.006,0.6507,10000.0,1.0,,270347,0,42658497,0,10,88,2500,0,0,0,1,2147483647,2147483647,2147483647,20378,314,2026,65535,4,USD,,,6A,XCME,M6A,FFCXSX,FUT,AUD,,,,F,255,255,255,7,255,4,3,255,255,N,127,127,255,M6AH6
2025-10-23 00:00:00+00:00,2025-10-19 11:15:30.083000+00:00,19,1,42654336,M6AZ5,A,F,0.0001,1.0,2025-12-15 15:16:00+00:00,2025-06-16 21:30:00+00:00,,0.0001,0.006,0.6503,10000.0,1.0,,270347,0,42654336,0,10,88,2500,0,0,0,1,2147483647,2147483647,2147483647,20378,314,2025,65535,4,USD,,,6A,XCME,M6A,FFCXSX,FUT,AUD,,,,F,255,255,255,7,255,4,12,255,255,N,127,127,255,M6AZ5
2025-10-23 00:00:00+00:00,2025-10-19 11:15:30.133000+00:00,19,1,42658718,M6AH6-M6AZ5,A,S,0.0001,1.0,2025-12-15 15:16:00+00:00,2025-09-15 21:30:00+00:00,,,0.001,0.0005,,,,271371,0,42658718,0,10,88,2500,0,0,0,1,2147483647,2147483647,2147483647,20378,314,2025,65535,4,USD,,SD,6A,XCME,M6A,FMCXSX,FUT,AUD,,,,F,255,255,255,3,255,4,12,255,255,N,127,127,255,M6AH6-M6AZ5
2025-10-24 00:00:00+00:00,2025-10-19 11:15:29.783000+00:00,19,1,42658497,M6AH6,A,F,0.0001,1.0,2026-03-16 14:16:00+00:00,2025-09-15 21:30:00+00:00,,0.0001,0.006,0.6507,10000.0,1.0,,270347,0,42658497,0,10,88,2500,0,0,0,1,2147483647,2147483647,2147483647,20378,314,2026,65535,4,USD,,,6A,XCME,M6A,FFCXSX,FUT,AUD,,,,F,255,255,255,7,255,4,3,255,255,N,127,127,255,M6AH6
2025-10-24 00:00:00+00:00,2025-10-19 11:15:30.083000+00:00,19,1,42654336,M6AZ5,A,F,0.0001,1.0,2025-12-15 15:16:00+00:00,2025-06-16 21:30:00+00:00,,0.0001,0.006,0.6503,10000.0,1.0,,270347,0,42654336,0,10,88,2500,0,0,0,1,2147483647,2147483647,2147483647,20378,314,2025,65535,4,USD,,,6A,XCME,M6A,FFCXSX,FUT,AUD,,,,F,255,255,255,7,255,4,12,255,255,N,127,127,255,M6AZ5
2025-10-24 00:00:00+00:00,2025-10-19 11:15:30.133000+00:00,19,1,42658718,M6AH6-M6AZ5,A,S,0.0001,1.0,2025-12-15 15:16:00+00:00,2025-09-15 21:30:00+00:00,,,0.001,0.0005,,,,271371,0,42658718,0,10,88,2500,0,0,0,1,2147483647,2147483647,2147483647,20378,314,2025,65535,4,USD,,SD,6A,XCME,M6A,FMCXSX,FUT,AUD,,,,F,255,255,255,3,255,4,12,255,255,N,127,127,255,M6AH6-M6AZ5
2025-10-26 11:15:30.666782604+00:00,2025-10-26 11:15:30.565000+00:00,19,1,42658497,M6AH6,A,F,0.0001,1.0,2026-03-16 14:16:00+00:00,2025-09-15 21:30:00+00:00,,0.0001,0.006,0.6519,10000.0,1.0,,270347,0,42658497,0,10,88,2500,0,0,0,1,2147483647,2147483647,2147483647,20385,314,2026,65535,4,USD,,,6A,XCME,M6A,FFCXSX,FUT,AUD,,,,F,255,255,255,7,255,4,3,255,255,N,127,127,255,M6AH6
2025-10-26 11:15:30.880527760+00:00,2025-10-26 11:15:30.865000+00:00,19,1,42654336,M6AZ5,A,F,0.0001,1.0,2025-12-15 15:16:00+00:00,2025-06-16 21:30:00+00:00,,0.0001,0.006,0.6514,10000.0,1.0,,270347,0,42654336,0,10,88,2500,0,0,0,1,2147483647,2147483647,2147483647,20385,314,2025,65535,4,USD,,,6A,XCME,M6A,FFCXSX,FUT,AUD,,,,F,255,255,255,7,255,4,12,255,255,N,127,127,255,M6AZ5
2025-10-26 11:15:30.928209968+00:00,2025-10-26 11:15:30.915000+00:00,19,1,42658718,M6AH6-M6AZ5,A,S,0.0001,1.0,2025-12-15 15:16:00+00:00,2025-09-15 21:30:00+00:00,,,0.001,0.0005,,,,271371,0,42658718,0,10,88,2500,0,0,0,1,2147483647,2147483647,2147483647,20385,314,2025,65535,4,USD,,SD,6A,XCME,M6A,FMCXSX,FUT,AUD,,,,F,255,255,255,3,255,4,12,255,255,N,127,127,255,M6AH6-M6AZ5
2025-10-27 00:00:00+00:00,2025-10-26 11:15:30.565000+00:00,19,1,42658497,M6AH6,A,F,0.0001,1.0,2026-03-16 14:16:00+00:00,2025-09-15 21:30:00+00:00,,0.0001,0.006,0.6519,10000.0,1.0,,270347,0,42658497,0,10,88,2500,0,0,0,1,2147483647,2147483647,2147483647,20385,314,2026,65535,4,USD,,,6A,XCME,M6A,FFCXSX,FUT,AUD,,,,F,255,255,255,7,255,4,3,255,255,N,127,127,255,M6AH6
2025-10-27 00:00:00+00:00,2025-10-26 11:15:30.865000+00:00,19,1,42654336,M6AZ5,A,F,0.0001,1.0,2025-12-15 15:16:00+00:00,2025-06-16 21:30:00+00:00,,0.0001,0.006,0.6514,10000.0,1.0,,270347,0,42654336,0,10,88,2500,0,0,0,1,2147483647,2147483647,2147483647,20385,314,2025,65535,4,USD,,,6A,XCME,M6A,FFCXSX,FUT,AUD,,,,F,255,255,255,7,255,4,12,255,255,N,127,127,255,M6AZ5
2025-10-27 00:00:00+00:00,2025-10-26 11:15:30.915000+00:00,19,1,42658718,M6AH6-M6AZ5,A,S,0.0001,1.0,2025-12-15 15:16:00+00:00,2025-09-15 21:30:00+00:00,,,0.001,0.0005,,,,271371,0,42658718,0,10,88,2500,0,0,0,1,2147483647,2147483647,2147483647,20385,314,2025,65535,4,USD,,SD,6A,XCME,M6A,FMCXSX,FUT,AUD,,,,F,255,255,255,3,255,4,12,255,255,N,127,127,255,M6AH6-M6AZ5
2025-10-28 00:00:00+00:00,2025-10-26 11:15:30.565000+00:00,19,1,42658497,M6AH6,A,F,0.0001,1.0,2026-03-16 14:16:00+00:00,2025-09-15 21:30:00+00:00,,0.0001,0.006,0.6519,10000.0,1.0,,270347,0,42658497,0,10,88,2500,0,0,0,1,2147483647,2147483647,2147483647,20385,314,2026,65535,4,USD,,,6A,XCME,M6A,FFCXSX,FUT,AUD,,,,F,255,255,255,7,255,4,3,255,255,N,127,127,255,M6AH6
2025-10-28 00:00:00+00:00,2025-10-26 11:15:30.865000+00:00,19,1,42654336,M6AZ5,A,F,0.0001,1.0,2025-12-15 15:16:00+00:00,2025-06-16 21:30:00+00:00,,0.0001,0.006,0.6514,10000.0,1.0,,270347,0,42654336,0,10,88,2500,0,0,0,1,2147483647,2147483647,2147483647,20385,314,2025,65535,4,USD,,,6A,XCME,M6A,FFCXSX,FUT,AUD,,,,F,255,255,255,7,255,4,12,255,255,N,127,127,255,M6AZ5
2025-10-28 00:00:00+00:00,2025-10-26 11:15:30.915000+00:00,19,1,42658718,M6AH6-M6AZ5,A,S,0.0001,1.0,2025-12-15 15:16:00+00:00,2025-09-15 21:30:00+00:00,,,0.001,0.0005,,,,271371,0,42658718,0,10,88,2500,0,0,0,1,2147483647,2147483647,2147483647,20385,314,2025,65535,4,USD,,SD,6A,XCME,M6A,FMCXSX,FUT,AUD,,,,F,255,255,255,3,255,4,12,255,255,N,127,127,255,M6AH6-M6AZ5
2025-10-29 00:00:00+00:00,2025-10-26 11:15:30.565000+00:00,19,1,42658497,M6AH6,A,F,0.0001,1.0,2026-03-16 14:16:00+00:00,2025-09-15 21:30:00+00:00,,0.0001,0.006,0.6519,10000.0,1.0,,270347,0,42658497,0,10,88,2500,0,0,0,1,2147483647,2147483647,2147483647,20385,314,2026,65535,4,USD,,,6A,XCME,M6A,FFCXSX,FUT,AUD,,,,F,255,255,255,7,255,4,3,255,255,N,127,127,255,M6AH6
2025-10-29 00:00:00+00:00,2025-10-26 11:15:30.865000+00:00,19,1,42654336,M6AZ5,A,F,0.0001,1.0,2025-12-15 15:16:00+00:00,2025-06-16 21:30:00+00:00,,0.0001,0.006,0.6514,10000.0,1.0,,270347,0,42654336,0,10,88,2500,0,0,0,1,2147483647,2147483647,2147483647,20385,314,2025,65535,4,USD,,,6A,XCME,M6A,FFCXSX,FUT,AUD,,,,F,255,255,255,7,255,4,12,255,255,N,127,127,255,M6AZ5
2025-10-29 00:00:00+00:00,2025-10-26 11:15:30.915000+00:00,19,1,42658718,M6AH6-M6AZ5,A,S,0.0001,1.0,2025-12-15 15:16:00+00:00,2025-09-15 21:30:00+00:00,,,0.001,0.0005,,,,271371,0,42658718,0,10,88,2500,0,0,0,1,2147483647,2147483647,2147483647,20385,314,2025,65535,4,USD,,SD,6A,XCME,M6A,FMCXSX,FUT,AUD,,,,F,255,255,255,3,255,4,12,255,255,N,127,127,255,M6AH6-M6AZ5
2025-10-30 00:00:00+00:00,2025-10-26 11:15:30.565000+00:00,19,1,42658497,M6AH6,A,F,0.0001,1.0,2026-03-16 14:16:00+00:00,2025-09-15 21:30:00+00:00,,0.0001,0.006,0.6519,10000.0,1.0,,270347,0,42658497,0,10,88,2500,0,0,0,1,2147483647,2147483647,2147483647,20385,314,2026,65535,4,USD,,,6A,XCME,M6A,FFCXSX,FUT,AUD,,,,F,255,255,255,7,255,4,3,255,255,N,127,127,255,M6AH6
2025-10-30 00:00:00+00:00,2025-10-26 11:15:30.865000+00:00,19,1,42654336,M6AZ5,A,F,0.0001,1.0,2025-12-15 15:16:00+00:00,2025-06-16 21:30:00+00:00,,0.0001,0.006,0.6514,10000.0,1.0,,270347,0,42654336,0,10,88,2500,0,0,0,1,2147483647,2147483647,2147483647,20385,314,2025,65535,4,USD,,,6A,XCME,M6A,FFCXSX,FUT,AUD,,,,F,255,255,255,7,255,4,12,255,255,N,127,127,255,M6AZ5
2025-10-30 00:00:00+00:00,2025-10-26 11:15:30.915000+00:00,19,1,42658718,M6AH6-M6AZ5,A,S,0.0001,1.0,2025-12-15 15:16:00+00:00,2025-09-15 21:30:00+00:00,,,0.001,0.0005,,,,271371,0,42658718,0,10,88,2500,0,0,0,1,2147483647,2147483647,2147483647,20385,314,2025,65535,4,USD,,SD,6A,XCME,M6A,FMCXSX,FUT,AUD,,,,F,255,255,255,3,255,4,12,255,255,N,127,127,255,M6AH6-M6AZ5
2025-10-31 00:00:00+00:00,2025-10-26 11:15:30.565000+00:00,19,1,42658497,M6AH6,A,F,0.0001,1.0,2026-03-16 14:16:00+00:00,2025-09-15 21:30:00+00:00,,0.0001,0.006,0.6519,10000.0,1.0,,270347,0,42658497,0,10,88,2500,0,0,0,1,2147483647,2147483647,2147483647,20385,314,2026,65535,4,USD,,,6A,XCME,M6A,FFCXSX,FUT,AUD,,,,F,255,255,255,7,255,4,3,255,255,N,127,127,255,M6AH6
2025-10-31 00:00:00+00:00,2025-10-26 11:15:30.865000+00:00,19,1,42654336,M6AZ5,A,F,0.0001,1.0,2025-12-15 15:16:00+00:00,2025-06-16 21:30:00+00:00,,0.0001,0.006,0.6514,10000.0,1.0,,270347,0,42654336,0,10,88,2500,0,0,0,1,2147483647,2147483647,2147483647,20385,314,2025,65535,4,USD,,,6A,XCME,M6A,FFCXSX,FUT,AUD,,,,F,255,255,255,7,255,4,12,255,255,N,127,127,255,M6AZ5
2025-10-31 00:00:00+00:00,2025-10-26 11:15:30.915000+00:00,19,1,42658718,M6AH6-M6AZ5,A,S,0.0001,1.0,2025-12-15 15:16:00+00:00,2025-09-15 21:30:00+00:00,,,0.001,0.0005,,,,271371,0,42658718,0,10,88,2500,0,0,0,1,2147483647,2147483647,2147483647,20385,314,2025,65535,4,USD,,SD,6A,XCME,M6A,FMCXSX,FUT,AUD,,,,F,255,255,255,3,255,4,12,255,255,N,127,127,255,M6AH6-M6AZ5
2025-11-02 12:15:29.957664702+00:00,2025-11-02 12:15:29.848000+00:00,19,1,42658497,M6AH6,A,F,0.0001,1.0,2026-03-16 14:16:00+00:00,2025-09-15 21:30:00+00:00,,0.0001,0.006,0.655,10000.0,1.0,,270347,0,42658497,0,10,88,2500,0,0,0,1,2147483647,2147483647,2147483647,20392,314,2026,65535,4,USD,,,6A,XCME,M6A,FFCXSX,FUT,AUD,,,,F,255,255,255,7,255,4,3,255,255,N,127,127,255,M6AH6
2025-11-02 12:15:30.164203111+00:00,2025-11-02 12:15:30.148000+00:00,19,1,42654336,M6AZ5,A,F,0.0001,1.0,2025-12-15 15:16:00+00:00,2025-06-16 21:30:00+00:00,,0.0001,0.006,0.6546,10000.0,1.0,,270347,0,42654336,0,10,88,2500,0,0,0,1,2147483647,2147483647,2147483647,20392,314,2025,65535,4,USD,,,6A,XCME,M6A,FFCXSX,FUT,AUD,,,,F,255,255,255,7,255,4,12,255,255,N,127,127,255,M6AZ5
2025-11-02 12:15:30.210294193+00:00,2025-11-02 12:15:30.198000+00:00,19,1,42658718,M6AH6-M6AZ5,A,S,0.0001,1.0,2025-12-15 15:16:00+00:00,2025-09-15 21:30:00+00:00,,,0.001,0.0004,,,,271371,0,42658718,0,10,88,2500,0,0,0,1,2147483647,2147483647,2147483647,20392,314,2025,65535,4,USD,,SD,6A,XCME,M6A,FMCXSX,FUT,AUD,,,,F,255,255,255,3,255,4,12,255,255,N,127,127,255,M6AH6-M6AZ5
2025-11-03 00:00:00+00:00,2025-11-02 12:15:29.848000+00:00,19,1,42658497,M6AH6,A,F,0.0001,1.0,2026-03-16 14:16:00+00:00,2025-09-15 21:30:00+00:00,,0.0001,0.006,0.655,10000.0,1.0,,270347,0,42658497,0,10,88,2500,0,0,0,1,2147483647,2147483647,2147483647,20392,314,2026,65535,4,USD,,,6A,XCME,M6A,FFCXSX,FUT,AUD,,,,F,255,255,255,7,255,4,3,255,255,N,127,127,255,M6AH6
2025-11-03 00:00:00+00:00,2025-11-02 12:15:30.148000+00:00,19,1,42654336,M6AZ5,A,F,0.0001,1.0,2025-12-15 15:16:00+00:00,2025-06-16 21:30:00+00:00,,0.0001,0.006,0.6546,10000.0,1.0,,270347,0,42654336,0,10,88,2500,0,0,0,1,2147483647,2147483647,2147483647,20392,314,2025,65535,4,USD,,,6A,XCME,M6A,FFCXSX,FUT,AUD,,,,F,255,255,255,7,255,4,12,255,255,N,127,127,255,M6AZ5
2025-11-03 00:00:00+00:00,2025-11-02 12:15:30.198000+00:00,19,1,42658718,M6AH6-M6AZ5,A,S,0.0001,1.0,2025-12-15 15:16:00+00:00,2025-09-15 21:30:00+00:00,,,0.001,0.0004,,,,271371,0,42658718,0,10,88,2500,0,0,0,1,2147483647,2147483647,2147483647,20392,314,2025,65535,4,USD,,SD,6A,XCME,M6A,FMCXSX,FUT,AUD,,,,F,255,255,255,3,255,4,12,255,255,N,127,127,255,M6AH6-M6AZ5
2025-11-04 00:00:00+00:00,2025-11-02 12:15:29.848000+00:00,19,1,42658497,M6AH6,A,F,0.0001,1.0,2026-03-16 14:16:00+00:00,2025-09-15 21:30:00+00:00,,0.0001,0.006,0.655,10000.0,1.0,,270347,0,42658497,0,10,88,2500,0,0,0,1,2147483647,2147483647,2147483647,20392,314,2026,65535,4,USD,,,6A,XCME,M6A,FFCXSX,FUT,AUD,,,,F,255,255,255,7,255,4,3,255,255,N,127,127,255,M6AH6
2025-11-04 00:00:00+00:00,2025-11-02 12:15:30.148000+00:00,19,1,42654336,M6AZ5,A,F,0.0001,1.0,2025-12-15 15:16:00+00:00,2025-06-16 21:30:00+00:00,,0.0001,0.006,0.6546,10000.0,1.0,,270347,0,42654336,0,10,88,2500,0,0,0,1,2147483647,2147483647,2147483647,20392,314,2025,65535,4,USD,,,6A,XCME,M6A,FFCXSX,FUT,AUD,,,,F,255,255,255,7,255,4,12,255,255,N,127,127,255,M6AZ5
2025-11-04 00:00:00+00:00,2025-11-02 12:15:30.198000+00:00,19,1,42658718,M6AH6-M6AZ5,A,S,0.0001,1.0,2025-12-15 15:16:00+00:00,2025-09-15 21:30:00+00:00,,,0.001,0.0004,,,,271371,0,42658718,0,10,88,2500,0,0,0,1,2147483647,2147483647,2147483647,20392,314,2025,65535,4,USD,,SD,6A,XCME,M6A,FMCXSX,FUT,AUD,,,,F,255,255,255,3,255,4,12,255,255,N,127,127,255,M6AH6-M6AZ5
2025-11-05 00:00:00+00:00,2025-11-02 12:15:29.848000+00:00,19,1,42658497,M6AH6,A,F,0.0001,1.0,2026-03-16 14:16:00+00:00,2025-09-15 21:30:00+00:00,,0.0001,0.006,0.655,10000.0,1.0,,270347,0,42658497,0,10,88,2500,0,0,0,1,2147483647,2147483647,2147483647,20392,314,2026,65535,4,USD,,,6A,XCME,M6A,FFCXSX,FUT,AUD,,,,F,255,255,255,7,255,4,3,255,255,N,127,127,255,M6AH6
2025-11-05 00:00:00+00:00,2025-11-02 12:15:30.148000+00:00,19,1,42654336,M6AZ5,A,F,0.0001,1.0,2025-12-15 15:16:00+00:00,2025-06-16 21:30:00+00:00,,0.0001,0.006,0.6546,10000.0,1.0,,270347,0,42654336,0,10,88,2500,0,0,0,1,2147483647,2147483647,2147483647,20392,314,2025,65535,4,USD,,,6A,XCME,M6A,FFCXSX,FUT,AUD,,,,F,255,255,255,7,255,4,12,255,255,N,127,127,255,M6AZ5
2025-11-05 00:00:00+00:00,2025-11-02 12:15:30.198000+00:00,19,1,42658718,M6AH6-M6AZ5,A,S,0.0001,1.0,2025-12-15 15:16:00+00:00,2025-09-15 21:30:00+00:00,,,0.001,0.0004,,,,271371,0,42658718,0,10,88,2500,0,0,0,1,2147483647,2147483647,2147483647,20392,314,2025,65535,4,USD,,SD,6A,XCME,M6A,FMCXSX,FUT,AUD,,,,F,255,255,255,3,255,4,12,255,255,N,127,127,255,M6AH6-M6AZ5
2025-11-06 00:00:00+00:00,2025-11-02 12:15:29.848000+00:00,19,1,42658497,M6AH6,A,F,0.0001,1.0,2026-03-16 14:16:00+00:00,2025-09-15 21:30:00+00:00,,0.0001,0.006,0.655,10000.0,1.0,,270347,0,42658497,0,10,88,2500,0,0,0,1,2147483647,2147483647,2147483647,20392,314,2026,65535,4,USD,,,6A,XCME,M6A,FFCXSX,FUT,AUD,,,,F,255,255,255,7,255,4,3,255,255,N,127,127,255,M6AH6
2025-11-06 00:00:00+00:00,2025-11-02 12:15:30.148000+00:00,19,1,42654336,M6AZ5,A,F,0.0001,1.0,2025-12-15 15:16:00+00:00,2025-06-16 21:30:00+00:00,,0.0001,0.006,0.6546,10000.0,1.0,,270347,0,42654336,0,10,88,2500,0,0,0,1,2147483647,2147483647,2147483647,20392,314,2025,65535,4,USD,,,6A,XCME,M6A,FFCXSX,FUT,AUD,,,,F,255,255,255,7,255,4,12,255,255,N,127,127,255,M6AZ5
2025-11-06 00:00:00+00:00,2025-11-02 12:15:30.198000+00:00,19,1,42658718,M6AH6-M6AZ5,A,S,0.0001,1.0,2025-12-15 15:16:00+00:00,2025-09-15 21:30:00+00:00,,,0.001,0.0004,,,,271371,0,42658718,0,10,88,2500,0,0,0,1,2147483647,2147483647,2147483647,20392,314,2025,65535,4,USD,,SD,6A,XCME,M6A,FMCXSX,FUT,AUD,,,,F,255,255,255,3,255,4,12,255,255,N,127,127,255,M6AH6-M6AZ5
2025-11-07 00:00:00+00:00,2025-11-02 12:15:29.848000+00:00,19,1,42658497,M6AH6,A,F,0.0001,1.0,2026-03-16 14:16:00+00:00,2025-09-15 21:30:00+00:00,,0.0001,0.006,0.655,10000.0,1.0,,270347,0,42658497,0,10,88,2500,0,0,0,1,2147483647,2147483647,2147483647,20392,314,2026,65535,4,USD,,,6A,XCME,M6A,FFCXSX,FUT,AUD,,,,F,255,255,255,7,255,4,3,255,255,N,127,127,255,M6AH6
2025-11-07 00:00:00+00:00,2025-11-02 12:15:30.148000+00:00,19,1,42654336,M6AZ5,A,F,0.0001,1.0,2025-12-15 15:16:00+00:00,2025-06-16 21:30:00+00:00,,0.0001,0.006,0.6546,10000.0,1.0,,270347,0,42654336,0,10,88,2500,0,0,0,1,2147483647,2147483647,2147483647,20392,314,2025,65535,4,USD,,,6A,XCME,M6A,FFCXSX,FUT,AUD,,,,F,255,255,255,7,255,4,12,255,255,N,127,127,255,M6AZ5
2025-11-07 00:00:00+00:00,2025-11-02 12:15:30.198000+00:00,19,1,42658718,M6AH6-M6AZ5,A,S,0.0001,1.0,2025-12-15 15:16:00+00:00,2025-09-15 21:30:00+00:00,,,0.001,0.0004,,,,271371,0,42658718,0,10,88,2500,0,0,0,1,2147483647,2147483647,2147483647,20392,314,2025,65535,4,USD,,SD,6A,XCME,M6A,FMCXSX,FUT,AUD,,,,F,255,255,255,3,255,4,12,255,255,N,127,127,255,M6AH6-M6AZ5
2025-11-09 12:15:30.504697008+00:00,2025-11-09 12:15:30.401000+00:00,19,1,42658497,M6AH6,A,F,0.0001,1.0,2026-03-16 14:16:00+00:00,2025-09-15 21:30:00+00:00,,0.0001,0.006,0.65,10000.0,1.0,,270347,0,42658497,0,10,88,2500,0,0,0,1,2147483647,2147483647,2147483647,20399,314,2026,65535,4,USD,,,6A,XCME,M6A,FFCXSX,FUT,AUD,,,,F,255,255,255,7,255,4,3,255,255,N,127,127,255,M6AH6
2025-11-09 12:15:30.727673699+00:00,2025-11-09 12:15:30.701000+00:00,19,1,42654336,M6AZ5,A,F,0.0001,1.0,2025-12-15 15:16:00+00:00,2025-06-16 21:30:00+00:00,,0.0001,0.006,0.6497,10000.0,1.0,,270347,0,42654336,0,10,88,2500,0,0,0,1,2147483647,2147483647,2147483647,20399,314,2025,65535,4,USD,,,6A,XCME,M6A,FFCXSX,FUT,AUD,,,,F,255,255,255,7,255,4,12,255,255,N,127,127,255,M6AZ5
2025-11-09 12:15:30.770175822+00:00,2025-11-09 12:15:30.751000+00:00,19,1,42658718,M6AH6-M6AZ5,A,S,0.0001,1.0,2025-12-15 15:16:00+00:00,2025-09-15 21:30:00+00:00,,,0.001,0.0003,,,,271371,0,42658718,0,10,88,2500,0,0,0,1,2147483647,2147483647,2147483647,20399,314,2025,65535,4,USD,,SD,6A,XCME,M6A,FMCXSX,FUT,AUD,,,,F,255,255,255,3,255,4,12,255,255,N,127,127,255,M6AH6-M6AZ5
2025-11-10 00:00:00+00:00,2025-11-09 12:15:30.401000+00:00,19,1,42658497,M6AH6,A,F,0.0001,1.0,2026-03-16 14:16:00+00:00,2025-09-15 21:30:00+00:00,,0.0001,0.006,0.65,10000.0,1.0,,270347,0,42658497,0,10,88,2500,0,0,0,1,2147483647,2147483647,2147483647,20399,314,2026,65535,4,USD,,,6A,XCME,M6A,FFCXSX,FUT,AUD,,,,F,255,255,255,7,255,4,3,255,255,N,127,127,255,M6AH6
2025-11-10 00:00:00+00:00,2025-11-09 12:15:30.701000+00:00,19,1,42654336,M6AZ5,A,F,0.0001,1.0,2025-12-15 15:16:00+00:00,2025-06-16 21:30:00+00:00,,0.0001,0.006,0.6497,10000.0,1.0,,270347,0,42654336,0,10,88,2500,0,0,0,1,2147483647,2147483647,2147483647,20399,314,2025,65535,4,USD,,,6A,XCME,M6A,FFCXSX,FUT,AUD,,,,F,255,255,255,7,255,4,12,255,255,N,127,127,255,M6AZ5
2025-11-10 00:00:00+00:00,2025-11-09 12:15:30.751000+00:00,19,1,42658718,M6AH6-M6AZ5,A,S,0.0001,1.0,2025-12-15 15:16:00+00:00,2025-09-15 21:30:00+00:00,,,0.001,0.0003,,,,271371,0,42658718,0,10,88,2500,0,0,0,1,2147483647,2147483647,2147483647,20399,314,2025,65535,4,USD,,SD,6A,XCME,M6A,FMCXSX,FUT,AUD,,,,F,255,255,255,3,255,4,12,255,255,N,127,127,255,M6AH6-M6AZ5
2025-11-11 00:00:00+00:00,2025-11-09 12:15:30.401000+00:00,19,1,42658497,M6AH6,A,F,0.0001,1.0,2026-03-16 14:16:00+00:00,2025-09-15 21:30:00+00:00,,0.0001,0.006,0.65,10000.0,1.0,,270347,0,42658497,0,10,88,2500,0,0,0,1,2147483647,2147483647,2147483647,20399,314,2026,65535,4,USD,,,6A,XCME,M6A,FFCXSX,FUT,AUD,,,,F,255,255,255,7,255,4,3,255,255,N,127,127,255,M6AH6
2025-11-11 00:00:00+00:00,2025-11-09 12:15:30.701000+00:00,19,1,42654336,M6AZ5,A,F,0.0001,1.0,2025-12-15 15:16:00+00:00,2025-06-16 21:30:00+00:00,,0.0001,0.006,0.6497,10000.0,1.0,,270347,0,42654336,0,10,88,2500,0,0,0,1,2147483647,2147483647,2147483647,20399,314,2025,65535,4,USD,,,6A,XCME,M6A,FFCXSX,FUT,AUD,,,,F,255,255,255,7,255,4,12,255,255,N,127,127,255,M6AZ5
2025-11-11 00:00:00+00:00,2025-11-09 12:15:30.751000+00:00,19,1,42658718,M6AH6-M6AZ5,A,S,0.0001,1.0,2025-12-15 15:16:00+00:00,2025-09-15 21:30:00+00:00,,,0.001,0.0003,,,,271371,0,42658718,0,10,88,2500,0,0,0,1,2147483647,2147483647,2147483647,20399,314,2025,65535,4,USD,,SD,6A,XCME,M6A,FMCXSX,FUT,AUD,,,,F,255,255,255,3,255,4,12,255,255,N,127,127,255,M6AH6-M6AZ5
2025-11-12 00:00:00+00:00,2025-11-09 12:15:30.401000+00:00,19,1,42658497,M6AH6,A,F,0.0001,1.0,2026-03-16 14:16:00+00:00,2025-09-15 21:30:00+00:00,,0.0001,0.006,0.65,10000.0,1.0,,270347,0,42658497,0,10,88,2500,0,0,0,1,2147483647,2147483647,2147483647,20399,314,2026,65535,4,USD,,,6A,XCME,M6A,FFCXSX,FUT,AUD,,,,F,255,255,255,7,255,4,3,255,255,N,127,127,255,M6AH6
2025-11-12 00:00:00+00:00,2025-11-09 12:15:30.701000+00:00,19,1,42654336,M6AZ5,A,F,0.0001,1.0,2025-12-15 15:16:00+00:00,2025-06-16 21:30:00+00:00,,0.0001,0.006,0.6497,10000.0,1.0,,270347,0,42654336,0,10,88,2500,0,0,0,1,2147483647,2147483647,2147483647,20399,314,2025,65535,4,USD,,,6A,XCME,M6A,FFCXSX,FUT,AUD,,,,F,255,255,255,7,255,4,12,255,255,N,127,127,255,M6AZ5
2025-11-12 00:00:00+00:00,2025-11-09 12:15:30.751000+00:00,19,1,42658718,M6AH6-M6AZ5,A,S,0.0001,1.0,2025-12-15 15:16:00+00:00,2025-09-15 21:30:00+00:00,,,0.001,0.0003,,,,271371,0,42658718,0,10,88,2500,0,0,0,1,2147483647,2147483647,2147483647,20399,314,2025,65535,4,USD,,SD,6A,XCME,M6A,FMCXSX,FUT,AUD,,,,F,255,255,255,3,255,4,12,255,255,N,127,127,255,M6AH6-M6AZ5
2025-11-13 00:00:00+00:00,2025-11-09 12:15:30.401000+00:00,19,1,42658497,M6AH6,A,F,0.0001,1.0,2026-03-16 14:16:00+00:00,2025-09-15 21:30:00+00:00,,0.0001,0.006,0.65,10000.0,1.0,,270347,0,42658497,0,10,88,2500,0,0,0,1,2147483647,2147483647,2147483647,20399,314,2026,65535,4,USD,,,6A,XCME,M6A,FFCXSX,FUT,AUD,,,,F,255,255,255,7,255,4,3,255,255,N,127,127,255,M6AH6
2025-11-13 00:00:00+00:00,2025-11-09 12:15:30.701000+00:00,19,1,42654336,M6AZ5,A,F,0.0001,1.0,2025-12-15 15:16:00+00:00,2025-06-16 21:30:00+00:00,,0.0001,0.006,0.6497,10000.0,1.0,,270347,0,42654336,0,10,88,2500,0,0,0,1,2147483647,2147483647,2147483647,20399,314,2025,65535,4,USD,,,6A,XCME,M6A,FFCXSX,FUT,AUD,,,,F,255,255,255,7,255,4,12,255,255,N,127,127,255,M6AZ5
2025-11-13 00:00:00+00:00,2025-11-09 12:15:30.751000+00:00,19,1,42658718,M6AH6-M6AZ5,A,S,0.0001,1.0,2025-12-15 15:16:00+00:00,2025-09-15 21:30:00+00:00,,,0.001,0.0003,,,,271371,0,42658718,0,10,88,2500,0,0,0,1,2147483647,2147483647,2147483647,20399,314,2025,65535,4,USD,,SD,6A,XCME,M6A,FMCXSX,FUT,AUD,,,,F,255,255,255,3,255,4,12,255,255,N,127,127,255,M6AH6-M6AZ5
2025-11-14 00:00:00+00:00,2025-11-09 12:15:30.401000+00:00,19,1,42658497,M6AH6,A,F,0.0001,1.0,2026-03-16 14:16:00+00:00,2025-09-15 21:30:00+00:00,,0.0001,0.006,0.65,10000.0,1.0,,270347,0,42658497,0,10,88,2500,0,0,0,1,2147483647,2147483647,2147483647,20399,314,2026,65535,4,USD,,,6A,XCME,M6A,FFCXSX,FUT,AUD,,,,F,255,255,255,7,255,4,3,255,255,N,127,127,255,M6AH6
2025-11-14 00:00:00+00:00,2025-11-09 12:15:30.701000+00:00,19,1,42654336,M6AZ5,A,F,0.0001,1.0,2025-12-15 15:16:00+00:00,2025-06-16 21:30:00+00:00,,0.0001,0.006,0.6497,10000.0,1.0,,270347,0,42654336,0,10,88,2500,0,0,0,1,2147483647,2147483647,2147483647,20399,314,2025,65535,4,USD,,,6A,XCME,M6A,FFCXSX,FUT,AUD,,,,F,255,255,255,7,255,4,12,255,255,N,127,127,255,M6AZ5
2025-11-14 00:00:00+00:00,2025-11-09 12:15:30.751000+00:00,19,1,42658718,M6AH6-M6AZ5,A,S,0.0001,1.0,2025-12-15 15:16:00+00:00,2025-09-15 21:30:00+00:00,,,0.001,0.0003,,,,271371,0,42658718,0,10,88,2500,0,0,0,1,2147483647,2147483647,2147483647,20399,314,2025,65535,4,USD,,SD,6A,XCME,M6A,FMCXSX,FUT,AUD,,,,F,255,255,255,3,255,4,12,255,255,N,127,127,255,M6AH6-M6AZ5
2025-11-16 12:14:30.314187622+00:00,2025-11-16 12:14:30.228000+00:00,19,1,42658497,M6AH6,A,F,0.0001,1.0,2026-03-16 14:16:00+00:00,2025-09-15 21:30:00+00:00,,0.0001,0.006,0.6544,10000.0,1.0,,270347,0,42658497,0,10,88,2500,0,0,0,1,2147483647,2147483647,2147483647,20406,314,2026,65535,4,USD,,,6A,XCME,M6A,FFCXSX,FUT,AUD,,,,F,255,255,255,7,255,4,3,255,255,N,127,127,255,M6AH6
2025-11-16 12:14:30.547333238+00:00,2025-11-16 12:14:30.528000+00:00,19,1,42654336,M6AZ5,A,F,0.0001,1.0,2025-12-15 15:16:00+00:00,2025-06-16 21:30:00+00:00,,0.0001,0.006,0.654,10000.0,1.0,,270347,0,42654336,0,10,88,2500,0,0,0,1,2147483647,2147483647,2147483647,20406,314,2025,65535,4,USD,,,6A,XCME,M6A,FFCXSX,FUT,AUD,,,,F,255,255,255,7,255,4,12,255,255,N,127,127,255,M6AZ5
2025-11-16 12:14:30.599118300+00:00,2025-11-16 12:14:30.578000+00:00,19,1,42658718,M6AH6-M6AZ5,A,S,0.0001,1.0,2025-12-15 15:16:00+00:00,2025-09-15 21:30:00+00:00,,,0.001,0.0004,,,,271371,0,42658718,0,10,88,2500,0,0,0,1,2147483647,2147483647,2147483647,20406,314,2025,65535,4,USD,,SD,6A,XCME,M6A,FMCXSX,FUT,AUD,,,,F,255,255,255,3,255,4,12,255,255,N,127,127,255,M6AH6-M6AZ5
2025-11-16 15:37:33.830140204+00:00,2025-11-16 15:37:33.819000+00:00,19,1,42658497,M6AH6,A,F,0.0001,1.0,2026-03-16 14:16:00+00:00,2025-09-15 21:30:00+00:00,,0.0001,0.006,0.6544,10000.0,1.0,,270347,0,42658497,0,10,88,2500,0,0,0,1,2147483647,2147483647,2147483647,20406,314,2026,65535,4,USD,,,6A,XCME,M6A,FFCXSX,FUT,AUD,,,,F,255,255,255,7,255,4,3,255,255,N,127,127,255,M6AH6
2025-11-16 15:37:34.131140435+00:00,2025-11-16 15:37:34.119000+00:00,19,1,42654336,M6AZ5,A,F,0.0001,1.0,2025-12-15 15:16:00+00:00,2025-06-16 21:30:00+00:00,,0.0001,0.006,0.654,10000.0,1.0,,270347,0,42654336,0,10,88,2500,0,0,0,1,2147483647,2147483647,2147483647,20406,314,2025,65535,4,USD,,,6A,XCME,M6A,FFCXSX,FUT,AUD,,,,F,255,255,255,7,255,4,12,255,255,N,127,127,255,M6AZ5
2025-11-16 15:37:34.180952575+00:00,2025-11-16 15:37:34.169000+00:00,19,1,42658718,M6AH6-M6AZ5,A,S,0.0001,1.0,2025-12-15 15:16:00+00:00,2025-09-15 21:30:00+00:00,,,0.001,0.0004,,,,271371,0,42658718,0,10,88,2500,0,0,0,1,2147483647,2147483647,2147483647,20406,314,2025,65535,4,USD,,SD,6A,XCME,M6A,FMCXSX,FUT,AUD,,,,F,255,255,255,3,255,4,12,255,255,N,127,127,255,M6AH6-M6AZ5
2025-11-16 16:52:32.091645153+00:00,2025-11-16 16:52:32.079000+00:00,19,1,42658497,M6AH6,A,F,0.0001,1.0,2026-03-16 14:16:00+00:00,2025-09-15 21:30:00+00:00,,0.0001,0.006,0.6544,10000.0,1.0,,270347,0,42658497,0,10,88,2500,0,0,0,1,2147483647,2147483647,2147483647,20406,314,2026,65535,4,USD,,,6A,XCME,M6A,FFCXSX,FUT,AUD,,,,F,255,255,255,7,255,4,3,255,255,N,127,127,255,M6AH6
2025-11-16 16:52:32.390228451+00:00,2025-11-16 16:52:32.379000+00:00,19,1,42654336,M6AZ5,A,F,0.0001,1.0,2025-12-15 15:16:00+00:00,2025-06-16 21:30:00+00:00,,0.0001,0.006,0.654,10000.0,1.0,,270347,0,42654336,0,10,88,2500,0,0,0,1,2147483647,2147483647,2147483647,20406,314,2025,65535,4,USD,,,6A,XCME,M6A,FFCXSX,FUT,AUD,,,,F,255,255,255,7,255,4,12,255,255,N,127,127,255,M6AZ5
2025-11-16 16:52:32.439870171+00:00,2025-11-16 16:52:32.429000+00:00,19,1,42658718,M6AH6-M6AZ5,A,S,0.0001,1.0,2025-12-15 15:16:00+00:00,2025-09-15 21:30:00+00:00,,,0.001,0.0004,,,,271371,0,42658718,0,10,88,2500,0,0,0,1,2147483647,2147483647,2147483647,20406,314,2025,65535,4,USD,,SD,6A,XCME,M6A,FMCXSX,FUT,AUD,,,,F,255,255,255,3,255,4,12,255,255,N,127,127,255,M6AH6-M6AZ5
2025-11-17 00:00:00+00:00,2025-11-16 16:52:32.079000+00:00,19,1,42658497,M6AH6,A,F,0.0001,1.0,2026-03-16 14:16:00+00:00,2025-09-15 21:30:00+00:00,,0.0001,0.006,0.6544,10000.0,1.0,,270347,0,42658497,0,10,88,2500,0,0,0,1,2147483647,2147483647,2147483647,20406,314,2026,65535,4,USD,,,6A,XCME,M6A,FFCXSX,FUT,AUD,,,,F,255,255,255,7,255,4,3,255,255,N,127,127,255,M6AH6
2025-11-17 00:00:00+00:00,2025-11-16 16:52:32.379000+00:00,19,1,42654336,M6AZ5,A,F,0.0001,1.0,2025-12-15 15:16:00+00:00,2025-06-16 21:30:00+00:00,,0.0001,0.006,0.654,10000.0,1.0,,270347,0,42654336,0,10,88,2500,0,0,0,1,2147483647,2147483647,2147483647,20406,314,2025,65535,4,USD,,,6A,XCME,M6A,FFCXSX,FUT,AUD,,,,F,255,255,255,7,255,4,12,255,255,N,127,127,255,M6AZ5
2025-11-17 00:00:00+00:00,2025-11-16 16:52:32.429000+00:00,19,1,42658718,M6AH6-M6AZ5,A,S,0.0001,1.0,2025-12-15 15:16:00+00:00,2025-09-15 21:30:00+00:00,,,0.001,0.0004,,,,271371,0,42658718,0,10,88,2500,0,0,0,1,2147483647,2147483647,2147483647,20406,314,2025,65535,4,USD,,SD,6A,XCME,M6A,FMCXSX,FUT,AUD,,,,F,255,255,255,3,255,4,12,255,255,N,127,127,255,M6AH6-M6AZ5
2025-11-18 00:00:00+00:00,2025-11-16 16:52:32.079000+00:00,19,1,42658497,M6AH6,A,F,0.0001,1.0,2026-03-16 14:16:00+00:00,2025-09-15 21:30:00+00:00,,0.0001,0.006,0.6544,10000.0,1.0,,270347,0,42658497,0,10,88,2500,0,0,0,1,2147483647,2147483647,2147483647,20406,314,2026,65535,4,USD,,,6A,XCME,M6A,FFCXSX,FUT,AUD,,,,F,255,255,255,7,255,4,3,255,255,N,127,127,255,M6AH6
2025-11-18 00:00:00+00:00,2025-11-16 16:52:32.379000+00:00,19,1,42654336,M6AZ5,A,F,0.0001,1.0,2025-12-15 15:16:00+00:00,2025-06-16 21:30:00+00:00,,0.0001,0.006,0.654,10000.0,1.0,,270347,0,42654336,0,10,88,2500,0,0,0,1,2147483647,2147483647,2147483647,20406,314,2025,65535,4,USD,,,6A,XCME,M6A,FFCXSX,FUT,AUD,,,,F,255,255,255,7,255,4,12,255,255,N,127,127,255,M6AZ5
2025-11-18 00:00:00+00:00,2025-11-16 16:52:32.429000+00:00,19,1,42658718,M6AH6-M6AZ5,A,S,0.0001,1.0,2025-12-15 15:16:00+00:00,2025-09-15 21:30:00+00:00,,,0.001,0.0004,,,,271371,0,42658718,0,10,88,2500,0,0,0,1,2147483647,2147483647,2147483647,20406,314,2025,65535,4,USD,,SD,6A,XCME,M6A,FMCXSX,FUT,AUD,,,,F,255,255,255,3,255,4,12,255,255,N,127,127,255,M6AH6-M6AZ5
2025-11-19 00:00:00+00:00,2025-11-16 16:52:32.079000+00:00,19,1,42658497,M6AH6,A,F,0.0001,1.0,2026-03-16 14:16:00+00:00,2025-09-15 21:30:00+00:00,,0.0001,0.006,0.6544,10000.0,1.0,,270347,0,42658497,0,10,88,2500,0,0,0,1,2147483647,2147483647,2147483647,20406,314,2026,65535,4,USD,,,6A,XCME,M6A,FFCXSX,FUT,AUD,,,,F,255,255,255,7,255,4,3,255,255,N,127,127,255,M6AH6
2025-11-19 00:00:00+00:00,2025-11-16 16:52:32.379000+00:00,19,1,42654336,M6AZ5,A,F,0.0001,1.0,2025-12-15 15:16:00+00:00,2025-06-16 21:30:00+00:00,,0.0001,0.006,0.654,10000.0,1.0,,270347,0,42654336,0,10,88,2500,0,0,0,1,2147483647,2147483647,2147483647,20406,314,2025,65535,4,USD,,,6A,XCME,M6A,FFCXSX,FUT,AUD,,,,F,255,255,255,7,255,4,12,255,255,N,127,127,255,M6AZ5
2025-11-19 00:00:00+00:00,2025-11-16 16:52:32.429000+00:00,19,1,42658718,M6AH6-M6AZ5,A,S,0.0001,1.0,2025-12-15 15:16:00+00:00,2025-09-15 21:30:00+00:00,,,0.001,0.0004,,,,271371,0,42658718,0,10,88,2500,0,0,0,1,2147483647,2147483647,2147483647,20406,314,2025,65535,4,USD,,SD,6A,XCME,M6A,FMCXSX,FUT,AUD,,,,F,255,255,255,3,255,4,12,255,255,N,127,127,255,M6AH6-M6AZ5
2025-11-20 00:00:00+00:00,2025-11-16 16:52:32.079000+00:00,19,1,42658497,M6AH6,A,F,0.0001,1.0,2026-03-16 14:16:00+00:00,2025-09-15 21:30:00+00:00,,0.0001,0.006,0.6544,10000.0,1.0,,270347,0,42658497,0,10,88,2500,0,0,0,1,2147483647,2147483647,2147483647,20406,314,2026,65535,4,USD,,,6A,XCME,M6A,FFCXSX,FUT,AUD,,,,F,255,255,255,7,255,4,3,255,255,N,127,127,255,M6AH6
2025-11-20 00:00:00+00:00,2025-11-16 16:52:32.379000+00:00,19,1,42654336,M6AZ5,A,F,0.0001,1.0,2025-12-15 15:16:00+00:00,2025-06-16 21:30:00+00:00,,0.0001,0.006,0.654,10000.0,1.0,,270347,0,42654336,0,10,88,2500,0,0,0,1,2147483647,2147483647,2147483647,20406,314,2025,65535,4,USD,,,6A,XCME,M6A,FFCXSX,FUT,AUD,,,,F,255,255,255,7,255,4,12,255,255,N,127,127,255,M6AZ5
2025-11-20 00:00:00+00:00,2025-11-16 16:52:32.429000+00:00,19,1,42658718,M6AH6-M6AZ5,A,S,0.0001,1.0,2025-12-15 15:16:00+00:00,2025-09-15 21:30:00+00:00,,,0.001,0.0004,,,,271371,0,42658718,0,10,88,2500,0,0,0,1,2147483647,2147483647,2147483647,20406,314,2025,65535,4,USD,,SD,6A,XCME,M6A,FMCXSX,FUT,AUD,,,,F,255,255,255,3,255,4,12,255,255,N,127,127,255,M6AH6-M6AZ5
2025-11-21 00:00:00+00:00,2025-11-16 16:52:32.079000+00:00,19,1,42658497,M6AH6,A,F,0.0001,1.0,2026-03-16 14:16:00+00:00,2025-09-15 21:30:00+00:00,,0.0001,0.006,0.6544,10000.0,1.0,,270347,0,42658497,0,10,88,2500,0,0,0,1,2147483647,2147483647,2147483647,20406,314,2026,65535,4,USD,,,6A,XCME,M6A,FFCXSX,FUT,AUD,,,,F,255,255,255,7,255,4,3,255,255,N,127,127,255,M6AH6
2025-11-21 00:00:00+00:00,2025-11-16 16:52:32.379000+00:00,19,1,42654336,M6AZ5,A,F,0.0001,1.0,2025-12-15 15:16:00+00:00,2025-06-16 21:30:00+00:00,,0.0001,0.006,0.654,10000.0,1.0,,270347,0,42654336,0,10,88,2500,0,0,0,1,2147483647,2147483647,2147483647,20406,314,2025,65535,4,USD,,,6A,XCME,M6A,FFCXSX,FUT,AUD,,,,F,255,255,255,7,255,4,12,255,255,N,127,127,255,M6AZ5
2025-11-21 00:00:00+00:00,2025-11-16 16:52:32.429000+00:00,19,1,42658718,M6AH6-M6AZ5,A,S,0.0001,1.0,2025-12-15 15:16:00+00:00,2025-09-15 21:30:00+00:00,,,0.001,0.0004,,,,271371,0,42658718,0,10,88,2500,0,0,0,1,2147483647,2147483647,2147483647,20406,314,2025,65535,4,USD,,SD,6A,XCME,M6A,FMCXSX,FUT,AUD,,,,F,255,255,255,3,255,4,12,255,255,N,127,127,255,M6AH6-M6AZ5
2025-11-23 12:44:30.574798394+00:00,2025-11-23 12:44:30.498000+00:00,19,1,42658497,M6AH6,A,F,0.0001,1.0,2026-03-16 14:16:00+00:00,2025-09-15 21:30:00+00:00,,0.0001,0.006,0.6461,10000.0,1.0,,270347,0,42658497,0,10,88,2500,0,0,0,1,2147483647,2147483647,2147483647,20413,314,2026,65535,4,USD,,,6A,XCME,M6A,FFCXSX,FUT,AUD,,,,F,255,255,255,7,255,4,3,255,255,N,127,127,255,M6AH6
2025-11-23 12:44:30.812912693+00:00,2025-11-23 12:44:30.798000+00:00,19,1,42654336,M6AZ5,A,F,0.0001,1.0,2025-12-15 15:16:00+00:00,2025-06-16 21:30:00+00:00,,0.0001,0.006,0.6457,10000.0,1.0,,270347,0,42654336,0,10,88,2500,0,0,0,1,2147483647,2147483647,2147483647,20413,314,2025,65535,4,USD,,,6A,XCME,M6A,FFCXSX,FUT,AUD,,,,F,255,255,255,7,255,4,12,255,255,N,127,127,255,M6AZ5
2025-11-23 12:44:30.859997023+00:00,2025-11-23 12:44:30.848000+00:00,19,1,42658718,M6AH6-M6AZ5,A,S,0.0001,1.0,2025-12-15 15:16:00+00:00,2025-09-15 21:30:00+00:00,,,0.001,0.0004,,,,271371,0,42658718,0,10,88,2500,0,0,0,1,2147483647,2147483647,2147483647,20413,314,2025,65535,4,USD,,SD,6A,XCME,M6A,FMCXSX,FUT,AUD,,,,F,255,255,255,3,255,4,12,255,255,N,127,127,255,M6AH6-M6AZ5
2025-11-24 00:00:00+00:00,2025-11-23 12:44:30.498000+00:00,19,1,42658497,M6AH6,A,F,0.0001,1.0,2026-03-16 14:16:00+00:00,2025-09-15 21:30:00+00:00,,0.0001,0.006,0.6461,10000.0,1.0,,270347,0,42658497,0,10,88,2500,0,0,0,1,2147483647,2147483647,2147483647,20413,314,2026,65535,4,USD,,,6A,XCME,M6A,FFCXSX,FUT,AUD,,,,F,255,255,255,7,255,4,3,255,255,N,127,127,255,M6AH6
2025-11-24 00:00:00+00:00,2025-11-23 12:44:30.798000+00:00,19,1,42654336,M6AZ5,A,F,0.0001,1.0,2025-12-15 15:16:00+00:00,2025-06-16 21:30:00+00:00,,0.0001,0.006,0.6457,10000.0,1.0,,270347,0,42654336,0,10,88,2500,0,0,0,1,2147483647,2147483647,2147483647,20413,314,2025,65535,4,USD,,,6A,XCME,M6A,FFCXSX,FUT,AUD,,,,F,255,255,255,7,255,4,12,255,255,N,127,127,255,M6AZ5
2025-11-24 00:00:00+00:00,2025-11-23 12:44:30.848000+00:00,19,1,42658718,M6AH6-M6AZ5,A,S,0.0001,1.0,2025-12-15 15:16:00+00:00,2025-09-15 21:30:00+00:00,,,0.001,0.0004,,,,271371,0,42658718,0,10,88,2500,0,0,0,1,2147483647,2147483647,2147483647,20413,314,2025,65535,4,USD,,SD,6A,XCME,M6A,FMCXSX,FUT,AUD,,,,F,255,255,255,3,255,4,12,255,255,N,127,127,255,M6AH6-M6AZ5
2025-11-25 00:00:00+00:00,2025-11-23 12:44:30.498000+00:00,19,1,42658497,M6AH6,A,F,0.0001,1.0,2026-03-16 14:16:00+00:00,2025-09-15 21:30:00+00:00,,0.0001,0.006,0.6461,10000.0,1.0,,270347,0,42658497,0,10,88,2500,0,0,0,1,2147483647,2147483647,2147483647,20413,314,2026,65535,4,USD,,,6A,XCME,M6A,FFCXSX,FUT,AUD,,,,F,255,255,255,7,255,4,3,255,255,N,127,127,255,M6AH6
2025-11-25 00:00:00+00:00,2025-11-23 12:44:30.798000+00:00,19,1,42654336,M6AZ5,A,F,0.0001,1.0,2025-12-15 15:16:00+00:00,2025-06-16 21:30:00+00:00,,0.0001,0.006,0.6457,10000.0,1.0,,270347,0,42654336,0,10,88,2500,0,0,0,1,2147483647,2147483647,2147483647,20413,314,2025,65535,4,USD,,,6A,XCME,M6A,FFCXSX,FUT,AUD,,,,F,255,255,255,7,255,4,12,255,255,N,127,127,255,M6AZ5
2025-11-25 00:00:00+00:00,2025-11-23 12:44:30.848000+00:00,19,1,42658718,M6AH6-M6AZ5,A,S,0.0001,1.0,2025-12-15 15:16:00+00:00,2025-09-15 21:30:00+00:00,,,0.001,0.0004,,,,271371,0,42658718,0,10,88,2500,0,0,0,1,2147483647,2147483647,2147483647,20413,314,2025,65535,4,USD,,SD,6A,XCME,M6A,FMCXSX,FUT,AUD,,,,F,255,255,255,3,255,4,12,255,255,N,127,127,255,M6AH6-M6AZ5
2025-11-26 00:00:00+00:00,2025-11-23 12:44:30.498000+00:00,19,1,42658497,M6AH6,A,F,0.0001,1.0,2026-03-16 14:16:00+00:00,2025-09-15 21:30:00+00:00,,0.0001,0.006,0.6461,10000.0,1.0,,270347,0,42658497,0,10,88,2500,0,0,0,1,2147483647,2147483647,2147483647,20413,314,2026,65535,4,USD,,,6A,XCME,M6A,FFCXSX,FUT,AUD,,,,F,255,255,255,7,255,4,3,255,255,N,127,127,255,M6AH6
2025-11-26 00:00:00+00:00,2025-11-23 12:44:30.798000+00:00,19,1,42654336,M6AZ5,A,F,0.0001,1.0,2025-12-15 15:16:00+00:00,2025-06-16 21:30:00+00:00,,0.0001,0.006,0.6457,10000.0,1.0,,270347,0,42654336,0,10,88,2500,0,0,0,1,2147483647,2147483647,2147483647,20413,314,2025,65535,4,USD,,,6A,XCME,M6A,FFCXSX,FUT,AUD,,,,F,255,255,255,7,255,4,12,255,255,N,127,127,255,M6AZ5
2025-11-26 00:00:00+00:00,2025-11-23 12:44:30.848000+00:00,19,1,42658718,M6AH6-M6AZ5,A,S,0.0001,1.0,2025-12-15 15:16:00+00:00,2025-09-15 21:30:00+00:00,,,0.001,0.0004,,,,271371,0,42658718,0,10,88,2500,0,0,0,1,2147483647,2147483647,2147483647,20413,314,2025,65535,4,USD,,SD,6A,XCME,M6A,FMCXSX,FUT,AUD,,,,F,255,255,255,3,255,4,12,255,255,N,127,127,255,M6AH6-M6AZ5
2025-11-27 00:00:00+00:00,2025-11-23 12:44:30.498000+00:00,19,1,42658497,M6AH6,A,F,0.0001,1.0,2026-03-16 14:16:00+00:00,2025-09-15 21:30:00+00:00,,0.0001,0.006,0.6461,10000.0,1.0,,270347,0,42658497,0,10,88,2500,0,0,0,1,2147483647,2147483647,2147483647,20413,314,2026,65535,4,USD,,,6A,XCME,M6A,FFCXSX,FUT,AUD,,,,F,255,255,255,7,255,4,3,255,255,N,127,127,255,M6AH6
2025-11-27 00:00:00+00:00,2025-11-23 12:44:30.798000+00:00,19,1,42654336,M6AZ5,A,F,0.0001,1.0,2025-12-15 15:16:00+00:00,2025-06-16 21:30:00+00:00,,0.0001,0.006,0.6457,10000.0,1.0,,270347,0,42654336,0,10,88,2500,0,0,0,1,2147483647,2147483647,2147483647,20413,314,2025,65535,4,USD,,,6A,XCME,M6A,FFCXSX,FUT,AUD,,,,F,255,255,255,7,255,4,12,255,255,N,127,127,255,M6AZ5
2025-11-27 00:00:00+00:00,2025-11-23 12:44:30.848000+00:00,19,1,42658718,M6AH6-M6AZ5,A,S,0.0001,1.0,2025-12-15 15:16:00+00:00,2025-09-15 21:30:00+00:00,,,0.001,0.0004,,,,271371,0,42658718,0,10,88,2500,0,0,0,1,2147483647,2147483647,2147483647,20413,314,2025,65535,4,USD,,SD,6A,XCME,M6A,FMCXSX,FUT,AUD,,,,F,255,255,255,3,255,4,12,255,255,N,127,127,255,M6AH6-M6AZ5
2025-11-28 00:00:00+00:00,2025-11-23 12:44:30.498000+00:00,19,1,42658497,M6AH6,A,F,0.0001,1.0,2026-03-16 14:16:00+00:00,2025-09-15 21:30:00+00:00,,0.0001,0.006,0.6461,10000.0,1.0,,270347,0,42658497,0,10,88,2500,0,0,0,1,2147483647,2147483647,2147483647,20413,314,2026,65535,4,USD,,,6A,XCME,M6A,FFCXSX,FUT,AUD,,,,F,255,255,255,7,255,4,3,255,255,N,127,127,255,M6AH6
2025-11-28 00:00:00+00:00,2025-11-23 12:44:30.798000+00:00,19,1,42654336,M6AZ5,A,F,0.0001,1.0,2025-12-15 15:16:00+00:00,2025-06-16 21:30:00+00:00,,0.0001,0.006,0.6457,10000.0,1.0,,270347,0,42654336,0,10,88,2500,0,0,0,1,2147483647,2147483647,2147483647,20413,314,2025,65535,4,USD,,,6A,XCME,M6A,FFCXSX,FUT,AUD,,,,F,255,255,255,7,255,4,12,255,255,N,127,127,255,M6AZ5
2025-11-28 00:00:00+00:00,2025-11-23 12:44:30.848000+00:00,19,1,42658718,M6AH6-M6AZ5,A,S,0.0001,1.0,2025-12-15 15:16:00+00:00,2025-09-15 21:30:00+00:00,,,0.001,0.0004,,,,271371,0,42658718,0,10,88,2500,0,0,0,1,2147483647,2147483647,2147483647,20413,314,2025,65535,4,USD,,SD,6A,XCME,M6A,FMCXSX,FUT,AUD,,,,F,255,255,255,3,255,4,12,255,255,N,127,127,255,M6AH6-M6AZ5
2025-11-28 12:38:35.279011802+00:00,2025-11-28 12:38:35.269000+00:00,19,1,42658497,M6AH6,A,F,0.0001,1.0,2026-03-16 14:16:00+00:00,2025-09-15 21:30:00+00:00,,0.0001,0.006,0.6522,10000.0,1.0,,270347,0,42658497,0,10,88,2500,0,0,0,1,2147483647,2147483647,2147483647,20418,314,2026,65535,4,USD,,,6A,XCME,M6A,FFCXSX,FUT,AUD,,,,F,255,255,255,7,255,4,3,255,255,N,127,127,255,M6AH6
2025-11-28 12:38:35.576277608+00:00,2025-11-28 12:38:35.569000+00:00,19,1,42654336,M6AZ5,A,F,0.0001,1.0,2025-12-15 15:16:00+00:00,2025-06-16 21:30:00+00:00,,0.0001,0.006,0.652,10000.0,1.0,,270347,0,42654336,0,10,88,2500,0,0,0,1,2147483647,2147483647,2147483647,20418,314,2025,65535,4,USD,,,6A,XCME,M6A,FFCXSX,FUT,AUD,,,,F,255,255,255,7,255,4,12,255,255,N,127,127,255,M6AZ5
2025-11-28 12:38:35.625149621+00:00,2025-11-28 12:38:35.619000+00:00,19,1,42658718,M6AH6-M6AZ5,A,S,0.0001,1.0,2025-12-15 15:16:00+00:00,2025-09-15 21:30:00+00:00,,,0.001,0.0003,,,,271371,0,42658718,0,10,88,2500,0,0,0,1,2147483647,2147483647,2147483647,20418,314,2025,65535,4,USD,,SD,6A,XCME,M6A,FMCXSX,FUT,AUD,,,,F,255,255,255,3,255,4,12,255,255,N,127,127,255,M6AH6-M6AZ5
2025-11-30 12:14:29.975429556+00:00,2025-11-30 12:14:29.858000+00:00,19,1,42658497,M6AH6,A,F,0.0001,1.0,2026-03-16 14:16:00+00:00,2025-09-15 21:30:00+00:00,,0.0001,0.006,0.6555,10000.0,1.0,,270347,0,42658497,0,10,88,2500,0,0,0,1,2147483647,2147483647,2147483647,20420,314,2026,65535,4,USD,,,6A,XCME,M6A,FFCXSX,FUT,AUD,,,,F,255,255,255,7,255,4,3,255,255,N,127,127,255,M6AH6
2025-11-30 12:14:30.173012241+00:00,2025-11-30 12:14:30.158000+00:00,19,1,42654336,M6AZ5,A,F,0.0001,1.0,2025-12-15 15:16:00+00:00,2025-06-16 21:30:00+00:00,,0.0001,0.006,0.6553,10000.0,1.0,,270347,0,42654336,0,10,88,2500,0,0,0,1,2147483647,2147483647,2147483647,20420,314,2025,65535,4,USD,,,6A,XCME,M6A,FFCXSX,FUT,AUD,,,,F,255,255,255,7,255,4,12,255,255,N,127,127,255,M6AZ5
2025-11-30 12:14:30.218594999+00:00,2025-11-30 12:14:30.208000+00:00,19,1,42658718,M6AH6-M6AZ5,A,S,0.0001,1.0,2025-12-15 15:16:00+00:00,2025-09-15 21:30:00+00:00,,,0.001,0.0002,,,,271371,0,42658718,0,10,88,2500,0,0,0,1,2147483647,2147483647,2147483647,20420,314,2025,65535,4,USD,,SD,6A,XCME,M6A,FMCXSX,FUT,AUD,,,,F,255,255,255,3,255,4,12,255,255,N,127,127,255,M6AH6-M6AZ5
2025-12-01 00:00:00+00:00,2025-11-30 12:14:29.858000+00:00,19,1,42658497,M6AH6,A,F,0.0001,1.0,2026-03-16 14:16:00+00:00,2025-09-15 21:30:00+00:00,,0.0001,0.006,0.6555,10000.0,1.0,,270347,0,42658497,0,10,88,2500,0,0,0,1,2147483647,2147483647,2147483647,20420,314,2026,65535,4,USD,,,6A,XCME,M6A,FFCXSX,FUT,AUD,,,,F,255,255,255,7,255,4,3,255,255,N,127,127,255,M6AH6
2025-12-01 00:00:00+00:00,2025-11-30 12:14:30.158000+00:00,19,1,42654336,M6AZ5,A,F,0.0001,1.0,2025-12-15 15:16:00+00:00,2025-06-16 21:30:00+00:00,,0.0001,0.006,0.6553,10000.0,1.0,,270347,0,42654336,0,10,88,2500,0,0,0,1,2147483647,2147483647,2147483647,20420,314,2025,65535,4,USD,,,6A,XCME,M6A,FFCXSX,FUT,AUD,,,,F,255,255,255,7,255,4,12,255,255,N,127,127,255,M6AZ5
2025-12-01 00:00:00+00:00,2025-11-30 12:14:30.208000+00:00,19,1,42658718,M6AH6-M6AZ5,A,S,0.0001,1.0,2025-12-15 15:16:00+00:00,2025-09-15 21:30:00+00:00,,,0.001,0.0002,,,,271371,0,42658718,0,10,88,2500,0,0,0,1,2147483647,2147483647,2147483647,20420,314,2025,65535,4,USD,,SD,6A,XCME,M6A,FMCXSX,FUT,AUD,,,,F,255,255,255,3,255,4,12,255,255,N,127,127,255,M6AH6-M6AZ5
2025-12-01 23:20:48.047934753+00:00,2025-12-01 23:20:48.042274259+00:00,19,1,42036360,M6AM6,A,F,0.0001,1.0,2026-06-15 14:16:00+00:00,2025-12-15 22:30:00+00:00,,0.0001,0.006,0.0,10000.0,1.0,,270347,0,42036360,0,10,88,2500,0,0,0,1,2147483647,2147483647,2147483647,20423,314,2026,65535,4,USD,,,6A,XCME,M6A,FFCXSX,FUT,AUD,,,,F,255,255,255,1,255,4,6,255,255,N,127,127,255,M6AM6
2025-12-01 23:32:59.714639985+00:00,2025-12-01 23:32:59.709876317+00:00,19,1,42206434,M6AM6-M6AH6,A,S,0.0001,1.0,2026-03-16 14:16:00+00:00,2025-12-15 22:30:00+00:00,,,0.001,0.0,,,,271371,0,42206434,0,10,88,2500,0,0,0,1,2147483647,2147483647,2147483647,20423,314,2026,65535,4,USD,,SD,6A,XCME,M6A,FMCXSX,FUT,AUD,,,,F,255,255,255,1,255,4,3,255,255,N,127,127,255,M6AM6-M6AH6
2025-12-02 00:00:00+00:00,2025-12-01 23:32:59.709876317+00:00,19,1,42206434,M6AM6-M6AH6,A,S,0.0001,1.0,2026-03-16 14:16:00+00:00,2025-12-15 22:30:00+00:00,,,0.001,0.0,,,,271371,0,42206434,0,10,88,2500,0,0,0,1,2147483647,2147483647,2147483647,20423,314,2026,65535,4,USD,,SD,6A,XCME,M6A,FMCXSX,FUT,AUD,,,,F,255,255,255,1,255,4,3,255,255,N,127,127,255,M6AM6-M6AH6
2025-12-02 00:00:00+00:00,2025-12-01 23:20:48.042274259+00:00,19,1,42036360,M6AM6,A,F,0.0001,1.0,2026-06-15 14:16:00+00:00,2025-12-15 22:30:00+00:00,,0.0001,0.006,0.0,10000.0,1.0,,270347,0,42036360,0,10,88,2500,0,0,0,1,2147483647,2147483647,2147483647,20423,314,2026,65535,4,USD,,,6A,XCME,M6A,FFCXSX,FUT,AUD,,,,F,255,255,255,1,255,4,6,255,255,N,127,127,255,M6AM6
2025-12-02 00:00:00+00:00,2025-11-30 12:14:29.858000+00:00,19,1,42658497,M6AH6,A,F,0.0001,1.0,2026-03-16 14:16:00+00:00,2025-09-15 21:30:00+00:00,,0.0001,0.006,0.6555,10000.0,1.0,,270347,0,42658497,0,10,88,2500,0,0,0,1,2147483647,2147483647,2147483647,20420,314,2026,65535,4,USD,,,6A,XCME,M6A,FFCXSX,FUT,AUD,,,,F,255,255,255,7,255,4,3,255,255,N,127,127,255,M6AH6
2025-12-02 00:00:00+00:00,2025-11-30 12:14:30.158000+00:00,19,1,42654336,M6AZ5,A,F,0.0001,1.0,2025-12-15 15:16:00+00:00,2025-06-16 21:30:00+00:00,,0.0001,0.006,0.6553,10000.0,1.0,,270347,0,42654336,0,10,88,2500,0,0,0,1,2147483647,2147483647,2147483647,20420,314,2025,65535,4,USD,,,6A,XCME,M6A,FFCXSX,FUT,AUD,,,,F,255,255,255,7,255,4,12,255,255,N,127,127,255,M6AZ5
2025-12-02 00:00:00+00:00,2025-11-30 12:14:30.208000+00:00,19,1,42658718,M6AH6-M6AZ5,A,S,0.0001,1.0,2025-12-15 15:16:00+00:00,2025-09-15 21:30:00+00:00,,,0.001,0.0002,,,,271371,0,42658718,0,10,88,2500,0,0,0,1,2147483647,2147483647,2147483647,20420,314,2025,65535,4,USD,,SD,6A,XCME,M6A,FMCXSX,FUT,AUD,,,,F,255,255,255,3,255,4,12,255,255,N,127,127,255,M6AH6-M6AZ5
2025-12-03 00:00:00+00:00,2025-12-01 23:32:59.709876317+00:00,19,1,42206434,M6AM6-M6AH6,A,S,0.0001,1.0,2026-03-16 14:16:00+00:00,2025-12-15 22:30:00+00:00,,,0.001,0.0,,,,271371,0,42206434,0,10,88,2500,0,0,0,1,2147483647,2147483647,2147483647,20423,314,2026,65535,4,USD,,SD,6A,XCME,M6A,FMCXSX,FUT,AUD,,,,F,255,255,255,1,255,4,3,255,255,N,127,127,255,M6AM6-M6AH6
2025-12-03 00:00:00+00:00,2025-12-01 23:20:48.042274259+00:00,19,1,42036360,M6AM6,A,F,0.0001,1.0,2026-06-15 14:16:00+00:00,2025-12-15 22:30:00+00:00,,0.0001,0.006,0.0,10000.0,1.0,,270347,0,42036360,0,10,88,2500,0,0,0,1,2147483647,2147483647,2147483647,20423,314,2026,65535,4,USD,,,6A,XCME,M6A,FFCXSX,FUT,AUD,,,,F,255,255,255,1,255,4,6,255,255,N,127,127,255,M6AM6
2025-12-03 00:00:00+00:00,2025-11-30 12:14:29.858000+00:00,19,1,42658497,M6AH6,A,F,0.0001,1.0,2026-03-16 14:16:00+00:00,2025-09-15 21:30:00+00:00,,0.0001,0.006,0.6555,10000.0,1.0,,270347,0,42658497,0,10,88,2500,0,0,0,1,2147483647,2147483647,2147483647,20420,314,2026,65535,4,USD,,,6A,XCME,M6A,FFCXSX,FUT,AUD,,,,F,255,255,255,7,255,4,3,255,255,N,127,127,255,M6AH6
2025-12-03 00:00:00+00:00,2025-11-30 12:14:30.158000+00:00,19,1,42654336,M6AZ5,A,F,0.0001,1.0,2025-12-15 15:16:00+00:00,2025-06-16 21:30:00+00:00,,0.0001,0.006,0.6553,10000.0,1.0,,270347,0,42654336,0,10,88,2500,0,0,0,1,2147483647,2147483647,2147483647,20420,314,2025,65535,4,USD,,,6A,XCME,M6A,FFCXSX,FUT,AUD,,,,F,255,255,255,7,255,4,12,255,255,N,127,127,255,M6AZ5
2025-12-03 00:00:00+00:00,2025-11-30 12:14:30.208000+00:00,19,1,42658718,M6AH6-M6AZ5,A,S,0.0001,1.0,2025-12-15 15:16:00+00:00,2025-09-15 21:30:00+00:00,,,0.001,0.0002,,,,271371,0,42658718,0,10,88,2500,0,0,0,1,2147483647,2147483647,2147483647,20420,314,2025,65535,4,USD,,SD,6A,XCME,M6A,FMCXSX,FUT,AUD,,,,F,255,255,255,3,255,4,12,255,255,N,127,127,255,M6AH6-M6AZ5
2025-12-04 00:00:00+00:00,2025-12-01 23:32:59.709876317+00:00,19,1,42206434,M6AM6-M6AH6,A,S,0.0001,1.0,2026-03-16 14:16:00+00:00,2025-12-15 22:30:00+00:00,,,0.001,0.0,,,,271371,0,42206434,0,10,88,2500,0,0,0,1,2147483647,2147483647,2147483647,20423,314,2026,65535,4,USD,,SD,6A,XCME,M6A,FMCXSX,FUT,AUD,,,,F,255,255,255,1,255,4,3,255,255,N,127,127,255,M6AM6-M6AH6
2025-12-04 00:00:00+00:00,2025-12-01 23:20:48.042274259+00:00,19,1,42036360,M6AM6,A,F,0.0001,1.0,2026-06-15 14:16:00+00:00,2025-12-15 22:30:00+00:00,,0.0001,0.006,0.0,10000.0,1.0,,270347,0,42036360,0,10,88,2500,0,0,0,1,2147483647,2147483647,2147483647,20423,314,2026,65535,4,USD,,,6A,XCME,M6A,FFCXSX,FUT,AUD,,,,F,255,255,255,1,255,4,6,255,255,N,127,127,255,M6AM6
2025-12-04 00:00:00+00:00,2025-11-30 12:14:29.858000+00:00,19,1,42658497,M6AH6,A,F,0.0001,1.0,2026-03-16 14:16:00+00:00,2025-09-15 21:30:00+00:00,,0.0001,0.006,0.6555,10000.0,1.0,,270347,0,42658497,0,10,88,2500,0,0,0,1,2147483647,2147483647,2147483647,20420,314,2026,65535,4,USD,,,6A,XCME,M6A,FFCXSX,FUT,AUD,,,,F,255,255,255,7,255,4,3,255,255,N,127,127,255,M6AH6
2025-12-04 00:00:00+00:00,2025-11-30 12:14:30.158000+00:00,19,1,42654336,M6AZ5,A,F,0.0001,1.0,2025-12-15 15:16:00+00:00,2025-06-16 21:30:00+00:00,,0.0001,0.006,0.6553,10000.0,1.0,,270347,0,42654336,0,10,88,2500,0,0,0,1,2147483647,2147483647,2147483647,20420,314,2025,65535,4,USD,,,6A,XCME,M6A,FFCXSX,FUT,AUD,,,,F,255,255,255,7,255,4,12,255,255,N,127,127,255,M6AZ5
2025-12-04 00:00:00+00:00,2025-11-30 12:14:30.208000+00:00,19,1,42658718,M6AH6-M6AZ5,A,S,0.0001,1.0,2025-12-15 15:16:00+00:00,2025-09-15 21:30:00+00:00,,,0.001,0.0002,,,,271371,0,42658718,0,10,88,2500,0,0,0,1,2147483647,2147483647,2147483647,20420,314,2025,65535,4,USD,,SD,6A,XCME,M6A,FMCXSX,FUT,AUD,,,,F,255,255,255,3,255,4,12,255,255,N,127,127,255,M6AH6-M6AZ5
2025-12-05 00:00:00+00:00,2025-12-01 23:32:59.709876317+00:00,19,1,42206434,M6AM6-M6AH6,A,S,0.0001,1.0,2026-03-16 14:16:00+00:00,2025-12-15 22:30:00+00:00,,,0.001,0.0,,,,271371,0,42206434,0,10,88,2500,0,0,0,1,2147483647,2147483647,2147483647,20423,314,2026,65535,4,USD,,SD,6A,XCME,M6A,FMCXSX,FUT,AUD,,,,F,255,255,255,1,255,4,3,255,255,N,127,127,255,M6AM6-M6AH6
2025-12-05 00:00:00+00:00,2025-12-01 23:20:48.042274259+00:00,19,1,42036360,M6AM6,A,F,0.0001,1.0,2026-06-15 14:16:00+00:00,2025-12-15 22:30:00+00:00,,0.0001,0.006,0.0,10000.0,1.0,,270347,0,42036360,0,10,88,2500,0,0,0,1,2147483647,2147483647,2147483647,20423,314,2026,65535,4,USD,,,6A,XCME,M6A,FFCXSX,FUT,AUD,,,,F,255,255,255,1,255,4,6,255,255,N,127,127,255,M6AM6
2025-12-05 00:00:00+00:00,2025-11-30 12:14:29.858000+00:00,19,1,42658497,M6AH6,A,F,0.0001,1.0,2026-03-16 14:16:00+00:00,2025-09-15 21:30:00+00:00,,0.0001,0.006,0.6555,10000.0,1.0,,270347,0,42658497,0,10,88,2500,0,0,0,1,2147483647,2147483647,2147483647,20420,314,2026,65535,4,USD,,,6A,XCME,M6A,FFCXSX,FUT,AUD,,,,F,255,255,255,7,255,4,3,255,255,N,127,127,255,M6AH6
2025-12-05 00:00:00+00:00,2025-11-30 12:14:30.158000+00:00,19,1,42654336,M6AZ5,A,F,0.0001,1.0,2025-12-15 15:16:00+00:00,2025-06-16 21:30:00+00:00,,0.0001,0.006,0.6553,10000.0,1.0,,270347,0,42654336,0,10,88,2500,0,0,0,1,2147483647,2147483647,2147483647,20420,314,2025,65535,4,USD,,,6A,XCME,M6A,FFCXSX,FUT,AUD,,,,F,255,255,255,7,255,4,12,255,255,N,127,127,255,M6AZ5
2025-12-05 00:00:00+00:00,2025-11-30 12:14:30.208000+00:00,19,1,42658718,M6AH6-M6AZ5,A,S,0.0001,1.0,2025-12-15 15:16:00+00:00,2025-09-15 21:30:00+00:00,,,0.001,0.0002,,,,271371,0,42658718,0,10,88,2500,0,0,0,1,2147483647,2147483647,2147483647,20420,314,2025,65535,4,USD,,SD,6A,XCME,M6A,FMCXSX,FUT,AUD,,,,F,255,255,255,3,255,4,12,255,255,N,127,127,255,M6AH6-M6AZ5
2025-12-07 13:17:28.858518305+00:00,2025-12-07 13:17:28.772000+00:00,19,1,42658497,M6AH6,A,F,0.0001,1.0,2026-03-16 14:16:00+00:00,2025-09-15 21:30:00+00:00,,0.0001,0.006,0.6641,10000.0,1.0,,270347,0,42658497,0,10,88,2500,0,0,0,1,2147483647,2147483647,2147483647,20427,314,2026,65535,4,USD,,,6A,XCME,M6A,FFCXSX,FUT,AUD,,,,F,255,255,255,7,255,4,3,255,255,N,127,127,255,M6AH6
2025-12-07 13:17:28.938366797+00:00,2025-12-07 13:17:28.922000+00:00,19,1,42036360,M6AM6,A,F,0.0001,1.0,2026-06-15 14:16:00+00:00,2025-12-15 22:30:00+00:00,,0.0001,0.006,0.66375,10000.0,1.0,,270347,0,42036360,0,10,88,2500,0,0,0,1,2147483647,2147483647,2147483647,20427,314,2026,65535,4,USD,,,6A,XCME,M6A,FFCXSX,FUT,AUD,,,,F,255,255,255,7,255,4,6,255,255,N,127,127,255,M6AM6
2025-12-07 13:17:29.093933181+00:00,2025-12-07 13:17:29.072000+00:00,19,1,42654336,M6AZ5,A,F,0.0001,1.0,2025-12-15 15:16:00+00:00,2025-06-16 21:30:00+00:00,,0.0001,0.006,0.664,10000.0,1.0,,270347,0,42654336,0,10,88,2500,0,0,0,1,2147483647,2147483647,2147483647,20427,314,2025,65535,4,USD,,,6A,XCME,M6A,FFCXSX,FUT,AUD,,,,F,255,255,255,7,255,4,12,255,255,N,127,127,255,M6AZ5
2025-12-07 13:17:29.145867092+00:00,2025-12-07 13:17:29.122000+00:00,19,1,42658718,M6AH6-M6AZ5,A,S,0.0001,1.0,2025-12-15 15:16:00+00:00,2025-09-15 21:30:00+00:00,,,0.001,0.0002,,,,271371,0,42658718,0,10,88,2500,0,0,0,1,2147483647,2147483647,2147483647,20427,314,2025,65535,4,USD,,SD,6A,XCME,M6A,FMCXSX,FUT,AUD,,,,F,255,255,255,3,255,4,12,255,255,N,127,127,255,M6AH6-M6AZ5
2025-12-07 13:17:29.186971843+00:00,2025-12-07 13:17:29.172000+00:00,19,1,42206434,M6AM6-M6AH6,A,S,0.0001,1.0,2026-03-16 14:16:00+00:00,2025-12-15 22:30:00+00:00,,,0.001,-0.0004,,,,271371,0,42206434,0,10,88,2500,0,0,0,1,2147483647,2147483647,2147483647,20427,314,2026,65535,4,USD,,SD,6A,XCME,M6A,FMCXSX,FUT,AUD,,,,F,255,255,255,3,255,4,3,255,255,N,127,127,255,M6AM6-M6AH6
2025-12-08 00:00:00+00:00,2025-12-07 13:17:29.172000+00:00,19,1,42206434,M6AM6-M6AH6,A,S,0.0001,1.0,2026-03-16 14:16:00+00:00,2025-12-15 22:30:00+00:00,,,0.001,-0.0004,,,,271371,0,42206434,0,10,88,2500,0,0,0,1,2147483647,2147483647,2147483647,20427,314,2026,65535,4,USD,,SD,6A,XCME,M6A,FMCXSX,FUT,AUD,,,,F,255,255,255,3,255,4,3,255,255,N,127,127,255,M6AM6-M6AH6
2025-12-08 00:00:00+00:00,2025-12-07 13:17:28.922000+00:00,19,1,42036360,M6AM6,A,F,0.0001,1.0,2026-06-15 14:16:00+00:00,2025-12-15 22:30:00+00:00,,0.0001,0.006,0.66375,10000.0,1.0,,270347,0,42036360,0,10,88,2500,0,0,0,1,2147483647,2147483647,2147483647,20427,314,2026,65535,4,USD,,,6A,XCME,M6A,FFCXSX,FUT,AUD,,,,F,255,255,255,7,255,4,6,255,255,N,127,127,255,M6AM6
2025-12-08 00:00:00+00:00,2025-12-07 13:17:28.772000+00:00,19,1,42658497,M6AH6,A,F,0.0001,1.0,2026-03-16 14:16:00+00:00,2025-09-15 21:30:00+00:00,,0.0001,0.006,0.6641,10000.0,1.0,,270347,0,42658497,0,10,88,2500,0,0,0,1,2147483647,2147483647,2147483647,20427,314,2026,65535,4,USD,,,6A,XCME,M6A,FFCXSX,FUT,AUD,,,,F,255,255,255,7,255,4,3,255,255,N,127,127,255,M6AH6
2025-12-08 00:00:00+00:00,2025-12-07 13:17:29.072000+00:00,19,1,42654336,M6AZ5,A,F,0.0001,1.0,2025-12-15 15:16:00+00:00,2025-06-16 21:30:00+00:00,,0.0001,0.006,0.664,10000.0,1.0,,270347,0,42654336,0,10,88,2500,0,0,0,1,2147483647,2147483647,2147483647,20427,314,2025,65535,4,USD,,,6A,XCME,M6A,FFCXSX,FUT,AUD,,,,F,255,255,255,7,255,4,12,255,255,N,127,127,255,M6AZ5
2025-12-08 00:00:00+00:00,2025-12-07 13:17:29.122000+00:00,19,1,42658718,M6AH6-M6AZ5,A,S,0.0001,1.0,2025-12-15 15:16:00+00:00,2025-09-15 21:30:00+00:00,,,0.001,0.0002,,,,271371,0,42658718,0,10,88,2500,0,0,0,1,2147483647,2147483647,2147483647,20427,314,2025,65535,4,USD,,SD,6A,XCME,M6A,FMCXSX,FUT,AUD,,,,F,255,255,255,3,255,4,12,255,255,N,127,127,255,M6AH6-M6AZ5
2025-12-09 00:00:00+00:00,2025-12-07 13:17:29.172000+00:00,19,1,42206434,M6AM6-M6AH6,A,S,0.0001,1.0,2026-03-16 14:16:00+00:00,2025-12-15 22:30:00+00:00,,,0.001,-0.0004,,,,271371,0,42206434,0,10,88,2500,0,0,0,1,2147483647,2147483647,2147483647,20427,314,2026,65535,4,USD,,SD,6A,XCME,M6A,FMCXSX,FUT,AUD,,,,F,255,255,255,3,255,4,3,255,255,N,127,127,255,M6AM6-M6AH6
2025-12-09 00:00:00+00:00,2025-12-07 13:17:28.922000+00:00,19,1,42036360,M6AM6,A,F,0.0001,1.0,2026-06-15 14:16:00+00:00,2025-12-15 22:30:00+00:00,,0.0001,0.006,0.66375,10000.0,1.0,,270347,0,42036360,0,10,88,2500,0,0,0,1,2147483647,2147483647,2147483647,20427,314,2026,65535,4,USD,,,6A,XCME,M6A,FFCXSX,FUT,AUD,,,,F,255,255,255,7,255,4,6,255,255,N,127,127,255,M6AM6
2025-12-09 00:00:00+00:00,2025-12-07 13:17:28.772000+00:00,19,1,42658497,M6AH6,A,F,0.0001,1.0,2026-03-16 14:16:00+00:00,2025-09-15 21:30:00+00:00,,0.0001,0.006,0.6641,10000.0,1.0,,270347,0,42658497,0,10,88,2500,0,0,0,1,2147483647,2147483647,2147483647,20427,314,2026,65535,4,USD,,,6A,XCME,M6A,FFCXSX,FUT,AUD,,,,F,255,255,255,7,255,4,3,255,255,N,127,127,255,M6AH6
2025-12-09 00:00:00+00:00,2025-12-07 13:17:29.072000+00:00,19,1,42654336,M6AZ5,A,F,0.0001,1.0,2025-12-15 15:16:00+00:00,2025-06-16 21:30:00+00:00,,0.0001,0.006,0.664,10000.0,1.0,,270347,0,42654336,0,10,88,2500,0,0,0,1,2147483647,2147483647,2147483647,20427,314,2025,65535,4,USD,,,6A,XCME,M6A,FFCXSX,FUT,AUD,,,,F,255,255,255,7,255,4,12,255,255,N,127,127,255,M6AZ5
2025-12-09 00:00:00+00:00,2025-12-07 13:17:29.122000+00:00,19,1,42658718,M6AH6-M6AZ5,A,S,0.0001,1.0,2025-12-15 15:16:00+00:00,2025-09-15 21:30:00+00:00,,,0.001,0.0002,,,,271371,0,42658718,0,10,88,2500,0,0,0,1,2147483647,2147483647,2147483647,20427,314,2025,65535,4,USD,,SD,6A,XCME,M6A,FMCXSX,FUT,AUD,,,,F,255,255,255,3,255,4,12,255,255,N,127,127,255,M6AH6-M6AZ5
2025-12-10 00:00:00+00:00,2025-12-07 13:17:29.172000+00:00,19,1,42206434,M6AM6-M6AH6,A,S,0.0001,1.0,2026-03-16 14:16:00+00:00,2025-12-15 22:30:00+00:00,,,0.001,-0.0004,,,,271371,0,42206434,0,10,88,2500,0,0,0,1,2147483647,2147483647,2147483647,20427,314,2026,65535,4,USD,,SD,6A,XCME,M6A,FMCXSX,FUT,AUD,,,,F,255,255,255,3,255,4,3,255,255,N,127,127,255,M6AM6-M6AH6
2025-12-10 00:00:00+00:00,2025-12-07 13:17:28.922000+00:00,19,1,42036360,M6AM6,A,F,0.0001,1.0,2026-06-15 14:16:00+00:00,2025-12-15 22:30:00+00:00,,0.0001,0.006,0.66375,10000.0,1.0,,270347,0,42036360,0,10,88,2500,0,0,0,1,2147483647,2147483647,2147483647,20427,314,2026,65535,4,USD,,,6A,XCME,M6A,FFCXSX,FUT,AUD,,,,F,255,255,255,7,255,4,6,255,255,N,127,127,255,M6AM6
2025-12-10 00:00:00+00:00,2025-12-07 13:17:28.772000+00:00,19,1,42658497,M6AH6,A,F,0.0001,1.0,2026-03-16 14:16:00+00:00,2025-09-15 21:30:00+00:00,,0.0001,0.006,0.6641,10000.0,1.0,,270347,0,42658497,0,10,88,2500,0,0,0,1,2147483647,2147483647,2147483647,20427,314,2026,65535,4,USD,,,6A,XCME,M6A,FFCXSX,FUT,AUD,,,,F,255,255,255,7,255,4,3,255,255,N,127,127,255,M6AH6
2025-12-10 00:00:00+00:00,2025-12-07 13:17:29.072000+00:00,19,1,42654336,M6AZ5,A,F,0.0001,1.0,2025-12-15 15:16:00+00:00,2025-06-16 21:30:00+00:00,,0.0001,0.006,0.664,10000.0,1.0,,270347,0,42654336,0,10,88,2500,0,0,0,1,2147483647,2147483647,2147483647,20427,314,2025,65535,4,USD,,,6A,XCME,M6A,FFCXSX,FUT,AUD,,,,F,255,255,255,7,255,4,12,255,255,N,127,127,255,M6AZ5
2025-12-10 00:00:00+00:00,2025-12-07 13:17:29.122000+00:00,19,1,42658718,M6AH6-M6AZ5,A,S,0.0001,1.0,2025-12-15 15:16:00+00:00,2025-09-15 21:30:00+00:00,,,0.001,0.0002,,,,271371,0,42658718,0,10,88,2500,0,0,0,1,2147483647,2147483647,2147483647,20427,314,2025,65535,4,USD,,SD,6A,XCME,M6A,FMCXSX,FUT,AUD,,,,F,255,255,255,3,255,4,12,255,255,N,127,127,255,M6AH6-M6AZ5
2025-12-11 00:00:00+00:00,2025-12-07 13:17:29.172000+00:00,19,1,42206434,M6AM6-M6AH6,A,S,0.0001,1.0,2026-03-16 14:16:00+00:00,2025-12-15 22:30:00+00:00,,,0.001,-0.0004,,,,271371,0,42206434,0,10,88,2500,0,0,0,1,2147483647,2147483647,2147483647,20427,314,2026,65535,4,USD,,SD,6A,XCME,M6A,FMCXSX,FUT,AUD,,,,F,255,255,255,3,255,4,3,255,255,N,127,127,255,M6AM6-M6AH6
2025-12-11 00:00:00+00:00,2025-12-07 13:17:28.922000+00:00,19,1,42036360,M6AM6,A,F,0.0001,1.0,2026-06-15 14:16:00+00:00,2025-12-15 22:30:00+00:00,,0.0001,0.006,0.66375,10000.0,1.0,,270347,0,42036360,0,10,88,2500,0,0,0,1,2147483647,2147483647,2147483647,20427,314,2026,65535,4,USD,,,6A,XCME,M6A,FFCXSX,FUT,AUD,,,,F,255,255,255,7,255,4,6,255,255,N,127,127,255,M6AM6
2025-12-11 00:00:00+00:00,2025-12-07 13:17:28.772000+00:00,19,1,42658497,M6AH6,A,F,0.0001,1.0,2026-03-16 14:16:00+00:00,2025-09-15 21:30:00+00:00,,0.0001,0.006,0.6641,10000.0,1.0,,270347,0,42658497,0,10,88,2500,0,0,0,1,2147483647,2147483647,2147483647,20427,314,2026,65535,4,USD,,,6A,XCME,M6A,FFCXSX,FUT,AUD,,,,F,255,255,255,7,255,4,3,255,255,N,127,127,255,M6AH6
2025-12-11 00:00:00+00:00,2025-12-07 13:17:29.072000+00:00,19,1,42654336,M6AZ5,A,F,0.0001,1.0,2025-12-15 15:16:00+00:00,2025-06-16 21:30:00+00:00,,0.0001,0.006,0.664,10000.0,1.0,,270347,0,42654336,0,10,88,2500,0,0,0,1,2147483647,2147483647,2147483647,20427,314,2025,65535,4,USD,,,6A,XCME,M6A,FFCXSX,FUT,AUD,,,,F,255,255,255,7,255,4,12,255,255,N,127,127,255,M6AZ5
2025-12-11 00:00:00+00:00,2025-12-07 13:17:29.122000+00:00,19,1,42658718,M6AH6-M6AZ5,A,S,0.0001,1.0,2025-12-15 15:16:00+00:00,2025-09-15 21:30:00+00:00,,,0.001,0.0002,,,,271371,0,42658718,0,10,88,2500,0,0,0,1,2147483647,2147483647,2147483647,20427,314,2025,65535,4,USD,,SD,6A,XCME,M6A,FMCXSX,FUT,AUD,,,,F,255,255,255,3,255,4,12,255,255,N,127,127,255,M6AH6-M6AZ5
2025-12-12 00:00:00+00:00,2025-12-07 13:17:28.772000+00:00,19,1,42658497,M6AH6,A,F,0.0001,1.0,2026-03-16 14:16:00+00:00,2025-09-15 21:30:00+00:00,,0.0001,0.006,0.6641,10000.0,1.0,,270347,0,42658497,0,10,88,2500,0,0,0,1,2147483647,2147483647,2147483647,20427,314,2026,65535,4,USD,,,6A,XCME,M6A,FFCXSX,FUT,AUD,,,,F,255,255,255,7,255,4,3,255,255,N,127,127,255,M6AH6
2025-12-12 00:00:00+00:00,2025-12-07 13:17:29.122000+00:00,19,1,42658718,M6AH6-M6AZ5,A,S,0.0001,1.0,2025-12-15 15:16:00+00:00,2025-09-15 21:30:00+00:00,,,0.001,0.0002,,,,271371,0,42658718,0,10,88,2500,0,0,0,1,2147483647,2147483647,2147483647,20427,314,2025,65535,4,USD,,SD,6A,XCME,M6A,FMCXSX,FUT,AUD,,,,F,255,255,255,3,255,4,12,255,255,N,127,127,255,M6AH6-M6AZ5
2025-12-12 00:00:00+00:00,2025-12-07 13:17:28.922000+00:00,19,1,42036360,M6AM6,A,F,0.0001,1.0,2026-06-15 14:16:00+00:00,2025-12-15 22:30:00+00:00,,0.0001,0.006,0.66375,10000.0,1.0,,270347,0,42036360,0,10,88,2500,0,0,0,1,2147483647,2147483647,2147483647,20427,314,2026,65535,4,USD,,,6A,XCME,M6A,FFCXSX,FUT,AUD,,,,F,255,255,255,7,255,4,6,255,255,N,127,127,255,M6AM6
2025-12-12 00:00:00+00:00,2025-12-07 13:17:29.172000+00:00,19,1,42206434,M6AM6-M6AH6,A,S,0.0001,1.0,2026-03-16 14:16:00+00:00,2025-12-15 22:30:00+00:00,,,0.001,-0.0004,,,,271371,0,42206434,0,10,88,2500,0,0,0,1,2147483647,2147483647,2147483647,20427,314,2026,65535,4,USD,,SD,6A,XCME,M6A,FMCXSX,FUT,AUD,,,,F,255,255,255,3,255,4,3,255,255,N,127,127,255,M6AM6-M6AH6
2025-12-12 00:00:00+00:00,2025-12-07 13:17:29.072000+00:00,19,1,42654336,M6AZ5,A,F,0.0001,1.0,2025-12-15 15:16:00+00:00,2025-06-16 21:30:00+00:00,,0.0001,0.006,0.664,10000.0,1.0,,270347,0,42654336,0,10,88,2500,0,0,0,1,2147483647,2147483647,2147483647,20427,314,2025,65535,4,USD,,,6A,XCME,M6A,FFCXSX,FUT,AUD,,,,F,255,255,255,7,255,4,12,255,255,N,127,127,255,M6AZ5
2025-12-14 14:04:14.419116120+00:00,2025-12-14 14:04:14.347000+00:00,19,1,42658497,M6AH6,A,F,0.0001,1.0,2026-03-16 14:16:00+00:00,2025-09-15 21:30:00+00:00,,0.0001,0.006,0.6654,10000.0,1.0,,270347,0,42658497,0,10,88,2500,0,0,0,1,2147483647,2147483647,2147483647,20434,314,2026,65535,4,USD,,,6A,XCME,M6A,FFCXSX,FUT,AUD,,,,F,255,255,255,7,255,4,3,255,255,N,127,127,255,M6AH6
2025-12-14 14:04:14.504009768+00:00,2025-12-14 14:04:14.497000+00:00,19,1,42036360,M6AM6,A,F,0.0001,1.0,2026-06-15 14:16:00+00:00,2025-12-15 22:30:00+00:00,,0.0001,0.006,0.665,10000.0,1.0,,270347,0,42036360,0,10,88,2500,0,0,0,1,2147483647,2147483647,2147483647,20434,314,2026,65535,4,USD,,,6A,XCME,M6A,FFCXSX,FUT,AUD,,,,F,255,255,255,7,255,4,6,255,255,N,127,127,255,M6AM6
2025-12-14 14:04:14.669009443+00:00,2025-12-14 14:04:14.647000+00:00,19,1,42654336,M6AZ5,A,F,0.0001,1.0,2025-12-15 15:16:00+00:00,2025-06-16 21:30:00+00:00,,0.0001,0.006,0.6653,10000.0,1.0,,270347,0,42654336,0,10,88,2500,0,0,0,1,2147483647,2147483647,2147483647,20434,314,2025,65535,4,USD,,,6A,XCME,M6A,FFCXSX,FUT,AUD,,,,F,255,255,255,7,255,4,12,255,255,N,127,127,255,M6AZ5
2025-12-14 14:04:14.720132845+00:00,2025-12-14 14:04:14.697000+00:00,19,1,42658718,M6AH6-M6AZ5,A,S,0.0001,1.0,2025-12-15 15:16:00+00:00,2025-09-15 21:30:00+00:00,,,0.001,0.0001,,,,271371,0,42658718,0,10,88,2500,0,0,0,1,2147483647,2147483647,2147483647,20434,314,2025,65535,4,USD,,SD,6A,XCME,M6A,FMCXSX,FUT,AUD,,,,F,255,255,255,3,255,4,12,255,255,N,127,127,255,M6AH6-M6AZ5
2025-12-14 14:04:14.761618207+00:00,2025-12-14 14:04:14.747000+00:00,19,1,42206434,M6AM6-M6AH6,A,S,0.0001,1.0,2026-03-16 14:16:00+00:00,2025-12-15 22:30:00+00:00,,,0.001,-0.0004,,,,271371,0,42206434,0,10,88,2500,0,0,0,1,2147483647,2147483647,2147483647,20434,314,2026,65535,4,USD,,SD,6A,XCME,M6A,FMCXSX,FUT,AUD,,,,F,255,255,255,3,255,4,3,255,255,N,127,127,255,M6AM6-M6AH6
2025-12-15 00:00:00+00:00,2025-12-14 14:04:14.747000+00:00,19,1,42206434,M6AM6-M6AH6,A,S,0.0001,1.0,2026-03-16 14:16:00+00:00,2025-12-15 22:30:00+00:00,,,0.001,-0.0004,,,,271371,0,42206434,0,10,88,2500,0,0,0,1,2147483647,2147483647,2147483647,20434,314,2026,65535,4,USD,,SD,6A,XCME,M6A,FMCXSX,FUT,AUD,,,,F,255,255,255,3,255,4,3,255,255,N,127,127,255,M6AM6-M6AH6
2025-12-15 00:00:00+00:00,2025-12-14 14:04:14.497000+00:00,19,1,42036360,M6AM6,A,F,0.0001,1.0,2026-06-15 14:16:00+00:00,2025-12-15 22:30:00+00:00,,0.0001,0.006,0.665,10000.0,1.0,,270347,0,42036360,0,10,88,2500,0,0,0,1,2147483647,2147483647,2147483647,20434,314,2026,65535,4,USD,,,6A,XCME,M6A,FFCXSX,FUT,AUD,,,,F,255,255,255,7,255,4,6,255,255,N,127,127,255,M6AM6
2025-12-15 00:00:00+00:00,2025-12-14 14:04:14.347000+00:00,19,1,42658497,M6AH6,A,F,0.0001,1.0,2026-03-16 14:16:00+00:00,2025-09-15 21:30:00+00:00,,0.0001,0.006,0.6654,10000.0,1.0,,270347,0,42658497,0,10,88,2500,0,0,0,1,2147483647,2147483647,2147483647,20434,314,2026,65535,4,USD,,,6A,XCME,M6A,FFCXSX,FUT,AUD,,,,F,255,255,255,7,255,4,3,255,255,N,127,127,255,M6AH6
2025-12-15 00:00:00+00:00,2025-12-14 14:04:14.647000+00:00,19,1,42654336,M6AZ5,A,F,0.0001,1.0,2025-12-15 15:16:00+00:00,2025-06-16 21:30:00+00:00,,0.0001,0.006,0.6653,10000.0,1.0,,270347,0,42654336,0,10,88,2500,0,0,0,1,2147483647,2147483647,2147483647,20434,314,2025,65535,4,USD,,,6A,XCME,M6A,FFCXSX,FUT,AUD,,,,F,255,255,255,7,255,4,12,255,255,N,127,127,255,M6AZ5
2025-12-15 00:00:00+00:00,2025-12-14 14:04:14.697000+00:00,19,1,42658718,M6AH6-M6AZ5,A,S,0.0001,1.0,2025-12-15 15:16:00+00:00,2025-09-15 21:30:00+00:00,,,0.001,0.0001,,,,271371,0,42658718,0,10,88,2500,0,0,0,1,2147483647,2147483647,2147483647,20434,314,2025,65535,4,USD,,SD,6A,XCME,M6A,FMCXSX,FUT,AUD,,,,F,255,255,255,3,255,4,12,255,255,N,127,127,255,M6AH6-M6AZ5
2025-12-16 00:00:00+00:00,2025-12-14 14:04:14.747000+00:00,19,1,42206434,M6AM6-M6AH6,A,S,0.0001,1.0,2026-03-16 14:16:00+00:00,2025-12-15 22:30:00+00:00,,,0.001,-0.0004,,,,271371,0,42206434,0,10,88,2500,0,0,0,1,2147483647,2147483647,2147483647,20434,314,2026,65535,4,USD,,SD,6A,XCME,M6A,FMCXSX,FUT,AUD,,,,F,255,255,255,3,255,4,3,255,255,N,127,127,255,M6AM6-M6AH6
2025-12-16 00:00:00+00:00,2025-12-14 14:04:14.497000+00:00,19,1,42036360,M6AM6,A,F,0.0001,1.0,2026-06-15 14:16:00+00:00,2025-12-15 22:30:00+00:00,,0.0001,0.006,0.665,10000.0,1.0,,270347,0,42036360,0,10,88,2500,0,0,0,1,2147483647,2147483647,2147483647,20434,314,2026,65535,4,USD,,,6A,XCME,M6A,FFCXSX,FUT,AUD,,,,F,255,255,255,7,255,4,6,255,255,N,127,127,255,M6AM6
2025-12-16 00:00:00+00:00,2025-12-14 14:04:14.347000+00:00,19,1,42658497,M6AH6,A,F,0.0001,1.0,2026-03-16 14:16:00+00:00,2025-09-15 21:30:00+00:00,,0.0001,0.006,0.6654,10000.0,1.0,,270347,0,42658497,0,10,88,2500,0,0,0,1,2147483647,2147483647,2147483647,20434,314,2026,65535,4,USD,,,6A,XCME,M6A,FFCXSX,FUT,AUD,,,,F,255,255,255,7,255,4,3,255,255,N,127,127,255,M6AH6
2025-12-16 00:00:00+00:00,2025-12-14 14:04:14.647000+00:00,19,1,42654336,M6AZ5,A,F,0.0001,1.0,2025-12-15 15:16:00+00:00,2025-06-16 21:30:00+00:00,,0.0001,0.006,0.6653,10000.0,1.0,,270347,0,42654336,0,10,88,2500,0,0,0,1,2147483647,2147483647,2147483647,20434,314,2025,65535,4,USD,,,6A,XCME,M6A,FFCXSX,FUT,AUD,,,,F,255,255,255,7,255,4,12,255,255,N,127,127,255,M6AZ5
2025-12-16 00:00:00+00:00,2025-12-14 14:04:14.697000+00:00,19,1,42658718,M6AH6-M6AZ5,A,S,0.0001,1.0,2025-12-15 15:16:00+00:00,2025-09-15 21:30:00+00:00,,,0.001,0.0001,,,,271371,0,42658718,0,10,88,2500,0,0,0,1,2147483647,2147483647,2147483647,20434,314,2025,65535,4,USD,,SD,6A,XCME,M6A,FMCXSX,FUT,AUD,,,,F,255,255,255,3,255,4,12,255,255,N,127,127,255,M6AH6-M6AZ5
2025-12-17 00:00:00+00:00,2025-12-14 14:04:14.747000+00:00,19,1,42206434,M6AM6-M6AH6,A,S,0.0001,1.0,2026-03-16 14:16:00+00:00,2025-12-15 22:30:00+00:00,,,0.001,-0.0004,,,,271371,0,42206434,0,10,88,2500,0,0,0,1,2147483647,2147483647,2147483647,20434,314,2026,65535,4,USD,,SD,6A,XCME,M6A,FMCXSX,FUT,AUD,,,,F,255,255,255,3,255,4,3,255,255,N,127,127,255,M6AM6-M6AH6
2025-12-17 00:00:00+00:00,2025-12-14 14:04:14.497000+00:00,19,1,42036360,M6AM6,A,F,0.0001,1.0,2026-06-15 14:16:00+00:00,2025-12-15 22:30:00+00:00,,0.0001,0.006,0.665,10000.0,1.0,,270347,0,42036360,0,10,88,2500,0,0,0,1,2147483647,2147483647,2147483647,20434,314,2026,65535,4,USD,,,6A,XCME,M6A,FFCXSX,FUT,AUD,,,,F,255,255,255,7,255,4,6,255,255,N,127,127,255,M6AM6
2025-12-17 00:00:00+00:00,2025-12-14 14:04:14.347000+00:00,19,1,42658497,M6AH6,A,F,0.0001,1.0,2026-03-16 14:16:00+00:00,2025-09-15 21:30:00+00:00,,0.0001,0.006,0.6654,10000.0,1.0,,270347,0,42658497,0,10,88,2500,0,0,0,1,2147483647,2147483647,2147483647,20434,314,2026,65535,4,USD,,,6A,XCME,M6A,FFCXSX,FUT,AUD,,,,F,255,255,255,7,255,4,3,255,255,N,127,127,255,M6AH6
2025-12-17 00:00:00+00:00,2025-12-14 14:04:14.647000+00:00,19,1,42654336,M6AZ5,A,F,0.0001,1.0,2025-12-15 15:16:00+00:00,2025-06-16 21:30:00+00:00,,0.0001,0.006,0.6653,10000.0,1.0,,270347,0,42654336,0,10,88,2500,0,0,0,1,2147483647,2147483647,2147483647,20434,314,2025,65535,4,USD,,,6A,XCME,M6A,FFCXSX,FUT,AUD,,,,F,255,255,255,7,255,4,12,255,255,N,127,127,255,M6AZ5
2025-12-17 00:00:00+00:00,2025-12-14 14:04:14.697000+00:00,19,1,42658718,M6AH6-M6AZ5,A,S,0.0001,1.0,2025-12-15 15:16:00+00:00,2025-09-15 21:30:00+00:00,,,0.001,0.0001,,,,271371,0,42658718,0,10,88,2500,0,0,0,1,2147483647,2147483647,2147483647,20434,314,2025,65535,4,USD,,SD,6A,XCME,M6A,FMCXSX,FUT,AUD,,,,F,255,255,255,3,255,4,12,255,255,N,127,127,255,M6AH6-M6AZ5
2025-12-18 00:00:00+00:00,2025-12-14 14:04:14.747000+00:00,19,1,42206434,M6AM6-M6AH6,A,S,0.0001,1.0,2026-03-16 14:16:00+00:00,2025-12-15 22:30:00+00:00,,,0.001,-0.0004,,,,271371,0,42206434,0,10,88,2500,0,0,0,1,2147483647,2147483647,2147483647,20434,314,2026,65535,4,USD,,SD,6A,XCME,M6A,FMCXSX,FUT,AUD,,,,F,255,255,255,3,255,4,3,255,255,N,127,127,255,M6AM6-M6AH6
2025-12-18 00:00:00+00:00,2025-12-14 14:04:14.497000+00:00,19,1,42036360,M6AM6,A,F,0.0001,1.0,2026-06-15 14:16:00+00:00,2025-12-15 22:30:00+00:00,,0.0001,0.006,0.665,10000.0,1.0,,270347,0,42036360,0,10,88,2500,0,0,0,1,2147483647,2147483647,2147483647,20434,314,2026,65535,4,USD,,,6A,XCME,M6A,FFCXSX,FUT,AUD,,,,F,255,255,255,7,255,4,6,255,255,N,127,127,255,M6AM6
2025-12-18 00:00:00+00:00,2025-12-14 14:04:14.347000+00:00,19,1,42658497,M6AH6,A,F,0.0001,1.0,2026-03-16 14:16:00+00:00,2025-09-15 21:30:00+00:00,,0.0001,0.006,0.6654,10000.0,1.0,,270347,0,42658497,0,10,88,2500,0,0,0,1,2147483647,2147483647,2147483647,20434,314,2026,65535,4,USD,,,6A,XCME,M6A,FFCXSX,FUT,AUD,,,,F,255,255,255,7,255,4,3,255,255,N,127,127,255,M6AH6
2025-12-18 00:00:00+00:00,2025-12-14 14:04:14.647000+00:00,19,1,42654336,M6AZ5,A,F,0.0001,1.0,2025-12-15 15:16:00+00:00,2025-06-16 21:30:00+00:00,,0.0001,0.006,0.6653,10000.0,1.0,,270347,0,42654336,0,10,88,2500,0,0,0,1,2147483647,2147483647,2147483647,20434,314,2025,65535,4,USD,,,6A,XCME,M6A,FFCXSX,FUT,AUD,,,,F,255,255,255,7,255,4,12,255,255,N,127,127,255,M6AZ5
2025-12-18 00:00:00+00:00,2025-12-14 14:04:14.697000+00:00,19,1,42658718,M6AH6-M6AZ5,A,S,0.0001,1.0,2025-12-15 15:16:00+00:00,2025-09-15 21:30:00+00:00,,,0.001,0.0001,,,,271371,0,42658718,0,10,88,2500,0,0,0,1,2147483647,2147483647,2147483647,20434,314,2025,65535,4,USD,,SD,6A,XCME,M6A,FMCXSX,FUT,AUD,,,,F,255,255,255,3,255,4,12,255,255,N,127,127,255,M6AH6-M6AZ5
2025-12-19 00:00:00+00:00,2025-12-14 14:04:14.747000+00:00,19,1,42206434,M6AM6-M6AH6,A,S,0.0001,1.0,2026-03-16 14:16:00+00:00,2025-12-15 22:30:00+00:00,,,0.001,-0.0004,,,,271371,0,42206434,0,10,88,2500,0,0,0,1,2147483647,2147483647,2147483647,20434,314,2026,65535,4,USD,,SD,6A,XCME,M6A,FMCXSX,FUT,AUD,,,,F,255,255,255,3,255,4,3,255,255,N,127,127,255,M6AM6-M6AH6
2025-12-19 00:00:00+00:00,2025-12-14 14:04:14.497000+00:00,19,1,42036360,M6AM6,A,F,0.0001,1.0,2026-06-15 14:16:00+00:00,2025-12-15 22:30:00+00:00,,0.0001,0.006,0.665,10000.0,1.0,,270347,0,42036360,0,10,88,2500,0,0,0,1,2147483647,2147483647,2147483647,20434,314,2026,65535,4,USD,,,6A,XCME,M6A,FFCXSX,FUT,AUD,,,,F,255,255,255,7,255,4,6,255,255,N,127,127,255,M6AM6
2025-12-19 00:00:00+00:00,2025-12-14 14:04:14.347000+00:00,19,1,42658497,M6AH6,A,F,0.0001,1.0,2026-03-16 14:16:00+00:00,2025-09-15 21:30:00+00:00,,0.0001,0.006,0.6654,10000.0,1.0,,270347,0,42658497,0,10,88,2500,0,0,0,1,2147483647,2147483647,2147483647,20434,314,2026,65535,4,USD,,,6A,XCME,M6A,FFCXSX,FUT,AUD,,,,F,255,255,255,7,255,4,3,255,255,N,127,127,255,M6AH6
2025-12-19 00:00:00+00:00,2025-12-14 14:04:14.647000+00:00,19,1,42654336,M6AZ5,A,F,0.0001,1.0,2025-12-15 15:16:00+00:00,2025-06-16 21:30:00+00:00,,0.0001,0.006,0.6653,10000.0,1.0,,270347,0,42654336,0,10,88,2500,0,0,0,1,2147483647,2147483647,2147483647,20434,314,2025,65535,4,USD,,,6A,XCME,M6A,FFCXSX,FUT,AUD,,,,F,255,255,255,7,255,4,12,255,255,N,127,127,255,M6AZ5
2025-12-19 00:00:00+00:00,2025-12-14 14:04:14.697000+00:00,19,1,42658718,M6AH6-M6AZ5,A,S,0.0001,1.0,2025-12-15 15:16:00+00:00,2025-09-15 21:30:00+00:00,,,0.001,0.0001,,,,271371,0,42658718,0,10,88,2500,0,0,0,1,2147483647,2147483647,2147483647,20434,314,2025,65535,4,USD,,SD,6A,XCME,M6A,FMCXSX,FUT,AUD,,,,F,255,255,255,3,255,4,12,255,255,N,127,127,255,M6AH6-M6AZ5
2025-12-21 13:18:56.230142785+00:00,2025-12-21 13:18:56.159000+00:00,19,1,42658497,M6AH6,A,F,0.0001,1.0,2026-03-16 14:16:00+00:00,2025-09-15 21:30:00+00:00,,0.0001,0.006,0.662,10000.0,1.0,,270347,0,42658497,0,10,88,2500,0,0,0,1,2147483647,2147483647,2147483647,20441,314,2026,65535,4,USD,,,6A,XCME,M6A,FFCXSX,FUT,AUD,,,,F,255,255,255,7,255,4,3,255,255,N,127,127,255,M6AH6
2025-12-21 13:18:56.310929818+00:00,2025-12-21 13:18:56.259000+00:00,19,1,42036360,M6AM6,A,F,0.0001,1.0,2026-06-15 14:16:00+00:00,2025-12-15 22:30:00+00:00,,0.0001,0.006,0.6616,10000.0,1.0,,270347,0,42036360,0,10,88,2500,0,0,0,1,2147483647,2147483647,2147483647,20441,314,2026,65535,4,USD,,,6A,XCME,M6A,FFCXSX,FUT,AUD,,,,F,255,255,255,7,255,4,6,255,255,N,127,127,255,M6AM6
2025-12-21 13:18:56.530413602+00:00,2025-12-21 13:18:56.509000+00:00,19,1,42206434,M6AM6-M6AH6,A,S,0.0001,1.0,2026-03-16 14:16:00+00:00,2025-12-15 22:30:00+00:00,,,0.001,-0.0005,,,,271371,0,42206434,0,10,88,2500,0,0,0,1,2147483647,2147483647,2147483647,20441,314,2026,65535,4,USD,,SD,6A,XCME,M6A,FMCXSX,FUT,AUD,,,,F,255,255,255,3,255,4,3,255,255,N,127,127,255,M6AM6-M6AH6
2025-12-22 00:00:00+00:00,2025-12-21 13:18:56.509000+00:00,19,1,42206434,M6AM6-M6AH6,A,S,0.0001,1.0,2026-03-16 14:16:00+00:00,2025-12-15 22:30:00+00:00,,,0.001,-0.0005,,,,271371,0,42206434,0,10,88,2500,0,0,0,1,2147483647,2147483647,2147483647,20441,314,2026,65535,4,USD,,SD,6A,XCME,M6A,FMCXSX,FUT,AUD,,,,F,255,255,255,3,255,4,3,255,255,N,127,127,255,M6AM6-M6AH6
2025-12-22 00:00:00+00:00,2025-12-21 13:18:56.259000+00:00,19,1,42036360,M6AM6,A,F,0.0001,1.0,2026-06-15 14:16:00+00:00,2025-12-15 22:30:00+00:00,,0.0001,0.006,0.6616,10000.0,1.0,,270347,0,42036360,0,10,88,2500,0,0,0,1,2147483647,2147483647,2147483647,20441,314,2026,65535,4,USD,,,6A,XCME,M6A,FFCXSX,FUT,AUD,,,,F,255,255,255,7,255,4,6,255,255,N,127,127,255,M6AM6
2025-12-22 00:00:00+00:00,2025-12-21 13:18:56.159000+00:00,19,1,42658497,M6AH6,A,F,0.0001,1.0,2026-03-16 14:16:00+00:00,2025-09-15 21:30:00+00:00,,0.0001,0.006,0.662,10000.0,1.0,,270347,0,42658497,0,10,88,2500,0,0,0,1,2147483647,2147483647,2147483647,20441,314,2026,65535,4,USD,,,6A,XCME,M6A,FFCXSX,FUT,AUD,,,,F,255,255,255,7,255,4,3,255,255,N,127,127,255,M6AH6
2025-12-23 00:00:00+00:00,2025-12-21 13:18:56.259000+00:00,19,1,42036360,M6AM6,A,F,0.0001,1.0,2026-06-15 14:16:00+00:00,2025-12-15 22:30:00+00:00,,0.0001,0.006,0.6616,10000.0,1.0,,270347,0,42036360,0,10,88,2500,0,0,0,1,2147483647,2147483647,2147483647,20441,314,2026,65535,4,USD,,,6A,XCME,M6A,FFCXSX,FUT,AUD,,,,F,255,255,255,7,255,4,6,255,255,N,127,127,255,M6AM6
2025-12-23 00:00:00+00:00,2025-12-21 13:18:56.159000+00:00,19,1,42658497,M6AH6,A,F,0.0001,1.0,2026-03-16 14:16:00+00:00,2025-09-15 21:30:00+00:00,,0.0001,0.006,0.662,10000.0,1.0,,270347,0,42658497,0,10,88,2500,0,0,0,1,2147483647,2147483647,2147483647,20441,314,2026,65535,4,USD,,,6A,XCME,M6A,FFCXSX,FUT,AUD,,,,F,255,255,255,7,255,4,3,255,255,N,127,127,255,M6AH6
2025-12-23 00:00:00+00:00,2025-12-21 13:18:56.509000+00:00,19,1,42206434,M6AM6-M6AH6,A,S,0.0001,1.0,2026-03-16 14:16:00+00:00,2025-12-15 22:30:00+00:00,,,0.001,-0.0005,,,,271371,0,42206434,0,10,88,2500,0,0,0,1,2147483647,2147483647,2147483647,20441,314,2026,65535,4,USD,,SD,6A,XCME,M6A,FMCXSX,FUT,AUD,,,,F,255,255,255,3,255,4,3,255,255,N,127,127,255,M6AM6-M6AH6
2025-12-24 00:00:00+00:00,2025-12-21 13:18:56.259000+00:00,19,1,42036360,M6AM6,A,F,0.0001,1.0,2026-06-15 14:16:00+00:00,2025-12-15 22:30:00+00:00,,0.0001,0.006,0.6616,10000.0,1.0,,270347,0,42036360,0,10,88,2500,0,0,0,1,2147483647,2147483647,2147483647,20441,314,2026,65535,4,USD,,,6A,XCME,M6A,FFCXSX,FUT,AUD,,,,F,255,255,255,7,255,4,6,255,255,N,127,127,255,M6AM6
2025-12-24 00:00:00+00:00,2025-12-21 13:18:56.159000+00:00,19,1,42658497,M6AH6,A,F,0.0001,1.0,2026-03-16 14:16:00+00:00,2025-09-15 21:30:00+00:00,,0.0001,0.006,0.662,10000.0,1.0,,270347,0,42658497,0,10,88,2500,0,0,0,1,2147483647,2147483647,2147483647,20441,314,2026,65535,4,USD,,,6A,XCME,M6A,FFCXSX,FUT,AUD,,,,F,255,255,255,7,255,4,3,255,255,N,127,127,255,M6AH6
2025-12-24 00:00:00+00:00,2025-12-21 13:18:56.509000+00:00,19,1,42206434,M6AM6-M6AH6,A,S,0.0001,1.0,2026-03-16 14:16:00+00:00,2025-12-15 22:30:00+00:00,,,0.001,-0.0005,,,,271371,0,42206434,0,10,88,2500,0,0,0,1,2147483647,2147483647,2147483647,20441,314,2026,65535,4,USD,,SD,6A,XCME,M6A,FMCXSX,FUT,AUD,,,,F,255,255,255,3,255,4,3,255,255,N,127,127,255,M6AM6-M6AH6
2025-12-25 00:00:00+00:00,2025-12-21 13:18:56.509000+00:00,19,1,42206434,M6AM6-M6AH6,A,S,0.0001,1.0,2026-03-16 14:16:00+00:00,2025-12-15 22:30:00+00:00,,,0.001,-0.0005,,,,271371,0,42206434,0,10,88,2500,0,0,0,1,2147483647,2147483647,2147483647,20441,314,2026,65535,4,USD,,SD,6A,XCME,M6A,FMCXSX,FUT,AUD,,,,F,255,255,255,3,255,4,3,255,255,N,127,127,255,M6AM6-M6AH6
2025-12-25 00:00:00+00:00,2025-12-21 13:18:56.259000+00:00,19,1,42036360,M6AM6,A,F,0.0001,1.0,2026-06-15 14:16:00+00:00,2025-12-15 22:30:00+00:00,,0.0001,0.006,0.6616,10000.0,1.0,,270347,0,42036360,0,10,88,2500,0,0,0,1,2147483647,2147483647,2147483647,20441,314,2026,65535,4,USD,,,6A,XCME,M6A,FFCXSX,FUT,AUD,,,,F,255,255,255,7,255,4,6,255,255,N,127,127,255,M6AM6
2025-12-25 00:00:00+00:00,2025-12-21 13:18:56.159000+00:00,19,1,42658497,M6AH6,A,F,0.0001,1.0,2026-03-16 14:16:00+00:00,2025-09-15 21:30:00+00:00,,0.0001,0.006,0.662,10000.0,1.0,,270347,0,42658497,0,10,88,2500,0,0,0,1,2147483647,2147483647,2147483647,20441,314,2026,65535,4,USD,,,6A,XCME,M6A,FFCXSX,FUT,AUD,,,,F,255,255,255,7,255,4,3,255,255,N,127,127,255,M6AH6
2025-12-26 00:00:00+00:00,2025-12-21 13:18:56.509000+00:00,19,1,42206434,M6AM6-M6AH6,A,S,0.0001,1.0,2026-03-16 14:16:00+00:00,2025-12-15 22:30:00+00:00,,,0.001,-0.0005,,,,271371,0,42206434,0,10,88,2500,0,0,0,1,2147483647,2147483647,2147483647,20441,314,2026,65535,4,USD,,SD,6A,XCME,M6A,FMCXSX,FUT,AUD,,,,F,255,255,255,3,255,4,3,255,255,N,127,127,255,M6AM6-M6AH6
2025-12-26 00:00:00+00:00,2025-12-21 13:18:56.259000+00:00,19,1,42036360,M6AM6,A,F,0.0001,1.0,2026-06-15 14:16:00+00:00,2025-12-15 22:30:00+00:00,,0.0001,0.006,0.6616,10000.0,1.0,,270347,0,42036360,0,10,88,2500,0,0,0,1,2147483647,2147483647,2147483647,20441,314,2026,65535,4,USD,,,6A,XCME,M6A,FFCXSX,FUT,AUD,,,,F,255,255,255,7,255,4,6,255,255,N,127,127,255,M6AM6
2025-12-26 00:00:00+00:00,2025-12-21 13:18:56.159000+00:00,19,1,42658497,M6AH6,A,F,0.0001,1.0,2026-03-16 14:16:00+00:00,2025-09-15 21:30:00+00:00,,0.0001,0.006,0.662,10000.0,1.0,,270347,0,42658497,0,10,88,2500,0,0,0,1,2147483647,2147483647,2147483647,20441,314,2026,65535,4,USD,,,6A,XCME,M6A,FFCXSX,FUT,AUD,,,,F,255,255,255,7,255,4,3,255,255,N,127,127,255,M6AH6
2025-12-28 12:56:37.756506432+00:00,2025-12-28 12:56:37.664000+00:00,19,1,42658497,M6AH6,A,F,0.0001,1.0,2026-03-16 14:16:00+00:00,2025-09-15 21:30:00+00:00,,0.0001,0.006,0.6712,10000.0,1.0,,270347,0,42658497,0,10,88,2500,0,0,0,1,2147483647,2147483647,2147483647,20448,314,2026,65535,4,USD,,,6A,XCME,M6A,FFCXSX,FUT,AUD,,,,F,255,255,255,7,255,4,3,255,255,N,127,127,255,M6AH6
2025-12-28 12:56:37.835136959+00:00,2025-12-28 12:56:37.764000+00:00,19,1,42036360,M6AM6,A,F,0.0001,1.0,2026-06-15 14:16:00+00:00,2025-12-15 22:30:00+00:00,,0.0001,0.006,0.6707,10000.0,1.0,,270347,0,42036360,0,10,88,2500,0,0,0,1,2147483647,2147483647,2147483647,20448,314,2026,65535,4,USD,,,6A,XCME,M6A,FFCXSX,FUT,AUD,,,,F,255,255,255,7,255,4,6,255,255,N,127,127,255,M6AM6
2025-12-28 12:56:38.036663941+00:00,2025-12-28 12:56:38.014000+00:00,19,1,42206434,M6AM6-M6AH6,A,S,0.0001,1.0,2026-03-16 14:16:00+00:00,2025-12-15 22:30:00+00:00,,,0.001,-0.0005,,,,271371,0,42206434,0,10,88,2500,0,0,0,1,2147483647,2147483647,2147483647,20448,314,2026,65535,4,USD,,SD,6A,XCME,M6A,FMCXSX,FUT,AUD,,,,F,255,255,255,3,255,4,3,255,255,N,127,127,255,M6AM6-M6AH6
2025-12-29 00:00:00+00:00,2025-12-28 12:56:37.764000+00:00,19,1,42036360,M6AM6,A,F,0.0001,1.0,2026-06-15 14:16:00+00:00,2025-12-15 22:30:00+00:00,,0.0001,0.006,0.6707,10000.0,1.0,,270347,0,42036360,0,10,88,2500,0,0,0,1,2147483647,2147483647,2147483647,20448,314,2026,65535,4,USD,,,6A,XCME,M6A,FFCXSX,FUT,AUD,,,,F,255,255,255,7,255,4,6,255,255,N,127,127,255,M6AM6
2025-12-29 00:00:00+00:00,2025-12-28 12:56:37.664000+00:00,19,1,42658497,M6AH6,A,F,0.0001,1.0,2026-03-16 14:16:00+00:00,2025-09-15 21:30:00+00:00,,0.0001,0.006,0.6712,10000.0,1.0,,270347,0,42658497,0,10,88,2500,0,0,0,1,2147483647,2147483647,2147483647,20448,314,2026,65535,4,USD,,,6A,XCME,M6A,FFCXSX,FUT,AUD,,,,F,255,255,255,7,255,4,3,255,255,N,127,127,255,M6AH6
2025-12-29 00:00:00+00:00,2025-12-28 12:56:38.014000+00:00,19,1,42206434,M6AM6-M6AH6,A,S,0.0001,1.0,2026-03-16 14:16:00+00:00,2025-12-15 22:30:00+00:00,,,0.001,-0.0005,,,,271371,0,42206434,0,10,88,2500,0,0,0,1,2147483647,2147483647,2147483647,20448,314,2026,65535,4,USD,,SD,6A,XCME,M6A,FMCXSX,FUT,AUD,,,,F,255,255,255,3,255,4,3,255,255,N,127,127,255,M6AM6-M6AH6
2025-12-30 00:00:00+00:00,2025-12-28 12:56:38.014000+00:00,19,1,42206434,M6AM6-M6AH6,A,S,0.0001,1.0,2026-03-16 14:16:00+00:00,2025-12-15 22:30:00+00:00,,,0.001,-0.0005,,,,271371,0,42206434,0,10,88,2500,0,0,0,1,2147483647,2147483647,2147483647,20448,314,2026,65535,4,USD,,SD,6A,XCME,M6A,FMCXSX,FUT,AUD,,,,F,255,255,255,3,255,4,3,255,255,N,127,127,255,M6AM6-M6AH6
2025-12-30 00:00:00+00:00,2025-12-28 12:56:37.764000+00:00,19,1,42036360,M6AM6,A,F,0.0001,1.0,2026-06-15 14:16:00+00:00,2025-12-15 22:30:00+00:00,,0.0001,0.006,0.6707,10000.0,1.0,,270347,0,42036360,0,10,88,2500,0,0,0,1,2147483647,2147483647,2147483647,20448,314,2026,65535,4,USD,,,6A,XCME,M6A,FFCXSX,FUT,AUD,,,,F,255,255,255,7,255,4,6,255,255,N,127,127,255,M6AM6
2025-12-30 00:00:00+00:00,2025-12-28 12:56:37.664000+00:00,19,1,42658497,M6AH6,A,F,0.0001,1.0,2026-03-16 14:16:00+00:00,2025-09-15 21:30:00+00:00,,0.0001,0.006,0.6712,10000.0,1.0,,270347,0,42658497,0,10,88,2500,0,0,0,1,2147483647,2147483647,2147483647,20448,314,2026,65535,4,USD,,,6A,XCME,M6A,FFCXSX,FUT,AUD,,,,F,255,255,255,7,255,4,3,255,255,N,127,127,255,M6AH6
2025-12-31 00:00:00+00:00,2025-12-28 12:56:37.764000+00:00,19,1,42036360,M6AM6,A,F,0.0001,1.0,2026-06-15 14:16:00+00:00,2025-12-15 22:30:00+00:00,,0.0001,0.006,0.6707,10000.0,1.0,,270347,0,42036360,0,10,88,2500,0,0,0,1,2147483647,2147483647,2147483647,20448,314,2026,65535,4,USD,,,6A,XCME,M6A,FFCXSX,FUT,AUD,,,,F,255,255,255,7,255,4,6,255,255,N,127,127,255,M6AM6
2025-12-31 00:00:00+00:00,2025-12-28 12:56:38.014000+00:00,19,1,42206434,M6AM6-M6AH6,A,S,0.0001,1.0,2026-03-16 14:16:00+00:00,2025-12-15 22:30:00+00:00,,,0.001,-0.0005,,,,271371,0,42206434,0,10,88,2500,0,0,0,1,2147483647,2147483647,2147483647,20448,314,2026,65535,4,USD,,SD,6A,XCME,M6A,FMCXSX,FUT,AUD,,,,F,255,255,255,3,255,4,3,255,255,N,127,127,255,M6AM6-M6AH6
2025-12-31 00:00:00+00:00,2025-12-28 12:56:37.664000+00:00,19,1,42658497,M6AH6,A,F,0.0001,1.0,2026-03-16 14:16:00+00:00,2025-09-15 21:30:00+00:00,,0.0001,0.006,0.6712,10000.0,1.0,,270347,0,42658497,0,10,88,2500,0,0,0,1,2147483647,2147483647,2147483647,20448,314,2026,65535,4,USD,,,6A,XCME,M6A,FFCXSX,FUT,AUD,,,,F,255,255,255,7,255,4,3,255,255,N,127,127,255,M6AH6
2026-01-01 00:00:00+00:00,2025-12-28 12:56:38.014000+00:00,19,1,42206434,M6AM6-M6AH6,A,S,0.0001,1.0,2026-03-16 14:16:00+00:00,2025-12-15 22:30:00+00:00,,,0.001,-0.0005,,,,271371,0,42206434,0,10,88,2500,0,0,0,1,2147483647,2147483647,2147483647,20448,314,2026,65535,4,USD,,SD,6A,XCME,M6A,FMCXSX,FUT,AUD,,,,F,255,255,255,3,255,4,3,255,255,N,127,127,255,M6AM6-M6AH6
2026-01-01 00:00:00+00:00,2025-12-28 12:56:37.764000+00:00,19,1,42036360,M6AM6,A,F,0.0001,1.0,2026-06-15 14:16:00+00:00,2025-12-15 22:30:00+00:00,,0.0001,0.006,0.6707,10000.0,1.0,,270347,0,42036360,0,10,88,2500,0,0,0,1,2147483647,2147483647,2147483647,20448,314,2026,65535,4,USD,,,6A,XCME,M6A,FFCXSX,FUT,AUD,,,,F,255,255,255,7,255,4,6,255,255,N,127,127,255,M6AM6
2026-01-01 00:00:00+00:00,2025-12-28 12:56:37.664000+00:00,19,1,42658497,M6AH6,A,F,0.0001,1.0,2026-03-16 14:16:00+00:00,2025-09-15 21:30:00+00:00,,0.0001,0.006,0.6712,10000.0,1.0,,270347,0,42658497,0,10,88,2500,0,0,0,1,2147483647,2147483647,2147483647,20448,314,2026,65535,4,USD,,,6A,XCME,M6A,FFCXSX,FUT,AUD,,,,F,255,255,255,7,255,4,3,255,255,N,127,127,255,M6AH6
2026-01-02 00:00:00+00:00,2025-12-28 12:56:37.764000+00:00,19,1,42036360,M6AM6,A,F,0.0001,1.0,2026-06-15 14:16:00+00:00,2025-12-15 22:30:00+00:00,,0.0001,0.006,0.6707,10000.0,1.0,,270347,0,42036360,0,10,88,2500,0,0,0,1,2147483647,2147483647,2147483647,20448,314,2026,65535,4,USD,,,6A,XCME,M6A,FFCXSX,FUT,AUD,,,,F,255,255,255,7,255,4,6,255,255,N,127,127,255,M6AM6
2026-01-02 00:00:00+00:00,2025-12-28 12:56:38.014000+00:00,19,1,42206434,M6AM6-M6AH6,A,S,0.0001,1.0,2026-03-16 14:16:00+00:00,2025-12-15 22:30:00+00:00,,,0.001,-0.0005,,,,271371,0,42206434,0,10,88,2500,0,0,0,1,2147483647,2147483647,2147483647,20448,314,2026,65535,4,USD,,SD,6A,XCME,M6A,FMCXSX,FUT,AUD,,,,F,255,255,255,3,255,4,3,255,255,N,127,127,255,M6AM6-M6AH6
2026-01-02 00:00:00+00:00,2025-12-28 12:56:37.664000+00:00,19,1,42658497,M6AH6,A,F,0.0001,1.0,2026-03-16 14:16:00+00:00,2025-09-15 21:30:00+00:00,,0.0001,0.006,0.6712,10000.0,1.0,,270347,0,42658497,0,10,88,2500,0,0,0,1,2147483647,2147483647,2147483647,20448,314,2026,65535,4,USD,,,6A,XCME,M6A,FFCXSX,FUT,AUD,,,,F,255,255,255,7,255,4,3,255,255,N,127,127,255,M6AH6
2026-01-04 13:08:43.251009279+00:00,2026-01-04 13:08:43.173000+00:00,19,1,42658497,M6AH6,A,F,0.0001,1.0,2026-03-16 14:16:00+00:00,2025-09-15 21:30:00+00:00,,0.0001,0.006,0.669,10000.0,1.0,,270347,0,42658497,0,10,88,2500,0,0,0,1,2147483647,2147483647,2147483647,20455,314,2026,65535,4,USD,,,6A,XCME,M6A,FFCXSX,FUT,AUD,,,,F,255,255,255,7,255,4,3,255,255,N,127,127,255,M6AH6
2026-01-04 13:08:43.329801058+00:00,2026-01-04 13:08:43.273000+00:00,19,1,42036360,M6AM6,A,F,0.0001,1.0,2026-06-15 14:16:00+00:00,2025-12-15 22:30:00+00:00,,0.0001,0.006,0.6685,10000.0,1.0,,270347,0,42036360,0,10,88,2500,0,0,0,1,2147483647,2147483647,2147483647,20455,314,2026,65535,4,USD,,,6A,XCME,M6A,FFCXSX,FUT,AUD,,,,F,255,255,255,7,255,4,6,255,255,N,127,127,255,M6AM6
2026-01-04 13:08:43.551686393+00:00,2026-01-04 13:08:43.523000+00:00,19,1,42206434,M6AM6-M6AH6,A,S,0.0001,1.0,2026-03-16 14:16:00+00:00,2025-12-15 22:30:00+00:00,,,0.001,-0.0005,,,,271371,0,42206434,0,10,88,2500,0,0,0,1,2147483647,2147483647,2147483647,20455,314,2026,65535,4,USD,,SD,6A,XCME,M6A,FMCXSX,FUT,AUD,,,,F,255,255,255,3,255,4,3,255,255,N,127,127,255,M6AM6-M6AH6
2026-01-05 00:00:00+00:00,2026-01-04 13:08:43.273000+00:00,19,1,42036360,M6AM6,A,F,0.0001,1.0,2026-06-15 14:16:00+00:00,2025-12-15 22:30:00+00:00,,0.0001,0.006,0.6685,10000.0,1.0,,270347,0,42036360,0,10,88,2500,0,0,0,1,2147483647,2147483647,2147483647,20455,314,2026,65535,4,USD,,,6A,XCME,M6A,FFCXSX,FUT,AUD,,,,F,255,255,255,7,255,4,6,255,255,N,127,127,255,M6AM6
2026-01-05 00:00:00+00:00,2026-01-04 13:08:43.173000+00:00,19,1,42658497,M6AH6,A,F,0.0001,1.0,2026-03-16 14:16:00+00:00,2025-09-15 21:30:00+00:00,,0.0001,0.006,0.669,10000.0,1.0,,270347,0,42658497,0,10,88,2500,0,0,0,1,2147483647,2147483647,2147483647,20455,314,2026,65535,4,USD,,,6A,XCME,M6A,FFCXSX,FUT,AUD,,,,F,255,255,255,7,255,4,3,255,255,N,127,127,255,M6AH6
2026-01-05 00:00:00+00:00,2026-01-04 13:08:43.523000+00:00,19,1,42206434,M6AM6-M6AH6,A,S,0.0001,1.0,2026-03-16 14:16:00+00:00,2025-12-15 22:30:00+00:00,,,0.001,-0.0005,,,,271371,0,42206434,0,10,88,2500,0,0,0,1,2147483647,2147483647,2147483647,20455,314,2026,65535,4,USD,,SD,6A,XCME,M6A,FMCXSX,FUT,AUD,,,,F,255,255,255,3,255,4,3,255,255,N,127,127,255,M6AM6-M6AH6
2026-01-06 00:00:00+00:00,2026-01-04 13:08:43.523000+00:00,19,1,42206434,M6AM6-M6AH6,A,S,0.0001,1.0,2026-03-16 14:16:00+00:00,2025-12-15 22:30:00+00:00,,,0.001,-0.0005,,,,271371,0,42206434,0,10,88,2500,0,0,0,1,2147483647,2147483647,2147483647,20455,314,2026,65535,4,USD,,SD,6A,XCME,M6A,FMCXSX,FUT,AUD,,,,F,255,255,255,3,255,4,3,255,255,N,127,127,255,M6AM6-M6AH6
2026-01-06 00:00:00+00:00,2026-01-04 13:08:43.273000+00:00,19,1,42036360,M6AM6,A,F,0.0001,1.0,2026-06-15 14:16:00+00:00,2025-12-15 22:30:00+00:00,,0.0001,0.006,0.6685,10000.0,1.0,,270347,0,42036360,0,10,88,2500,0,0,0,1,2147483647,2147483647,2147483647,20455,314,2026,65535,4,USD,,,6A,XCME,M6A,FFCXSX,FUT,AUD,,,,F,255,255,255,7,255,4,6,255,255,N,127,127,255,M6AM6
2026-01-06 00:00:00+00:00,2026-01-04 13:08:43.173000+00:00,19,1,42658497,M6AH6,A,F,0.0001,1.0,2026-03-16 14:16:00+00:00,2025-09-15 21:30:00+00:00,,0.0001,0.006,0.669,10000.0,1.0,,270347,0,42658497,0,10,88,2500,0,0,0,1,2147483647,2147483647,2147483647,20455,314,2026,65535,4,USD,,,6A,XCME,M6A,FFCXSX,FUT,AUD,,,,F,255,255,255,7,255,4,3,255,255,N,127,127,255,M6AH6
2026-01-07 00:00:00+00:00,2026-01-04 13:08:43.523000+00:00,19,1,42206434,M6AM6-M6AH6,A,S,0.0001,1.0,2026-03-16 14:16:00+00:00,2025-12-15 22:30:00+00:00,,,0.001,-0.0005,,,,271371,0,42206434,0,10,88,2500,0,0,0,1,2147483647,2147483647,2147483647,20455,314,2026,65535,4,USD,,SD,6A,XCME,M6A,FMCXSX,FUT,AUD,,,,F,255,255,255,3,255,4,3,255,255,N,127,127,255,M6AM6-M6AH6
2026-01-07 00:00:00+00:00,2026-01-04 13:08:43.273000+00:00,19,1,42036360,M6AM6,A,F,0.0001,1.0,2026-06-15 14:16:00+00:00,2025-12-15 22:30:00+00:00,,0.0001,0.006,0.6685,10000.0,1.0,,270347,0,42036360,0,10,88,2500,0,0,0,1,2147483647,2147483647,2147483647,20455,314,2026,65535,4,USD,,,6A,XCME,M6A,FFCXSX,FUT,AUD,,,,F,255,255,255,7,255,4,6,255,255,N,127,127,255,M6AM6
2026-01-07 00:00:00+00:00,2026-01-04 13:08:43.173000+00:00,19,1,42658497,M6AH6,A,F,0.0001,1.0,2026-03-16 14:16:00+00:00,2025-09-15 21:30:00+00:00,,0.0001,0.006,0.669,10000.0,1.0,,270347,0,42658497,0,10,88,2500,0,0,0,1,2147483647,2147483647,2147483647,20455,314,2026,65535,4,USD,,,6A,XCME,M6A,FFCXSX,FUT,AUD,,,,F,255,255,255,7,255,4,3,255,255,N,127,127,255,M6AH6
2026-01-08 00:00:00+00:00,2026-01-04 13:08:43.273000+00:00,19,1,42036360,M6AM6,A,F,0.0001,1.0,2026-06-15 14:16:00+00:00,2025-12-15 22:30:00+00:00,,0.0001,0.006,0.6685,10000.0,1.0,,270347,0,42036360,0,10,88,2500,0,0,0,1,2147483647,2147483647,2147483647,20455,314,2026,65535,4,USD,,,6A,XCME,M6A,FFCXSX,FUT,AUD,,,,F,255,255,255,7,255,4,6,255,255,N,127,127,255,M6AM6
2026-01-08 00:00:00+00:00,2026-01-04 13:08:43.173000+00:00,19,1,42658497,M6AH6,A,F,0.0001,1.0,2026-03-16 14:16:00+00:00,2025-09-15 21:30:00+00:00,,0.0001,0.006,0.669,10000.0,1.0,,270347,0,42658497,0,10,88,2500,0,0,0,1,2147483647,2147483647,2147483647,20455,314,2026,65535,4,USD,,,6A,XCME,M6A,FFCXSX,FUT,AUD,,,,F,255,255,255,7,255,4,3,255,255,N,127,127,255,M6AH6
2026-01-08 00:00:00+00:00,2026-01-04 13:08:43.523000+00:00,19,1,42206434,M6AM6-M6AH6,A,S,0.0001,1.0,2026-03-16 14:16:00+00:00,2025-12-15 22:30:00+00:00,,,0.001,-0.0005,,,,271371,0,42206434,0,10,88,2500,0,0,0,1,2147483647,2147483647,2147483647,20455,314,2026,65535,4,USD,,SD,6A,XCME,M6A,FMCXSX,FUT,AUD,,,,F,255,255,255,3,255,4,3,255,255,N,127,127,255,M6AM6-M6AH6
2026-01-09 00:00:00+00:00,2026-01-04 13:08:43.523000+00:00,19,1,42206434,M6AM6-M6AH6,A,S,0.0001,1.0,2026-03-16 14:16:00+00:00,2025-12-15 22:30:00+00:00,,,0.001,-0.0005,,,,271371,0,42206434,0,10,88,2500,0,0,0,1,2147483647,2147483647,2147483647,20455,314,2026,65535,4,USD,,SD,6A,XCME,M6A,FMCXSX,FUT,AUD,,,,F,255,255,255,3,255,4,3,255,255,N,127,127,255,M6AM6-M6AH6
2026-01-09 00:00:00+00:00,2026-01-04 13:08:43.273000+00:00,19,1,42036360,M6AM6,A,F,0.0001,1.0,2026-06-15 14:16:00+00:00,2025-12-15 22:30:00+00:00,,0.0001,0.006,0.6685,10000.0,1.0,,270347,0,42036360,0,10,88,2500,0,0,0,1,2147483647,2147483647,2147483647,20455,314,2026,65535,4,USD,,,6A,XCME,M6A,FFCXSX,FUT,AUD,,,,F,255,255,255,7,255,4,6,255,255,N,127,127,255,M6AM6
2026-01-09 00:00:00+00:00,2026-01-04 13:08:43.173000+00:00,19,1,42658497,M6AH6,A,F,0.0001,1.0,2026-03-16 14:16:00+00:00,2025-09-15 21:30:00+00:00,,0.0001,0.006,0.669,10000.0,1.0,,270347,0,42658497,0,10,88,2500,0,0,0,1,2147483647,2147483647,2147483647,20455,314,2026,65535,4,USD,,,6A,XCME,M6A,FFCXSX,FUT,AUD,,,,F,255,255,255,7,255,4,3,255,255,N,127,127,255,M6AH6
2026-01-11 13:06:20.108942009+00:00,2026-01-11 13:06:20.022000+00:00,19,1,42658497,M6AH6,A,F,0.0001,1.0,2026-03-16 14:16:00+00:00,2025-09-15 21:30:00+00:00,,0.0001,0.006,0.6688,10000.0,1.0,,270347,0,42658497,0,10,88,2500,0,0,0,1,2147483647,2147483647,2147483647,20462,314,2026,65535,4,USD,,,6A,XCME,M6A,FFCXSX,FUT,AUD,,,,F,255,255,255,7,255,4,3,255,255,N,127,127,255,M6AH6
2026-01-11 13:06:20.188825769+00:00,2026-01-11 13:06:20.122000+00:00,19,1,42036360,M6AM6,A,F,0.0001,1.0,2026-06-15 14:16:00+00:00,2025-12-15 22:30:00+00:00,,0.0001,0.006,0.6685,10000.0,1.0,,270347,0,42036360,0,10,88,2500,0,0,0,1,2147483647,2147483647,2147483647,20462,314,2026,65535,4,USD,,,6A,XCME,M6A,FFCXSX,FUT,AUD,,,,F,255,255,255,7,255,4,6,255,255,N,127,127,255,M6AM6
2026-01-11 13:06:20.401173289+00:00,2026-01-11 13:06:20.372000+00:00,19,1,42206434,M6AM6-M6AH6,A,S,0.0001,1.0,2026-03-16 14:16:00+00:00,2025-12-15 22:30:00+00:00,,,0.001,-0.0003,,,,271371,0,42206434,0,10,88,2500,0,0,0,1,2147483647,2147483647,2147483647,20462,314,2026,65535,4,USD,,SD,6A,XCME,M6A,FMCXSX,FUT,AUD,,,,F,255,255,255,3,255,4,3,255,255,N,127,127,255,M6AM6-M6AH6
2026-01-12 00:00:00+00:00,2026-01-11 13:06:20.372000+00:00,19,1,42206434,M6AM6-M6AH6,A,S,0.0001,1.0,2026-03-16 14:16:00+00:00,2025-12-15 22:30:00+00:00,,,0.001,-0.0003,,,,271371,0,42206434,0,10,88,2500,0,0,0,1,2147483647,2147483647,2147483647,20462,314,2026,65535,4,USD,,SD,6A,XCME,M6A,FMCXSX,FUT,AUD,,,,F,255,255,255,3,255,4,3,255,255,N,127,127,255,M6AM6-M6AH6
2026-01-12 00:00:00+00:00,2026-01-11 13:06:20.122000+00:00,19,1,42036360,M6AM6,A,F,0.0001,1.0,2026-06-15 14:16:00+00:00,2025-12-15 22:30:00+00:00,,0.0001,0.006,0.6685,10000.0,1.0,,270347,0,42036360,0,10,88,2500,0,0,0,1,2147483647,2147483647,2147483647,20462,314,2026,65535,4,USD,,,6A,XCME,M6A,FFCXSX,FUT,AUD,,,,F,255,255,255,7,255,4,6,255,255,N,127,127,255,M6AM6
2026-01-12 00:00:00+00:00,2026-01-11 13:06:20.022000+00:00,19,1,42658497,M6AH6,A,F,0.0001,1.0,2026-03-16 14:16:00+00:00,2025-09-15 21:30:00+00:00,,0.0001,0.006,0.6688,10000.0,1.0,,270347,0,42658497,0,10,88,2500,0,0,0,1,2147483647,2147483647,2147483647,20462,314,2026,65535,4,USD,,,6A,XCME,M6A,FFCXSX,FUT,AUD,,,,F,255,255,255,7,255,4,3,255,255,N,127,127,255,M6AH6
2026-01-13 00:00:00+00:00,2026-01-11 13:06:20.372000+00:00,19,1,42206434,M6AM6-M6AH6,A,S,0.0001,1.0,2026-03-16 14:16:00+00:00,2025-12-15 22:30:00+00:00,,,0.001,-0.0003,,,,271371,0,42206434,0,10,88,2500,0,0,0,1,2147483647,2147483647,2147483647,20462,314,2026,65535,4,USD,,SD,6A,XCME,M6A,FMCXSX,FUT,AUD,,,,F,255,255,255,3,255,4,3,255,255,N,127,127,255,M6AM6-M6AH6
2026-01-13 00:00:00+00:00,2026-01-11 13:06:20.122000+00:00,19,1,42036360,M6AM6,A,F,0.0001,1.0,2026-06-15 14:16:00+00:00,2025-12-15 22:30:00+00:00,,0.0001,0.006,0.6685,10000.0,1.0,,270347,0,42036360,0,10,88,2500,0,0,0,1,2147483647,2147483647,2147483647,20462,314,2026,65535,4,USD,,,6A,XCME,M6A,FFCXSX,FUT,AUD,,,,F,255,255,255,7,255,4,6,255,255,N,127,127,255,M6AM6
2026-01-13 00:00:00+00:00,2026-01-11 13:06:20.022000+00:00,19,1,42658497,M6AH6,A,F,0.0001,1.0,2026-03-16 14:16:00+00:00,2025-09-15 21:30:00+00:00,,0.0001,0.006,0.6688,10000.0,1.0,,270347,0,42658497,0,10,88,2500,0,0,0,1,2147483647,2147483647,2147483647,20462,314,2026,65535,4,USD,,,6A,XCME,M6A,FFCXSX,FUT,AUD,,,,F,255,255,255,7,255,4,3,255,255,N,127,127,255,M6AH6
2026-01-14 00:00:00+00:00,2026-01-11 13:06:20.372000+00:00,19,1,42206434,M6AM6-M6AH6,A,S,0.0001,1.0,2026-03-16 14:16:00+00:00,2025-12-15 22:30:00+00:00,,,0.001,-0.0003,,,,271371,0,42206434,0,10,88,2500,0,0,0,1,2147483647,2147483647,2147483647,20462,314,2026,65535,4,USD,,SD,6A,XCME,M6A,FMCXSX,FUT,AUD,,,,F,255,255,255,3,255,4,3,255,255,N,127,127,255,M6AM6-M6AH6
2026-01-14 00:00:00+00:00,2026-01-11 13:06:20.122000+00:00,19,1,42036360,M6AM6,A,F,0.0001,1.0,2026-06-15 14:16:00+00:00,2025-12-15 22:30:00+00:00,,0.0001,0.006,0.6685,10000.0,1.0,,270347,0,42036360,0,10,88,2500,0,0,0,1,2147483647,2147483647,2147483647,20462,314,2026,65535,4,USD,,,6A,XCME,M6A,FFCXSX,FUT,AUD,,,,F,255,255,255,7,255,4,6,255,255,N,127,127,255,M6AM6
2026-01-14 00:00:00+00:00,2026-01-11 13:06:20.022000+00:00,19,1,42658497,M6AH6,A,F,0.0001,1.0,2026-03-16 14:16:00+00:00,2025-09-15 21:30:00+00:00,,0.0001,0.006,0.6688,10000.0,1.0,,270347,0,42658497,0,10,88,2500,0,0,0,1,2147483647,2147483647,2147483647,20462,314,2026,65535,4,USD,,,6A,XCME,M6A,FFCXSX,FUT,AUD,,,,F,255,255,255,7,255,4,3,255,255,N,127,127,255,M6AH6
2026-01-15 00:00:00+00:00,2026-01-11 13:06:20.122000+00:00,19,1,42036360,M6AM6,A,F,0.0001,1.0,2026-06-15 14:16:00+00:00,2025-12-15 22:30:00+00:00,,0.0001,0.006,0.6685,10000.0,1.0,,270347,0,42036360,0,10,88,2500,0,0,0,1,2147483647,2147483647,2147483647,20462,314,2026,65535,4,USD,,,6A,XCME,M6A,FFCXSX,FUT,AUD,,,,F,255,255,255,7,255,4,6,255,255,N,127,127,255,M6AM6
2026-01-15 00:00:00+00:00,2026-01-11 13:06:20.022000+00:00,19,1,42658497,M6AH6,A,F,0.0001,1.0,2026-03-16 14:16:00+00:00,2025-09-15 21:30:00+00:00,,0.0001,0.006,0.6688,10000.0,1.0,,270347,0,42658497,0,10,88,2500,0,0,0,1,2147483647,2147483647,2147483647,20462,314,2026,65535,4,USD,,,6A,XCME,M6A,FFCXSX,FUT,AUD,,,,F,255,255,255,7,255,4,3,255,255,N,127,127,255,M6AH6
2026-01-15 00:00:00+00:00,2026-01-11 13:06:20.372000+00:00,19,1,42206434,M6AM6-M6AH6,A,S,0.0001,1.0,2026-03-16 14:16:00+00:00,2025-12-15 22:30:00+00:00,,,0.001,-0.0003,,,,271371,0,42206434,0,10,88,2500,0,0,0,1,2147483647,2147483647,2147483647,20462,314,2026,65535,4,USD,,SD,6A,XCME,M6A,FMCXSX,FUT,AUD,,,,F,255,255,255,3,255,4,3,255,255,N,127,127,255,M6AM6-M6AH6
2026-01-16 00:00:00+00:00,2026-01-11 13:06:20.372000+00:00,19,1,42206434,M6AM6-M6AH6,A,S,0.0001,1.0,2026-03-16 14:16:00+00:00,2025-12-15 22:30:00+00:00,,,0.001,-0.0003,,,,271371,0,42206434,0,10,88,2500,0,0,0,1,2147483647,2147483647,2147483647,20462,314,2026,65535,4,USD,,SD,6A,XCME,M6A,FMCXSX,FUT,AUD,,,,F,255,255,255,3,255,4,3,255,255,N,127,127,255,M6AM6-M6AH6
2026-01-16 00:00:00+00:00,2026-01-11 13:06:20.122000+00:00,19,1,42036360,M6AM6,A,F,0.0001,1.0,2026-06-15 14:16:00+00:00,2025-12-15 22:30:00+00:00,,0.0001,0.006,0.6685,10000.0,1.0,,270347,0,42036360,0,10,88,2500,0,0,0,1,2147483647,2147483647,2147483647,20462,314,2026,65535,4,USD,,,6A,XCME,M6A,FFCXSX,FUT,AUD,,,,F,255,255,255,7,255,4,6,255,255,N,127,127,255,M6AM6
2026-01-16 00:00:00+00:00,2026-01-11 13:06:20.022000+00:00,19,1,42658497,M6AH6,A,F,0.0001,1.0,2026-03-16 14:16:00+00:00,2025-09-15 21:30:00+00:00,,0.0001,0.006,0.6688,10000.0,1.0,,270347,0,42658497,0,10,88,2500,0,0,0,1,2147483647,2147483647,2147483647,20462,314,2026,65535,4,USD,,,6A,XCME,M6A,FFCXSX,FUT,AUD,,,,F,255,255,255,7,255,4,3,255,255,N,127,127,255,M6AH6
2026-01-18 14:30:08.735504642+00:00,2026-01-18 14:30:08.650000+00:00,19,1,42658497,M6AH6,A,F,0.0001,1.0,2026-03-16 14:16:00+00:00,2025-09-15 21:30:00+00:00,,0.0001,0.006,0.6684,10000.0,1.0,,270347,0,42658497,0,10,88,2500,0,0,0,1,2147483647,2147483647,2147483647,20469,314,2026,65535,4,USD,,,6A,XCME,M6A,FFCXSX,FUT,AUD,,,,F,255,255,255,7,255,4,3,255,255,N,127,127,255,M6AH6
2026-01-18 14:30:08.811733302+00:00,2026-01-18 14:30:08.750000+00:00,19,1,42036360,M6AM6,A,F,0.0001,1.0,2026-06-15 14:16:00+00:00,2025-12-15 22:30:00+00:00,,0.0001,0.006,0.6682,10000.0,1.0,,270347,0,42036360,0,10,88,2500,0,0,0,1,2147483647,2147483647,2147483647,20469,314,2026,65535,4,USD,,,6A,XCME,M6A,FFCXSX,FUT,AUD,,,,F,255,255,255,7,255,4,6,255,255,N,127,127,255,M6AM6
2026-01-18 14:30:09.023674255+00:00,2026-01-18 14:30:09+00:00,19,1,42206434,M6AM6-M6AH6,A,S,0.0001,1.0,2026-03-16 14:16:00+00:00,2025-12-15 22:30:00+00:00,,,0.001,-0.0003,,,,271371,0,42206434,0,10,88,2500,0,0,0,1,2147483647,2147483647,2147483647,20469,314,2026,65535,4,USD,,SD,6A,XCME,M6A,FMCXSX,FUT,AUD,,,,F,255,255,255,3,255,4,3,255,255,N,127,127,255,M6AM6-M6AH6
2026-01-19 00:00:00+00:00,2026-01-18 14:30:08.750000+00:00,19,1,42036360,M6AM6,A,F,0.0001,1.0,2026-06-15 14:16:00+00:00,2025-12-15 22:30:00+00:00,,0.0001,0.006,0.6682,10000.0,1.0,,270347,0,42036360,0,10,88,2500,0,0,0,1,2147483647,2147483647,2147483647,20469,314,2026,65535,4,USD,,,6A,XCME,M6A,FFCXSX,FUT,AUD,,,,F,255,255,255,7,255,4,6,255,255,N,127,127,255,M6AM6
2026-01-19 00:00:00+00:00,2026-01-18 14:30:08.650000+00:00,19,1,42658497,M6AH6,A,F,0.0001,1.0,2026-03-16 14:16:00+00:00,2025-09-15 21:30:00+00:00,,0.0001,0.006,0.6684,10000.0,1.0,,270347,0,42658497,0,10,88,2500,0,0,0,1,2147483647,2147483647,2147483647,20469,314,2026,65535,4,USD,,,6A,XCME,M6A,FFCXSX,FUT,AUD,,,,F,255,255,255,7,255,4,3,255,255,N,127,127,255,M6AH6
2026-01-19 00:00:00+00:00,2026-01-18 14:30:09+00:00,19,1,42206434,M6AM6-M6AH6,A,S,0.0001,1.0,2026-03-16 14:16:00+00:00,2025-12-15 22:30:00+00:00,,,0.001,-0.0003,,,,271371,0,42206434,0,10,88,2500,0,0,0,1,2147483647,2147483647,2147483647,20469,314,2026,65535,4,USD,,SD,6A,XCME,M6A,FMCXSX,FUT,AUD,,,,F,255,255,255,3,255,4,3,255,255,N,127,127,255,M6AM6-M6AH6
2026-01-20 00:00:00+00:00,2026-01-18 14:30:08.750000+00:00,19,1,42036360,M6AM6,A,F,0.0001,1.0,2026-06-15 14:16:00+00:00,2025-12-15 22:30:00+00:00,,0.0001,0.006,0.6682,10000.0,1.0,,270347,0,42036360,0,10,88,2500,0,0,0,1,2147483647,2147483647,2147483647,20469,314,2026,65535,4,USD,,,6A,XCME,M6A,FFCXSX,FUT,AUD,,,,F,255,255,255,7,255,4,6,255,255,N,127,127,255,M6AM6
2026-01-20 00:00:00+00:00,2026-01-18 14:30:08.650000+00:00,19,1,42658497,M6AH6,A,F,0.0001,1.0,2026-03-16 14:16:00+00:00,2025-09-15 21:30:00+00:00,,0.0001,0.006,0.6684,10000.0,1.0,,270347,0,42658497,0,10,88,2500,0,0,0,1,2147483647,2147483647,2147483647,20469,314,2026,65535,4,USD,,,6A,XCME,M6A,FFCXSX,FUT,AUD,,,,F,255,255,255,7,255,4,3,255,255,N,127,127,255,M6AH6
2026-01-20 00:00:00+00:00,2026-01-18 14:30:09+00:00,19,1,42206434,M6AM6-M6AH6,A,S,0.0001,1.0,2026-03-16 14:16:00+00:00,2025-12-15 22:30:00+00:00,,,0.001,-0.0003,,,,271371,0,42206434,0,10,88,2500,0,0,0,1,2147483647,2147483647,2147483647,20469,314,2026,65535,4,USD,,SD,6A,XCME,M6A,FMCXSX,FUT,AUD,,,,F,255,255,255,3,255,4,3,255,255,N,127,127,255,M6AM6-M6AH6
2026-01-21 00:00:00+00:00,2026-01-18 14:30:08.750000+00:00,19,1,42036360,M6AM6,A,F,0.0001,1.0,2026-06-15 14:16:00+00:00,2025-12-15 22:30:00+00:00,,0.0001,0.006,0.6682,10000.0,1.0,,270347,0,42036360,0,10,88,2500,0,0,0,1,2147483647,2147483647,2147483647,20469,314,2026,65535,4,USD,,,6A,XCME,M6A,FFCXSX,FUT,AUD,,,,F,255,255,255,7,255,4,6,255,255,N,127,127,255,M6AM6
2026-01-21 00:00:00+00:00,2026-01-18 14:30:08.650000+00:00,19,1,42658497,M6AH6,A,F,0.0001,1.0,2026-03-16 14:16:00+00:00,2025-09-15 21:30:00+00:00,,0.0001,0.006,0.6684,10000.0,1.0,,270347,0,42658497,0,10,88,2500,0,0,0,1,2147483647,2147483647,2147483647,20469,314,2026,65535,4,USD,,,6A,XCME,M6A,FFCXSX,FUT,AUD,,,,F,255,255,255,7,255,4,3,255,255,N,127,127,255,M6AH6
2026-01-21 00:00:00+00:00,2026-01-18 14:30:09+00:00,19,1,42206434,M6AM6-M6AH6,A,S,0.0001,1.0,2026-03-16 14:16:00+00:00,2025-12-15 22:30:00+00:00,,,0.001,-0.0003,,,,271371,0,42206434,0,10,88,2500,0,0,0,1,2147483647,2147483647,2147483647,20469,314,2026,65535,4,USD,,SD,6A,XCME,M6A,FMCXSX,FUT,AUD,,,,F,255,255,255,3,255,4,3,255,255,N,127,127,255,M6AM6-M6AH6
2026-01-22 00:00:00+00:00,2026-01-18 14:30:09+00:00,19,1,42206434,M6AM6-M6AH6,A,S,0.0001,1.0,2026-03-16 14:16:00+00:00,2025-12-15 22:30:00+00:00,,,0.001,-0.0003,,,,271371,0,42206434,0,10,88,2500,0,0,0,1,2147483647,2147483647,2147483647,20469,314,2026,65535,4,USD,,SD,6A,XCME,M6A,FMCXSX,FUT,AUD,,,,F,255,255,255,3,255,4,3,255,255,N,127,127,255,M6AM6-M6AH6
2026-01-22 00:00:00+00:00,2026-01-18 14:30:08.750000+00:00,19,1,42036360,M6AM6,A,F,0.0001,1.0,2026-06-15 14:16:00+00:00,2025-12-15 22:30:00+00:00,,0.0001,0.006,0.6682,10000.0,1.0,,270347,0,42036360,0,10,88,2500,0,0,0,1,2147483647,2147483647,2147483647,20469,314,2026,65535,4,USD,,,6A,XCME,M6A,FFCXSX,FUT,AUD,,,,F,255,255,255,7,255,4,6,255,255,N,127,127,255,M6AM6
2026-01-22 00:00:00+00:00,2026-01-18 14:30:08.650000+00:00,19,1,42658497,M6AH6,A,F,0.0001,1.0,2026-03-16 14:16:00+00:00,2025-09-15 21:30:00+00:00,,0.0001,0.006,0.6684,10000.0,1.0,,270347,0,42658497,0,10,88,2500,0,0,0,1,2147483647,2147483647,2147483647,20469,314,2026,65535,4,USD,,,6A,XCME,M6A,FFCXSX,FUT,AUD,,,,F,255,255,255,7,255,4,3,255,255,N,127,127,255,M6AH6
2026-01-23 00:00:00+00:00,2026-01-18 14:30:08.750000+00:00,19,1,42036360,M6AM6,A,F,0.0001,1.0,2026-06-15 14:16:00+00:00,2025-12-15 22:30:00+00:00,,0.0001,0.006,0.6682,10000.0,1.0,,270347,0,42036360,0,10,88,2500,0,0,0,1,2147483647,2147483647,2147483647,20469,314,2026,65535,4,USD,,,6A,XCME,M6A,FFCXSX,FUT,AUD,,,,F,255,255,255,7,255,4,6,255,255,N,127,127,255,M6AM6
2026-01-23 00:00:00+00:00,2026-01-18 14:30:08.650000+00:00,19,1,42658497,M6AH6,A,F,0.0001,1.0,2026-03-16 14:16:00+00:00,2025-09-15 21:30:00+00:00,,0.0001,0.006,0.6684,10000.0,1.0,,270347,0,42658497,0,10,88,2500,0,0,0,1,2147483647,2147483647,2147483647,20469,314,2026,65535,4,USD,,,6A,XCME,M6A,FFCXSX,FUT,AUD,,,,F,255,255,255,7,255,4,3,255,255,N,127,127,255,M6AH6
2026-01-23 00:00:00+00:00,2026-01-18 14:30:09+00:00,19,1,42206434,M6AM6-M6AH6,A,S,0.0001,1.0,2026-03-16 14:16:00+00:00,2025-12-15 22:30:00+00:00,,,0.001,-0.0003,,,,271371,0,42206434,0,10,88,2500,0,0,0,1,2147483647,2147483647,2147483647,20469,314,2026,65535,4,USD,,SD,6A,XCME,M6A,FMCXSX,FUT,AUD,,,,F,255,255,255,3,255,4,3,255,255,N,127,127,255,M6AM6-M6AH6
2026-01-25 13:24:25.244164850+00:00,2026-01-25 13:24:25.163000+00:00,19,1,42658497,M6AH6,A,F,0.0001,1.0,2026-03-16 14:16:00+00:00,2025-09-15 21:30:00+00:00,,0.0001,0.006,0.6887,10000.0,1.0,,270347,0,42658497,0,10,88,2500,0,0,0,1,2147483647,2147483647,2147483647,20476,314,2026,65535,4,USD,,,6A,XCME,M6A,FFCXSX,FUT,AUD,,,,F,255,255,255,7,255,4,3,255,255,N,127,127,255,M6AH6
2026-01-25 13:24:25.322891830+00:00,2026-01-25 13:24:25.263000+00:00,19,1,42036360,M6AM6,A,F,0.0001,1.0,2026-06-15 14:16:00+00:00,2025-12-15 22:30:00+00:00,,0.0001,0.006,0.6883,10000.0,1.0,,270347,0,42036360,0,10,88,2500,0,0,0,1,2147483647,2147483647,2147483647,20476,314,2026,65535,4,USD,,,6A,XCME,M6A,FFCXSX,FUT,AUD,,,,F,255,255,255,7,255,4,6,255,255,N,127,127,255,M6AM6
2026-01-25 13:24:25.534861918+00:00,2026-01-25 13:24:25.513000+00:00,19,1,42206434,M6AM6-M6AH6,A,S,0.0001,1.0,2026-03-16 14:16:00+00:00,2025-12-15 22:30:00+00:00,,,0.001,-0.0004,,,,271371,0,42206434,0,10,88,2500,0,0,0,1,2147483647,2147483647,2147483647,20476,314,2026,65535,4,USD,,SD,6A,XCME,M6A,FMCXSX,FUT,AUD,,,,F,255,255,255,3,255,4,3,255,255,N,127,127,255,M6AM6-M6AH6
2026-01-26 00:00:00+00:00,2026-01-25 13:24:25.513000+00:00,19,1,42206434,M6AM6-M6AH6,A,S,0.0001,1.0,2026-03-16 14:16:00+00:00,2025-12-15 22:30:00+00:00,,,0.001,-0.0004,,,,271371,0,42206434,0,10,88,2500,0,0,0,1,2147483647,2147483647,2147483647,20476,314,2026,65535,4,USD,,SD,6A,XCME,M6A,FMCXSX,FUT,AUD,,,,F,255,255,255,3,255,4,3,255,255,N,127,127,255,M6AM6-M6AH6
2026-01-26 00:00:00+00:00,2026-01-25 13:24:25.263000+00:00,19,1,42036360,M6AM6,A,F,0.0001,1.0,2026-06-15 14:16:00+00:00,2025-12-15 22:30:00+00:00,,0.0001,0.006,0.6883,10000.0,1.0,,270347,0,42036360,0,10,88,2500,0,0,0,1,2147483647,2147483647,2147483647,20476,314,2026,65535,4,USD,,,6A,XCME,M6A,FFCXSX,FUT,AUD,,,,F,255,255,255,7,255,4,6,255,255,N,127,127,255,M6AM6
2026-01-26 00:00:00+00:00,2026-01-25 13:24:25.163000+00:00,19,1,42658497,M6AH6,A,F,0.0001,1.0,2026-03-16 14:16:00+00:00,2025-09-15 21:30:00+00:00,,0.0001,0.006,0.6887,10000.0,1.0,,270347,0,42658497,0,10,88,2500,0,0,0,1,2147483647,2147483647,2147483647,20476,314,2026,65535,4,USD,,,6A,XCME,M6A,FFCXSX,FUT,AUD,,,,F,255,255,255,7,255,4,3,255,255,N,127,127,255,M6AH6
2026-01-27 00:00:00+00:00,2026-01-25 13:24:25.263000+00:00,19,1,42036360,M6AM6,A,F,0.0001,1.0,2026-06-15 14:16:00+00:00,2025-12-15 22:30:00+00:00,,0.0001,0.006,0.6883,10000.0,1.0,,270347,0,42036360,0,10,88,2500,0,0,0,1,2147483647,2147483647,2147483647,20476,314,2026,65535,4,USD,,,6A,XCME,M6A,FFCXSX,FUT,AUD,,,,F,255,255,255,7,255,4,6,255,255,N,127,127,255,M6AM6
2026-01-27 00:00:00+00:00,2026-01-25 13:24:25.163000+00:00,19,1,42658497,M6AH6,A,F,0.0001,1.0,2026-03-16 14:16:00+00:00,2025-09-15 21:30:00+00:00,,0.0001,0.006,0.6887,10000.0,1.0,,270347,0,42658497,0,10,88,2500,0,0,0,1,2147483647,2147483647,2147483647,20476,314,2026,65535,4,USD,,,6A,XCME,M6A,FFCXSX,FUT,AUD,,,,F,255,255,255,7,255,4,3,255,255,N,127,127,255,M6AH6
2026-01-27 00:00:00+00:00,2026-01-25 13:24:25.513000+00:00,19,1,42206434,M6AM6-M6AH6,A,S,0.0001,1.0,2026-03-16 14:16:00+00:00,2025-12-15 22:30:00+00:00,,,0.001,-0.0004,,,,271371,0,42206434,0,10,88,2500,0,0,0,1,2147483647,2147483647,2147483647,20476,314,2026,65535,4,USD,,SD,6A,XCME,M6A,FMCXSX,FUT,AUD,,,,F,255,255,255,3,255,4,3,255,255,N,127,127,255,M6AM6-M6AH6
2026-01-28 00:00:00+00:00,2026-01-25 13:24:25.513000+00:00,19,1,42206434,M6AM6-M6AH6,A,S,0.0001,1.0,2026-03-16 14:16:00+00:00,2025-12-15 22:30:00+00:00,,,0.001,-0.0004,,,,271371,0,42206434,0,10,88,2500,0,0,0,1,2147483647,2147483647,2147483647,20476,314,2026,65535,4,USD,,SD,6A,XCME,M6A,FMCXSX,FUT,AUD,,,,F,255,255,255,3,255,4,3,255,255,N,127,127,255,M6AM6-M6AH6
2026-01-28 00:00:00+00:00,2026-01-25 13:24:25.263000+00:00,19,1,42036360,M6AM6,A,F,0.0001,1.0,2026-06-15 14:16:00+00:00,2025-12-15 22:30:00+00:00,,0.0001,0.006,0.6883,10000.0,1.0,,270347,0,42036360,0,10,88,2500,0,0,0,1,2147483647,2147483647,2147483647,20476,314,2026,65535,4,USD,,,6A,XCME,M6A,FFCXSX,FUT,AUD,,,,F,255,255,255,7,255,4,6,255,255,N,127,127,255,M6AM6
2026-01-28 00:00:00+00:00,2026-01-25 13:24:25.163000+00:00,19,1,42658497,M6AH6,A,F,0.0001,1.0,2026-03-16 14:16:00+00:00,2025-09-15 21:30:00+00:00,,0.0001,0.006,0.6887,10000.0,1.0,,270347,0,42658497,0,10,88,2500,0,0,0,1,2147483647,2147483647,2147483647,20476,314,2026,65535,4,USD,,,6A,XCME,M6A,FFCXSX,FUT,AUD,,,,F,255,255,255,7,255,4,3,255,255,N,127,127,255,M6AH6
2026-01-29 00:00:00+00:00,2026-01-25 13:24:25.263000+00:00,19,1,42036360,M6AM6,A,F,0.0001,1.0,2026-06-15 14:16:00+00:00,2025-12-15 22:30:00+00:00,,0.0001,0.006,0.6883,10000.0,1.0,,270347,0,42036360,0,10,88,2500,0,0,0,1,2147483647,2147483647,2147483647,20476,314,2026,65535,4,USD,,,6A,XCME,M6A,FFCXSX,FUT,AUD,,,,F,255,255,255,7,255,4,6,255,255,N,127,127,255,M6AM6
2026-01-29 00:00:00+00:00,2026-01-25 13:24:25.513000+00:00,19,1,42206434,M6AM6-M6AH6,A,S,0.0001,1.0,2026-03-16 14:16:00+00:00,2025-12-15 22:30:00+00:00,,,0.001,-0.0004,,,,271371,0,42206434,0,10,88,2500,0,0,0,1,2147483647,2147483647,2147483647,20476,314,2026,65535,4,USD,,SD,6A,XCME,M6A,FMCXSX,FUT,AUD,,,,F,255,255,255,3,255,4,3,255,255,N,127,127,255,M6AM6-M6AH6
2026-01-29 00:00:00+00:00,2026-01-25 13:24:25.163000+00:00,19,1,42658497,M6AH6,A,F,0.0001,1.0,2026-03-16 14:16:00+00:00,2025-09-15 21:30:00+00:00,,0.0001,0.006,0.6887,10000.0,1.0,,270347,0,42658497,0,10,88,2500,0,0,0,1,2147483647,2147483647,2147483647,20476,314,2026,65535,4,USD,,,6A,XCME,M6A,FFCXSX,FUT,AUD,,,,F,255,255,255,7,255,4,3,255,255,N,127,127,255,M6AH6
2026-01-30 00:00:00+00:00,2026-01-25 13:24:25.513000+00:00,19,1,42206434,M6AM6-M6AH6,A,S,0.0001,1.0,2026-03-16 14:16:00+00:00,2025-12-15 22:30:00+00:00,,,0.001,-0.0004,,,,271371,0,42206434,0,10,88,2500,0,0,0,1,2147483647,2147483647,2147483647,20476,314,2026,65535,4,USD,,SD,6A,XCME,M6A,FMCXSX,FUT,AUD,,,,F,255,255,255,3,255,4,3,255,255,N,127,127,255,M6AM6-M6AH6
2026-01-30 00:00:00+00:00,2026-01-25 13:24:25.263000+00:00,19,1,42036360,M6AM6,A,F,0.0001,1.0,2026-06-15 14:16:00+00:00,2025-12-15 22:30:00+00:00,,0.0001,0.006,0.6883,10000.0,1.0,,270347,0,42036360,0,10,88,2500,0,0,0,1,2147483647,2147483647,2147483647,20476,314,2026,65535,4,USD,,,6A,XCME,M6A,FFCXSX,FUT,AUD,,,,F,255,255,255,7,255,4,6,255,255,N,127,127,255,M6AM6
2026-01-30 00:00:00+00:00,2026-01-25 13:24:25.163000+00:00,19,1,42658497,M6AH6,A,F,0.0001,1.0,2026-03-16 14:16:00+00:00,2025-09-15 21:30:00+00:00,,0.0001,0.006,0.6887,10000.0,1.0,,270347,0,42658497,0,10,88,2500,0,0,0,1,2147483647,2147483647,2147483647,20476,314,2026,65535,4,USD,,,6A,XCME,M6A,FFCXSX,FUT,AUD,,,,F,255,255,255,7,255,4,3,255,255,N,127,127,255,M6AH6
2026-02-01 13:38:12.260566949+00:00,2026-02-01 13:38:12.183000+00:00,19,1,42658497,M6AH6,A,F,0.0001,1.0,2026-03-16 14:16:00+00:00,2025-09-15 21:30:00+00:00,,0.0001,0.006,0.6972,10000.0,1.0,,270347,0,42658497,0,10,88,2500,0,0,0,1,2147483647,2147483647,2147483647,20483,314,2026,65535,4,USD,,,6A,XCME,M6A,FFCXSX,FUT,AUD,,,,F,255,255,255,7,255,4,3,255,255,N,127,127,255,M6AH6
2026-02-01 13:38:12.335692370+00:00,2026-02-01 13:38:12.283000+00:00,19,1,42036360,M6AM6,A,F,0.0001,1.0,2026-06-15 14:16:00+00:00,2025-12-15 22:30:00+00:00,,0.0001,0.006,0.6967,10000.0,1.0,,270347,0,42036360,0,10,88,2500,0,0,0,1,2147483647,2147483647,2147483647,20483,314,2026,65535,4,USD,,,6A,XCME,M6A,FFCXSX,FUT,AUD,,,,F,255,255,255,7,255,4,6,255,255,N,127,127,255,M6AM6
2026-02-01 13:38:12.561114504+00:00,2026-02-01 13:38:12.533000+00:00,19,1,42206434,M6AM6-M6AH6,A,S,0.0001,1.0,2026-03-16 14:16:00+00:00,2025-12-15 22:30:00+00:00,,,0.001,-0.0005,,,,271371,0,42206434,0,10,88,2500,0,0,0,1,2147483647,2147483647,2147483647,20483,314,2026,65535,4,USD,,SD,6A,XCME,M6A,FMCXSX,FUT,AUD,,,,F,255,255,255,3,255,4,3,255,255,N,127,127,255,M6AM6-M6AH6
2026-02-02 00:00:00+00:00,2026-02-01 13:38:12.533000+00:00,19,1,42206434,M6AM6-M6AH6,A,S,0.0001,1.0,2026-03-16 14:16:00+00:00,2025-12-15 22:30:00+00:00,,,0.001,-0.0005,,,,271371,0,42206434,0,10,88,2500,0,0,0,1,2147483647,2147483647,2147483647,20483,314,2026,65535,4,USD,,SD,6A,XCME,M6A,FMCXSX,FUT,AUD,,,,F,255,255,255,3,255,4,3,255,255,N,127,127,255,M6AM6-M6AH6
2026-02-02 00:00:00+00:00,2026-02-01 13:38:12.283000+00:00,19,1,42036360,M6AM6,A,F,0.0001,1.0,2026-06-15 14:16:00+00:00,2025-12-15 22:30:00+00:00,,0.0001,0.006,0.6967,10000.0,1.0,,270347,0,42036360,0,10,88,2500,0,0,0,1,2147483647,2147483647,2147483647,20483,314,2026,65535,4,USD,,,6A,XCME,M6A,FFCXSX,FUT,AUD,,,,F,255,255,255,7,255,4,6,255,255,N,127,127,255,M6AM6
2026-02-02 00:00:00+00:00,2026-02-01 13:38:12.183000+00:00,19,1,42658497,M6AH6,A,F,0.0001,1.0,2026-03-16 14:16:00+00:00,2025-09-15 21:30:00+00:00,,0.0001,0.006,0.6972,10000.0,1.0,,270347,0,42658497,0,10,88,2500,0,0,0,1,2147483647,2147483647,2147483647,20483,314,2026,65535,4,USD,,,6A,XCME,M6A,FFCXSX,FUT,AUD,,,,F,255,255,255,7,255,4,3,255,255,N,127,127,255,M6AH6
2026-02-03 00:00:00+00:00,2026-02-01 13:38:12.283000+00:00,19,1,42036360,M6AM6,A,F,0.0001,1.0,2026-06-15 14:16:00+00:00,2025-12-15 22:30:00+00:00,,0.0001,0.006,0.6967,10000.0,1.0,,270347,0,42036360,0,10,88,2500,0,0,0,1,2147483647,2147483647,2147483647,20483,314,2026,65535,4,USD,,,6A,XCME,M6A,FFCXSX,FUT,AUD,,,,F,255,255,255,7,255,4,6,255,255,N,127,127,255,M6AM6
2026-02-03 00:00:00+00:00,2026-02-01 13:38:12.533000+00:00,19,1,42206434,M6AM6-M6AH6,A,S,0.0001,1.0,2026-03-16 14:16:00+00:00,2025-12-15 22:30:00+00:00,,,0.001,-0.0005,,,,271371,0,42206434,0,10,88,2500,0,0,0,1,2147483647,2147483647,2147483647,20483,314,2026,65535,4,USD,,SD,6A,XCME,M6A,FMCXSX,FUT,AUD,,,,F,255,255,255,3,255,4,3,255,255,N,127,127,255,M6AM6-M6AH6
2026-02-03 00:00:00+00:00,2026-02-01 13:38:12.183000+00:00,19,1,42658497,M6AH6,A,F,0.0001,1.0,2026-03-16 14:16:00+00:00,2025-09-15 21:30:00+00:00,,0.0001,0.006,0.6972,10000.0,1.0,,270347,0,42658497,0,10,88,2500,0,0,0,1,2147483647,2147483647,2147483647,20483,314,2026,65535,4,USD,,,6A,XCME,M6A,FFCXSX,FUT,AUD,,,,F,255,255,255,7,255,4,3,255,255,N,127,127,255,M6AH6
2026-02-04 00:00:00+00:00,2026-02-01 13:38:12.533000+00:00,19,1,42206434,M6AM6-M6AH6,A,S,0.0001,1.0,2026-03-16 14:16:00+00:00,2025-12-15 22:30:00+00:00,,,0.001,-0.0005,,,,271371,0,42206434,0,10,88,2500,0,0,0,1,2147483647,2147483647,2147483647,20483,314,2026,65535,4,USD,,SD,6A,XCME,M6A,FMCXSX,FUT,AUD,,,,F,255,255,255,3,255,4,3,255,255,N,127,127,255,M6AM6-M6AH6
2026-02-04 00:00:00+00:00,2026-02-01 13:38:12.283000+00:00,19,1,42036360,M6AM6,A,F,0.0001,1.0,2026-06-15 14:16:00+00:00,2025-12-15 22:30:00+00:00,,0.0001,0.006,0.6967,10000.0,1.0,,270347,0,42036360,0,10,88,2500,0,0,0,1,2147483647,2147483647,2147483647,20483,314,2026,65535,4,USD,,,6A,XCME,M6A,FFCXSX,FUT,AUD,,,,F,255,255,255,7,255,4,6,255,255,N,127,127,255,M6AM6
2026-02-04 00:00:00+00:00,2026-02-01 13:38:12.183000+00:00,19,1,42658497,M6AH6,A,F,0.0001,1.0,2026-03-16 14:16:00+00:00,2025-09-15 21:30:00+00:00,,0.0001,0.006,0.6972,10000.0,1.0,,270347,0,42658497,0,10,88,2500,0,0,0,1,2147483647,2147483647,2147483647,20483,314,2026,65535,4,USD,,,6A,XCME,M6A,FFCXSX,FUT,AUD,,,,F,255,255,255,7,255,4,3,255,255,N,127,127,255,M6AH6
2026-02-05 00:00:00+00:00,2026-02-01 13:38:12.283000+00:00,19,1,42036360,M6AM6,A,F,0.0001,1.0,2026-06-15 14:16:00+00:00,2025-12-15 22:30:00+00:00,,0.0001,0.006,0.6967,10000.0,1.0,,270347,0,42036360,0,10,88,2500,0,0,0,1,2147483647,2147483647,2147483647,20483,314,2026,65535,4,USD,,,6A,XCME,M6A,FFCXSX,FUT,AUD,,,,F,255,255,255,7,255,4,6,255,255,N,127,127,255,M6AM6
2026-02-05 00:00:00+00:00,2026-02-01 13:38:12.533000+00:00,19,1,42206434,M6AM6-M6AH6,A,S,0.0001,1.0,2026-03-16 14:16:00+00:00,2025-12-15 22:30:00+00:00,,,0.001,-0.0005,,,,271371,0,42206434,0,10,88,2500,0,0,0,1,2147483647,2147483647,2147483647,20483,314,2026,65535,4,USD,,SD,6A,XCME,M6A,FMCXSX,FUT,AUD,,,,F,255,255,255,3,255,4,3,255,255,N,127,127,255,M6AM6-M6AH6
2026-02-05 00:00:00+00:00,2026-02-01 13:38:12.183000+00:00,19,1,42658497,M6AH6,A,F,0.0001,1.0,2026-03-16 14:16:00+00:00,2025-09-15 21:30:00+00:00,,0.0001,0.006,0.6972,10000.0,1.0,,270347,0,42658497,0,10,88,2500,0,0,0,1,2147483647,2147483647,2147483647,20483,314,2026,65535,4,USD,,,6A,XCME,M6A,FFCXSX,FUT,AUD,,,,F,255,255,255,7,255,4,3,255,255,N,127,127,255,M6AH6
2026-02-06 00:00:00+00:00,2026-02-01 13:38:12.283000+00:00,19,1,42036360,M6AM6,A,F,0.0001,1.0,2026-06-15 14:16:00+00:00,2025-12-15 22:30:00+00:00,,0.0001,0.006,0.6967,10000.0,1.0,,270347,0,42036360,0,10,88,2500,0,0,0,1,2147483647,2147483647,2147483647,20483,314,2026,65535,4,USD,,,6A,XCME,M6A,FFCXSX,FUT,AUD,,,,F,255,255,255,7,255,4,6,255,255,N,127,127,255,M6AM6
2026-02-06 00:00:00+00:00,2026-02-01 13:38:12.533000+00:00,19,1,42206434,M6AM6-M6AH6,A,S,0.0001,1.0,2026-03-16 14:16:00+00:00,2025-12-15 22:30:00+00:00,,,0.001,-0.0005,,,,271371,0,42206434,0,10,88,2500,0,0,0,1,2147483647,2147483647,2147483647,20483,314,2026,65535,4,USD,,SD,6A,XCME,M6A,FMCXSX,FUT,AUD,,,,F,255,255,255,3,255,4,3,255,255,N,127,127,255,M6AM6-M6AH6
2026-02-06 00:00:00+00:00,2026-02-01 13:38:12.183000+00:00,19,1,42658497,M6AH6,A,F,0.0001,1.0,2026-03-16 14:16:00+00:00,2025-09-15 21:30:00+00:00,,0.0001,0.006,0.6972,10000.0,1.0,,270347,0,42658497,0,10,88,2500,0,0,0,1,2147483647,2147483647,2147483647,20483,314,2026,65535,4,USD,,,6A,XCME,M6A,FFCXSX,FUT,AUD,,,,F,255,255,255,7,255,4,3,255,255,N,127,127,255,M6AH6
2026-02-08 12:54:27.784558032+00:00,2026-02-08 12:54:27.693000+00:00,19,1,42658497,M6AH6,A,F,0.0001,1.0,2026-03-16 14:16:00+00:00,2025-09-15 21:30:00+00:00,,0.0001,0.006,0.7016,10000.0,1.0,,270347,0,42658497,0,10,88,2500,0,0,0,1,2147483647,2147483647,2147483647,20490,314,2026,65535,4,USD,,,6A,XCME,M6A,FFCXSX,FUT,AUD,,,,F,255,255,255,7,255,4,3,255,255,N,127,127,255,M6AH6
2026-02-08 12:54:27.861279872+00:00,2026-02-08 12:54:27.793000+00:00,19,1,42036360,M6AM6,A,F,0.0001,1.0,2026-06-15 14:16:00+00:00,2025-12-15 22:30:00+00:00,,0.0001,0.006,0.7009,10000.0,1.0,,270347,0,42036360,0,10,88,2500,0,0,0,1,2147483647,2147483647,2147483647,20490,314,2026,65535,4,USD,,,6A,XCME,M6A,FFCXSX,FUT,AUD,,,,F,255,255,255,7,255,4,6,255,255,N,127,127,255,M6AM6
2026-02-08 12:54:28.096148080+00:00,2026-02-08 12:54:28.093000+00:00,19,1,42206434,M6AM6-M6AH6,A,S,0.0001,1.0,2026-03-16 14:16:00+00:00,2025-12-15 22:30:00+00:00,,,0.001,-0.0007,,,,271371,0,42206434,0,10,88,2500,0,0,0,1,2147483647,2147483647,2147483647,20490,314,2026,65535,4,USD,,SD,6A,XCME,M6A,FMCXSX,FUT,AUD,,,,F,255,255,255,3,255,4,3,255,255,N,127,127,255,M6AM6-M6AH6
2026-02-09 00:00:00+00:00,2026-02-08 12:54:28.093000+00:00,19,1,42206434,M6AM6-M6AH6,A,S,0.0001,1.0,2026-03-16 14:16:00+00:00,2025-12-15 22:30:00+00:00,,,0.001,-0.0007,,,,271371,0,42206434,0,10,88,2500,0,0,0,1,2147483647,2147483647,2147483647,20490,314,2026,65535,4,USD,,SD,6A,XCME,M6A,FMCXSX,FUT,AUD,,,,F,255,255,255,3,255,4,3,255,255,N,127,127,255,M6AM6-M6AH6
2026-02-09 00:00:00+00:00,2026-02-08 12:54:27.793000+00:00,19,1,42036360,M6AM6,A,F,0.0001,1.0,2026-06-15 14:16:00+00:00,2025-12-15 22:30:00+00:00,,0.0001,0.006,0.7009,10000.0,1.0,,270347,0,42036360,0,10,88,2500,0,0,0,1,2147483647,2147483647,2147483647,20490,314,2026,65535,4,USD,,,6A,XCME,M6A,FFCXSX,FUT,AUD,,,,F,255,255,255,7,255,4,6,255,255,N,127,127,255,M6AM6
2026-02-09 00:00:00+00:00,2026-02-08 12:54:27.693000+00:00,19,1,42658497,M6AH6,A,F,0.0001,1.0,2026-03-16 14:16:00+00:00,2025-09-15 21:30:00+00:00,,0.0001,0.006,0.7016,10000.0,1.0,,270347,0,42658497,0,10,88,2500,0,0,0,1,2147483647,2147483647,2147483647,20490,314,2026,65535,4,USD,,,6A,XCME,M6A,FFCXSX,FUT,AUD,,,,F,255,255,255,7,255,4,3,255,255,N,127,127,255,M6AH6
2026-02-10 00:00:00+00:00,2026-02-08 12:54:27.793000+00:00,19,1,42036360,M6AM6,A,F,0.0001,1.0,2026-06-15 14:16:00+00:00,2025-12-15 22:30:00+00:00,,0.0001,0.006,0.7009,10000.0,1.0,,270347,0,42036360,0,10,88,2500,0,0,0,1,2147483647,2147483647,2147483647,20490,314,2026,65535,4,USD,,,6A,XCME,M6A,FFCXSX,FUT,AUD,,,,F,255,255,255,7,255,4,6,255,255,N,127,127,255,M6AM6
2026-02-10 00:00:00+00:00,2026-02-08 12:54:27.693000+00:00,19,1,42658497,M6AH6,A,F,0.0001,1.0,2026-03-16 14:16:00+00:00,2025-09-15 21:30:00+00:00,,0.0001,0.006,0.7016,10000.0,1.0,,270347,0,42658497,0,10,88,2500,0,0,0,1,2147483647,2147483647,2147483647,20490,314,2026,65535,4,USD,,,6A,XCME,M6A,FFCXSX,FUT,AUD,,,,F,255,255,255,7,255,4,3,255,255,N,127,127,255,M6AH6
2026-02-10 00:00:00+00:00,2026-02-08 12:54:28.093000+00:00,19,1,42206434,M6AM6-M6AH6,A,S,0.0001,1.0,2026-03-16 14:16:00+00:00,2025-12-15 22:30:00+00:00,,,0.001,-0.0007,,,,271371,0,42206434,0,10,88,2500,0,0,0,1,2147483647,2147483647,2147483647,20490,314,2026,65535,4,USD,,SD,6A,XCME,M6A,FMCXSX,FUT,AUD,,,,F,255,255,255,3,255,4,3,255,255,N,127,127,255,M6AM6-M6AH6
2026-02-11 00:00:00+00:00,2026-02-08 12:54:27.793000+00:00,19,1,42036360,M6AM6,A,F,0.0001,1.0,2026-06-15 14:16:00+00:00,2025-12-15 22:30:00+00:00,,0.0001,0.006,0.7009,10000.0,1.0,,270347,0,42036360,0,10,88,2500,0,0,0,1,2147483647,2147483647,2147483647,20490,314,2026,65535,4,USD,,,6A,XCME,M6A,FFCXSX,FUT,AUD,,,,F,255,255,255,7,255,4,6,255,255,N,127,127,255,M6AM6
2026-02-11 00:00:00+00:00,2026-02-08 12:54:27.693000+00:00,19,1,42658497,M6AH6,A,F,0.0001,1.0,2026-03-16 14:16:00+00:00,2025-09-15 21:30:00+00:00,,0.0001,0.006,0.7016,10000.0,1.0,,270347,0,42658497,0,10,88,2500,0,0,0,1,2147483647,2147483647,2147483647,20490,314,2026,65535,4,USD,,,6A,XCME,M6A,FFCXSX,FUT,AUD,,,,F,255,255,255,7,255,4,3,255,255,N,127,127,255,M6AH6
2026-02-11 00:00:00+00:00,2026-02-08 12:54:28.093000+00:00,19,1,42206434,M6AM6-M6AH6,A,S,0.0001,1.0,2026-03-16 14:16:00+00:00,2025-12-15 22:30:00+00:00,,,0.001,-0.0007,,,,271371,0,42206434,0,10,88,2500,0,0,0,1,2147483647,2147483647,2147483647,20490,314,2026,65535,4,USD,,SD,6A,XCME,M6A,FMCXSX,FUT,AUD,,,,F,255,255,255,3,255,4,3,255,255,N,127,127,255,M6AM6-M6AH6
2026-02-12 00:00:00+00:00,2026-02-08 12:54:28.093000+00:00,19,1,42206434,M6AM6-M6AH6,A,S,0.0001,1.0,2026-03-16 14:16:00+00:00,2025-12-15 22:30:00+00:00,,,0.001,-0.0007,,,,271371,0,42206434,0,10,88,2500,0,0,0,1,2147483647,2147483647,2147483647,20490,314,2026,65535,4,USD,,SD,6A,XCME,M6A,FMCXSX,FUT,AUD,,,,F,255,255,255,3,255,4,3,255,255,N,127,127,255,M6AM6-M6AH6
2026-02-12 00:00:00+00:00,2026-02-08 12:54:27.793000+00:00,19,1,42036360,M6AM6,A,F,0.0001,1.0,2026-06-15 14:16:00+00:00,2025-12-15 22:30:00+00:00,,0.0001,0.006,0.7009,10000.0,1.0,,270347,0,42036360,0,10,88,2500,0,0,0,1,2147483647,2147483647,2147483647,20490,314,2026,65535,4,USD,,,6A,XCME,M6A,FFCXSX,FUT,AUD,,,,F,255,255,255,7,255,4,6,255,255,N,127,127,255,M6AM6
2026-02-12 00:00:00+00:00,2026-02-08 12:54:27.693000+00:00,19,1,42658497,M6AH6,A,F,0.0001,1.0,2026-03-16 14:16:00+00:00,2025-09-15 21:30:00+00:00,,0.0001,0.006,0.7016,10000.0,1.0,,270347,0,42658497,0,10,88,2500,0,0,0,1,2147483647,2147483647,2147483647,20490,314,2026,65535,4,USD,,,6A,XCME,M6A,FFCXSX,FUT,AUD,,,,F,255,255,255,7,255,4,3,255,255,N,127,127,255,M6AH6
2026-02-13 00:00:00+00:00,2026-02-08 12:54:27.793000+00:00,19,1,42036360,M6AM6,A,F,0.0001,1.0,2026-06-15 14:16:00+00:00,2025-12-15 22:30:00+00:00,,0.0001,0.006,0.7009,10000.0,1.0,,270347,0,42036360,0,10,88,2500,0,0,0,1,2147483647,2147483647,2147483647,20490,314,2026,65535,4,USD,,,6A,XCME,M6A,FFCXSX,FUT,AUD,,,,F,255,255,255,7,255,4,6,255,255,N,127,127,255,M6AM6
2026-02-13 00:00:00+00:00,2026-02-08 12:54:27.693000+00:00,19,1,42658497,M6AH6,A,F,0.0001,1.0,2026-03-16 14:16:00+00:00,2025-09-15 21:30:00+00:00,,0.0001,0.006,0.7016,10000.0,1.0,,270347,0,42658497,0,10,88,2500,0,0,0,1,2147483647,2147483647,2147483647,20490,314,2026,65535,4,USD,,,6A,XCME,M6A,FFCXSX,FUT,AUD,,,,F,255,255,255,7,255,4,3,255,255,N,127,127,255,M6AH6
2026-02-13 00:00:00+00:00,2026-02-08 12:54:28.093000+00:00,19,1,42206434,M6AM6-M6AH6,A,S,0.0001,1.0,2026-03-16 14:16:00+00:00,2025-12-15 22:30:00+00:00,,,0.001,-0.0007,,,,271371,0,42206434,0,10,88,2500,0,0,0,1,2147483647,2147483647,2147483647,20490,314,2026,65535,4,USD,,SD,6A,XCME,M6A,FMCXSX,FUT,AUD,,,,F,255,255,255,3,255,4,3,255,255,N,127,127,255,M6AM6-M6AH6
2026-02-15 14:08:13.379997726+00:00,2026-02-15 14:08:13.257000+00:00,19,1,42658497,M6AH6,A,F,0.0001,1.0,2026-03-16 14:16:00+00:00,2025-09-15 21:30:00+00:00,,0.0001,0.006,0.7071,10000.0,1.0,,270347,0,42658497,0,10,88,2500,0,0,0,1,2147483647,2147483647,2147483647,20497,314,2026,65535,4,USD,,,6A,XCME,M6A,FFCXSX,FUT,AUD,,,,F,255,255,255,7,255,4,3,255,255,N,127,127,255,M6AH6
2026-02-15 14:08:13.463661114+00:00,2026-02-15 14:08:13.357000+00:00,19,1,42036360,M6AM6,A,F,0.0001,1.0,2026-06-15 14:16:00+00:00,2025-12-15 22:30:00+00:00,,0.0001,0.006,0.7065,10000.0,1.0,,270347,0,42036360,0,10,88,2500,0,0,0,1,2147483647,2147483647,2147483647,20497,314,2026,65535,4,USD,,,6A,XCME,M6A,FFCXSX,FUT,AUD,,,,F,255,255,255,7,255,4,6,255,255,N,127,127,255,M6AM6
2026-02-15 14:08:13.639681868+00:00,2026-02-15 14:08:13.607000+00:00,19,1,42206434,M6AM6-M6AH6,A,S,0.0001,1.0,2026-03-16 14:16:00+00:00,2025-12-15 22:30:00+00:00,,,0.001,-0.0006,,,,271371,0,42206434,0,10,88,2500,0,0,0,1,2147483647,2147483647,2147483647,20497,314,2026,65535,4,USD,,SD,6A,XCME,M6A,FMCXSX,FUT,AUD,,,,F,255,255,255,3,255,4,3,255,255,N,127,127,255,M6AM6-M6AH6
2026-02-16 00:00:00+00:00,2026-02-15 14:08:13.607000+00:00,19,1,42206434,M6AM6-M6AH6,A,S,0.0001,1.0,2026-03-16 14:16:00+00:00,2025-12-15 22:30:00+00:00,,,0.001,-0.0006,,,,271371,0,42206434,0,10,88,2500,0,0,0,1,2147483647,2147483647,2147483647,20497,314,2026,65535,4,USD,,SD,6A,XCME,M6A,FMCXSX,FUT,AUD,,,,F,255,255,255,3,255,4,3,255,255,N,127,127,255,M6AM6-M6AH6
2026-02-16 00:00:00+00:00,2026-02-15 14:08:13.357000+00:00,19,1,42036360,M6AM6,A,F,0.0001,1.0,2026-06-15 14:16:00+00:00,2025-12-15 22:30:00+00:00,,0.0001,0.006,0.7065,10000.0,1.0,,270347,0,42036360,0,10,88,2500,0,0,0,1,2147483647,2147483647,2147483647,20497,314,2026,65535,4,USD,,,6A,XCME,M6A,FFCXSX,FUT,AUD,,,,F,255,255,255,7,255,4,6,255,255,N,127,127,255,M6AM6
2026-02-16 00:00:00+00:00,2026-02-15 14:08:13.257000+00:00,19,1,42658497,M6AH6,A,F,0.0001,1.0,2026-03-16 14:16:00+00:00,2025-09-15 21:30:00+00:00,,0.0001,0.006,0.7071,10000.0,1.0,,270347,0,42658497,0,10,88,2500,0,0,0,1,2147483647,2147483647,2147483647,20497,314,2026,65535,4,USD,,,6A,XCME,M6A,FFCXSX,FUT,AUD,,,,F,255,255,255,7,255,4,3,255,255,N,127,127,255,M6AH6
2026-02-17 00:00:00+00:00,2026-02-15 14:08:13.607000+00:00,19,1,42206434,M6AM6-M6AH6,A,S,0.0001,1.0,2026-03-16 14:16:00+00:00,2025-12-15 22:30:00+00:00,,,0.001,-0.0006,,,,271371,0,42206434,0,10,88,2500,0,0,0,1,2147483647,2147483647,2147483647,20497,314,2026,65535,4,USD,,SD,6A,XCME,M6A,FMCXSX,FUT,AUD,,,,F,255,255,255,3,255,4,3,255,255,N,127,127,255,M6AM6-M6AH6
2026-02-17 00:00:00+00:00,2026-02-15 14:08:13.357000+00:00,19,1,42036360,M6AM6,A,F,0.0001,1.0,2026-06-15 14:16:00+00:00,2025-12-15 22:30:00+00:00,,0.0001,0.006,0.7065,10000.0,1.0,,270347,0,42036360,0,10,88,2500,0,0,0,1,2147483647,2147483647,2147483647,20497,314,2026,65535,4,USD,,,6A,XCME,M6A,FFCXSX,FUT,AUD,,,,F,255,255,255,7,255,4,6,255,255,N,127,127,255,M6AM6
2026-02-17 00:00:00+00:00,2026-02-15 14:08:13.257000+00:00,19,1,42658497,M6AH6,A,F,0.0001,1.0,2026-03-16 14:16:00+00:00,2025-09-15 21:30:00+00:00,,0.0001,0.006,0.7071,10000.0,1.0,,270347,0,42658497,0,10,88,2500,0,0,0,1,2147483647,2147483647,2147483647,20497,314,2026,65535,4,USD,,,6A,XCME,M6A,FFCXSX,FUT,AUD,,,,F,255,255,255,7,255,4,3,255,255,N,127,127,255,M6AH6
2026-02-18 00:00:00+00:00,2026-02-15 14:08:13.607000+00:00,19,1,42206434,M6AM6-M6AH6,A,S,0.0001,1.0,2026-03-16 14:16:00+00:00,2025-12-15 22:30:00+00:00,,,0.001,-0.0006,,,,271371,0,42206434,0,10,88,2500,0,0,0,1,2147483647,2147483647,2147483647,20497,314,2026,65535,4,USD,,SD,6A,XCME,M6A,FMCXSX,FUT,AUD,,,,F,255,255,255,3,255,4,3,255,255,N,127,127,255,M6AM6-M6AH6
2026-02-18 00:00:00+00:00,2026-02-15 14:08:13.357000+00:00,19,1,42036360,M6AM6,A,F,0.0001,1.0,2026-06-15 14:16:00+00:00,2025-12-15 22:30:00+00:00,,0.0001,0.006,0.7065,10000.0,1.0,,270347,0,42036360,0,10,88,2500,0,0,0,1,2147483647,2147483647,2147483647,20497,314,2026,65535,4,USD,,,6A,XCME,M6A,FFCXSX,FUT,AUD,,,,F,255,255,255,7,255,4,6,255,255,N,127,127,255,M6AM6
2026-02-18 00:00:00+00:00,2026-02-15 14:08:13.257000+00:00,19,1,42658497,M6AH6,A,F,0.0001,1.0,2026-03-16 14:16:00+00:00,2025-09-15 21:30:00+00:00,,0.0001,0.006,0.7071,10000.0,1.0,,270347,0,42658497,0,10,88,2500,0,0,0,1,2147483647,2147483647,2147483647,20497,314,2026,65535,4,USD,,,6A,XCME,M6A,FFCXSX,FUT,AUD,,,,F,255,255,255,7,255,4,3,255,255,N,127,127,255,M6AH6
2026-02-19 00:00:00+00:00,2026-02-15 14:08:13.357000+00:00,19,1,42036360,M6AM6,A,F,0.0001,1.0,2026-06-15 14:16:00+00:00,2025-12-15 22:30:00+00:00,,0.0001,0.006,0.7065,10000.0,1.0,,270347,0,42036360,0,10,88,2500,0,0,0,1,2147483647,2147483647,2147483647,20497,314,2026,65535,4,USD,,,6A,XCME,M6A,FFCXSX,FUT,AUD,,,,F,255,255,255,7,255,4,6,255,255,N,127,127,255,M6AM6
2026-02-19 00:00:00+00:00,2026-02-15 14:08:13.257000+00:00,19,1,42658497,M6AH6,A,F,0.0001,1.0,2026-03-16 14:16:00+00:00,2025-09-15 21:30:00+00:00,,0.0001,0.006,0.7071,10000.0,1.0,,270347,0,42658497,0,10,88,2500,0,0,0,1,2147483647,2147483647,2147483647,20497,314,2026,65535,4,USD,,,6A,XCME,M6A,FFCXSX,FUT,AUD,,,,F,255,255,255,7,255,4,3,255,255,N,127,127,255,M6AH6
2026-02-19 00:00:00+00:00,2026-02-15 14:08:13.607000+00:00,19,1,42206434,M6AM6-M6AH6,A,S,0.0001,1.0,2026-03-16 14:16:00+00:00,2025-12-15 22:30:00+00:00,,,0.001,-0.0006,,,,271371,0,42206434,0,10,88,2500,0,0,0,1,2147483647,2147483647,2147483647,20497,314,2026,65535,4,USD,,SD,6A,XCME,M6A,FMCXSX,FUT,AUD,,,,F,255,255,255,3,255,4,3,255,255,N,127,127,255,M6AM6-M6AH6
2026-02-20 00:00:00+00:00,2026-02-15 14:08:13.357000+00:00,19,1,42036360,M6AM6,A,F,0.0001,1.0,2026-06-15 14:16:00+00:00,2025-12-15 22:30:00+00:00,,0.0001,0.006,0.7065,10000.0,1.0,,270347,0,42036360,0,10,88,2500,0,0,0,1,2147483647,2147483647,2147483647,20497,314,2026,65535,4,USD,,,6A,XCME,M6A,FFCXSX,FUT,AUD,,,,F,255,255,255,7,255,4,6,255,255,N,127,127,255,M6AM6
2026-02-20 00:00:00+00:00,2026-02-15 14:08:13.257000+00:00,19,1,42658497,M6AH6,A,F,0.0001,1.0,2026-03-16 14:16:00+00:00,2025-09-15 21:30:00+00:00,,0.0001,0.006,0.7071,10000.0,1.0,,270347,0,42658497,0,10,88,2500,0,0,0,1,2147483647,2147483647,2147483647,20497,314,2026,65535,4,USD,,,6A,XCME,M6A,FFCXSX,FUT,AUD,,,,F,255,255,255,7,255,4,3,255,255,N,127,127,255,M6AH6
2026-02-20 00:00:00+00:00,2026-02-15 14:08:13.607000+00:00,19,1,42206434,M6AM6-M6AH6,A,S,0.0001,1.0,2026-03-16 14:16:00+00:00,2025-12-15 22:30:00+00:00,,,0.001,-0.0006,,,,271371,0,42206434,0,10,88,2500,0,0,0,1,2147483647,2147483647,2147483647,20497,314,2026,65535,4,USD,,SD,6A,XCME,M6A,FMCXSX,FUT,AUD,,,,F,255,255,255,3,255,4,3,255,255,N,127,127,255,M6AM6-M6AH6
2026-02-22 12:45:40.124590590+00:00,2026-02-22 12:45:40.037000+00:00,19,1,42658497,M6AH6,A,F,0.0001,1.0,2026-03-16 14:16:00+00:00,2025-09-15 21:30:00+00:00,,0.0001,0.006,0.7078,10000.0,1.0,,270347,0,42658497,0,10,88,2500,0,0,0,1,2147483647,2147483647,2147483647,20504,314,2026,65535,4,USD,,,6A,XCME,M6A,FFCXSX,FUT,AUD,,,,F,255,255,255,7,255,4,3,255,255,N,127,127,255,M6AH6
2026-02-22 12:45:40.205441901+00:00,2026-02-22 12:45:40.137000+00:00,19,1,42036360,M6AM6,A,F,0.0001,1.0,2026-06-15 14:16:00+00:00,2025-12-15 22:30:00+00:00,,0.0001,0.006,0.7073,10000.0,1.0,,270347,0,42036360,0,10,88,2500,0,0,0,1,2147483647,2147483647,2147483647,20504,314,2026,65535,4,USD,,,6A,XCME,M6A,FFCXSX,FUT,AUD,,,,F,255,255,255,7,255,4,6,255,255,N,127,127,255,M6AM6
2026-02-22 12:45:40.410362578+00:00,2026-02-22 12:45:40.387000+00:00,19,1,42206434,M6AM6-M6AH6,A,S,0.0001,1.0,2026-03-16 14:16:00+00:00,2025-12-15 22:30:00+00:00,,,0.001,-0.0006,,,,271371,0,42206434,0,10,88,2500,0,0,0,1,2147483647,2147483647,2147483647,20504,314,2026,65535,4,USD,,SD,6A,XCME,M6A,FMCXSX,FUT,AUD,,,,F,255,255,255,3,255,4,3,255,255,N,127,127,255,M6AM6-M6AH6
2026-02-23 00:00:00+00:00,2026-02-22 12:45:40.137000+00:00,19,1,42036360,M6AM6,A,F,0.0001,1.0,2026-06-15 14:16:00+00:00,2025-12-15 22:30:00+00:00,,0.0001,0.006,0.7073,10000.0,1.0,,270347,0,42036360,0,10,88,2500,0,0,0,1,2147483647,2147483647,2147483647,20504,314,2026,65535,4,USD,,,6A,XCME,M6A,FFCXSX,FUT,AUD,,,,F,255,255,255,7,255,4,6,255,255,N,127,127,255,M6AM6
2026-02-23 00:00:00+00:00,2026-02-22 12:45:40.387000+00:00,19,1,42206434,M6AM6-M6AH6,A,S,0.0001,1.0,2026-03-16 14:16:00+00:00,2025-12-15 22:30:00+00:00,,,0.001,-0.0006,,,,271371,0,42206434,0,10,88,2500,0,0,0,1,2147483647,2147483647,2147483647,20504,314,2026,65535,4,USD,,SD,6A,XCME,M6A,FMCXSX,FUT,AUD,,,,F,255,255,255,3,255,4,3,255,255,N,127,127,255,M6AM6-M6AH6
2026-02-23 00:00:00+00:00,2026-02-22 12:45:40.037000+00:00,19,1,42658497,M6AH6,A,F,0.0001,1.0,2026-03-16 14:16:00+00:00,2025-09-15 21:30:00+00:00,,0.0001,0.006,0.7078,10000.0,1.0,,270347,0,42658497,0,10,88,2500,0,0,0,1,2147483647,2147483647,2147483647,20504,314,2026,65535,4,USD,,,6A,XCME,M6A,FFCXSX,FUT,AUD,,,,F,255,255,255,7,255,4,3,255,255,N,127,127,255,M6AH6
2026-02-24 00:00:00+00:00,2026-02-22 12:45:40.137000+00:00,19,1,42036360,M6AM6,A,F,0.0001,1.0,2026-06-15 14:16:00+00:00,2025-12-15 22:30:00+00:00,,0.0001,0.006,0.7073,10000.0,1.0,,270347,0,42036360,0,10,88,2500,0,0,0,1,2147483647,2147483647,2147483647,20504,314,2026,65535,4,USD,,,6A,XCME,M6A,FFCXSX,FUT,AUD,,,,F,255,255,255,7,255,4,6,255,255,N,127,127,255,M6AM6
2026-02-24 00:00:00+00:00,2026-02-22 12:45:40.387000+00:00,19,1,42206434,M6AM6-M6AH6,A,S,0.0001,1.0,2026-03-16 14:16:00+00:00,2025-12-15 22:30:00+00:00,,,0.001,-0.0006,,,,271371,0,42206434,0,10,88,2500,0,0,0,1,2147483647,2147483647,2147483647,20504,314,2026,65535,4,USD,,SD,6A,XCME,M6A,FMCXSX,FUT,AUD,,,,F,255,255,255,3,255,4,3,255,255,N,127,127,255,M6AM6-M6AH6
2026-02-24 00:00:00+00:00,2026-02-22 12:45:40.037000+00:00,19,1,42658497,M6AH6,A,F,0.0001,1.0,2026-03-16 14:16:00+00:00,2025-09-15 21:30:00+00:00,,0.0001,0.006,0.7078,10000.0,1.0,,270347,0,42658497,0,10,88,2500,0,0,0,1,2147483647,2147483647,2147483647,20504,314,2026,65535,4,USD,,,6A,XCME,M6A,FFCXSX,FUT,AUD,,,,F,255,255,255,7,255,4,3,255,255,N,127,127,255,M6AH6
2026-02-25 00:00:00+00:00,2026-02-22 12:45:40.387000+00:00,19,1,42206434,M6AM6-M6AH6,A,S,0.0001,1.0,2026-03-16 14:16:00+00:00,2025-12-15 22:30:00+00:00,,,0.001,-0.0006,,,,271371,0,42206434,0,10,88,2500,0,0,0,1,2147483647,2147483647,2147483647,20504,314,2026,65535,4,USD,,SD,6A,XCME,M6A,FMCXSX,FUT,AUD,,,,F,255,255,255,3,255,4,3,255,255,N,127,127,255,M6AM6-M6AH6
2026-02-25 00:00:00+00:00,2026-02-22 12:45:40.137000+00:00,19,1,42036360,M6AM6,A,F,0.0001,1.0,2026-06-15 14:16:00+00:00,2025-12-15 22:30:00+00:00,,0.0001,0.006,0.7073,10000.0,1.0,,270347,0,42036360,0,10,88,2500,0,0,0,1,2147483647,2147483647,2147483647,20504,314,2026,65535,4,USD,,,6A,XCME,M6A,FFCXSX,FUT,AUD,,,,F,255,255,255,7,255,4,6,255,255,N,127,127,255,M6AM6
2026-02-25 00:00:00+00:00,2026-02-22 12:45:40.037000+00:00,19,1,42658497,M6AH6,A,F,0.0001,1.0,2026-03-16 14:16:00+00:00,2025-09-15 21:30:00+00:00,,0.0001,0.006,0.7078,10000.0,1.0,,270347,0,42658497,0,10,88,2500,0,0,0,1,2147483647,2147483647,2147483647,20504,314,2026,65535,4,USD,,,6A,XCME,M6A,FFCXSX,FUT,AUD,,,,F,255,255,255,7,255,4,3,255,255,N,127,127,255,M6AH6
2026-02-26 00:00:00+00:00,2026-02-22 12:45:40.137000+00:00,19,1,42036360,M6AM6,A,F,0.0001,1.0,2026-06-15 14:16:00+00:00,2025-12-15 22:30:00+00:00,,0.0001,0.006,0.7073,10000.0,1.0,,270347,0,42036360,0,10,88,2500,0,0,0,1,2147483647,2147483647,2147483647,20504,314,2026,65535,4,USD,,,6A,XCME,M6A,FFCXSX,FUT,AUD,,,,F,255,255,255,7,255,4,6,255,255,N,127,127,255,M6AM6
2026-02-26 00:00:00+00:00,2026-02-22 12:45:40.037000+00:00,19,1,42658497,M6AH6,A,F,0.0001,1.0,2026-03-16 14:16:00+00:00,2025-09-15 21:30:00+00:00,,0.0001,0.006,0.7078,10000.0,1.0,,270347,0,42658497,0,10,88,2500,0,0,0,1,2147483647,2147483647,2147483647,20504,314,2026,65535,4,USD,,,6A,XCME,M6A,FFCXSX,FUT,AUD,,,,F,255,255,255,7,255,4,3,255,255,N,127,127,255,M6AH6
2026-02-26 00:00:00+00:00,2026-02-22 12:45:40.387000+00:00,19,1,42206434,M6AM6-M6AH6,A,S,0.0001,1.0,2026-03-16 14:16:00+00:00,2025-12-15 22:30:00+00:00,,,0.001,-0.0006,,,,271371,0,42206434,0,10,88,2500,0,0,0,1,2147483647,2147483647,2147483647,20504,314,2026,65535,4,USD,,SD,6A,XCME,M6A,FMCXSX,FUT,AUD,,,,F,255,255,255,3,255,4,3,255,255,N,127,127,255,M6AM6-M6AH6
2026-02-27 00:00:00+00:00,2026-02-22 12:45:40.137000+00:00,19,1,42036360,M6AM6,A,F,0.0001,1.0,2026-06-15 14:16:00+00:00,2025-12-15 22:30:00+00:00,,0.0001,0.006,0.7073,10000.0,1.0,,270347,0,42036360,0,10,88,2500,0,0,0,1,2147483647,2147483647,2147483647,20504,314,2026,65535,4,USD,,,6A,XCME,M6A,FFCXSX,FUT,AUD,,,,F,255,255,255,7,255,4,6,255,255,N,127,127,255,M6AM6
2026-02-27 00:00:00+00:00,2026-02-22 12:45:40.037000+00:00,19,1,42658497,M6AH6,A,F,0.0001,1.0,2026-03-16 14:16:00+00:00,2025-09-15 21:30:00+00:00,,0.0001,0.006,0.7078,10000.0,1.0,,270347,0,42658497,0,10,88,2500,0,0,0,1,2147483647,2147483647,2147483647,20504,314,2026,65535,4,USD,,,6A,XCME,M6A,FFCXSX,FUT,AUD,,,,F,255,255,255,7,255,4,3,255,255,N,127,127,255,M6AH6
2026-02-27 00:00:00+00:00,2026-02-22 12:45:40.387000+00:00,19,1,42206434,M6AM6-M6AH6,A,S,0.0001,1.0,2026-03-16 14:16:00+00:00,2025-12-15 22:30:00+00:00,,,0.001,-0.0006,,,,271371,0,42206434,0,10,88,2500,0,0,0,1,2147483647,2147483647,2147483647,20504,314,2026,65535,4,USD,,SD,6A,XCME,M6A,FMCXSX,FUT,AUD,,,,F,255,255,255,3,255,4,3,255,255,N,127,127,255,M6AM6-M6AH6
2026-03-01 13:08:36.129020711+00:00,2026-03-01 13:08:36.057000+00:00,19,1,42658497,M6AH6,A,F,0.0001,1.0,2026-03-16 14:16:00+00:00,2025-09-15 21:30:00+00:00,,0.0001,0.006,0.7114,10000.0,1.0,,270347,0,42658497,0,10,88,2500,0,0,0,1,2147483647,2147483647,2147483647,20511,314,2026,65535,4,USD,,,6A,XCME,M6A,FFCXSX,FUT,AUD,,,,F,255,255,255,7,255,4,3,255,255,N,127,127,255,M6AH6
2026-03-01 13:08:36.207576037+00:00,2026-03-01 13:08:36.157000+00:00,19,1,42036360,M6AM6,A,F,0.0001,1.0,2026-06-15 14:16:00+00:00,2025-12-15 22:30:00+00:00,,0.0001,0.006,0.7109,10000.0,1.0,,270347,0,42036360,0,10,88,2500,0,0,0,1,2147483647,2147483647,2147483647,20511,314,2026,65535,4,USD,,,6A,XCME,M6A,FFCXSX,FUT,AUD,,,,F,255,255,255,7,255,4,6,255,255,N,127,127,255,M6AM6
2026-03-01 13:08:36.428690191+00:00,2026-03-01 13:08:36.407000+00:00,19,1,42206434,M6AM6-M6AH6,A,S,0.0001,1.0,2026-03-16 14:16:00+00:00,2025-12-15 22:30:00+00:00,,,0.001,-0.0006,,,,271371,0,42206434,0,10,88,2500,0,0,0,1,2147483647,2147483647,2147483647,20511,314,2026,65535,4,USD,,SD,6A,XCME,M6A,FMCXSX,FUT,AUD,,,,F,255,255,255,3,255,4,3,255,255,N,127,127,255,M6AM6-M6AH6
2026-03-02 00:00:00+00:00,2026-03-01 13:08:36.157000+00:00,19,1,42036360,M6AM6,A,F,0.0001,1.0,2026-06-15 14:16:00+00:00,2025-12-15 22:30:00+00:00,,0.0001,0.006,0.7109,10000.0,1.0,,270347,0,42036360,0,10,88,2500,0,0,0,1,2147483647,2147483647,2147483647,20511,314,2026,65535,4,USD,,,6A,XCME,M6A,FFCXSX,FUT,AUD,,,,F,255,255,255,7,255,4,6,255,255,N,127,127,255,M6AM6
2026-03-02 00:00:00+00:00,2026-03-01 13:08:36.057000+00:00,19,1,42658497,M6AH6,A,F,0.0001,1.0,2026-03-16 14:16:00+00:00,2025-09-15 21:30:00+00:00,,0.0001,0.006,0.7114,10000.0,1.0,,270347,0,42658497,0,10,88,2500,0,0,0,1,2147483647,2147483647,2147483647,20511,314,2026,65535,4,USD,,,6A,XCME,M6A,FFCXSX,FUT,AUD,,,,F,255,255,255,7,255,4,3,255,255,N,127,127,255,M6AH6
2026-03-02 00:00:00+00:00,2026-03-01 13:08:36.407000+00:00,19,1,42206434,M6AM6-M6AH6,A,S,0.0001,1.0,2026-03-16 14:16:00+00:00,2025-12-15 22:30:00+00:00,,,0.001,-0.0006,,,,271371,0,42206434,0,10,88,2500,0,0,0,1,2147483647,2147483647,2147483647,20511,314,2026,65535,4,USD,,SD,6A,XCME,M6A,FMCXSX,FUT,AUD,,,,F,255,255,255,3,255,4,3,255,255,N,127,127,255,M6AM6-M6AH6
2026-03-03 00:00:00+00:00,2026-03-01 13:08:36.407000+00:00,19,1,42206434,M6AM6-M6AH6,A,S,0.0001,1.0,2026-03-16 14:16:00+00:00,2025-12-15 22:30:00+00:00,,,0.001,-0.0006,,,,271371,0,42206434,0,10,88,2500,0,0,0,1,2147483647,2147483647,2147483647,20511,314,2026,65535,4,USD,,SD,6A,XCME,M6A,FMCXSX,FUT,AUD,,,,F,255,255,255,3,255,4,3,255,255,N,127,127,255,M6AM6-M6AH6
2026-03-03 00:00:00+00:00,2026-03-01 13:08:36.157000+00:00,19,1,42036360,M6AM6,A,F,0.0001,1.0,2026-06-15 14:16:00+00:00,2025-12-15 22:30:00+00:00,,0.0001,0.006,0.7109,10000.0,1.0,,270347,0,42036360,0,10,88,2500,0,0,0,1,2147483647,2147483647,2147483647,20511,314,2026,65535,4,USD,,,6A,XCME,M6A,FFCXSX,FUT,AUD,,,,F,255,255,255,7,255,4,6,255,255,N,127,127,255,M6AM6
2026-03-03 00:00:00+00:00,2026-03-01 13:08:36.057000+00:00,19,1,42658497,M6AH6,A,F,0.0001,1.0,2026-03-16 14:16:00+00:00,2025-09-15 21:30:00+00:00,,0.0001,0.006,0.7114,10000.0,1.0,,270347,0,42658497,0,10,88,2500,0,0,0,1,2147483647,2147483647,2147483647,20511,314,2026,65535,4,USD,,,6A,XCME,M6A,FFCXSX,FUT,AUD,,,,F,255,255,255,7,255,4,3,255,255,N,127,127,255,M6AH6
2026-03-03 00:03:29.551795325+00:00,2026-03-03 00:03:29.535065181+00:00,19,1,42244728,M6AU6,A,F,0.0001,1.0,2026-09-14 14:16:00+00:00,2026-03-16 21:30:00+00:00,,0.0001,0.006,0.0,10000.0,1.0,,270347,0,42244728,0,10,88,2500,0,0,0,1,2147483647,2147483647,2147483647,20514,314,2026,65535,4,USD,,,6A,XCME,M6A,FFCXSX,FUT,AUD,,,,F,255,255,255,1,255,4,9,255,255,N,127,127,255,M6AU6
2026-03-03 00:16:05.589323034+00:00,2026-03-03 00:16:05.567347551+00:00,19,1,42331072,M6AU6-M6AM6,A,S,0.0001,1.0,2026-06-15 14:16:00+00:00,2026-03-16 21:30:00+00:00,,,0.001,0.0,,,,271371,0,42331072,0,10,88,2500,0,0,0,1,2147483647,2147483647,2147483647,20514,314,2026,65535,4,USD,,SD,6A,XCME,M6A,FMCXSX,FUT,AUD,,,,F,255,255,255,1,255,4,6,255,255,N,127,127,255,M6AU6-M6AM6
2026-03-04 00:00:00+00:00,2026-03-03 00:16:05.567347551+00:00,19,1,42331072,M6AU6-M6AM6,A,S,0.0001,1.0,2026-06-15 14:16:00+00:00,2026-03-16 21:30:00+00:00,,,0.001,0.0,,,,271371,0,42331072,0,10,88,2500,0,0,0,1,2147483647,2147483647,2147483647,20514,314,2026,65535,4,USD,,SD,6A,XCME,M6A,FMCXSX,FUT,AUD,,,,F,255,255,255,1,255,4,6,255,255,N,127,127,255,M6AU6-M6AM6
2026-03-04 00:00:00+00:00,2026-03-03 00:03:29.535065181+00:00,19,1,42244728,M6AU6,A,F,0.0001,1.0,2026-09-14 14:16:00+00:00,2026-03-16 21:30:00+00:00,,0.0001,0.006,0.0,10000.0,1.0,,270347,0,42244728,0,10,88,2500,0,0,0,1,2147483647,2147483647,2147483647,20514,314,2026,65535,4,USD,,,6A,XCME,M6A,FFCXSX,FUT,AUD,,,,F,255,255,255,1,255,4,9,255,255,N,127,127,255,M6AU6
2026-03-04 00:00:00+00:00,2026-03-01 13:08:36.407000+00:00,19,1,42206434,M6AM6-M6AH6,A,S,0.0001,1.0,2026-03-16 14:16:00+00:00,2025-12-15 22:30:00+00:00,,,0.001,-0.0006,,,,271371,0,42206434,0,10,88,2500,0,0,0,1,2147483647,2147483647,2147483647,20511,314,2026,65535,4,USD,,SD,6A,XCME,M6A,FMCXSX,FUT,AUD,,,,F,255,255,255,3,255,4,3,255,255,N,127,127,255,M6AM6-M6AH6
2026-03-04 00:00:00+00:00,2026-03-01 13:08:36.157000+00:00,19,1,42036360,M6AM6,A,F,0.0001,1.0,2026-06-15 14:16:00+00:00,2025-12-15 22:30:00+00:00,,0.0001,0.006,0.7109,10000.0,1.0,,270347,0,42036360,0,10,88,2500,0,0,0,1,2147483647,2147483647,2147483647,20511,314,2026,65535,4,USD,,,6A,XCME,M6A,FFCXSX,FUT,AUD,,,,F,255,255,255,7,255,4,6,255,255,N,127,127,255,M6AM6
2026-03-04 00:00:00+00:00,2026-03-01 13:08:36.057000+00:00,19,1,42658497,M6AH6,A,F,0.0001,1.0,2026-03-16 14:16:00+00:00,2025-09-15 21:30:00+00:00,,0.0001,0.006,0.7114,10000.0,1.0,,270347,0,42658497,0,10,88,2500,0,0,0,1,2147483647,2147483647,2147483647,20511,314,2026,65535,4,USD,,,6A,XCME,M6A,FFCXSX,FUT,AUD,,,,F,255,255,255,7,255,4,3,255,255,N,127,127,255,M6AH6
2026-03-05 00:00:00+00:00,2026-03-01 13:08:36.407000+00:00,19,1,42206434,M6AM6-M6AH6,A,S,0.0001,1.0,2026-03-16 14:16:00+00:00,2025-12-15 22:30:00+00:00,,,0.001,-0.0006,,,,271371,0,42206434,0,10,88,2500,0,0,0,1,2147483647,2147483647,2147483647,20511,314,2026,65535,4,USD,,SD,6A,XCME,M6A,FMCXSX,FUT,AUD,,,,F,255,255,255,3,255,4,3,255,255,N,127,127,255,M6AM6-M6AH6
2026-03-05 00:00:00+00:00,2026-03-03 00:16:05.567347551+00:00,19,1,42331072,M6AU6-M6AM6,A,S,0.0001,1.0,2026-06-15 14:16:00+00:00,2026-03-16 21:30:00+00:00,,,0.001,0.0,,,,271371,0,42331072,0,10,88,2500,0,0,0,1,2147483647,2147483647,2147483647,20514,314,2026,65535,4,USD,,SD,6A,XCME,M6A,FMCXSX,FUT,AUD,,,,F,255,255,255,1,255,4,6,255,255,N,127,127,255,M6AU6-M6AM6
2026-03-05 00:00:00+00:00,2026-03-03 00:03:29.535065181+00:00,19,1,42244728,M6AU6,A,F,0.0001,1.0,2026-09-14 14:16:00+00:00,2026-03-16 21:30:00+00:00,,0.0001,0.006,0.0,10000.0,1.0,,270347,0,42244728,0,10,88,2500,0,0,0,1,2147483647,2147483647,2147483647,20514,314,2026,65535,4,USD,,,6A,XCME,M6A,FFCXSX,FUT,AUD,,,,F,255,255,255,1,255,4,9,255,255,N,127,127,255,M6AU6
2026-03-05 00:00:00+00:00,2026-03-01 13:08:36.157000+00:00,19,1,42036360,M6AM6,A,F,0.0001,1.0,2026-06-15 14:16:00+00:00,2025-12-15 22:30:00+00:00,,0.0001,0.006,0.7109,10000.0,1.0,,270347,0,42036360,0,10,88,2500,0,0,0,1,2147483647,2147483647,2147483647,20511,314,2026,65535,4,USD,,,6A,XCME,M6A,FFCXSX,FUT,AUD,,,,F,255,255,255,7,255,4,6,255,255,N,127,127,255,M6AM6
2026-03-05 00:00:00+00:00,2026-03-01 13:08:36.057000+00:00,19,1,42658497,M6AH6,A,F,0.0001,1.0,2026-03-16 14:16:00+00:00,2025-09-15 21:30:00+00:00,,0.0001,0.006,0.7114,10000.0,1.0,,270347,0,42658497,0,10,88,2500,0,0,0,1,2147483647,2147483647,2147483647,20511,314,2026,65535,4,USD,,,6A,XCME,M6A,FFCXSX,FUT,AUD,,,,F,255,255,255,7,255,4,3,255,255,N,127,127,255,M6AH6
2026-03-06 00:00:00+00:00,2026-03-03 00:16:05.567347551+00:00,19,1,42331072,M6AU6-M6AM6,A,S,0.0001,1.0,2026-06-15 14:16:00+00:00,2026-03-16 21:30:00+00:00,,,0.001,0.0,,,,271371,0,42331072,0,10,88,2500,0,0,0,1,2147483647,2147483647,2147483647,20514,314,2026,65535,4,USD,,SD,6A,XCME,M6A,FMCXSX,FUT,AUD,,,,F,255,255,255,1,255,4,6,255,255,N,127,127,255,M6AU6-M6AM6
2026-03-06 00:00:00+00:00,2026-03-03 00:03:29.535065181+00:00,19,1,42244728,M6AU6,A,F,0.0001,1.0,2026-09-14 14:16:00+00:00,2026-03-16 21:30:00+00:00,,0.0001,0.006,0.0,10000.0,1.0,,270347,0,42244728,0,10,88,2500,0,0,0,1,2147483647,2147483647,2147483647,20514,314,2026,65535,4,USD,,,6A,XCME,M6A,FFCXSX,FUT,AUD,,,,F,255,255,255,1,255,4,9,255,255,N,127,127,255,M6AU6
2026-03-06 00:00:00+00:00,2026-03-01 13:08:36.407000+00:00,19,1,42206434,M6AM6-M6AH6,A,S,0.0001,1.0,2026-03-16 14:16:00+00:00,2025-12-15 22:30:00+00:00,,,0.001,-0.0006,,,,271371,0,42206434,0,10,88,2500,0,0,0,1,2147483647,2147483647,2147483647,20511,314,2026,65535,4,USD,,SD,6A,XCME,M6A,FMCXSX,FUT,AUD,,,,F,255,255,255,3,255,4,3,255,255,N,127,127,255,M6AM6-M6AH6
2026-03-06 00:00:00+00:00,2026-03-01 13:08:36.157000+00:00,19,1,42036360,M6AM6,A,F,0.0001,1.0,2026-06-15 14:16:00+00:00,2025-12-15 22:30:00+00:00,,0.0001,0.006,0.7109,10000.0,1.0,,270347,0,42036360,0,10,88,2500,0,0,0,1,2147483647,2147483647,2147483647,20511,314,2026,65535,4,USD,,,6A,XCME,M6A,FFCXSX,FUT,AUD,,,,F,255,255,255,7,255,4,6,255,255,N,127,127,255,M6AM6
2026-03-06 00:00:00+00:00,2026-03-01 13:08:36.057000+00:00,19,1,42658497,M6AH6,A,F,0.0001,1.0,2026-03-16 14:16:00+00:00,2025-09-15 21:30:00+00:00,,0.0001,0.006,0.7114,10000.0,1.0,,270347,0,42658497,0,10,88,2500,0,0,0,1,2147483647,2147483647,2147483647,20511,314,2026,65535,4,USD,,,6A,XCME,M6A,FFCXSX,FUT,AUD,,,,F,255,255,255,7,255,4,3,255,255,N,127,127,255,M6AH6
2026-03-08 15:06:28.810349949+00:00,2026-03-08 15:06:28.733000+00:00,19,1,42658497,M6AH6,A,F,0.0001,1.0,2026-03-16 14:16:00+00:00,2025-09-15 21:30:00+00:00,,0.0001,0.006,0.7025,10000.0,1.0,,270347,0,42658497,0,10,88,2500,0,0,0,1,2147483647,2147483647,2147483647,20518,314,2026,65535,4,USD,,,6A,XCME,M6A,FFCXSX,FUT,AUD,,,,F,255,255,255,7,255,4,3,255,255,N,127,127,255,M6AH6
2026-03-08 15:06:28.892194021+00:00,2026-03-08 15:06:28.883000+00:00,19,1,42036360,M6AM6,A,F,0.0001,1.0,2026-06-15 14:16:00+00:00,2025-12-15 22:30:00+00:00,,0.0001,0.006,0.7019,10000.0,1.0,,270347,0,42036360,0,10,88,2500,0,0,0,1,2147483647,2147483647,2147483647,20518,314,2026,65535,4,USD,,,6A,XCME,M6A,FFCXSX,FUT,AUD,,,,F,255,255,255,7,255,4,6,255,255,N,127,127,255,M6AM6
2026-03-08 15:06:29.055111087+00:00,2026-03-08 15:06:29.033000+00:00,19,1,42244728,M6AU6,A,F,0.0001,1.0,2026-09-14 14:16:00+00:00,2026-03-16 21:30:00+00:00,,0.0001,0.006,0.70055,10000.0,1.0,,270347,0,42244728,0,10,88,2500,0,0,0,1,2147483647,2147483647,2147483647,20518,314,2026,65535,4,USD,,,6A,XCME,M6A,FFCXSX,FUT,AUD,,,,F,255,255,255,7,255,4,9,255,255,N,127,127,255,M6AU6
2026-03-08 15:06:29.145173199+00:00,2026-03-08 15:06:29.133000+00:00,19,1,42206434,M6AM6-M6AH6,A,S,0.0001,1.0,2026-03-16 14:16:00+00:00,2025-12-15 22:30:00+00:00,,,0.001,-0.0006,,,,271371,0,42206434,0,10,88,2500,0,0,0,1,2147483647,2147483647,2147483647,20518,314,2026,65535,4,USD,,SD,6A,XCME,M6A,FMCXSX,FUT,AUD,,,,F,255,255,255,3,255,4,3,255,255,N,127,127,255,M6AM6-M6AH6
2026-03-08 15:06:29.204462871+00:00,2026-03-08 15:06:29.183000+00:00,19,1,42331072,M6AU6-M6AM6,A,S,0.0001,1.0,2026-06-15 14:16:00+00:00,2026-03-16 21:30:00+00:00,,,0.001,-0.0014,,,,271371,0,42331072,0,10,88,2500,0,0,0,1,2147483647,2147483647,2147483647,20518,314,2026,65535,4,USD,,SD,6A,XCME,M6A,FMCXSX,FUT,AUD,,,,F,255,255,255,3,255,4,6,255,255,N,127,127,255,M6AU6-M6AM6
2026-03-09 00:00:00+00:00,2026-03-08 15:06:29.133000+00:00,19,1,42206434,M6AM6-M6AH6,A,S,0.0001,1.0,2026-03-16 14:16:00+00:00,2025-12-15 22:30:00+00:00,,,0.001,-0.0006,,,,271371,0,42206434,0,10,88,2500,0,0,0,1,2147483647,2147483647,2147483647,20518,314,2026,65535,4,USD,,SD,6A,XCME,M6A,FMCXSX,FUT,AUD,,,,F,255,255,255,3,255,4,3,255,255,N,127,127,255,M6AM6-M6AH6
2026-03-09 00:00:00+00:00,2026-03-08 15:06:29.183000+00:00,19,1,42331072,M6AU6-M6AM6,A,S,0.0001,1.0,2026-06-15 14:16:00+00:00,2026-03-16 21:30:00+00:00,,,0.001,-0.0014,,,,271371,0,42331072,0,10,88,2500,0,0,0,1,2147483647,2147483647,2147483647,20518,314,2026,65535,4,USD,,SD,6A,XCME,M6A,FMCXSX,FUT,AUD,,,,F,255,255,255,3,255,4,6,255,255,N,127,127,255,M6AU6-M6AM6
2026-03-09 00:00:00+00:00,2026-03-08 15:06:29.033000+00:00,19,1,42244728,M6AU6,A,F,0.0001,1.0,2026-09-14 14:16:00+00:00,2026-03-16 21:30:00+00:00,,0.0001,0.006,0.70055,10000.0,1.0,,270347,0,42244728,0,10,88,2500,0,0,0,1,2147483647,2147483647,2147483647,20518,314,2026,65535,4,USD,,,6A,XCME,M6A,FFCXSX,FUT,AUD,,,,F,255,255,255,7,255,4,9,255,255,N,127,127,255,M6AU6
2026-03-09 00:00:00+00:00,2026-03-08 15:06:28.883000+00:00,19,1,42036360,M6AM6,A,F,0.0001,1.0,2026-06-15 14:16:00+00:00,2025-12-15 22:30:00+00:00,,0.0001,0.006,0.7019,10000.0,1.0,,270347,0,42036360,0,10,88,2500,0,0,0,1,2147483647,2147483647,2147483647,20518,314,2026,65535,4,USD,,,6A,XCME,M6A,FFCXSX,FUT,AUD,,,,F,255,255,255,7,255,4,6,255,255,N,127,127,255,M6AM6
2026-03-09 00:00:00+00:00,2026-03-08 15:06:28.733000+00:00,19,1,42658497,M6AH6,A,F,0.0001,1.0,2026-03-16 14:16:00+00:00,2025-09-15 21:30:00+00:00,,0.0001,0.006,0.7025,10000.0,1.0,,270347,0,42658497,0,10,88,2500,0,0,0,1,2147483647,2147483647,2147483647,20518,314,2026,65535,4,USD,,,6A,XCME,M6A,FFCXSX,FUT,AUD,,,,F,255,255,255,7,255,4,3,255,255,N,127,127,255,M6AH6
2026-03-10 00:00:00+00:00,2026-03-08 15:06:29.183000+00:00,19,1,42331072,M6AU6-M6AM6,A,S,0.0001,1.0,2026-06-15 14:16:00+00:00,2026-03-16 21:30:00+00:00,,,0.001,-0.0014,,,,271371,0,42331072,0,10,88,2500,0,0,0,1,2147483647,2147483647,2147483647,20518,314,2026,65535,4,USD,,SD,6A,XCME,M6A,FMCXSX,FUT,AUD,,,,F,255,255,255,3,255,4,6,255,255,N,127,127,255,M6AU6-M6AM6
2026-03-10 00:00:00+00:00,2026-03-08 15:06:29.033000+00:00,19,1,42244728,M6AU6,A,F,0.0001,1.0,2026-09-14 14:16:00+00:00,2026-03-16 21:30:00+00:00,,0.0001,0.006,0.70055,10000.0,1.0,,270347,0,42244728,0,10,88,2500,0,0,0,1,2147483647,2147483647,2147483647,20518,314,2026,65535,4,USD,,,6A,XCME,M6A,FFCXSX,FUT,AUD,,,,F,255,255,255,7,255,4,9,255,255,N,127,127,255,M6AU6
2026-03-10 00:00:00+00:00,2026-03-08 15:06:29.133000+00:00,19,1,42206434,M6AM6-M6AH6,A,S,0.0001,1.0,2026-03-16 14:16:00+00:00,2025-12-15 22:30:00+00:00,,,0.001,-0.0006,,,,271371,0,42206434,0,10,88,2500,0,0,0,1,2147483647,2147483647,2147483647,20518,314,2026,65535,4,USD,,SD,6A,XCME,M6A,FMCXSX,FUT,AUD,,,,F,255,255,255,3,255,4,3,255,255,N,127,127,255,M6AM6-M6AH6
2026-03-10 00:00:00+00:00,2026-03-08 15:06:28.883000+00:00,19,1,42036360,M6AM6,A,F,0.0001,1.0,2026-06-15 14:16:00+00:00,2025-12-15 22:30:00+00:00,,0.0001,0.006,0.7019,10000.0,1.0,,270347,0,42036360,0,10,88,2500,0,0,0,1,2147483647,2147483647,2147483647,20518,314,2026,65535,4,USD,,,6A,XCME,M6A,FFCXSX,FUT,AUD,,,,F,255,255,255,7,255,4,6,255,255,N,127,127,255,M6AM6
2026-03-10 00:00:00+00:00,2026-03-08 15:06:28.733000+00:00,19,1,42658497,M6AH6,A,F,0.0001,1.0,2026-03-16 14:16:00+00:00,2025-09-15 21:30:00+00:00,,0.0001,0.006,0.7025,10000.0,1.0,,270347,0,42658497,0,10,88,2500,0,0,0,1,2147483647,2147483647,2147483647,20518,314,2026,65535,4,USD,,,6A,XCME,M6A,FFCXSX,FUT,AUD,,,,F,255,255,255,7,255,4,3,255,255,N,127,127,255,M6AH6
2026-03-11 00:00:00+00:00,2026-03-08 15:06:29.183000+00:00,19,1,42331072,M6AU6-M6AM6,A,S,0.0001,1.0,2026-06-15 14:16:00+00:00,2026-03-16 21:30:00+00:00,,,0.001,-0.0014,,,,271371,0,42331072,0,10,88,2500,0,0,0,1,2147483647,2147483647,2147483647,20518,314,2026,65535,4,USD,,SD,6A,XCME,M6A,FMCXSX,FUT,AUD,,,,F,255,255,255,3,255,4,6,255,255,N,127,127,255,M6AU6-M6AM6
2026-03-11 00:00:00+00:00,2026-03-08 15:06:29.033000+00:00,19,1,42244728,M6AU6,A,F,0.0001,1.0,2026-09-14 14:16:00+00:00,2026-03-16 21:30:00+00:00,,0.0001,0.006,0.70055,10000.0,1.0,,270347,0,42244728,0,10,88,2500,0,0,0,1,2147483647,2147483647,2147483647,20518,314,2026,65535,4,USD,,,6A,XCME,M6A,FFCXSX,FUT,AUD,,,,F,255,255,255,7,255,4,9,255,255,N,127,127,255,M6AU6
2026-03-11 00:00:00+00:00,2026-03-08 15:06:29.133000+00:00,19,1,42206434,M6AM6-M6AH6,A,S,0.0001,1.0,2026-03-16 14:16:00+00:00,2025-12-15 22:30:00+00:00,,,0.001,-0.0006,,,,271371,0,42206434,0,10,88,2500,0,0,0,1,2147483647,2147483647,2147483647,20518,314,2026,65535,4,USD,,SD,6A,XCME,M6A,FMCXSX,FUT,AUD,,,,F,255,255,255,3,255,4,3,255,255,N,127,127,255,M6AM6-M6AH6
2026-03-11 00:00:00+00:00,2026-03-08 15:06:28.883000+00:00,19,1,42036360,M6AM6,A,F,0.0001,1.0,2026-06-15 14:16:00+00:00,2025-12-15 22:30:00+00:00,,0.0001,0.006,0.7019,10000.0,1.0,,270347,0,42036360,0,10,88,2500,0,0,0,1,2147483647,2147483647,2147483647,20518,314,2026,65535,4,USD,,,6A,XCME,M6A,FFCXSX,FUT,AUD,,,,F,255,255,255,7,255,4,6,255,255,N,127,127,255,M6AM6
2026-03-11 00:00:00+00:00,2026-03-08 15:06:28.733000+00:00,19,1,42658497,M6AH6,A,F,0.0001,1.0,2026-03-16 14:16:00+00:00,2025-09-15 21:30:00+00:00,,0.0001,0.006,0.7025,10000.0,1.0,,270347,0,42658497,0,10,88,2500,0,0,0,1,2147483647,2147483647,2147483647,20518,314,2026,65535,4,USD,,,6A,XCME,M6A,FFCXSX,FUT,AUD,,,,F,255,255,255,7,255,4,3,255,255,N,127,127,255,M6AH6
2026-03-12 00:00:00+00:00,2026-03-08 15:06:29.183000+00:00,19,1,42331072,M6AU6-M6AM6,A,S,0.0001,1.0,2026-06-15 14:16:00+00:00,2026-03-16 21:30:00+00:00,,,0.001,-0.0014,,,,271371,0,42331072,0,10,88,2500,0,0,0,1,2147483647,2147483647,2147483647,20518,314,2026,65535,4,USD,,SD,6A,XCME,M6A,FMCXSX,FUT,AUD,,,,F,255,255,255,3,255,4,6,255,255,N,127,127,255,M6AU6-M6AM6
2026-03-12 00:00:00+00:00,2026-03-08 15:06:29.033000+00:00,19,1,42244728,M6AU6,A,F,0.0001,1.0,2026-09-14 14:16:00+00:00,2026-03-16 21:30:00+00:00,,0.0001,0.006,0.70055,10000.0,1.0,,270347,0,42244728,0,10,88,2500,0,0,0,1,2147483647,2147483647,2147483647,20518,314,2026,65535,4,USD,,,6A,XCME,M6A,FFCXSX,FUT,AUD,,,,F,255,255,255,7,255,4,9,255,255,N,127,127,255,M6AU6
2026-03-12 00:00:00+00:00,2026-03-08 15:06:29.133000+00:00,19,1,42206434,M6AM6-M6AH6,A,S,0.0001,1.0,2026-03-16 14:16:00+00:00,2025-12-15 22:30:00+00:00,,,0.001,-0.0006,,,,271371,0,42206434,0,10,88,2500,0,0,0,1,2147483647,2147483647,2147483647,20518,314,2026,65535,4,USD,,SD,6A,XCME,M6A,FMCXSX,FUT,AUD,,,,F,255,255,255,3,255,4,3,255,255,N,127,127,255,M6AM6-M6AH6
2026-03-12 00:00:00+00:00,2026-03-08 15:06:28.883000+00:00,19,1,42036360,M6AM6,A,F,0.0001,1.0,2026-06-15 14:16:00+00:00,2025-12-15 22:30:00+00:00,,0.0001,0.006,0.7019,10000.0,1.0,,270347,0,42036360,0,10,88,2500,0,0,0,1,2147483647,2147483647,2147483647,20518,314,2026,65535,4,USD,,,6A,XCME,M6A,FFCXSX,FUT,AUD,,,,F,255,255,255,7,255,4,6,255,255,N,127,127,255,M6AM6
2026-03-12 00:00:00+00:00,2026-03-08 15:06:28.733000+00:00,19,1,42658497,M6AH6,A,F,0.0001,1.0,2026-03-16 14:16:00+00:00,2025-09-15 21:30:00+00:00,,0.0001,0.006,0.7025,10000.0,1.0,,270347,0,42658497,0,10,88,2500,0,0,0,1,2147483647,2147483647,2147483647,20518,314,2026,65535,4,USD,,,6A,XCME,M6A,FFCXSX,FUT,AUD,,,,F,255,255,255,7,255,4,3,255,255,N,127,127,255,M6AH6
2026-03-13 00:00:00+00:00,2026-03-08 15:06:29.133000+00:00,19,1,42206434,M6AM6-M6AH6,A,S,0.0001,1.0,2026-03-16 14:16:00+00:00,2025-12-15 22:30:00+00:00,,,0.001,-0.0006,,,,271371,0,42206434,0,10,88,2500,0,0,0,1,2147483647,2147483647,2147483647,20518,314,2026,65535,4,USD,,SD,6A,XCME,M6A,FMCXSX,FUT,AUD,,,,F,255,255,255,3,255,4,3,255,255,N,127,127,255,M6AM6-M6AH6
2026-03-13 00:00:00+00:00,2026-03-08 15:06:29.183000+00:00,19,1,42331072,M6AU6-M6AM6,A,S,0.0001,1.0,2026-06-15 14:16:00+00:00,2026-03-16 21:30:00+00:00,,,0.001,-0.0014,,,,271371,0,42331072,0,10,88,2500,0,0,0,1,2147483647,2147483647,2147483647,20518,314,2026,65535,4,USD,,SD,6A,XCME,M6A,FMCXSX,FUT,AUD,,,,F,255,255,255,3,255,4,6,255,255,N,127,127,255,M6AU6-M6AM6
2026-03-13 00:00:00+00:00,2026-03-08 15:06:29.033000+00:00,19,1,42244728,M6AU6,A,F,0.0001,1.0,2026-09-14 14:16:00+00:00,2026-03-16 21:30:00+00:00,,0.0001,0.006,0.70055,10000.0,1.0,,270347,0,42244728,0,10,88,2500,0,0,0,1,2147483647,2147483647,2147483647,20518,314,2026,65535,4,USD,,,6A,XCME,M6A,FFCXSX,FUT,AUD,,,,F,255,255,255,7,255,4,9,255,255,N,127,127,255,M6AU6
2026-03-13 00:00:00+00:00,2026-03-08 15:06:28.883000+00:00,19,1,42036360,M6AM6,A,F,0.0001,1.0,2026-06-15 14:16:00+00:00,2025-12-15 22:30:00+00:00,,0.0001,0.006,0.7019,10000.0,1.0,,270347,0,42036360,0,10,88,2500,0,0,0,1,2147483647,2147483647,2147483647,20518,314,2026,65535,4,USD,,,6A,XCME,M6A,FFCXSX,FUT,AUD,,,,F,255,255,255,7,255,4,6,255,255,N,127,127,255,M6AM6
2026-03-13 00:00:00+00:00,2026-03-08 15:06:28.733000+00:00,19,1,42658497,M6AH6,A,F,0.0001,1.0,2026-03-16 14:16:00+00:00,2025-09-15 21:30:00+00:00,,0.0001,0.006,0.7025,10000.0,1.0,,270347,0,42658497,0,10,88,2500,0,0,0,1,2147483647,2147483647,2147483647,20518,314,2026,65535,4,USD,,,6A,XCME,M6A,FFCXSX,FUT,AUD,,,,F,255,255,255,7,255,4,3,255,255,N,127,127,255,M6AH6
2026-03-15 13:29:45.346388399+00:00,2026-03-15 13:29:45.269000+00:00,19,1,42658497,M6AH6,A,F,0.0001,1.0,2026-03-16 14:16:00+00:00,2025-09-15 21:30:00+00:00,,0.0001,0.006,0.7004,10000.0,1.0,,270347,0,42658497,0,10,88,2500,0,0,0,1,2147483647,2147483647,2147483647,20525,314,2026,65535,4,USD,,,6A,XCME,M6A,FFCXSX,FUT,AUD,,,,F,255,255,255,7,255,4,3,255,255,N,127,127,255,M6AH6
2026-03-15 13:29:45.429382631+00:00,2026-03-15 13:29:45.419000+00:00,19,1,42036360,M6AM6,A,F,0.0001,1.0,2026-06-15 14:16:00+00:00,2025-12-15 22:30:00+00:00,,0.0001,0.006,0.6997,10000.0,1.0,,270347,0,42036360,0,10,88,2500,0,0,0,1,2147483647,2147483647,2147483647,20525,314,2026,65535,4,USD,,,6A,XCME,M6A,FFCXSX,FUT,AUD,,,,F,255,255,255,7,255,4,6,255,255,N,127,127,255,M6AM6
2026-03-15 13:29:45.593126788+00:00,2026-03-15 13:29:45.569000+00:00,19,1,42244728,M6AU6,A,F,0.0001,1.0,2026-09-14 14:16:00+00:00,2026-03-16 21:30:00+00:00,,0.0001,0.006,0.6985,10000.0,1.0,,270347,0,42244728,0,10,88,2500,0,0,0,1,2147483647,2147483647,2147483647,20525,314,2026,65535,4,USD,,,6A,XCME,M6A,FFCXSX,FUT,AUD,,,,F,255,255,255,7,255,4,9,255,255,N,127,127,255,M6AU6
2026-03-15 13:29:45.682602026+00:00,2026-03-15 13:29:45.669000+00:00,19,1,42206434,M6AM6-M6AH6,A,S,0.0001,1.0,2026-03-16 14:16:00+00:00,2025-12-15 22:30:00+00:00,,,0.001,-0.0007,,,,271371,0,42206434,0,10,88,2500,0,0,0,1,2147483647,2147483647,2147483647,20525,314,2026,65535,4,USD,,SD,6A,XCME,M6A,FMCXSX,FUT,AUD,,,,F,255,255,255,3,255,4,3,255,255,N,127,127,255,M6AM6-M6AH6
2026-03-15 13:29:45.740653587+00:00,2026-03-15 13:29:45.719000+00:00,19,1,42331072,M6AU6-M6AM6,A,S,0.0001,1.0,2026-06-15 14:16:00+00:00,2026-03-16 21:30:00+00:00,,,0.001,-0.0012,,,,271371,0,42331072,0,10,88,2500,0,0,0,1,2147483647,2147483647,2147483647,20525,314,2026,65535,4,USD,,SD,6A,XCME,M6A,FMCXSX,FUT,AUD,,,,F,255,255,255,3,255,4,6,255,255,N,127,127,255,M6AU6-M6AM6
2026-03-16 00:00:00+00:00,2026-03-15 13:29:45.669000+00:00,19,1,42206434,M6AM6-M6AH6,A,S,0.0001,1.0,2026-03-16 14:16:00+00:00,2025-12-15 22:30:00+00:00,,,0.001,-0.0007,,,,271371,0,42206434,0,10,88,2500,0,0,0,1,2147483647,2147483647,2147483647,20525,314,2026,65535,4,USD,,SD,6A,XCME,M6A,FMCXSX,FUT,AUD,,,,F,255,255,255,3,255,4,3,255,255,N,127,127,255,M6AM6-M6AH6
2026-03-16 00:00:00+00:00,2026-03-15 13:29:45.719000+00:00,19,1,42331072,M6AU6-M6AM6,A,S,0.0001,1.0,2026-06-15 14:16:00+00:00,2026-03-16 21:30:00+00:00,,,0.001,-0.0012,,,,271371,0,42331072,0,10,88,2500,0,0,0,1,2147483647,2147483647,2147483647,20525,314,2026,65535,4,USD,,SD,6A,XCME,M6A,FMCXSX,FUT,AUD,,,,F,255,255,255,3,255,4,6,255,255,N,127,127,255,M6AU6-M6AM6
2026-03-16 00:00:00+00:00,2026-03-15 13:29:45.569000+00:00,19,1,42244728,M6AU6,A,F,0.0001,1.0,2026-09-14 14:16:00+00:00,2026-03-16 21:30:00+00:00,,0.0001,0.006,0.6985,10000.0,1.0,,270347,0,42244728,0,10,88,2500,0,0,0,1,2147483647,2147483647,2147483647,20525,314,2026,65535,4,USD,,,6A,XCME,M6A,FFCXSX,FUT,AUD,,,,F,255,255,255,7,255,4,9,255,255,N,127,127,255,M6AU6
2026-03-16 00:00:00+00:00,2026-03-15 13:29:45.419000+00:00,19,1,42036360,M6AM6,A,F,0.0001,1.0,2026-06-15 14:16:00+00:00,2025-12-15 22:30:00+00:00,,0.0001,0.006,0.6997,10000.0,1.0,,270347,0,42036360,0,10,88,2500,0,0,0,1,2147483647,2147483647,2147483647,20525,314,2026,65535,4,USD,,,6A,XCME,M6A,FFCXSX,FUT,AUD,,,,F,255,255,255,7,255,4,6,255,255,N,127,127,255,M6AM6
2026-03-16 00:00:00+00:00,2026-03-15 13:29:45.269000+00:00,19,1,42658497,M6AH6,A,F,0.0001,1.0,2026-03-16 14:16:00+00:00,2025-09-15 21:30:00+00:00,,0.0001,0.006,0.7004,10000.0,1.0,,270347,0,42658497,0,10,88,2500,0,0,0,1,2147483647,2147483647,2147483647,20525,314,2026,65535,4,USD,,,6A,XCME,M6A,FFCXSX,FUT,AUD,,,,F,255,255,255,7,255,4,3,255,255,N,127,127,255,M6AH6
2026-03-17 00:00:00+00:00,2026-03-15 13:29:45.719000+00:00,19,1,42331072,M6AU6-M6AM6,A,S,0.0001,1.0,2026-06-15 14:16:00+00:00,2026-03-16 21:30:00+00:00,,,0.001,-0.0012,,,,271371,0,42331072,0,10,88,2500,0,0,0,1,2147483647,2147483647,2147483647,20525,314,2026,65535,4,USD,,SD,6A,XCME,M6A,FMCXSX,FUT,AUD,,,,F,255,255,255,3,255,4,6,255,255,N,127,127,255,M6AU6-M6AM6
2026-03-17 00:00:00+00:00,2026-03-15 13:29:45.569000+00:00,19,1,42244728,M6AU6,A,F,0.0001,1.0,2026-09-14 14:16:00+00:00,2026-03-16 21:30:00+00:00,,0.0001,0.006,0.6985,10000.0,1.0,,270347,0,42244728,0,10,88,2500,0,0,0,1,2147483647,2147483647,2147483647,20525,314,2026,65535,4,USD,,,6A,XCME,M6A,FFCXSX,FUT,AUD,,,,F,255,255,255,7,255,4,9,255,255,N,127,127,255,M6AU6
2026-03-17 00:00:00+00:00,2026-03-15 13:29:45.669000+00:00,19,1,42206434,M6AM6-M6AH6,A,S,0.0001,1.0,2026-03-16 14:16:00+00:00,2025-12-15 22:30:00+00:00,,,0.001,-0.0007,,,,271371,0,42206434,0,10,88,2500,0,0,0,1,2147483647,2147483647,2147483647,20525,314,2026,65535,4,USD,,SD,6A,XCME,M6A,FMCXSX,FUT,AUD,,,,F,255,255,255,3,255,4,3,255,255,N,127,127,255,M6AM6-M6AH6
2026-03-17 00:00:00+00:00,2026-03-15 13:29:45.419000+00:00,19,1,42036360,M6AM6,A,F,0.0001,1.0,2026-06-15 14:16:00+00:00,2025-12-15 22:30:00+00:00,,0.0001,0.006,0.6997,10000.0,1.0,,270347,0,42036360,0,10,88,2500,0,0,0,1,2147483647,2147483647,2147483647,20525,314,2026,65535,4,USD,,,6A,XCME,M6A,FFCXSX,FUT,AUD,,,,F,255,255,255,7,255,4,6,255,255,N,127,127,255,M6AM6
2026-03-17 00:00:00+00:00,2026-03-15 13:29:45.269000+00:00,19,1,42658497,M6AH6,A,F,0.0001,1.0,2026-03-16 14:16:00+00:00,2025-09-15 21:30:00+00:00,,0.0001,0.006,0.7004,10000.0,1.0,,270347,0,42658497,0,10,88,2500,0,0,0,1,2147483647,2147483647,2147483647,20525,314,2026,65535,4,USD,,,6A,XCME,M6A,FFCXSX,FUT,AUD,,,,F,255,255,255,7,255,4,3,255,255,N,127,127,255,M6AH6
2026-03-18 00:00:00+00:00,2026-03-15 13:29:45.669000+00:00,19,1,42206434,M6AM6-M6AH6,A,S,0.0001,1.0,2026-03-16 14:16:00+00:00,2025-12-15 22:30:00+00:00,,,0.001,-0.0007,,,,271371,0,42206434,0,10,88,2500,0,0,0,1,2147483647,2147483647,2147483647,20525,314,2026,65535,4,USD,,SD,6A,XCME,M6A,FMCXSX,FUT,AUD,,,,F,255,255,255,3,255,4,3,255,255,N,127,127,255,M6AM6-M6AH6
2026-03-18 00:00:00+00:00,2026-03-15 13:29:45.719000+00:00,19,1,42331072,M6AU6-M6AM6,A,S,0.0001,1.0,2026-06-15 14:16:00+00:00,2026-03-16 21:30:00+00:00,,,0.001,-0.0012,,,,271371,0,42331072,0,10,88,2500,0,0,0,1,2147483647,2147483647,2147483647,20525,314,2026,65535,4,USD,,SD,6A,XCME,M6A,FMCXSX,FUT,AUD,,,,F,255,255,255,3,255,4,6,255,255,N,127,127,255,M6AU6-M6AM6
2026-03-18 00:00:00+00:00,2026-03-15 13:29:45.569000+00:00,19,1,42244728,M6AU6,A,F,0.0001,1.0,2026-09-14 14:16:00+00:00,2026-03-16 21:30:00+00:00,,0.0001,0.006,0.6985,10000.0,1.0,,270347,0,42244728,0,10,88,2500,0,0,0,1,2147483647,2147483647,2147483647,20525,314,2026,65535,4,USD,,,6A,XCME,M6A,FFCXSX,FUT,AUD,,,,F,255,255,255,7,255,4,9,255,255,N,127,127,255,M6AU6
2026-03-18 00:00:00+00:00,2026-03-15 13:29:45.419000+00:00,19,1,42036360,M6AM6,A,F,0.0001,1.0,2026-06-15 14:16:00+00:00,2025-12-15 22:30:00+00:00,,0.0001,0.006,0.6997,10000.0,1.0,,270347,0,42036360,0,10,88,2500,0,0,0,1,2147483647,2147483647,2147483647,20525,314,2026,65535,4,USD,,,6A,XCME,M6A,FFCXSX,FUT,AUD,,,,F,255,255,255,7,255,4,6,255,255,N,127,127,255,M6AM6
2026-03-18 00:00:00+00:00,2026-03-15 13:29:45.269000+00:00,19,1,42658497,M6AH6,A,F,0.0001,1.0,2026-03-16 14:16:00+00:00,2025-09-15 21:30:00+00:00,,0.0001,0.006,0.7004,10000.0,1.0,,270347,0,42658497,0,10,88,2500,0,0,0,1,2147483647,2147483647,2147483647,20525,314,2026,65535,4,USD,,,6A,XCME,M6A,FFCXSX,FUT,AUD,,,,F,255,255,255,7,255,4,3,255,255,N,127,127,255,M6AH6
2026-03-19 00:00:00+00:00,2026-03-15 13:29:45.669000+00:00,19,1,42206434,M6AM6-M6AH6,A,S,0.0001,1.0,2026-03-16 14:16:00+00:00,2025-12-15 22:30:00+00:00,,,0.001,-0.0007,,,,271371,0,42206434,0,10,88,2500,0,0,0,1,2147483647,2147483647,2147483647,20525,314,2026,65535,4,USD,,SD,6A,XCME,M6A,FMCXSX,FUT,AUD,,,,F,255,255,255,3,255,4,3,255,255,N,127,127,255,M6AM6-M6AH6
2026-03-19 00:00:00+00:00,2026-03-15 13:29:45.719000+00:00,19,1,42331072,M6AU6-M6AM6,A,S,0.0001,1.0,2026-06-15 14:16:00+00:00,2026-03-16 21:30:00+00:00,,,0.001,-0.0012,,,,271371,0,42331072,0,10,88,2500,0,0,0,1,2147483647,2147483647,2147483647,20525,314,2026,65535,4,USD,,SD,6A,XCME,M6A,FMCXSX,FUT,AUD,,,,F,255,255,255,3,255,4,6,255,255,N,127,127,255,M6AU6-M6AM6
2026-03-19 00:00:00+00:00,2026-03-15 13:29:45.569000+00:00,19,1,42244728,M6AU6,A,F,0.0001,1.0,2026-09-14 14:16:00+00:00,2026-03-16 21:30:00+00:00,,0.0001,0.006,0.6985,10000.0,1.0,,270347,0,42244728,0,10,88,2500,0,0,0,1,2147483647,2147483647,2147483647,20525,314,2026,65535,4,USD,,,6A,XCME,M6A,FFCXSX,FUT,AUD,,,,F,255,255,255,7,255,4,9,255,255,N,127,127,255,M6AU6
2026-03-19 00:00:00+00:00,2026-03-15 13:29:45.419000+00:00,19,1,42036360,M6AM6,A,F,0.0001,1.0,2026-06-15 14:16:00+00:00,2025-12-15 22:30:00+00:00,,0.0001,0.006,0.6997,10000.0,1.0,,270347,0,42036360,0,10,88,2500,0,0,0,1,2147483647,2147483647,2147483647,20525,314,2026,65535,4,USD,,,6A,XCME,M6A,FFCXSX,FUT,AUD,,,,F,255,255,255,7,255,4,6,255,255,N,127,127,255,M6AM6
2026-03-19 00:00:00+00:00,2026-03-15 13:29:45.269000+00:00,19,1,42658497,M6AH6,A,F,0.0001,1.0,2026-03-16 14:16:00+00:00,2025-09-15 21:30:00+00:00,,0.0001,0.006,0.7004,10000.0,1.0,,270347,0,42658497,0,10,88,2500,0,0,0,1,2147483647,2147483647,2147483647,20525,314,2026,65535,4,USD,,,6A,XCME,M6A,FFCXSX,FUT,AUD,,,,F,255,255,255,7,255,4,3,255,255,N,127,127,255,M6AH6
2026-03-20 00:00:00+00:00,2026-03-15 13:29:45.719000+00:00,19,1,42331072,M6AU6-M6AM6,A,S,0.0001,1.0,2026-06-15 14:16:00+00:00,2026-03-16 21:30:00+00:00,,,0.001,-0.0012,,,,271371,0,42331072,0,10,88,2500,0,0,0,1,2147483647,2147483647,2147483647,20525,314,2026,65535,4,USD,,SD,6A,XCME,M6A,FMCXSX,FUT,AUD,,,,F,255,255,255,3,255,4,6,255,255,N,127,127,255,M6AU6-M6AM6
2026-03-20 00:00:00+00:00,2026-03-15 13:29:45.569000+00:00,19,1,42244728,M6AU6,A,F,0.0001,1.0,2026-09-14 14:16:00+00:00,2026-03-16 21:30:00+00:00,,0.0001,0.006,0.6985,10000.0,1.0,,270347,0,42244728,0,10,88,2500,0,0,0,1,2147483647,2147483647,2147483647,20525,314,2026,65535,4,USD,,,6A,XCME,M6A,FFCXSX,FUT,AUD,,,,F,255,255,255,7,255,4,9,255,255,N,127,127,255,M6AU6
2026-03-20 00:00:00+00:00,2026-03-15 13:29:45.669000+00:00,19,1,42206434,M6AM6-M6AH6,A,S,0.0001,1.0,2026-03-16 14:16:00+00:00,2025-12-15 22:30:00+00:00,,,0.001,-0.0007,,,,271371,0,42206434,0,10,88,2500,0,0,0,1,2147483647,2147483647,2147483647,20525,314,2026,65535,4,USD,,SD,6A,XCME,M6A,FMCXSX,FUT,AUD,,,,F,255,255,255,3,255,4,3,255,255,N,127,127,255,M6AM6-M6AH6
2026-03-20 00:00:00+00:00,2026-03-15 13:29:45.419000+00:00,19,1,42036360,M6AM6,A,F,0.0001,1.0,2026-06-15 14:16:00+00:00,2025-12-15 22:30:00+00:00,,0.0001,0.006,0.6997,10000.0,1.0,,270347,0,42036360,0,10,88,2500,0,0,0,1,2147483647,2147483647,2147483647,20525,314,2026,65535,4,USD,,,6A,XCME,M6A,FFCXSX,FUT,AUD,,,,F,255,255,255,7,255,4,6,255,255,N,127,127,255,M6AM6
2026-03-20 00:00:00+00:00,2026-03-15 13:29:45.269000+00:00,19,1,42658497,M6AH6,A,F,0.0001,1.0,2026-03-16 14:16:00+00:00,2025-09-15 21:30:00+00:00,,0.0001,0.006,0.7004,10000.0,1.0,,270347,0,42658497,0,10,88,2500,0,0,0,1,2147483647,2147483647,2147483647,20525,314,2026,65535,4,USD,,,6A,XCME,M6A,FFCXSX,FUT,AUD,,,,F,255,255,255,7,255,4,3,255,255,N,127,127,255,M6AH6
2026-03-22 14:30:30.509476222+00:00,2026-03-22 14:30:30.465000+00:00,19,1,42036360,M6AM6,A,F,0.0001,1.0,2026-06-15 14:16:00+00:00,2025-12-15 22:30:00+00:00,,0.0001,0.006,0.7002,10000.0,1.0,,270347,0,42036360,0,10,88,2500,0,0,0,1,2147483647,2147483647,2147483647,20532,314,2026,65535,4,USD,,,6A,XCME,M6A,FFCXSX,FUT,AUD,,,,F,255,255,255,7,255,4,6,255,255,N,127,127,255,M6AM6
2026-03-22 14:30:30.676340416+00:00,2026-03-22 14:30:30.665000+00:00,19,1,42244728,M6AU6,A,F,0.0001,1.0,2026-09-14 14:16:00+00:00,2026-03-16 21:30:00+00:00,,0.0001,0.006,0.6989,10000.0,1.0,,270347,0,42244728,0,10,88,2500,0,0,0,1,2147483647,2147483647,2147483647,20532,314,2026,65535,4,USD,,,6A,XCME,M6A,FFCXSX,FUT,AUD,,,,F,255,255,255,7,255,4,9,255,255,N,127,127,255,M6AU6
2026-03-22 14:30:30.786016575+00:00,2026-03-22 14:30:30.765000+00:00,19,1,42331072,M6AU6-M6AM6,A,S,0.0001,1.0,2026-06-15 14:16:00+00:00,2026-03-16 21:30:00+00:00,,,0.001,-0.0014,,,,271371,0,42331072,0,10,88,2500,0,0,0,1,2147483647,2147483647,2147483647,20532,314,2026,65535,4,USD,,SD,6A,XCME,M6A,FMCXSX,FUT,AUD,,,,F,255,255,255,3,255,4,6,255,255,N,127,127,255,M6AU6-M6AM6
2026-03-23 00:00:00+00:00,2026-03-22 14:30:30.465000+00:00,19,1,42036360,M6AM6,A,F,0.0001,1.0,2026-06-15 14:16:00+00:00,2025-12-15 22:30:00+00:00,,0.0001,0.006,0.7002,10000.0,1.0,,270347,0,42036360,0,10,88,2500,0,0,0,1,2147483647,2147483647,2147483647,20532,314,2026,65535,4,USD,,,6A,XCME,M6A,FFCXSX,FUT,AUD,,,,F,255,255,255,7,255,4,6,255,255,N,127,127,255,M6AM6
2026-03-23 00:00:00+00:00,2026-03-22 14:30:30.765000+00:00,19,1,42331072,M6AU6-M6AM6,A,S,0.0001,1.0,2026-06-15 14:16:00+00:00,2026-03-16 21:30:00+00:00,,,0.001,-0.0014,,,,271371,0,42331072,0,10,88,2500,0,0,0,1,2147483647,2147483647,2147483647,20532,314,2026,65535,4,USD,,SD,6A,XCME,M6A,FMCXSX,FUT,AUD,,,,F,255,255,255,3,255,4,6,255,255,N,127,127,255,M6AU6-M6AM6
2026-03-23 00:00:00+00:00,2026-03-22 14:30:30.665000+00:00,19,1,42244728,M6AU6,A,F,0.0001,1.0,2026-09-14 14:16:00+00:00,2026-03-16 21:30:00+00:00,,0.0001,0.006,0.6989,10000.0,1.0,,270347,0,42244728,0,10,88,2500,0,0,0,1,2147483647,2147483647,2147483647,20532,314,2026,65535,4,USD,,,6A,XCME,M6A,FFCXSX,FUT,AUD,,,,F,255,255,255,7,255,4,9,255,255,N,127,127,255,M6AU6
2026-03-24 00:00:00+00:00,2026-03-22 14:30:30.465000+00:00,19,1,42036360,M6AM6,A,F,0.0001,1.0,2026-06-15 14:16:00+00:00,2025-12-15 22:30:00+00:00,,0.0001,0.006,0.7002,10000.0,1.0,,270347,0,42036360,0,10,88,2500,0,0,0,1,2147483647,2147483647,2147483647,20532,314,2026,65535,4,USD,,,6A,XCME,M6A,FFCXSX,FUT,AUD,,,,F,255,255,255,7,255,4,6,255,255,N,127,127,255,M6AM6
2026-03-24 00:00:00+00:00,2026-03-22 14:30:30.765000+00:00,19,1,42331072,M6AU6-M6AM6,A,S,0.0001,1.0,2026-06-15 14:16:00+00:00,2026-03-16 21:30:00+00:00,,,0.001,-0.0014,,,,271371,0,42331072,0,10,88,2500,0,0,0,1,2147483647,2147483647,2147483647,20532,314,2026,65535,4,USD,,SD,6A,XCME,M6A,FMCXSX,FUT,AUD,,,,F,255,255,255,3,255,4,6,255,255,N,127,127,255,M6AU6-M6AM6
2026-03-24 00:00:00+00:00,2026-03-22 14:30:30.665000+00:00,19,1,42244728,M6AU6,A,F,0.0001,1.0,2026-09-14 14:16:00+00:00,2026-03-16 21:30:00+00:00,,0.0001,0.006,0.6989,10000.0,1.0,,270347,0,42244728,0,10,88,2500,0,0,0,1,2147483647,2147483647,2147483647,20532,314,2026,65535,4,USD,,,6A,XCME,M6A,FFCXSX,FUT,AUD,,,,F,255,255,255,7,255,4,9,255,255,N,127,127,255,M6AU6
2026-03-25 00:00:00+00:00,2026-03-22 14:30:30.465000+00:00,19,1,42036360,M6AM6,A,F,0.0001,1.0,2026-06-15 14:16:00+00:00,2025-12-15 22:30:00+00:00,,0.0001,0.006,0.7002,10000.0,1.0,,270347,0,42036360,0,10,88,2500,0,0,0,1,2147483647,2147483647,2147483647,20532,314,2026,65535,4,USD,,,6A,XCME,M6A,FFCXSX,FUT,AUD,,,,F,255,255,255,7,255,4,6,255,255,N,127,127,255,M6AM6
2026-03-25 00:00:00+00:00,2026-03-22 14:30:30.765000+00:00,19,1,42331072,M6AU6-M6AM6,A,S,0.0001,1.0,2026-06-15 14:16:00+00:00,2026-03-16 21:30:00+00:00,,,0.001,-0.0014,,,,271371,0,42331072,0,10,88,2500,0,0,0,1,2147483647,2147483647,2147483647,20532,314,2026,65535,4,USD,,SD,6A,XCME,M6A,FMCXSX,FUT,AUD,,,,F,255,255,255,3,255,4,6,255,255,N,127,127,255,M6AU6-M6AM6
2026-03-25 00:00:00+00:00,2026-03-22 14:30:30.665000+00:00,19,1,42244728,M6AU6,A,F,0.0001,1.0,2026-09-14 14:16:00+00:00,2026-03-16 21:30:00+00:00,,0.0001,0.006,0.6989,10000.0,1.0,,270347,0,42244728,0,10,88,2500,0,0,0,1,2147483647,2147483647,2147483647,20532,314,2026,65535,4,USD,,,6A,XCME,M6A,FFCXSX,FUT,AUD,,,,F,255,255,255,7,255,4,9,255,255,N,127,127,255,M6AU6
2026-03-26 00:00:00+00:00,2026-03-22 14:30:30.465000+00:00,19,1,42036360,M6AM6,A,F,0.0001,1.0,2026-06-15 14:16:00+00:00,2025-12-15 22:30:00+00:00,,0.0001,0.006,0.7002,10000.0,1.0,,270347,0,42036360,0,10,88,2500,0,0,0,1,2147483647,2147483647,2147483647,20532,314,2026,65535,4,USD,,,6A,XCME,M6A,FFCXSX,FUT,AUD,,,,F,255,255,255,7,255,4,6,255,255,N,127,127,255,M6AM6
2026-03-26 00:00:00+00:00,2026-03-22 14:30:30.765000+00:00,19,1,42331072,M6AU6-M6AM6,A,S,0.0001,1.0,2026-06-15 14:16:00+00:00,2026-03-16 21:30:00+00:00,,,0.001,-0.0014,,,,271371,0,42331072,0,10,88,2500,0,0,0,1,2147483647,2147483647,2147483647,20532,314,2026,65535,4,USD,,SD,6A,XCME,M6A,FMCXSX,FUT,AUD,,,,F,255,255,255,3,255,4,6,255,255,N,127,127,255,M6AU6-M6AM6
2026-03-26 00:00:00+00:00,2026-03-22 14:30:30.665000+00:00,19,1,42244728,M6AU6,A,F,0.0001,1.0,2026-09-14 14:16:00+00:00,2026-03-16 21:30:00+00:00,,0.0001,0.006,0.6989,10000.0,1.0,,270347,0,42244728,0,10,88,2500,0,0,0,1,2147483647,2147483647,2147483647,20532,314,2026,65535,4,USD,,,6A,XCME,M6A,FFCXSX,FUT,AUD,,,,F,255,255,255,7,255,4,9,255,255,N,127,127,255,M6AU6
2026-03-27 00:00:00+00:00,2026-03-22 14:30:30.465000+00:00,19,1,42036360,M6AM6,A,F,0.0001,1.0,2026-06-15 14:16:00+00:00,2025-12-15 22:30:00+00:00,,0.0001,0.006,0.7002,10000.0,1.0,,270347,0,42036360,0,10,88,2500,0,0,0,1,2147483647,2147483647,2147483647,20532,314,2026,65535,4,USD,,,6A,XCME,M6A,FFCXSX,FUT,AUD,,,,F,255,255,255,7,255,4,6,255,255,N,127,127,255,M6AM6
2026-03-27 00:00:00+00:00,2026-03-22 14:30:30.765000+00:00,19,1,42331072,M6AU6-M6AM6,A,S,0.0001,1.0,2026-06-15 14:16:00+00:00,2026-03-16 21:30:00+00:00,,,0.001,-0.0014,,,,271371,0,42331072,0,10,88,2500,0,0,0,1,2147483647,2147483647,2147483647,20532,314,2026,65535,4,USD,,SD,6A,XCME,M6A,FMCXSX,FUT,AUD,,,,F,255,255,255,3,255,4,6,255,255,N,127,127,255,M6AU6-M6AM6
2026-03-27 00:00:00+00:00,2026-03-22 14:30:30.665000+00:00,19,1,42244728,M6AU6,A,F,0.0001,1.0,2026-09-14 14:16:00+00:00,2026-03-16 21:30:00+00:00,,0.0001,0.006,0.6989,10000.0,1.0,,270347,0,42244728,0,10,88,2500,0,0,0,1,2147483647,2147483647,2147483647,20532,314,2026,65535,4,USD,,,6A,XCME,M6A,FFCXSX,FUT,AUD,,,,F,255,255,255,7,255,4,9,255,255,N,127,127,255,M6AU6
2026-03-29 13:19:08.919242934+00:00,2026-03-29 13:19:08.864000+00:00,19,1,42036360,M6AM6,A,F,0.0001,1.0,2026-06-15 14:16:00+00:00,2025-12-15 22:30:00+00:00,,0.0001,0.006,0.6865,10000.0,1.0,,270347,0,42036360,0,10,88,2500,0,0,0,1,2147483647,2147483647,2147483647,20539,314,2026,65535,4,USD,,,6A,XCME,M6A,FFCXSX,FUT,AUD,,,,F,255,255,255,7,255,4,6,255,255,N,127,127,255,M6AM6
2026-03-29 13:19:09.075871662+00:00,2026-03-29 13:19:09.064000+00:00,19,1,42244728,M6AU6,A,F,0.0001,1.0,2026-09-14 14:16:00+00:00,2026-03-16 21:30:00+00:00,,0.0001,0.006,0.6852,10000.0,1.0,,270347,0,42244728,0,10,88,2500,0,0,0,1,2147483647,2147483647,2147483647,20539,314,2026,65535,4,USD,,,6A,XCME,M6A,FFCXSX,FUT,AUD,,,,F,255,255,255,7,255,4,9,255,255,N,127,127,255,M6AU6
2026-03-29 13:19:09.185023174+00:00,2026-03-29 13:19:09.164000+00:00,19,1,42331072,M6AU6-M6AM6,A,S,0.0001,1.0,2026-06-15 14:16:00+00:00,2026-03-16 21:30:00+00:00,,,0.001,-0.0013,,,,271371,0,42331072,0,10,88,2500,0,0,0,1,2147483647,2147483647,2147483647,20539,314,2026,65535,4,USD,,SD,6A,XCME,M6A,FMCXSX,FUT,AUD,,,,F,255,255,255,3,255,4,6,255,255,N,127,127,255,M6AU6-M6AM6
2026-03-30 00:00:00+00:00,2026-03-29 13:19:08.864000+00:00,19,1,42036360,M6AM6,A,F,0.0001,1.0,2026-06-15 14:16:00+00:00,2025-12-15 22:30:00+00:00,,0.0001,0.006,0.6865,10000.0,1.0,,270347,0,42036360,0,10,88,2500,0,0,0,1,2147483647,2147483647,2147483647,20539,314,2026,65535,4,USD,,,6A,XCME,M6A,FFCXSX,FUT,AUD,,,,F,255,255,255,7,255,4,6,255,255,N,127,127,255,M6AM6
2026-03-30 00:00:00+00:00,2026-03-29 13:19:09.164000+00:00,19,1,42331072,M6AU6-M6AM6,A,S,0.0001,1.0,2026-06-15 14:16:00+00:00,2026-03-16 21:30:00+00:00,,,0.001,-0.0013,,,,271371,0,42331072,0,10,88,2500,0,0,0,1,2147483647,2147483647,2147483647,20539,314,2026,65535,4,USD,,SD,6A,XCME,M6A,FMCXSX,FUT,AUD,,,,F,255,255,255,3,255,4,6,255,255,N,127,127,255,M6AU6-M6AM6
2026-03-30 00:00:00+00:00,2026-03-29 13:19:09.064000+00:00,19,1,42244728,M6AU6,A,F,0.0001,1.0,2026-09-14 14:16:00+00:00,2026-03-16 21:30:00+00:00,,0.0001,0.006,0.6852,10000.0,1.0,,270347,0,42244728,0,10,88,2500,0,0,0,1,2147483647,2147483647,2147483647,20539,314,2026,65535,4,USD,,,6A,XCME,M6A,FFCXSX,FUT,AUD,,,,F,255,255,255,7,255,4,9,255,255,N,127,127,255,M6AU6
2026-03-31 00:00:00+00:00,2026-03-29 13:19:08.864000+00:00,19,1,42036360,M6AM6,A,F,0.0001,1.0,2026-06-15 14:16:00+00:00,2025-12-15 22:30:00+00:00,,0.0001,0.006,0.6865,10000.0,1.0,,270347,0,42036360,0,10,88,2500,0,0,0,1,2147483647,2147483647,2147483647,20539,314,2026,65535,4,USD,,,6A,XCME,M6A,FFCXSX,FUT,AUD,,,,F,255,255,255,7,255,4,6,255,255,N,127,127,255,M6AM6
2026-03-31 00:00:00+00:00,2026-03-29 13:19:09.164000+00:00,19,1,42331072,M6AU6-M6AM6,A,S,0.0001,1.0,2026-06-15 14:16:00+00:00,2026-03-16 21:30:00+00:00,,,0.001,-0.0013,,,,271371,0,42331072,0,10,88,2500,0,0,0,1,2147483647,2147483647,2147483647,20539,314,2026,65535,4,USD,,SD,6A,XCME,M6A,FMCXSX,FUT,AUD,,,,F,255,255,255,3,255,4,6,255,255,N,127,127,255,M6AU6-M6AM6
2026-03-31 00:00:00+00:00,2026-03-29 13:19:09.064000+00:00,19,1,42244728,M6AU6,A,F,0.0001,1.0,2026-09-14 14:16:00+00:00,2026-03-16 21:30:00+00:00,,0.0001,0.006,0.6852,10000.0,1.0,,270347,0,42244728,0,10,88,2500,0,0,0,1,2147483647,2147483647,2147483647,20539,314,2026,65535,4,USD,,,6A,XCME,M6A,FFCXSX,FUT,AUD,,,,F,255,255,255,7,255,4,9,255,255,N,127,127,255,M6AU6
2026-04-01 00:00:00+00:00,2026-03-29 13:19:08.864000+00:00,19,1,42036360,M6AM6,A,F,0.0001,1.0,2026-06-15 14:16:00+00:00,2025-12-15 22:30:00+00:00,,0.0001,0.006,0.6865,10000.0,1.0,,270347,0,42036360,0,10,88,2500,0,0,0,1,2147483647,2147483647,2147483647,20539,314,2026,65535,4,USD,,,6A,XCME,M6A,FFCXSX,FUT,AUD,,,,F,255,255,255,7,255,4,6,255,255,N,127,127,255,M6AM6
2026-04-01 00:00:00+00:00,2026-03-29 13:19:09.164000+00:00,19,1,42331072,M6AU6-M6AM6,A,S,0.0001,1.0,2026-06-15 14:16:00+00:00,2026-03-16 21:30:00+00:00,,,0.001,-0.0013,,,,271371,0,42331072,0,10,88,2500,0,0,0,1,2147483647,2147483647,2147483647,20539,314,2026,65535,4,USD,,SD,6A,XCME,M6A,FMCXSX,FUT,AUD,,,,F,255,255,255,3,255,4,6,255,255,N,127,127,255,M6AU6-M6AM6
2026-04-01 00:00:00+00:00,2026-03-29 13:19:09.064000+00:00,19,1,42244728,M6AU6,A,F,0.0001,1.0,2026-09-14 14:16:00+00:00,2026-03-16 21:30:00+00:00,,0.0001,0.006,0.6852,10000.0,1.0,,270347,0,42244728,0,10,88,2500,0,0,0,1,2147483647,2147483647,2147483647,20539,314,2026,65535,4,USD,,,6A,XCME,M6A,FFCXSX,FUT,AUD,,,,F,255,255,255,7,255,4,9,255,255,N,127,127,255,M6AU6
2026-04-02 00:00:00+00:00,2026-03-29 13:19:08.864000+00:00,19,1,42036360,M6AM6,A,F,0.0001,1.0,2026-06-15 14:16:00+00:00,2025-12-15 22:30:00+00:00,,0.0001,0.006,0.6865,10000.0,1.0,,270347,0,42036360,0,10,88,2500,0,0,0,1,2147483647,2147483647,2147483647,20539,314,2026,65535,4,USD,,,6A,XCME,M6A,FFCXSX,FUT,AUD,,,,F,255,255,255,7,255,4,6,255,255,N,127,127,255,M6AM6
2026-04-02 00:00:00+00:00,2026-03-29 13:19:09.164000+00:00,19,1,42331072,M6AU6-M6AM6,A,S,0.0001,1.0,2026-06-15 14:16:00+00:00,2026-03-16 21:30:00+00:00,,,0.001,-0.0013,,,,271371,0,42331072,0,10,88,2500,0,0,0,1,2147483647,2147483647,2147483647,20539,314,2026,65535,4,USD,,SD,6A,XCME,M6A,FMCXSX,FUT,AUD,,,,F,255,255,255,3,255,4,6,255,255,N,127,127,255,M6AU6-M6AM6
2026-04-02 00:00:00+00:00,2026-03-29 13:19:09.064000+00:00,19,1,42244728,M6AU6,A,F,0.0001,1.0,2026-09-14 14:16:00+00:00,2026-03-16 21:30:00+00:00,,0.0001,0.006,0.6852,10000.0,1.0,,270347,0,42244728,0,10,88,2500,0,0,0,1,2147483647,2147483647,2147483647,20539,314,2026,65535,4,USD,,,6A,XCME,M6A,FFCXSX,FUT,AUD,,,,F,255,255,255,7,255,4,9,255,255,N,127,127,255,M6AU6
2026-04-03 00:00:00+00:00,2026-03-29 13:19:08.864000+00:00,19,1,42036360,M6AM6,A,F,0.0001,1.0,2026-06-15 14:16:00+00:00,2025-12-15 22:30:00+00:00,,0.0001,0.006,0.6865,10000.0,1.0,,270347,0,42036360,0,10,88,2500,0,0,0,1,2147483647,2147483647,2147483647,20539,314,2026,65535,4,USD,,,6A,XCME,M6A,FFCXSX,FUT,AUD,,,,F,255,255,255,7,255,4,6,255,255,N,127,127,255,M6AM6
2026-04-03 00:00:00+00:00,2026-03-29 13:19:09.164000+00:00,19,1,42331072,M6AU6-M6AM6,A,S,0.0001,1.0,2026-06-15 14:16:00+00:00,2026-03-16 21:30:00+00:00,,,0.001,-0.0013,,,,271371,0,42331072,0,10,88,2500,0,0,0,1,2147483647,2147483647,2147483647,20539,314,2026,65535,4,USD,,SD,6A,XCME,M6A,FMCXSX,FUT,AUD,,,,F,255,255,255,3,255,4,6,255,255,N,127,127,255,M6AU6-M6AM6
2026-04-03 00:00:00+00:00,2026-03-29 13:19:09.064000+00:00,19,1,42244728,M6AU6,A,F,0.0001,1.0,2026-09-14 14:16:00+00:00,2026-03-16 21:30:00+00:00,,0.0001,0.006,0.6852,10000.0,1.0,,270347,0,42244728,0,10,88,2500,0,0,0,1,2147483647,2147483647,2147483647,20539,314,2026,65535,4,USD,,,6A,XCME,M6A,FFCXSX,FUT,AUD,,,,F,255,255,255,7,255,4,9,255,255,N,127,127,255,M6AU6
2026-04-05 13:25:01.055585537+00:00,2026-04-05 13:25:01.002000+00:00,19,1,42036360,M6AM6,A,F,0.0001,1.0,2026-06-15 14:16:00+00:00,2025-12-15 22:30:00+00:00,,0.0001,0.006,0.6886,10000.0,1.0,,270347,0,42036360,0,10,88,2500,0,0,0,1,2147483647,2147483647,2147483647,20546,314,2026,65535,4,USD,,,6A,XCME,M6A,FFCXSX,FUT,AUD,,,,F,255,255,255,7,255,4,6,255,255,N,127,127,255,M6AM6
2026-04-05 13:25:01.215254841+00:00,2026-04-05 13:25:01.202000+00:00,19,1,42244728,M6AU6,A,F,0.0001,1.0,2026-09-14 14:16:00+00:00,2026-03-16 21:30:00+00:00,,0.0001,0.006,0.6873,10000.0,1.0,,270347,0,42244728,0,10,88,2500,0,0,0,1,2147483647,2147483647,2147483647,20546,314,2026,65535,4,USD,,,6A,XCME,M6A,FFCXSX,FUT,AUD,,,,F,255,255,255,7,255,4,9,255,255,N,127,127,255,M6AU6
2026-04-05 13:25:01.364486915+00:00,2026-04-05 13:25:01.352000+00:00,19,1,42331072,M6AU6-M6AM6,A,S,0.0001,1.0,2026-06-15 14:16:00+00:00,2026-03-16 21:30:00+00:00,,,0.001,-0.0013,,,,271371,0,42331072,0,10,88,2500,0,0,0,1,2147483647,2147483647,2147483647,20546,314,2026,65535,4,USD,,SD,6A,XCME,M6A,FMCXSX,FUT,AUD,,,,F,255,255,255,3,255,4,6,255,255,N,127,127,255,M6AU6-M6AM6
2026-04-06 00:00:00+00:00,2026-04-05 13:25:01.002000+00:00,19,1,42036360,M6AM6,A,F,0.0001,1.0,2026-06-15 14:16:00+00:00,2025-12-15 22:30:00+00:00,,0.0001,0.006,0.6886,10000.0,1.0,,270347,0,42036360,0,10,88,2500,0,0,0,1,2147483647,2147483647,2147483647,20546,314,2026,65535,4,USD,,,6A,XCME,M6A,FFCXSX,FUT,AUD,,,,F,255,255,255,7,255,4,6,255,255,N,127,127,255,M6AM6
2026-04-06 00:00:00+00:00,2026-04-05 13:25:01.202000+00:00,19,1,42244728,M6AU6,A,F,0.0001,1.0,2026-09-14 14:16:00+00:00,2026-03-16 21:30:00+00:00,,0.0001,0.006,0.6873,10000.0,1.0,,270347,0,42244728,0,10,88,2500,0,0,0,1,2147483647,2147483647,2147483647,20546,314,2026,65535,4,USD,,,6A,XCME,M6A,FFCXSX,FUT,AUD,,,,F,255,255,255,7,255,4,9,255,255,N,127,127,255,M6AU6
2026-04-06 00:00:00+00:00,2026-04-05 13:25:01.352000+00:00,19,1,42331072,M6AU6-M6AM6,A,S,0.0001,1.0,2026-06-15 14:16:00+00:00,2026-03-16 21:30:00+00:00,,,0.001,-0.0013,,,,271371,0,42331072,0,10,88,2500,0,0,0,1,2147483647,2147483647,2147483647,20546,314,2026,65535,4,USD,,SD,6A,XCME,M6A,FMCXSX,FUT,AUD,,,,F,255,255,255,3,255,4,6,255,255,N,127,127,255,M6AU6-M6AM6
2026-04-07 00:00:00+00:00,2026-04-05 13:25:01.002000+00:00,19,1,42036360,M6AM6,A,F,0.0001,1.0,2026-06-15 14:16:00+00:00,2025-12-15 22:30:00+00:00,,0.0001,0.006,0.6886,10000.0,1.0,,270347,0,42036360,0,10,88,2500,0,0,0,1,2147483647,2147483647,2147483647,20546,314,2026,65535,4,USD,,,6A,XCME,M6A,FFCXSX,FUT,AUD,,,,F,255,255,255,7,255,4,6,255,255,N,127,127,255,M6AM6
2026-04-07 00:00:00+00:00,2026-04-05 13:25:01.202000+00:00,19,1,42244728,M6AU6,A,F,0.0001,1.0,2026-09-14 14:16:00+00:00,2026-03-16 21:30:00+00:00,,0.0001,0.006,0.6873,10000.0,1.0,,270347,0,42244728,0,10,88,2500,0,0,0,1,2147483647,2147483647,2147483647,20546,314,2026,65535,4,USD,,,6A,XCME,M6A,FFCXSX,FUT,AUD,,,,F,255,255,255,7,255,4,9,255,255,N,127,127,255,M6AU6
2026-04-07 00:00:00+00:00,2026-04-05 13:25:01.352000+00:00,19,1,42331072,M6AU6-M6AM6,A,S,0.0001,1.0,2026-06-15 14:16:00+00:00,2026-03-16 21:30:00+00:00,,,0.001,-0.0013,,,,271371,0,42331072,0,10,88,2500,0,0,0,1,2147483647,2147483647,2147483647,20546,314,2026,65535,4,USD,,SD,6A,XCME,M6A,FMCXSX,FUT,AUD,,,,F,255,255,255,3,255,4,6,255,255,N,127,127,255,M6AU6-M6AM6
2026-04-08 00:00:00+00:00,2026-04-05 13:25:01.002000+00:00,19,1,42036360,M6AM6,A,F,0.0001,1.0,2026-06-15 14:16:00+00:00,2025-12-15 22:30:00+00:00,,0.0001,0.006,0.6886,10000.0,1.0,,270347,0,42036360,0,10,88,2500,0,0,0,1,2147483647,2147483647,2147483647,20546,314,2026,65535,4,USD,,,6A,XCME,M6A,FFCXSX,FUT,AUD,,,,F,255,255,255,7,255,4,6,255,255,N,127,127,255,M6AM6
2026-04-08 00:00:00+00:00,2026-04-05 13:25:01.202000+00:00,19,1,42244728,M6AU6,A,F,0.0001,1.0,2026-09-14 14:16:00+00:00,2026-03-16 21:30:00+00:00,,0.0001,0.006,0.6873,10000.0,1.0,,270347,0,42244728,0,10,88,2500,0,0,0,1,2147483647,2147483647,2147483647,20546,314,2026,65535,4,USD,,,6A,XCME,M6A,FFCXSX,FUT,AUD,,,,F,255,255,255,7,255,4,9,255,255,N,127,127,255,M6AU6
2026-04-08 00:00:00+00:00,2026-04-05 13:25:01.352000+00:00,19,1,42331072,M6AU6-M6AM6,A,S,0.0001,1.0,2026-06-15 14:16:00+00:00,2026-03-16 21:30:00+00:00,,,0.001,-0.0013,,,,271371,0,42331072,0,10,88,2500,0,0,0,1,2147483647,2147483647,2147483647,20546,314,2026,65535,4,USD,,SD,6A,XCME,M6A,FMCXSX,FUT,AUD,,,,F,255,255,255,3,255,4,6,255,255,N,127,127,255,M6AU6-M6AM6
2026-04-09 00:00:00+00:00,2026-04-05 13:25:01.002000+00:00,19,1,42036360,M6AM6,A,F,0.0001,1.0,2026-06-15 14:16:00+00:00,2025-12-15 22:30:00+00:00,,0.0001,0.006,0.6886,10000.0,1.0,,270347,0,42036360,0,10,88,2500,0,0,0,1,2147483647,2147483647,2147483647,20546,314,2026,65535,4,USD,,,6A,XCME,M6A,FFCXSX,FUT,AUD,,,,F,255,255,255,7,255,4,6,255,255,N,127,127,255,M6AM6
2026-04-09 00:00:00+00:00,2026-04-05 13:25:01.202000+00:00,19,1,42244728,M6AU6,A,F,0.0001,1.0,2026-09-14 14:16:00+00:00,2026-03-16 21:30:00+00:00,,0.0001,0.006,0.6873,10000.0,1.0,,270347,0,42244728,0,10,88,2500,0,0,0,1,2147483647,2147483647,2147483647,20546,314,2026,65535,4,USD,,,6A,XCME,M6A,FFCXSX,FUT,AUD,,,,F,255,255,255,7,255,4,9,255,255,N,127,127,255,M6AU6
2026-04-09 00:00:00+00:00,2026-04-05 13:25:01.352000+00:00,19,1,42331072,M6AU6-M6AM6,A,S,0.0001,1.0,2026-06-15 14:16:00+00:00,2026-03-16 21:30:00+00:00,,,0.001,-0.0013,,,,271371,0,42331072,0,10,88,2500,0,0,0,1,2147483647,2147483647,2147483647,20546,314,2026,65535,4,USD,,SD,6A,XCME,M6A,FMCXSX,FUT,AUD,,,,F,255,255,255,3,255,4,6,255,255,N,127,127,255,M6AU6-M6AM6
2026-04-10 00:00:00+00:00,2026-04-05 13:25:01.002000+00:00,19,1,42036360,M6AM6,A,F,0.0001,1.0,2026-06-15 14:16:00+00:00,2025-12-15 22:30:00+00:00,,0.0001,0.006,0.6886,10000.0,1.0,,270347,0,42036360,0,10,88,2500,0,0,0,1,2147483647,2147483647,2147483647,20546,314,2026,65535,4,USD,,,6A,XCME,M6A,FFCXSX,FUT,AUD,,,,F,255,255,255,7,255,4,6,255,255,N,127,127,255,M6AM6
2026-04-10 00:00:00+00:00,2026-04-05 13:25:01.202000+00:00,19,1,42244728,M6AU6,A,F,0.0001,1.0,2026-09-14 14:16:00+00:00,2026-03-16 21:30:00+00:00,,0.0001,0.006,0.6873,10000.0,1.0,,270347,0,42244728,0,10,88,2500,0,0,0,1,2147483647,2147483647,2147483647,20546,314,2026,65535,4,USD,,,6A,XCME,M6A,FFCXSX,FUT,AUD,,,,F,255,255,255,7,255,4,9,255,255,N,127,127,255,M6AU6
2026-04-10 00:00:00+00:00,2026-04-05 13:25:01.352000+00:00,19,1,42331072,M6AU6-M6AM6,A,S,0.0001,1.0,2026-06-15 14:16:00+00:00,2026-03-16 21:30:00+00:00,,,0.001,-0.0013,,,,271371,0,42331072,0,10,88,2500,0,0,0,1,2147483647,2147483647,2147483647,20546,314,2026,65535,4,USD,,SD,6A,XCME,M6A,FMCXSX,FUT,AUD,,,,F,255,255,255,3,255,4,6,255,255,N,127,127,255,M6AU6-M6AM6
2026-04-12 13:17:17.659493884+00:00,2026-04-12 13:17:17.605000+00:00,19,1,42036360,M6AM6,A,F,0.0001,1.0,2026-06-15 14:16:00+00:00,2025-12-15 22:30:00+00:00,,0.0001,0.006,0.7073,10000.0,1.0,,270347,0,42036360,0,10,88,2500,0,0,0,1,2147483647,2147483647,2147483647,20553,314,2026,65535,4,USD,,,6A,XCME,M6A,FFCXSX,FUT,AUD,,,,F,255,255,255,7,255,4,6,255,255,N,127,127,255,M6AM6
2026-04-12 13:17:17.819044078+00:00,2026-04-12 13:17:17.805000+00:00,19,1,42244728,M6AU6,A,F,0.0001,1.0,2026-09-14 14:16:00+00:00,2026-03-16 21:30:00+00:00,,0.0001,0.006,0.706,10000.0,1.0,,270347,0,42244728,0,10,88,2500,0,0,0,1,2147483647,2147483647,2147483647,20553,314,2026,65535,4,USD,,,6A,XCME,M6A,FFCXSX,FUT,AUD,,,,F,255,255,255,7,255,4,9,255,255,N,127,127,255,M6AU6
2026-04-12 13:17:17.967454185+00:00,2026-04-12 13:17:17.955000+00:00,19,1,42331072,M6AU6-M6AM6,A,S,0.0001,1.0,2026-06-15 14:16:00+00:00,2026-03-16 21:30:00+00:00,,,0.001,-0.0013,,,,271371,0,42331072,0,10,88,2500,0,0,0,1,2147483647,2147483647,2147483647,20553,314,2026,65535,4,USD,,SD,6A,XCME,M6A,FMCXSX,FUT,AUD,,,,F,255,255,255,3,255,4,6,255,255,N,127,127,255,M6AU6-M6AM6
2026-04-13 00:00:00+00:00,2026-04-12 13:17:17.605000+00:00,19,1,42036360,M6AM6,A,F,0.0001,1.0,2026-06-15 14:16:00+00:00,2025-12-15 22:30:00+00:00,,0.0001,0.006,0.7073,10000.0,1.0,,270347,0,42036360,0,10,88,2500,0,0,0,1,2147483647,2147483647,2147483647,20553,314,2026,65535,4,USD,,,6A,XCME,M6A,FFCXSX,FUT,AUD,,,,F,255,255,255,7,255,4,6,255,255,N,127,127,255,M6AM6
2026-04-13 00:00:00+00:00,2026-04-12 13:17:17.805000+00:00,19,1,42244728,M6AU6,A,F,0.0001,1.0,2026-09-14 14:16:00+00:00,2026-03-16 21:30:00+00:00,,0.0001,0.006,0.706,10000.0,1.0,,270347,0,42244728,0,10,88,2500,0,0,0,1,2147483647,2147483647,2147483647,20553,314,2026,65535,4,USD,,,6A,XCME,M6A,FFCXSX,FUT,AUD,,,,F,255,255,255,7,255,4,9,255,255,N,127,127,255,M6AU6
2026-04-13 00:00:00+00:00,2026-04-12 13:17:17.955000+00:00,19,1,42331072,M6AU6-M6AM6,A,S,0.0001,1.0,2026-06-15 14:16:00+00:00,2026-03-16 21:30:00+00:00,,,0.001,-0.0013,,,,271371,0,42331072,0,10,88,2500,0,0,0,1,2147483647,2147483647,2147483647,20553,314,2026,65535,4,USD,,SD,6A,XCME,M6A,FMCXSX,FUT,AUD,,,,F,255,255,255,3,255,4,6,255,255,N,127,127,255,M6AU6-M6AM6
2026-04-14 00:00:00+00:00,2026-04-12 13:17:17.605000+00:00,19,1,42036360,M6AM6,A,F,0.0001,1.0,2026-06-15 14:16:00+00:00,2025-12-15 22:30:00+00:00,,0.0001,0.006,0.7073,10000.0,1.0,,270347,0,42036360,0,10,88,2500,0,0,0,1,2147483647,2147483647,2147483647,20553,314,2026,65535,4,USD,,,6A,XCME,M6A,FFCXSX,FUT,AUD,,,,F,255,255,255,7,255,4,6,255,255,N,127,127,255,M6AM6
2026-04-14 00:00:00+00:00,2026-04-12 13:17:17.805000+00:00,19,1,42244728,M6AU6,A,F,0.0001,1.0,2026-09-14 14:16:00+00:00,2026-03-16 21:30:00+00:00,,0.0001,0.006,0.706,10000.0,1.0,,270347,0,42244728,0,10,88,2500,0,0,0,1,2147483647,2147483647,2147483647,20553,314,2026,65535,4,USD,,,6A,XCME,M6A,FFCXSX,FUT,AUD,,,,F,255,255,255,7,255,4,9,255,255,N,127,127,255,M6AU6
2026-04-14 00:00:00+00:00,2026-04-12 13:17:17.955000+00:00,19,1,42331072,M6AU6-M6AM6,A,S,0.0001,1.0,2026-06-15 14:16:00+00:00,2026-03-16 21:30:00+00:00,,,0.001,-0.0013,,,,271371,0,42331072,0,10,88,2500,0,0,0,1,2147483647,2147483647,2147483647,20553,314,2026,65535,4,USD,,SD,6A,XCME,M6A,FMCXSX,FUT,AUD,,,,F,255,255,255,3,255,4,6,255,255,N,127,127,255,M6AU6-M6AM6
2026-04-15 00:00:00+00:00,2026-04-12 13:17:17.605000+00:00,19,1,42036360,M6AM6,A,F,0.0001,1.0,2026-06-15 14:16:00+00:00,2025-12-15 22:30:00+00:00,,0.0001,0.006,0.7073,10000.0,1.0,,270347,0,42036360,0,10,88,2500,0,0,0,1,2147483647,2147483647,2147483647,20553,314,2026,65535,4,USD,,,6A,XCME,M6A,FFCXSX,FUT,AUD,,,,F,255,255,255,7,255,4,6,255,255,N,127,127,255,M6AM6
2026-04-15 00:00:00+00:00,2026-04-12 13:17:17.805000+00:00,19,1,42244728,M6AU6,A,F,0.0001,1.0,2026-09-14 14:16:00+00:00,2026-03-16 21:30:00+00:00,,0.0001,0.006,0.706,10000.0,1.0,,270347,0,42244728,0,10,88,2500,0,0,0,1,2147483647,2147483647,2147483647,20553,314,2026,65535,4,USD,,,6A,XCME,M6A,FFCXSX,FUT,AUD,,,,F,255,255,255,7,255,4,9,255,255,N,127,127,255,M6AU6
2026-04-15 00:00:00+00:00,2026-04-12 13:17:17.955000+00:00,19,1,42331072,M6AU6-M6AM6,A,S,0.0001,1.0,2026-06-15 14:16:00+00:00,2026-03-16 21:30:00+00:00,,,0.001,-0.0013,,,,271371,0,42331072,0,10,88,2500,0,0,0,1,2147483647,2147483647,2147483647,20553,314,2026,65535,4,USD,,SD,6A,XCME,M6A,FMCXSX,FUT,AUD,,,,F,255,255,255,3,255,4,6,255,255,N,127,127,255,M6AU6-M6AM6
2026-04-16 00:00:00+00:00,2026-04-12 13:17:17.605000+00:00,19,1,42036360,M6AM6,A,F,0.0001,1.0,2026-06-15 14:16:00+00:00,2025-12-15 22:30:00+00:00,,0.0001,0.006,0.7073,10000.0,1.0,,270347,0,42036360,0,10,88,2500,0,0,0,1,2147483647,2147483647,2147483647,20553,314,2026,65535,4,USD,,,6A,XCME,M6A,FFCXSX,FUT,AUD,,,,F,255,255,255,7,255,4,6,255,255,N,127,127,255,M6AM6
2026-04-16 00:00:00+00:00,2026-04-12 13:17:17.805000+00:00,19,1,42244728,M6AU6,A,F,0.0001,1.0,2026-09-14 14:16:00+00:00,2026-03-16 21:30:00+00:00,,0.0001,0.006,0.706,10000.0,1.0,,270347,0,42244728,0,10,88,2500,0,0,0,1,2147483647,2147483647,2147483647,20553,314,2026,65535,4,USD,,,6A,XCME,M6A,FFCXSX,FUT,AUD,,,,F,255,255,255,7,255,4,9,255,255,N,127,127,255,M6AU6
2026-04-16 00:00:00+00:00,2026-04-12 13:17:17.955000+00:00,19,1,42331072,M6AU6-M6AM6,A,S,0.0001,1.0,2026-06-15 14:16:00+00:00,2026-03-16 21:30:00+00:00,,,0.001,-0.0013,,,,271371,0,42331072,0,10,88,2500,0,0,0,1,2147483647,2147483647,2147483647,20553,314,2026,65535,4,USD,,SD,6A,XCME,M6A,FMCXSX,FUT,AUD,,,,F,255,255,255,3,255,4,6,255,255,N,127,127,255,M6AU6-M6AM6
2026-04-17 00:00:00+00:00,2026-04-12 13:17:17.605000+00:00,19,1,42036360,M6AM6,A,F,0.0001,1.0,2026-06-15 14:16:00+00:00,2025-12-15 22:30:00+00:00,,0.0001,0.006,0.7073,10000.0,1.0,,270347,0,42036360,0,10,88,2500,0,0,0,1,2147483647,2147483647,2147483647,20553,314,2026,65535,4,USD,,,6A,XCME,M6A,FFCXSX,FUT,AUD,,,,F,255,255,255,7,255,4,6,255,255,N,127,127,255,M6AM6
2026-04-17 00:00:00+00:00,2026-04-12 13:17:17.805000+00:00,19,1,42244728,M6AU6,A,F,0.0001,1.0,2026-09-14 14:16:00+00:00,2026-03-16 21:30:00+00:00,,0.0001,0.006,0.706,10000.0,1.0,,270347,0,42244728,0,10,88,2500,0,0,0,1,2147483647,2147483647,2147483647,20553,314,2026,65535,4,USD,,,6A,XCME,M6A,FFCXSX,FUT,AUD,,,,F,255,255,255,7,255,4,9,255,255,N,127,127,255,M6AU6
2026-04-17 00:00:00+00:00,2026-04-12 13:17:17.955000+00:00,19,1,42331072,M6AU6-M6AM6,A,S,0.0001,1.0,2026-06-15 14:16:00+00:00,2026-03-16 21:30:00+00:00,,,0.001,-0.0013,,,,271371,0,42331072,0,10,88,2500,0,0,0,1,2147483647,2147483647,2147483647,20553,314,2026,65535,4,USD,,SD,6A,XCME,M6A,FMCXSX,FUT,AUD,,,,F,255,255,255,3,255,4,6,255,255,N,127,127,255,M6AU6-M6AM6
2026-04-19 14:41:21.446214793+00:00,2026-04-19 14:41:21.357000+00:00,19,1,42036360,M6AM6,A,F,0.0001,1.0,2026-06-15 14:16:00+00:00,2025-12-15 22:30:00+00:00,,0.0001,0.006,0.7167,10000.0,1.0,,270347,0,42036360,0,10,88,2500,0,0,0,1,2147483647,2147483647,2147483647,20560,314,2026,65535,4,USD,,,6A,XCME,M6A,FFCXSX,FUT,AUD,,,,F,255,255,255,7,255,4,6,255,255,N,127,127,255,M6AM6
2026-04-19 14:41:21.568330573+00:00,2026-04-19 14:41:21.557000+00:00,19,1,42244728,M6AU6,A,F,0.0001,1.0,2026-09-14 14:16:00+00:00,2026-03-16 21:30:00+00:00,,0.0001,0.006,0.7153,10000.0,1.0,,270347,0,42244728,0,10,88,2500,0,0,0,1,2147483647,2147483647,2147483647,20560,314,2026,65535,4,USD,,,6A,XCME,M6A,FFCXSX,FUT,AUD,,,,F,255,255,255,7,255,4,9,255,255,N,127,127,255,M6AU6
2026-04-19 14:41:21.678828287+00:00,2026-04-19 14:41:21.657000+00:00,19,1,42331072,M6AU6-M6AM6,A,S,0.0001,1.0,2026-06-15 14:16:00+00:00,2026-03-16 21:30:00+00:00,,,0.001,-0.0014,,,,271371,0,42331072,0,10,88,2500,0,0,0,1,2147483647,2147483647,2147483647,20560,314,2026,65535,4,USD,,SD,6A,XCME,M6A,FMCXSX,FUT,AUD,,,,F,255,255,255,3,255,4,6,255,255,N,127,127,255,M6AU6-M6AM6
2026-04-20 00:00:00+00:00,2026-04-19 14:41:21.357000+00:00,19,1,42036360,M6AM6,A,F,0.0001,1.0,2026-06-15 14:16:00+00:00,2025-12-15 22:30:00+00:00,,0.0001,0.006,0.7167,10000.0,1.0,,270347,0,42036360,0,10,88,2500,0,0,0,1,2147483647,2147483647,2147483647,20560,314,2026,65535,4,USD,,,6A,XCME,M6A,FFCXSX,FUT,AUD,,,,F,255,255,255,7,255,4,6,255,255,N,127,127,255,M6AM6
2026-04-20 00:00:00+00:00,2026-04-19 14:41:21.557000+00:00,19,1,42244728,M6AU6,A,F,0.0001,1.0,2026-09-14 14:16:00+00:00,2026-03-16 21:30:00+00:00,,0.0001,0.006,0.7153,10000.0,1.0,,270347,0,42244728,0,10,88,2500,0,0,0,1,2147483647,2147483647,2147483647,20560,314,2026,65535,4,USD,,,6A,XCME,M6A,FFCXSX,FUT,AUD,,,,F,255,255,255,7,255,4,9,255,255,N,127,127,255,M6AU6
2026-04-20 00:00:00+00:00,2026-04-19 14:41:21.657000+00:00,19,1,42331072,M6AU6-M6AM6,A,S,0.0001,1.0,2026-06-15 14:16:00+00:00,2026-03-16 21:30:00+00:00,,,0.001,-0.0014,,,,271371,0,42331072,0,10,88,2500,0,0,0,1,2147483647,2147483647,2147483647,20560,314,2026,65535,4,USD,,SD,6A,XCME,M6A,FMCXSX,FUT,AUD,,,,F,255,255,255,3,255,4,6,255,255,N,127,127,255,M6AU6-M6AM6
2026-04-21 00:00:00+00:00,2026-04-19 14:41:21.357000+00:00,19,1,42036360,M6AM6,A,F,0.0001,1.0,2026-06-15 14:16:00+00:00,2025-12-15 22:30:00+00:00,,0.0001,0.006,0.7167,10000.0,1.0,,270347,0,42036360,0,10,88,2500,0,0,0,1,2147483647,2147483647,2147483647,20560,314,2026,65535,4,USD,,,6A,XCME,M6A,FFCXSX,FUT,AUD,,,,F,255,255,255,7,255,4,6,255,255,N,127,127,255,M6AM6
2026-04-21 00:00:00+00:00,2026-04-19 14:41:21.557000+00:00,19,1,42244728,M6AU6,A,F,0.0001,1.0,2026-09-14 14:16:00+00:00,2026-03-16 21:30:00+00:00,,0.0001,0.006,0.7153,10000.0,1.0,,270347,0,42244728,0,10,88,2500,0,0,0,1,2147483647,2147483647,2147483647,20560,314,2026,65535,4,USD,,,6A,XCME,M6A,FFCXSX,FUT,AUD,,,,F,255,255,255,7,255,4,9,255,255,N,127,127,255,M6AU6
2026-04-21 00:00:00+00:00,2026-04-19 14:41:21.657000+00:00,19,1,42331072,M6AU6-M6AM6,A,S,0.0001,1.0,2026-06-15 14:16:00+00:00,2026-03-16 21:30:00+00:00,,,0.001,-0.0014,,,,271371,0,42331072,0,10,88,2500,0,0,0,1,2147483647,2147483647,2147483647,20560,314,2026,65535,4,USD,,SD,6A,XCME,M6A,FMCXSX,FUT,AUD,,,,F,255,255,255,3,255,4,6,255,255,N,127,127,255,M6AU6-M6AM6
2026-04-22 00:00:00+00:00,2026-04-19 14:41:21.357000+00:00,19,1,42036360,M6AM6,A,F,0.0001,1.0,2026-06-15 14:16:00+00:00,2025-12-15 22:30:00+00:00,,0.0001,0.006,0.7167,10000.0,1.0,,270347,0,42036360,0,10,88,2500,0,0,0,1,2147483647,2147483647,2147483647,20560,314,2026,65535,4,USD,,,6A,XCME,M6A,FFCXSX,FUT,AUD,,,,F,255,255,255,7,255,4,6,255,255,N,127,127,255,M6AM6
2026-04-22 00:00:00+00:00,2026-04-19 14:41:21.557000+00:00,19,1,42244728,M6AU6,A,F,0.0001,1.0,2026-09-14 14:16:00+00:00,2026-03-16 21:30:00+00:00,,0.0001,0.006,0.7153,10000.0,1.0,,270347,0,42244728,0,10,88,2500,0,0,0,1,2147483647,2147483647,2147483647,20560,314,2026,65535,4,USD,,,6A,XCME,M6A,FFCXSX,FUT,AUD,,,,F,255,255,255,7,255,4,9,255,255,N,127,127,255,M6AU6
2026-04-22 00:00:00+00:00,2026-04-19 14:41:21.657000+00:00,19,1,42331072,M6AU6-M6AM6,A,S,0.0001,1.0,2026-06-15 14:16:00+00:00,2026-03-16 21:30:00+00:00,,,0.001,-0.0014,,,,271371,0,42331072,0,10,88,2500,0,0,0,1,2147483647,2147483647,2147483647,20560,314,2026,65535,4,USD,,SD,6A,XCME,M6A,FMCXSX,FUT,AUD,,,,F,255,255,255,3,255,4,6,255,255,N,127,127,255,M6AU6-M6AM6
2026-04-23 00:00:00+00:00,2026-04-19 14:41:21.357000+00:00,19,1,42036360,M6AM6,A,F,0.0001,1.0,2026-06-15 14:16:00+00:00,2025-12-15 22:30:00+00:00,,0.0001,0.006,0.7167,10000.0,1.0,,270347,0,42036360,0,10,88,2500,0,0,0,1,2147483647,2147483647,2147483647,20560,314,2026,65535,4,USD,,,6A,XCME,M6A,FFCXSX,FUT,AUD,,,,F,255,255,255,7,255,4,6,255,255,N,127,127,255,M6AM6
2026-04-23 00:00:00+00:00,2026-04-19 14:41:21.557000+00:00,19,1,42244728,M6AU6,A,F,0.0001,1.0,2026-09-14 14:16:00+00:00,2026-03-16 21:30:00+00:00,,0.0001,0.006,0.7153,10000.0,1.0,,270347,0,42244728,0,10,88,2500,0,0,0,1,2147483647,2147483647,2147483647,20560,314,2026,65535,4,USD,,,6A,XCME,M6A,FFCXSX,FUT,AUD,,,,F,255,255,255,7,255,4,9,255,255,N,127,127,255,M6AU6
2026-04-23 00:00:00+00:00,2026-04-19 14:41:21.657000+00:00,19,1,42331072,M6AU6-M6AM6,A,S,0.0001,1.0,2026-06-15 14:16:00+00:00,2026-03-16 21:30:00+00:00,,,0.001,-0.0014,,,,271371,0,42331072,0,10,88,2500,0,0,0,1,2147483647,2147483647,2147483647,20560,314,2026,65535,4,USD,,SD,6A,XCME,M6A,FMCXSX,FUT,AUD,,,,F,255,255,255,3,255,4,6,255,255,N,127,127,255,M6AU6-M6AM6
2026-04-24 00:00:00+00:00,2026-04-19 14:41:21.357000+00:00,19,1,42036360,M6AM6,A,F,0.0001,1.0,2026-06-15 14:16:00+00:00,2025-12-15 22:30:00+00:00,,0.0001,0.006,0.7167,10000.0,1.0,,270347,0,42036360,0,10,88,2500,0,0,0,1,2147483647,2147483647,2147483647,20560,314,2026,65535,4,USD,,,6A,XCME,M6A,FFCXSX,FUT,AUD,,,,F,255,255,255,7,255,4,6,255,255,N,127,127,255,M6AM6
2026-04-24 00:00:00+00:00,2026-04-19 14:41:21.557000+00:00,19,1,42244728,M6AU6,A,F,0.0001,1.0,2026-09-14 14:16:00+00:00,2026-03-16 21:30:00+00:00,,0.0001,0.006,0.7153,10000.0,1.0,,270347,0,42244728,0,10,88,2500,0,0,0,1,2147483647,2147483647,2147483647,20560,314,2026,65535,4,USD,,,6A,XCME,M6A,FFCXSX,FUT,AUD,,,,F,255,255,255,7,255,4,9,255,255,N,127,127,255,M6AU6
2026-04-24 00:00:00+00:00,2026-04-19 14:41:21.657000+00:00,19,1,42331072,M6AU6-M6AM6,A,S,0.0001,1.0,2026-06-15 14:16:00+00:00,2026-03-16 21:30:00+00:00,,,0.001,-0.0014,,,,271371,0,42331072,0,10,88,2500,0,0,0,1,2147483647,2147483647,2147483647,20560,314,2026,65535,4,USD,,SD,6A,XCME,M6A,FMCXSX,FUT,AUD,,,,F,255,255,255,3,255,4,6,255,255,N,127,127,255,M6AU6-M6AM6
2026-04-26 11:34:40.746414695+00:00,2026-04-26 11:34:40.694000+00:00,19,1,42036360,M6AM6,A,F,0.0001,1.0,2026-06-15 14:16:00+00:00,2025-12-15 22:30:00+00:00,,0.0001,0.006,0.7146,10000.0,1.0,,270347,0,42036360,0,10,88,2500,0,0,0,1,2147483647,2147483647,2147483647,20567,314,2026,65535,4,USD,,,6A,XCME,M6A,FFCXSX,FUT,AUD,,,,F,255,255,255,7,255,4,6,255,255,N,127,127,255,M6AM6
2026-04-26 11:34:40.905571737+00:00,2026-04-26 11:34:40.894000+00:00,19,1,42244728,M6AU6,A,F,0.0001,1.0,2026-09-14 14:16:00+00:00,2026-03-16 21:30:00+00:00,,0.0001,0.006,0.7132,10000.0,1.0,,270347,0,42244728,0,10,88,2500,0,0,0,1,2147483647,2147483647,2147483647,20567,314,2026,65535,4,USD,,,6A,XCME,M6A,FFCXSX,FUT,AUD,,,,F,255,255,255,7,255,4,9,255,255,N,127,127,255,M6AU6
2026-04-26 11:34:41.050088791+00:00,2026-04-26 11:34:41.044000+00:00,19,1,42331072,M6AU6-M6AM6,A,S,0.0001,1.0,2026-06-15 14:16:00+00:00,2026-03-16 21:30:00+00:00,,,0.001,-0.0015,,,,271371,0,42331072,0,10,88,2500,0,0,0,1,2147483647,2147483647,2147483647,20567,314,2026,65535,4,USD,,SD,6A,XCME,M6A,FMCXSX,FUT,AUD,,,,F,255,255,255,3,255,4,6,255,255,N,127,127,255,M6AU6-M6AM6
2026-04-27 00:00:00+00:00,2026-04-26 11:34:40.694000+00:00,19,1,42036360,M6AM6,A,F,0.0001,1.0,2026-06-15 14:16:00+00:00,2025-12-15 22:30:00+00:00,,0.0001,0.006,0.7146,10000.0,1.0,,270347,0,42036360,0,10,88,2500,0,0,0,1,2147483647,2147483647,2147483647,20567,314,2026,65535,4,USD,,,6A,XCME,M6A,FFCXSX,FUT,AUD,,,,F,255,255,255,7,255,4,6,255,255,N,127,127,255,M6AM6
2026-04-27 00:00:00+00:00,2026-04-26 11:34:40.894000+00:00,19,1,42244728,M6AU6,A,F,0.0001,1.0,2026-09-14 14:16:00+00:00,2026-03-16 21:30:00+00:00,,0.0001,0.006,0.7132,10000.0,1.0,,270347,0,42244728,0,10,88,2500,0,0,0,1,2147483647,2147483647,2147483647,20567,314,2026,65535,4,USD,,,6A,XCME,M6A,FFCXSX,FUT,AUD,,,,F,255,255,255,7,255,4,9,255,255,N,127,127,255,M6AU6
2026-04-27 00:00:00+00:00,2026-04-26 11:34:41.044000+00:00,19,1,42331072,M6AU6-M6AM6,A,S,0.0001,1.0,2026-06-15 14:16:00+00:00,2026-03-16 21:30:00+00:00,,,0.001,-0.0015,,,,271371,0,42331072,0,10,88,2500,0,0,0,1,2147483647,2147483647,2147483647,20567,314,2026,65535,4,USD,,SD,6A,XCME,M6A,FMCXSX,FUT,AUD,,,,F,255,255,255,3,255,4,6,255,255,N,127,127,255,M6AU6-M6AM6
2026-04-28 00:00:00+00:00,2026-04-26 11:34:40.694000+00:00,19,1,42036360,M6AM6,A,F,0.0001,1.0,2026-06-15 14:16:00+00:00,2025-12-15 22:30:00+00:00,,0.0001,0.006,0.7146,10000.0,1.0,,270347,0,42036360,0,10,88,2500,0,0,0,1,2147483647,2147483647,2147483647,20567,314,2026,65535,4,USD,,,6A,XCME,M6A,FFCXSX,FUT,AUD,,,,F,255,255,255,7,255,4,6,255,255,N,127,127,255,M6AM6
2026-04-28 00:00:00+00:00,2026-04-26 11:34:40.894000+00:00,19,1,42244728,M6AU6,A,F,0.0001,1.0,2026-09-14 14:16:00+00:00,2026-03-16 21:30:00+00:00,,0.0001,0.006,0.7132,10000.0,1.0,,270347,0,42244728,0,10,88,2500,0,0,0,1,2147483647,2147483647,2147483647,20567,314,2026,65535,4,USD,,,6A,XCME,M6A,FFCXSX,FUT,AUD,,,,F,255,255,255,7,255,4,9,255,255,N,127,127,255,M6AU6
2026-04-28 00:00:00+00:00,2026-04-26 11:34:41.044000+00:00,19,1,42331072,M6AU6-M6AM6,A,S,0.0001,1.0,2026-06-15 14:16:00+00:00,2026-03-16 21:30:00+00:00,,,0.001,-0.0015,,,,271371,0,42331072,0,10,88,2500,0,0,0,1,2147483647,2147483647,2147483647,20567,314,2026,65535,4,USD,,SD,6A,XCME,M6A,FMCXSX,FUT,AUD,,,,F,255,255,255,3,255,4,6,255,255,N,127,127,255,M6AU6-M6AM6
2026-04-29 00:00:00+00:00,2026-04-26 11:34:40.694000+00:00,19,1,42036360,M6AM6,A,F,0.0001,1.0,2026-06-15 14:16:00+00:00,2025-12-15 22:30:00+00:00,,0.0001,0.006,0.7146,10000.0,1.0,,270347,0,42036360,0,10,88,2500,0,0,0,1,2147483647,2147483647,2147483647,20567,314,2026,65535,4,USD,,,6A,XCME,M6A,FFCXSX,FUT,AUD,,,,F,255,255,255,7,255,4,6,255,255,N,127,127,255,M6AM6
2026-04-29 00:00:00+00:00,2026-04-26 11:34:40.894000+00:00,19,1,42244728,M6AU6,A,F,0.0001,1.0,2026-09-14 14:16:00+00:00,2026-03-16 21:30:00+00:00,,0.0001,0.006,0.7132,10000.0,1.0,,270347,0,42244728,0,10,88,2500,0,0,0,1,2147483647,2147483647,2147483647,20567,314,2026,65535,4,USD,,,6A,XCME,M6A,FFCXSX,FUT,AUD,,,,F,255,255,255,7,255,4,9,255,255,N,127,127,255,M6AU6
2026-04-29 00:00:00+00:00,2026-04-26 11:34:41.044000+00:00,19,1,42331072,M6AU6-M6AM6,A,S,0.0001,1.0,2026-06-15 14:16:00+00:00,2026-03-16 21:30:00+00:00,,,0.001,-0.0015,,,,271371,0,42331072,0,10,88,2500,0,0,0,1,2147483647,2147483647,2147483647,20567,314,2026,65535,4,USD,,SD,6A,XCME,M6A,FMCXSX,FUT,AUD,,,,F,255,255,255,3,255,4,6,255,255,N,127,127,255,M6AU6-M6AM6
2026-04-30 00:00:00+00:00,2026-04-26 11:34:40.694000+00:00,19,1,42036360,M6AM6,A,F,0.0001,1.0,2026-06-15 14:16:00+00:00,2025-12-15 22:30:00+00:00,,0.0001,0.006,0.7146,10000.0,1.0,,270347,0,42036360,0,10,88,2500,0,0,0,1,2147483647,2147483647,2147483647,20567,314,2026,65535,4,USD,,,6A,XCME,M6A,FFCXSX,FUT,AUD,,,,F,255,255,255,7,255,4,6,255,255,N,127,127,255,M6AM6
2026-04-30 00:00:00+00:00,2026-04-26 11:34:40.894000+00:00,19,1,42244728,M6AU6,A,F,0.0001,1.0,2026-09-14 14:16:00+00:00,2026-03-16 21:30:00+00:00,,0.0001,0.006,0.7132,10000.0,1.0,,270347,0,42244728,0,10,88,2500,0,0,0,1,2147483647,2147483647,2147483647,20567,314,2026,65535,4,USD,,,6A,XCME,M6A,FFCXSX,FUT,AUD,,,,F,255,255,255,7,255,4,9,255,255,N,127,127,255,M6AU6
2026-04-30 00:00:00+00:00,2026-04-26 11:34:41.044000+00:00,19,1,42331072,M6AU6-M6AM6,A,S,0.0001,1.0,2026-06-15 14:16:00+00:00,2026-03-16 21:30:00+00:00,,,0.001,-0.0015,,,,271371,0,42331072,0,10,88,2500,0,0,0,1,2147483647,2147483647,2147483647,20567,314,2026,65535,4,USD,,SD,6A,XCME,M6A,FMCXSX,FUT,AUD,,,,F,255,255,255,3,255,4,6,255,255,N,127,127,255,M6AU6-M6AM6
2026-05-01 00:00:00+00:00,2026-04-26 11:34:40.694000+00:00,19,1,42036360,M6AM6,A,F,0.0001,1.0,2026-06-15 14:16:00+00:00,2025-12-15 22:30:00+00:00,,0.0001,0.006,0.7146,10000.0,1.0,,270347,0,42036360,0,10,88,2500,0,0,0,1,2147483647,2147483647,2147483647,20567,314,2026,65535,4,USD,,,6A,XCME,M6A,FFCXSX,FUT,AUD,,,,F,255,255,255,7,255,4,6,255,255,N,127,127,255,M6AM6
2026-05-01 00:00:00+00:00,2026-04-26 11:34:40.894000+00:00,19,1,42244728,M6AU6,A,F,0.0001,1.0,2026-09-14 14:16:00+00:00,2026-03-16 21:30:00+00:00,,0.0001,0.006,0.7132,10000.0,1.0,,270347,0,42244728,0,10,88,2500,0,0,0,1,2147483647,2147483647,2147483647,20567,314,2026,65535,4,USD,,,6A,XCME,M6A,FFCXSX,FUT,AUD,,,,F,255,255,255,7,255,4,9,255,255,N,127,127,255,M6AU6
2026-05-01 00:00:00+00:00,2026-04-26 11:34:41.044000+00:00,19,1,42331072,M6AU6-M6AM6,A,S,0.0001,1.0,2026-06-15 14:16:00+00:00,2026-03-16 21:30:00+00:00,,,0.001,-0.0015,,,,271371,0,42331072,0,10,88,2500,0,0,0,1,2147483647,2147483647,2147483647,20567,314,2026,65535,4,USD,,SD,6A,XCME,M6A,FMCXSX,FUT,AUD,,,,F,255,255,255,3,255,4,6,255,255,N,127,127,255,M6AU6-M6AM6
2026-05-03 11:16:32.654638387+00:00,2026-05-03 11:16:32.598000+00:00,19,1,42036360,M6AM6,A,F,0.0001,1.0,2026-06-15 14:16:00+00:00,2025-12-15 22:30:00+00:00,,0.0001,0.006,0.7205,10000.0,1.0,,270347,0,42036360,0,10,88,2500,0,0,0,1,2147483647,2147483647,2147483647,20574,314,2026,65535,4,USD,,,6A,XCME,M6A,FFCXSX,FUT,AUD,,,,F,255,255,255,7,255,4,6,255,255,N,127,127,255,M6AM6
2026-05-03 11:16:32.808680967+00:00,2026-05-03 11:16:32.798000+00:00,19,1,42244728,M6AU6,A,F,0.0001,1.0,2026-09-14 14:16:00+00:00,2026-03-16 21:30:00+00:00,,0.0001,0.006,0.719,10000.0,1.0,,270347,0,42244728,0,10,88,2500,0,0,0,1,2147483647,2147483647,2147483647,20574,314,2026,65535,4,USD,,,6A,XCME,M6A,FFCXSX,FUT,AUD,,,,F,255,255,255,7,255,4,9,255,255,N,127,127,255,M6AU6
2026-05-03 11:16:32.921682710+00:00,2026-05-03 11:16:32.898000+00:00,19,1,42331072,M6AU6-M6AM6,A,S,0.0001,1.0,2026-06-15 14:16:00+00:00,2026-03-16 21:30:00+00:00,,,0.001,-0.0015,,,,271371,0,42331072,0,10,88,2500,0,0,0,1,2147483647,2147483647,2147483647,20574,314,2026,65535,4,USD,,SD,6A,XCME,M6A,FMCXSX,FUT,AUD,,,,F,255,255,255,3,255,4,6,255,255,N,127,127,255,M6AU6-M6AM6
2026-05-04 00:00:00+00:00,2026-05-03 11:16:32.598000+00:00,19,1,42036360,M6AM6,A,F,0.0001,1.0,2026-06-15 14:16:00+00:00,2025-12-15 22:30:00+00:00,,0.0001,0.006,0.7205,10000.0,1.0,,270347,0,42036360,0,10,88,2500,0,0,0,1,2147483647,2147483647,2147483647,20574,314,2026,65535,4,USD,,,6A,XCME,M6A,FFCXSX,FUT,AUD,,,,F,255,255,255,7,255,4,6,255,255,N,127,127,255,M6AM6
2026-05-04 00:00:00+00:00,2026-05-03 11:16:32.798000+00:00,19,1,42244728,M6AU6,A,F,0.0001,1.0,2026-09-14 14:16:00+00:00,2026-03-16 21:30:00+00:00,,0.0001,0.006,0.719,10000.0,1.0,,270347,0,42244728,0,10,88,2500,0,0,0,1,2147483647,2147483647,2147483647,20574,314,2026,65535,4,USD,,,6A,XCME,M6A,FFCXSX,FUT,AUD,,,,F,255,255,255,7,255,4,9,255,255,N,127,127,255,M6AU6
2026-05-04 00:00:00+00:00,2026-05-03 11:16:32.898000+00:00,19,1,42331072,M6AU6-M6AM6,A,S,0.0001,1.0,2026-06-15 14:16:00+00:00,2026-03-16 21:30:00+00:00,,,0.001,-0.0015,,,,271371,0,42331072,0,10,88,2500,0,0,0,1,2147483647,2147483647,2147483647,20574,314,2026,65535,4,USD,,SD,6A,XCME,M6A,FMCXSX,FUT,AUD,,,,F,255,255,255,3,255,4,6,255,255,N,127,127,255,M6AU6-M6AM6
2026-05-05 00:00:00+00:00,2026-05-03 11:16:32.598000+00:00,19,1,42036360,M6AM6,A,F,0.0001,1.0,2026-06-15 14:16:00+00:00,2025-12-15 22:30:00+00:00,,0.0001,0.006,0.7205,10000.0,1.0,,270347,0,42036360,0,10,88,2500,0,0,0,1,2147483647,2147483647,2147483647,20574,314,2026,65535,4,USD,,,6A,XCME,M6A,FFCXSX,FUT,AUD,,,,F,255,255,255,7,255,4,6,255,255,N,127,127,255,M6AM6
2026-05-05 00:00:00+00:00,2026-05-03 11:16:32.798000+00:00,19,1,42244728,M6AU6,A,F,0.0001,1.0,2026-09-14 14:16:00+00:00,2026-03-16 21:30:00+00:00,,0.0001,0.006,0.719,10000.0,1.0,,270347,0,42244728,0,10,88,2500,0,0,0,1,2147483647,2147483647,2147483647,20574,314,2026,65535,4,USD,,,6A,XCME,M6A,FFCXSX,FUT,AUD,,,,F,255,255,255,7,255,4,9,255,255,N,127,127,255,M6AU6
2026-05-05 00:00:00+00:00,2026-05-03 11:16:32.898000+00:00,19,1,42331072,M6AU6-M6AM6,A,S,0.0001,1.0,2026-06-15 14:16:00+00:00,2026-03-16 21:30:00+00:00,,,0.001,-0.0015,,,,271371,0,42331072,0,10,88,2500,0,0,0,1,2147483647,2147483647,2147483647,20574,314,2026,65535,4,USD,,SD,6A,XCME,M6A,FMCXSX,FUT,AUD,,,,F,255,255,255,3,255,4,6,255,255,N,127,127,255,M6AU6-M6AM6
2026-05-06 00:00:00+00:00,2026-05-03 11:16:32.598000+00:00,19,1,42036360,M6AM6,A,F,0.0001,1.0,2026-06-15 14:16:00+00:00,2025-12-15 22:30:00+00:00,,0.0001,0.006,0.7205,10000.0,1.0,,270347,0,42036360,0,10,88,2500,0,0,0,1,2147483647,2147483647,2147483647,20574,314,2026,65535,4,USD,,,6A,XCME,M6A,FFCXSX,FUT,AUD,,,,F,255,255,255,7,255,4,6,255,255,N,127,127,255,M6AM6
2026-05-06 00:00:00+00:00,2026-05-03 11:16:32.798000+00:00,19,1,42244728,M6AU6,A,F,0.0001,1.0,2026-09-14 14:16:00+00:00,2026-03-16 21:30:00+00:00,,0.0001,0.006,0.719,10000.0,1.0,,270347,0,42244728,0,10,88,2500,0,0,0,1,2147483647,2147483647,2147483647,20574,314,2026,65535,4,USD,,,6A,XCME,M6A,FFCXSX,FUT,AUD,,,,F,255,255,255,7,255,4,9,255,255,N,127,127,255,M6AU6
2026-05-06 00:00:00+00:00,2026-05-03 11:16:32.898000+00:00,19,1,42331072,M6AU6-M6AM6,A,S,0.0001,1.0,2026-06-15 14:16:00+00:00,2026-03-16 21:30:00+00:00,,,0.001,-0.0015,,,,271371,0,42331072,0,10,88,2500,0,0,0,1,2147483647,2147483647,2147483647,20574,314,2026,65535,4,USD,,SD,6A,XCME,M6A,FMCXSX,FUT,AUD,,,,F,255,255,255,3,255,4,6,255,255,N,127,127,255,M6AU6-M6AM6
2026-05-07 00:00:00+00:00,2026-05-03 11:16:32.598000+00:00,19,1,42036360,M6AM6,A,F,0.0001,1.0,2026-06-15 14:16:00+00:00,2025-12-15 22:30:00+00:00,,0.0001,0.006,0.7205,10000.0,1.0,,270347,0,42036360,0,10,88,2500,0,0,0,1,2147483647,2147483647,2147483647,20574,314,2026,65535,4,USD,,,6A,XCME,M6A,FFCXSX,FUT,AUD,,,,F,255,255,255,7,255,4,6,255,255,N,127,127,255,M6AM6
2026-05-07 00:00:00+00:00,2026-05-03 11:16:32.798000+00:00,19,1,42244728,M6AU6,A,F,0.0001,1.0,2026-09-14 14:16:00+00:00,2026-03-16 21:30:00+00:00,,0.0001,0.006,0.719,10000.0,1.0,,270347,0,42244728,0,10,88,2500,0,0,0,1,2147483647,2147483647,2147483647,20574,314,2026,65535,4,USD,,,6A,XCME,M6A,FFCXSX,FUT,AUD,,,,F,255,255,255,7,255,4,9,255,255,N,127,127,255,M6AU6
2026-05-07 00:00:00+00:00,2026-05-03 11:16:32.898000+00:00,19,1,42331072,M6AU6-M6AM6,A,S,0.0001,1.0,2026-06-15 14:16:00+00:00,2026-03-16 21:30:00+00:00,,,0.001,-0.0015,,,,271371,0,42331072,0,10,88,2500,0,0,0,1,2147483647,2147483647,2147483647,20574,314,2026,65535,4,USD,,SD,6A,XCME,M6A,FMCXSX,FUT,AUD,,,,F,255,255,255,3,255,4,6,255,255,N,127,127,255,M6AU6-M6AM6
2026-05-08 00:00:00+00:00,2026-05-03 11:16:32.598000+00:00,19,1,42036360,M6AM6,A,F,0.0001,1.0,2026-06-15 14:16:00+00:00,2025-12-15 22:30:00+00:00,,0.0001,0.006,0.7205,10000.0,1.0,,270347,0,42036360,0,10,88,2500,0,0,0,1,2147483647,2147483647,2147483647,20574,314,2026,65535,4,USD,,,6A,XCME,M6A,FFCXSX,FUT,AUD,,,,F,255,255,255,7,255,4,6,255,255,N,127,127,255,M6AM6
2026-05-08 00:00:00+00:00,2026-05-03 11:16:32.798000+00:00,19,1,42244728,M6AU6,A,F,0.0001,1.0,2026-09-14 14:16:00+00:00,2026-03-16 21:30:00+00:00,,0.0001,0.006,0.719,10000.0,1.0,,270347,0,42244728,0,10,88,2500,0,0,0,1,2147483647,2147483647,2147483647,20574,314,2026,65535,4,USD,,,6A,XCME,M6A,FFCXSX,FUT,AUD,,,,F,255,255,255,7,255,4,9,255,255,N,127,127,255,M6AU6
2026-05-08 00:00:00+00:00,2026-05-03 11:16:32.898000+00:00,19,1,42331072,M6AU6-M6AM6,A,S,0.0001,1.0,2026-06-15 14:16:00+00:00,2026-03-16 21:30:00+00:00,,,0.001,-0.0015,,,,271371,0,42331072,0,10,88,2500,0,0,0,1,2147483647,2147483647,2147483647,20574,314,2026,65535,4,USD,,SD,6A,XCME,M6A,FMCXSX,FUT,AUD,,,,F,255,255,255,3,255,4,6,255,255,N,127,127,255,M6AU6-M6AM6
2026-05-10 12:15:51.892618388+00:00,2026-05-10 12:15:51.882000+00:00,19,1,42036360,M6AM6,A,F,0.0001,1.0,2026-06-15 14:16:00+00:00,2025-12-15 22:30:00+00:00,,0.0001,0.006,0.7238,10000.0,1.0,,270347,0,42036360,0,10,88,2500,0,0,0,1,2147483647,2147483647,2147483647,20581,314,2026,65535,4,USD,,,6A,XCME,M6A,FFCXSX,FUT,AUD,,,,F,255,255,255,7,255,4,6,255,255,N,127,127,255,M6AM6
2026-05-10 12:15:52.052719366+00:00,2026-05-10 12:15:52.032000+00:00,19,1,42244728,M6AU6,A,F,0.0001,1.0,2026-09-14 14:16:00+00:00,2026-03-16 21:30:00+00:00,,0.0001,0.006,0.7223,10000.0,1.0,,270347,0,42244728,0,10,88,2500,0,0,0,1,2147483647,2147483647,2147483647,20581,314,2026,65535,4,USD,,,6A,XCME,M6A,FFCXSX,FUT,AUD,,,,F,255,255,255,7,255,4,9,255,255,N,127,127,255,M6AU6
2026-05-10 12:15:52.236945481+00:00,2026-05-10 12:15:52.232000+00:00,19,1,42331072,M6AU6-M6AM6,A,S,0.0001,1.0,2026-06-15 14:16:00+00:00,2026-03-16 21:30:00+00:00,,,0.001,-0.0015,,,,271371,0,42331072,0,10,88,2500,0,0,0,1,2147483647,2147483647,2147483647,20581,314,2026,65535,4,USD,,SD,6A,XCME,M6A,FMCXSX,FUT,AUD,,,,F,255,255,255,3,255,4,6,255,255,N,127,127,255,M6AU6-M6AM6
2026-05-11 00:00:00+00:00,2026-05-10 12:15:51.882000+00:00,19,1,42036360,M6AM6,A,F,0.0001,1.0,2026-06-15 14:16:00+00:00,2025-12-15 22:30:00+00:00,,0.0001,0.006,0.7238,10000.0,1.0,,270347,0,42036360,0,10,88,2500,0,0,0,1,2147483647,2147483647,2147483647,20581,314,2026,65535,4,USD,,,6A,XCME,M6A,FFCXSX,FUT,AUD,,,,F,255,255,255,7,255,4,6,255,255,N,127,127,255,M6AM6
2026-05-11 00:00:00+00:00,2026-05-10 12:15:52.032000+00:00,19,1,42244728,M6AU6,A,F,0.0001,1.0,2026-09-14 14:16:00+00:00,2026-03-16 21:30:00+00:00,,0.0001,0.006,0.7223,10000.0,1.0,,270347,0,42244728,0,10,88,2500,0,0,0,1,2147483647,2147483647,2147483647,20581,314,2026,65535,4,USD,,,6A,XCME,M6A,FFCXSX,FUT,AUD,,,,F,255,255,255,7,255,4,9,255,255,N,127,127,255,M6AU6
2026-05-11 00:00:00+00:00,2026-05-10 12:15:52.232000+00:00,19,1,42331072,M6AU6-M6AM6,A,S,0.0001,1.0,2026-06-15 14:16:00+00:00,2026-03-16 21:30:00+00:00,,,0.001,-0.0015,,,,271371,0,42331072,0,10,88,2500,0,0,0,1,2147483647,2147483647,2147483647,20581,314,2026,65535,4,USD,,SD,6A,XCME,M6A,FMCXSX,FUT,AUD,,,,F,255,255,255,3,255,4,6,255,255,N,127,127,255,M6AU6-M6AM6
2026-05-12 00:00:00+00:00,2026-05-10 12:15:51.882000+00:00,19,1,42036360,M6AM6,A,F,0.0001,1.0,2026-06-15 14:16:00+00:00,2025-12-15 22:30:00+00:00,,0.0001,0.006,0.7238,10000.0,1.0,,270347,0,42036360,0,10,88,2500,0,0,0,1,2147483647,2147483647,2147483647,20581,314,2026,65535,4,USD,,,6A,XCME,M6A,FFCXSX,FUT,AUD,,,,F,255,255,255,7,255,4,6,255,255,N,127,127,255,M6AM6
2026-05-12 00:00:00+00:00,2026-05-10 12:15:52.032000+00:00,19,1,42244728,M6AU6,A,F,0.0001,1.0,2026-09-14 14:16:00+00:00,2026-03-16 21:30:00+00:00,,0.0001,0.006,0.7223,10000.0,1.0,,270347,0,42244728,0,10,88,2500,0,0,0,1,2147483647,2147483647,2147483647,20581,314,2026,65535,4,USD,,,6A,XCME,M6A,FFCXSX,FUT,AUD,,,,F,255,255,255,7,255,4,9,255,255,N,127,127,255,M6AU6
2026-05-12 00:00:00+00:00,2026-05-10 12:15:52.232000+00:00,19,1,42331072,M6AU6-M6AM6,A,S,0.0001,1.0,2026-06-15 14:16:00+00:00,2026-03-16 21:30:00+00:00,,,0.001,-0.0015,,,,271371,0,42331072,0,10,88,2500,0,0,0,1,2147483647,2147483647,2147483647,20581,314,2026,65535,4,USD,,SD,6A,XCME,M6A,FMCXSX,FUT,AUD,,,,F,255,255,255,3,255,4,6,255,255,N,127,127,255,M6AU6-M6AM6
2026-05-13 00:00:00+00:00,2026-05-10 12:15:51.882000+00:00,19,1,42036360,M6AM6,A,F,0.0001,1.0,2026-06-15 14:16:00+00:00,2025-12-15 22:30:00+00:00,,0.0001,0.006,0.7238,10000.0,1.0,,270347,0,42036360,0,10,88,2500,0,0,0,1,2147483647,2147483647,2147483647,20581,314,2026,65535,4,USD,,,6A,XCME,M6A,FFCXSX,FUT,AUD,,,,F,255,255,255,7,255,4,6,255,255,N,127,127,255,M6AM6
2026-05-13 00:00:00+00:00,2026-05-10 12:15:52.032000+00:00,19,1,42244728,M6AU6,A,F,0.0001,1.0,2026-09-14 14:16:00+00:00,2026-03-16 21:30:00+00:00,,0.0001,0.006,0.7223,10000.0,1.0,,270347,0,42244728,0,10,88,2500,0,0,0,1,2147483647,2147483647,2147483647,20581,314,2026,65535,4,USD,,,6A,XCME,M6A,FFCXSX,FUT,AUD,,,,F,255,255,255,7,255,4,9,255,255,N,127,127,255,M6AU6
2026-05-13 00:00:00+00:00,2026-05-10 12:15:52.232000+00:00,19,1,42331072,M6AU6-M6AM6,A,S,0.0001,1.0,2026-06-15 14:16:00+00:00,2026-03-16 21:30:00+00:00,,,0.001,-0.0015,,,,271371,0,42331072,0,10,88,2500,0,0,0,1,2147483647,2147483647,2147483647,20581,314,2026,65535,4,USD,,SD,6A,XCME,M6A,FMCXSX,FUT,AUD,,,,F,255,255,255,3,255,4,6,255,255,N,127,127,255,M6AU6-M6AM6
2026-05-14 00:00:00+00:00,2026-05-10 12:15:51.882000+00:00,19,1,42036360,M6AM6,A,F,0.0001,1.0,2026-06-15 14:16:00+00:00,2025-12-15 22:30:00+00:00,,0.0001,0.006,0.7238,10000.0,1.0,,270347,0,42036360,0,10,88,2500,0,0,0,1,2147483647,2147483647,2147483647,20581,314,2026,65535,4,USD,,,6A,XCME,M6A,FFCXSX,FUT,AUD,,,,F,255,255,255,7,255,4,6,255,255,N,127,127,255,M6AM6
2026-05-14 00:00:00+00:00,2026-05-10 12:15:52.032000+00:00,19,1,42244728,M6AU6,A,F,0.0001,1.0,2026-09-14 14:16:00+00:00,2026-03-16 21:30:00+00:00,,0.0001,0.006,0.7223,10000.0,1.0,,270347,0,42244728,0,10,88,2500,0,0,0,1,2147483647,2147483647,2147483647,20581,314,2026,65535,4,USD,,,6A,XCME,M6A,FFCXSX,FUT,AUD,,,,F,255,255,255,7,255,4,9,255,255,N,127,127,255,M6AU6
2026-05-14 00:00:00+00:00,2026-05-10 12:15:52.232000+00:00,19,1,42331072,M6AU6-M6AM6,A,S,0.0001,1.0,2026-06-15 14:16:00+00:00,2026-03-16 21:30:00+00:00,,,0.001,-0.0015,,,,271371,0,42331072,0,10,88,2500,0,0,0,1,2147483647,2147483647,2147483647,20581,314,2026,65535,4,USD,,SD,6A,XCME,M6A,FMCXSX,FUT,AUD,,,,F,255,255,255,3,255,4,6,255,255,N,127,127,255,M6AU6-M6AM6
2026-05-15 00:00:00+00:00,2026-05-10 12:15:51.882000+00:00,19,1,42036360,M6AM6,A,F,0.0001,1.0,2026-06-15 14:16:00+00:00,2025-12-15 22:30:00+00:00,,0.0001,0.006,0.7238,10000.0,1.0,,270347,0,42036360,0,10,88,2500,0,0,0,1,2147483647,2147483647,2147483647,20581,314,2026,65535,4,USD,,,6A,XCME,M6A,FFCXSX,FUT,AUD,,,,F,255,255,255,7,255,4,6,255,255,N,127,127,255,M6AM6
2026-05-15 00:00:00+00:00,2026-05-10 12:15:52.032000+00:00,19,1,42244728,M6AU6,A,F,0.0001,1.0,2026-09-14 14:16:00+00:00,2026-03-16 21:30:00+00:00,,0.0001,0.006,0.7223,10000.0,1.0,,270347,0,42244728,0,10,88,2500,0,0,0,1,2147483647,2147483647,2147483647,20581,314,2026,65535,4,USD,,,6A,XCME,M6A,FFCXSX,FUT,AUD,,,,F,255,255,255,7,255,4,9,255,255,N,127,127,255,M6AU6
2026-05-15 00:00:00+00:00,2026-05-10 12:15:52.232000+00:00,19,1,42331072,M6AU6-M6AM6,A,S,0.0001,1.0,2026-06-15 14:16:00+00:00,2026-03-16 21:30:00+00:00,,,0.001,-0.0015,,,,271371,0,42331072,0,10,88,2500,0,0,0,1,2147483647,2147483647,2147483647,20581,314,2026,65535,4,USD,,SD,6A,XCME,M6A,FMCXSX,FUT,AUD,,,,F,255,255,255,3,255,4,6,255,255,N,127,127,255,M6AU6-M6AM6
2026-05-17 11:41:26.807721793+00:00,2026-05-17 11:41:26.779000+00:00,19,1,42036360,M6AM6,A,F,0.0001,1.0,2026-06-15 14:16:00+00:00,2025-12-15 22:30:00+00:00,,0.0001,0.006,0.7149,10000.0,1.0,,270347,0,42036360,0,10,88,2500,0,0,0,1,2147483647,2147483647,2147483647,20588,314,2026,65535,4,USD,,,6A,XCME,M6A,FFCXSX,FUT,AUD,,,,F,255,255,255,7,255,4,6,255,255,N,127,127,255,M6AM6
2026-05-17 11:41:26.951416022+00:00,2026-05-17 11:41:26.929000+00:00,19,1,42244728,M6AU6,A,F,0.0001,1.0,2026-09-14 14:16:00+00:00,2026-03-16 21:30:00+00:00,,0.0001,0.006,0.7134,10000.0,1.0,,270347,0,42244728,0,10,88,2500,0,0,0,1,2147483647,2147483647,2147483647,20588,314,2026,65535,4,USD,,,6A,XCME,M6A,FFCXSX,FUT,AUD,,,,F,255,255,255,7,255,4,9,255,255,N,127,127,255,M6AU6
2026-05-17 11:41:27.141296253+00:00,2026-05-17 11:41:27.129000+00:00,19,1,42331072,M6AU6-M6AM6,A,S,0.0001,1.0,2026-06-15 14:16:00+00:00,2026-03-16 21:30:00+00:00,,,0.001,-0.0015,,,,271371,0,42331072,0,10,88,2500,0,0,0,1,2147483647,2147483647,2147483647,20588,314,2026,65535,4,USD,,SD,6A,XCME,M6A,FMCXSX,FUT,AUD,,,,F,255,255,255,3,255,4,6,255,255,N,127,127,255,M6AU6-M6AM6
2026-05-17 16:43:19.483755668+00:00,2026-05-17 16:43:19.479000+00:00,19,1,42036360,M6AM6,A,F,0.0001,1.0,2026-06-15 14:16:00+00:00,2025-12-15 22:30:00+00:00,,0.0001,0.006,0.7149,10000.0,1.0,,270347,0,42036360,0,10,88,2500,0,0,0,1,2147483647,2147483647,2147483647,20588,314,2026,65535,4,USD,,,6A,XCME,M6A,FFCXSX,FUT,AUD,,,,F,255,255,255,7,255,4,6,255,255,N,127,127,255,M6AM6
2026-05-17 16:43:19.641674203+00:00,2026-05-17 16:43:19.629000+00:00,19,1,42244728,M6AU6,A,F,0.0001,1.0,2026-09-14 14:16:00+00:00,2026-03-16 21:30:00+00:00,,0.0001,0.006,0.7134,10000.0,1.0,,270347,0,42244728,0,10,88,2500,0,0,0,1,2147483647,2147483647,2147483647,20588,314,2026,65535,4,USD,,,6A,XCME,M6A,FFCXSX,FUT,AUD,,,,F,255,255,255,7,255,4,9,255,255,N,127,127,255,M6AU6
2026-05-17 16:43:19.833765979+00:00,2026-05-17 16:43:19.829000+00:00,19,1,42331072,M6AU6-M6AM6,A,S,0.0001,1.0,2026-06-15 14:16:00+00:00,2026-03-16 21:30:00+00:00,,,0.001,-0.0015,,,,271371,0,42331072,0,10,88,2500,0,0,0,1,2147483647,2147483647,2147483647,20588,314,2026,65535,4,USD,,SD,6A,XCME,M6A,FMCXSX,FUT,AUD,,,,F,255,255,255,3,255,4,6,255,255,N,127,127,255,M6AU6-M6AM6
2026-05-18 00:00:00+00:00,2026-05-17 16:43:19.479000+00:00,19,1,42036360,M6AM6,A,F,0.0001,1.0,2026-06-15 14:16:00+00:00,2025-12-15 22:30:00+00:00,,0.0001,0.006,0.7149,10000.0,1.0,,270347,0,42036360,0,10,88,2500,0,0,0,1,2147483647,2147483647,2147483647,20588,314,2026,65535,4,USD,,,6A,XCME,M6A,FFCXSX,FUT,AUD,,,,F,255,255,255,7,255,4,6,255,255,N,127,127,255,M6AM6
2026-05-18 00:00:00+00:00,2026-05-17 16:43:19.629000+00:00,19,1,42244728,M6AU6,A,F,0.0001,1.0,2026-09-14 14:16:00+00:00,2026-03-16 21:30:00+00:00,,0.0001,0.006,0.7134,10000.0,1.0,,270347,0,42244728,0,10,88,2500,0,0,0,1,2147483647,2147483647,2147483647,20588,314,2026,65535,4,USD,,,6A,XCME,M6A,FFCXSX,FUT,AUD,,,,F,255,255,255,7,255,4,9,255,255,N,127,127,255,M6AU6
2026-05-18 00:00:00+00:00,2026-05-17 16:43:19.829000+00:00,19,1,42331072,M6AU6-M6AM6,A,S,0.0001,1.0,2026-06-15 14:16:00+00:00,2026-03-16 21:30:00+00:00,,,0.001,-0.0015,,,,271371,0,42331072,0,10,88,2500,0,0,0,1,2147483647,2147483647,2147483647,20588,314,2026,65535,4,USD,,SD,6A,XCME,M6A,FMCXSX,FUT,AUD,,,,F,255,255,255,3,255,4,6,255,255,N,127,127,255,M6AU6-M6AM6
2026-05-19 00:00:00+00:00,2026-05-17 16:43:19.479000+00:00,19,1,42036360,M6AM6,A,F,0.0001,1.0,2026-06-15 14:16:00+00:00,2025-12-15 22:30:00+00:00,,0.0001,0.006,0.7149,10000.0,1.0,,270347,0,42036360,0,10,88,2500,0,0,0,1,2147483647,2147483647,2147483647,20588,314,2026,65535,4,USD,,,6A,XCME,M6A,FFCXSX,FUT,AUD,,,,F,255,255,255,7,255,4,6,255,255,N,127,127,255,M6AM6
2026-05-19 00:00:00+00:00,2026-05-17 16:43:19.629000+00:00,19,1,42244728,M6AU6,A,F,0.0001,1.0,2026-09-14 14:16:00+00:00,2026-03-16 21:30:00+00:00,,0.0001,0.006,0.7134,10000.0,1.0,,270347,0,42244728,0,10,88,2500,0,0,0,1,2147483647,2147483647,2147483647,20588,314,2026,65535,4,USD,,,6A,XCME,M6A,FFCXSX,FUT,AUD,,,,F,255,255,255,7,255,4,9,255,255,N,127,127,255,M6AU6
2026-05-19 00:00:00+00:00,2026-05-17 16:43:19.829000+00:00,19,1,42331072,M6AU6-M6AM6,A,S,0.0001,1.0,2026-06-15 14:16:00+00:00,2026-03-16 21:30:00+00:00,,,0.001,-0.0015,,,,271371,0,42331072,0,10,88,2500,0,0,0,1,2147483647,2147483647,2147483647,20588,314,2026,65535,4,USD,,SD,6A,XCME,M6A,FMCXSX,FUT,AUD,,,,F,255,255,255,3,255,4,6,255,255,N,127,127,255,M6AU6-M6AM6
2026-05-20 00:00:00+00:00,2026-05-17 16:43:19.479000+00:00,19,1,42036360,M6AM6,A,F,0.0001,1.0,2026-06-15 14:16:00+00:00,2025-12-15 22:30:00+00:00,,0.0001,0.006,0.7149,10000.0,1.0,,270347,0,42036360,0,10,88,2500,0,0,0,1,2147483647,2147483647,2147483647,20588,314,2026,65535,4,USD,,,6A,XCME,M6A,FFCXSX,FUT,AUD,,,,F,255,255,255,7,255,4,6,255,255,N,127,127,255,M6AM6
2026-05-20 00:00:00+00:00,2026-05-17 16:43:19.629000+00:00,19,1,42244728,M6AU6,A,F,0.0001,1.0,2026-09-14 14:16:00+00:00,2026-03-16 21:30:00+00:00,,0.0001,0.006,0.7134,10000.0,1.0,,270347,0,42244728,0,10,88,2500,0,0,0,1,2147483647,2147483647,2147483647,20588,314,2026,65535,4,USD,,,6A,XCME,M6A,FFCXSX,FUT,AUD,,,,F,255,255,255,7,255,4,9,255,255,N,127,127,255,M6AU6
2026-05-20 00:00:00+00:00,2026-05-17 16:43:19.829000+00:00,19,1,42331072,M6AU6-M6AM6,A,S,0.0001,1.0,2026-06-15 14:16:00+00:00,2026-03-16 21:30:00+00:00,,,0.001,-0.0015,,,,271371,0,42331072,0,10,88,2500,0,0,0,1,2147483647,2147483647,2147483647,20588,314,2026,65535,4,USD,,SD,6A,XCME,M6A,FMCXSX,FUT,AUD,,,,F,255,255,255,3,255,4,6,255,255,N,127,127,255,M6AU6-M6AM6
2026-05-21 00:00:00+00:00,2026-05-17 16:43:19.479000+00:00,19,1,42036360,M6AM6,A,F,0.0001,1.0,2026-06-15 14:16:00+00:00,2025-12-15 22:30:00+00:00,,0.0001,0.006,0.7149,10000.0,1.0,,270347,0,42036360,0,10,88,2500,0,0,0,1,2147483647,2147483647,2147483647,20588,314,2026,65535,4,USD,,,6A,XCME,M6A,FFCXSX,FUT,AUD,,,,F,255,255,255,7,255,4,6,255,255,N,127,127,255,M6AM6
2026-05-21 00:00:00+00:00,2026-05-17 16:43:19.629000+00:00,19,1,42244728,M6AU6,A,F,0.0001,1.0,2026-09-14 14:16:00+00:00,2026-03-16 21:30:00+00:00,,0.0001,0.006,0.7134,10000.0,1.0,,270347,0,42244728,0,10,88,2500,0,0,0,1,2147483647,2147483647,2147483647,20588,314,2026,65535,4,USD,,,6A,XCME,M6A,FFCXSX,FUT,AUD,,,,F,255,255,255,7,255,4,9,255,255,N,127,127,255,M6AU6
2026-05-21 00:00:00+00:00,2026-05-17 16:43:19.829000+00:00,19,1,42331072,M6AU6-M6AM6,A,S,0.0001,1.0,2026-06-15 14:16:00+00:00,2026-03-16 21:30:00+00:00,,,0.001,-0.0015,,,,271371,0,42331072,0,10,88,2500,0,0,0,1,2147483647,2147483647,2147483647,20588,314,2026,65535,4,USD,,SD,6A,XCME,M6A,FMCXSX,FUT,AUD,,,,F,255,255,255,3,255,4,6,255,255,N,127,127,255,M6AU6-M6AM6
2026-05-22 00:00:00+00:00,2026-05-17 16:43:19.479000+00:00,19,1,42036360,M6AM6,A,F,0.0001,1.0,2026-06-15 14:16:00+00:00,2025-12-15 22:30:00+00:00,,0.0001,0.006,0.7149,10000.0,1.0,,270347,0,42036360,0,10,88,2500,0,0,0,1,2147483647,2147483647,2147483647,20588,314,2026,65535,4,USD,,,6A,XCME,M6A,FFCXSX,FUT,AUD,,,,F,255,255,255,7,255,4,6,255,255,N,127,127,255,M6AM6
2026-05-22 00:00:00+00:00,2026-05-17 16:43:19.629000+00:00,19,1,42244728,M6AU6,A,F,0.0001,1.0,2026-09-14 14:16:00+00:00,2026-03-16 21:30:00+00:00,,0.0001,0.006,0.7134,10000.0,1.0,,270347,0,42244728,0,10,88,2500,0,0,0,1,2147483647,2147483647,2147483647,20588,314,2026,65535,4,USD,,,6A,XCME,M6A,FFCXSX,FUT,AUD,,,,F,255,255,255,7,255,4,9,255,255,N,127,127,255,M6AU6
2026-05-22 00:00:00+00:00,2026-05-17 16:43:19.829000+00:00,19,1,42331072,M6AU6-M6AM6,A,S,0.0001,1.0,2026-06-15 14:16:00+00:00,2026-03-16 21:30:00+00:00,,,0.001,-0.0015,,,,271371,0,42331072,0,10,88,2500,0,0,0,1,2147483647,2147483647,2147483647,20588,314,2026,65535,4,USD,,SD,6A,XCME,M6A,FMCXSX,FUT,AUD,,,,F,255,255,255,3,255,4,6,255,255,N,127,127,255,M6AU6-M6AM6
2026-05-24 11:41:25.351646153+00:00,2026-05-24 11:41:25.335000+00:00,19,1,42036360,M6AM6,A,F,0.0001,1.0,2026-06-15 14:16:00+00:00,2025-12-15 22:30:00+00:00,,0.0001,0.006,0.7136,10000.0,1.0,,270347,0,42036360,0,10,88,2500,0,0,0,1,2147483647,2147483647,2147483647,20595,314,2026,65535,4,USD,,,6A,XCME,M6A,FFCXSX,FUT,AUD,,,,F,255,255,255,7,255,4,6,255,255,N,127,127,255,M6AM6
2026-05-24 11:41:25.503460652+00:00,2026-05-24 11:41:25.485000+00:00,19,1,42244728,M6AU6,A,F,0.0001,1.0,2026-09-14 14:16:00+00:00,2026-03-16 21:30:00+00:00,,0.0001,0.006,0.7122,10000.0,1.0,,270347,0,42244728,0,10,88,2500,0,0,0,1,2147483647,2147483647,2147483647,20595,314,2026,65535,4,USD,,,6A,XCME,M6A,FFCXSX,FUT,AUD,,,,F,255,255,255,7,255,4,9,255,255,N,127,127,255,M6AU6
2026-05-24 11:41:25.656403225+00:00,2026-05-24 11:41:25.635000+00:00,19,1,42331072,M6AU6-M6AM6,A,S,0.0001,1.0,2026-06-15 14:16:00+00:00,2026-03-16 21:30:00+00:00,,,0.001,-0.0014,,,,271371,0,42331072,0,10,88,2500,0,0,0,1,2147483647,2147483647,2147483647,20595,314,2026,65535,4,USD,,SD,6A,XCME,M6A,FMCXSX,FUT,AUD,,,,F,255,255,255,3,255,4,6,255,255,N,127,127,255,M6AU6-M6AM6
2026-05-25 00:00:00+00:00,2026-05-24 11:41:25.335000+00:00,19,1,42036360,M6AM6,A,F,0.0001,1.0,2026-06-15 14:16:00+00:00,2025-12-15 22:30:00+00:00,,0.0001,0.006,0.7136,10000.0,1.0,,270347,0,42036360,0,10,88,2500,0,0,0,1,2147483647,2147483647,2147483647,20595,314,2026,65535,4,USD,,,6A,XCME,M6A,FFCXSX,FUT,AUD,,,,F,255,255,255,7,255,4,6,255,255,N,127,127,255,M6AM6
2026-05-25 00:00:00+00:00,2026-05-24 11:41:25.485000+00:00,19,1,42244728,M6AU6,A,F,0.0001,1.0,2026-09-14 14:16:00+00:00,2026-03-16 21:30:00+00:00,,0.0001,0.006,0.7122,10000.0,1.0,,270347,0,42244728,0,10,88,2500,0,0,0,1,2147483647,2147483647,2147483647,20595,314,2026,65535,4,USD,,,6A,XCME,M6A,FFCXSX,FUT,AUD,,,,F,255,255,255,7,255,4,9,255,255,N,127,127,255,M6AU6
2026-05-25 00:00:00+00:00,2026-05-24 11:41:25.635000+00:00,19,1,42331072,M6AU6-M6AM6,A,S,0.0001,1.0,2026-06-15 14:16:00+00:00,2026-03-16 21:30:00+00:00,,,0.001,-0.0014,,,,271371,0,42331072,0,10,88,2500,0,0,0,1,2147483647,2147483647,2147483647,20595,314,2026,65535,4,USD,,SD,6A,XCME,M6A,FMCXSX,FUT,AUD,,,,F,255,255,255,3,255,4,6,255,255,N,127,127,255,M6AU6-M6AM6
2026-05-26 00:00:00+00:00,2026-05-24 11:41:25.335000+00:00,19,1,42036360,M6AM6,A,F,0.0001,1.0,2026-06-15 14:16:00+00:00,2025-12-15 22:30:00+00:00,,0.0001,0.006,0.7136,10000.0,1.0,,270347,0,42036360,0,10,88,2500,0,0,0,1,2147483647,2147483647,2147483647,20595,314,2026,65535,4,USD,,,6A,XCME,M6A,FFCXSX,FUT,AUD,,,,F,255,255,255,7,255,4,6,255,255,N,127,127,255,M6AM6
2026-05-26 00:00:00+00:00,2026-05-24 11:41:25.485000+00:00,19,1,42244728,M6AU6,A,F,0.0001,1.0,2026-09-14 14:16:00+00:00,2026-03-16 21:30:00+00:00,,0.0001,0.006,0.7122,10000.0,1.0,,270347,0,42244728,0,10,88,2500,0,0,0,1,2147483647,2147483647,2147483647,20595,314,2026,65535,4,USD,,,6A,XCME,M6A,FFCXSX,FUT,AUD,,,,F,255,255,255,7,255,4,9,255,255,N,127,127,255,M6AU6
2026-05-26 00:00:00+00:00,2026-05-24 11:41:25.635000+00:00,19,1,42331072,M6AU6-M6AM6,A,S,0.0001,1.0,2026-06-15 14:16:00+00:00,2026-03-16 21:30:00+00:00,,,0.001,-0.0014,,,,271371,0,42331072,0,10,88,2500,0,0,0,1,2147483647,2147483647,2147483647,20595,314,2026,65535,4,USD,,SD,6A,XCME,M6A,FMCXSX,FUT,AUD,,,,F,255,255,255,3,255,4,6,255,255,N,127,127,255,M6AU6-M6AM6
2026-05-27 00:00:00+00:00,2026-05-24 11:41:25.335000+00:00,19,1,42036360,M6AM6,A,F,0.0001,1.0,2026-06-15 14:16:00+00:00,2025-12-15 22:30:00+00:00,,0.0001,0.006,0.7136,10000.0,1.0,,270347,0,42036360,0,10,88,2500,0,0,0,1,2147483647,2147483647,2147483647,20595,314,2026,65535,4,USD,,,6A,XCME,M6A,FFCXSX,FUT,AUD,,,,F,255,255,255,7,255,4,6,255,255,N,127,127,255,M6AM6
2026-05-27 00:00:00+00:00,2026-05-24 11:41:25.485000+00:00,19,1,42244728,M6AU6,A,F,0.0001,1.0,2026-09-14 14:16:00+00:00,2026-03-16 21:30:00+00:00,,0.0001,0.006,0.7122,10000.0,1.0,,270347,0,42244728,0,10,88,2500,0,0,0,1,2147483647,2147483647,2147483647,20595,314,2026,65535,4,USD,,,6A,XCME,M6A,FFCXSX,FUT,AUD,,,,F,255,255,255,7,255,4,9,255,255,N,127,127,255,M6AU6
2026-05-27 00:00:00+00:00,2026-05-24 11:41:25.635000+00:00,19,1,42331072,M6AU6-M6AM6,A,S,0.0001,1.0,2026-06-15 14:16:00+00:00,2026-03-16 21:30:00+00:00,,,0.001,-0.0014,,,,271371,0,42331072,0,10,88,2500,0,0,0,1,2147483647,2147483647,2147483647,20595,314,2026,65535,4,USD,,SD,6A,XCME,M6A,FMCXSX,FUT,AUD,,,,F,255,255,255,3,255,4,6,255,255,N,127,127,255,M6AU6-M6AM6
2026-05-28 00:00:00+00:00,2026-05-24 11:41:25.335000+00:00,19,1,42036360,M6AM6,A,F,0.0001,1.0,2026-06-15 14:16:00+00:00,2025-12-15 22:30:00+00:00,,0.0001,0.006,0.7136,10000.0,1.0,,270347,0,42036360,0,10,88,2500,0,0,0,1,2147483647,2147483647,2147483647,20595,314,2026,65535,4,USD,,,6A,XCME,M6A,FFCXSX,FUT,AUD,,,,F,255,255,255,7,255,4,6,255,255,N,127,127,255,M6AM6
2026-05-28 00:00:00+00:00,2026-05-24 11:41:25.485000+00:00,19,1,42244728,M6AU6,A,F,0.0001,1.0,2026-09-14 14:16:00+00:00,2026-03-16 21:30:00+00:00,,0.0001,0.006,0.7122,10000.0,1.0,,270347,0,42244728,0,10,88,2500,0,0,0,1,2147483647,2147483647,2147483647,20595,314,2026,65535,4,USD,,,6A,XCME,M6A,FFCXSX,FUT,AUD,,,,F,255,255,255,7,255,4,9,255,255,N,127,127,255,M6AU6
2026-05-28 00:00:00+00:00,2026-05-24 11:41:25.635000+00:00,19,1,42331072,M6AU6-M6AM6,A,S,0.0001,1.0,2026-06-15 14:16:00+00:00,2026-03-16 21:30:00+00:00,,,0.001,-0.0014,,,,271371,0,42331072,0,10,88,2500,0,0,0,1,2147483647,2147483647,2147483647,20595,314,2026,65535,4,USD,,SD,6A,XCME,M6A,FMCXSX,FUT,AUD,,,,F,255,255,255,3,255,4,6,255,255,N,127,127,255,M6AU6-M6AM6
2026-05-29 00:00:00+00:00,2026-05-24 11:41:25.335000+00:00,19,1,42036360,M6AM6,A,F,0.0001,1.0,2026-06-15 14:16:00+00:00,2025-12-15 22:30:00+00:00,,0.0001,0.006,0.7136,10000.0,1.0,,270347,0,42036360,0,10,88,2500,0,0,0,1,2147483647,2147483647,2147483647,20595,314,2026,65535,4,USD,,,6A,XCME,M6A,FFCXSX,FUT,AUD,,,,F,255,255,255,7,255,4,6,255,255,N,127,127,255,M6AM6
2026-05-29 00:00:00+00:00,2026-05-24 11:41:25.485000+00:00,19,1,42244728,M6AU6,A,F,0.0001,1.0,2026-09-14 14:16:00+00:00,2026-03-16 21:30:00+00:00,,0.0001,0.006,0.7122,10000.0,1.0,,270347,0,42244728,0,10,88,2500,0,0,0,1,2147483647,2147483647,2147483647,20595,314,2026,65535,4,USD,,,6A,XCME,M6A,FFCXSX,FUT,AUD,,,,F,255,255,255,7,255,4,9,255,255,N,127,127,255,M6AU6
2026-05-29 00:00:00+00:00,2026-05-24 11:41:25.635000+00:00,19,1,42331072,M6AU6-M6AM6,A,S,0.0001,1.0,2026-06-15 14:16:00+00:00,2026-03-16 21:30:00+00:00,,,0.001,-0.0014,,,,271371,0,42331072,0,10,88,2500,0,0,0,1,2147483647,2147483647,2147483647,20595,314,2026,65535,4,USD,,SD,6A,XCME,M6A,FMCXSX,FUT,AUD,,,,F,255,255,255,3,255,4,6,255,255,N,127,127,255,M6AU6-M6AM6
2026-05-31 11:41:27.443281318+00:00,2026-05-31 11:41:27.431000+00:00,19,1,42036360,M6AM6,A,F,0.0001,1.0,2026-06-15 14:16:00+00:00,2025-12-15 22:30:00+00:00,,0.0001,0.006,0.7181,10000.0,1.0,,270347,0,42036360,0,10,88,2500,0,0,0,1,2147483647,2147483647,2147483647,20602,314,2026,65535,4,USD,,,6A,XCME,M6A,FFCXSX,FUT,AUD,,,,F,255,255,255,7,255,4,6,255,255,N,127,127,255,M6AM6
2026-05-31 11:41:27.598534331+00:00,2026-05-31 11:41:27.581000+00:00,19,1,42244728,M6AU6,A,F,0.0001,1.0,2026-09-14 14:16:00+00:00,2026-03-16 21:30:00+00:00,,0.0001,0.006,0.7167,10000.0,1.0,,270347,0,42244728,0,10,88,2500,0,0,0,1,2147483647,2147483647,2147483647,20602,314,2026,65535,4,USD,,,6A,XCME,M6A,FFCXSX,FUT,AUD,,,,F,255,255,255,7,255,4,9,255,255,N,127,127,255,M6AU6
2026-05-31 11:41:27.750044315+00:00,2026-05-31 11:41:27.731000+00:00,19,1,42331072,M6AU6-M6AM6,A,S,0.0001,1.0,2026-06-15 14:16:00+00:00,2026-03-16 21:30:00+00:00,,,0.001,-0.0014,,,,271371,0,42331072,0,10,88,2500,0,0,0,1,2147483647,2147483647,2147483647,20602,314,2026,65535,4,USD,,SD,6A,XCME,M6A,FMCXSX,FUT,AUD,,,,F,255,255,255,3,255,4,6,255,255,N,127,127,255,M6AU6-M6AM6
2026-06-01 00:00:00+00:00,2026-05-31 11:41:27.431000+00:00,19,1,42036360,M6AM6,A,F,0.0001,1.0,2026-06-15 14:16:00+00:00,2025-12-15 22:30:00+00:00,,0.0001,0.006,0.7181,10000.0,1.0,,270347,0,42036360,0,10,88,2500,0,0,0,1,2147483647,2147483647,2147483647,20602,314,2026,65535,4,USD,,,6A,XCME,M6A,FFCXSX,FUT,AUD,,,,F,255,255,255,7,255,4,6,255,255,N,127,127,255,M6AM6
2026-06-01 00:00:00+00:00,2026-05-31 11:41:27.581000+00:00,19,1,42244728,M6AU6,A,F,0.0001,1.0,2026-09-14 14:16:00+00:00,2026-03-16 21:30:00+00:00,,0.0001,0.006,0.7167,10000.0,1.0,,270347,0,42244728,0,10,88,2500,0,0,0,1,2147483647,2147483647,2147483647,20602,314,2026,65535,4,USD,,,6A,XCME,M6A,FFCXSX,FUT,AUD,,,,F,255,255,255,7,255,4,9,255,255,N,127,127,255,M6AU6
2026-06-01 00:00:00+00:00,2026-05-31 11:41:27.731000+00:00,19,1,42331072,M6AU6-M6AM6,A,S,0.0001,1.0,2026-06-15 14:16:00+00:00,2026-03-16 21:30:00+00:00,,,0.001,-0.0014,,,,271371,0,42331072,0,10,88,2500,0,0,0,1,2147483647,2147483647,2147483647,20602,314,2026,65535,4,USD,,SD,6A,XCME,M6A,FMCXSX,FUT,AUD,,,,F,255,255,255,3,255,4,6,255,255,N,127,127,255,M6AU6-M6AM6
2026-06-01 23:01:52.609957243+00:00,2026-06-01 23:01:52.580364663+00:00,19,1,42054026,M6AZ6,A,F,0.0001,1.0,2026-12-14 15:16:00+00:00,2026-06-15 21:30:00+00:00,,0.0001,0.006,0.0,10000.0,1.0,,270347,0,42054026,0,10,88,2500,0,0,0,1,2147483647,2147483647,2147483647,20605,314,2026,65535,4,USD,,,6A,XCME,M6A,FFCXSX,FUT,AUD,,,,F,255,255,255,1,255,4,12,255,255,N,127,127,255,M6AZ6
2026-06-01 23:15:51.192970077+00:00,2026-06-01 23:15:51.114451193+00:00,19,1,42141216,M6AZ6-M6AU6,A,S,0.0001,1.0,2026-09-14 14:16:00+00:00,2026-06-15 21:30:00+00:00,,,0.001,0.0,,,,271371,0,42141216,0,10,88,2500,0,0,0,1,2147483647,2147483647,2147483647,20605,314,2026,65535,4,USD,,SD,6A,XCME,M6A,FMCXSX,FUT,AUD,,,,F,255,255,255,1,255,4,9,255,255,N,127,127,255,M6AZ6-M6AU6
2026-06-02 00:00:00+00:00,2026-05-31 11:41:27.431000+00:00,19,1,42036360,M6AM6,A,F,0.0001,1.0,2026-06-15 14:16:00+00:00,2025-12-15 22:30:00+00:00,,0.0001,0.006,0.7181,10000.0,1.0,,270347,0,42036360,0,10,88,2500,0,0,0,1,2147483647,2147483647,2147483647,20602,314,2026,65535,4,USD,,,6A,XCME,M6A,FFCXSX,FUT,AUD,,,,F,255,255,255,7,255,4,6,255,255,N,127,127,255,M6AM6
2026-06-02 00:00:00+00:00,2026-05-31 11:41:27.581000+00:00,19,1,42244728,M6AU6,A,F,0.0001,1.0,2026-09-14 14:16:00+00:00,2026-03-16 21:30:00+00:00,,0.0001,0.006,0.7167,10000.0,1.0,,270347,0,42244728,0,10,88,2500,0,0,0,1,2147483647,2147483647,2147483647,20602,314,2026,65535,4,USD,,,6A,XCME,M6A,FFCXSX,FUT,AUD,,,,F,255,255,255,7,255,4,9,255,255,N,127,127,255,M6AU6
2026-06-02 00:00:00+00:00,2026-05-31 11:41:27.731000+00:00,19,1,42331072,M6AU6-M6AM6,A,S,0.0001,1.0,2026-06-15 14:16:00+00:00,2026-03-16 21:30:00+00:00,,,0.001,-0.0014,,,,271371,0,42331072,0,10,88,2500,0,0,0,1,2147483647,2147483647,2147483647,20602,314,2026,65535,4,USD,,SD,6A,XCME,M6A,FMCXSX,FUT,AUD,,,,F,255,255,255,3,255,4,6,255,255,N,127,127,255,M6AU6-M6AM6
2026-06-02 00:00:00+00:00,2026-06-01 23:01:52.580364663+00:00,19,1,42054026,M6AZ6,A,F,0.0001,1.0,2026-12-14 15:16:00+00:00,2026-06-15 21:30:00+00:00,,0.0001,0.006,0.0,10000.0,1.0,,270347,0,42054026,0,10,88,2500,0,0,0,1,2147483647,2147483647,2147483647,20605,314,2026,65535,4,USD,,,6A,XCME,M6A,FFCXSX,FUT,AUD,,,,F,255,255,255,1,255,4,12,255,255,N,127,127,255,M6AZ6
2026-06-02 00:00:00+00:00,2026-06-01 23:15:51.114451193+00:00,19,1,42141216,M6AZ6-M6AU6,A,S,0.0001,1.0,2026-09-14 14:16:00+00:00,2026-06-15 21:30:00+00:00,,,0.001,0.0,,,,271371,0,42141216,0,10,88,2500,0,0,0,1,2147483647,2147483647,2147483647,20605,314,2026,65535,4,USD,,SD,6A,XCME,M6A,FMCXSX,FUT,AUD,,,,F,255,255,255,1,255,4,9,255,255,N,127,127,255,M6AZ6-M6AU6
2026-06-03 00:00:00+00:00,2026-05-31 11:41:27.431000+00:00,19,1,42036360,M6AM6,A,F,0.0001,1.0,2026-06-15 14:16:00+00:00,2025-12-15 22:30:00+00:00,,0.0001,0.006,0.7181,10000.0,1.0,,270347,0,42036360,0,10,88,2500,0,0,0,1,2147483647,2147483647,2147483647,20602,314,2026,65535,4,USD,,,6A,XCME,M6A,FFCXSX,FUT,AUD,,,,F,255,255,255,7,255,4,6,255,255,N,127,127,255,M6AM6
2026-06-03 00:00:00+00:00,2026-05-31 11:41:27.581000+00:00,19,1,42244728,M6AU6,A,F,0.0001,1.0,2026-09-14 14:16:00+00:00,2026-03-16 21:30:00+00:00,,0.0001,0.006,0.7167,10000.0,1.0,,270347,0,42244728,0,10,88,2500,0,0,0,1,2147483647,2147483647,2147483647,20602,314,2026,65535,4,USD,,,6A,XCME,M6A,FFCXSX,FUT,AUD,,,,F,255,255,255,7,255,4,9,255,255,N,127,127,255,M6AU6
2026-06-03 00:00:00+00:00,2026-05-31 11:41:27.731000+00:00,19,1,42331072,M6AU6-M6AM6,A,S,0.0001,1.0,2026-06-15 14:16:00+00:00,2026-03-16 21:30:00+00:00,,,0.001,-0.0014,,,,271371,0,42331072,0,10,88,2500,0,0,0,1,2147483647,2147483647,2147483647,20602,314,2026,65535,4,USD,,SD,6A,XCME,M6A,FMCXSX,FUT,AUD,,,,F,255,255,255,3,255,4,6,255,255,N,127,127,255,M6AU6-M6AM6
2026-06-03 00:00:00+00:00,2026-06-01 23:01:52.580364663+00:00,19,1,42054026,M6AZ6,A,F,0.0001,1.0,2026-12-14 15:16:00+00:00,2026-06-15 21:30:00+00:00,,0.0001,0.006,0.0,10000.0,1.0,,270347,0,42054026,0,10,88,2500,0,0,0,1,2147483647,2147483647,2147483647,20605,314,2026,65535,4,USD,,,6A,XCME,M6A,FFCXSX,FUT,AUD,,,,F,255,255,255,1,255,4,12,255,255,N,127,127,255,M6AZ6
2026-06-03 00:00:00+00:00,2026-06-01 23:15:51.114451193+00:00,19,1,42141216,M6AZ6-M6AU6,A,S,0.0001,1.0,2026-09-14 14:16:00+00:00,2026-06-15 21:30:00+00:00,,,0.001,0.0,,,,271371,0,42141216,0,10,88,2500,0,0,0,1,2147483647,2147483647,2147483647,20605,314,2026,65535,4,USD,,SD,6A,XCME,M6A,FMCXSX,FUT,AUD,,,,F,255,255,255,1,255,4,9,255,255,N,127,127,255,M6AZ6-M6AU6
2026-06-04 00:00:00+00:00,2026-05-31 11:41:27.431000+00:00,19,1,42036360,M6AM6,A,F,0.0001,1.0,2026-06-15 14:16:00+00:00,2025-12-15 22:30:00+00:00,,0.0001,0.006,0.7181,10000.0,1.0,,270347,0,42036360,0,10,88,2500,0,0,0,1,2147483647,2147483647,2147483647,20602,314,2026,65535,4,USD,,,6A,XCME,M6A,FFCXSX,FUT,AUD,,,,F,255,255,255,7,255,4,6,255,255,N,127,127,255,M6AM6
2026-06-04 00:00:00+00:00,2026-05-31 11:41:27.581000+00:00,19,1,42244728,M6AU6,A,F,0.0001,1.0,2026-09-14 14:16:00+00:00,2026-03-16 21:30:00+00:00,,0.0001,0.006,0.7167,10000.0,1.0,,270347,0,42244728,0,10,88,2500,0,0,0,1,2147483647,2147483647,2147483647,20602,314,2026,65535,4,USD,,,6A,XCME,M6A,FFCXSX,FUT,AUD,,,,F,255,255,255,7,255,4,9,255,255,N,127,127,255,M6AU6
2026-06-04 00:00:00+00:00,2026-05-31 11:41:27.731000+00:00,19,1,42331072,M6AU6-M6AM6,A,S,0.0001,1.0,2026-06-15 14:16:00+00:00,2026-03-16 21:30:00+00:00,,,0.001,-0.0014,,,,271371,0,42331072,0,10,88,2500,0,0,0,1,2147483647,2147483647,2147483647,20602,314,2026,65535,4,USD,,SD,6A,XCME,M6A,FMCXSX,FUT,AUD,,,,F,255,255,255,3,255,4,6,255,255,N,127,127,255,M6AU6-M6AM6
2026-06-04 00:00:00+00:00,2026-06-01 23:01:52.580364663+00:00,19,1,42054026,M6AZ6,A,F,0.0001,1.0,2026-12-14 15:16:00+00:00,2026-06-15 21:30:00+00:00,,0.0001,0.006,0.0,10000.0,1.0,,270347,0,42054026,0,10,88,2500,0,0,0,1,2147483647,2147483647,2147483647,20605,314,2026,65535,4,USD,,,6A,XCME,M6A,FFCXSX,FUT,AUD,,,,F,255,255,255,1,255,4,12,255,255,N,127,127,255,M6AZ6
2026-06-04 00:00:00+00:00,2026-06-01 23:15:51.114451193+00:00,19,1,42141216,M6AZ6-M6AU6,A,S,0.0001,1.0,2026-09-14 14:16:00+00:00,2026-06-15 21:30:00+00:00,,,0.001,0.0,,,,271371,0,42141216,0,10,88,2500,0,0,0,1,2147483647,2147483647,2147483647,20605,314,2026,65535,4,USD,,SD,6A,XCME,M6A,FMCXSX,FUT,AUD,,,,F,255,255,255,1,255,4,9,255,255,N,127,127,255,M6AZ6-M6AU6
2026-06-05 00:00:00+00:00,2026-05-31 11:41:27.431000+00:00,19,1,42036360,M6AM6,A,F,0.0001,1.0,2026-06-15 14:16:00+00:00,2025-12-15 22:30:00+00:00,,0.0001,0.006,0.7181,10000.0,1.0,,270347,0,42036360,0,10,88,2500,0,0,0,1,2147483647,2147483647,2147483647,20602,314,2026,65535,4,USD,,,6A,XCME,M6A,FFCXSX,FUT,AUD,,,,F,255,255,255,7,255,4,6,255,255,N,127,127,255,M6AM6
2026-06-05 00:00:00+00:00,2026-05-31 11:41:27.581000+00:00,19,1,42244728,M6AU6,A,F,0.0001,1.0,2026-09-14 14:16:00+00:00,2026-03-16 21:30:00+00:00,,0.0001,0.006,0.7167,10000.0,1.0,,270347,0,42244728,0,10,88,2500,0,0,0,1,2147483647,2147483647,2147483647,20602,314,2026,65535,4,USD,,,6A,XCME,M6A,FFCXSX,FUT,AUD,,,,F,255,255,255,7,255,4,9,255,255,N,127,127,255,M6AU6
2026-06-05 00:00:00+00:00,2026-05-31 11:41:27.731000+00:00,19,1,42331072,M6AU6-M6AM6,A,S,0.0001,1.0,2026-06-15 14:16:00+00:00,2026-03-16 21:30:00+00:00,,,0.001,-0.0014,,,,271371,0,42331072,0,10,88,2500,0,0,0,1,2147483647,2147483647,2147483647,20602,314,2026,65535,4,USD,,SD,6A,XCME,M6A,FMCXSX,FUT,AUD,,,,F,255,255,255,3,255,4,6,255,255,N,127,127,255,M6AU6-M6AM6
2026-06-05 00:00:00+00:00,2026-06-01 23:01:52.580364663+00:00,19,1,42054026,M6AZ6,A,F,0.0001,1.0,2026-12-14 15:16:00+00:00,2026-06-15 21:30:00+00:00,,0.0001,0.006,0.0,10000.0,1.0,,270347,0,42054026,0,10,88,2500,0,0,0,1,2147483647,2147483647,2147483647,20605,314,2026,65535,4,USD,,,6A,XCME,M6A,FFCXSX,FUT,AUD,,,,F,255,255,255,1,255,4,12,255,255,N,127,127,255,M6AZ6
2026-06-05 00:00:00+00:00,2026-06-01 23:15:51.114451193+00:00,19,1,42141216,M6AZ6-M6AU6,A,S,0.0001,1.0,2026-09-14 14:16:00+00:00,2026-06-15 21:30:00+00:00,,,0.001,0.0,,,,271371,0,42141216,0,10,88,2500,0,0,0,1,2147483647,2147483647,2147483647,20605,314,2026,65535,4,USD,,SD,6A,XCME,M6A,FMCXSX,FUT,AUD,,,,F,255,255,255,1,255,4,9,255,255,N,127,127,255,M6AZ6-M6AU6
2026-06-07 11:41:27.127875361+00:00,2026-06-07 11:41:27.027000+00:00,19,1,42054026,M6AZ6,A,F,0.0001,1.0,2026-12-14 15:16:00+00:00,2026-06-15 21:30:00+00:00,,0.0001,0.006,0.70145,10000.0,1.0,,270347,0,42054026,0,10,88,2500,0,0,0,1,2147483647,2147483647,2147483647,20609,314,2026,65535,4,USD,,,6A,XCME,M6A,FFCXSX,FUT,AUD,,,,F,255,255,255,7,255,4,12,255,255,N,127,127,255,M6AZ6
2026-06-07 11:41:27.205673468+00:00,2026-06-07 11:41:27.177000+00:00,19,1,42036360,M6AM6,A,F,0.0001,1.0,2026-06-15 14:16:00+00:00,2025-12-15 22:30:00+00:00,,0.0001,0.006,0.7043,10000.0,1.0,,270347,0,42036360,0,10,88,2500,0,0,0,1,2147483647,2147483647,2147483647,20609,314,2026,65535,4,USD,,,6A,XCME,M6A,FFCXSX,FUT,AUD,,,,F,255,255,255,7,255,4,6,255,255,N,127,127,255,M6AM6
2026-06-07 11:41:27.382521902+00:00,2026-06-07 11:41:27.377000+00:00,19,1,42244728,M6AU6,A,F,0.0001,1.0,2026-09-14 14:16:00+00:00,2026-03-16 21:30:00+00:00,,0.0001,0.006,0.7029,10000.0,1.0,,270347,0,42244728,0,10,88,2500,0,0,0,1,2147483647,2147483647,2147483647,20609,314,2026,65535,4,USD,,,6A,XCME,M6A,FFCXSX,FUT,AUD,,,,F,255,255,255,7,255,4,9,255,255,N,127,127,255,M6AU6
2026-06-07 11:41:27.400622929+00:00,2026-06-07 11:41:27.377000+00:00,19,1,42141216,M6AZ6-M6AU6,A,S,0.0001,1.0,2026-09-14 14:16:00+00:00,2026-06-15 21:30:00+00:00,,,0.001,-0.0014,,,,271371,0,42141216,0,10,88,2500,0,0,0,1,2147483647,2147483647,2147483647,20609,314,2026,65535,4,USD,,SD,6A,XCME,M6A,FMCXSX,FUT,AUD,,,,F,255,255,255,3,255,4,9,255,255,N,127,127,255,M6AZ6-M6AU6
2026-06-07 11:41:27.544183982+00:00,2026-06-07 11:41:27.527000+00:00,19,1,42331072,M6AU6-M6AM6,A,S,0.0001,1.0,2026-06-15 14:16:00+00:00,2026-03-16 21:30:00+00:00,,,0.001,-0.0014,,,,271371,0,42331072,0,10,88,2500,0,0,0,1,2147483647,2147483647,2147483647,20609,314,2026,65535,4,USD,,SD,6A,XCME,M6A,FMCXSX,FUT,AUD,,,,F,255,255,255,3,255,4,6,255,255,N,127,127,255,M6AU6-M6AM6
2026-06-08 00:00:00+00:00,2026-06-07 11:41:27.027000+00:00,19,1,42054026,M6AZ6,A,F,0.0001,1.0,2026-12-14 15:16:00+00:00,2026-06-15 21:30:00+00:00,,0.0001,0.006,0.70145,10000.0,1.0,,270347,0,42054026,0,10,88,2500,0,0,0,1,2147483647,2147483647,2147483647,20609,314,2026,65535,4,USD,,,6A,XCME,M6A,FFCXSX,FUT,AUD,,,,F,255,255,255,7,255,4,12,255,255,N,127,127,255,M6AZ6
2026-06-08 00:00:00+00:00,2026-06-07 11:41:27.177000+00:00,19,1,42036360,M6AM6,A,F,0.0001,1.0,2026-06-15 14:16:00+00:00,2025-12-15 22:30:00+00:00,,0.0001,0.006,0.7043,10000.0,1.0,,270347,0,42036360,0,10,88,2500,0,0,0,1,2147483647,2147483647,2147483647,20609,314,2026,65535,4,USD,,,6A,XCME,M6A,FFCXSX,FUT,AUD,,,,F,255,255,255,7,255,4,6,255,255,N,127,127,255,M6AM6
2026-06-08 00:00:00+00:00,2026-06-07 11:41:27.377000+00:00,19,1,42244728,M6AU6,A,F,0.0001,1.0,2026-09-14 14:16:00+00:00,2026-03-16 21:30:00+00:00,,0.0001,0.006,0.7029,10000.0,1.0,,270347,0,42244728,0,10,88,2500,0,0,0,1,2147483647,2147483647,2147483647,20609,314,2026,65535,4,USD,,,6A,XCME,M6A,FFCXSX,FUT,AUD,,,,F,255,255,255,7,255,4,9,255,255,N,127,127,255,M6AU6
2026-06-08 00:00:00+00:00,2026-06-07 11:41:27.377000+00:00,19,1,42141216,M6AZ6-M6AU6,A,S,0.0001,1.0,2026-09-14 14:16:00+00:00,2026-06-15 21:30:00+00:00,,,0.001,-0.0014,,,,271371,0,42141216,0,10,88,2500,0,0,0,1,2147483647,2147483647,2147483647,20609,314,2026,65535,4,USD,,SD,6A,XCME,M6A,FMCXSX,FUT,AUD,,,,F,255,255,255,3,255,4,9,255,255,N,127,127,255,M6AZ6-M6AU6
2026-06-08 00:00:00+00:00,2026-06-07 11:41:27.527000+00:00,19,1,42331072,M6AU6-M6AM6,A,S,0.0001,1.0,2026-06-15 14:16:00+00:00,2026-03-16 21:30:00+00:00,,,0.001,-0.0014,,,,271371,0,42331072,0,10,88,2500,0,0,0,1,2147483647,2147483647,2147483647,20609,314,2026,65535,4,USD,,SD,6A,XCME,M6A,FMCXSX,FUT,AUD,,,,F,255,255,255,3,255,4,6,255,255,N,127,127,255,M6AU6-M6AM6
2026-06-09 00:00:00+00:00,2026-06-07 11:41:27.027000+00:00,19,1,42054026,M6AZ6,A,F,0.0001,1.0,2026-12-14 15:16:00+00:00,2026-06-15 21:30:00+00:00,,0.0001,0.006,0.70145,10000.0,1.0,,270347,0,42054026,0,10,88,2500,0,0,0,1,2147483647,2147483647,2147483647,20609,314,2026,65535,4,USD,,,6A,XCME,M6A,FFCXSX,FUT,AUD,,,,F,255,255,255,7,255,4,12,255,255,N,127,127,255,M6AZ6
2026-06-09 00:00:00+00:00,2026-06-07 11:41:27.177000+00:00,19,1,42036360,M6AM6,A,F,0.0001,1.0,2026-06-15 14:16:00+00:00,2025-12-15 22:30:00+00:00,,0.0001,0.006,0.7043,10000.0,1.0,,270347,0,42036360,0,10,88,2500,0,0,0,1,2147483647,2147483647,2147483647,20609,314,2026,65535,4,USD,,,6A,XCME,M6A,FFCXSX,FUT,AUD,,,,F,255,255,255,7,255,4,6,255,255,N,127,127,255,M6AM6
2026-06-09 00:00:00+00:00,2026-06-07 11:41:27.377000+00:00,19,1,42244728,M6AU6,A,F,0.0001,1.0,2026-09-14 14:16:00+00:00,2026-03-16 21:30:00+00:00,,0.0001,0.006,0.7029,10000.0,1.0,,270347,0,42244728,0,10,88,2500,0,0,0,1,2147483647,2147483647,2147483647,20609,314,2026,65535,4,USD,,,6A,XCME,M6A,FFCXSX,FUT,AUD,,,,F,255,255,255,7,255,4,9,255,255,N,127,127,255,M6AU6
2026-06-09 00:00:00+00:00,2026-06-07 11:41:27.377000+00:00,19,1,42141216,M6AZ6-M6AU6,A,S,0.0001,1.0,2026-09-14 14:16:00+00:00,2026-06-15 21:30:00+00:00,,,0.001,-0.0014,,,,271371,0,42141216,0,10,88,2500,0,0,0,1,2147483647,2147483647,2147483647,20609,314,2026,65535,4,USD,,SD,6A,XCME,M6A,FMCXSX,FUT,AUD,,,,F,255,255,255,3,255,4,9,255,255,N,127,127,255,M6AZ6-M6AU6
2026-06-09 00:00:00+00:00,2026-06-07 11:41:27.527000+00:00,19,1,42331072,M6AU6-M6AM6,A,S,0.0001,1.0,2026-06-15 14:16:00+00:00,2026-03-16 21:30:00+00:00,,,0.001,-0.0014,,,,271371,0,42331072,0,10,88,2500,0,0,0,1,2147483647,2147483647,2147483647,20609,314,2026,65535,4,USD,,SD,6A,XCME,M6A,FMCXSX,FUT,AUD,,,,F,255,255,255,3,255,4,6,255,255,N,127,127,255,M6AU6-M6AM6
2026-06-10 00:00:00+00:00,2026-06-07 11:41:27.027000+00:00,19,1,42054026,M6AZ6,A,F,0.0001,1.0,2026-12-14 15:16:00+00:00,2026-06-15 21:30:00+00:00,,0.0001,0.006,0.70145,10000.0,1.0,,270347,0,42054026,0,10,88,2500,0,0,0,1,2147483647,2147483647,2147483647,20609,314,2026,65535,4,USD,,,6A,XCME,M6A,FFCXSX,FUT,AUD,,,,F,255,255,255,7,255,4,12,255,255,N,127,127,255,M6AZ6
2026-06-10 00:00:00+00:00,2026-06-07 11:41:27.177000+00:00,19,1,42036360,M6AM6,A,F,0.0001,1.0,2026-06-15 14:16:00+00:00,2025-12-15 22:30:00+00:00,,0.0001,0.006,0.7043,10000.0,1.0,,270347,0,42036360,0,10,88,2500,0,0,0,1,2147483647,2147483647,2147483647,20609,314,2026,65535,4,USD,,,6A,XCME,M6A,FFCXSX,FUT,AUD,,,,F,255,255,255,7,255,4,6,255,255,N,127,127,255,M6AM6
2026-06-10 00:00:00+00:00,2026-06-07 11:41:27.377000+00:00,19,1,42244728,M6AU6,A,F,0.0001,1.0,2026-09-14 14:16:00+00:00,2026-03-16 21:30:00+00:00,,0.0001,0.006,0.7029,10000.0,1.0,,270347,0,42244728,0,10,88,2500,0,0,0,1,2147483647,2147483647,2147483647,20609,314,2026,65535,4,USD,,,6A,XCME,M6A,FFCXSX,FUT,AUD,,,,F,255,255,255,7,255,4,9,255,255,N,127,127,255,M6AU6
2026-06-10 00:00:00+00:00,2026-06-07 11:41:27.377000+00:00,19,1,42141216,M6AZ6-M6AU6,A,S,0.0001,1.0,2026-09-14 14:16:00+00:00,2026-06-15 21:30:00+00:00,,,0.001,-0.0014,,,,271371,0,42141216,0,10,88,2500,0,0,0,1,2147483647,2147483647,2147483647,20609,314,2026,65535,4,USD,,SD,6A,XCME,M6A,FMCXSX,FUT,AUD,,,,F,255,255,255,3,255,4,9,255,255,N,127,127,255,M6AZ6-M6AU6
2026-06-10 00:00:00+00:00,2026-06-07 11:41:27.527000+00:00,19,1,42331072,M6AU6-M6AM6,A,S,0.0001,1.0,2026-06-15 14:16:00+00:00,2026-03-16 21:30:00+00:00,,,0.001,-0.0014,,,,271371,0,42331072,0,10,88,2500,0,0,0,1,2147483647,2147483647,2147483647,20609,314,2026,65535,4,USD,,SD,6A,XCME,M6A,FMCXSX,FUT,AUD,,,,F,255,255,255,3,255,4,6,255,255,N,127,127,255,M6AU6-M6AM6
2026-06-11 00:00:00+00:00,2026-06-07 11:41:27.027000+00:00,19,1,42054026,M6AZ6,A,F,0.0001,1.0,2026-12-14 15:16:00+00:00,2026-06-15 21:30:00+00:00,,0.0001,0.006,0.70145,10000.0,1.0,,270347,0,42054026,0,10,88,2500,0,0,0,1,2147483647,2147483647,2147483647,20609,314,2026,65535,4,USD,,,6A,XCME,M6A,FFCXSX,FUT,AUD,,,,F,255,255,255,7,255,4,12,255,255,N,127,127,255,M6AZ6
2026-06-11 00:00:00+00:00,2026-06-07 11:41:27.177000+00:00,19,1,42036360,M6AM6,A,F,0.0001,1.0,2026-06-15 14:16:00+00:00,2025-12-15 22:30:00+00:00,,0.0001,0.006,0.7043,10000.0,1.0,,270347,0,42036360,0,10,88,2500,0,0,0,1,2147483647,2147483647,2147483647,20609,314,2026,65535,4,USD,,,6A,XCME,M6A,FFCXSX,FUT,AUD,,,,F,255,255,255,7,255,4,6,255,255,N,127,127,255,M6AM6
2026-06-11 00:00:00+00:00,2026-06-07 11:41:27.377000+00:00,19,1,42244728,M6AU6,A,F,0.0001,1.0,2026-09-14 14:16:00+00:00,2026-03-16 21:30:00+00:00,,0.0001,0.006,0.7029,10000.0,1.0,,270347,0,42244728,0,10,88,2500,0,0,0,1,2147483647,2147483647,2147483647,20609,314,2026,65535,4,USD,,,6A,XCME,M6A,FFCXSX,FUT,AUD,,,,F,255,255,255,7,255,4,9,255,255,N,127,127,255,M6AU6
2026-06-11 00:00:00+00:00,2026-06-07 11:41:27.377000+00:00,19,1,42141216,M6AZ6-M6AU6,A,S,0.0001,1.0,2026-09-14 14:16:00+00:00,2026-06-15 21:30:00+00:00,,,0.001,-0.0014,,,,271371,0,42141216,0,10,88,2500,0,0,0,1,2147483647,2147483647,2147483647,20609,314,2026,65535,4,USD,,SD,6A,XCME,M6A,FMCXSX,FUT,AUD,,,,F,255,255,255,3,255,4,9,255,255,N,127,127,255,M6AZ6-M6AU6
2026-06-11 00:00:00+00:00,2026-06-07 11:41:27.527000+00:00,19,1,42331072,M6AU6-M6AM6,A,S,0.0001,1.0,2026-06-15 14:16:00+00:00,2026-03-16 21:30:00+00:00,,,0.001,-0.0014,,,,271371,0,42331072,0,10,88,2500,0,0,0,1,2147483647,2147483647,2147483647,20609,314,2026,65535,4,USD,,SD,6A,XCME,M6A,FMCXSX,FUT,AUD,,,,F,255,255,255,3,255,4,6,255,255,N,127,127,255,M6AU6-M6AM6
2026-06-12 00:00:00+00:00,2026-06-07 11:41:27.027000+00:00,19,1,42054026,M6AZ6,A,F,0.0001,1.0,2026-12-14 15:16:00+00:00,2026-06-15 21:30:00+00:00,,0.0001,0.006,0.70145,10000.0,1.0,,270347,0,42054026,0,10,88,2500,0,0,0,1,2147483647,2147483647,2147483647,20609,314,2026,65535,4,USD,,,6A,XCME,M6A,FFCXSX,FUT,AUD,,,,F,255,255,255,7,255,4,12,255,255,N,127,127,255,M6AZ6
2026-06-12 00:00:00+00:00,2026-06-07 11:41:27.177000+00:00,19,1,42036360,M6AM6,A,F,0.0001,1.0,2026-06-15 14:16:00+00:00,2025-12-15 22:30:00+00:00,,0.0001,0.006,0.7043,10000.0,1.0,,270347,0,42036360,0,10,88,2500,0,0,0,1,2147483647,2147483647,2147483647,20609,314,2026,65535,4,USD,,,6A,XCME,M6A,FFCXSX,FUT,AUD,,,,F,255,255,255,7,255,4,6,255,255,N,127,127,255,M6AM6
2026-06-12 00:00:00+00:00,2026-06-07 11:41:27.377000+00:00,19,1,42244728,M6AU6,A,F,0.0001,1.0,2026-09-14 14:16:00+00:00,2026-03-16 21:30:00+00:00,,0.0001,0.006,0.7029,10000.0,1.0,,270347,0,42244728,0,10,88,2500,0,0,0,1,2147483647,2147483647,2147483647,20609,314,2026,65535,4,USD,,,6A,XCME,M6A,FFCXSX,FUT,AUD,,,,F,255,255,255,7,255,4,9,255,255,N,127,127,255,M6AU6
2026-06-12 00:00:00+00:00,2026-06-07 11:41:27.377000+00:00,19,1,42141216,M6AZ6-M6AU6,A,S,0.0001,1.0,2026-09-14 14:16:00+00:00,2026-06-15 21:30:00+00:00,,,0.001,-0.0014,,,,271371,0,42141216,0,10,88,2500,0,0,0,1,2147483647,2147483647,2147483647,20609,314,2026,65535,4,USD,,SD,6A,XCME,M6A,FMCXSX,FUT,AUD,,,,F,255,255,255,3,255,4,9,255,255,N,127,127,255,M6AZ6-M6AU6
2026-06-12 00:00:00+00:00,2026-06-07 11:41:27.527000+00:00,19,1,42331072,M6AU6-M6AM6,A,S,0.0001,1.0,2026-06-15 14:16:00+00:00,2026-03-16 21:30:00+00:00,,,0.001,-0.0014,,,,271371,0,42331072,0,10,88,2500,0,0,0,1,2147483647,2147483647,2147483647,20609,314,2026,65535,4,USD,,SD,6A,XCME,M6A,FMCXSX,FUT,AUD,,,,F,255,255,255,3,255,4,6,255,255,N,127,127,255,M6AU6-M6AM6
2026-06-14 11:40:42.685071706+00:00,2026-06-14 11:40:42.598000+00:00,19,1,42054026,M6AZ6,A,F,0.0001,1.0,2026-12-14 15:16:00+00:00,2026-06-15 21:30:00+00:00,,0.0001,0.006,0.7022,10000.0,1.0,,270347,0,42054026,0,10,88,2500,0,0,0,1,2147483647,2147483647,2147483647,20616,314,2026,65535,4,USD,,,6A,XCME,M6A,FFCXSX,FUT,AUD,,,,F,255,255,255,7,255,4,12,255,255,N,127,127,255,M6AZ6
2026-06-14 11:40:42.760906129+00:00,2026-06-14 11:40:42.748000+00:00,19,1,42036360,M6AM6,A,F,0.0001,1.0,2026-06-15 14:16:00+00:00,2025-12-15 22:30:00+00:00,,0.0001,0.006,0.7048,10000.0,1.0,,270347,0,42036360,0,10,88,2500,0,0,0,1,2147483647,2147483647,2147483647,20616,314,2026,65535,4,USD,,,6A,XCME,M6A,FFCXSX,FUT,AUD,,,,F,255,255,255,7,255,4,6,255,255,N,127,127,255,M6AM6
2026-06-14 11:40:42.953890535+00:00,2026-06-14 11:40:42.948000+00:00,19,1,42244728,M6AU6,A,F,0.0001,1.0,2026-09-14 14:16:00+00:00,2026-03-16 21:30:00+00:00,,0.0001,0.006,0.7035,10000.0,1.0,,270347,0,42244728,0,10,88,2500,0,0,0,1,2147483647,2147483647,2147483647,20616,314,2026,65535,4,USD,,,6A,XCME,M6A,FFCXSX,FUT,AUD,,,,F,255,255,255,7,255,4,9,255,255,N,127,127,255,M6AU6
2026-06-14 11:40:42.972214062+00:00,2026-06-14 11:40:42.948000+00:00,19,1,42141216,M6AZ6-M6AU6,A,S,0.0001,1.0,2026-09-14 14:16:00+00:00,2026-06-15 21:30:00+00:00,,,0.001,-0.0013,,,,271371,0,42141216,0,10,88,2500,0,0,0,1,2147483647,2147483647,2147483647,20616,314,2026,65535,4,USD,,SD,6A,XCME,M6A,FMCXSX,FUT,AUD,,,,F,255,255,255,3,255,4,9,255,255,N,127,127,255,M6AZ6-M6AU6
2026-06-14 11:40:43.116711443+00:00,2026-06-14 11:40:43.098000+00:00,19,1,42331072,M6AU6-M6AM6,A,S,0.0001,1.0,2026-06-15 14:16:00+00:00,2026-03-16 21:30:00+00:00,,,0.001,-0.0013,,,,271371,0,42331072,0,10,88,2500,0,0,0,1,2147483647,2147483647,2147483647,20616,314,2026,65535,4,USD,,SD,6A,XCME,M6A,FMCXSX,FUT,AUD,,,,F,255,255,255,3,255,4,6,255,255,N,127,127,255,M6AU6-M6AM6
2026-06-15 00:00:00+00:00,2026-06-14 11:40:42.598000+00:00,19,1,42054026,M6AZ6,A,F,0.0001,1.0,2026-12-14 15:16:00+00:00,2026-06-15 21:30:00+00:00,,0.0001,0.006,0.7022,10000.0,1.0,,270347,0,42054026,0,10,88,2500,0,0,0,1,2147483647,2147483647,2147483647,20616,314,2026,65535,4,USD,,,6A,XCME,M6A,FFCXSX,FUT,AUD,,,,F,255,255,255,7,255,4,12,255,255,N,127,127,255,M6AZ6
2026-06-15 00:00:00+00:00,2026-06-14 11:40:42.748000+00:00,19,1,42036360,M6AM6,A,F,0.0001,1.0,2026-06-15 14:16:00+00:00,2025-12-15 22:30:00+00:00,,0.0001,0.006,0.7048,10000.0,1.0,,270347,0,42036360,0,10,88,2500,0,0,0,1,2147483647,2147483647,2147483647,20616,314,2026,65535,4,USD,,,6A,XCME,M6A,FFCXSX,FUT,AUD,,,,F,255,255,255,7,255,4,6,255,255,N,127,127,255,M6AM6
2026-06-15 00:00:00+00:00,2026-06-14 11:40:42.948000+00:00,19,1,42244728,M6AU6,A,F,0.0001,1.0,2026-09-14 14:16:00+00:00,2026-03-16 21:30:00+00:00,,0.0001,0.006,0.7035,10000.0,1.0,,270347,0,42244728,0,10,88,2500,0,0,0,1,2147483647,2147483647,2147483647,20616,314,2026,65535,4,USD,,,6A,XCME,M6A,FFCXSX,FUT,AUD,,,,F,255,255,255,7,255,4,9,255,255,N,127,127,255,M6AU6
2026-06-15 00:00:00+00:00,2026-06-14 11:40:42.948000+00:00,19,1,42141216,M6AZ6-M6AU6,A,S,0.0001,1.0,2026-09-14 14:16:00+00:00,2026-06-15 21:30:00+00:00,,,0.001,-0.0013,,,,271371,0,42141216,0,10,88,2500,0,0,0,1,2147483647,2147483647,2147483647,20616,314,2026,65535,4,USD,,SD,6A,XCME,M6A,FMCXSX,FUT,AUD,,,,F,255,255,255,3,255,4,9,255,255,N,127,127,255,M6AZ6-M6AU6
2026-06-15 00:00:00+00:00,2026-06-14 11:40:43.098000+00:00,19,1,42331072,M6AU6-M6AM6,A,S,0.0001,1.0,2026-06-15 14:16:00+00:00,2026-03-16 21:30:00+00:00,,,0.001,-0.0013,,,,271371,0,42331072,0,10,88,2500,0,0,0,1,2147483647,2147483647,2147483647,20616,314,2026,65535,4,USD,,SD,6A,XCME,M6A,FMCXSX,FUT,AUD,,,,F,255,255,255,3,255,4,6,255,255,N,127,127,255,M6AU6-M6AM6
2026-06-16 00:00:00+00:00,2026-06-14 11:40:42.598000+00:00,19,1,42054026,M6AZ6,A,F,0.0001,1.0,2026-12-14 15:16:00+00:00,2026-06-15 21:30:00+00:00,,0.0001,0.006,0.7022,10000.0,1.0,,270347,0,42054026,0,10,88,2500,0,0,0,1,2147483647,2147483647,2147483647,20616,314,2026,65535,4,USD,,,6A,XCME,M6A,FFCXSX,FUT,AUD,,,,F,255,255,255,7,255,4,12,255,255,N,127,127,255,M6AZ6
2026-06-16 00:00:00+00:00,2026-06-14 11:40:42.748000+00:00,19,1,42036360,M6AM6,A,F,0.0001,1.0,2026-06-15 14:16:00+00:00,2025-12-15 22:30:00+00:00,,0.0001,0.006,0.7048,10000.0,1.0,,270347,0,42036360,0,10,88,2500,0,0,0,1,2147483647,2147483647,2147483647,20616,314,2026,65535,4,USD,,,6A,XCME,M6A,FFCXSX,FUT,AUD,,,,F,255,255,255,7,255,4,6,255,255,N,127,127,255,M6AM6
2026-06-16 00:00:00+00:00,2026-06-14 11:40:42.948000+00:00,19,1,42244728,M6AU6,A,F,0.0001,1.0,2026-09-14 14:16:00+00:00,2026-03-16 21:30:00+00:00,,0.0001,0.006,0.7035,10000.0,1.0,,270347,0,42244728,0,10,88,2500,0,0,0,1,2147483647,2147483647,2147483647,20616,314,2026,65535,4,USD,,,6A,XCME,M6A,FFCXSX,FUT,AUD,,,,F,255,255,255,7,255,4,9,255,255,N,127,127,255,M6AU6
2026-06-16 00:00:00+00:00,2026-06-14 11:40:42.948000+00:00,19,1,42141216,M6AZ6-M6AU6,A,S,0.0001,1.0,2026-09-14 14:16:00+00:00,2026-06-15 21:30:00+00:00,,,0.001,-0.0013,,,,271371,0,42141216,0,10,88,2500,0,0,0,1,2147483647,2147483647,2147483647,20616,314,2026,65535,4,USD,,SD,6A,XCME,M6A,FMCXSX,FUT,AUD,,,,F,255,255,255,3,255,4,9,255,255,N,127,127,255,M6AZ6-M6AU6
2026-06-16 00:00:00+00:00,2026-06-14 11:40:43.098000+00:00,19,1,42331072,M6AU6-M6AM6,A,S,0.0001,1.0,2026-06-15 14:16:00+00:00,2026-03-16 21:30:00+00:00,,,0.001,-0.0013,,,,271371,0,42331072,0,10,88,2500,0,0,0,1,2147483647,2147483647,2147483647,20616,314,2026,65535,4,USD,,SD,6A,XCME,M6A,FMCXSX,FUT,AUD,,,,F,255,255,255,3,255,4,6,255,255,N,127,127,255,M6AU6-M6AM6
2026-06-17 00:00:00+00:00,2026-06-14 11:40:42.598000+00:00,19,1,42054026,M6AZ6,A,F,0.0001,1.0,2026-12-14 15:16:00+00:00,2026-06-15 21:30:00+00:00,,0.0001,0.006,0.7022,10000.0,1.0,,270347,0,42054026,0,10,88,2500,0,0,0,1,2147483647,2147483647,2147483647,20616,314,2026,65535,4,USD,,,6A,XCME,M6A,FFCXSX,FUT,AUD,,,,F,255,255,255,7,255,4,12,255,255,N,127,127,255,M6AZ6
2026-06-17 00:00:00+00:00,2026-06-14 11:40:42.748000+00:00,19,1,42036360,M6AM6,A,F,0.0001,1.0,2026-06-15 14:16:00+00:00,2025-12-15 22:30:00+00:00,,0.0001,0.006,0.7048,10000.0,1.0,,270347,0,42036360,0,10,88,2500,0,0,0,1,2147483647,2147483647,2147483647,20616,314,2026,65535,4,USD,,,6A,XCME,M6A,FFCXSX,FUT,AUD,,,,F,255,255,255,7,255,4,6,255,255,N,127,127,255,M6AM6
2026-06-17 00:00:00+00:00,2026-06-14 11:40:42.948000+00:00,19,1,42244728,M6AU6,A,F,0.0001,1.0,2026-09-14 14:16:00+00:00,2026-03-16 21:30:00+00:00,,0.0001,0.006,0.7035,10000.0,1.0,,270347,0,42244728,0,10,88,2500,0,0,0,1,2147483647,2147483647,2147483647,20616,314,2026,65535,4,USD,,,6A,XCME,M6A,FFCXSX,FUT,AUD,,,,F,255,255,255,7,255,4,9,255,255,N,127,127,255,M6AU6
2026-06-17 00:00:00+00:00,2026-06-14 11:40:42.948000+00:00,19,1,42141216,M6AZ6-M6AU6,A,S,0.0001,1.0,2026-09-14 14:16:00+00:00,2026-06-15 21:30:00+00:00,,,0.001,-0.0013,,,,271371,0,42141216,0,10,88,2500,0,0,0,1,2147483647,2147483647,2147483647,20616,314,2026,65535,4,USD,,SD,6A,XCME,M6A,FMCXSX,FUT,AUD,,,,F,255,255,255,3,255,4,9,255,255,N,127,127,255,M6AZ6-M6AU6
2026-06-17 00:00:00+00:00,2026-06-14 11:40:43.098000+00:00,19,1,42331072,M6AU6-M6AM6,A,S,0.0001,1.0,2026-06-15 14:16:00+00:00,2026-03-16 21:30:00+00:00,,,0.001,-0.0013,,,,271371,0,42331072,0,10,88,2500,0,0,0,1,2147483647,2147483647,2147483647,20616,314,2026,65535,4,USD,,SD,6A,XCME,M6A,FMCXSX,FUT,AUD,,,,F,255,255,255,3,255,4,6,255,255,N,127,127,255,M6AU6-M6AM6
2026-06-18 00:00:00+00:00,2026-06-14 11:40:42.598000+00:00,19,1,42054026,M6AZ6,A,F,0.0001,1.0,2026-12-14 15:16:00+00:00,2026-06-15 21:30:00+00:00,,0.0001,0.006,0.7022,10000.0,1.0,,270347,0,42054026,0,10,88,2500,0,0,0,1,2147483647,2147483647,2147483647,20616,314,2026,65535,4,USD,,,6A,XCME,M6A,FFCXSX,FUT,AUD,,,,F,255,255,255,7,255,4,12,255,255,N,127,127,255,M6AZ6
2026-06-18 00:00:00+00:00,2026-06-14 11:40:42.748000+00:00,19,1,42036360,M6AM6,A,F,0.0001,1.0,2026-06-15 14:16:00+00:00,2025-12-15 22:30:00+00:00,,0.0001,0.006,0.7048,10000.0,1.0,,270347,0,42036360,0,10,88,2500,0,0,0,1,2147483647,2147483647,2147483647,20616,314,2026,65535,4,USD,,,6A,XCME,M6A,FFCXSX,FUT,AUD,,,,F,255,255,255,7,255,4,6,255,255,N,127,127,255,M6AM6
2026-06-18 00:00:00+00:00,2026-06-14 11:40:42.948000+00:00,19,1,42244728,M6AU6,A,F,0.0001,1.0,2026-09-14 14:16:00+00:00,2026-03-16 21:30:00+00:00,,0.0001,0.006,0.7035,10000.0,1.0,,270347,0,42244728,0,10,88,2500,0,0,0,1,2147483647,2147483647,2147483647,20616,314,2026,65535,4,USD,,,6A,XCME,M6A,FFCXSX,FUT,AUD,,,,F,255,255,255,7,255,4,9,255,255,N,127,127,255,M6AU6
2026-06-18 00:00:00+00:00,2026-06-14 11:40:42.948000+00:00,19,1,42141216,M6AZ6-M6AU6,A,S,0.0001,1.0,2026-09-14 14:16:00+00:00,2026-06-15 21:30:00+00:00,,,0.001,-0.0013,,,,271371,0,42141216,0,10,88,2500,0,0,0,1,2147483647,2147483647,2147483647,20616,314,2026,65535,4,USD,,SD,6A,XCME,M6A,FMCXSX,FUT,AUD,,,,F,255,255,255,3,255,4,9,255,255,N,127,127,255,M6AZ6-M6AU6
2026-06-18 00:00:00+00:00,2026-06-14 11:40:43.098000+00:00,19,1,42331072,M6AU6-M6AM6,A,S,0.0001,1.0,2026-06-15 14:16:00+00:00,2026-03-16 21:30:00+00:00,,,0.001,-0.0013,,,,271371,0,42331072,0,10,88,2500,0,0,0,1,2147483647,2147483647,2147483647,20616,314,2026,65535,4,USD,,SD,6A,XCME,M6A,FMCXSX,FUT,AUD,,,,F,255,255,255,3,255,4,6,255,255,N,127,127,255,M6AU6-M6AM6
2026-06-19 00:00:00+00:00,2026-06-14 11:40:42.598000+00:00,19,1,42054026,M6AZ6,A,F,0.0001,1.0,2026-12-14 15:16:00+00:00,2026-06-15 21:30:00+00:00,,0.0001,0.006,0.7022,10000.0,1.0,,270347,0,42054026,0,10,88,2500,0,0,0,1,2147483647,2147483647,2147483647,20616,314,2026,65535,4,USD,,,6A,XCME,M6A,FFCXSX,FUT,AUD,,,,F,255,255,255,7,255,4,12,255,255,N,127,127,255,M6AZ6
2026-06-19 00:00:00+00:00,2026-06-14 11:40:42.748000+00:00,19,1,42036360,M6AM6,A,F,0.0001,1.0,2026-06-15 14:16:00+00:00,2025-12-15 22:30:00+00:00,,0.0001,0.006,0.7048,10000.0,1.0,,270347,0,42036360,0,10,88,2500,0,0,0,1,2147483647,2147483647,2147483647,20616,314,2026,65535,4,USD,,,6A,XCME,M6A,FFCXSX,FUT,AUD,,,,F,255,255,255,7,255,4,6,255,255,N,127,127,255,M6AM6
2026-06-19 00:00:00+00:00,2026-06-14 11:40:42.948000+00:00,19,1,42244728,M6AU6,A,F,0.0001,1.0,2026-09-14 14:16:00+00:00,2026-03-16 21:30:00+00:00,,0.0001,0.006,0.7035,10000.0,1.0,,270347,0,42244728,0,10,88,2500,0,0,0,1,2147483647,2147483647,2147483647,20616,314,2026,65535,4,USD,,,6A,XCME,M6A,FFCXSX,FUT,AUD,,,,F,255,255,255,7,255,4,9,255,255,N,127,127,255,M6AU6
2026-06-19 00:00:00+00:00,2026-06-14 11:40:42.948000+00:00,19,1,42141216,M6AZ6-M6AU6,A,S,0.0001,1.0,2026-09-14 14:16:00+00:00,2026-06-15 21:30:00+00:00,,,0.001,-0.0013,,,,271371,0,42141216,0,10,88,2500,0,0,0,1,2147483647,2147483647,2147483647,20616,314,2026,65535,4,USD,,SD,6A,XCME,M6A,FMCXSX,FUT,AUD,,,,F,255,255,255,3,255,4,9,255,255,N,127,127,255,M6AZ6-M6AU6
2026-06-19 00:00:00+00:00,2026-06-14 11:40:43.098000+00:00,19,1,42331072,M6AU6-M6AM6,A,S,0.0001,1.0,2026-06-15 14:16:00+00:00,2026-03-16 21:30:00+00:00,,,0.001,-0.0013,,,,271371,0,42331072,0,10,88,2500,0,0,0,1,2147483647,2147483647,2147483647,20616,314,2026,65535,4,USD,,SD,6A,XCME,M6A,FMCXSX,FUT,AUD,,,,F,255,255,255,3,255,4,6,255,255,N,127,127,255,M6AU6-M6AM6
2026-06-21 11:41:42.303534689+00:00,2026-06-21 11:41:42.199000+00:00,19,1,42054026,M6AZ6,A,F,0.0001,1.0,2026-12-14 15:16:00+00:00,2026-06-15 21:30:00+00:00,,0.0001,0.006,0.6993,10000.0,1.0,,270347,0,42054026,0,10,88,2500,0,0,0,1,2147483647,2147483647,2147483647,20622,314,2026,65535,4,USD,,,6A,XCME,M6A,FFCXSX,FUT,AUD,,,,F,255,255,255,7,255,4,12,255,255,N,127,127,255,M6AZ6
2026-06-21 11:41:42.518102576+00:00,2026-06-21 11:41:42.499000+00:00,19,1,42244728,M6AU6,A,F,0.0001,1.0,2026-09-14 14:16:00+00:00,2026-03-16 21:30:00+00:00,,0.0001,0.006,0.7004,10000.0,1.0,,270347,0,42244728,0,10,88,2500,0,0,0,1,2147483647,2147483647,2147483647,20622,314,2026,65535,4,USD,,,6A,XCME,M6A,FFCXSX,FUT,AUD,,,,F,255,255,255,7,255,4,9,255,255,N,127,127,255,M6AU6
2026-06-21 11:41:42.563839836+00:00,2026-06-21 11:41:42.549000+00:00,19,1,42141216,M6AZ6-M6AU6,A,S,0.0001,1.0,2026-09-14 14:16:00+00:00,2026-06-15 21:30:00+00:00,,,0.001,-0.0011,,,,271371,0,42141216,0,10,88,2500,0,0,0,1,2147483647,2147483647,2147483647,20622,314,2026,65535,4,USD,,SD,6A,XCME,M6A,FMCXSX,FUT,AUD,,,,F,255,255,255,3,255,4,9,255,255,N,127,127,255,M6AZ6-M6AU6
2026-06-22 00:00:00+00:00,2026-06-21 11:41:42.199000+00:00,19,1,42054026,M6AZ6,A,F,0.0001,1.0,2026-12-14 15:16:00+00:00,2026-06-15 21:30:00+00:00,,0.0001,0.006,0.6993,10000.0,1.0,,270347,0,42054026,0,10,88,2500,0,0,0,1,2147483647,2147483647,2147483647,20622,314,2026,65535,4,USD,,,6A,XCME,M6A,FFCXSX,FUT,AUD,,,,F,255,255,255,7,255,4,12,255,255,N,127,127,255,M6AZ6
2026-06-22 00:00:00+00:00,2026-06-21 11:41:42.499000+00:00,19,1,42244728,M6AU6,A,F,0.0001,1.0,2026-09-14 14:16:00+00:00,2026-03-16 21:30:00+00:00,,0.0001,0.006,0.7004,10000.0,1.0,,270347,0,42244728,0,10,88,2500,0,0,0,1,2147483647,2147483647,2147483647,20622,314,2026,65535,4,USD,,,6A,XCME,M6A,FFCXSX,FUT,AUD,,,,F,255,255,255,7,255,4,9,255,255,N,127,127,255,M6AU6
2026-06-22 00:00:00+00:00,2026-06-21 11:41:42.549000+00:00,19,1,42141216,M6AZ6-M6AU6,A,S,0.0001,1.0,2026-09-14 14:16:00+00:00,2026-06-15 21:30:00+00:00,,,0.001,-0.0011,,,,271371,0,42141216,0,10,88,2500,0,0,0,1,2147483647,2147483647,2147483647,20622,314,2026,65535,4,USD,,SD,6A,XCME,M6A,FMCXSX,FUT,AUD,,,,F,255,255,255,3,255,4,9,255,255,N,127,127,255,M6AZ6-M6AU6
2026-06-23 00:00:00+00:00,2026-06-21 11:41:42.199000+00:00,19,1,42054026,M6AZ6,A,F,0.0001,1.0,2026-12-14 15:16:00+00:00,2026-06-15 21:30:00+00:00,,0.0001,0.006,0.6993,10000.0,1.0,,270347,0,42054026,0,10,88,2500,0,0,0,1,2147483647,2147483647,2147483647,20622,314,2026,65535,4,USD,,,6A,XCME,M6A,FFCXSX,FUT,AUD,,,,F,255,255,255,7,255,4,12,255,255,N,127,127,255,M6AZ6
2026-06-23 00:00:00+00:00,2026-06-21 11:41:42.499000+00:00,19,1,42244728,M6AU6,A,F,0.0001,1.0,2026-09-14 14:16:00+00:00,2026-03-16 21:30:00+00:00,,0.0001,0.006,0.7004,10000.0,1.0,,270347,0,42244728,0,10,88,2500,0,0,0,1,2147483647,2147483647,2147483647,20622,314,2026,65535,4,USD,,,6A,XCME,M6A,FFCXSX,FUT,AUD,,,,F,255,255,255,7,255,4,9,255,255,N,127,127,255,M6AU6
2026-06-23 00:00:00+00:00,2026-06-21 11:41:42.549000+00:00,19,1,42141216,M6AZ6-M6AU6,A,S,0.0001,1.0,2026-09-14 14:16:00+00:00,2026-06-15 21:30:00+00:00,,,0.001,-0.0011,,,,271371,0,42141216,0,10,88,2500,0,0,0,1,2147483647,2147483647,2147483647,20622,314,2026,65535,4,USD,,SD,6A,XCME,M6A,FMCXSX,FUT,AUD,,,,F,255,255,255,3,255,4,9,255,255,N,127,127,255,M6AZ6-M6AU6
2026-06-24 00:00:00+00:00,2026-06-21 11:41:42.199000+00:00,19,1,42054026,M6AZ6,A,F,0.0001,1.0,2026-12-14 15:16:00+00:00,2026-06-15 21:30:00+00:00,,0.0001,0.006,0.6993,10000.0,1.0,,270347,0,42054026,0,10,88,2500,0,0,0,1,2147483647,2147483647,2147483647,20622,314,2026,65535,4,USD,,,6A,XCME,M6A,FFCXSX,FUT,AUD,,,,F,255,255,255,7,255,4,12,255,255,N,127,127,255,M6AZ6
2026-06-24 00:00:00+00:00,2026-06-21 11:41:42.499000+00:00,19,1,42244728,M6AU6,A,F,0.0001,1.0,2026-09-14 14:16:00+00:00,2026-03-16 21:30:00+00:00,,0.0001,0.006,0.7004,10000.0,1.0,,270347,0,42244728,0,10,88,2500,0,0,0,1,2147483647,2147483647,2147483647,20622,314,2026,65535,4,USD,,,6A,XCME,M6A,FFCXSX,FUT,AUD,,,,F,255,255,255,7,255,4,9,255,255,N,127,127,255,M6AU6
2026-06-24 00:00:00+00:00,2026-06-21 11:41:42.549000+00:00,19,1,42141216,M6AZ6-M6AU6,A,S,0.0001,1.0,2026-09-14 14:16:00+00:00,2026-06-15 21:30:00+00:00,,,0.001,-0.0011,,,,271371,0,42141216,0,10,88,2500,0,0,0,1,2147483647,2147483647,2147483647,20622,314,2026,65535,4,USD,,SD,6A,XCME,M6A,FMCXSX,FUT,AUD,,,,F,255,255,255,3,255,4,9,255,255,N,127,127,255,M6AZ6-M6AU6
2026-06-25 00:00:00+00:00,2026-06-21 11:41:42.199000+00:00,19,1,42054026,M6AZ6,A,F,0.0001,1.0,2026-12-14 15:16:00+00:00,2026-06-15 21:30:00+00:00,,0.0001,0.006,0.6993,10000.0,1.0,,270347,0,42054026,0,10,88,2500,0,0,0,1,2147483647,2147483647,2147483647,20622,314,2026,65535,4,USD,,,6A,XCME,M6A,FFCXSX,FUT,AUD,,,,F,255,255,255,7,255,4,12,255,255,N,127,127,255,M6AZ6
2026-06-25 00:00:00+00:00,2026-06-21 11:41:42.499000+00:00,19,1,42244728,M6AU6,A,F,0.0001,1.0,2026-09-14 14:16:00+00:00,2026-03-16 21:30:00+00:00,,0.0001,0.006,0.7004,10000.0,1.0,,270347,0,42244728,0,10,88,2500,0,0,0,1,2147483647,2147483647,2147483647,20622,314,2026,65535,4,USD,,,6A,XCME,M6A,FFCXSX,FUT,AUD,,,,F,255,255,255,7,255,4,9,255,255,N,127,127,255,M6AU6
2026-06-25 00:00:00+00:00,2026-06-21 11:41:42.549000+00:00,19,1,42141216,M6AZ6-M6AU6,A,S,0.0001,1.0,2026-09-14 14:16:00+00:00,2026-06-15 21:30:00+00:00,,,0.001,-0.0011,,,,271371,0,42141216,0,10,88,2500,0,0,0,1,2147483647,2147483647,2147483647,20622,314,2026,65535,4,USD,,SD,6A,XCME,M6A,FMCXSX,FUT,AUD,,,,F,255,255,255,3,255,4,9,255,255,N,127,127,255,M6AZ6-M6AU6
2026-06-26 00:00:00+00:00,2026-06-21 11:41:42.199000+00:00,19,1,42054026,M6AZ6,A,F,0.0001,1.0,2026-12-14 15:16:00+00:00,2026-06-15 21:30:00+00:00,,0.0001,0.006,0.6993,10000.0,1.0,,270347,0,42054026,0,10,88,2500,0,0,0,1,2147483647,2147483647,2147483647,20622,314,2026,65535,4,USD,,,6A,XCME,M6A,FFCXSX,FUT,AUD,,,,F,255,255,255,7,255,4,12,255,255,N,127,127,255,M6AZ6
2026-06-26 00:00:00+00:00,2026-06-21 11:41:42.499000+00:00,19,1,42244728,M6AU6,A,F,0.0001,1.0,2026-09-14 14:16:00+00:00,2026-03-16 21:30:00+00:00,,0.0001,0.006,0.7004,10000.0,1.0,,270347,0,42244728,0,10,88,2500,0,0,0,1,2147483647,2147483647,2147483647,20622,314,2026,65535,4,USD,,,6A,XCME,M6A,FFCXSX,FUT,AUD,,,,F,255,255,255,7,255,4,9,255,255,N,127,127,255,M6AU6
2026-06-26 00:00:00+00:00,2026-06-21 11:41:42.549000+00:00,19,1,42141216,M6AZ6-M6AU6,A,S,0.0001,1.0,2026-09-14 14:16:00+00:00,2026-06-15 21:30:00+00:00,,,0.001,-0.0011,,,,271371,0,42141216,0,10,88,2500,0,0,0,1,2147483647,2147483647,2147483647,20622,314,2026,65535,4,USD,,SD,6A,XCME,M6A,FMCXSX,FUT,AUD,,,,F,255,255,255,3,255,4,9,255,255,N,127,127,255,M6AZ6-M6AU6
2026-06-28 11:41:41.247198587+00:00,2026-06-28 11:41:41.185000+00:00,19,1,42054026,M6AZ6,A,F,0.0001,1.0,2026-12-14 15:16:00+00:00,2026-06-15 21:30:00+00:00,,0.0001,0.006,0.6874,10000.0,1.0,,270347,0,42054026,0,10,88,2500,0,0,0,1,2147483647,2147483647,2147483647,20630,314,2026,65535,4,USD,,,6A,XCME,M6A,FFCXSX,FUT,AUD,,,,F,255,255,255,7,255,4,12,255,255,N,127,127,255,M6AZ6
2026-06-28 11:41:41.501439465+00:00,2026-06-28 11:41:41.485000+00:00,19,1,42244728,M6AU6,A,F,0.0001,1.0,2026-09-14 14:16:00+00:00,2026-03-16 21:30:00+00:00,,0.0001,0.006,0.6884,10000.0,1.0,,270347,0,42244728,0,10,88,2500,0,0,0,1,2147483647,2147483647,2147483647,20630,314,2026,65535,4,USD,,,6A,XCME,M6A,FFCXSX,FUT,AUD,,,,F,255,255,255,7,255,4,9,255,255,N,127,127,255,M6AU6
2026-06-28 11:41:41.550276945+00:00,2026-06-28 11:41:41.535000+00:00,19,1,42141216,M6AZ6-M6AU6,A,S,0.0001,1.0,2026-09-14 14:16:00+00:00,2026-06-15 21:30:00+00:00,,,0.001,-0.001,,,,271371,0,42141216,0,10,88,2500,0,0,0,1,2147483647,2147483647,2147483647,20630,314,2026,65535,4,USD,,SD,6A,XCME,M6A,FMCXSX,FUT,AUD,,,,F,255,255,255,3,255,4,9,255,255,N,127,127,255,M6AZ6-M6AU6
2026-06-29 00:00:00+00:00,2026-06-28 11:41:41.185000+00:00,19,1,42054026,M6AZ6,A,F,0.0001,1.0,2026-12-14 15:16:00+00:00,2026-06-15 21:30:00+00:00,,0.0001,0.006,0.6874,10000.0,1.0,,270347,0,42054026,0,10,88,2500,0,0,0,1,2147483647,2147483647,2147483647,20630,314,2026,65535,4,USD,,,6A,XCME,M6A,FFCXSX,FUT,AUD,,,,F,255,255,255,7,255,4,12,255,255,N,127,127,255,M6AZ6
2026-06-29 00:00:00+00:00,2026-06-28 11:41:41.485000+00:00,19,1,42244728,M6AU6,A,F,0.0001,1.0,2026-09-14 14:16:00+00:00,2026-03-16 21:30:00+00:00,,0.0001,0.006,0.6884,10000.0,1.0,,270347,0,42244728,0,10,88,2500,0,0,0,1,2147483647,2147483647,2147483647,20630,314,2026,65535,4,USD,,,6A,XCME,M6A,FFCXSX,FUT,AUD,,,,F,255,255,255,7,255,4,9,255,255,N,127,127,255,M6AU6
2026-06-29 00:00:00+00:00,2026-06-28 11:41:41.535000+00:00,19,1,42141216,M6AZ6-M6AU6,A,S,0.0001,1.0,2026-09-14 14:16:00+00:00,2026-06-15 21:30:00+00:00,,,0.001,-0.001,,,,271371,0,42141216,0,10,88,2500,0,0,0,1,2147483647,2147483647,2147483647,20630,314,2026,65535,4,USD,,SD,6A,XCME,M6A,FMCXSX,FUT,AUD,,,,F,255,255,255,3,255,4,9,255,255,N,127,127,255,M6AZ6-M6AU6
2026-06-30 00:00:00+00:00,2026-06-28 11:41:41.185000+00:00,19,1,42054026,M6AZ6,A,F,0.0001,1.0,2026-12-14 15:16:00+00:00,2026-06-15 21:30:00+00:00,,0.0001,0.006,0.6874,10000.0,1.0,,270347,0,42054026,0,10,88,2500,0,0,0,1,2147483647,2147483647,2147483647,20630,314,2026,65535,4,USD,,,6A,XCME,M6A,FFCXSX,FUT,AUD,,,,F,255,255,255,7,255,4,12,255,255,N,127,127,255,M6AZ6
2026-06-30 00:00:00+00:00,2026-06-28 11:41:41.485000+00:00,19,1,42244728,M6AU6,A,F,0.0001,1.0,2026-09-14 14:16:00+00:00,2026-03-16 21:30:00+00:00,,0.0001,0.006,0.6884,10000.0,1.0,,270347,0,42244728,0,10,88,2500,0,0,0,1,2147483647,2147483647,2147483647,20630,314,2026,65535,4,USD,,,6A,XCME,M6A,FFCXSX,FUT,AUD,,,,F,255,255,255,7,255,4,9,255,255,N,127,127,255,M6AU6
2026-06-30 00:00:00+00:00,2026-06-28 11:41:41.535000+00:00,19,1,42141216,M6AZ6-M6AU6,A,S,0.0001,1.0,2026-09-14 14:16:00+00:00,2026-06-15 21:30:00+00:00,,,0.001,-0.001,,,,271371,0,42141216,0,10,88,2500,0,0,0,1,2147483647,2147483647,2147483647,20630,314,2026,65535,4,USD,,SD,6A,XCME,M6A,FMCXSX,FUT,AUD,,,,F,255,255,255,3,255,4,9,255,255,N,127,127,255,M6AZ6-M6AU6
2026-07-01 00:00:00+00:00,2026-06-28 11:41:41.185000+00:00,19,1,42054026,M6AZ6,A,F,0.0001,1.0,2026-12-14 15:16:00+00:00,2026-06-15 21:30:00+00:00,,0.0001,0.006,0.6874,10000.0,1.0,,270347,0,42054026,0,10,88,2500,0,0,0,1,2147483647,2147483647,2147483647,20630,314,2026,65535,4,USD,,,6A,XCME,M6A,FFCXSX,FUT,AUD,,,,F,255,255,255,7,255,4,12,255,255,N,127,127,255,M6AZ6
2026-07-01 00:00:00+00:00,2026-06-28 11:41:41.485000+00:00,19,1,42244728,M6AU6,A,F,0.0001,1.0,2026-09-14 14:16:00+00:00,2026-03-16 21:30:00+00:00,,0.0001,0.006,0.6884,10000.0,1.0,,270347,0,42244728,0,10,88,2500,0,0,0,1,2147483647,2147483647,2147483647,20630,314,2026,65535,4,USD,,,6A,XCME,M6A,FFCXSX,FUT,AUD,,,,F,255,255,255,7,255,4,9,255,255,N,127,127,255,M6AU6
2026-07-01 00:00:00+00:00,2026-06-28 11:41:41.535000+00:00,19,1,42141216,M6AZ6-M6AU6,A,S,0.0001,1.0,2026-09-14 14:16:00+00:00,2026-06-15 21:30:00+00:00,,,0.001,-0.001,,,,271371,0,42141216,0,10,88,2500,0,0,0,1,2147483647,2147483647,2147483647,20630,314,2026,65535,4,USD,,SD,6A,XCME,M6A,FMCXSX,FUT,AUD,,,,F,255,255,255,3,255,4,9,255,255,N,127,127,255,M6AZ6-M6AU6
2026-07-02 00:00:00+00:00,2026-06-28 11:41:41.185000+00:00,19,1,42054026,M6AZ6,A,F,0.0001,1.0,2026-12-14 15:16:00+00:00,2026-06-15 21:30:00+00:00,,0.0001,0.006,0.6874,10000.0,1.0,,270347,0,42054026,0,10,88,2500,0,0,0,1,2147483647,2147483647,2147483647,20630,314,2026,65535,4,USD,,,6A,XCME,M6A,FFCXSX,FUT,AUD,,,,F,255,255,255,7,255,4,12,255,255,N,127,127,255,M6AZ6
2026-07-02 00:00:00+00:00,2026-06-28 11:41:41.485000+00:00,19,1,42244728,M6AU6,A,F,0.0001,1.0,2026-09-14 14:16:00+00:00,2026-03-16 21:30:00+00:00,,0.0001,0.006,0.6884,10000.0,1.0,,270347,0,42244728,0,10,88,2500,0,0,0,1,2147483647,2147483647,2147483647,20630,314,2026,65535,4,USD,,,6A,XCME,M6A,FFCXSX,FUT,AUD,,,,F,255,255,255,7,255,4,9,255,255,N,127,127,255,M6AU6
2026-07-02 00:00:00+00:00,2026-06-28 11:41:41.535000+00:00,19,1,42141216,M6AZ6-M6AU6,A,S,0.0001,1.0,2026-09-14 14:16:00+00:00,2026-06-15 21:30:00+00:00,,,0.001,-0.001,,,,271371,0,42141216,0,10,88,2500,0,0,0,1,2147483647,2147483647,2147483647,20630,314,2026,65535,4,USD,,SD,6A,XCME,M6A,FMCXSX,FUT,AUD,,,,F,255,255,255,3,255,4,9,255,255,N,127,127,255,M6AZ6-M6AU6
2026-07-03 00:00:00+00:00,2026-06-28 11:41:41.185000+00:00,19,1,42054026,M6AZ6,A,F,0.0001,1.0,2026-12-14 15:16:00+00:00,2026-06-15 21:30:00+00:00,,0.0001,0.006,0.6874,10000.0,1.0,,270347,0,42054026,0,10,88,2500,0,0,0,1,2147483647,2147483647,2147483647,20630,314,2026,65535,4,USD,,,6A,XCME,M6A,FFCXSX,FUT,AUD,,,,F,255,255,255,7,255,4,12,255,255,N,127,127,255,M6AZ6
2026-07-03 00:00:00+00:00,2026-06-28 11:41:41.485000+00:00,19,1,42244728,M6AU6,A,F,0.0001,1.0,2026-09-14 14:16:00+00:00,2026-03-16 21:30:00+00:00,,0.0001,0.006,0.6884,10000.0,1.0,,270347,0,42244728,0,10,88,2500,0,0,0,1,2147483647,2147483647,2147483647,20630,314,2026,65535,4,USD,,,6A,XCME,M6A,FFCXSX,FUT,AUD,,,,F,255,255,255,7,255,4,9,255,255,N,127,127,255,M6AU6
2026-07-03 00:00:00+00:00,2026-06-28 11:41:41.535000+00:00,19,1,42141216,M6AZ6-M6AU6,A,S,0.0001,1.0,2026-09-14 14:16:00+00:00,2026-06-15 21:30:00+00:00,,,0.001,-0.001,,,,271371,0,42141216,0,10,88,2500,0,0,0,1,2147483647,2147483647,2147483647,20630,314,2026,65535,4,USD,,SD,6A,XCME,M6A,FMCXSX,FUT,AUD,,,,F,255,255,255,3,255,4,9,255,255,N,127,127,255,M6AZ6-M6AU6
2026-07-05 11:40:41.796236664+00:00,2026-07-05 11:40:41.713000+00:00,19,1,42054026,M6AZ6,A,F,0.0001,1.0,2026-12-14 15:16:00+00:00,2026-06-15 21:30:00+00:00,,0.0001,0.006,0.69,10000.0,1.0,,270347,0,42054026,0,10,88,2500,0,0,0,1,2147483647,2147483647,2147483647,20636,314,2026,65535,4,USD,,,6A,XCME,M6A,FFCXSX,FUT,AUD,,,,F,255,255,255,7,255,4,12,255,255,N,127,127,255,M6AZ6
2026-07-05 11:40:42.034570564+00:00,2026-07-05 11:40:42.013000+00:00,19,1,42244728,M6AU6,A,F,0.0001,1.0,2026-09-14 14:16:00+00:00,2026-03-16 21:30:00+00:00,,0.0001,0.006,0.6911,10000.0,1.0,,270347,0,42244728,0,10,88,2500,0,0,0,1,2147483647,2147483647,2147483647,20636,314,2026,65535,4,USD,,,6A,XCME,M6A,FFCXSX,FUT,AUD,,,,F,255,255,255,7,255,4,9,255,255,N,127,127,255,M6AU6
2026-07-05 11:40:42.079668902+00:00,2026-07-05 11:40:42.063000+00:00,19,1,42141216,M6AZ6-M6AU6,A,S,0.0001,1.0,2026-09-14 14:16:00+00:00,2026-06-15 21:30:00+00:00,,,0.001,-0.0011,,,,271371,0,42141216,0,10,88,2500,0,0,0,1,2147483647,2147483647,2147483647,20636,314,2026,65535,4,USD,,SD,6A,XCME,M6A,FMCXSX,FUT,AUD,,,,F,255,255,255,3,255,4,9,255,255,N,127,127,255,M6AZ6-M6AU6
2026-07-06 00:00:00+00:00,2026-07-05 11:40:41.713000+00:00,19,1,42054026,M6AZ6,A,F,0.0001,1.0,2026-12-14 15:16:00+00:00,2026-06-15 21:30:00+00:00,,0.0001,0.006,0.69,10000.0,1.0,,270347,0,42054026,0,10,88,2500,0,0,0,1,2147483647,2147483647,2147483647,20636,314,2026,65535,4,USD,,,6A,XCME,M6A,FFCXSX,FUT,AUD,,,,F,255,255,255,7,255,4,12,255,255,N,127,127,255,M6AZ6
2026-07-06 00:00:00+00:00,2026-07-05 11:40:42.013000+00:00,19,1,42244728,M6AU6,A,F,0.0001,1.0,2026-09-14 14:16:00+00:00,2026-03-16 21:30:00+00:00,,0.0001,0.006,0.6911,10000.0,1.0,,270347,0,42244728,0,10,88,2500,0,0,0,1,2147483647,2147483647,2147483647,20636,314,2026,65535,4,USD,,,6A,XCME,M6A,FFCXSX,FUT,AUD,,,,F,255,255,255,7,255,4,9,255,255,N,127,127,255,M6AU6
2026-07-06 00:00:00+00:00,2026-07-05 11:40:42.063000+00:00,19,1,42141216,M6AZ6-M6AU6,A,S,0.0001,1.0,2026-09-14 14:16:00+00:00,2026-06-15 21:30:00+00:00,,,0.001,-0.0011,,,,271371,0,42141216,0,10,88,2500,0,0,0,1,2147483647,2147483647,2147483647,20636,314,2026,65535,4,USD,,SD,6A,XCME,M6A,FMCXSX,FUT,AUD,,,,F,255,255,255,3,255,4,9,255,255,N,127,127,255,M6AZ6-M6AU6
2026-07-07 00:00:00+00:00,2026-07-05 11:40:41.713000+00:00,19,1,42054026,M6AZ6,A,F,0.0001,1.0,2026-12-14 15:16:00+00:00,2026-06-15 21:30:00+00:00,,0.0001,0.006,0.69,10000.0,1.0,,270347,0,42054026,0,10,88,2500,0,0,0,1,2147483647,2147483647,2147483647,20636,314,2026,65535,4,USD,,,6A,XCME,M6A,FFCXSX,FUT,AUD,,,,F,255,255,255,7,255,4,12,255,255,N,127,127,255,M6AZ6
2026-07-07 00:00:00+00:00,2026-07-05 11:40:42.013000+00:00,19,1,42244728,M6AU6,A,F,0.0001,1.0,2026-09-14 14:16:00+00:00,2026-03-16 21:30:00+00:00,,0.0001,0.006,0.6911,10000.0,1.0,,270347,0,42244728,0,10,88,2500,0,0,0,1,2147483647,2147483647,2147483647,20636,314,2026,65535,4,USD,,,6A,XCME,M6A,FFCXSX,FUT,AUD,,,,F,255,255,255,7,255,4,9,255,255,N,127,127,255,M6AU6
2026-07-07 00:00:00+00:00,2026-07-05 11:40:42.063000+00:00,19,1,42141216,M6AZ6-M6AU6,A,S,0.0001,1.0,2026-09-14 14:16:00+00:00,2026-06-15 21:30:00+00:00,,,0.001,-0.0011,,,,271371,0,42141216,0,10,88,2500,0,0,0,1,2147483647,2147483647,2147483647,20636,314,2026,65535,4,USD,,SD,6A,XCME,M6A,FMCXSX,FUT,AUD,,,,F,255,255,255,3,255,4,9,255,255,N,127,127,255,M6AZ6-M6AU6
2026-07-08 00:00:00+00:00,2026-07-05 11:40:41.713000+00:00,19,1,42054026,M6AZ6,A,F,0.0001,1.0,2026-12-14 15:16:00+00:00,2026-06-15 21:30:00+00:00,,0.0001,0.006,0.69,10000.0,1.0,,270347,0,42054026,0,10,88,2500,0,0,0,1,2147483647,2147483647,2147483647,20636,314,2026,65535,4,USD,,,6A,XCME,M6A,FFCXSX,FUT,AUD,,,,F,255,255,255,7,255,4,12,255,255,N,127,127,255,M6AZ6
2026-07-08 00:00:00+00:00,2026-07-05 11:40:42.013000+00:00,19,1,42244728,M6AU6,A,F,0.0001,1.0,2026-09-14 14:16:00+00:00,2026-03-16 21:30:00+00:00,,0.0001,0.006,0.6911,10000.0,1.0,,270347,0,42244728,0,10,88,2500,0,0,0,1,2147483647,2147483647,2147483647,20636,314,2026,65535,4,USD,,,6A,XCME,M6A,FFCXSX,FUT,AUD,,,,F,255,255,255,7,255,4,9,255,255,N,127,127,255,M6AU6
2026-07-08 00:00:00+00:00,2026-07-05 11:40:42.063000+00:00,19,1,42141216,M6AZ6-M6AU6,A,S,0.0001,1.0,2026-09-14 14:16:00+00:00,2026-06-15 21:30:00+00:00,,,0.001,-0.0011,,,,271371,0,42141216,0,10,88,2500,0,0,0,1,2147483647,2147483647,2147483647,20636,314,2026,65535,4,USD,,SD,6A,XCME,M6A,FMCXSX,FUT,AUD,,,,F,255,255,255,3,255,4,9,255,255,N,127,127,255,M6AZ6-M6AU6
2026-07-09 00:00:00+00:00,2026-07-05 11:40:41.713000+00:00,19,1,42054026,M6AZ6,A,F,0.0001,1.0,2026-12-14 15:16:00+00:00,2026-06-15 21:30:00+00:00,,0.0001,0.006,0.69,10000.0,1.0,,270347,0,42054026,0,10,88,2500,0,0,0,1,2147483647,2147483647,2147483647,20636,314,2026,65535,4,USD,,,6A,XCME,M6A,FFCXSX,FUT,AUD,,,,F,255,255,255,7,255,4,12,255,255,N,127,127,255,M6AZ6
2026-07-09 00:00:00+00:00,2026-07-05 11:40:42.013000+00:00,19,1,42244728,M6AU6,A,F,0.0001,1.0,2026-09-14 14:16:00+00:00,2026-03-16 21:30:00+00:00,,0.0001,0.006,0.6911,10000.0,1.0,,270347,0,42244728,0,10,88,2500,0,0,0,1,2147483647,2147483647,2147483647,20636,314,2026,65535,4,USD,,,6A,XCME,M6A,FFCXSX,FUT,AUD,,,,F,255,255,255,7,255,4,9,255,255,N,127,127,255,M6AU6
2026-07-09 00:00:00+00:00,2026-07-05 11:40:42.063000+00:00,19,1,42141216,M6AZ6-M6AU6,A,S,0.0001,1.0,2026-09-14 14:16:00+00:00,2026-06-15 21:30:00+00:00,,,0.001,-0.0011,,,,271371,0,42141216,0,10,88,2500,0,0,0,1,2147483647,2147483647,2147483647,20636,314,2026,65535,4,USD,,SD,6A,XCME,M6A,FMCXSX,FUT,AUD,,,,F,255,255,255,3,255,4,9,255,255,N,127,127,255,M6AZ6-M6AU6
2026-07-10 00:00:00+00:00,2026-07-05 11:40:41.713000+00:00,19,1,42054026,M6AZ6,A,F,0.0001,1.0,2026-12-14 15:16:00+00:00,2026-06-15 21:30:00+00:00,,0.0001,0.006,0.69,10000.0,1.0,,270347,0,42054026,0,10,88,2500,0,0,0,1,2147483647,2147483647,2147483647,20636,314,2026,65535,4,USD,,,6A,XCME,M6A,FFCXSX,FUT,AUD,,,,F,255,255,255,7,255,4,12,255,255,N,127,127,255,M6AZ6
2026-07-10 00:00:00+00:00,2026-07-05 11:40:42.013000+00:00,19,1,42244728,M6AU6,A,F,0.0001,1.0,2026-09-14 14:16:00+00:00,2026-03-16 21:30:00+00:00,,0.0001,0.006,0.6911,10000.0,1.0,,270347,0,42244728,0,10,88,2500,0,0,0,1,2147483647,2147483647,2147483647,20636,314,2026,65535,4,USD,,,6A,XCME,M6A,FFCXSX,FUT,AUD,,,,F,255,255,255,7,255,4,9,255,255,N,127,127,255,M6AU6
2026-07-10 00:00:00+00:00,2026-07-05 11:40:42.063000+00:00,19,1,42141216,M6AZ6-M6AU6,A,S,0.0001,1.0,2026-09-14 14:16:00+00:00,2026-06-15 21:30:00+00:00,,,0.001,-0.0011,,,,271371,0,42141216,0,10,88,2500,0,0,0,1,2147483647,2147483647,2147483647,20636,314,2026,65535,4,USD,,SD,6A,XCME,M6A,FMCXSX,FUT,AUD,,,,F,255,255,255,3,255,4,9,255,255,N,127,127,255,M6AZ6-M6AU6
2026-07-12 12:12:32.218424032+00:00,2026-07-12 12:12:32.137000+00:00,19,1,42054026,M6AZ6,A,F,0.0001,1.0,2026-12-14 15:16:00+00:00,2026-06-15 21:30:00+00:00,,0.0001,0.006,0.6935,10000.0,1.0,,270347,0,42054026,0,10,88,2500,0,0,0,1,2147483647,2147483647,2147483647,20644,314,2026,65535,4,USD,,,6A,XCME,M6A,FFCXSX,FUT,AUD,,,,F,255,255,255,7,255,4,12,255,255,N,127,127,255,M6AZ6
2026-07-12 12:12:32.458103687+00:00,2026-07-12 12:12:32.437000+00:00,19,1,42244728,M6AU6,A,F,0.0001,1.0,2026-09-14 14:16:00+00:00,2026-03-16 21:30:00+00:00,,0.0001,0.006,0.6945,10000.0,1.0,,270347,0,42244728,0,10,88,2500,0,0,0,1,2147483647,2147483647,2147483647,20644,314,2026,65535,4,USD,,,6A,XCME,M6A,FFCXSX,FUT,AUD,,,,F,255,255,255,7,255,4,9,255,255,N,127,127,255,M6AU6
2026-07-12 12:12:32.504294833+00:00,2026-07-12 12:12:32.487000+00:00,19,1,42141216,M6AZ6-M6AU6,A,S,0.0001,1.0,2026-09-14 14:16:00+00:00,2026-06-15 21:30:00+00:00,,,0.001,-0.001,,,,271371,0,42141216,0,10,88,2500,0,0,0,1,2147483647,2147483647,2147483647,20644,314,2026,65535,4,USD,,SD,6A,XCME,M6A,FMCXSX,FUT,AUD,,,,F,255,255,255,3,255,4,9,255,255,N,127,127,255,M6AZ6-M6AU6
2026-07-13 00:00:00+00:00,2026-07-12 12:12:32.137000+00:00,19,1,42054026,M6AZ6,A,F,0.0001,1.0,2026-12-14 15:16:00+00:00,2026-06-15 21:30:00+00:00,,0.0001,0.006,0.6935,10000.0,1.0,,270347,0,42054026,0,10,88,2500,0,0,0,1,2147483647,2147483647,2147483647,20644,314,2026,65535,4,USD,,,6A,XCME,M6A,FFCXSX,FUT,AUD,,,,F,255,255,255,7,255,4,12,255,255,N,127,127,255,M6AZ6
2026-07-13 00:00:00+00:00,2026-07-12 12:12:32.437000+00:00,19,1,42244728,M6AU6,A,F,0.0001,1.0,2026-09-14 14:16:00+00:00,2026-03-16 21:30:00+00:00,,0.0001,0.006,0.6945,10000.0,1.0,,270347,0,42244728,0,10,88,2500,0,0,0,1,2147483647,2147483647,2147483647,20644,314,2026,65535,4,USD,,,6A,XCME,M6A,FFCXSX,FUT,AUD,,,,F,255,255,255,7,255,4,9,255,255,N,127,127,255,M6AU6
2026-07-13 00:00:00+00:00,2026-07-12 12:12:32.487000+00:00,19,1,42141216,M6AZ6-M6AU6,A,S,0.0001,1.0,2026-09-14 14:16:00+00:00,2026-06-15 21:30:00+00:00,,,0.001,-0.001,,,,271371,0,42141216,0,10,88,2500,0,0,0,1,2147483647,2147483647,2147483647,20644,314,2026,65535,4,USD,,SD,6A,XCME,M6A,FMCXSX,FUT,AUD,,,,F,255,255,255,3,255,4,9,255,255,N,127,127,255,M6AZ6-M6AU6
2026-07-14 00:00:00+00:00,2026-07-12 12:12:32.137000+00:00,19,1,42054026,M6AZ6,A,F,0.0001,1.0,2026-12-14 15:16:00+00:00,2026-06-15 21:30:00+00:00,,0.0001,0.006,0.6935,10000.0,1.0,,270347,0,42054026,0,10,88,2500,0,0,0,1,2147483647,2147483647,2147483647,20644,314,2026,65535,4,USD,,,6A,XCME,M6A,FFCXSX,FUT,AUD,,,,F,255,255,255,7,255,4,12,255,255,N,127,127,255,M6AZ6
2026-07-14 00:00:00+00:00,2026-07-12 12:12:32.437000+00:00,19,1,42244728,M6AU6,A,F,0.0001,1.0,2026-09-14 14:16:00+00:00,2026-03-16 21:30:00+00:00,,0.0001,0.006,0.6945,10000.0,1.0,,270347,0,42244728,0,10,88,2500,0,0,0,1,2147483647,2147483647,2147483647,20644,314,2026,65535,4,USD,,,6A,XCME,M6A,FFCXSX,FUT,AUD,,,,F,255,255,255,7,255,4,9,255,255,N,127,127,255,M6AU6
2026-07-14 00:00:00+00:00,2026-07-12 12:12:32.487000+00:00,19,1,42141216,M6AZ6-M6AU6,A,S,0.0001,1.0,2026-09-14 14:16:00+00:00,2026-06-15 21:30:00+00:00,,,0.001,-0.001,,,,271371,0,42141216,0,10,88,2500,0,0,0,1,2147483647,2147483647,2147483647,20644,314,2026,65535,4,USD,,SD,6A,XCME,M6A,FMCXSX,FUT,AUD,,,,F,255,255,255,3,255,4,9,255,255,N,127,127,255,M6AZ6-M6AU6
2026-07-15 00:00:00+00:00,2026-07-12 12:12:32.137000+00:00,19,1,42054026,M6AZ6,A,F,0.0001,1.0,2026-12-14 15:16:00+00:00,2026-06-15 21:30:00+00:00,,0.0001,0.006,0.6935,10000.0,1.0,,270347,0,42054026,0,10,88,2500,0,0,0,1,2147483647,2147483647,2147483647,20644,314,2026,65535,4,USD,,,6A,XCME,M6A,FFCXSX,FUT,AUD,,,,F,255,255,255,7,255,4,12,255,255,N,127,127,255,M6AZ6
2026-07-15 00:00:00+00:00,2026-07-12 12:12:32.437000+00:00,19,1,42244728,M6AU6,A,F,0.0001,1.0,2026-09-14 14:16:00+00:00,2026-03-16 21:30:00+00:00,,0.0001,0.006,0.6945,10000.0,1.0,,270347,0,42244728,0,10,88,2500,0,0,0,1,2147483647,2147483647,2147483647,20644,314,2026,65535,4,USD,,,6A,XCME,M6A,FFCXSX,FUT,AUD,,,,F,255,255,255,7,255,4,9,255,255,N,127,127,255,M6AU6
2026-07-15 00:00:00+00:00,2026-07-12 12:12:32.487000+00:00,19,1,42141216,M6AZ6-M6AU6,A,S,0.0001,1.0,2026-09-14 14:16:00+00:00,2026-06-15 21:30:00+00:00,,,0.001,-0.001,,,,271371,0,42141216,0,10,88,2500,0,0,0,1,2147483647,2147483647,2147483647,20644,314,2026,65535,4,USD,,SD,6A,XCME,M6A,FMCXSX,FUT,AUD,,,,F,255,255,255,3,255,4,9,255,255,N,127,127,255,M6AZ6-M6AU6
2026-07-16 00:00:00+00:00,2026-07-12 12:12:32.137000+00:00,19,1,42054026,M6AZ6,A,F,0.0001,1.0,2026-12-14 15:16:00+00:00,2026-06-15 21:30:00+00:00,,0.0001,0.006,0.6935,10000.0,1.0,,270347,0,42054026,0,10,88,2500,0,0,0,1,2147483647,2147483647,2147483647,20644,314,2026,65535,4,USD,,,6A,XCME,M6A,FFCXSX,FUT,AUD,,,,F,255,255,255,7,255,4,12,255,255,N,127,127,255,M6AZ6
2026-07-16 00:00:00+00:00,2026-07-12 12:12:32.437000+00:00,19,1,42244728,M6AU6,A,F,0.0001,1.0,2026-09-14 14:16:00+00:00,2026-03-16 21:30:00+00:00,,0.0001,0.006,0.6945,10000.0,1.0,,270347,0,42244728,0,10,88,2500,0,0,0,1,2147483647,2147483647,2147483647,20644,314,2026,65535,4,USD,,,6A,XCME,M6A,FFCXSX,FUT,AUD,,,,F,255,255,255,7,255,4,9,255,255,N,127,127,255,M6AU6
2026-07-16 00:00:00+00:00,2026-07-12 12:12:32.487000+00:00,19,1,42141216,M6AZ6-M6AU6,A,S,0.0001,1.0,2026-09-14 14:16:00+00:00,2026-06-15 21:30:00+00:00,,,0.001,-0.001,,,,271371,0,42141216,0,10,88,2500,0,0,0,1,2147483647,2147483647,2147483647,20644,314,2026,65535,4,USD,,SD,6A,XCME,M6A,FMCXSX,FUT,AUD,,,,F,255,255,255,3,255,4,9,255,255,N,127,127,255,M6AZ6-M6AU6
2026-07-17 00:00:00+00:00,2026-07-12 12:12:32.137000+00:00,19,1,42054026,M6AZ6,A,F,0.0001,1.0,2026-12-14 15:16:00+00:00,2026-06-15 21:30:00+00:00,,0.0001,0.006,0.6935,10000.0,1.0,,270347,0,42054026,0,10,88,2500,0,0,0,1,2147483647,2147483647,2147483647,20644,314,2026,65535,4,USD,,,6A,XCME,M6A,FFCXSX,FUT,AUD,,,,F,255,255,255,7,255,4,12,255,255,N,127,127,255,M6AZ6
2026-07-17 00:00:00+00:00,2026-07-12 12:12:32.437000+00:00,19,1,42244728,M6AU6,A,F,0.0001,1.0,2026-09-14 14:16:00+00:00,2026-03-16 21:30:00+00:00,,0.0001,0.006,0.6945,10000.0,1.0,,270347,0,42244728,0,10,88,2500,0,0,0,1,2147483647,2147483647,2147483647,20644,314,2026,65535,4,USD,,,6A,XCME,M6A,FFCXSX,FUT,AUD,,,,F,255,255,255,7,255,4,9,255,255,N,127,127,255,M6AU6
2026-07-17 00:00:00+00:00,2026-07-12 12:12:32.487000+00:00,19,1,42141216,M6AZ6-M6AU6,A,S,0.0001,1.0,2026-09-14 14:16:00+00:00,2026-06-15 21:30:00+00:00,,,0.001,-0.001,,,,271371,0,42141216,0,10,88,2500,0,0,0,1,2147483647,2147483647,2147483647,20644,314,2026,65535,4,USD,,SD,6A,XCME,M6A,FMCXSX,FUT,AUD,,,,F,255,255,255,3,255,4,9,255,255,N,127,127,255,M6AZ6-M6AU6
2026-07-19 11:42:44.294352385+00:00,2026-07-19 11:42:44.211000+00:00,19,1,42054026,M6AZ6,A,F,0.0001,1.0,2026-12-14 15:16:00+00:00,2026-06-15 21:30:00+00:00,,0.0001,0.006,0.6965,10000.0,1.0,,270347,0,42054026,0,10,88,2500,0,0,0,1,2147483647,2147483647,2147483647,20651,314,2026,65535,4,USD,,,6A,XCME,M6A,FFCXSX,FUT,AUD,,,,F,255,255,255,7,255,4,12,255,255,N,127,127,255,M6AZ6
2026-07-19 11:42:44.532123046+00:00,2026-07-19 11:42:44.511000+00:00,19,1,42244728,M6AU6,A,F,0.0001,1.0,2026-09-14 14:16:00+00:00,2026-03-16 21:30:00+00:00,,0.0001,0.006,0.6976,10000.0,1.0,,270347,0,42244728,0,10,88,2500,0,0,0,1,2147483647,2147483647,2147483647,20651,314,2026,65535,4,USD,,,6A,XCME,M6A,FFCXSX,FUT,AUD,,,,F,255,255,255,7,255,4,9,255,255,N,127,127,255,M6AU6
2026-07-19 11:42:44.576194987+00:00,2026-07-19 11:42:44.561000+00:00,19,1,42141216,M6AZ6-M6AU6,A,S,0.0001,1.0,2026-09-14 14:16:00+00:00,2026-06-15 21:30:00+00:00,,,0.001,-0.0011,,,,271371,0,42141216,0,10,88,2500,0,0,0,1,2147483647,2147483647,2147483647,20651,314,2026,65535,4,USD,,SD,6A,XCME,M6A,FMCXSX,FUT,AUD,,,,F,255,255,255,3,255,4,9,255,255,N,127,127,255,M6AZ6-M6AU6
2026-07-20 00:00:00+00:00,2026-07-19 11:42:44.211000+00:00,19,1,42054026,M6AZ6,A,F,0.0001,1.0,2026-12-14 15:16:00+00:00,2026-06-15 21:30:00+00:00,,0.0001,0.006,0.6965,10000.0,1.0,,270347,0,42054026,0,10,88,2500,0,0,0,1,2147483647,2147483647,2147483647,20651,314,2026,65535,4,USD,,,6A,XCME,M6A,FFCXSX,FUT,AUD,,,,F,255,255,255,7,255,4,12,255,255,N,127,127,255,M6AZ6
2026-07-20 00:00:00+00:00,2026-07-19 11:42:44.511000+00:00,19,1,42244728,M6AU6,A,F,0.0001,1.0,2026-09-14 14:16:00+00:00,2026-03-16 21:30:00+00:00,,0.0001,0.006,0.6976,10000.0,1.0,,270347,0,42244728,0,10,88,2500,0,0,0,1,2147483647,2147483647,2147483647,20651,314,2026,65535,4,USD,,,6A,XCME,M6A,FFCXSX,FUT,AUD,,,,F,255,255,255,7,255,4,9,255,255,N,127,127,255,M6AU6
2026-07-20 00:00:00+00:00,2026-07-19 11:42:44.561000+00:00,19,1,42141216,M6AZ6-M6AU6,A,S,0.0001,1.0,2026-09-14 14:16:00+00:00,2026-06-15 21:30:00+00:00,,,0.001,-0.0011,,,,271371,0,42141216,0,10,88,2500,0,0,0,1,2147483647,2147483647,2147483647,20651,314,2026,65535,4,USD,,SD,6A,XCME,M6A,FMCXSX,FUT,AUD,,,,F,255,255,255,3,255,4,9,255,255,N,127,127,255,M6AZ6-M6AU6
2026-07-21 00:00:00+00:00,2026-07-19 11:42:44.211000+00:00,19,1,42054026,M6AZ6,A,F,0.0001,1.0,2026-12-14 15:16:00+00:00,2026-06-15 21:30:00+00:00,,0.0001,0.006,0.6965,10000.0,1.0,,270347,0,42054026,0,10,88,2500,0,0,0,1,2147483647,2147483647,2147483647,20651,314,2026,65535,4,USD,,,6A,XCME,M6A,FFCXSX,FUT,AUD,,,,F,255,255,255,7,255,4,12,255,255,N,127,127,255,M6AZ6
2026-07-21 00:00:00+00:00,2026-07-19 11:42:44.511000+00:00,19,1,42244728,M6AU6,A,F,0.0001,1.0,2026-09-14 14:16:00+00:00,2026-03-16 21:30:00+00:00,,0.0001,0.006,0.6976,10000.0,1.0,,270347,0,42244728,0,10,88,2500,0,0,0,1,2147483647,2147483647,2147483647,20651,314,2026,65535,4,USD,,,6A,XCME,M6A,FFCXSX,FUT,AUD,,,,F,255,255,255,7,255,4,9,255,255,N,127,127,255,M6AU6
2026-07-21 00:00:00+00:00,2026-07-19 11:42:44.561000+00:00,19,1,42141216,M6AZ6-M6AU6,A,S,0.0001,1.0,2026-09-14 14:16:00+00:00,2026-06-15 21:30:00+00:00,,,0.001,-0.0011,,,,271371,0,42141216,0,10,88,2500,0,0,0,1,2147483647,2147483647,2147483647,20651,314,2026,65535,4,USD,,SD,6A,XCME,M6A,FMCXSX,FUT,AUD,,,,F,255,255,255,3,255,4,9,255,255,N,127,127,255,M6AZ6-M6AU6
2026-07-22 00:00:00+00:00,2026-07-19 11:42:44.211000+00:00,19,1,42054026,M6AZ6,A,F,0.0001,1.0,2026-12-14 15:16:00+00:00,2026-06-15 21:30:00+00:00,,0.0001,0.006,0.6965,10000.0,1.0,,270347,0,42054026,0,10,88,2500,0,0,0,1,2147483647,2147483647,2147483647,20651,314,2026,65535,4,USD,,,6A,XCME,M6A,FFCXSX,FUT,AUD,,,,F,255,255,255,7,255,4,12,255,255,N,127,127,255,M6AZ6
2026-07-22 00:00:00+00:00,2026-07-19 11:42:44.511000+00:00,19,1,42244728,M6AU6,A,F,0.0001,1.0,2026-09-14 14:16:00+00:00,2026-03-16 21:30:00+00:00,,0.0001,0.006,0.6976,10000.0,1.0,,270347,0,42244728,0,10,88,2500,0,0,0,1,2147483647,2147483647,2147483647,20651,314,2026,65535,4,USD,,,6A,XCME,M6A,FFCXSX,FUT,AUD,,,,F,255,255,255,7,255,4,9,255,255,N,127,127,255,M6AU6
2026-07-22 00:00:00+00:00,2026-07-19 11:42:44.561000+00:00,19,1,42141216,M6AZ6-M6AU6,A,S,0.0001,1.0,2026-09-14 14:16:00+00:00,2026-06-15 21:30:00+00:00,,,0.001,-0.0011,,,,271371,0,42141216,0,10,88,2500,0,0,0,1,2147483647,2147483647,2147483647,20651,314,2026,65535,4,USD,,SD,6A,XCME,M6A,FMCXSX,FUT,AUD,,,,F,255,255,255,3,255,4,9,255,255,N,127,127,255,M6AZ6-M6AU6
2026-07-23 00:00:00+00:00,2026-07-19 11:42:44.211000+00:00,19,1,42054026,M6AZ6,A,F,0.0001,1.0,2026-12-14 15:16:00+00:00,2026-06-15 21:30:00+00:00,,0.0001,0.006,0.6965,10000.0,1.0,,270347,0,42054026,0,10,88,2500,0,0,0,1,2147483647,2147483647,2147483647,20651,314,2026,65535,4,USD,,,6A,XCME,M6A,FFCXSX,FUT,AUD,,,,F,255,255,255,7,255,4,12,255,255,N,127,127,255,M6AZ6
2026-07-23 00:00:00+00:00,2026-07-19 11:42:44.511000+00:00,19,1,42244728,M6AU6,A,F,0.0001,1.0,2026-09-14 14:16:00+00:00,2026-03-16 21:30:00+00:00,,0.0001,0.006,0.6976,10000.0,1.0,,270347,0,42244728,0,10,88,2500,0,0,0,1,2147483647,2147483647,2147483647,20651,314,2026,65535,4,USD,,,6A,XCME,M6A,FFCXSX,FUT,AUD,,,,F,255,255,255,7,255,4,9,255,255,N,127,127,255,M6AU6
2026-07-23 00:00:00+00:00,2026-07-19 11:42:44.561000+00:00,19,1,42141216,M6AZ6-M6AU6,A,S,0.0001,1.0,2026-09-14 14:16:00+00:00,2026-06-15 21:30:00+00:00,,,0.001,-0.0011,,,,271371,0,42141216,0,10,88,2500,0,0,0,1,2147483647,2147483647,2147483647,20651,314,2026,65535,4,USD,,SD,6A,XCME,M6A,FMCXSX,FUT,AUD,,,,F,255,255,255,3,255,4,9,255,255,N,127,127,255,M6AZ6-M6AU6
2026-07-24 00:00:00+00:00,2026-07-19 11:42:44.211000+00:00,19,1,42054026,M6AZ6,A,F,0.0001,1.0,2026-12-14 15:16:00+00:00,2026-06-15 21:30:00+00:00,,0.0001,0.006,0.6965,10000.0,1.0,,270347,0,42054026,0,10,88,2500,0,0,0,1,2147483647,2147483647,2147483647,20651,314,2026,65535,4,USD,,,6A,XCME,M6A,FFCXSX,FUT,AUD,,,,F,255,255,255,7,255,4,12,255,255,N,127,127,255,M6AZ6
2026-07-24 00:00:00+00:00,2026-07-19 11:42:44.511000+00:00,19,1,42244728,M6AU6,A,F,0.0001,1.0,2026-09-14 14:16:00+00:00,2026-03-16 21:30:00+00:00,,0.0001,0.006,0.6976,10000.0,1.0,,270347,0,42244728,0,10,88,2500,0,0,0,1,2147483647,2147483647,2147483647,20651,314,2026,65535,4,USD,,,6A,XCME,M6A,FFCXSX,FUT,AUD,,,,F,255,255,255,7,255,4,9,255,255,N,127,127,255,M6AU6
2026-07-24 00:00:00+00:00,2026-07-19 11:42:44.561000+00:00,19,1,42141216,M6AZ6-M6AU6,A,S,0.0001,1.0,2026-09-14 14:16:00+00:00,2026-06-15 21:30:00+00:00,,,0.001,-0.0011,,,,271371,0,42141216,0,10,88,2500,0,0,0,1,2147483647,2147483647,2147483647,20651,314,2026,65535,4,USD,,SD,6A,XCME,M6A,FMCXSX,FUT,AUD,,,,F,255,255,255,3,255,4,9,255,255,N,127,127,255,M6AZ6-M6AU6
2026-07-26 11:59:40.511735961+00:00,2026-07-26 11:59:40.407000+00:00,19,1,42054026,M6AZ6,A,F,0.0001,1.0,2026-12-14 15:16:00+00:00,2026-06-15 21:30:00+00:00,,0.0001,0.006,0.6967,10000.0,1.0,,270347,0,42054026,0,10,88,2500,0,0,0,1,2147483647,2147483647,2147483647,20658,314,2026,65535,4,USD,,,6A,XCME,M6A,FFCXSX,FUT,AUD,,,,F,255,255,255,7,255,4,12,255,255,N,127,127,255,M6AZ6
2026-07-26 11:59:40.727191278+00:00,2026-07-26 11:59:40.707000+00:00,19,1,42244728,M6AU6,A,F,0.0001,1.0,2026-09-14 14:16:00+00:00,2026-03-16 21:30:00+00:00,,0.0001,0.006,0.6977,10000.0,1.0,,270347,0,42244728,0,10,88,2500,0,0,0,1,2147483647,2147483647,2147483647,20658,314,2026,65535,4,USD,,,6A,XCME,M6A,FFCXSX,FUT,AUD,,,,F,255,255,255,7,255,4,9,255,255,N,127,127,255,M6AU6
2026-07-26 11:59:40.772209974+00:00,2026-07-26 11:59:40.757000+00:00,19,1,42141216,M6AZ6-M6AU6,A,S,0.0001,1.0,2026-09-14 14:16:00+00:00,2026-06-15 21:30:00+00:00,,,0.001,-0.001,,,,271371,0,42141216,0,10,88,2500,0,0,0,1,2147483647,2147483647,2147483647,20658,314,2026,65535,4,USD,,SD,6A,XCME,M6A,FMCXSX,FUT,AUD,,,,F,255,255,255,3,255,4,9,255,255,N,127,127,255,M6AZ6-M6AU6
2026-07-27 00:00:00+00:00,2026-07-26 11:59:40.407000+00:00,19,1,42054026,M6AZ6,A,F,0.0001,1.0,2026-12-14 15:16:00+00:00,2026-06-15 21:30:00+00:00,,0.0001,0.006,0.6967,10000.0,1.0,,270347,0,42054026,0,10,88,2500,0,0,0,1,2147483647,2147483647,2147483647,20658,314,2026,65535,4,USD,,,6A,XCME,M6A,FFCXSX,FUT,AUD,,,,F,255,255,255,7,255,4,12,255,255,N,127,127,255,M6AZ6
2026-07-27 00:00:00+00:00,2026-07-26 11:59:40.707000+00:00,19,1,42244728,M6AU6,A,F,0.0001,1.0,2026-09-14 14:16:00+00:00,2026-03-16 21:30:00+00:00,,0.0001,0.006,0.6977,10000.0,1.0,,270347,0,42244728,0,10,88,2500,0,0,0,1,2147483647,2147483647,2147483647,20658,314,2026,65535,4,USD,,,6A,XCME,M6A,FFCXSX,FUT,AUD,,,,F,255,255,255,7,255,4,9,255,255,N,127,127,255,M6AU6
2026-07-27 00:00:00+00:00,2026-07-26 11:59:40.757000+00:00,19,1,42141216,M6AZ6-M6AU6,A,S,0.0001,1.0,2026-09-14 14:16:00+00:00,2026-06-15 21:30:00+00:00,,,0.001,-0.001,,,,271371,0,42141216,0,10,88,2500,0,0,0,1,2147483647,2147483647,2147483647,20658,314,2026,65535,4,USD,,SD,6A,XCME,M6A,FMCXSX,FUT,AUD,,,,F,255,255,255,3,255,4,9,255,255,N,127,127,255,M6AZ6-M6AU6
2026-07-28 00:00:00+00:00,2026-07-26 11:59:40.407000+00:00,19,1,42054026,M6AZ6,A,F,0.0001,1.0,2026-12-14 15:16:00+00:00,2026-06-15 21:30:00+00:00,,0.0001,0.006,0.6967,10000.0,1.0,,270347,0,42054026,0,10,88,2500,0,0,0,1,2147483647,2147483647,2147483647,20658,314,2026,65535,4,USD,,,6A,XCME,M6A,FFCXSX,FUT,AUD,,,,F,255,255,255,7,255,4,12,255,255,N,127,127,255,M6AZ6
2026-07-28 00:00:00+00:00,2026-07-26 11:59:40.707000+00:00,19,1,42244728,M6AU6,A,F,0.0001,1.0,2026-09-14 14:16:00+00:00,2026-03-16 21:30:00+00:00,,0.0001,0.006,0.6977,10000.0,1.0,,270347,0,42244728,0,10,88,2500,0,0,0,1,2147483647,2147483647,2147483647,20658,314,2026,65535,4,USD,,,6A,XCME,M6A,FFCXSX,FUT,AUD,,,,F,255,255,255,7,255,4,9,255,255,N,127,127,255,M6AU6
2026-07-28 00:00:00+00:00,2026-07-26 11:59:40.757000+00:00,19,1,42141216,M6AZ6-M6AU6,A,S,0.0001,1.0,2026-09-14 14:16:00+00:00,2026-06-15 21:30:00+00:00,,,0.001,-0.001,,,,271371,0,42141216,0,10,88,2500,0,0,0,1,2147483647,2147483647,2147483647,20658,314,2026,65535,4,USD,,SD,6A,XCME,M6A,FMCXSX,FUT,AUD,,,,F,255,255,255,3,255,4,9,255,255,N,127,127,255,M6AZ6-M6AU6
2026-07-29 00:00:00+00:00,2026-07-26 11:59:40.407000+00:00,19,1,42054026,M6AZ6,A,F,0.0001,1.0,2026-12-14 15:16:00+00:00,2026-06-15 21:30:00+00:00,,0.0001,0.006,0.6967,10000.0,1.0,,270347,0,42054026,0,10,88,2500,0,0,0,1,2147483647,2147483647,2147483647,20658,314,2026,65535,4,USD,,,6A,XCME,M6A,FFCXSX,FUT,AUD,,,,F,255,255,255,7,255,4,12,255,255,N,127,127,255,M6AZ6
2026-07-29 00:00:00+00:00,2026-07-26 11:59:40.707000+00:00,19,1,42244728,M6AU6,A,F,0.0001,1.0,2026-09-14 14:16:00+00:00,2026-03-16 21:30:00+00:00,,0.0001,0.006,0.6977,10000.0,1.0,,270347,0,42244728,0,10,88,2500,0,0,0,1,2147483647,2147483647,2147483647,20658,314,2026,65535,4,USD,,,6A,XCME,M6A,FFCXSX,FUT,AUD,,,,F,255,255,255,7,255,4,9,255,255,N,127,127,255,M6AU6
2026-07-29 00:00:00+00:00,2026-07-26 11:59:40.757000+00:00,19,1,42141216,M6AZ6-M6AU6,A,S,0.0001,1.0,2026-09-14 14:16:00+00:00,2026-06-15 21:30:00+00:00,,,0.001,-0.001,,,,271371,0,42141216,0,10,88,2500,0,0,0,1,2147483647,2147483647,2147483647,20658,314,2026,65535,4,USD,,SD,6A,XCME,M6A,FMCXSX,FUT,AUD,,,,F,255,255,255,3,255,4,9,255,255,N,127,127,255,M6AZ6-M6AU6
2026-07-30 00:00:00+00:00,2026-07-26 11:59:40.407000+00:00,19,1,42054026,M6AZ6,A,F,0.0001,1.0,2026-12-14 15:16:00+00:00,2026-06-15 21:30:00+00:00,,0.0001,0.006,0.6967,10000.0,1.0,,270347,0,42054026,0,10,88,2500,0,0,0,1,2147483647,2147483647,2147483647,20658,314,2026,65535,4,USD,,,6A,XCME,M6A,FFCXSX,FUT,AUD,,,,F,255,255,255,7,255,4,12,255,255,N,127,127,255,M6AZ6
2026-07-30 00:00:00+00:00,2026-07-26 11:59:40.707000+00:00,19,1,42244728,M6AU6,A,F,0.0001,1.0,2026-09-14 14:16:00+00:00,2026-03-16 21:30:00+00:00,,0.0001,0.006,0.6977,10000.0,1.0,,270347,0,42244728,0,10,88,2500,0,0,0,1,2147483647,2147483647,2147483647,20658,314,2026,65535,4,USD,,,6A,XCME,M6A,FFCXSX,FUT,AUD,,,,F,255,255,255,7,255,4,9,255,255,N,127,127,255,M6AU6
2026-07-30 00:00:00+00:00,2026-07-26 11:59:40.757000+00:00,19,1,42141216,M6AZ6-M6AU6,A,S,0.0001,1.0,2026-09-14 14:16:00+00:00,2026-06-15 21:30:00+00:00,,,0.001,-0.001,,,,271371,0,42141216,0,10,88,2500,0,0,0,1,2147483647,2147483647,2147483647,20658,314,2026,65535,4,USD,,SD,6A,XCME,M6A,FMCXSX,FUT,AUD,,,,F,255,255,255,3,255,4,9,255,255,N,127,127,255,M6AZ6-M6AU6
2026-07-31 00:00:00+00:00,2026-07-26 11:59:40.707000+00:00,19,1,42244728,M6AU6,A,F,0.0001,1.0,2026-09-14 14:16:00+00:00,2026-03-16 21:30:00+00:00,,0.0001,0.006,0.6977,10000.0,1.0,,270347,0,42244728,0,10,88,2500,0,0,0,1,2147483647,2147483647,2147483647,20658,314,2026,65535,4,USD,,,6A,XCME,M6A,FFCXSX,FUT,AUD,,,,F,255,255,255,7,255,4,9,255,255,N,127,127,255,M6AU6
2026-07-31 00:00:00+00:00,2026-07-26 11:59:40.407000+00:00,19,1,42054026,M6AZ6,A,F,0.0001,1.0,2026-12-14 15:16:00+00:00,2026-06-15 21:30:00+00:00,,0.0001,0.006,0.6967,10000.0,1.0,,270347,0,42054026,0,10,88,2500,0,0,0,1,2147483647,2147483647,2147483647,20658,314,2026,65535,4,USD,,,6A,XCME,M6A,FFCXSX,FUT,AUD,,,,F,255,255,255,7,255,4,12,255,255,N,127,127,255,M6AZ6
2026-07-31 00:00:00+00:00,2026-07-26 11:59:40.757000+00:00,19,1,42141216,M6AZ6-M6AU6,A,S,0.0001,1.0,2026-09-14 14:16:00+00:00,2026-06-15 21:30:00+00:00,,,0.001,-0.001,,,,271371,0,42141216,0,10,88,2500,0,0,0,1,2147483647,2147483647,2147483647,20658,314,2026,65535,4,USD,,SD,6A,XCME,M6A,FMCXSX,FUT,AUD,,,,F,255,255,255,3,255,4,9,255,255,N,127,127,255,M6AZ6-M6AU6
